date,open,high,low,close,volume
2015-01-02,27.33,27.5795,27.035,27.245,3612048
2015-01-05,27.155,27.18,26.745,26.76,5594610
2015-01-06,26.72,26.72,26.03745,26.13,12135734
2015-01-07,26.255,26.575,26.1875,26.47,8044578
2015-01-08,26.805,27.21,26.69,27.13,6162054
2015-01-09,27.2,27.235,26.735,27.05,3346632
2015-01-12,27.01,27.06,26.54,26.705,6240846
2015-01-13,26.755,27.245,26.415,26.555,7038822
2015-01-14,26.35,26.665,26.19055,26.455,7464250
2015-01-15,26.8,27.015,26.53,26.6,7772886
2015-01-16,26.435,26.85,26.275,26.815,7306080
2015-01-20,26.895,27.16,26.745,27.08,5092088
2015-01-21,27.045,27.49495,26.96,27.43,5385060
2015-01-22,27.39,27.675,26.965,27.675,6108008
2015-01-23,27.565,27.7675,27.495,27.555,3742900
2015-01-26,27.51,27.595,27.28925,27.56,3602322
2015-01-27,27.17,27.27,26.815,27.01,10021880
2015-01-28,27.35,27.47,26.775,26.78,7021098
2015-01-29,26.86,27.06,26.45,26.93,6044558
2015-01-30,26.73,26.935,26.325,26.365,7182540
2015-02-02,26.37,26.49,25.92,26.415,13757366
2015-02-03,26.62,26.825,26.445,26.79,6067630
2015-02-04,26.78,27.16,26.78,26.98,7655776
2015-02-05,27.155,27.25,26.925,27.25,5047232
2015-02-06,27.25,27.42,26.9,26.96,5105770
2015-02-09,26.865,26.865,26.465,26.605,5815310
2015-02-10,27.08,27.4875,26.915,27.48,7357612
2015-02-11,27.495,27.72665,27.4,27.64,5740410
2015-02-12,27.75,28.03,27.74,28.03,5937394
2015-02-13,28.065,28.25,27.93,28.195,5912286
2015-02-17,28.145,28.325,28.07,28.315,3562540
2015-02-18,28.295,28.31,28.11,28.22,5212750
2015-02-19,28.145,28.31,28.085,28.235,4733922
2015-02-20,28.25,28.385,28.07,28.365,4190728
2015-02-23,28.315,28.345,28.08,28.16,2701492
2015-02-24,28.18,28.745,28.075,28.74,5209632
2015-02-25,28.665,28.715,28.48,28.545,3616632
2015-02-26,28.57,28.755,28.52,28.65,4028898
2015-02-27,28.64,28.69,28.465,28.485,7038910
2015-03-02,28.725,29.235,28.725,29.235,9773704
2015-03-03,29.075,29.135,28.7,28.755,9878050
2015-03-04,28.755,28.755,28.42,28.71,4061880
2015-03-05,28.86,28.88,28.5775,28.7,2515628
2015-03-06,28.555,28.63,28.275,28.34,3590584
2015-03-09,28.305,28.37,28.125,28.24,3771216
2015-03-10,28.01,28.06,27.66,27.665,9557714
2015-03-11,27.855,28.15,27.8525,27.87,7273172
2015-03-12,27.395,27.795,27.395,27.715,9198580
2015-03-13,27.685,27.955,27.585,27.945,6343002
2015-03-16,28.01,28.345,28.01,28.315,5881970
2015-03-17,28.095,28.165,27.945,28.125,2674118
2015-03-18,28.075,28.53015,27.77,28.385,10024170
2015-03-19,28.355,28.48,28.3275,28.42,4733284
2015-03-20,28.575,28.94,28.575,28.87,6201398
2015-03-23,28.805,28.915,28.615,28.615,5507108
2015-03-24,28.58,28.66,28.355,28.355,5225882
2015-03-25,28.365,28.365,26.985,27.03,20870628
2015-03-26,26.48,27.06,26.31,26.835,23673314
2015-03-27,26.795,27.865,26.755,27.695,15603472
2015-03-30,27.775,28.065,27.615,27.93,10097474
2015-03-31,27.805,27.975,27.635,27.65,5471650
2015-04-01,27.675,27.675,27.28,27.38,6369736
2015-04-02,27.515,27.705,27.425,27.455,5736918
2015-04-06,27.12,27.59,27.05,27.525,6550306
2015-04-07,27.51,27.78,27.49015,27.54,3759046
2015-04-08,27.445,27.75,27.435,27.675,3848896
2015-04-09,27.44,27.975,27.44,27.95,5220796
2015-04-10,27.915,28.115,27.915,28.115,3024394
2015-04-13,28.125,28.225,27.8975,27.92,6005106
2015-04-14,27.935,27.96,27.545,27.665,5845218
2015-04-15,27.84,28.28,27.84,28.18,6375138
2015-04-16,27.865,28.13,27.865,28.055,10816830
2015-04-17,27.795,27.835,27.56,27.695,5640826
2015-04-20,27.845,28.045,27.845,27.925,3556326
2015-04-21,28.2,28.32,27.995,28.105,4024838
2015-04-22,28.305,28.615,28.135,28.615,4985898
2015-04-23,28.095,28.44,28.085,28.32,5246366
2015-04-24,28.395,28.485,27.92,28.02,8055566
2015-04-27,28.06,28.525,28.015,28.245,27557722
2015-04-28,28.215,28.24,27.8275,28.225,6500872
2015-04-29,28.025,28.12,27.765,28.02,8033278
2015-04-30,27.925,28.035,27.59,27.73,6352296
2015-05-01,27.98,28.53,27.975,28.52,8295960
2015-05-04,28.55,28.59,28.315,28.365,5460314
2015-05-05,28.21,28.275,27.8075,27.825,12282130
2015-05-06,27.965,28.065,27.63,27.82,8962220
2015-05-07,27.89,28.115,27.87,28.02,6930134
2015-05-08,28.22,28.4025,28.2,28.285,8114418
2015-05-11,28.265,28.365,28.17,28.275,6724470
2015-05-12,28.18,28.205,27.91,28.06,6319452
2015-05-13,28.13,28.405,28.12,28.2,4333194
2015-05-14,28.36,28.61,28.275,28.49,8296318
2015-05-15,28.59,28.65,28.395,28.53,6632008
2015-05-18,28.6,28.79,28.465,28.78,3563416
2015-05-19,28.9,28.9775,28.615,28.73,4022464
2015-05-20,28.715,29.0,28.66,28.815,3047400
2015-05-21,28.795,28.9175,28.5925,28.87,2819408
2015-05-22,28.845,28.995,28.845,28.895,1732392
2015-05-26,28.85,28.85,28.545,28.665,4396794
2015-05-27,28.81,29.8225,28.735,29.735,15446318
2015-05-28,29.71,29.885,29.565,29.775,13910584
2015-05-29,29.815,29.995,29.745,29.905,11821432
2015-06-01,29.985,30.065,29.64,29.8,7304078
2015-06-02,29.655,29.765,29.365,29.375,5703386
2015-06-03,29.565,29.57,29.145,29.17,3508476
2015-06-04,29.075,29.15,28.74,28.825,6571232
2015-06-05,28.76,28.855,28.555,28.74,3332606
2015-06-08,28.745,28.75,28.165,28.225,8659580
2015-06-09,28.25,28.36,28.025,28.255,7530228
2015-06-10,28.415,28.79,28.4,28.685,5838120
2015-06-11,28.84,28.895,28.6875,28.72,3451354
2015-06-12,28.585,28.655,28.44,28.475,3000700
2015-06-15,28.195,28.43,28.07,28.395,5048544
2015-06-16,28.29,28.5875,28.23,28.52,3259556
2015-06-17,28.52,28.68,28.44,28.545,2815202
2015-06-18,28.64,29.055,28.635,28.95,4358032
2015-06-19,29.025,29.045,28.71,28.845,5700174
2015-06-22,29.06,29.125,28.93,29.095,4815008
2015-06-23,29.145,29.205,28.865,28.955,3083482
2015-06-24,28.96,29.01,28.71,28.73,4513832
2015-06-25,28.94,28.995,28.7275,28.795,2351454
2015-06-26,28.51,28.51,27.775,27.955,20158650
2015-06-29,27.59,27.75,27.12,27.155,14581740
2015-06-30,27.425,27.51,27.15,27.285,9920592
2015-07-01,27.555,27.74,27.30625,27.39,7093554
2015-07-02,27.495,27.66,27.365,27.56,7262596
2015-07-06,27.285,27.515,26.995,27.115,9861596
2015-07-07,26.95,27.045,26.22,26.98,15372182
2015-07-08,26.715,26.715,26.195,26.275,19992672
2015-07-09,26.79,26.815,25.9325,25.98,13330610
2015-07-10,26.235,26.535,26.235,26.45,12053582
2015-07-13,26.61,26.7375,26.24,26.68,8819018
2015-07-14,26.805,26.9575,26.7625,26.895,10953576
2015-07-15,26.945,26.9825,26.64,26.76,8059840
2015-07-16,26.91,26.91,26.45,26.745,12379664
2015-07-17,26.74,26.765,26.47,26.73,7441888
2015-07-20,26.755,26.815,26.505,26.515,4809792
2015-07-21,26.51,26.73,26.455,26.495,5674100
2015-07-22,25.76,26.235,25.61,25.85,17806104
2015-07-23,26.02,26.51,26.0,26.21,10110682
2015-07-24,26.275,26.3,25.59,25.605,7354474
2015-07-27,25.44,25.67,25.215,25.505,9295420
2015-07-28,25.595,26.2,25.4425,26.035,14212648
2015-07-29,26.085,26.2,25.855,26.14,7921988
2015-07-30,26.15,26.455,26.07,26.38,7605286
2015-07-31,26.365,26.375,26.0125,26.075,4326038
2015-08-03,26.03,26.05,25.805,25.95,5694868
2015-08-04,25.885,25.935,25.5075,25.675,7697138
2015-08-05,26.115,26.175,25.695,25.985,6238208
2015-08-06,26.0,26.0,25.45,25.685,8453756
2015-08-07,25.595,25.78,25.505,25.75,5166228
2015-08-10,25.9,26.475,25.885,26.4,9107558
2015-08-11,26.0,26.085,25.695,25.8,5672346
2015-08-12,25.47,25.965,25.245,25.865,6471982
2015-08-13,25.79,25.875,25.505,25.51,3232348
2015-08-14,25.395,25.46,25.165,25.325,4578784
2015-08-17,25.205,25.535,25.02,25.52,6324088
2015-08-18,25.47,25.505,25.025,25.07,10867518
2015-08-19,25.11,25.13,24.655,24.815,15532022
2015-08-20,24.61,24.62,24.0,24.005,10792684
2015-08-21,23.72,24.06,23.345,23.395,21142270
2015-08-24,21.765,23.985,21.765,23.025,19834052
2015-08-25,23.485,24.025,22.83,22.83,12624240
2015-08-26,23.285,23.91,23.075,23.875,9502602
2015-08-27,24.19,24.725,24.19,24.67,11120574
2015-08-28,24.64,24.945,24.565,24.88,9824610
2015-08-31,24.77,25.06,24.57,24.775,5967860
2015-09-01,24.28,24.51,23.845,24.005,13666940
2015-09-02,24.485,24.615,24.22,24.6,8109606
2015-09-03,24.815,25.13,24.75,24.845,5681362
2015-09-04,24.58,24.685,24.3225,24.455,6818432
2015-09-08,25.045,25.415,24.99,25.385,10223208
2015-09-09,25.615,25.875,24.93,25.0,13549188
2015-09-10,24.945,25.325,24.685,25.08,10696214
2015-09-11,24.855,25.16,24.8,25.125,7115660
2015-09-14,25.27,25.325,25.075,25.185,2958258
2015-09-15,25.405,25.66,25.32,25.555,7775658
2015-09-16,25.625,25.695,25.4,25.67,2446148
2015-09-17,25.67,25.94,25.475,25.505,5659576
2015-09-18,25.075,25.41,24.98,25.075,8767902
2015-09-21,25.25,25.285,24.91,25.06,5692162
2015-09-22,24.56,24.73,24.435,24.54,10660626
2015-09-23,24.57,24.6575,24.335,24.365,3530408
2015-09-24,24.11,24.4775,23.77,24.355,7770132
2015-09-25,24.71,24.82,24.295,24.485,4268492
2015-09-28,24.405,24.515,23.94,23.965,6083462
2015-09-29,23.96,24.295,23.84,24.13,8143524
2015-09-30,24.6,25.01,24.525,24.94,6315186
2015-10-01,25.015,25.015,24.38,24.775,5670078
2015-10-02,24.47,25.18,24.445,25.165,7659548
2015-10-05,25.425,25.765,25.305,25.61,7922328
2015-10-06,25.59,25.805,25.335,25.715,11149096
2015-10-07,25.99,26.25,25.705,26.1,9412146
2015-10-08,26.12,26.435,25.91,26.435,5992306
2015-10-09,26.305,26.39,26.01,26.13,4006180
2015-10-12,26.255,26.255,26.075,26.17,2566678
2015-10-13,25.965,26.1175,25.84,25.85,6764316
2015-10-14,25.83,26.84,25.745,26.625,23660236
2015-10-15,26.805,26.97,26.615,26.805,9743310
2015-10-16,26.84,26.93995,26.685,26.915,4762460
2015-10-19,26.93,27.06,26.76995,26.935,5340892
2015-10-20,26.9,27.005,26.775,26.88,6586796
2015-10-21,27.19,27.36,26.925,26.93,6060644
2015-10-22,27.325,27.8325,27.325,27.75,9127450
2015-10-23,28.01,28.18,27.78,28.065,10415044
2015-10-26,28.04,28.04,27.445,27.53,4208994
2015-10-27,27.335,27.555,27.285,27.36,7204920
2015-10-28,27.5,27.71,27.325,27.635,9956904
2015-10-29,27.03,27.16,26.8825,26.92,8654298
2015-10-30,27.035,27.2325,27.015,27.105,3365616
2015-11-02,27.17,27.405,27.11055,27.36,3818708
2015-11-03,27.275,27.72,27.235,27.595,3427688
2015-11-04,27.73,27.815,27.565,27.775,4004934
2015-11-05,27.555,27.595,26.985,27.055,5219458
2015-11-06,27.22,27.625,27.15,27.595,6432970
2015-11-09,27.555,27.555,27.21,27.375,3274362
2015-11-10,27.0,27.085,26.83,26.94,4874786
2015-11-11,26.95,27.215,26.93,26.95,2070786
2015-11-12,26.85,26.96495,26.6,26.605,4982526
2015-11-13,26.545,26.63,26.215,26.33,6644772
2015-11-16,26.33,26.67,26.325,26.67,3844180
2015-11-17,26.64,27.08,26.64,26.94,5432888
2015-11-18,26.935,27.11,26.695,27.08,5680482
2015-11-19,27.26,27.53,27.045,27.29,7587472
2015-11-20,27.365,27.56,27.305,27.395,2667778
2015-11-23,27.395,27.395,27.04,27.085,2455908
2015-11-24,26.935,27.4,26.935,27.37,8014310
2015-11-25,27.34,27.535,27.29,27.41,2012950
2015-11-27,27.435,27.605,27.425,27.545,1344542
2015-11-30,27.65,27.9,27.55,27.9,4766730
2015-12-01,27.94,28.23,27.94,28.23,3111344
2015-12-02,28.31,28.445,28.08,28.12,3616160
2015-12-03,28.475,28.487,27.7675,27.93,6402544
2015-12-04,27.985,28.4575,27.85,28.4,3891512
2015-12-07,28.495,28.495,28.1225,28.165,4817744
2015-12-08,27.83,28.025,27.7,27.91,3872026
2015-12-09,27.84,27.98,27.46,27.615,6798732
2015-12-10,27.61,27.925,27.6,27.715,3527738
2015-12-11,27.35,27.51,27.125,27.18,7769592
2015-12-14,27.2,27.245,26.685,26.975,8035006
2015-12-15,27.09,27.535,27.09,27.4,6334624
2015-12-16,27.6,27.65995,27.18,27.615,3467740
2015-12-17,27.705,27.805,27.215,27.245,7532818
2015-12-18,27.035,27.1725,26.87,26.87,8333296
2015-12-21,26.565,26.76,26.4775,26.76,5164344
2015-12-22,26.81,26.9,26.66,26.875,2295030
2015-12-23,26.925,27.0525,26.87,27.02,1595560
2015-12-24,26.965,27.2,26.94,27.095,927038
2015-12-28,26.995,27.06,26.76,27.03,3046020
2015-12-29,27.14,27.425,27.115,27.33,2377202
2015-12-30,27.39,27.39,27.04,27.065,4888746
2015-12-31,26.96,26.96,26.64,26.64,3245918
2016-01-04,26.17,26.36,25.995,26.36,5739272
2016-01-05,26.36,26.43,26.07,26.115,6894740
2016-01-06,25.645,25.695,25.215,25.44,6245224
2016-01-07,24.85,25.2075,24.62375,24.655,9856144
2016-01-08,24.73,24.9,24.265,24.265,6364508
2016-01-11,24.57,24.68,24.14,24.485,6564354
2016-01-12,24.825,24.89,24.345,24.695,9613942
2016-01-13,24.58,24.885,23.94,23.97,10653360
2016-01-14,24.065,24.725,23.8525,24.605,9039828
2016-01-15,23.395,23.68,23.07,23.35,10587074
2016-01-19,23.705,23.885,23.305,23.505,15148540
2016-01-20,23.215,23.795,23.005,23.565,10765074
2016-01-21,23.83,24.165,23.495,23.89,8607116
2016-01-22,24.36,24.485,24.18,24.345,8001222
2016-01-25,24.3,24.38,24.03,24.07,4509646
2016-01-26,24.19,24.44,24.075,24.275,7913568
2016-01-27,24.205,24.43,23.9,24.005,7428622
2016-01-28,24.115,24.18,23.765,23.88,6482248
2016-01-29,24.29,24.9,24.11,24.86,11275276
2016-02-01,24.65,25.115,24.65,24.97,4788114
2016-02-02,24.695,24.81,24.185,24.285,9225738
2016-02-03,24.485,24.55,23.84,24.32,16535962
2016-02-04,24.39,24.9,24.315,24.79,5473180
2016-02-05,24.645,24.675,23.835,23.925,10674032
2016-02-08,23.51,23.57,23.035,23.415,11077994
2016-02-09,23.05,23.645,23.04,23.315,6885084
2016-02-10,23.43,23.57,22.96,22.98,4779630
2016-02-11,22.635,22.93,22.515,22.815,8038984
2016-02-12,23.3,23.3,22.725,23.265,4430882
2016-02-16,24.305,24.305,23.565,24.055,8423874
2016-02-17,24.21,24.655,24.13005,24.63,4024322
2016-02-18,24.82,24.825,24.525,24.53,2861152
2016-02-19,24.61,24.775,24.47,24.575,5254638
2016-02-22,24.835,25.08,24.825,24.975,5169392
2016-02-23,24.775,24.895,24.5075,24.555,3320442
2016-02-24,24.23,24.915,24.135,24.87,6106056
2016-02-25,24.98,25.16,24.675,25.16,2591646
2016-02-26,25.31,25.41445,25.2,25.3,4801382
2016-02-29,25.31,25.615,25.205,25.215,4661302
2016-03-01,25.555,25.99,25.475,25.99,3944668
2016-03-02,25.925,26.125,25.865,26.125,2565790
2016-03-03,26.125,26.125,26.125,26.185,3599644
2016-03-04,26.285,26.575,26.09,26.355,6209890
2016-03-07,26.19,26.555,26.09,26.455,6492934
2016-03-08,26.25,26.355,25.915,25.955,7157544
2016-03-09,26.085,26.22,25.97,26.14,3137066
2016-03-10,26.305,26.525,25.895,26.28,5355870
2016-03-11,26.28,26.28,26.28,26.81,4448078
2016-03-14,26.695,26.79,26.585,26.69,4258200
2016-03-15,26.69,26.69,26.69,26.6,2575280
2016-03-16,26.515,26.935,26.5,26.91,6804820
2016-03-17,26.83,27.135,26.81,27.095,6516490
2016-03-18,27.125,27.45,27.125,27.44,2838406
2016-03-21,27.295,27.445,27.2,27.44,4020246
2016-03-22,27.285,27.51,27.215,27.425,1640692
2016-03-23,27.435,27.435,27.09,27.1,3672186
2016-03-24,27.1,27.1,27.1,27.055,3466190
2016-03-28,27.1,27.11,26.925,27.045,2957676
2016-03-29,26.945,27.46,26.855,27.42,5163634
2016-03-30,27.585,27.825,27.525,27.695,5981548
2016-03-31,27.59,27.6575,27.515,27.54,2999918
2016-04-01,27.325,27.68,27.255,27.67,3118466
2016-04-04,27.685,27.7,27.4025,27.455,5429082
2016-04-05,27.455,27.455,27.455,27.25,3150632
2016-04-06,27.12,27.53,27.02,27.505,2722292
2016-04-07,27.335,27.4,27.04,27.14,3979486
2016-04-08,27.425,27.52,27.175,27.27,2350848
2016-04-11,27.445,27.685,27.28,27.3,5079098
2016-04-12,27.355,27.395,26.945,27.255,3492582
2016-04-13,27.48,27.83,27.415,27.81,3935486
2016-04-14,27.505,27.5475,27.27,27.51,4771676
2016-04-15,27.545,27.545,27.295,27.305,5842222
2016-04-18,27.2,27.405,27.14,27.34,3473540
2016-04-19,27.4,27.44,26.995,27.11,5667878
2016-04-20,26.975,27.37,26.955,27.24,5986096
2016-04-21,27.21,27.275,26.97,27.09,4348030
2016-04-22,27.11,27.31375,26.89,27.105,3210056
2016-04-25,27.16,27.1725,26.895,26.97,2096808
2016-04-26,27.15,27.485,27.15,27.26,4500926
2016-04-27,27.07,27.62,27.045,27.58,6979264
2016-04-28,27.26,27.565,26.845,26.895,6869046
2016-04-29,26.805,26.805,26.0625,26.23,18970392
2016-05-02,26.28,26.46,26.15,26.405,6567726
2016-05-03,26.165,26.27,25.99,26.13,8778656
2016-05-04,25.91,26.1075,25.77,25.85,6205180
2016-05-05,25.97,26.1575,25.835,25.945,7554690
2016-05-06,25.775,25.98,25.65,25.95,6249618
2016-05-09,26.0,26.135,25.85,25.925,4660264
2016-05-10,25.99,26.22,25.875,26.215,4536862
2016-05-11,26.09,26.305,26.09,26.095,1805078
2016-05-12,26.19,26.21,25.44,25.63,13003424
2016-05-13,25.795,25.945,25.67,25.705,4632686
2016-05-16,25.72,26.36,25.72,26.22,3655714
2016-05-17,26.135,26.28,25.93,25.975,4212226
2016-05-18,25.96,26.6275,25.96,26.435,6193140
2016-05-19,26.225,26.45,26.025,26.205,3431268
2016-05-20,26.55,27.075,26.55,27.075,8714394
2016-05-23,27.33,27.495,27.22,27.25,7665684
2016-05-24,27.385,27.915,27.385,27.91,6043196
2016-05-25,28.06,28.125,27.865,28.065,6215472
2016-05-26,28.105,28.21,28.03,28.16,5013956
2016-05-27,28.165,28.38,28.165,28.345,2803810
2016-05-31,28.47,28.47,28.255,28.45,7379916
2016-06-01,28.34,28.61,28.305,28.565,3819590
2016-06-02,28.44,28.56,28.385,28.56,4484602
2016-06-03,28.715,28.775,28.435,28.615,5198912
2016-06-06,28.625,28.76,28.47,28.545,5915522
2016-06-07,28.655,28.88,28.625,28.845,7954552
2016-06-08,28.84,28.905,28.75,28.85,4424518
2016-06-09,28.6,28.88,28.53,28.85,6188300
2016-06-10,28.485,28.565,28.27,28.35,5753944
2016-06-13,28.195,28.545,28.185,28.23,3335526
2016-06-14,28.175,28.28,27.935,28.195,7676590
2016-06-15,28.38,28.38,28.125,28.165,2736758
2016-06-16,27.86,28.225,27.7,28.18,7024520
2016-06-17,28.21,28.21,27.805,27.99,10150394
2016-06-20,28.39,28.745,28.39,28.46,5203680
2016-06-21,28.585,28.645,28.45,28.595,6131028
2016-06-22,28.6,28.87,28.53,28.56,7197850
2016-06-23,28.87,29.275,28.83,29.275,6354630
2016-06-24,27.975,28.46,27.565,27.565,15770098
2016-06-27,27.295,27.325,26.545,26.715,15623588
2016-06-28,27.11,27.445,27.0,27.445,10835950
2016-06-29,27.78,28.07,27.665,28.005,10907324
2016-06-30,28.105,28.73,27.995,28.505,7017212
2016-07-01,28.325,28.39,28.255,28.295,3211368
2016-07-05,28.055,28.08,27.71,27.845,5103200
2016-07-06,27.635,27.925,27.41,27.885,6892606
2016-07-07,27.945,28.405,27.845,28.2,3192368
2016-07-08,28.48,28.97,28.38,28.97,5685774
2016-07-11,29.14,29.425,29.11,29.36,2958302
2016-07-12,29.575,29.705,29.475,29.68,2907802
2016-07-13,29.71,29.825,29.62,29.685,1979024
2016-07-14,29.945,29.99,29.685,29.935,3159574
2016-07-15,29.915,29.915,29.75,29.85,4029482
2016-07-18,30.6,30.74,30.555,30.72,5257734
2016-07-19,30.61,30.655,30.505,30.6,1668122
2016-07-20,30.725,31.1225,30.675,31.07,4552898
2016-07-21,31.025,31.04,30.6625,30.805,7103116
2016-07-22,30.715,30.99,30.585,30.99,4302638
2016-07-25,31.005,31.16,31.0025,31.135,2636290
2016-07-26,31.41,32.15,31.295,32.035,17223158
2016-07-27,32.26,32.26,31.765,31.92,5555520
2016-07-28,31.895,32.045,31.7525,31.88,3439714
2016-07-29,31.88,31.945,31.61,31.75,3932082
2016-08-01,31.83,31.95,31.75,31.84,2496636
2016-08-02,31.775,31.9045,31.245,31.42,11175930
2016-08-03,31.34,31.5,31.29,31.5,2550610
2016-08-04,31.505,31.74,31.485,31.725,3049906
2016-08-05,31.89,32.1375,31.805,32.095,1860772
2016-08-08,32.21,32.25,32.0425,32.095,1544668
2016-08-09,32.255,32.39,32.255,32.31,3950088
2016-08-10,32.38,32.38,31.995,32.095,1284602
2016-08-11,32.195,32.2675,32.055,32.225,1214592
2016-08-12,32.25,32.43,32.245,32.36,2661418
2016-08-15,32.465,32.8,32.465,32.725,3495194
2016-08-16,32.685,32.69,32.5,32.535,1530676
2016-08-17,32.54,32.54,32.29,32.465,4162170
2016-08-18,32.49,32.715,32.49,32.715,2669734
2016-08-19,32.76,32.945,32.65,32.885,1981272
2016-08-22,32.825,32.96,32.745,32.895,1880568
2016-08-23,33.095,33.225,33.03005,33.055,3424914
2016-08-24,33.065,33.1,32.71,32.795,3948282
2016-08-25,32.83,33.045,32.805,32.905,3200894
2016-08-26,32.995,33.305,32.845,33.045,4488134
2016-08-29,33.15,33.27,33.1,33.16,2169052
2016-08-30,33.17,33.32505,33.015,33.105,2923298
2016-08-31,33.165,33.185,32.945,33.105,2065012
2016-09-01,33.135,33.41,33.01,33.41,3622406
2016-09-02,33.54,33.54,33.25385,33.38,4418760
2016-09-06,33.475,33.54,33.195,33.375,4397080
2016-09-07,33.515,33.57,33.12,33.155,7942084
2016-09-08,33.045,33.17,32.88,33.09,7479970
2016-09-09,32.8,32.805,31.845,31.89,21847662
2016-09-12,31.71,32.56,31.53,32.545,13353812
2016-09-13,32.435,32.625,32.05,32.19,7442616
2016-09-14,32.23,32.555,32.085,32.46,5247278
2016-09-15,32.54,33.325,32.375,33.265,10300526
2016-09-16,33.725,33.725,33.035,33.28,5363690
2016-09-19,33.625,33.84,33.32,33.395,4351828
2016-09-20,33.59,33.63,33.1975,33.27,2850304
2016-09-21,33.54,33.7875,33.32,33.73,7751768
2016-09-22,34.07,34.19445,33.775,33.89,6243206
2016-09-23,33.875,33.89,33.465,33.495,4215430
2016-09-26,33.3,33.375,33.0785,33.185,3491268
2016-09-27,33.125,33.745,33.075,33.73,8105662
2016-09-28,33.815,33.925,33.54,33.775,3194402
2016-09-29,33.72,34.395,33.415,34.19,13498916
2016-09-30,34.415,34.875,34.4072,34.735,6644728
2016-10-03,34.675,34.905,34.425,34.465,4400012
2016-10-04,34.61,34.74,34.27,34.32,7234478
2016-10-05,34.495,34.86,34.44,34.585,8052970
2016-10-06,34.675,34.85,34.39,34.785,4965798
2016-10-07,34.88,34.88,34.505,34.81,4202986
2016-10-10,35.015,35.105,34.68,34.7,3550238
2016-10-11,34.56,34.64,33.7075,33.985,8279310
2016-10-12,33.935,34.035,33.635,33.985,8534848
2016-10-13,33.665,33.735,33.03,33.595,13193798
2016-10-14,33.825,34.185,33.7675,33.81,4692124
2016-10-17,33.745,33.95,33.64,33.67,1802994
2016-10-18,34.055,34.23,33.955,34.05,5397788
2016-10-19,33.685,33.825,33.53,33.7,13399618
2016-10-20,33.655,34.105,33.515,33.995,7140862
2016-10-21,33.88,33.99,33.63,33.95,4053448
2016-10-24,34.165,34.385,34.105,34.385,2598216
2016-10-25,34.305,34.425,34.235,34.29,2845168
2016-10-26,33.805,34.405,33.805,34.19,2260064
2016-10-27,34.495,34.615,34.06,34.09,5114732
2016-10-28,34.18,34.36,33.885,33.895,4301536
2016-10-31,34.08,34.26,34.065,34.135,3145482
2016-11-01,34.18,34.33,33.48,33.82,5390474
2016-11-02,33.795,33.99,33.525,33.61,3659728
2016-11-03,33.65,33.825,33.43,33.47,5384426
2016-11-04,33.25,33.63,33.13,33.295,6104088
2016-11-07,33.84,34.3,33.79,34.295,4196010
2016-11-08,34.19,34.5275,34.075,34.355,1879008
2016-11-09,33.515,34.1825,33.395,34.08,10449348
2016-11-10,34.355,34.36,33.065,33.445,11724180
2016-11-11,33.525,34.28,33.525,34.28,13168034
2016-11-14,34.24,34.265,33.82,33.91,5860432
2016-11-15,34.035,34.555,34.015,34.475,5905530
2016-11-16,34.41,34.7925,34.355,34.745,3667794
2016-11-17,34.84,35.105,34.665,34.965,3043220
2016-11-18,34.98,35.21,34.89,35.165,10706152
2016-11-21,35.5,35.5,35.15,35.395,7345368
2016-11-22,35.67,35.8625,35.63,35.805,6829650
2016-11-23,35.775,35.885,35.645,35.75,3642270
2016-11-25,35.83,35.87,35.6975,35.855,886930
2016-11-28,35.78,35.915,35.685,35.765,6545032
2016-11-29,35.605,35.83,35.48,35.63,5898034
2016-11-30,35.64,35.72,35.51,35.53,3534642
2016-12-01,35.475,35.475,33.745,33.84,22106630
2016-12-02,33.815,34.42,33.8,34.385,7592946
2016-12-05,34.62,34.83,34.445,34.73,5308194
2016-12-06,34.855,35.11,34.77,35.11,5366210
2016-12-07,35.0,35.835,34.895,35.81,6926960
2016-12-08,35.815,36.1575,35.78,36.025,5061904
2016-12-09,36.295,36.35,35.69,35.84,6822356
2016-12-12,35.705,35.805,35.3775,35.69,7697024
2016-12-13,35.76,36.35,35.76,36.325,7620220
2016-12-14,36.11,36.225,35.85,35.935,6313378
2016-12-15,36.04,36.6,36.035,36.51,11967334
2016-12-16,36.58,36.635,35.895,36.04,6983046
2016-12-19,35.845,36.195,35.82,36.195,3446762
2016-12-20,36.24,36.39,36.135,36.25,2349220
2016-12-21,36.495,36.495,36.17,36.215,4060152
2016-12-22,36.555,36.555,36.21,36.4,1515240
2016-12-23,36.295,36.57,36.295,36.57,1045098
2016-12-27,36.665,36.985,36.665,36.88,2561390
2016-12-28,37.025,37.17,36.27,36.27,3869870
2016-12-29,36.125,36.33,36.0,36.28,2533806
2016-12-30,36.46,36.6,35.75815,35.82,3038542
2017-01-03,36.42,36.42,35.66,35.88,5741480
2017-01-04,36.04,36.15,35.89,35.995,3870450
2017-01-05,36.08,36.21,35.785,35.785,3016670
2017-01-06,35.835,36.11,35.695,35.97,5187988
2017-01-09,36.02,36.485,36.02,36.385,4708798
2017-01-10,36.36,36.605,36.36,36.525,3542084
2017-01-11,36.425,36.69,36.38,36.68,4425802
2017-01-12,36.44,36.44,35.895,36.07,7835908
2017-01-13,36.425,36.675,36.365,36.605,2261346
2017-01-17,36.5,36.535,36.0867,36.175,3131304
2017-01-18,36.365,36.815,36.3,36.815,4002102
2017-01-19,36.565,36.82,36.465,36.535,2134296
2017-01-20,36.88,37.125,36.83,36.885,5441970
2017-01-23,36.78,36.84,36.38,36.56,3328674
2017-01-24,36.72,37.275,36.72,37.275,8233408
2017-01-25,37.63,37.76,37.435,37.735,5480420
2017-01-26,37.775,37.775,37.31,37.445,5233112
2017-01-27,37.625,37.925,37.625,37.925,3379732
2017-01-30,37.81,37.81,37.325,37.745,3569342
2017-01-31,37.545,37.68,37.0775,37.22,4365690
2017-02-01,37.655,37.76,37.355,37.6,3413292
2017-02-02,37.375,37.72,37.25,37.64,2290232
2017-02-03,37.825,37.9,37.72,37.805,3290574
2017-02-06,37.825,37.905,37.63005,37.76,1919872
2017-02-07,37.95,38.01945,37.75,37.92,2852802
2017-02-08,37.915,38.075,37.785,37.96,2678640
2017-02-09,38.01,38.03,37.6275,37.63,3577750
2017-02-10,37.97,37.97,37.375,37.67,4023084
2017-02-13,37.95,38.165,37.86,38.165,3427064
2017-02-14,37.96,37.96,37.67,37.87,3845450
2017-02-15,37.985,38.26,37.825,38.26,3246056
2017-02-16,38.295,38.405,38.16,38.405,3859982
2017-02-17,38.21,38.545,38.12,38.545,3377014
2017-02-21,38.74,38.91,38.62,38.91,2242114
2017-02-22,38.78,38.87,38.63,38.74,2620112
2017-02-23,38.725,38.735,38.17,38.31,5455440
2017-02-24,37.89,38.3775,37.75,38.365,2751718
2017-02-27,38.34,38.55,38.255,38.55,3777458
2017-02-28,38.47,38.49,38.1,38.195,4833390
2017-03-01,38.505,38.695,38.205,38.64,3665124
2017-03-02,38.6,38.68,38.285,38.3,3834316
2017-03-03,38.405,38.435,38.17,38.435,2670976
2017-03-06,38.26,38.495,38.11,38.45,5124924
2017-03-07,38.36,38.71,38.31,38.545,3065882
2017-03-08,38.54,38.845,38.4925,38.585,3000998
2017-03-09,38.465,38.665,38.35,38.6,2138146
2017-03-10,38.84,39.065,38.765,38.965,3582200
2017-03-13,39.09,39.155,38.905,39.155,5468152
2017-03-14,39.025,39.04,38.7575,39.015,2539798
2017-03-15,39.03,39.4,38.915,39.37,4813828
2017-03-16,39.43,39.53,39.305,39.4,3208348
2017-03-17,39.535,39.61205,39.4,39.505,4099086
2017-03-20,39.67,39.915,39.51,39.7478,2270408
2017-03-21,39.89,39.99,38.9,38.995,10765000
2017-03-22,39.03,39.41,38.93,39.375,6625776
2017-03-23,39.305,39.445,39.1575,39.255,2660554
2017-03-24,39.86,39.995,39.44,39.565,3248326
2017-03-27,39.395,39.765,39.165,39.745,2495860
2017-03-28,39.705,39.955,39.575,39.82,4663830
2017-03-29,39.75,39.765,39.575,39.66,2358112
2017-03-30,39.655,39.95,39.65,39.86,1176144
2017-03-31,39.815,40.025,39.7226,39.855,1731314
2017-04-03,39.9,39.975,39.47,39.76,2521024
2017-04-04,39.55,39.785,39.495,39.62,2975400
2017-04-05,39.675,39.965,39.3475,39.385,2891420
2017-04-06,39.31,39.505,39.09,39.405,2020258
2017-04-07,39.37,39.655,39.335,39.56,1723162
2017-04-10,39.54,39.545,39.125,39.21,3922558
2017-04-11,39.08,39.08,38.405,38.915,13529852
2017-04-12,38.925,38.945,38.285,38.41,15788230
2017-04-13,38.215,38.7,38.125,38.125,5420314
2017-04-17,38.305,38.56,38.295,38.54,4378502
2017-04-18,38.385,38.7075,38.315,38.695,4251352
2017-04-19,39.02,39.205,38.81,38.905,7181300
2017-04-20,39.16,39.505,38.99,39.465,4511246
2017-04-21,39.305,39.39,39.0424,39.305,5447994
2017-04-24,39.905,40.0,39.74,39.875,4373786
2017-04-25,40.065,40.3,39.925,40.275,4021708
2017-04-26,40.245,40.27,39.8725,39.97,3992986
2017-04-27,40.185,40.5425,40.185,40.505,5043808
2017-04-28,40.265,40.335,39.7405,39.85,8783342
2017-05-01,39.97,40.265,39.785,40.265,4598646
2017-05-02,40.205,40.205,39.83,40.05,6497340
2017-05-03,39.97,40.3,39.94,40.28,5324768
2017-05-04,40.285,40.35,40.085,40.24,1905894
2017-05-05,40.28,40.4,40.055,40.4,2058912
2017-05-08,40.45,40.465,40.25,40.3,1854988
2017-05-09,40.365,40.7825,40.365,40.705,3260580
2017-05-10,41.115,41.335,40.96,41.22,3330358
2017-05-11,41.145,41.45,40.885,41.31,3388112
2017-05-12,41.345,41.455,41.185,41.425,1947584
2017-05-15,41.475,41.885,41.425,41.885,3541628
2017-05-16,41.96,42.385,41.815,42.385,3641656
2017-05-17,41.79,41.985,40.765,40.79,12639364
2017-05-18,40.935,41.575,40.72,41.395,6609820
2017-05-19,41.835,41.985,41.765,41.875,6180476
2017-05-22,42.03,42.29,41.98,42.275,4292142
2017-05-23,42.37,42.37,41.87,42.185,5040114
2017-05-24,42.455,42.485,42.21,42.37,1998024
2017-05-25,42.61,42.7425,42.335,42.66,6936352
2017-05-26,42.595,42.7485,42.33,42.74,1588588
2017-05-30,42.805,43.09,42.72005,43.045,3494396
2017-05-31,43.275,43.29,42.755,42.995,3466542
2017-06-01,43.11,43.11,42.81,43.075,5250854
2017-06-02,43.305,43.455,42.995,43.41,2599858
2017-06-05,43.445,43.73,43.415,43.525,4386542
2017-06-06,43.475,43.89285,43.315,43.625,3496880
2017-06-07,43.845,44.085,43.71,43.95,5305802
2017-06-08,44.15,44.57,43.92,44.53,6589324
2017-06-09,44.785,44.85995,42.045,42.845,17852460
2017-06-12,42.325,42.735,41.565,42.585,16678560
2017-06-13,43.01,43.2,42.405,42.86,6954810
2017-06-14,42.96,43.0,42.075,42.49,6346296
2017-06-15,41.78,42.25,41.78,42.1,8397978
2017-06-16,42.28,42.49,41.965,42.075,7413402
2017-06-19,42.52,42.865,42.52,42.82,5378906
2017-06-20,42.88,43.055,42.285,42.285,5285922
2017-06-21,42.485,42.785,42.32,42.77,6411950
2017-06-22,42.765,42.875,42.52,42.66,4491810
2017-06-23,42.68,43.01,42.58,42.835,4133734
2017-06-26,43.24,43.34,42.39,42.67,10756408
2017-06-27,42.345,42.35,41.45,41.45,15194338
2017-06-28,41.755,42.135,41.29195,42.05,7873290
2017-06-29,41.775,41.855,40.5884,41.105,15391278
2017-06-30,41.29,41.43,40.77995,40.93,10454982
2017-07-03,41.19,41.31,40.46,40.46,6499748
2017-07-05,40.62,41.29,40.62,41.23,12905620
2017-07-06,40.965,41.325,40.685,41.055,5441568
2017-07-07,41.325,41.785,41.245,41.605,6830956
2017-07-10,41.69,42.135,41.515,42.035,6785494
2017-07-11,42.1,42.445,41.94,42.37,5848506
2017-07-12,42.87,43.055,42.62,42.98,6303094
2017-07-13,43.0,43.27,42.755,42.88,6004934
2017-07-14,43.1,43.4725,43.035,43.41,4687104
2017-07-17,43.505,43.52,43.11,43.29,3430920
2017-07-18,43.14,43.455,42.955,43.455,7818290
2017-07-19,43.7,43.885,43.62,43.885,6027748
2017-07-20,44.015,44.015,43.545,43.98,5455720
2017-07-21,43.66,43.735,43.425,43.735,6281448
2017-07-24,43.66,43.69,43.47,43.595,5348180
2017-07-25,43.445,43.58,43.1273,43.475,6416952
2017-07-26,43.82,44.045,43.6825,43.935,4032280
2017-07-27,44.075,44.175,42.935,43.38,12734542
2017-07-28,43.17,43.3725,43.005,43.175,7256760
2017-07-31,43.295,43.46,42.775,42.92,7057898
2017-08-01,43.065,43.11,42.84,43.105,4376202
2017-08-02,43.585,43.585,42.61,42.87,7962298
2017-08-03,42.87,42.975,42.55,42.72,5946508
2017-08-04,42.895,43.11,42.68,42.845,6791560
2017-08-07,42.98,43.615,42.98,43.6,6041938
2017-08-08,43.6,43.935,43.345,43.47,10179430
2017-08-09,43.015,43.39,42.97,43.385,7066986
2017-08-10,43.01,43.135,42.185,42.195,11112746
2017-08-11,42.115,42.63,42.04,42.585,6642492
2017-08-14,42.915,43.475,42.915,43.425,6643066
2017-08-15,43.48,43.615,43.285,43.585,8062650
2017-08-16,43.655,43.78,43.45,43.675,6273550
2017-08-17,43.43,43.5525,42.63,42.64,11995668
2017-08-18,42.82,43.06,42.5325,42.735,17463414
2017-08-21,42.825,42.825,42.24,42.575,6845052
2017-08-22,42.815,43.255,42.79,43.145,5273046
2017-08-23,42.88,43.345,42.7805,43.235,4235120
2017-08-24,43.44,43.455,42.99,43.23,2259858
2017-08-25,43.465,43.465,43.005,43.095,4024438
2017-08-28,43.22,43.25,42.99,43.22,4206228
2017-08-29,42.785,43.445,42.775,43.34,5013248
2017-08-30,43.52,44.02,43.385,43.945,4659004
2017-08-31,44.045,44.3525,43.975,44.29,4803846
2017-09-01,44.4,44.685,44.4,44.5,2998174
2017-09-05,44.29,44.42,43.585,43.935,8848030
2017-09-06,44.09,44.27,43.87,44.09,3224986
2017-09-07,44.265,44.355,44.02,44.26,2636254
2017-09-08,44.185,44.2825,43.67,43.78,4944584
2017-09-11,44.19,44.66,44.065,44.575,5448768
2017-09-12,44.7,44.8575,44.5,44.745,4886684
2017-09-13,44.65,44.87,44.475,44.755,5872738
2017-09-14,44.635,45.17,44.595,44.95,8595522
2017-09-15,45.19,45.61,45.0,45.545,9237676
2017-09-18,45.88,46.36,45.825,46.18,7474958
2017-09-19,46.315,46.45,46.025,46.3,4539108
2017-09-20,46.36,46.42,45.105,45.685,9208828
2017-09-21,45.625,45.715,45.195,45.6,19256708
2017-09-22,45.395,45.84,45.255,45.785,2660424
2017-09-25,45.565,45.61,44.745,44.865,7540856
2017-09-26,45.295,45.3225,44.73,44.92,4284034
2017-09-27,45.45,46.075,45.315,45.935,7999690
2017-09-28,45.84,46.245,45.72,46.23,5945028
2017-09-29,46.35,46.695,46.1971,46.66,7555286
2017-10-02,46.915,47.15495,46.6525,46.97,6376094
2017-10-03,47.105,47.245,46.935,47.125,4141174
2017-10-04,47.055,47.215,46.8075,47.195,3352484
2017-10-05,47.39,47.395,47.0,47.245,3692120
2017-10-06,47.17,47.45,47.075,47.435,2669638
2017-10-09,47.59,47.805,47.55,47.78,38515326
2017-10-10,48.23,48.235,47.5425,48.025,5315084
2017-10-11,47.95,48.405,47.925,48.365,3258416
2017-10-12,48.415,48.57,48.235,48.265,5801048
2017-10-13,48.56,48.76,48.39,48.595,3370366
2017-10-16,48.79,48.855,48.515,48.855,3273916
2017-10-17,48.83,48.875,48.585,48.845,5849386
2017-10-18,49.025,49.095,48.38,49.025,6093642
2017-10-19,48.64,48.925,48.205,48.925,4864380
2017-10-20,49.33,49.355,49.105,49.19,10134622
2017-10-23,49.425,49.635,49.21,49.375,5250324
2017-10-24,49.5,49.72,49.285,49.675,6298018
2017-10-25,49.31,49.53,48.595,49.045,8612708
2017-10-26,49.15,49.4425,49.105,49.31,6899196
2017-10-27,49.71,50.355,49.475,50.3,6465800
2017-10-30,50.34,50.565,50.125,50.32,4894926
2017-10-31,50.52,50.97,50.415,50.805,5721450
2017-11-01,51.16,51.22,50.2575,50.67,9836726
2017-11-02,50.655,50.96,50.355,50.91,7863692
2017-11-03,51.185,51.47,50.695,51.47,10232644
2017-11-06,52.02,52.135,51.55,52.135,7235366
2017-11-07,52.0,52.175,51.73,52.03,5460732
2017-11-08,52.01,52.2,51.775,52.15,4088156
2017-11-09,52.15,52.175,50.56,51.135,15496416
2017-11-10,51.26,51.46,51.11,51.43,5616264
2017-11-13,51.235,51.6775,51.155,51.645,3447992
2017-11-14,51.53,51.69,51.23,51.645,3108388
2017-11-15,51.245,51.4,50.805,51.165,5601258
2017-11-16,51.385,52.435,51.385,52.435,7401424
2017-11-17,52.215,52.25,51.555,51.625,8951298
2017-11-20,51.87,52.325,51.8,52.25,3694342
2017-11-21,52.52,52.835,52.455,52.785,4289204
2017-11-22,52.91,52.9146,52.375,52.44,3058770
2017-11-24,52.555,52.915,52.555,52.885,1206434
2017-11-27,52.335,52.38,52.005,52.065,5964548
2017-11-28,52.22,52.24,51.8475,52.02,7976584
2017-11-29,51.97,52.02,49.405,49.815,34478788
2017-11-30,50.35,50.605,49.845,50.125,13382048
2017-12-01,49.75,49.97,48.555,49.69,19874982
2017-12-04,50.115,50.17,48.35,48.635,20150776
2017-12-05,48.44,49.49,48.055,48.635,13001936
2017-12-06,48.205,48.835,47.96,48.745,10485972
2017-12-07,49.16,49.34,48.88875,49.225,10849868
2017-12-08,49.695,49.82,48.965,49.0,9719820
2017-12-11,49.12,49.465,48.99,49.3,6617288
2017-12-12,49.145,49.1725,48.755,48.815,10415594
2017-12-13,49.06,49.23,48.815,48.845,7922330
2017-12-14,48.935,49.13,48.7,48.825,8270080
2017-12-15,48.965,49.625,48.775,49.625,43080358
2017-12-18,49.305,49.81,49.125,49.79,10766422
2017-12-19,49.715,49.865,49.47,49.765,6065924
2017-12-20,50.275,50.385,49.69,50.09,11095698
2017-12-21,50.09,50.155,49.505,49.56,6029266
2017-12-22,49.47,49.6,49.215,49.58,4899978
2017-12-26,49.005,49.075,48.665,49.02,4413580
2017-12-27,49.0,49.38,48.995,49.18,5499906
2017-12-28,49.455,49.48,49.265,49.36,5424292
2017-12-29,49.36,49.47,48.885,48.905,3376690
2018-01-02,49.25,50.195,49.14,50.185,8908522
2018-01-03,50.39,50.935,50.305,50.895,7617038
2018-01-04,51.19,51.305,50.735,51.155,6700356
2018-01-05,51.345,51.69,51.14,51.485,3584764
2018-01-08,51.485,51.98,51.33875,51.84,2768354
2018-01-09,51.885,51.93,51.265,51.355,7800618
2018-01-10,50.905,50.925,50.29,50.675,7958878
2018-01-11,50.865,50.9469,50.61,50.915,5162510
2018-01-12,50.905,51.2675,50.795,51.175,3809288
2018-01-16,51.67,51.99,51.13,51.41,7623556
2018-01-17,52.0,53.03,51.905,52.945,12286408
2018-01-18,52.965,53.5775,52.905,53.335,7106652
2018-01-19,53.645,53.685,53.075,53.385,6568412
2018-01-22,53.565,53.91,53.33,53.91,4790528
2018-01-23,54.065,54.28,53.92,54.26,7356408
2018-01-24,53.72,53.9375,52.84,53.16,14236198
2018-01-25,53.79,53.95,52.28895,52.3,13986854
2018-01-26,53.1,53.98,53.075,53.965,7895854
2018-01-29,53.84,54.22,53.25,53.865,8147378
2018-01-30,52.94,53.39,52.7325,52.81,10836570
2018-01-31,53.41,53.58,52.975,53.255,7529960
2018-02-01,52.795,53.71,52.745,52.93,8369022
2018-02-02,52.45,52.535,51.455,51.455,26015486
2018-02-05,50.9,51.9,49.135,49.135,22948046
2018-02-06,48.705,50.945,48.525,50.945,26244852
2018-02-07,50.39,50.84,49.59,49.6,20566686
2018-02-08,49.845,49.92,47.605,47.625,29822160
2018-02-09,48.58,49.215,46.94,48.87,34208378
2018-02-12,49.15,50.215,49.15,49.905,19013912
2018-02-13,49.625,49.875,49.31,49.805,7415042
2018-02-14,49.44,50.97,49.33,50.865,10839756
2018-02-15,51.26,51.505,50.32,51.505,9639322
2018-02-16,51.305,52.03,51.255,51.395,12480418
2018-02-20,51.42,52.845,51.405,52.415,29405860
2018-02-21,52.62,52.765,51.8238,51.845,8997876
2018-02-22,52.0,52.175,51.53,51.67,8959308
2018-02-23,52.23,52.845,52.125,52.83,6304898
2018-02-26,53.1,53.895,53.1,53.895,9254246
2018-02-27,53.81,54.57,53.695,53.695,7976606
2018-02-28,53.97,54.145,53.205,53.27,6339668
2018-03-01,53.29,53.45,51.83,52.42,10790564
2018-03-02,51.885,53.3175,51.755,53.24,10659688
2018-03-05,53.02,54.105,52.87,53.855,9524750
2018-03-06,54.345,54.835,54.115,54.645,8957382
2018-03-07,54.14,54.9625,54.1,54.88,7681940
2018-03-08,55.205,55.265,54.59,54.905,6517966
2018-03-09,55.29,55.965,55.18505,55.965,8815254
2018-03-12,56.335,56.82,56.175,56.535,8825600
2018-03-13,56.83,57.275,55.515,55.745,18245762
2018-03-14,55.98,56.04,55.2805,55.775,12020944
2018-03-15,55.92,56.12,55.485,55.725,3826260
2018-03-16,55.84,56.0375,55.64,55.705,5936992
2018-03-19,55.29,55.415,54.055,54.8,14245350
2018-03-20,54.83,55.325,54.8,55.17,6683958
2018-03-21,55.1,55.905,54.995,55.285,6437194
2018-03-22,54.475,54.97,53.775,53.795,8698806
2018-03-23,53.725,53.845,52.045,52.05,16819460
2018-03-26,53.18,54.125,52.59,54.12,11172390
2018-03-27,54.54,54.565,51.88,52.255,17266244
2018-03-28,51.94,52.365,50.895,51.095,21806592
2018-03-29,51.54,52.585,51.14,52.14,13203168
2018-04-02,51.705,52.095,49.79,50.23,18445094
2018-04-03,50.895,51.28,50.36,51.155,10773260
2018-04-04,49.895,51.9,49.755,51.78,11654018
2018-04-05,52.12,52.2,50.895,51.21,12227974
2018-04-06,50.46,51.11,49.55,49.73,13935584
2018-04-09,50.24,51.45,50.04,50.07,13015328
2018-04-10,51.28,51.88,50.815,51.6,15451716
2018-04-11,51.33,52.03,51.205,51.575,8595630
2018-04-12,51.915,52.565,51.85,52.43,9236826
2018-04-13,52.85,52.925,51.78,51.94,9073984
2018-04-16,52.15,52.31,51.64,52.045,5267214
2018-04-17,52.375,53.07,52.3125,52.995,8727544
2018-04-18,52.525,52.675,51.915,52.395,8457968
2018-04-19,51.2,51.405,49.88,50.06,32931390
2018-04-20,50.0,50.36,49.265,49.485,26132720
2018-04-23,49.645,49.77,48.74,48.845,17681082
2018-04-24,49.37,49.82,48.1675,48.595,30902094
2018-04-25,48.745,48.78,47.735,48.35,18606326
2018-04-26,49.2,49.47,48.945,49.365,13144702
2018-04-27,50.05,50.05,48.82,49.045,11083172
2018-04-30,49.0,49.32,48.365,48.58,15927814
2018-05-01,48.46,49.405,48.41,49.36,13111200
2018-05-02,49.26,49.45,48.85,49.005,9036380
2018-05-03,48.45,49.285,48.03,49.125,19701852
2018-05-04,48.76,50.4,48.64,50.4,21447806
2018-05-07,50.55,50.89,50.475,50.67,13800194
2018-05-08,50.565,51.025,50.4176,51.025,7606040
2018-05-09,51.145,51.75,51.035,51.75,8065310
2018-05-10,51.95,52.61,51.95,52.61,9350072
2018-05-11,52.345,52.675,52.1125,52.205,8866082
2018-05-14,53.145,53.685,53.005,53.115,13298158
2018-05-15,52.89,53.035,52.195,52.52,9570666
2018-05-16,52.665,53.305,52.65,53.265,6934914
2018-05-17,53.065,53.4,52.53,52.915,7238570
2018-05-18,52.375,52.605,51.99,52.275,20494492
2018-05-21,53.04,53.44,52.5125,53.025,7672364
2018-05-22,53.495,53.74,53.195,53.405,8696098
2018-05-23,52.86,53.475,52.695,53.465,8442640
2018-05-24,53.455,53.765,52.97,53.62,13344742
2018-05-25,53.635,54.2,53.575,54.155,8586512
2018-05-29,53.9,54.245,53.43,53.72,9106142
2018-05-30,54.13,54.405,53.735,54.045,10787882
2018-05-31,53.82,54.11,53.46,53.595,8662784
2018-06-01,54.02,54.82,53.93,54.765,9739422
2018-06-04,54.85,55.1825,54.65,55.14,7768128
2018-06-05,55.31,55.505,55.005,55.45,7509960
2018-06-06,55.505,55.805,55.185,55.805,5478594
2018-06-07,55.905,56.0,55.02,55.36,18663690
2018-06-08,54.75,55.14105,54.45,54.985,9494016
2018-06-11,54.865,55.145,54.695,54.925,6086154
2018-06-12,54.99,55.105,54.6334,55.09,5087762
2018-06-13,55.015,55.53,54.875,54.975,14153434
2018-06-14,55.2,55.415,54.84,55.06,6599522
2018-06-15,54.975,55.15,54.65,55.15,12882516
2018-06-18,54.46,54.545,53.955,54.485,10525650
2018-06-19,53.53,53.87,53.07,53.835,22231902
2018-06-20,54.305,54.375,53.86,54.17,11111216
2018-06-21,54.675,54.75,53.485,53.495,14488274
2018-06-22,53.88,53.92,53.09,53.295,8472194
2018-06-25,52.55,52.62,50.98,51.37,23357900
2018-06-26,51.86,52.03,51.485,51.845,16500614
2018-06-27,52.09,52.16,50.575,50.575,16876048
2018-06-28,50.46,51.185,50.455,51.085,13538386
2018-06-29,51.525,51.84,51.25,51.335,10350096
2018-07-02,50.68,51.545,50.45,51.355,9164672
2018-07-03,51.61,51.6885,50.455,50.455,8588820
2018-07-05,51.07,51.835,51.055,51.815,10402852
2018-07-06,51.705,52.56,51.575,52.475,14636578
2018-07-09,52.885,52.92,52.22,52.87,8466532
2018-07-10,52.94,53.5,52.885,53.44,12548840
2018-07-11,52.575,52.7525,51.97,51.97,15928990
2018-07-12,51.985,52.65,51.895,52.6,11962888
2018-07-13,52.675,52.73,52.35,52.49,5693150
2018-07-16,52.5,52.695,52.295,52.33,5518018
2018-07-17,51.95,53.025,51.855,53.02,16616284
2018-07-18,53.4,53.595,53.15,53.56,9589542
2018-07-19,53.315,53.61,53.035,53.385,8347268
2018-07-20,53.32,53.49,52.885,53.33,7077894
2018-07-23,53.015,53.37,52.295,53.295,10663898
2018-07-24,53.8,53.885,52.585,52.63,20837340
2018-07-25,52.66,52.955,52.035,52.895,22300158
2018-07-26,53.1,53.705,53.095,53.675,32806470
2018-07-27,53.81,54.17,53.05,53.41,16984686
2018-07-30,53.57,53.61,52.715,53.045,18956980
2018-07-31,53.435,53.935,52.945,52.945,8763482
2018-08-01,53.235,53.74,53.0,53.175,7098214
2018-08-02,52.75,53.79,52.575,53.71,8160650
2018-08-03,53.765,53.875,53.49,53.795,6058186
2018-08-06,53.775,54.08,53.39,54.08,6070722
2018-08-07,54.235,54.445,54.035,54.445,6405942
2018-08-08,54.375,54.6775,54.24,54.615,7377740
2018-08-09,54.3,54.415,54.03,54.085,7200054
2018-08-10,52.925,53.24,52.58,52.815,17227394
2018-08-13,52.85,53.335,52.81,52.875,7944488
2018-08-14,53.13,53.27,52.685,52.75,8239652
2018-08-15,52.23,52.425,51.365,51.875,18819192
2018-08-16,52.22,52.255,51.68,51.795,10082308
2018-08-17,51.235,51.56,50.69,51.415,20096076
2018-08-20,51.405,51.7,50.815,51.345,10569698
2018-08-21,51.6,52.555,51.55,52.405,9649448
2018-08-22,52.185,52.6475,51.9425,52.6,8272812
2018-08-23,52.605,52.995,52.52,52.665,7418120
2018-08-24,52.97,53.47,52.8725,53.47,8278802
2018-08-27,53.81,54.685,53.75,54.305,12418986
2018-08-28,54.65,54.755,54.02,54.51,8673540
2018-08-29,54.575,54.925,54.38,54.82,6822860
2018-08-30,54.66,54.86,54.16,54.235,14144166
2018-08-31,54.145,54.515,54.135,54.47,4678780
2018-09-04,54.24,54.865,54.055,54.865,9693562
2018-09-05,54.84,54.935,54.105,54.565,10499096
2018-09-06,54.28,54.33,53.075,53.15,18097098
2018-09-07,52.95,53.645,52.765,52.915,14306986
2018-09-10,53.295,53.45,52.965,53.43,6366834
2018-09-11,53.0,53.13,52.505,52.76,10409990
2018-09-12,52.04,52.17,51.08,52.155,18507952
2018-09-13,52.84,53.38,52.53,52.795,13460294
2018-09-14,53.09,53.545,52.925,53.34,10378336
2018-09-17,52.98,53.31,52.565,52.62,10812156
2018-09-18,52.755,53.35,52.755,53.02,5753898
2018-09-19,53.025,53.37,52.865,53.14,6845944
2018-09-20,53.625,54.03,53.555,53.825,12428226
2018-09-21,53.755,54.02,53.48,53.555,9959004
2018-09-24,53.31,53.945,53.165,53.935,7850180
2018-09-25,53.535,53.78,52.975,53.075,8013090
2018-09-26,52.835,53.255,52.595,52.605,9635248
2018-09-27,52.815,53.105,52.655,52.935,4722506
2018-09-28,52.795,53.415,52.625,53.225,7933306
2018-10-01,53.38,53.775,53.245,53.365,7759786
2018-10-02,53.135,54.085,53.115,53.325,10232638
2018-10-03,53.68,53.82,53.035,53.53,9491640
2018-10-04,53.075,53.095,51.88,52.325,19323184
2018-10-05,52.125,52.33,50.655,51.135,19171394
2018-10-08,50.645,51.115,50.05,50.535,17802496
2018-10-09,50.395,50.75,50.12,50.44,16424156
2018-10-10,49.565,49.66,48.15,48.15,42715848
2018-10-11,48.155,49.22,47.335,47.725,41803406
2018-10-12,49.12,49.395,47.91,48.67,18408258
2018-10-15,48.45,48.685,48.015,48.14,12922850
2018-10-16,48.655,49.82,48.62,49.77,14243828
2018-10-17,50.25,50.3,49.215,49.525,10419572
2018-10-18,49.215,49.265,48.065,48.235,16548392
2018-10-19,48.5,48.845,47.34,47.54,18841952
2018-10-22,47.88,48.155,47.375,47.795,12339728
2018-10-23,46.54,47.865,46.145,47.605,26109670
2018-10-24,46.685,46.78,44.365,44.41,28576364
2018-10-25,44.815,46.005,44.76,45.665,18808352
2018-10-26,44.625,45.6425,44.085,44.84,14122420
2018-10-29,45.5,45.965,43.475,44.325,22337146
2018-10-30,44.495,46.225,44.375,46.21,23647710
2018-10-31,47.065,47.17,46.44,46.73,16491762
2018-11-01,47.165,49.065,47.11,48.985,23242882
2018-11-02,48.885,49.04,47.64,48.205,19188800
2018-11-05,48.045,48.045,47.0,47.76,12826392
2018-11-06,47.775,48.42,47.66,48.255,7407092
2018-11-07,48.85,48.955,48.255,48.85,8895486
2018-11-08,48.32,48.985,48.255,48.625,7740530
2018-11-09,47.955,48.11,47.33,47.745,14250038
2018-11-12,46.91,47.035,45.515,45.655,20625008
2018-11-13,46.025,47.24,46.025,46.245,25109826
2018-11-14,46.99,47.235,46.03,46.485,16072674
2018-11-15,46.275,48.12,46.245,47.955,18331488
2018-11-16,46.055,47.4,46.055,47.14,23973858
2018-11-19,46.89,47.03,45.325,45.37,20829218
2018-11-20,44.095,45.98,44.0,45.33,17264184
2018-11-21,45.995,46.28,45.53,45.53,13247430
2018-11-23,45.135,45.855,45.11,45.465,3050168
2018-11-26,46.24,46.3975,45.72,46.37,10932216
2018-11-27,45.965,46.76,45.825,46.44,14827488
2018-11-28,46.9,47.68,46.15,47.67,10969380
2018-11-29,47.385,47.67495,47.13,47.22,9176570
2018-11-30,47.16,48.375,46.71,48.375,16499592
2018-12-03,49.43,49.565,48.71,49.225,14294576
2018-12-04,48.755,48.9,46.745,46.805,17418718
2018-12-06,45.44,46.53,45.245,46.53,16050258
2018-12-07,46.355,46.455,44.535,44.765,18385278
2018-12-10,44.69,45.475,44.45,45.285,15605912
2018-12-11,46.11,46.605,45.2501,45.51,17575638
2018-12-12,46.23,46.8625,45.895,46.2,13725858
2018-12-13,46.495,46.705,45.875,46.045,9888240
2018-12-14,45.32,46.22,45.32,45.33,13262362
2018-12-17,45.22,46.015,44.51,44.9,15526324
2018-12-18,45.255,46.13,45.195,45.44,17468472
2018-12-19,45.08,45.645,43.25,42.651,19939960
2018-12-20,42.855,43.33,41.785,42.31,28514668
2018-12-21,42.53,43.085,41.46,41.58,21624610
2018-12-24,41.225,41.76,40.44,40.48,9548674
2018-12-26,40.895,42.805,40.355,42.755,16473252
2018-12-27,42.045,43.13,41.65,43.13,17674068
2018-12-28,43.37,44.2,43.07,43.425,13458856
2018-12-31,43.84,44.07,43.245,43.64,10460246
2019-01-02,42.745,44.275,42.625,43.96,14288046
2019-01-03,42.805,43.13,41.275,41.32,18546014
2019-01-04,42.035,43.40815,41.945,43.245,18149332
2019-01-07,43.46,44.43,43.22,44.08,11156846
2019-01-08,44.45,44.495,43.245,43.825,13272018
2019-01-09,44.305,45.18,44.305,44.945,17856076
2019-01-10,44.63,45.45,44.48,45.41,11440032
2019-01-11,45.125,46.165,45.025,45.785,13337976
2019-01-14,45.205,45.315,44.825,45.0,9963592
2019-01-15,45.305,45.665,44.91,45.12,11484330
2019-01-16,45.22,45.48,44.74,44.765,11013464
2019-01-17,44.455,45.56,44.2,45.32,15829978
2019-01-18,45.73,46.66,45.525,46.44,16661706
2019-01-22,46.01,46.02,44.77,45.095,14365334
2019-01-23,45.41,45.59,44.49,44.915,11732142
2019-01-24,46.065,47.74,46.065,47.56,25283970
2019-01-25,47.725,48.6225,47.385,48.445,18173862
2019-01-28,46.58,47.865,46.58,47.54,16266346
2019-01-29,47.605,47.74,46.835,46.91,10930098
2019-01-30,47.685,48.495,47.22,48.33,12258846
2019-01-31,48.135,48.65,47.76,48.295,11274232
2019-02-01,48.42,49.12,48.335,48.91,11545936
2019-02-04,48.88,49.155,48.495,49.15,9251376
2019-02-05,49.135,49.61,49.005,49.425,14672334
2019-02-06,50.09,50.985,50.015,50.65,16603020
2019-02-07,49.945,50.225,49.13505,49.56,18215090
2019-02-08,48.735,49.52,48.56,49.425,11795516
2019-02-11,49.565,49.765,49.24,49.64,6917162
2019-02-12,50.285,50.8775,50.22,50.745,11511826
2019-02-13,50.925,51.245,50.715,50.865,7987156
2019-02-14,50.65,51.355,50.64,51.015,8804908
2019-02-15,51.38,51.48,50.925,51.275,9890610
2019-02-19,51.085,51.54005,51.075,51.215,6991682
2019-02-20,51.465,52.015,51.465,51.68,8892470
2019-02-21,51.625,51.79,51.205,51.36,9303604
2019-02-22,51.805,52.155,51.705,52.09,9265912
2019-02-25,52.835,53.135,52.505,52.565,9845652
2019-02-26,52.37,52.57,52.0655,52.225,6963226
2019-02-27,51.985,51.985,51.11,51.69,11668664
2019-02-28,51.405,51.805,51.28,51.665,8978062
2019-03-01,52.13,52.4,51.615,52.14,8854862
2019-03-04,52.49,52.65,51.495,52.165,9056356
2019-03-05,52.005,52.22,51.645,51.92,8297722
2019-03-06,51.85,51.85,51.015,51.045,9314350
2019-03-07,50.75,50.85,50.21,50.49,12776448
2019-03-08,49.715,50.52,49.52,50.475,10104798
2019-03-11,50.74,51.795,50.665,51.55,11949290
2019-03-12,51.71,52.0525,51.345,51.805,8638836
2019-03-13,52.09,52.405,51.93,52.015,8911460
2019-03-14,51.95,52.245,51.7025,51.725,8708496
2019-03-15,52.37,53.56,52.35,53.11,16864276
2019-03-18,53.155,53.445,52.65,52.965,9495480
2019-03-19,53.365,53.745,53.21,53.575,13650428
2019-03-20,53.635,53.84,52.805,53.115,11618654
2019-03-21,53.315,55.2984,53.315,54.945,18619396
2019-03-22,54.63,54.755,53.33,53.375,18135364
2019-03-25,53.04,53.475,52.29,52.7,11660468
2019-03-26,53.285,53.61,52.8175,53.19,9677740
2019-03-27,53.245,53.4,52.06,52.415,15877780
2019-03-28,52.5,52.905,51.995,52.315,14142066
2019-03-29,52.935,53.275,52.83,53.165,11183798
2019-04-01,53.97,54.525,53.74,54.475,11874656
2019-04-02,54.495,54.65,54.195,54.52,6885500
2019-04-03,55.4,56.25,55.28,55.79,18119606
2019-04-04,55.545,56.195,55.48,55.85,13235148
2019-04-05,56.175,56.335,55.85,56.27,9291580
2019-04-08,55.98,56.4475,55.8975,56.385,7829540
2019-04-09,56.075,56.075,55.5375,55.77,10522244
2019-04-10,55.65,56.385,55.62,56.22,12485168
2019-04-11,56.225,56.515,56.0,56.165,8534306
2019-04-12,56.72,56.955,56.4775,56.955,7784860
2019-04-15,56.94,56.98,56.21,56.545,9355746
2019-04-16,56.945,57.935,56.91505,57.925,13847952
2019-04-17,59.07,59.415,58.4425,58.78,17039246
2019-04-18,58.915,59.01,58.55,58.865,11584456
2019-04-22,58.535,58.9425,58.4,58.82,10271236
2019-04-23,59.06,59.4425,58.9,59.295,9897806
2019-04-24,59.24,60.355,59.235,59.8,13842446
2019-04-25,59.455,59.605,58.22,58.62,19979426
2019-04-26,57.35,57.92,56.745,57.905,22088114
2019-04-29,57.775,57.9,57.4125,57.6,7428912
2019-04-30,57.68,58.255,57.605,58.125,10399312
2019-05-01,58.6,58.94,57.635,57.68,14377136
2019-05-02,57.685,58.77,57.58005,58.225,13587568
2019-05-03,58.585,58.785,58.2,58.745,12327200
2019-05-06,56.82,57.855,56.595,57.805,13573024
2019-05-07,57.12,57.255,55.88,56.485,23139432
2019-05-08,56.115,56.935,56.0,56.08,17838032
2019-05-09,55.125,55.5525,54.0725,55.29,36848996
2019-05-10,54.9,55.615,53.99,55.23,26992368
2019-05-13,53.375,53.76,52.46505,52.67,35276830
2019-05-14,53.44,54.27,53.18,54.02,21698616
2019-05-15,53.385,54.875,53.33175,54.52,25708110
2019-05-16,53.735,54.315,53.415,53.75,23369406
2019-05-17,52.935,54.025,52.55,52.715,38983206
2019-05-20,51.05,51.41,50.29,50.62,37746318
2019-05-21,51.715,53.35,51.285,51.775,19799180
2019-05-22,50.965,51.365,50.745,50.865,21798612
2019-05-23,49.95,50.18,49.25,50.02,24398714
2019-05-24,50.43,50.665,49.715,49.715,19091990
2019-05-28,50.0,50.16,49.2275,49.275,12133782
2019-05-29,48.865,49.645,48.805,49.44,26900422
2019-05-30,49.6,50.26,49.485,49.82,15246690
2019-05-31,49.295,49.96,48.965,49.115,27918396
2019-06-03,49.655,50.035,48.825,49.06,13463482
2019-06-04,49.84,51.095,49.53,51.07,13923258
2019-06-05,51.515,51.64,50.12,50.68,21119006
2019-06-06,50.765,51.555,50.58,51.38,10042260
2019-06-07,51.665,52.18,51.485,52.045,11348216
2019-06-10,52.695,53.925,52.6,53.345,17218408
2019-06-11,54.18,54.4,53.21,53.54,16207746
2019-06-12,53.03,53.11895,52.33,52.38,8059132
2019-06-13,52.73,52.855,52.29,52.64,7157276
2019-06-14,51.295,51.525,50.99,51.33,11866870
2019-06-17,51.305,51.465,50.89,51.015,12354216
2019-06-18,51.465,53.455,51.465,53.09,27726824
2019-06-19,53.375,53.62,52.97,53.215,9436254
2019-06-20,54.385,54.6,53.55,53.83,11151880
2019-06-21,53.565,54.005,53.42,53.575,10478374
2019-06-24,53.705,53.895,53.475,53.675,12248846
2019-06-25,53.66,53.84,52.71,52.745,12315002
2019-06-26,53.9,54.67,53.895,54.305,14639588
2019-06-27,54.665,55.305,54.665,55.035,10445112
2019-06-28,55.75,55.795,55.055,55.09,11854974
2019-07-01,57.55,57.98,56.27,56.645,18243372
2019-07-02,56.49,56.495,55.73,55.98,8506574
2019-07-03,55.91,55.965,55.4,55.775,4022146
2019-07-05,55.125,55.485,54.8,55.365,7976760
2019-07-08,54.84,55.115,54.61,55.005,7715480
2019-07-09,54.635,55.47,54.545,55.39,8020308
2019-07-10,55.985,56.685,55.84,55.94,9222650
2019-07-11,56.255,56.305,55.805,56.095,7685020
2019-07-12,56.31,57.155,56.31,57.125,7099534
2019-07-15,57.455,57.795,57.255,57.585,5291648
2019-07-16,57.275,57.31,56.74,56.99,7412984
2019-07-17,57.39,57.52,57.025,57.195,5378938
2019-07-18,57.325,58.365,57.305,58.225,10471524
2019-07-19,58.44,58.76,58.195,58.23,8773134
2019-07-22,58.625,59.485,58.605,59.395,10077710
2019-07-23,59.8,60.06,59.415,60.055,8288590
2019-07-24,60.455,61.78,60.35,61.655,13770822
2019-07-25,61.285,61.35,60.4275,60.54,11179170
2019-07-26,61.0,61.05,60.385,60.415,7876316
2019-07-29,60.315,60.715,59.8,60.62,8749542
2019-07-30,59.97,60.525,59.835,60.35,5625766
2019-07-31,60.08,60.11,57.89,58.545,10838782
2019-08-01,58.385,59.955,56.89,57.365,26134940
2019-08-02,56.9,57.23,56.105,56.585,16233710
2019-08-05,55.05,55.135,53.705,54.145,17974586
2019-08-06,55.165,55.61,54.415,55.005,18445226
2019-08-07,54.325,55.425,54.2,55.305,14577762
2019-08-08,55.775,56.77,55.525,56.72,10679876
2019-08-09,56.2,56.34,55.345,55.74,16228504
2019-08-12,55.22,55.705,54.78,55.08,7562720
2019-08-13,54.93,57.095,54.6425,56.66,19614314
2019-08-14,55.25,55.715,54.51,54.835,16065144
2019-08-15,55.175,55.25,54.3,54.775,9593682
2019-08-16,55.375,56.26,55.005,56.115,11205576
2019-08-19,57.33,57.585,56.775,57.04,9343836
2019-08-20,56.95,57.11,56.485,56.715,11220474
2019-08-21,57.29,57.57,57.03,57.295,5137748
2019-08-22,57.375,57.545,56.635,57.22,7954232
2019-08-23,56.45,57.0225,54.65,54.85,25409284
2019-08-26,55.685,55.79,55.216,55.415,7238764
2019-08-27,55.85,56.04,54.96,55.285,8074536
2019-08-28,55.035,55.73,54.635,55.64,7750940
2019-08-29,56.59,57.22,56.55,56.845,11236176
2019-08-30,57.42,57.69,56.955,57.21,7725856
2019-09-03,56.655,56.785,55.995,56.305,8735682
2019-09-04,57.235,57.9775,57.225,57.965,10079856
2019-09-05,59.225,60.39,59.155,59.725,14293044
2019-09-06,59.82,59.995,59.445,59.775,5642940
2019-09-09,60.02,60.46,59.76,60.005,6718674
2019-09-10,59.68,60.13,59.295,60.125,7900922
2019-09-11,60.365,60.925,60.055,60.89,6788926
2019-09-12,61.335,61.565,60.585,60.985,8984316
2019-09-13,60.9,61.24,60.67,60.955,7083084
2019-09-16,60.445,60.775,60.025,60.545,4699348
2019-09-17,60.3,60.84,60.14,60.79,6589600
2019-09-18,60.775,60.885,60.04005,60.855,4472082
2019-09-19,61.025,61.18,60.545,60.61,6383414
2019-09-20,60.75,60.76,59.27,59.475,10214498
2019-09-23,59.41,60.3,59.41,59.985,9459690
2019-09-24,60.43,60.545,58.825,59.095,11125228
2019-09-25,58.805,60.26,58.335,60.105,10437394
2019-09-26,60.15,60.49,59.675,60.315,9785564
2019-09-27,59.845,60.11,58.43,58.885,13748344
2019-09-30,59.295,59.63,58.975,59.565,5209122
2019-10-01,59.98,60.66,58.93,59.16,9569784
2019-10-02,58.61,58.77,57.86,58.195,9971608
2019-10-03,58.19,59.16,57.54,59.09,11173942
2019-10-04,59.46,60.16,59.26,60.13,7198488
2019-10-07,60.05,60.395,59.81,59.83,11482032
2019-10-08,59.195,59.375,58.16,58.26,12248348
2019-10-09,59.09,59.675,58.95,59.285,6484726
2019-10-10,59.445,60.415,59.385,59.85,9388308
2019-10-11,61.05,61.94,60.905,61.215,17169166
2019-10-14,61.215,61.435,61.025,61.305,4415718
2019-10-15,61.585,62.68995,61.585,62.525,7660804
2019-10-16,62.125,62.4601,61.4975,61.615,6960778
2019-10-17,62.3,62.555,61.28,61.655,6693114
2019-10-18,61.555,61.745,60.505,61.05,7199112
2019-10-21,61.5,62.22,61.42,62.195,10253996
2019-10-22,62.41,62.495,61.71,61.725,7195062
2019-10-23,60.64,61.105,60.31,60.65,11621462
2019-10-24,61.555,62.28,61.45,62.255,9637960
2019-10-25,62.53,63.57,62.53,63.515,9143180
2019-10-28,64.05,64.56,63.91,64.48,9707296
2019-10-29,64.59,65.08135,63.97,64.04,7143052
2019-10-30,64.38,64.38,63.605,64.11,6770590
2019-10-31,63.93,64.0,63.066,63.745,7842344
2019-11-01,64.25,65.07,64.115,65.06,8745382
2019-11-04,66.12,66.54,65.91005,66.445,7755036
2019-11-05,66.585,67.01,66.3,66.48,5403508
2019-11-06,66.265,66.335,65.485,66.075,8512030
2019-11-07,66.925,67.14,66.165,66.465,7853520
2019-11-08,66.16,66.605,65.7125,66.605,6743136
2019-11-11,66.04,66.46,65.8,66.335,5145210
2019-11-12,66.625,66.98,66.225,66.475,4710096
2019-11-13,66.09,66.76,65.9,66.59,5728700
2019-11-14,66.435,66.53,65.99,66.47,5225336
2019-11-15,67.375,67.63,66.86,67.145,8184402
2019-11-18,67.115,67.6,66.805,67.185,3931806
2019-11-19,67.53,67.625,66.666,66.955,6636272
2019-11-20,66.62,66.99645,65.78,66.3,9885840
2019-11-21,66.0,66.155,65.3,65.575,8167680
2019-11-22,65.835,66.09,65.33,65.46,6401614
2019-11-25,66.03,66.98,66.03,66.97,6603282
2019-11-26,66.82,66.926,66.43,66.755,7095044
2019-11-27,67.025,67.205,66.88,67.205,4593308
2019-11-29,66.835,66.87,66.415,66.455,3278366
2019-12-02,66.595,66.67,65.475,65.59,9098506
2019-12-03,64.325,64.715,63.96,64.67,13669046
2019-12-04,65.5,65.86,65.435,65.62,6475660
2019-12-05,65.93,66.195,65.735,66.015,4879686
2019-12-06,66.665,67.14,66.665,66.995,6752576
2019-12-09,67.03,67.2,66.535,66.545,3986256
2019-12-10,66.795,67.225,66.62,66.81,5077246
2019-12-11,67.295,68.27,67.035,68.24,9614550
2019-12-12,68.335,70.235,68.265,70.2,12057132
2019-12-13,70.195,70.965,69.705,69.93,10017418
2019-12-16,70.79,71.05,70.465,70.5,7100784
2019-12-17,71.0,71.045,70.49,70.9,5579496
2019-12-18,71.1,71.1,70.545,70.655,4843014
2019-12-19,70.965,71.12,70.575,71.065,4704264
2019-12-20,71.45,71.985,71.21,71.75,6537454
2019-12-23,71.565,71.71,70.81,71.04,5452562
2019-12-24,71.215,71.215,70.715,71.185,2355114
2019-12-26,71.26,71.49,71.035,71.375,3149748
2019-12-27,71.635,71.7,70.98,71.13,3688516
2019-12-30,71.25,71.25,70.125,70.615,5910098
2019-12-31,70.375,70.84,70.205,70.705,5706602
2020-01-02,71.895,72.47,71.655,72.34,5200298
2020-01-03,71.275,71.7153,70.94,71.155,9963630
2020-01-06,70.255,70.565,69.885,70.395,6514862
2020-01-07,71.12,71.825,70.7,71.57,6547824
2020-01-08,71.565,72.055,71.26,71.69,6113614
2020-01-09,72.605,72.605,71.42,72.1,6405040
2020-01-10,72.51,72.51,71.37,71.5,4503876
2020-01-13,72.1,72.5275,71.84,72.5,7212806
2020-01-14,72.59,73.135,72.21,72.65,6054004
2020-01-15,72.355,72.46,71.37,71.575,7380484
2020-01-16,72.24,72.73,72.155,72.73,6238632
2020-01-17,73.045,73.05,72.51,73.03,5896456
2020-01-21,72.74,73.415,72.67505,73.09,6054580
2020-01-22,73.62,74.305,73.48,73.695,7073678
2020-01-23,73.9,74.15,73.28675,74.15,8739926
2020-01-24,75.155,75.37,73.275,73.825,9999234
2020-01-27,71.43,71.75,70.62505,70.85,13582646
2020-01-28,71.625,72.79,71.205,72.625,7419468
2020-01-29,72.33,72.57,71.405,71.52,5877814
2020-01-30,70.795,71.47,69.985,71.355,10334250
2020-01-31,70.72,70.7825,68.48,68.785,12204780
2020-02-03,69.085,69.8175,68.995,69.725,7687356
2020-02-04,71.6,72.035,71.235,71.97,10815558
2020-02-05,73.25,73.555,72.43,73.4,10792958
2020-02-06,73.5,73.52,72.595,73.45,5421890
2020-02-07,72.725,72.78495,71.73,71.77,10472384
2020-02-10,71.29,72.915,71.25,72.9,8198426
2020-02-11,73.56,74.7475,73.56,74.44,10834218
2020-02-12,74.995,75.58,74.995,75.49,7438322
2020-02-13,74.975,76.165,74.87,75.67,7965630
2020-02-14,76.0,76.31,74.895,75.345,7469736
2020-02-18,73.835,74.33,73.555,74.215,11819286
2020-02-19,75.37,76.26,75.25,76.125,8133942
2020-02-20,75.8,75.9,73.77,74.925,7755982
2020-02-21,74.43,74.475,72.48,72.725,14165040
2020-02-24,69.385,70.365,68.77,69.43,19728176
2020-02-25,70.25,70.47,67.105,67.43,25658582
2020-02-26,68.01,69.125,67.295,67.835,19093738
2020-02-27,66.0,67.025,64.55,64.71,25962430
2020-02-28,62.3,66.34,62.155,65.985,19299140
2020-03-02,66.84,68.28,65.005,68.27,14083044
2020-03-03,68.525,69.455,65.555,66.03,14800954
2020-03-04,67.34,69.415,66.62315,69.415,10803060
2020-03-05,67.505,68.89,66.645,67.235,11345974
2020-03-06,65.255,66.365,64.325,65.94,14819274
2020-03-09,60.33,63.5,60.24,60.455,14174330
2020-03-10,62.765,64.18,60.615,64.18,12554730
2020-03-11,62.065,63.5,60.095,60.715,14562868
2020-03-12,56.47,58.815,54.295,54.305,13776036
2020-03-13,57.66,60.08,54.55,59.57,11600028
2020-03-16,52.6,56.22,50.64,50.985,13095850
2020-03-17,51.885,55.71,50.25,55.115,19195714
2020-03-18,51.0,53.185,48.0,50.535,14520406
2020-03-19,50.145,53.075,48.52,51.43,10292634
2020-03-20,53.575,54.61,50.4,50.53,13732978
2020-03-23,51.225,53.15,49.962,52.405,13153686
2020-03-24,55.75,58.04,55.7,57.815,15628578
2020-03-25,58.37,60.195,56.355,57.38,9801666
2020-03-26,58.4,61.0,58.1,60.86,9212772
2020-03-27,58.765,59.535,57.475,57.495,12571404
2020-03-30,58.56,59.955,57.92,59.75,9145510
2020-03-31,59.87,60.67,58.18,58.57,10226512
2020-04-01,56.72,58.095,55.09,55.665,12936274
2020-04-02,55.17,57.35,55.12,57.165,9846112
2020-04-03,57.0,57.73,55.405,56.02,7177598
2020-04-06,58.615,61.905,58.61,61.59,17370950
2020-04-07,63.85,63.94,61.4,61.4,11802856
2020-04-08,62.495,63.745,61.69,63.435,9511570
2020-04-09,64.095,64.82,61.445,61.935,20815010
2020-04-13,61.665,62.845,61.375,62.745,10961670
2020-04-14,64.31,65.55,64.09,65.49,15346446
2020-04-15,64.025,64.065,62.995,63.725,12026728
2020-04-16,64.825,65.715,64.2,65.415,9309966
2020-04-17,66.68,66.97465,65.43,66.055,10195166
2020-04-20,65.005,66.06,64.635,64.655,6241222
2020-04-21,63.555,63.91005,61.39,61.76,12767292
2020-04-22,63.575,65.62,63.525,65.25,12030526
2020-04-23,65.23,65.96,64.5,64.65,8544478
2020-04-24,64.645,66.115,64.159,65.955,7987978
2020-04-27,66.61,67.335,66.255,66.77,8903624
2020-04-28,67.895,68.23,66.25,66.325,9113566
2020-04-29,67.52,69.68,67.265,69.44,9770988
2020-04-30,69.05,69.05,66.75,66.865,13736398
2020-05-01,65.43,65.55,63.465,63.715,12031126
2020-05-04,63.45,64.5,63.055,64.42,7615792
2020-05-05,65.335,66.415,64.89,65.26,9668896
2020-05-06,66.055,67.0182,65.87,66.025,6652898
2020-05-07,67.25,67.45835,66.3566,66.625,6246778
2020-05-08,67.36,68.405,67.09,68.325,6033270
2020-05-11,67.665,68.85,67.62,68.36,5441712
2020-05-12,68.8,68.955,66.4575,66.48,7153254
2020-05-13,66.965,67.195,64.385,65.3,13728498
2020-05-14,64.805,67.195,63.705,67.13,11389616
2020-05-15,64.875,65.925,64.43,65.6,14959036
2020-05-18,67.28,68.785,67.215,68.425,8480874
2020-05-19,68.395,69.635,68.065,68.17,7989994
2020-05-20,69.68,71.00545,69.66,70.64,9048698
2020-05-21,70.47,70.645,68.75,68.85,8866372
2020-05-22,68.885,69.075,68.045,68.995,4968938
2020-05-26,70.635,71.07,69.485,69.59,9327184
2020-05-27,69.615,70.65,67.825,70.64,13018704
2020-05-28,70.25,71.005,68.775,69.13,10385744
2020-05-29,69.385,70.945,69.14,70.515,12026206
2020-06-01,70.45,70.7775,69.89,70.41,6335062
2020-06-02,70.745,71.86,70.335,71.795,7555808
2020-06-03,72.885,74.07,72.88,73.775,8987508
2020-06-04,73.445,75.09,73.35,74.59,6281538
2020-06-05,76.165,77.385,76.075,76.35,9793530
2020-06-08,76.695,76.71915,74.73,76.12,5562422
2020-06-09,75.285,76.5425,75.035,76.26,5725996
2020-06-10,76.725,77.365,76.33,76.65,7013284
2020-06-11,74.735,75.05,71.895,71.945,9342858
2020-06-12,74.0,74.375,71.425,72.96,9391828
2020-06-15,71.36,74.01,71.165,73.905,8523544
2020-06-16,75.905,76.31,73.89,75.06,7783666
2020-06-17,75.765,76.505,75.36,75.855,9421924
2020-06-18,75.71,76.175,75.3625,75.75,5770018
2020-06-19,76.55,76.975,75.205,75.395,6698106
2020-06-22,75.41,76.15,74.76,76.085,5636014
2020-06-23,76.6,77.05,76.175,76.335,4749284
2020-06-24,75.925,76.35,74.165,74.735,8941852
2020-06-25,74.84,75.39,73.55,75.245,4635484
2020-06-26,75.245,75.41,73.6775,73.835,7897858
2020-06-29,74.07,74.585,72.925,74.585,6789718
2020-06-30,75.045,76.679,74.935,76.4,8866664
2020-07-01,76.45,76.48,75.52,75.525,6057518
2020-07-02,76.565,77.255,76.31,76.68,6947370
2020-07-06,78.0867,79.05,77.925,78.795,6926344
2020-07-07,78.575,79.035,77.66,77.815,5952530
2020-07-08,78.52,79.005,77.875,78.93,5181802
2020-07-09,79.25,80.62,78.4425,80.3,11834058
2020-07-10,80.285,80.515,79.195,79.985,4752362
2020-07-13,81.2,82.02695,78.68,78.835,9496672
2020-07-14,78.3155,80.35,77.405,80.16,7806648
2020-07-15,80.655,80.685,78.645,79.795,6357278
2020-07-16,79.045,79.975,78.55,79.735,6811230
2020-07-17,80.26,80.39,79.71,80.105,4978830
2020-07-20,80.225,81.92,79.66,81.705,4485574
2020-07-21,82.54,82.585,81.07,81.295,6096294
2020-07-22,81.56,82.47,81.24,81.89,4728946
2020-07-23,81.91,82.525,79.835,80.54,7435996
2020-07-24,79.275,80.94,78.615,79.73,6040894
2020-07-27,81.54,83.005,81.4205,82.945,5584730
2020-07-28,81.805,81.91,80.665,80.79,5693362
2020-07-29,81.51,83.135,81.365,82.825,6411962
2020-07-30,82.105,83.7,81.93,83.605,6549890
2020-07-31,83.77,83.77,81.915,83.11,10354982
2020-08-03,83.6625,84.725,83.575,84.59,4027858
2020-08-04,84.63,85.9,84.56,85.82,5996992
2020-08-05,85.82,86.545,85.42,85.895,4377218
2020-08-06,85.86,85.875,84.87,85.745,4439020
2020-08-07,85.615,86.01615,83.87,84.76,5515216
2020-08-10,85.035,85.22,83.57,84.82,4575270
2020-08-11,84.835,85.255,83.37,83.62,6514676
2020-08-12,84.36,86.5,84.015,86.25,5740314
2020-08-13,86.205,86.3,85.04,85.43,4550142
2020-08-14,85.675,86.43,85.14,85.34,3263100
2020-08-17,86.33,87.055,86.12,86.585,2801762
2020-08-18,86.945,87.165,85.82,86.05,3021820
2020-08-19,86.215,86.295,85.32,85.525,4716762
2020-08-20,84.59,85.1075,84.115,84.84,5814798
2020-08-21,84.81,85.475,84.51,85.455,4163094
2020-08-24,86.41,86.695,85.605,86.215,2595322
2020-08-25,86.415,87.23,86.3975,87.19,2598880
2020-08-26,87.41,87.965,87.175,87.675,2835924
2020-08-27,87.975,88.195,85.92,86.445,6243256
2020-08-28,86.7,87.9,86.425,87.82,2711602
2020-08-31,87.55,88.32,86.95,87.685,3468914
2020-09-01,88.35,89.45,87.94,89.405,3668178
2020-09-02,90.9,92.305,89.69,91.775,7924922
2020-09-03,90.41,90.41,86.185,86.9,13800318
2020-09-04,86.195,87.36,82.74755,85.705,9851354
2020-09-08,82.4,84.31,81.7875,81.905,7993394
2020-09-09,83.915,84.88725,82.995,84.25,4672290
2020-09-10,85.24045,85.655,82.7,83.19,5838008
2020-09-11,83.9,84.685,82.235,83.03,4779832
2020-09-14,84.975,85.505,84.265,84.9,4549686
2020-09-15,86.09,87.24,85.88695,86.685,7696242
2020-09-16,87.24,87.37,85.485,85.62,3870646
2020-09-17,83.26,85.56205,83.105,85.425,4373960
2020-09-18,85.92,86.09,83.12065,84.135,5509248
2020-09-21,82.715,84.18,82.015,84.175,8011734
2020-09-22,84.675,85.015,83.18,84.865,3214242
2020-09-23,84.95,85.325,82.625,82.925,4852162
2020-09-24,82.15,84.805,82.05,83.65,6386164
2020-09-25,83.43,84.88,82.46,84.62,5076726
2020-09-28,85.9286,86.84,85.23,86.77,3918684
2020-09-29,86.565,87.785,86.565,87.23,6431392
2020-09-30,87.065,88.095,86.7231,87.1,5782210
2020-10-01,88.765,89.54,88.32365,89.25,4724854
2020-10-02,87.265,88.475,86.54,86.575,6279372
2020-10-05,87.395,89.525,87.325,89.525,3832234
2020-10-06,89.31,90.805,88.39,88.74,10500200
2020-10-07,90.08,90.885,90.06,90.64,3467612
2020-10-08,91.62,91.87,91.18,91.75,3773226
2020-10-09,93.135,93.55,92.7,93.325,5310136
2020-10-12,94.62,95.36,94.055,94.97,4606586
2020-10-13,95.035,95.475,94.29,94.685,3183154
2020-10-14,95.09,95.27,93.6,94.185,4294234
2020-10-15,92.455,93.95,92.2,93.82,2656244
2020-10-16,94.51,94.51,93.16,93.235,3466998
2020-10-19,93.925,94.545,92.41,92.775,4638618
2020-10-20,93.425,93.585,92.545,92.85,4994578
2020-10-21,93.0,93.355,92.16,92.255,4890666
2020-10-22,92.295,92.645,91.165,92.22,3147160
2020-10-23,92.115,92.115,91.125,92.0,3332080
2020-10-26,91.285,91.625,88.935,90.03,6465254
2020-10-27,90.76,90.97,89.35,89.72,3752108
2020-10-28,88.18,88.295,86.635,86.825,9156348
2020-10-29,86.935,89.755,86.68,88.97,4594222
2020-10-30,87.895,88.5,86.53,87.475,4847440
2020-11-02,88.255,88.93,87.305,88.155,3878526
2020-11-03,88.915,90.6325,88.855,89.99,5890174
2020-11-04,91.95,93.62,90.80815,93.29,7822518
2020-11-05,95.70215,97.135,95.505,96.995,6045494
2020-11-06,96.845,98.7925,96.3,98.5,6303608
2020-11-09,100.91,101.445,97.325,97.425,10781236
2020-11-10,96.85,96.875,94.185,94.41,6903188
2020-11-11,96.0,97.975,95.915,97.73,5375384
2020-11-12,97.845,98.34,96.235,96.675,6405544
2020-11-13,97.92,98.865,97.44,98.1,4875048
2020-11-16,98.87,101.155,98.71,100.86,4773406
2020-11-17,100.625,100.625,99.2455,99.7,3430226
2020-11-18,100.23,100.68,99.16,99.205,7665230
2020-11-19,98.685,100.595,98.335,100.5,4394818
2020-11-20,100.705,101.315,99.88,99.99,3579314
2020-11-23,100.755,101.975,100.395,101.53,5039904
2020-11-24,102.195,102.24,100.385,101.85,3909890
2020-11-25,101.95,102.5,101.425,101.845,3595642
2020-11-27,102.55,103.785,102.55,103.21,3684552
2020-11-30,103.38,105.275,101.99,104.305,8532526
2020-12-01,105.315,107.0,104.875,106.2,6738106
2020-12-02,106.16,106.975,105.7,106.625,5308988
2020-12-03,107.31,107.83,106.46,106.585,4605118
2020-12-04,107.23,109.695,107.035,109.695,5366978
2020-12-07,110.41,110.45,109.345,110.32,4150660
2020-12-08,110.265,110.895,109.565,110.465,3726026
2020-12-09,109.895,110.315,106.335,107.045,7175164
2020-12-10,106.085,107.845,105.68,107.125,4239406
2020-12-11,106.41,107.095,105.20685,106.255,4151642
2020-12-14,107.2,107.9675,106.77,107.34,4346512
2020-12-15,108.695,109.31,108.2,109.025,5029394
2020-12-16,109.48,109.48,108.13,108.98,2536298
2020-12-17,109.665,109.7,108.54,108.955,2250840
2020-12-18,109.095,109.275,107.8875,108.58,6821120
2020-12-21,106.18,107.345,105.4,107.285,4260758
2020-12-22,107.455,107.46,106.175,107.095,3693908
2020-12-23,107.25,107.615,106.235,106.295,2660068
2020-12-24,106.6,107.455,106.6,107.435,1142898
2020-12-28,108.6409,108.745,107.12,107.22,2445734
2020-12-29,107.84,107.895,105.961,106.95,4497940
2020-12-30,107.575,109.05,107.575,108.925,2108846
2020-12-31,108.98,109.27,108.135,109.21,2863096
2021-01-04,110.275,112.5,108.28,109.43,9300588
2021-01-05,109.225,111.45,109.225,111.345,4639014
2021-01-06,110.415,113.105,109.97,111.005,7689260
2021-01-07,112.9,115.83,112.9,115.585,5244660
2021-01-08,117.56,117.9625,113.93,115.17,6728068
2021-01-11,114.72,117.675,114.4896,116.895,6266994
2021-01-12,117.91,118.375,116.27,117.44,6375140
2021-01-13,118.25,118.315,116.25,116.805,4428042
2021-01-14,118.53,121.435,118.39,119.71,6605696
2021-01-15,119.4,119.595,116.355,117.38,7656894
2021-01-19,119.625,121.5,118.985,121.41,6144486
2021-01-20,123.04,123.395,120.645,120.905,6309846
2021-01-21,122.465,123.07,120.94,122.775,7217856
2021-01-22,121.5,122.14,120.395,120.465,5508702
2021-01-25,121.585,121.845,118.485,120.94,7048468
2021-01-26,120.73,120.8,118.82,118.85,5392994
2021-01-27,116.44,116.44,112.465,113.045,11583590
2021-01-28,115.57955,117.185,114.39,115.41,7953618
2021-01-29,115.5,115.91,112.785,113.305,8083676
2021-02-01,115.07,117.92005,114.745,117.745,5437840
2021-02-02,119.5854,119.5854,117.90175,119.355,8677388
2021-02-03,119.91,119.91,117.005,117.11,6479774
2021-02-04,116.845,118.465,116.17,118.465,5895736
2021-02-05,119.22,119.245,117.44,117.605,4920582
2021-02-08,118.76,121.5475,118.595,121.535,8969132
2021-02-09,121.025,122.115,120.615,121.175,3216156
2021-02-10,122.25,122.945,119.995,121.485,7481162
2021-02-11,122.845,125.9975,122.775,125.985,10339946
2021-02-12,125.535,127.51995,124.775,127.28,6800792
2021-02-16,128.99,129.295,127.33,128.06,6947738
2021-02-17,126.735,127.24,124.01,125.58,7337990
2021-02-18,124.12,124.8,122.65,124.245,6065342
2021-02-19,126.14825,127.905,125.6,126.93,8658840
2021-02-22,125.265,125.93,121.835,122.29,6752942
2021-02-23,119.975,121.94,116.44,121.115,9492350
2021-02-24,119.985,125.025,119.22,125.01,9290986
2021-02-25,123.52,124.145,117.615,118.04,12311890
2021-02-26,120.065,121.445,117.46,120.475,10312696
2021-03-01,122.345,124.125,121.18,124.1,7118900
2021-03-02,124.34,124.34,120.18,120.285,7697296
2021-03-03,120.43,120.775,116.375,116.495,9035078
2021-03-04,115.885,116.695,109.18,110.84,18054788
2021-03-05,113.695,114.625,108.455,114.395,14766656
2021-03-08,113.77,114.28,108.07,108.11,15614524
2021-03-09,112.1027,115.26,111.65,114.515,14207142
2021-03-10,116.27,116.27,112.105,112.19,12627410
2021-03-11,115.63075,117.465,115.035,116.905,8957336
2021-03-12,114.75,115.7,113.875,115.445,7449184
2021-03-15,116.11,117.935,115.165,117.935,6876340
2021-03-16,119.115,120.91,118.355,119.225,9247120
2021-03-17,117.355,121.29,116.515,120.345,10292348
2021-03-18,118.6,118.78,115.415,115.525,8934818
2021-03-19,115.695,117.86,114.4,116.84,14151120
2021-03-22,118.415,120.91,118.075,119.625,9827338
2021-03-23,119.765,119.765,116.1121,116.63,9038676
2021-03-24,118.42,118.66,114.5675,114.63,8924972
2021-03-25,113.11,115.41,112.205,115.05,13527970
2021-03-26,115.385,120.8505,115.075,120.82,15262396
2021-03-29,119.68385,119.95,117.455,118.885,12544272
2021-03-30,118.33,118.855,117.265,118.375,6676398
2021-03-31,119.385,122.44,119.385,121.775,10132204
2021-04-01,124.02,126.475,124.015,126.47,11310214
2021-04-05,128.525,128.77,126.69,128.575,9784696
2021-04-06,127.725,128.245,125.58,126.815,11804912
2021-04-07,126.84,127.30495,125.7475,126.525,7925928
2021-04-08,128.21,128.34,127.21,128.34,6799390
2021-04-09,127.494,128.04,126.865,128.04,5391220
2021-04-12,127.42,127.42,125.445,126.555,6823334
2021-04-13,127.57205,127.79,125.37,126.305,7384086
2021-04-14,126.375,127.15,124.51,125.095,7224572
2021-04-15,126.47,126.935,125.11,126.7,8138786
2021-04-16,126.775,126.96,125.855,126.205,7214972
2021-04-19,125.255,125.715,121.895,123.08,10237522
2021-04-20,122.65,123.105,120.725,121.355,9636616
2021-04-21,121.62,124.64,121.05,124.555,9880218
2021-04-22,124.5,124.675,121.035,121.8,8253280
2021-04-23,122.385,124.82,122.275,124.6,6415088
2021-04-26,124.735,126.765,124.605,126.73,5541598
2021-04-27,127.05,127.205,125.44,125.99,6919586
2021-04-28,125.595,125.595,123.82,123.975,6782448
2021-04-29,125.6,125.68,123.09,125.12,7921592
2021-04-30,123.03,123.73,121.195,121.5,9111606
2021-05-03,122.29,122.4,119.71,120.09,9077930
2021-05-04,118.755,118.96,116.4,118.6,14625390
2021-05-05,119.89125,120.645,118.475,119.125,9871592
2021-05-06,118.875,120.315,117.76,120.105,12851168
2021-05-07,121.785,122.75,120.685,121.8,10771582
2021-05-10,120.55,120.55,116.19,116.4,10633992
2021-05-11,112.985,116.895,112.635,116.625,13493064
2021-05-12,114.06175,114.55,111.41,111.815,15262730
2021-05-13,113.69,115.0,112.005,113.085,17899906
2021-05-14,114.83,117.45,113.7,116.67,8363548
2021-05-17,114.955,115.41,113.42,115.37,10105374
2021-05-18,116.46,116.85,114.59,114.735,7617598
2021-05-19,112.14,116.91,111.97,116.79,16199930
2021-05-20,117.75,120.185,117.565,119.69,11437616
2021-05-21,120.395,120.48495,118.75,119.085,10890962
2021-05-24,120.15,122.515,119.94,121.7,7521912
2021-05-25,122.76,123.24,121.66,122.5,8098154
2021-05-26,122.5,123.2,121.665,122.625,6491998
2021-05-27,122.39,123.705,122.1,123.215,5487834
2021-05-28,123.585,125.035,123.365,124.595,6944074
2021-06-01,125.485,126.565,123.66,124.41,7920014
2021-06-02,124.25,125.535,123.835,125.14,6451484
2021-06-03,123.845,124.28,122.4,123.0,7640996
2021-06-04,124.18,126.185,124.165,125.74,7182292
2021-06-07,125.435,125.455,124.27,125.1,5799874
2021-06-08,125.96,125.965,123.135,124.07,6159338
2021-06-09,124.57,124.795,123.605,123.685,5712108
2021-06-10,123.72,125.555,123.675,125.3,6569954
2021-06-11,125.745,125.745,124.795,125.74,4843178
2021-06-14,126.0,127.44,125.42,127.44,6280370
2021-06-15,127.05,127.945,126.01,126.34,6987388
2021-06-16,126.735,127.16,124.22,125.275,9597608
2021-06-17,124.81,127.695,124.81,126.69,7849402
2021-06-18,125.605,125.935,123.065,123.465,10137534
2021-06-21,123.46,123.99,122.48,123.79,7902218
2021-06-22,123.89,124.65,123.135,124.6,6094738
2021-06-23,124.965,125.905,124.86,125.23,4196120
2021-06-24,126.465,127.555,126.33,127.275,4043112
2021-06-25,127.535,127.865,126.455,126.775,5170698
2021-06-28,127.765,130.27,127.765,129.85,6955436
2021-06-29,129.85,130.98,129.19,130.98,5117560
2021-06-30,130.795,131.245,130.055,131.12,5429566
2021-07-01,130.78545,130.815,128.74,129.185,4886328
2021-07-02,130.225,130.225,129.105,129.9,3515836
2021-07-06,130.48,131.0499,128.235,129.86,5563454
2021-07-07,130.615,130.825,127.555,128.06,5018786
2021-07-08,125.5,126.97,124.445,126.345,6860580
2021-07-09,127.03,128.73,126.05,128.5,5521760
2021-07-12,129.105,130.29,128.645,130.185,4457560
2021-07-13,129.81,130.62,129.11,129.905,4907290
2021-07-14,131.325,131.93,129.2,129.62,6704250
2021-07-15,128.755,128.755,125.18,126.065,12503126
2021-07-16,126.83,127.185,123.11,123.425,8994208
2021-07-19,121.595,123.52,121.045,123.4,12381218
2021-07-20,123.855,125.65,122.205,124.91,7590240
2021-07-21,125.5,128.535,125.32,128.5,6350082
2021-07-22,127.705,128.475,126.855,127.725,6214474
2021-07-23,128.31,128.685,127.045,128.655,4456412
2021-07-26,128.05,128.75,127.6,128.51,2543896
2021-07-27,127.655,127.935,123.715,126.24,6707000
2021-07-28,126.64925,128.805,126.005,128.495,6731574
2021-07-29,128.62,131.075,128.58,130.905,6820500
2021-07-30,129.565,131.98,129.56,131.57,6459688
2021-08-02,132.695,133.97,132.14,132.5,8518844
2021-08-03,132.765,133.71,131.425,133.7,6436922
2021-08-04,134.1,135.66,133.885,135.16,7093106
2021-08-05,135.59,135.895,134.265,135.01,5626798
2021-08-06,134.005,135.01,133.955,134.285,4119498
2021-08-09,134.54,134.9,133.365,133.88,3998144
2021-08-10,134.305,134.355,131.355,132.165,6655530
2021-08-11,132.71,132.79,130.31,131.815,4258270
2021-08-12,131.135,131.145,129.34,130.375,9068392
2021-08-13,130.465,131.275,129.95,131.225,5656780
2021-08-16,130.69,131.24,129.67,130.66,4517644
2021-08-17,129.445,129.475,127.095,128.185,10177072
2021-08-18,128.075,128.9875,126.43,126.53,5631928
2021-08-19,125.52,128.36,124.675,127.64,8966670
2021-08-20,127.94,128.625,126.855,128.19,6447694
2021-08-23,129.665,132.02,129.65,131.875,9150558
2021-08-24,132.19,132.71,131.67,131.965,4813012
2021-08-25,132.42,134.43,132.42,133.4,10723960
2021-08-26,133.315,134.13,132.515,133.605,5221638
2021-08-27,133.755,136.28,133.66,136.02,6363552
2021-08-30,136.85,137.6,135.997,136.45,4993822
2021-08-31,136.795,136.795,134.365,135.415,5864464
2021-09-01,136.065,136.245,135.035,135.205,5119670
2021-09-02,135.44,136.845,135.01,135.535,3220106
2021-09-03,135.405,137.12,135.155,136.645,3617704
2021-09-07,136.845,136.9,135.555,136.365,3927362
2021-09-08,135.655,135.86,133.515,134.565,4984748
2021-09-09,134.645,135.845,134.485,135.12,4631686
2021-09-10,136.255,138.02,136.04,136.14,7345300
2021-09-13,137.25,137.495,135.415,137.16,5600966
2021-09-14,137.625,138.23,136.56,137.25,5451676
2021-09-15,137.15,137.74,136.06,137.73,4266840
2021-09-16,136.635,138.345,136.065,137.93,5166128
2021-09-17,137.5,137.5,134.98,135.5,7483640
2021-09-20,132.605,133.1,130.215,132.2,7809202
2021-09-21,133.05,133.405,131.43,132.48,4624356
2021-09-22,133.185,135.21,132.735,134.87,4947624
2021-09-23,135.74,136.955,135.035,136.565,4484190
2021-09-24,135.495,136.42,135.205,136.195,2781914
2021-09-27,134.86,136.19,133.855,135.71,4060578
2021-09-28,132.825,133.775,130.08,130.245,11220544
2021-09-29,130.33,130.85,127.885,128.28,9581768
2021-09-30,129.1,130.27,128.11,128.135,6558582
2021-10-01,128.7404,128.835,126.175,128.245,7362658
2021-10-04,127.28,127.48,124.39,124.905,9562046
2021-10-05,125.905,127.56,125.31,126.66,6784640
2021-10-06,125.195,127.19,124.835,127.045,7441852
2021-10-07,128.84,130.13,128.505,128.625,4943434
2021-10-08,129.2,129.25,127.17,127.375,4999524
2021-10-11,126.725,128.645,126.58,126.615,4422040
2021-10-12,127.36,127.64,124.805,125.335,8049402
2021-10-13,126.455,127.0175,125.825,126.405,5695528
2021-10-14,129.255,130.28,128.515,130.2,7074262
2021-10-15,131.25,131.41,130.49,131.29,5309512
2021-10-18,130.285,132.385,129.8125,132.325,4043304
2021-10-19,132.505,133.84,132.02,133.84,4631744
2021-10-20,133.49,133.955,132.775,133.25,4456900
2021-10-21,132.355,134.8325,132.235,134.77,3889550
2021-10-22,134.6,135.785,133.35,133.58,5938984
2021-10-25,134.185,135.045,133.685,134.255,3739036
2021-10-26,135.77,136.365,134.53,135.02,4962318
2021-10-27,134.24,135.48,133.65,133.88,7880914
2021-10-28,135.565,136.47,135.015,136.43,5989344
2021-10-29,135.37,136.865,135.205,136.82,4406214
2021-11-01,136.945,138.465,136.4218,138.39,4430806
2021-11-02,138.375,140.0,138.3,139.915,4611892
2021-11-03,140.08,141.385,139.535,141.3,6096722
2021-11-04,142.645,148.05,142.16,147.15,15122328
2021-11-05,148.34,149.87,146.985,148.3,9548544
2021-11-08,149.265,151.93,148.5825,150.97,8629994
2021-11-09,152.505,152.975,149.645,151.17,11542860
2021-11-10,148.19,150.16,145.775,146.4,10610902
2021-11-11,148.75,149.45,147.72,149.035,5640278
2021-11-12,149.52,151.155,148.615,150.55,5272182
2021-11-15,151.5525,151.5525,148.835,150.35,5636916
2021-11-16,149.945,152.53,149.39,152.3,4880342
2021-11-17,152.35,152.73,150.825,151.395,5819198
2021-11-18,154.91,155.82,153.565,155.12,7604440
2021-11-19,154.815,157.035,154.4388,156.1,6666182
2021-11-22,156.795,159.41,153.64,153.745,10941090
2021-11-23,152.935,154.32,149.985,152.63,10522354
2021-11-24,151.17,154.25,149.735,154.17,7165204
2021-11-26,151.315,152.715,148.945,149.7,6732680
2021-11-29,152.255,155.87,151.535,155.71,9032744
2021-11-30,155.065,156.385,151.3025,152.45,13931408
2021-12-01,155.325,157.785,151.78,151.91,14237264
2021-12-02,150.251,153.585,149.57,152.305,12560070
2021-12-03,153.375,154.72,148.77,150.575,13547548
2021-12-06,149.785,150.695,145.255,150.0,10211928
2021-12-07,153.5,157.7075,153.5,157.275,11288902
2021-12-08,156.415,156.915,155.0,156.595,7148452
2021-12-09,155.55,157.105,152.6675,152.805,6494388
2021-12-10,155.56,155.875,152.195,153.775,7072730
2021-12-13,154.315,154.47,149.545,149.785,7499666
2021-12-14,147.865,149.74,146.815,148.92,8492168
2021-12-15,149.08,155.19,147.8,155.08,10836802
2021-12-16,155.84,156.175,147.56,148.34,14412322
2021-12-17,147.03,150.025,146.66,147.645,11279234
2021-12-20,144.95,146.745,144.07,145.755,11102030
2021-12-21,148.855,151.16,146.815,151.02,9070928
2021-12-22,150.025,152.82,149.715,152.815,5102960
2021-12-23,153.235,155.19,153.065,154.13,4795644
2021-12-27,154.655,158.3375,154.54,158.28,6443456
2021-12-28,158.915,158.96,155.945,156.72,5077778
2021-12-29,156.545,157.775,155.74,156.695,6252326
2021-12-30,156.53,157.005,154.635,154.915,5910694
2021-12-31,155.01,156.02,154.355,154.395,2929872
2022-01-03,155.65,157.85,155.22,157.8,7155196
2022-01-04,158.5,159.345,153.59,156.98,11485510
2022-01-05,155.755,156.94,151.505,151.595,16288398
2022-01-06,151.47,153.7575,149.885,153.1,13102394
2022-01-07,152.81,153.306,148.095,148.445,13858846
2022-01-10,146.5,148.875,143.865,148.635,14787890
2022-01-11,148.235,151.79,147.085,151.635,9940172
2022-01-12,152.915,154.195,151.32,152.93,11784508
2022-01-13,156.0,157.41,149.845,150.27,16958554
2022-01-14,149.24,153.695,148.94,153.455,11727272
2022-01-18,150.855,150.9,146.3,146.59,12516500
2022-01-19,147.95,148.845,142.445,142.54,17538948
2022-01-20,143.715,144.785,138.165,138.175,16708752
2022-01-21,137.5,141.0,135.755,135.875,26521866
2022-01-24,133.1,137.695,128.62,137.615,25145510
2022-01-25,133.72,135.37,131.43,132.165,16935304
2022-01-26,136.225,139.445,131.95,134.07,20527300
2022-01-27,135.415,135.695,127.97,128.345,22095942
2022-01-28,128.205,131.035,124.68,130.845,21911400
2022-01-31,131.73,137.7,130.97,137.7,14468818
2022-02-01,138.645,138.75,135.105,138.29,11685468
2022-02-02,141.33,142.02,139.0,141.82,11819470
2022-02-03,138.32,140.275,135.0,135.53,16690676
2022-02-04,134.97,137.43,133.24,136.265,9879192
2022-02-07,136.885,138.465,135.835,136.48,10319748
2022-02-08,135.59,139.695,135.27,139.275,10124730
2022-02-09,141.395,144.15275,139.605,144.125,20297298
2022-02-10,140.9321,145.1764,139.15,139.81,16619528
2022-02-11,140.0,141.0075,131.79,132.625,23369824
2022-02-14,133.07,135.33,130.88,132.535,15577514
2022-02-15,135.505,139.905,135.085,139.7425,12811954
2022-02-16,137.985,140.09,136.615,139.715,10021054
2022-02-17,137.98,138.155,134.0,134.115,15832920
2022-02-18,134.565,134.805,130.85,132.625,17236446
2022-02-22,131.145,134.845,129.77,131.715,17874714
2022-02-23,133.875,134.89,128.6,128.955,15235758
2022-02-24,123.965,133.4,123.38,133.38,21510110
2022-02-25,133.265,135.285,131.41,135.24,17730994
2022-02-28,133.23,135.43,131.49,134.075,17840222
2022-03-01,133.615,134.53,128.56,129.845,16570968
2022-03-02,130.815,134.81,130.48805,134.095,16573532
2022-03-03,134.515,134.565,130.395,131.205,16515254
2022-03-04,129.775,130.78,126.15,127.675,16157950
2022-03-07,127.855,128.775,121.255,121.32,17728520
2022-03-08,121.51,127.59,119.825,123.15,25880766
2022-03-09,127.44,129.35,125.825,128.5,13344784
2022-03-10,126.115,126.3,123.35,125.72,14997820
2022-03-11,127.595,127.84,122.78,122.895,14765150
2022-03-14,122.775,123.42,118.66,119.345,23371360
2022-03-15,120.46,124.68,119.565,124.345,20833752
2022-03-16,126.59,130.93,125.43,130.93,23147480
2022-03-17,129.635,131.75,128.56,131.75,13429258
2022-03-18,130.635,135.015,130.14,134.595,16140452
2022-03-21,134.21,135.285,131.915,134.28,13897106
2022-03-22,134.295,136.695,133.965,135.205,11647258
2022-03-23,133.9,135.58,131.745,131.825,15410946
2022-03-24,133.405,138.26,132.6,138.24,16911530
2022-03-25,138.05,138.25,135.445,137.665,11025950
2022-03-28,136.66,138.73,135.035,138.665,13225150
2022-03-29,141.215,142.21,139.16,141.8,14346016
2022-03-30,140.98,141.33,136.905,137.685,14507870
2022-03-31,137.375,138.375,134.57,134.895,15526604
2022-04-01,135.395,135.885,130.795,132.71,15469994
2022-04-04,133.04,135.085,132.615,134.9,11604484
2022-04-05,133.965,134.045,128.71,129.08,22220320
2022-04-06,126.38,128.45,124.975,126.41,22542744
2022-04-07,125.855,127.615,124.055,126.43,15147020
2022-04-08,125.72,125.72,123.21,123.425,13650922
2022-04-11,121.63,122.345,120.47,120.65,15627808
2022-04-12,123.065,124.055,119.605,120.0,21096810
2022-04-13,121.15,123.855,120.39,122.85,16482890
2022-04-14,123.485,123.61,119.075,119.11,15282074
2022-04-18,118.61,122.17,118.545,121.15,14242974
2022-04-19,120.465,123.885,119.96,123.73,13227872
2022-04-20,125.785,126.635,123.08,123.505,13034518
2022-04-21,125.02,126.375,119.59,120.12,18008966
2022-04-22,119.98,120.715,117.27,117.365,14250910
2022-04-25,116.58,119.4,116.2,119.395,19083130
2022-04-26,118.16,118.295,114.305,114.305,18289042
2022-04-27,112.98,116.48325,112.9,113.755,14756400
2022-04-28,116.205,121.335,114.835,120.25,19096916
2022-04-29,117.965,120.595,114.715,114.925,14487858
2022-05-02,114.945,118.355,113.865,118.27,16399270
2022-05-03,117.86,120.005,117.055,119.24,10625340
2022-05-04,119.995,123.595,116.225,123.33,20898448
2022-05-05,121.27,121.395,115.8775,117.54,15564104
2022-05-06,116.545,118.915,114.21,116.335,19808446
2022-05-09,113.815,115.09,109.95,110.445,18250888
2022-05-10,113.81,115.13,110.735,113.3,19597750
2022-05-11,112.2,114.85,109.635,109.825,18200422
2022-05-12,108.63,111.44,107.6125,110.345,15976848
2022-05-13,112.605,116.85,111.89,116.13,13530916
2022-05-16,115.02,116.015,113.76,114.255,10146156
2022-05-17,117.375,119.98,116.825,119.72,10557080
2022-05-18,117.75,119.18,113.475,114.0,10887638
2022-05-19,113.235,116.76,112.935,114.03,13706536
2022-05-20,116.02,116.26,109.38,114.085,18009754
2022-05-23,113.65,115.295,112.82,115.0,8604182
2022-05-24,113.11,113.5,110.915,111.965,12751574
2022-05-25,111.485,115.115,111.325,114.295,10999462
2022-05-26,113.19,118.565,112.735,118.115,8707526
2022-05-27,120.05,122.9975,119.9722,122.8,9288342
2022-05-31,122.56,123.295,120.365,122.29,10122268
2022-06-01,122.855,123.48,118.805,120.28,9778766
2022-06-02,120.155,124.56,119.715,124.53,8733280
2022-06-03,121.815,122.385,120.19,120.86,7802130
2022-06-06,122.86,123.725,120.265,120.96,8430788
2022-06-07,119.44,122.185,118.58,121.925,5774390
2022-06-08,121.365,121.85,118.63,119.385,8183892
2022-06-09,118.58,120.36,116.135,116.21,9877162
2022-06-10,114.045,115.025,111.71,111.91,11145342
2022-06-13,107.87,109.085,105.33,105.69,13311062
2022-06-14,106.905,107.365,105.1575,106.465,9095368
2022-06-15,107.76,110.22,105.93,108.415,11026606
2022-06-16,105.08,105.29495,100.99,101.99,16871542
2022-06-17,102.5,103.6,100.53,102.825,14288910
2022-06-21,104.88,107.155,104.865,105.74,10006156
2022-06-22,103.7,106.0,103.535,104.25,7195554
2022-06-23,104.77,104.885,102.21,103.71,8493258
2022-06-24,105.43,108.13,105.025,108.08,12663212
2022-06-27,109.09,109.25,106.965,107.72,5422520
2022-06-28,108.19,109.405,104.99,105.005,8944684
2022-06-29,104.065,104.325,102.02,103.155,7706786
2022-06-30,101.54,103.6,100.11,101.865,9802102
2022-07-01,100.1,100.415,96.81,97.995,12926302
2022-07-05,95.5,98.525,94.97,98.51,14544902
2022-07-06,98.485,100.245,97.54,99.18,6654768
2022-07-07,101.5325,104.1995,101.51,103.76,9013424
2022-07-08,102.22,104.95,102.0,104.32,5470002
2022-07-11,102.72,103.2,101.24,101.82,5457748
2022-07-12,102.83,103.43,101.205,101.78,5470604
2022-07-13,99.845,103.375,99.695,102.585,7035654
2022-07-14,102.28,105.18,100.775,104.75,6802552
2022-07-15,106.255,107.42865,104.84,107.395,7738206
2022-07-18,108.955,109.495,106.06,106.6,8425028
2022-07-19,108.405,111.86,108.19,111.47,9005174
2022-07-20,111.105,114.48995,110.4475,114.095,10183416
2022-07-21,114.58,116.07,113.14,116.01,8359634
2022-07-22,115.62,115.8,112.55,113.385,11208960
2022-07-25,112.67,112.95,111.135,112.685,6005284
2022-07-26,112.355,112.72,110.65,110.985,4261266
2022-07-27,112.75,116.935,112.71,116.18,9976694
2022-07-28,116.42,117.785,114.005,117.6,6426434
2022-07-29,116.37,118.9235,115.765,118.58,6415846
2022-08-01,117.5,119.9075,116.825,118.82,6570186
2022-08-02,117.47,120.355,116.99,118.575,6815694
2022-08-03,118.455,121.77995,118.21,121.41,7424422
2022-08-04,121.29,122.87,120.92,122.645,5658702
2022-08-05,120.7,122.77,120.055,121.81,5279892
2022-08-08,120.275,121.325,118.03,119.705,8430518
2022-08-09,117.13,117.2053,113.365,114.695,13725920
2022-08-10,117.73,119.405,116.25,119.34,8435180
2022-08-11,120.175,122.495,119.06,119.315,8788904
2022-08-12,119.995,122.8575,119.6,122.685,5824954
2022-08-15,121.945,123.53,121.395,123.24,4506188
2022-08-16,122.6,122.955,120.53,121.85,4302216
2022-08-17,120.145,120.265,117.7,119.235,6676082
2022-08-18,119.115,121.7,118.70005,120.9,5241644
2022-08-19,119.36,119.785,117.1,117.495,6864340
2022-08-22,115.2,115.625,112.98,113.4,6987538
2022-08-23,113.4,115.54,113.365,114.135,4517204
2022-08-24,113.91,114.515,112.85505,114.06,4493408
2022-08-25,114.27,117.9,114.245,117.89,5456772
2022-08-26,117.635,117.795,111.315,111.335,9142564
2022-08-29,110.45,111.46,109.16,109.27,9062348
2022-08-30,110.38,110.52,106.875,108.02,8744918
2022-08-31,108.68,108.88,106.37,107.285,7843276
2022-09-01,104.52,105.095,102.08,104.94,13796414
2022-09-02,106.27,107.285,103.465,103.91,6884594
2022-09-06,103.92,104.51475,102.09,102.75,7472206
2022-09-07,102.98,105.18,102.245,104.39,7927362
2022-09-08,103.39,106.215,102.65,105.805,7830374
2022-09-09,107.335,108.74,107.14,108.43,8128292
2022-09-12,108.875,109.415,107.66,108.7,7184862
2022-09-13,104.91,105.765,101.945,102.23,9622090
2022-09-14,103.13,104.007,101.985,103.34,10439102
2022-09-15,102.745,103.66,100.785,101.5,9906240
2022-09-16,100.5,102.0625,99.705,101.955,8689942
2022-09-19,100.65,102.91,100.56,102.625,6698194
2022-09-20,101.6,102.125,100.58,101.205,5462776
2022-09-21,101.465,104.685,100.335,100.36,11149350
2022-09-22,99.845,100.05,97.245,97.58,11633348
2022-09-23,96.485,96.84,94.735,96.185,8751968
2022-09-26,96.2,97.445,94.9,95.065,5982778
2022-09-27,96.55,97.355,94.445,95.785,8243828
2022-09-28,94.86,97.435,94.505,97.005,9941320
2022-09-29,95.19,95.435,92.7,93.95,10499980
2022-09-30,92.83,95.31,92.555,92.56,6782542
2022-10-03,93.635,96.83,93.055,95.88,8538904
2022-10-04,98.82,100.305,98.5,99.98,10874206
2022-10-05,98.52,101.725,97.655,100.97,6730948
2022-10-06,100.67,102.355,99.98,100.28,8594750
2022-10-07,97.33,97.605,93.905,94.3,12253506
2022-10-10,94.135,94.195,90.05,91.15,13134618
2022-10-11,89.445,90.035,87.0925,88.275,16052568
2022-10-12,88.285,88.79,87.35,87.745,7606072
2022-10-13,84.37,92.095,83.485,90.43,21406366
2022-10-14,91.295,91.515,86.395,86.575,9984966
2022-10-17,88.845,89.74,87.91,88.625,8269638
2022-10-18,91.235,91.835,87.275,88.645,9798466
2022-10-19,88.19,90.17,87.775,89.36,8535872
2022-10-20,90.095,92.7,89.525,90.07,10876984
2022-10-21,89.67,93.315,89.275,93.175,12884058
2022-10-24,92.9,93.85,91.115,93.47,9834686
2022-10-25,93.58,95.625,93.535,94.95,13488890
2022-10-26,93.375,96.18,92.78,94.02,9898272
2022-10-27,95.205,95.985,92.725,92.845,10174652
2022-10-28,93.07,96.5325,92.905,96.39,9214950
2022-10-31,95.6,95.835,94.095,94.61,5975842
2022-11-01,96.65,96.875,94.845,95.265,4670036
2022-11-02,95.995,97.71,92.49,92.535,11903846
2022-11-03,91.13,93.05,90.195,91.45,11461258
2022-11-04,94.86,95.78,93.385,95.7,8471092
2022-11-07,96.26,97.855,95.2025,97.59,10213838
2022-11-08,99.395,100.835,97.8,99.695,12147000
2022-11-09,98.37,98.695,96.83,96.985,8639930
2022-11-10,102.635,107.085,101.7175,106.895,17078044
2022-11-11,107.255,110.91,106.45,110.4,12646464
2022-11-14,109.925,111.3,109.155,109.355,12231920
2022-11-15,114.26,114.639,111.375,112.8,11456548
2022-11-16,110.38,110.64,108.106,108.74,10710958
2022-11-17,106.605,110.075,106.38,109.56,9019762
2022-11-18,111.345,111.35,108.425,109.76,8025470
2022-11-21,108.35,108.67,107.38,107.84,5071636
2022-11-22,108.735,110.975,107.81,110.975,8283702
2022-11-23,110.955,113.04,110.79,111.94,5779932
2022-11-25,111.325,111.76,110.625,110.625,2207350
2022-11-28,109.245,110.58,107.415,108.015,7853686
2022-11-29,108.425,108.915,106.96,107.72,4908890
2022-11-30,108.065,113.87,107.215,113.865,12688248
2022-12-01,114.59,114.925,111.89,113.5,8752324
2022-12-02,110.7,112.325,110.125,111.94,8204276
2022-12-05,111.455,112.165,109.61,110.605,7068978
2022-12-06,110.51,110.605,107.275,108.18,6089920
2022-12-07,107.225,108.77,107.13,108.155,5651762
2022-12-08,108.57,111.165,107.94,110.91,7260014
2022-12-09,110.595,112.02,109.73,110.02,4938368
2022-12-12,109.385,112.045,109.06005,111.98,6827672
2022-12-13,117.02,117.29495,112.42,113.845,9469980
2022-12-14,113.525,114.855,110.78,111.885,7518964
2022-12-15,109.98,110.29,107.295,107.625,8841994
2022-12-16,107.15,108.095,105.84,106.79,8276248
2022-12-19,105.585,105.77,103.44,104.34,7226902
2022-12-20,103.175,104.67,103.0,103.83,4510092
2022-12-21,104.48,106.46,104.21,106.15,5675506
2022-12-22,103.9925,103.9925,99.725,101.75,9552326
2022-12-23,101.035,101.855,99.965,101.74,3876262
2022-12-27,101.035,101.17,99.66,99.92,4636158
2022-12-28,99.475,100.555,98.2675,98.65,5064044
2022-12-29,100.215,102.2,99.87,101.87,8302008
2022-12-30,100.35,101.605,99.572,101.47,4410996
2023-01-03,103.29,103.385,100.05,100.69,4472474
2023-01-04,102.55,103.8,101.335,103.25,10039868
2023-01-05,102.005,102.865,101.3375,101.4,5936418
2023-01-06,103.075,106.45495,101.43,105.835,7005844
2023-01-09,107.79,110.36,107.225,108.14,11422664
2023-01-10,107.76,109.55,107.365,109.545,5463946
2023-01-11,109.4225,110.83,108.6,110.83,5737052
2023-01-12,111.74,113.23,109.4475,112.49,7704844
2023-01-13,111.285,112.955,110.91,112.895,4264468
2023-01-17,112.615,114.325,112.45,113.565,5059216
2023-01-18,114.58,115.525,112.7975,112.855,9374614
2023-01-19,111.79,112.135,109.86,110.095,9283094
2023-01-20,111.125,113.685,110.385,113.675,5709700
2023-01-23,114.5,119.35,114.345,119.035,12789906
2023-01-24,117.45,119.125,117.45,118.19,7328630
2023-01-25,116.16,118.57,115.14,118.31,6854082
2023-01-26,119.85,120.52,117.955,120.43,7196364
2023-01-27,118.445,120.595,117.955,119.64,7254526
2023-01-30,117.89,118.87,116.675,116.775,8049958
2023-01-31,116.45,118.5575,116.095,118.55,5484094
2023-02-01,119.175,125.31,118.875,124.14,15518598
2023-02-02,125.535,127.82,124.805,126.7925,12985842
2023-02-03,124.125,127.15,123.73,124.465,7489646
2023-02-06,122.475,124.1,121.88,122.395,7811358
2023-02-07,122.775,126.635,122.5,126.07,10309114
2023-02-08,125.505,126.345,123.305,123.6,7844728
2023-02-09,125.84,127.2975,123.175,124.09,8767106
2023-02-10,122.685,123.125,120.775,122.005,7529836
2023-02-13,122.53,124.165,121.635,123.84,4030360
2023-02-14,123.0,126.885,122.29,126.505,9481956
2023-02-15,124.84,126.57,123.775,126.5,7125120
2023-02-16,123.89,125.03,122.9,123.065,5418086
2023-02-17,122.2,122.58,120.3,121.385,7574898
2023-02-21,119.505,120.775,117.565,117.695,7695880
2023-02-22,117.915,118.855,116.545,117.12,6987618
2023-02-23,121.13,121.855,119.155,121.27,11583204
2023-02-24,118.85,119.69,118.215,119.105,6208188
2023-02-27,120.995,121.165,119.555,119.64,5851976
2023-02-28,119.3,121.295,119.095,119.7,4770542
2023-03-01,120.22,121.275,119.325,119.78,4725784
2023-03-02,118.18,121.365,117.345,120.84,6530442
2023-03-03,120.85,122.59,119.92,122.48,5385168
2023-03-06,122.82,123.915,121.14,121.39,6485374
2023-03-07,121.445,122.0,119.53,120.035,6616626
2023-03-08,120.66,123.27,120.41,123.175,8112884
2023-03-09,122.96,124.78,120.57,120.815,8222930
2023-03-10,121.235,121.925,118.26,118.86,13168186
2023-03-13,117.36,120.25,116.39,118.78,9831434
2023-03-14,120.7,122.995,120.485,122.335,11314508
2023-03-15,120.5,121.25,118.535,120.96,12602294
2023-03-16,120.27,125.985,119.89,125.8,14746404
2023-03-17,125.945,127.09,124.625,125.16,9868572
2023-03-20,125.5,126.79,124.35,126.42,6521364
2023-03-21,127.44,128.685,124.8,126.82,11118200
2023-03-22,127.01,130.44,126.005,126.005,8938034
2023-03-23,128.415,130.96,127.31,129.355,10950910
2023-03-24,128.595,128.81,126.005,127.31,11042914
2023-03-27,127.64,128.0,125.4375,125.825,7025660
2023-03-28,125.33,125.5625,123.216,124.95,7771404
2023-03-29,126.82,129.565,126.82,128.84,9979202
2023-03-30,130.165,131.52,129.791,130.685,7807068
2023-03-31,129.69,131.785,129.43,131.595,7281628
2023-04-03,130.925,131.415,129.305,130.845,8036492
2023-04-04,131.11,131.265,128.205,128.835,8057632
2023-04-05,127.515,127.72105,125.215,126.58,10065976
2023-04-06,125.32,127.02,124.64,126.2,7448080
2023-04-10,125.0475,128.18,124.845,128.11,5991296
2023-04-11,128.575,128.76,127.24,127.43,6288960
2023-04-12,128.53,128.76,125.065,125.165,7748904
2023-04-13,125.5,126.89,124.59,126.175,5760774
2023-04-14,126.105,127.48,124.6614,126.04,4901284
2023-04-17,124.9,125.99,124.325,125.95,5297078
2023-04-18,127.095,127.91,125.56,126.515,5703642
2023-04-19,124.78,125.53,124.50005,125.315,5013022
2023-04-20,124.5,127.275,124.405,125.455,5879700
2023-04-21,124.59,125.32,123.285,124.17,5202358
2023-04-24,123.9,124.68,122.715,123.505,4489098
2023-04-25,122.53,122.545,119.535,119.59,10464576
2023-04-26,120.805,121.615,119.845,120.425,7695312
2023-04-27,120.56,121.76,118.57,121.59,6814222
2023-04-28,122.25,123.625,121.78,123.625,7553466
2023-05-01,123.985,124.96,123.665,124.57,5202088
2023-05-02,124.53,125.18,122.5,123.49,6717686
2023-05-03,122.85,124.3,122.075,122.215,8223032
2023-05-04,121.645,122.8175,120.935,121.805,5889236
2023-05-05,122.16,124.97,121.59,124.38,5553204
2023-05-08,123.98,125.15,123.37,125.07,3918938
2023-05-09,123.59,123.77,122.74,123.14,4951653
2023-05-10,124.44,125.04,122.97,124.14,5474872
2023-05-11,123.79,124.03,121.89,123.04,5339534
2023-05-12,123.47,123.8878,121.81,122.9,3364892
2023-05-15,123.08,126.12,122.845,126.12,6192761
2023-05-16,125.71,127.42,125.71,126.09,5126398
2023-05-17,127.29,129.94,126.8,129.5,6322773
2023-05-18,130.1,134.31,130.1,134.04,9632610
2023-05-19,133.77,133.93,132.58,133.3,5312965
2023-05-22,132.15,133.61,131.97,133.19,4235142
2023-05-23,132.41,133.04,131.08,131.27,4853834
2023-05-24,128.73,129.645,127.95,129.34,7897087
2023-05-25,137.93,141.14,136.28,140.46,16072916
2023-05-26,141.79,148.33,141.78,147.36,12978761
2023-05-30,150.65,151.71,147.5,148.07,13295426
2023-05-31,145.74,147.34,144.08,144.33,10728721
2023-06-01,144.86,147.79,143.8,146.5,7272666
2023-06-02,147.89,148.1801,145.29,146.14,6765033
2023-06-05,145.28,145.75,143.595,144.31,6727936
2023-06-06,143.5,146.1701,142.98,145.33,5815057
2023-06-07,146.44,148.17,144.16,144.5,8687507
2023-06-08,144.64,146.575,144.33,146.17,5377204
2023-06-09,147.93,149.14,146.14,146.84,5960253
2023-06-12,148.51,151.45,148.4,151.18,7634040
2023-06-13,153.73,154.35,151.4,153.27,8274603
2023-06-14,152.81,155.74,152.03,155.6,7123411
2023-06-15,154.03,155.75,153.32,154.48,7587956
2023-06-16,155.8,155.94,153.17,153.38,6583153
2023-06-20,152.75,153.94,151.13,152.84,4597998
2023-06-21,152.04,152.47,148.73,149.34,5911651
2023-06-22,148.15,150.67,147.95,150.08,5959109
2023-06-23,147.75,148.45,146.96,147.53,5963465
2023-06-26,148.28,150.36,146.83,146.85,7403860
2023-06-27,147.43,151.8,146.96,151.51,6459360
2023-06-28,148.915,151.535,148.795,150.14,6800173
2023-06-29,150.82,150.96,148.91,149.92,4225874
2023-06-30,151.75,152.96,151.02,152.25,5309236
2023-07-03,153.17,154.07,152.25,153.6,2826855
2023-07-05,152.25,153.16,150.66,150.7,5187452
2023-07-06,148.34,149.08,147.155,148.91,4775622
2023-07-07,149.03,151.24,148.65,149.05,4351861
2023-07-10,149.58,151.41,149.35,151.16,6415512
2023-07-11,152.18,152.19,149.42,151.32,5153489
2023-07-12,153.53,154.68,152.9,154.5,6484145
2023-07-13,156.39,158.47,155.85,158.21,6395932
2023-07-14,158.69,160.7,156.2,156.9,7565581
2023-07-17,157.23,160.445,155.7,159.82,7316071
2023-07-18,159.12,160.79,157.62,160.26,6272862
2023-07-19,160.43,160.51,158.06,158.58,9333684
2023-07-20,155.64,156.41,152.29,152.97,14823249
2023-07-21,154.49,155.27,153.01,153.79,8246283
2023-07-24,153.99,154.54,152.9,153.92,4362531
2023-07-25,154.46,157.35,154.46,156.39,5773695
2023-07-26,155.02,155.88,152.95,154.68,6110042
2023-07-27,158.65,160.92,156.67,157.46,10244017
2023-07-28,160.16,161.04,158.83,160.5,7321149
2023-07-31,160.7,161.17,159.67,160.62,3934305
2023-08-01,159.67,160.89,158.95,160.53,4596966
2023-08-02,158.77,158.79,153.46,154.64,10039844
2023-08-03,152.48,155.19,152.16,154.19,6695690
2023-08-04,154.22,156.54,152.75,154.25,6804363
2023-08-07,155.5,156.14,154.37,155.91,5701417
2023-08-08,153.9,153.9,151.53,153.34,8446539
2023-08-09,153.17,153.32,149.73,150.3,8827135
2023-08-10,151.14,153.1589,148.9,149.97,8639308
2023-08-11,148.01,148.12,146.04,146.21,11182270
2023-08-14,145.45,150.73,145.02,150.66,8154245
2023-08-15,150.55,151.09,148.645,148.85,7596608
2023-08-16,148.97,149.14,146.41,146.5,7232226
2023-08-17,147.77,147.8,145.03,145.51,7397207
2023-08-18,143.79,146.66,143.35,146.13,8817884
2023-08-21,147.18,151.235,146.96,151.04,8109155
2023-08-22,153.05,153.24,148.89,149.53,10829385
2023-08-23,149.35,153.22,148.86,152.77,8347747
2023-08-24,156.46,156.59,148.58,148.82,13494374
2023-08-25,148.61,150.75,146.27,149.09,11769072
2023-08-28,150.36,151.09,148.9,150.93,6822854
2023-08-29,150.36,155.3,149.93,154.8,8770007
2023-08-30,154.73,156.22,153.67,155.59,6526073
2023-08-31,154.85,157.155,154.85,156.22,5965377
2023-09-01,157.43,157.63,155.26,156.21,4495608
2023-09-05,155.63,157.62,155.08,156.58,5472909
2023-09-06,156.01,156.8,153.26,154.76,6104023
2023-09-07,151.23,151.73,149.45,151.33,7813267
2023-09-08,150.94,152.17,149.75,150.38,5305601
2023-09-11,150.02,150.02,150.0,150.0,710
2023-09-12,149.41,151.65,149.16,149.36,6174909
2023-09-13,149.31,151.83,149.04,150.57,6192028
2023-09-14,152.09,152.16,150.17,151.39,6951519
2023-09-15,150.23,150.54,146.17,146.81,10179601
2023-09-18,145.43,147.82,144.97,147.3,6786028
2023-09-19,146.75,146.99,145.07,146.03,5574192
2023-09-20,146.65,147.24,143.55,143.63,6978687
2023-09-21,141.575,142.57,140.69,140.76,9908709
2023-09-22,142.13,143.4,141.55,141.96,7332573
2023-09-25,141.31,143.11,140.66,142.96,7861256
2023-09-26,141.64,142.39,140.105,140.7,6702163
2023-09-27,141.85,142.92,139.76,141.99,8814511
2023-09-28,141.73,145.65,141.08,144.29,10791684
2023-09-29,146.53,146.93,144.46,144.98,7985312
2023-10-02,145.27,147.27,144.59,146.23,8600185
2023-10-03,145.29,146.86,142.16,142.98,9456637
2023-10-04,143.85,145.48,142.96,145.21,11083025
2023-10-05,145.29,145.9,143.67,145.21,6094048
2023-10-06,144.64,148.945,143.53,148.35,9946009
2023-10-09,146.79,148.455,145.64,147.97,6840462
2023-10-10,148.5,150.975,147.83,149.8,6790629
2023-10-11,150.64,151.44,149.49,151.42,8921736
2023-10-12,151.84,154.06,150.72,152.19,8554914
2023-10-13,152.42,152.6325,148.05,148.38,9134436
2023-10-16,148.55,150.685,148.42,150.09,9461813
2023-10-17,146.59,149.47,144.47,148.32,12857937
2023-10-18,145.43,146.71,144.63,145.35,12530917
2023-10-19,147.25,147.67,143.88,144.36,15718224
2023-10-20,144.22,145.39,141.93,142.1,8128776
2023-10-23,141.14,144.535,139.96,142.6,9910711
2023-10-24,143.0,144.495,142.53,144.27,7822682
2023-10-25,142.8,143.15,138.03,138.68,12447801
2023-10-26,139.1,140.65,136.63,137.46,15094817
2023-10-27,139.04,139.73,137.67,138.31,11346308
2023-10-30,138.41,139.64,136.51,137.96,8836000
2023-10-31,137.96,139.275,136.1,138.95,7900348
2023-11-01,139.2,142.58,139.06,142.41,11750467
2023-11-02,145.62,147.035,144.29,146.1,11736175
2023-11-03,147.59,150.535,147.18,149.51,8177192
2023-11-06,149.75,150.44,148.29,149.95,5423580
2023-11-07,149.66,151.52,149.31,150.89,4600401
2023-11-08,151.37,152.11,150.44,151.43,6164967
2023-11-09,152.96,154.51,151.0,151.16,10529741
2023-11-10,153.25,157.67,152.69,157.28,11430671
2023-11-13,156.3,157.02,155.19,156.32,7058860
2023-11-14,159.89,161.54,159.5201,161.09,9744907
2023-11-15,162.23,162.23,160.09,161.21,9002896
2023-11-16,160.64,162.17,160.24,161.81,7281056
2023-11-17,161.18,162.96,160.88,162.57,5168196
2023-11-20,162.79,165.44,162.52,164.9,7136063
2023-11-21,163.69,163.975,161.7,162.47,9001094
2023-11-22,163.26,164.93,161.33,162.12,9141768
2023-11-24,162.24,162.45,161.34,161.76,2943544
2023-11-27,161.215,162.89,160.73,161.66,6034522
2023-11-28,160.86,161.5,159.62,160.73,6165198
2023-11-29,162.8,164.33,162.005,162.21,7642803
2023-11-30,162.84,162.84,159.25,160.48,9300945
2023-12-01,160.0,161.72,158.86,161.13,6115385
2023-12-04,159.2507,159.5,156.56,158.78,8136978
2023-12-05,157.52,158.95,157.065,158.78,4845947
2023-12-06,160.67,160.97,157.29,157.5,6457403
2023-12-07,158.87,161.44,158.22,161.1,8790734
2023-12-08,160.84,162.94,160.66,162.48,5683682
2023-12-11,163.53,166.99,163.29,166.38,9671558
2023-12-12,165.58,168.2,165.33,168.14,6985375
2023-12-13,168.31,171.1,167.76,170.12,8037599
2023-12-14,171.62,173.86,171.42,173.26,9446785
2023-12-15,173.89,175.8599,173.7,174.08,6902023
2023-12-18,173.56,173.87,171.97,173.34,5157326
2023-12-19,173.2,174.05,172.91,173.92,5030981
2023-12-20,172.85,173.69,169.01,169.08,8557352
2023-12-21,172.35,173.545,171.52,173.26,8184454
2023-12-22,174.1,174.41,172.41,173.28,4089165
2023-12-26,173.78,176.31,173.78,175.67,4829214
2023-12-27,176.35,176.75,175.195,175.86,5113420
2023-12-28,176.62,176.73,175.71,175.82,4033519
2023-12-29,176.02,176.38,173.67,174.87,5391625
2024-01-02,172.35,172.35,167.61,168.97,8988980
2024-01-03,166.35,167.48,165.37,165.97,9303597
2024-01-04,164.28,166.65,163.97,164.99,7095771
2024-01-05,165.48,167.57,165.1,166.08,6869797
2024-01-08,167.4,172.08,167.28,171.96,10514819
2024-01-09,170.53,173.73,169.93,172.42,6974268
2024-01-10,173.05,173.1,170.63,172.58,6329968
2024-01-11,173.27,174.53,170.19,173.56,7993737
2024-01-12,173.75,174.17,172.0617,172.95,4560988
2024-01-16,173.29,176.855,172.74,175.7,7678031
2024-01-17,174.48,174.93,171.49,174.64,6751357
2024-01-18,179.67,180.545,177.405,180.31,11983783
2024-01-19,182.39,187.31,181.42,187.18,12742362
2024-01-22,188.81,189.98,186.47,188.05,8308947
2024-01-23,188.02,189.17,186.09,189.01,6031187
2024-01-24,191.21,195.3,190.02,192.37,14706600
2024-01-25,195.8,195.9,191.25,192.37,11109397
2024-01-26,189.16,190.468,187.7,188.27,9921891
2024-01-29,188.72,190.51,187.82,190.48,8035540
2024-01-30,190.11,190.9,187.68,188.59,6340052
2024-01-31,185.73,188.71,184.15,185.87,10827142
2024-02-01,186.73,188.1,185.05,187.57,6322515
2024-02-02,188.22,191.725,187.86,191.22,7865373
2024-02-05,193.54,195.72,191.44,194.95,8600545
2024-02-06,195.85,195.89,190.12,192.74,8505107
2024-02-07,193.7,196.79,192.405,196.63,7138780
2024-02-08,197.57,200.86,196.82,199.43,8963823
2024-02-09,201.15,204.1999,199.77,203.85,7642219
2024-02-12,204.2,207.12,201.97,203.06,9718898
2024-02-13,197.17,201.56,196.29,199.3,11269582
2024-02-14,202.0,203.905,200.41,203.3,7932497
2024-02-15,204.6,204.74,202.01,202.62,7103363
2024-02-16,204.33,206.08,201.21,201.75,6273103
2024-02-20,200.27,200.76,194.65,197.78,11318447
2024-02-21,195.64,196.54,193.72,196.51,8648132
2024-02-22,207.18,210.6999,206.33,209.93,12445661
2024-02-23,212.03,213.36,206.97,208.62,8526178
2024-02-26,210.6,211.615,208.83,210.35,7552229
2024-02-27,211.01,211.76,208.84,209.74,4969724
2024-02-28,207.61,208.7499,206.43,207.41,4505810
2024-02-29,209.8,212.555,208.79,211.95,6450597
2024-03-01,214.12,221.32,213.98,220.54,10273258
2024-03-04,224.0,227.13,222.67,224.09,10905082
2024-03-05,222.36,223.23,218.29,220.66,10421010
2024-03-06,225.13,228.76,223.6758,226.35,11245445
2024-03-07,229.73,234.91,229.46,234.17,13047986
2024-03-08,236.93,239.1416,224.44,224.99,22519154
2024-03-11,222.14,223.88,219.02,220.98,12843835
2024-03-12,224.55,228.02,220.56,227.97,10410265
2024-03-13,225.87,225.87,221.15,223.46,9835835
2024-03-14,222.78,223.9893,217.4109,219.46,11440058
2024-03-15,216.94,220.3,215.93,217.84,11402014
2024-03-18,222.17,223.16,217.82,218.28,8671721
2024-03-19,215.72,218.85,212.82,217.8,10606869
2024-03-20,218.85,221.62,216.83,221.29,9158063
2024-03-21,228.58,230.05,225.81,226.31,11728038
2024-03-22,225.6,229.2547,225.22,227.64,5350234
2024-03-25,225.22,229.24,224.862,227.08,4938942
2024-03-26,228.8,229.46,224.76,224.97,6402507
2024-03-27,226.59,226.84,221.49,224.89,7614662
2024-03-28,224.31,225.94,223.74,224.99,3763264
2024-04-01,225.5,230.95,225.5,227.94,7896809
2024-04-02,224.25,225.43,222.38,225.01,5995047
2024-04-03,222.73,227.52,222.68,225.91,5914890
2024-04-04,229.1,229.81,219.64,219.89,9294036
2024-04-05,221.22,224.07,219.61,222.64,8103963
2024-04-08,224.89,225.28,222.17,223.06,4215259
2024-04-09,225.36,225.95,220.04,224.1,5376028
2024-04-10,221.0,224.3769,220.5,222.15,8164904
2024-04-11,223.48,227.57,221.68,227.31,7200625
2024-04-12,223.5,223.8199,219.97,220.68,8741486
2024-04-15,223.75,224.98,216.61,217.36,6750355
2024-04-16,217.33,220.36,216.4702,219.16,6754863
2024-04-17,219.51,220.12,212.07,212.4,11726419
2024-04-18,210.97,212.25,207.36,208.63,10350628
2024-04-19,206.72,208.0,198.44,199.21,13584568
2024-04-22,200.97,204.38,199.15,203.02,9801705
2024-04-23,204.49,208.58,203.93,207.8,7300632
2024-04-24,212.64,213.14,206.95,208.04,6564870
2024-04-25,207.09,213.68,205.75,212.2,8682207
2024-04-26,212.53,218.6803,211.94,217.64,6365428
2024-04-29,217.48,218.61,214.9,218.38,4817964
2024-04-30,217.34,219.62,214.09,214.09,4944785
2024-05-01,211.14,214.54,206.1075,207.85,12945808
2024-05-02,211.37,212.74,207.31,212.03,6382549
2024-05-03,215.92,218.36,215.15,217.73,6379116
2024-05-06,219.37,222.68,218.22,222.67,5343124
2024-05-07,222.55,223.18,220.64,220.73,5067007
2024-05-08,218.95,221.86,218.7,221.4,5404255
2024-05-09,221.49,221.77,218.89,219.98,4023276
2024-05-10,222.96,225.44,222.43,223.3,6126631
2024-05-13,224.0,224.545,222.32,223.26,3972377
2024-05-14,222.94,227.325,222.24,227.08,5050504
2024-05-15,229.27,234.0,228.53,233.9,8212767
2024-05-16,233.85,235.11,232.09,232.2,6209568
2024-05-17,233.59,233.82,228.62,230.25,5241271
2024-05-20,231.47,236.04,230.885,235.0,4986447
2024-05-21,232.96,234.92,231.87,234.67,4396157
2024-05-22,236.91,237.215,233.99,236.59,8112705
2024-05-23,244.15,244.56,237.79,239.82,12401014
2024-05-24,241.53,244.44,240.29,244.26,4644652
2024-05-28,247.69,250.85,245.46,249.83,7702965
2024-05-29,246.1,246.98,244.07,245.65,7581261
2024-05-30,245.49,246.13,241.08,242.27,7093060
2024-05-31,243.37,244.02,234.26,240.48,12722755
2024-06-03,245.1,245.44,239.02,243.48,6312764
2024-06-04,243.3,243.7,240.1,242.6,5796989
2024-06-05,247.53,254.53,246.71,254.41,10950352
2024-06-06,255.52,255.9162,250.245,252.41,9828172
2024-06-07,252.24,254.06,250.49,252.21,5470342
2024-06-10,251.1,256.72,250.0478,255.86,6430878
2024-06-11,255.0,255.89,251.85,255.48,6117786
2024-06-12,260.57,264.55,259.76,263.09,8051492
2024-06-13,266.79,268.1399,263.96,267.21,7647184
2024-06-14,265.4,268.589,264.62,267.89,6257022
2024-06-17,270.71,273.21,266.9186,272.48,7501958
2024-06-18,273.52,278.27,273.02,276.76,8241579
2024-06-20,279.22,279.57,267.08,268.92,14053815
2024-06-21,265.57,268.93,262.015,264.89,11809908
2024-06-24,261.5,263.085,255.73,255.78,10154101
2024-06-25,258.52,261.91,255.81,261.77,6743540
2024-06-26,261.61,263.07,257.75,260.91,5950295
2024-06-27,260.4,262.43,257.64,258.86,5738731
2024-06-28,260.475,266.4,258.98,260.7,7743251
2024-07-01,261.0,261.349,255.662,261.01,6185982
2024-07-02,258.99,263.66,258.71,263.63,4117110
2024-07-03,264.09,270.4,263.28,269.62,4633045
2024-07-05,271.22,272.05,268.05,269.72,6415237
2024-07-08,272.84,275.7047,272.55,274.21,5832663
2024-07-09,276.29,277.61,272.16,274.81,5915764
2024-07-10,278.13,281.73,276.29,281.27,6180973
2024-07-11,283.0,283.07,269.9999,271.02,12287006
2024-07-12,271.8,278.94,271.06,274.45,8392846
2024-07-15,276.41,277.4689,272.02,273.83,7814828
2024-07-16,275.31,275.63,270.5407,273.71,5638589
2024-07-17,263.79,264.0,253.85,254.22,15181903
2024-07-18,259.13,260.0,250.01,255.54,12807627
2024-07-19,254.86,255.21,247.79,248.14,8589500
2024-07-22,253.0,257.9,251.61,257.72,10757923
2024-07-23,254.98,257.37,254.335,254.86,5869857
2024-07-24,250.59,251.32,240.34,240.98,11295018
2024-07-25,239.0,243.64,230.82,236.56,18765116
2024-07-26,242.22,242.32,238.18,240.31,7325633
2024-07-29,242.44,245.23,237.77,238.6,6745307
2024-07-30,240.22,240.71,228.33,229.47,12932120
2024-07-31,242.5,247.69,240.51,246.99,18412093
2024-08-01,244.04,246.8,227.9004,231.01,17111645
2024-08-02,219.92,222.34,214.18,218.43,20261333
2024-08-05,200.98,218.5,200.49,213.31,18420837
2024-08-06,216.54,222.8,212.64,217.46,15388764
2024-08-07,224.69,226.1,211.01,211.47,13066499
2024-08-08,217.6,225.27,212.7,224.91,11407866
2024-08-09,224.7,226.49,221.39,224.85,7241675
2024-08-12,225.19,229.55,224.05,226.96,6751158
2024-08-13,230.545,236.3,228.87,236.19,7647449
2024-08-14,238.71,239.18,232.16,236.39,7187132
2024-08-15,240.8,247.34,239.53,246.37,8376779
2024-08-16,244.21,247.4,243.0,246.71,5194621
2024-08-19,245.79,251.4,243.29,251.34,5564348
2024-08-20,250.15,251.53,245.87,248.06,6578580
2024-08-21,248.6,251.87,247.865,250.63,4813708
2024-08-22,252.52,253.32,241.54,242.42,8007438
2024-08-23,245.85,250.33,244.7,248.39,6933374
2024-08-26,247.49,248.55,241.13,242.57,6925237
2024-08-27,240.67,245.75,238.57,245.01,5534390
2024-08-28,244.5,245.68,237.82,240.89,8114008
2024-08-29,240.47,244.51,236.78,237.91,9256468
2024-08-30,242.45,244.6,239.38,243.46,8623765
2024-09-03,238.87,238.87,223.81,225.19,14466252
2024-09-04,221.83,228.58,221.46,224.65,8646295
2024-09-05,222.06,227.77,221.73,224.26,6535443
2024-09-06,223.35,223.67,213.57,215.0,12019320
2024-09-09,218.46,220.31,215.79,219.86,7933427
2024-09-10,220.62,222.14,216.46,221.94,7651577
2024-09-11,223.79,233.7,219.4,233.4,11148303
2024-09-12,232.92,235.955,229.962,233.9,8212412
2024-09-13,235.0,237.55,234.22,236.91,6405793
2024-09-16,233.39,235.0,230.8678,233.8,5505227
2024-09-17,236.61,237.13,231.84,233.72,4722843
2024-09-18,234.89,237.84,230.79,231.06,7299791
2024-09-19,239.97,243.8525,238.31,241.09,11254192
2024-09-20,238.8,239.65,234.96,237.9,8183279
2024-09-23,238.81,239.8199,237.12,238.95,3781433
2024-09-24,241.08,244.38,238.2838,243.4,5435856
2024-09-25,243.23,247.0795,242.8,245.54,4978310
2024-09-26,255.5,255.99,247.37,252.62,10082089
2024-09-27,253.19,253.21,246.12,247.74,7128566
2024-09-30,244.15,247.01,241.87,245.45,6256911
2024-10-01,245.63,246.58,237.0,238.88,7751838
2024-10-02,239.17,244.45,237.59,242.32,5842606
2024-10-03,241.55,247.15,241.34,244.55,5926885
2024-10-04,249.21,249.21,244.33,247.82,5776498
2024-10-07,246.53,250.6,246.31,248.22,4958756
2024-10-08,249.16,253.17,247.88,252.52,4435348
2024-10-09,252.99,255.41,250.21,255.15,4063391
2024-10-10,252.51,255.87,250.995,254.65,4044564
2024-10-11,253.61,257.295,253.6,256.69,4202875
2024-10-14,258.52,262.26,258.42,261.28,4608583
2024-10-15,261.0,262.105,245.5786,247.16,14128878
2024-10-16,249.83,249.83,245.5,247.32,5692277
2024-10-17,255.175,256.17,251.5,251.58,6744992
2024-10-18,253.5,253.52,250.86,251.51,3720736
2024-10-21,251.0,253.05,249.49,252.84,3923395
2024-10-22,251.33,252.49,249.67,251.69,3629141
2024-10-23,250.45,251.67,245.84,249.01,4971630
2024-10-24,250.87,251.2,248.2,250.06,2595528
2024-10-25,252.49,256.55,252.3,252.96,6835930
2024-10-28,252.77,253.05,251.0,251.21,3557268
2024-10-29,251.9,258.33,250.86,256.92,5392840
2024-10-30,251.74,253.0,249.45,250.68,5348394
2024-10-31,248.27,248.27,240.28,241.68,9464712
2024-11-01,244.19,247.29,243.35,244.75,5520983
2024-11-04,245.31,247.51,243.41,244.27,5199206
2024-11-05,245.25,249.04,245.08,248.31,4344210
2024-11-06,252.29,255.69,250.21,254.81,7284403
2024-11-07,258.39,261.15,258.14,261.02,5370187
2024-11-08,260.76,261.88,257.92,259.34,3915598
2024-11-11,257.92,258.05,250.99,253.53,7667252
2024-11-12,253.1,253.57,248.86,251.86,6574034
2024-11-13,250.65,251.18,247.22,247.63,5537892
2024-11-14,249.56,250.96,247.38,248.18,4607584
2024-11-15,244.17,244.57,238.8001,239.95,9499673
2024-11-18,239.025,242.17,237.39,241.54,7707042
2024-11-19,241.1,244.27,240.6,244.18,4505181
2024-11-20,243.33,243.75,238.65,242.54,7585585
2024-11-21,245.52,248.1899,239.6,246.1,8825388
2024-11-22,245.97,246.64,243.31,244.62,4746337
2024-11-25,246.35,246.35,242.2765,243.66,4562667
2024-11-26,245.82,246.12,239.89,241.42,4996487
2024-11-27,239.66,239.8,234.17,238.25,6911612
2024-11-29,240.0,244.49,239.59,242.13,5607353
2024-12-02,243.35,249.15,243.35,247.87,8070277
2024-12-03,246.93,248.68,245.93,248.42,3227262
2024-12-04,252.23,253.065,249.32,252.63,5457365
2024-12-05,251.89,252.16,247.58,248.3,3872077
2024-12-06,247.88,249.4216,247.21,248.61,3885289
2024-12-09,246.22,248.96,244.93,246.07,4532551
2024-12-10,246.43,247.15,238.37,239.88,6402370
2024-12-11,243.645,247.04,241.73,245.75,5588413
2024-12-12,244.01,244.64,241.93,243.37,3979280
2024-12-13,249.52,251.63,246.05,249.49,8628587
2024-12-16,250.5,254.355,248.92,253.25,4892952
2024-12-17,250.48,251.17,248.03,249.96,4027848
2024-12-18,252.16,254.47,240.4527,241.99,8125847
2024-12-19,243.0,243.25,238.35,238.87,6895880
2024-12-20,237.4,245.2599,236.54,242.71,6909310
2024-12-23,243.53,249.585,243.53,249.22,6650078
2024-12-24,250.44,251.37,249.38,251.37,2097390
2024-12-26,250.42,252.39,248.88,250.93,2171444
2024-12-27,249.28,250.07,245.16,248.4,3812328
2024-12-30,244.62,247.35,242.73,244.66,3532095
2024-12-31,245.51,246.05,241.4,242.17,3071840
2025-01-02,244.52,247.75,242.25,244.79,4464000
2025-01-03,247.0,252.33,246.68,251.88,4997025
2025-01-06,258.67,263.29,258.5,260.23,10533193
2025-01-07,263.42,263.58,253.05,254.04,7661073
2025-01-08,253.56,254.33,249.5108,252.23,5189522
2025-01-10,249.41,249.59,244.92,247.18,6901514
2025-01-13,241.065,244.93,240.62,244.64,6007459
2025-01-14,247.73,248.3828,242.39,245.44,3791539
2025-01-15,249.245,252.07,247.7,251.21,5316796
2025-01-16,257.11,257.2,252.15,252.29,5696146
2025-01-17,257.98,258.68,255.61,258.25,5387323
2025-01-21,260.8,264.32,258.4506,262.39,4922970
2025-01-22,266.0,269.66,265.14,267.17,6616460
2025-01-23,263.02,266.86,261.9,266.85,4704876
2025-01-24,267.4,267.43,260.62,261.53,5119857
2025-01-27,242.48,245.08,232.24,235.81,21944880
2025-01-28,237.89,241.031,232.26,240.45,11707323
2025-01-29,242.41,242.4537,236.635,239.53,8366035
2025-01-30,243.42,245.8499,240.67,245.17,7676288
2025-01-31,246.17,251.455,242.92,243.62,8021088
2025-02-03,235.97,241.64,235.12,238.78,7479648
2025-02-04,238.81,242.62,238.58,241.47,4579021
2025-02-05,242.12,247.5,240.4,247.14,4811115
2025-02-06,247.18,248.43,245.61,248.35,4877200
2025-02-07,249.56,250.65,243.48,245.0,7258908
2025-02-10,247.0,250.29,247.0,249.62,4231308
2025-02-11,247.7,251.04,247.41,249.87,3134879
2025-02-12,245.7,248.74,244.54,248.51,4212803
2025-02-13,248.0,252.09,247.79,251.92,4486146
2025-02-14,252.0,253.22,250.63,252.58,4279519
2025-02-18,254.715,257.2,253.34,256.22,6361446
2025-02-19,255.98,258.3799,253.88,257.34,3025373
2025-02-20,258.07,259.63,254.92,257.8,4401707
2025-02-21,258.35,258.7,249.19,249.99,7578486
2025-02-24,251.3,252.06,243.28,243.42,7518002
2025-02-25,242.71,243.78,237.34,238.25,7658557
2025-02-26,241.6,246.12,240.9,243.82,6675886
2025-02-27,246.072,246.38,228.7,228.79,10520634
2025-02-28,228.37,233.78,225.63,232.77,8654651
2025-03-03,235.365,235.37,220.95,223.01,10001218
2025-03-04,222.464,230.8,218.05,225.23,12563101
2025-03-05,227.82,230.21,223.47,229.4,6799419
2025-03-06,221.98,226.16,219.07,219.78,9155207
2025-03-07,220.6,225.75,217.07,225.09,9426838
2025-03-10,219.57,221.29,211.51,214.53,9616473
2025-03-11,215.21,219.02,210.46,214.22,7381274
2025-03-12,220.32,222.95,218.18,220.52,8710844
2025-03-13,220.78,223.88,217.81,219.55,5126791
2025-03-14,223.35,226.964,223.28,226.57,5100693
2025-03-17,226.23,231.04,226.02,228.96,5192188
2025-03-18,226.63,227.77,223.88,225.42,5196659
2025-03-19,225.42,231.015,223.775,227.41,4932530
2025-03-20,225.14,229.01,224.892,227.05,3654700
2025-03-21,222.77,225.61,221.41,224.77,6319285
2025-03-24,229.2,232.418,229.1,230.63,6503200
2025-03-25,230.45,230.66,228.85,229.65,3451806
2025-03-26,228.4,228.795,220.05,222.01,9685704
2025-03-27,219.05,220.7,216.565,217.75,9072487
2025-03-28,216.8,218.04,211.05,212.17,8722097
2025-03-31,207.33,211.69,204.51,211.47,9477213
2025-04-01,210.96,212.54,207.26,212.49,6151300
2025-04-02,208.96,216.61,208.47,214.09,7096159
2025-04-03,202.69,204.49,195.34,195.57,14298993
2025-04-04,188.7,190.29,178.231,180.8,22160097
2025-04-07,173.49,194.83,170.11,184.9,25600318
2025-04-08,192.99,195.72,176.05,179.95,19097648
2025-04-09,181.76,212.81,180.27,210.83,22178514
2025-04-10,201.38,202.5,189.04,196.21,18282536
2025-04-11,195.7,201.94,193.7,201.31,10156256
2025-04-14,206.615,206.78,198.77,201.61,9843315
2025-04-15,202.67,205.14,201.94,202.92,5097847
2025-04-16,193.16,196.76,188.53,194.35,13067200
2025-04-17,195.82,196.0,191.0,192.53,7067351
2025-04-21,188.898,189.3884,184.4,187.83,9572732
2025-04-22,190.35,193.3,188.96,191.9,7242693
2025-04-23,201.58,203.08,198.075,198.91,11495848
2025-04-24,203.22,209.28,202.1845,208.97,9696207
2025-04-25,207.18,213.29,206.5,211.97,7487437
2025-04-28,210.89,212.207,206.4,210.65,5804925
2025-04-29,209.33,212.25,208.52,210.29,4506180
2025-04-30,205.02,211.74,203.89,211.28,5974393
2025-05-01,214.93,216.5259,212.11,212.3,6878154
2025-05-02,217.99,220.92,217.235,219.03,6522174
2025-05-05,217.03,219.6,216.9,217.61,4536036
2025-05-06,213.65,217.44,212.8352,215.59,5019386
2025-05-07,215.72,220.92,214.19,220.02,9074353
2025-05-08,222.845,224.84,220.1,221.95,5919181
2025-05-09,224.525,225.3625,221.99,223.4,3495475
2025-05-12,236.72,238.67,234.05,237.41,9246912
2025-05-13,239.05,246.69,238.6,245.56,8665579
2025-05-14,247.65,249.44,245.6,247.99,7439569
2025-05-15,245.75,249.0,244.075,247.13,6446329
2025-05-16,247.54,247.61,244.12,246.42,3800074
2025-05-19,241.4,246.5,241.29,246.01,4196067
2025-05-20,243.87,245.61,242.88,245.54,3115165
2025-05-21,243.33,248.58,240.02,241.47,6392549
2025-05-22,241.03,243.61,240.32,240.81,5185483
2025-05-23,235.231,238.86,234.585,237.44,6577211
2025-05-27,242.49,245.69,240.6594,244.97,8858899
2025-05-28,245.29,246.21,241.905,242.36,10739453
2025-05-29,249.0,249.21,242.7001,244.08,9135620
2025-05-30,243.23,243.23,235.37,239.75,11064652
2025-06-02,239.175,244.03,238.96,243.3,4719859
2025-06-03,243.48,249.17,242.35,248.79,7518683
2025-06-04,250.57,252.61,248.36,251.75,7258713
2025-06-05,253.74,256.06,249.76,251.3,8057739
2025-06-06,253.535,255.59,252.64,252.73,5589747
2025-06-09,255.0,259.87,255.0,256.96,10841427
2025-06-10,258.36,262.68,257.46,262.07,9762982
2025-06-11,263.6,264.91,259.69,261.88,12285963
2025-06-12,260.06,264.0,260.06,263.15,6781903
2025-06-13,257.55,260.6,256.05,256.99,11950239
2025-06-16,259.965,265.05,259.78,263.38,7497747
2025-06-17,262.44,265.53,261.36,261.59,7284711
2025-06-18,262.78,264.9114,260.99,262.59,7367364
2025-06-20,264.85,265.025,257.22,260.27,11439904
2025-06-23,259.85,262.66,257.12,261.92,10420123
2025-06-24,265.93,271.62,265.74,271.54,9035532
2025-06-25,273.22,275.27,272.45,275.2,8480014
2025-06-26,277.08,277.95,274.95,277.2,6789034
2025-06-27,278.18,280.5,275.6444,278.42,8170862
2025-06-30,279.7,279.96,277.095,278.88,6375790
2025-07-01,276.8,278.055,272.16,275.84,8931315
2025-07-02,274.82,281.92,274.66,281.25,8713833
2025-07-03,282.82,285.19,282.31,283.62,4442978
2025-07-07,281.76,282.64,278.55,279.76,8616432
2025-07-08,281.61,284.73,280.7,283.48,8186459
2025-07-09,284.73,287.84,283.57,285.42,6810712
2025-07-10,287.885,288.19,284.56,287.52,5636246
2025-07-11,286.47,288.94,285.55,287.49,5676952
2025-07-14,286.3,286.52,281.74,285.32,7455764
2025-07-15,291.67,293.2,290.08,290.8,9892534
2025-07-16,288.5,289.57,283.13,289.28,10065893
2025-07-17,290.045,292.56,287.98,291.71,6998322
2025-07-18,292.91,293.325,289.33,290.31,5522542
2025-07-21,290.67,293.53,290.4,290.51,5910943
2025-07-22,289.735,289.84,282.12,285.37,11537512
2025-07-23,285.3,286.67,282.99,286.61,8194570
2025-07-24,287.185,288.27,284.92,287.8,5902611
2025-07-25,286.23,288.04,285.06,287.49,4014949
2025-07-28,289.78,291.57,289.29,291.41,5671906
2025-07-29,293.56,296.7292,291.48,292.9,6968672
2025-07-30,294.76,297.38,293.59,296.26,7930267
2025-07-31,294.7,294.92,286.05,288.78,9928055
2025-08-01,282.91,286.9366,279.19,283.95,14032196
2025-08-04,286.29,290.31,285.21,290.19,5323179
2025-08-05,290.74,291.33,284.21,287.1,6918330
2025-08-06,284.83,287.23,282.77,286.62,6124256
2025-08-07,292.83,294.71,288.62,291.12,8069437
2025-08-08,291.93,293.92,290.65,293.53,5121579
2025-08-11,294.51,297.09,292.73,293.4,5799738
2025-08-12,295.29,300.24,293.15,300.1,7598549
2025-08-13,301.84,302.98,298.57,301.28,8959735
2025-08-14,298.0,302.8,297.28,301.92,5826969
2025-08-15,299.36,299.36,293.94,295.65,9026333
2025-08-18,294.915,297.19,294.78,296.86,5577455
2025-08-19,296.86,297.12,290.63,290.87,8191866
2025-08-20,290.0,290.0,281.15,288.96,10091017
2025-08-21,287.78,289.87,285.88,287.46,6067701
2025-08-22,287.63,296.36,286.54,293.64,5810384
2025-08-25,293.75,295.79,292.115,293.92,4964984
2025-08-26,294.82,297.24,294.67,296.75,4967051
2025-08-27,295.85,298.1,294.38,297.66,5646172
2025-08-28,298.1,300.78,295.98,298.88,7193988
2025-08-29,295.56,295.56,289.1,290.29,13420941
2025-09-02,283.09,286.67,281.74,286.48,11543672
2025-09-03,287.36,287.93,283.78,286.43,7249632
2025-09-04,285.24,290.21,284.3,289.86,8079271
2025-09-05,295.07,295.15,289.25,293.28,9809634
2025-09-08,295.135,297.82,294.8,296.52,7223203
2025-09-09,297.22,297.99,295.11,297.81,6796992
2025-09-10,300.59,302.38,298.775,300.83,10221377
2025-09-11,303.54,305.56,303.17,303.93,7312385
2025-09-12,305.06,305.59,303.1,304.32,5231908
2025-09-15,303.815,307.23,303.01,307.17,5390242
2025-09-16,308.425,308.67,305.57,307.21,4227633
2025-09-17,306.5,307.1494,301.37,305.25,9647743
2025-09-18,313.55,318.62,312.6,316.97,16335567
2025-09-19,316.4,316.51,313.43,315.71,8381595
2025-09-22,316.27,323.14,316.0,322.17,11618134
2025-09-23,323.16,325.36,320.02,321.7,9158952
2025-09-24,321.395,321.96,317.47,321.11,8632214
2025-09-25,316.29,322.03,313.6,321.06,9592888
2025-09-26,321.64,322.42,318.14,321.82,6886102
2025-09-29,324.655,326.83,322.47,322.66,5833585
2025-09-30,322.75,326.72,322.43,326.36,7459901
2025-10-01,324.28,334.11,324.11,333.69,9911833
2025-10-02,339.66,340.0,336.56,338.24,8092564
2025-10-03,339.41,340.78,335.18,336.68,7769988
2025-10-06,345.46,348.53,343.38,343.38,10263178
2025-10-07,346.29,346.67,336.56,337.05,9365713
2025-10-08,336.73,346.46,336.42,346.07,7841482
2025-10-09,346.04,347.1,342.4,345.21,5565527
2025-10-10,345.97,346.4887,324.83,325.34,18804465
2025-10-13,337.48,341.09,335.0,339.75,11760190
2025-10-14,333.06,339.06,330.25,333.5,7296663
2025-10-15,342.1,343.08,335.51,341.78,8283819
2025-10-16,346.17,347.085,339.805,343.3,9047529
2025-10-17,341.22,344.93,338.14,342.83,8396255
2025-10-20,346.0,350.05,345.66,347.22,6436924
2025-10-21,347.06,347.1,343.16,345.3,4391848
2025-10-22,342.86,344.86,332.4,338.6,8014246
2025-10-23,337.05,345.905,336.725,344.8,6422550
2025-10-24,350.58,352.94,349.82,351.14,5649324
2025-10-27,357.67,360.6,356.21,359.94,6663417
2025-10-28,359.61,364.67,358.46,363.11,5086004
2025-10-29,369.075,372.7816,365.82,368.61,8102599
2025-10-30,367.43,369.86,363.55,363.73,6932721
2025-10-31,366.88,368.43,360.5,363.02,4917864
2025-11-03,367.69,369.47,364.69,366.1,4470471
2025-11-04,357.98,361.7925,351.795,352.76,8268996
2025-11-05,353.095,364.28,352.72,359.5,8605366
2025-11-06,359.59,360.15,348.71,351.09,9600467
2025-11-07,346.54,348.18,336.68,348.12,14723174
2025-11-10,357.55,360.0,353.95,358.79,9180650
2025-11-11,355.25,356.0431,349.74,351.05,7661156
2025-11-12,356.2,357.4799,352.94,355.53,5870743
2025-11-13,351.625,352.88,341.25,344.82,10654836
2025-11-14,335.24,348.91,333.75,344.98,12271174
2025-11-17,341.94,348.3435,337.05,340.3,6921299
2025-11-18,335.75,337.79,329.12,333.29,12933067
2025-11-19,334.81,343.06,333.46,339.44,9842253
2025-11-20,348.86,349.7799,323.69,325.1,14686653
2025-11-21,325.0,331.62,315.05,326.13,17298698
2025-11-24,329.0,340.57,328.83,339.12,10650899
2025-11-25,334.73,340.72,327.35,340.01,12052681
2025-11-26,344.25,350.3,343.43,347.71,5533284
2025-11-28,349.17,352.57,347.71,352.28,3352740
2025-12-01,348.845,355.01,348.06,352.96,3901980
2025-12-02,355.85,360.79,354.15,359.43,6657912
2025-12-03,359.7,364.575,356.23,364.37,4642684
2025-12-04,363.26,364.37,359.6,361.6,3971848
2025-12-05,364.46,368.578,363.54,364.42,3619211
2025-12-08,368.1,370.72,365.74,368.55,4334313
2025-12-09,367.035,369.5572,365.35,369.0,3173307
2025-12-10,368.91,375.59,366.93,374.1,5653318
2025-12-11,369.775,371.22,361.68,370.89,7499886
2025-12-12,366.99,367.56,352.88,354.12,12705929
2025-12-15,358.13,359.2,352.19,352.9,5605782
2025-12-16,351.57,354.39,348.31,351.94,5849243
2025-12-17,352.89,352.89,338.062,339.24,10780364
2025-12-18,350.84,352.09,345.83,347.25,8260179
2025-12-19,350.31,358.53,350.31,356.23,8838677
2025-12-22,362.41,362.48,357.77,359.7,4799521
2025-12-23,358.6,363.3,358.06,363.16,3542056
2025-12-24,362.7,364.54,362.15,364.17,1640529
2025-12-26,366.065,367.35,364.49,365.86,2921277
2025-12-29,362.655,365.82,360.82,364.21,4874419
2025-12-30,365.16,366.24,363.07,363.31,2926998
2025-12-31,364.83,365.5684,360.07,360.13,2687316
2026-01-02,368.95,376.335,368.835,373.3,8972358
2026-01-05,381.715,383.99,376.94,377.59,9071296
2026-01-06,382.395,389.365,382.14,387.62,10201168
2026-01-07,385.2,387.81,383.59,385.02,6058880
2026-01-08,384.56,384.74,375.86,378.98,5724015
2026-01-09,382.275,390.88,380.08,389.22,6490839
2026-01-12,385.665,391.98,385.665,390.66,5532026
2026-01-13,392.27,396.1,390.3832,391.53,5281595
2026-01-14,388.96,389.3406,383.81,388.35,6696503
2026-01-15,401.07,403.62,396.12,396.41,9948083
2026-01-16,402.85,405.31,398.42,400.39,5485939
2026-01-20,393.16,397.155,389.43,390.39,7158534
2026-01-21,394.75,405.88,393.37,401.93,8754595
2026-01-22,408.175,408.73,401.57,402.82,5462581
2026-01-23,400.5,403.0887,397.53,400.09,5869514
2026-01-26,398.4,400.74,396.22,398.82,4326866
2026-01-27,403.9,409.39,402.205,407.25,6145564
2026-01-28,415.34,418.49,413.1322,416.63,7641913
2026-01-29,417.44,420.6,403.17,417.52,9352480
2026-01-30,411.28,416.64,400.5754,403.46,9029033
2026-02-02,398.86,412.04,398.43,407.97,5946327
2026-02-03,411.03,412.58,390.52,397.68,12188626
2026-02-04,394.67,396.7106,374.24,382.02,16908468
2026-02-05,379.14,388.08,375.5609,381.07,12007770
2026-02-06,389.2,403.08,387.19,401.65,13460264
2026-02-09,398.91,409.69,397.0,406.65,5915243
2026-02-10,408.18,408.8,401.83,404.76,5645261
2026-02-11,413.835,418.08,406.36,414.78,6211177
2026-02-12,418.33,420.0392,405.28,406.11,7379088
2026-02-13,408.15,412.07,402.49,407.72,6481565
2026-02-17,402.705,410.87,397.77,407.51,7312702
2026-02-18,411.44,417.04,408.715,412.55,5839869
2026-02-19,408.71,411.0,405.56,410.2,4056441
2026-02-20,407.655,416.83,407.18,415.03,5715805
2026-02-23,413.57,417.6999,409.275,412.88,5842756
2026-02-24,417.215,421.67,411.67,419.16,7828860
2026-02-25,424.345,427.94,423.68,426.16,7714452
2026-02-26,423.72,423.72,405.56,412.01,14811316
2026-02-27,403.26,409.24,401.88,406.37,9049053
2026-03-02,397.25,407.36,396.92,406.39,11490174
2026-03-03,391.36,394.54,385.93,391.06,13768924
2026-03-04,396.25,401.23,393.1,399.1,8767199
2026-03-05,396.06,401.11,386.75,395.35,11793743
2026-03-06,384.97,392.67,378.53,380.56,12423222
2026-03-09,375.76,395.36,374.1601,394.37,16338101
2026-03-10,394.0,403.88,394.0,397.33,13687716
2026-03-11,400.01,404.39,398.69,401.03,6024928
2026-03-12,395.46,396.06,386.74,388.13,9845227
2026-03-13,392.32,396.33,386.07,387.33,7636079
2026-03-16,395.14,399.48,392.64,393.92,10317560
2026-03-17,397.155,397.61,393.22,396.88,6646252
2026-03-18,396.96,399.69,393.47,393.67,8372417
2026-03-19,384.0,397.53,381.44,394.92,12674826
2026-03-20,394.11,395.73,380.87,384.74,12846845
2026-03-23,393.36,399.28,389.44,391.36,12742293
2026-03-24,388.03,396.88,387.62,394.59,6177166
2026-03-25,398.355,402.5,395.74,399.02,7388666
2026-03-26,391.92,392.68,380.3,380.84,14806234
2026-03-27,377.79,381.309,373.01,374.25,11811407
2026-03-30,377.615,379.24,359.862,362.53,12198183
2026-03-31,368.735,383.5,368.1,383.4,13834949
2026-04-01,388.255,396.63,386.38,391.97,10805350
2026-04-02,378.07,393.5,378.0009,392.32,8505833
2026-04-06,393.745,397.1,391.9,395.98,4186120
2026-04-07,394.71,400.09,389.64,399.9,6672538
2026-04-08,423.16,424.99,414.99,422.92,10184264
2026-04-09,423.17,430.65,422.63,430.31,6018201
2026-04-10,434.45,441.54,434.45,436.88,11224186
2026-04-13,434.745,443.64,433.6,443.34,6549794
2026-04-14,448.0,452.095,444.24,452.0,6932448
2026-04-15,450.7,453.33,435.15,453.0,9155668
2026-04-16,450.725,457.09,447.7702,454.8,6450664
2026-04-17,462.8,464.58,459.5,464.16,7184643
2026-04-20,464.64,465.74,458.65,463.96,3935098
2026-04-21,466.285,468.4262,462.24,464.66,5598577
2026-04-22,471.05,477.42,467.17,476.83,7835173
2026-04-23,480.395,488.08,475.1901,481.85,10619719
2026-04-24,499.505,509.59,495.46,506.44,12614318
2026-04-27,509.19,510.1,497.745,506.26,9040153
2026-04-28,488.185,496.66,483.29,491.21,12664811
2026-04-29,496.345,499.58,492.34,499.58,6007909
2026-04-30,504.705,507.7899,495.02,506.72,8401642
2026-05-01,504.205,511.99,502.25,509.82,5308292
2026-05-04,512.47,513.15,501.15,506.79,6867462
2026-05-05,515.38,526.2,514.12,522.69,8624608
2026-05-06,537.77,549.88,532.35,549.76,15262913
2026-05-07,545.765,549.7032,535.92,540.1,10905154
2026-05-08,551.58,566.79,549.0,566.54,8553714
2026-05-11,570.26,578.0598,566.8,576.31,12680940
2026-05-12,565.005,570.4,542.67,561.25,17720788
2026-05-13,571.795,576.2,560.12,572.46,9586693
2026-05-14,570.84,581.1699,567.75,578.34,8458691
2026-05-15,560.305,565.88,552.9101,556.34,13009610
2026-05-18,565.475,567.21,536.87,546.16,12317457
2026-05-19,534.94,553.339,527.87,543.96,11905827
2026-05-20,552.75,564.72,551.65,564.66,8892210
2026-05-21,561.02,570.6,557.62,567.88,8293803
2026-05-22,574.27,582.5,572.86,576.32,7535020
2026-05-26,591.58,603.97,589.1,602.14,10008514
2026-05-27,611.94,612.3,584.93,595.5,11208990
2026-05-28,595.81,604.74,587.31,599.83,7624970
2026-05-29,606.03,611.7886,597.12,598.93,7603184
2026-06-01,596.095,613.4299,593.09,607.81,8648978
2026-06-02,619.6,632.57,614.465,632.21,8083502
2026-06-03,640.8,642.77,623.91,637.9,10179873
2026-06-04,613.0,634.78,604.61,627.53,10462936
2026-06-05,605.09,607.0,569.69,569.69,22038002
2026-06-08,597.21,606.2,588.54,598.16,13823902
2026-06-09,609.475,613.69,554.66,591.01,20329716
2026-06-10,580.755,598.73,568.29,570.91,12711368
2026-06-11,582.605,611.62,581.61,609.45,12196801
2026-06-12,607.95,624.62,602.21,619.96,8986716
2026-06-15,643.5,649.24,639.25,647.1,9613891
2026-06-16,643.52,648.31,616.0,616.0,10949632
2026-06-17,633.46,643.5,623.13,623.97,10658832
2026-06-18,648.545,663.7999,648.15,659.88,11229715
2026-06-22,670.345,671.83,660.0201,668.91,8042965
2026-06-23,625.93,636.88,617.27,622.05,19125964
2026-06-24,622.28,625.23,606.23,618.92,11901988
2026-06-25,649.37,650.03,613.93,636.88,14909351
2026-06-26,616.79,621.71,609.0,611.61,12728345
2026-06-29,615.03,633.26,596.17,631.98,10473943
2026-06-30,636.065,659.74,634.6,655.89,9406890
2026-07-01,634.35,639.89,618.62,620.46,13424666
2026-07-02,622.58,627.7,582.6,592.29,21334058
2026-07-06,607.05,618.21,604.05,604.3,9820715
2026-07-07,580.02,585.97,566.83,581.45,14619227
2026-07-08,575.33,595.0,575.04,593.0,9521328
2026-07-09,615.48,618.1656,604.7,607.73,9045101
2026-07-10,600.87,615.05,595.84,611.03,6608365
2026-07-13,598.005,599.36,583.09,585.62,8736478
2026-07-14,608.895,608.895,590.38,600.31,7581088
2026-07-15,606.88,606.88,573.72,590.77,11020779
2026-07-16,575.75,581.84,564.45,568.92,12353271
2026-07-17,547.935,567.41,536.81,556.53,22083883
2026-07-20,568.78,572.77,557.24,558.83,6962563
2026-07-21,580.96,586.0,572.05,584.08,7129768
2026-07-22,571.352,592.01,571.352,586.91,5249661
2026-07-23,577.2,586.89,573.9994,580.17,7963219
2026-07-24,574.43,578.52,556.49,561.19,19156404
2026-07-27,565.94,567.62,535.31,548.55,38682157
2026-07-28,531.65,535.94,518.25,529.6,18429042
2026-07-29,525.99,532.17,503.63,504.22,19440902
2026-07-30,529.858,544.64,524.56,538.9,14175002
2026-07-31,557.5,561.44,535.24,540.53,14673891
2026-08-03,530.43,548.49,524.77,545.46,7283763
2026-08-04,564.292,578.63,562.28,575.71,9566210
2026-08-05,574.41,585.0,568.38,569.7,6209431
2026-08-06,565.475,580.43,559.56,571.48,6231651
2026-08-07,583.58,586.09,572.32,582.7,6505032
2026-08-10,585.99,586.24,569.2,569.41,6476713
2026-08-11,578.57,578.6,569.17,572.93,5028983
2026-08-12,590.55,590.57,583.79,584.83,7414057
2026-08-13,586.38,597.95,585.01,589.12,6785984
2026-08-14,587.51,590.33,581.87,587.82,5524295
2026-08-17,593.715,600.3699,591.5,594.07,7700538
2026-08-18,574.355,577.76,562.63,569.77,11364389
2026-08-19,575.06,576.835,556.315,560.92,8713301
2026-08-20,559.375,566.0,557.26,562.65,6240638
2026-08-21,569.44,569.44,556.1,560.42,9619330
2026-08-24,554.175,554.175,540.75,546.8,7743315
2026-08-25,555.375,560.38,550.66,555.82,6046222
2026-08-26,554.47,557.78,550.54,555.77,3864963
2026-08-27,569.365,573.21,562.54,573.0,6566933
2026-08-28,568.72,570.12,552.3,553.11,6468427
2026-08-31,554.38,558.43,552.79,556.63,4325053
2026-09-01,546.48,549.88,540.85,545.22,6195102
2026-09-02,545.225,553.19,541.72,550.48,5129884
2026-09-03,546.77,553.74,540.07,552.6,5623455
2026-09-04,560.5,569.4,557.72,567.01,9456112
