date,open,high,low,close,volume
2015-01-02,2.287167,2.322013,2.182252,2.247167,15980100
2015-01-05,2.1855,2.225,2.114833,2.12,12647700
2015-01-06,2.1175,2.124983,1.957167,1.975667,13383120
2015-01-07,2.010333,2.063667,1.977,2.0355,8576400
2015-01-08,2.116667,2.261833,2.1,2.218667,13881900
2015-01-09,2.245833,2.2525,2.137548,2.224167,11072520
2015-01-12,2.193667,2.193667,2.055667,2.0905,10962660
2015-01-13,2.137,2.2135,1.996333,2.028167,12705960
2015-01-14,1.962,2.056167,1.9335,1.995667,9325200
2015-01-15,2.034333,2.0749,1.941667,1.947,6772620
2015-01-16,1.929,2.020998,1.903333,2.0135,8617140
2015-01-20,2.03,2.099,1.997167,2.077167,9438360
2015-01-21,2.060167,2.1715,2.035667,2.145333,9641340
2015-01-22,2.151667,2.190833,2.018333,2.185667,12338520
2015-01-23,2.161167,2.2,2.129333,2.1665,9593400
2015-01-26,2.164167,2.192603,2.103502,2.189167,6575460
2015-01-27,2.1,2.125,2.020333,2.063333,15488640
2015-01-28,2.133333,2.198167,2.029833,2.0325,13220940
2015-01-29,2.002,2.060667,1.924167,2.038333,15474960
2015-01-30,1.984333,2.048333,1.908333,1.913,10232100
2015-02-02,1.932,1.943333,1.806,1.9305,14559360
2015-02-03,1.9595,2.037833,1.945333,2.034667,10797540
2015-02-04,2.020333,2.100987,2.003833,2.059,8946660
2015-02-05,2.069167,2.1175,2.052393,2.115333,6325320
2015-02-06,2.1285,2.178498,2.065167,2.083333,11218500
2015-02-09,2.047833,2.073833,2.0,2.015167,6338160
2015-02-10,2.089,2.220833,2.0755,2.219333,10445340
2015-02-11,2.216333,2.26665,2.1538,2.241667,9229500
2015-02-12,2.283167,2.35,2.266108,2.349833,8822940
2015-02-13,2.389,2.418998,2.336002,2.399883,8973780
2015-02-17,2.400667,2.4295,2.373667,2.423833,5857740
2015-02-18,2.416667,2.421667,2.373333,2.4,5649540
2015-02-19,2.383833,2.443,2.376833,2.422,5125800
2015-02-20,2.403833,2.468,2.38235,2.465165,6200520
2015-02-23,2.463167,2.464833,2.3905,2.416167,5009940
2015-02-24,2.4075,2.517333,2.368667,2.514,8377380
2015-02-25,2.513333,2.518167,2.452363,2.471833,5765280
2015-02-26,2.505167,2.545817,2.483333,2.522,6090060
2015-02-27,2.5275,2.544667,2.480667,2.503833,4234800
2015-03-02,2.558667,2.713133,2.558667,2.711833,10604940
2015-03-03,2.686167,2.686167,2.55,2.555167,11422020
2015-03-04,2.534667,2.554333,2.459333,2.551,7705620
2015-03-05,2.588667,2.597167,2.520833,2.553333,5169420
2015-03-06,2.521833,2.542667,2.452847,2.476333,6400860
2015-03-09,2.47,2.514,2.462667,2.498,3821760
2015-03-10,2.442833,2.462333,2.348,2.357,10948140
2015-03-11,2.387667,2.448498,2.373167,2.376833,5814480
2015-03-12,2.3055,2.374133,2.295,2.373833,5211840
2015-03-13,2.389167,2.434,2.342167,2.422833,5982000
2015-03-16,2.440167,2.533667,2.440167,2.5295,6323100
2015-03-17,2.481833,2.4895,2.429517,2.475667,6147180
2015-03-18,2.475833,2.5675,2.378498,2.53,8147100
2015-03-19,2.53,2.567333,2.509667,2.5485,4703640
2015-03-20,2.607333,2.680833,2.5907,2.660333,6616320
2015-03-23,2.660167,2.668167,2.585833,2.585833,6319020
2015-03-24,2.574167,2.605,2.516833,2.519667,6554280
2015-03-25,2.529167,2.529167,2.166667,2.1745,21063420
2015-03-26,2.058333,2.125,1.9425,2.084833,24067860
2015-03-27,2.0725,2.282792,2.068025,2.256,16366320
2015-03-30,2.3,2.362333,2.263,2.35,16765740
2015-03-31,2.307167,2.323333,2.254667,2.267333,6943800
2015-04-01,2.2465,2.253167,2.166668,2.224667,12366300
2015-04-02,2.229667,2.270833,2.199667,2.202333,10687380
2015-04-06,2.136333,2.249167,2.108833,2.233835,8512080
2015-04-07,2.250333,2.296667,2.225167,2.2395,5787000
2015-04-08,2.2265,2.299833,2.22,2.279833,3945300
2015-04-09,2.241333,2.374333,2.241333,2.368333,7358400
2015-04-10,2.382,2.394833,2.356667,2.394833,4245240
2015-04-13,2.394833,2.432983,2.342583,2.348333,7758480
2015-04-14,2.368,2.368,2.254833,2.279833,8009820
2015-04-15,2.336333,2.415167,2.302833,2.395,8970240
2015-04-16,2.333333,2.379,2.3195,2.364833,3701220
2015-04-17,2.312833,2.312833,2.228333,2.2635,9107400
2015-04-20,2.2995,2.3465,2.291567,2.318833,4413960
2015-04-21,2.396333,2.416667,2.342167,2.3695,6055560
2015-04-22,2.399167,2.472,2.358333,2.467665,9702540
2015-04-23,2.3325,2.380833,2.287167,2.351833,11387820
2015-04-24,2.341667,2.346,2.194333,2.236833,18213780
2015-04-27,2.2425,2.325,2.234683,2.260167,8375760
2015-04-28,2.241833,2.275167,2.166667,2.263,4687500
2015-04-29,2.2405,2.246167,2.155867,2.225,7010580
2015-04-30,2.205833,2.235983,2.126,2.174167,6362820
2015-05-01,2.1959,2.360717,2.1959,2.343667,17383560
2015-05-04,2.353167,2.380333,2.31,2.328333,7011540
2015-05-05,2.307167,2.307167,2.174667,2.181167,11862840
2015-05-06,2.201667,2.228455,2.124667,2.172947,9009540
2015-05-07,2.193,2.25601,2.193,2.246167,7686960
2015-05-08,2.300167,2.3385,2.286833,2.3105,10142100
2015-05-11,2.304833,2.338168,2.282,2.311167,7165380
2015-05-12,2.288167,2.291167,2.2185,2.255833,6730080
2015-05-13,2.278,2.341333,2.274167,2.292667,5097960
2015-05-14,2.341333,2.402833,2.314423,2.377333,10306800
2015-05-15,2.4,2.416667,2.353553,2.389,4166460
2015-05-18,2.379667,2.460833,2.379667,2.453,6349020
2015-05-19,2.480167,2.506833,2.4035,2.430667,6742560
2015-05-20,2.454667,2.5,2.416,2.443333,2923110
2015-05-21,2.436667,2.493333,2.404,2.48,2389800
2015-05-22,2.487333,2.523333,2.480667,2.498,2566710
2015-05-26,2.473333,2.491267,2.404733,2.444,4063770
2015-05-27,2.462,2.752133,2.456667,2.729333,13916880
2015-05-28,2.735333,2.780667,2.682667,2.736667,6606945
2015-05-29,2.753333,2.800667,2.73,2.760667,5224065
2015-06-01,2.807333,2.830667,2.731333,2.773333,6365340
2015-06-02,2.749333,2.749333,2.666667,2.675333,5435430
2015-06-03,2.725333,2.727333,2.62,2.622,4202820
2015-06-04,2.589333,2.619333,2.530667,2.553333,8516970
2015-06-05,2.546667,2.573333,2.480673,2.557333,6295410
2015-06-08,2.557333,2.560667,2.3923,2.416667,10593015
2015-06-09,2.407333,2.424667,2.333333,2.404,10442325
2015-06-10,2.456,2.521333,2.433333,2.494,8490765
2015-06-11,2.528,2.533333,2.486,2.492667,5124210
2015-06-12,2.460667,2.466667,2.414673,2.424667,3468645
2015-06-15,2.376667,2.414667,2.31,2.406667,3541680
2015-06-16,2.384,2.448,2.376353,2.432,3761850
2015-06-17,2.45,2.465333,2.408,2.437333,4078425
2015-06-18,2.458667,2.573333,2.458667,2.540667,7688970
2015-06-19,2.547333,2.567333,2.475333,2.518,4377240
2015-06-22,2.563333,2.585333,2.527333,2.565333,4976595
2015-06-23,2.576667,2.594053,2.498,2.521333,5640540
2015-06-24,2.512667,2.531333,2.443333,2.446667,4566315
2015-06-25,2.488667,2.488667,2.419333,2.441333,3017940
2015-06-26,2.381333,2.381333,2.228,2.263333,10181790
2015-06-29,2.166667,2.217333,2.064667,2.07,11570265
2015-06-30,2.127333,2.142,2.064,2.094667,11799630
2015-07-01,2.172667,2.191333,2.092667,2.11,10523085
2015-07-02,2.123333,2.156,2.10734,2.136,3387435
2015-07-06,2.093333,2.136,2.015333,2.050667,8164500
2015-07-07,2.047333,2.047333,1.839327,2.023333,8449020
2015-07-08,1.941333,1.983333,1.843333,1.875333,7169250
2015-07-09,1.966667,1.974,1.786,1.786,11639055
2015-07-10,1.866667,1.90736,1.846667,1.887333,10768995
2015-07-13,1.943333,1.945333,1.892433,1.932667,7369005
2015-07-14,1.953333,2.008667,1.953333,1.999333,5852955
2015-07-15,2.011333,2.011333,1.932,1.958667,8317815
2015-07-16,2.006667,2.006667,1.916,1.971333,9607890
2015-07-17,1.952,1.963333,1.909367,1.954667,5380305
2015-07-20,1.975333,1.989993,1.913333,1.914667,4541505
2015-07-21,1.902,1.97,1.902,1.92,6831600
2015-07-22,1.794,1.794,1.713207,1.778,14968710
2015-07-23,1.808667,1.916667,1.808667,1.856,8224320
2015-07-24,1.894667,1.894667,1.73666,1.744,7173900
2015-07-27,1.718,1.739333,1.6469333,1.702667,9583185
2015-07-28,1.730667,1.842667,1.690667,1.808667,12343320
2015-07-29,1.808667,1.828,1.756733,1.818,9057405
2015-07-30,1.802667,1.856533,1.774,1.838667,5058285
2015-07-31,1.842,1.846667,1.76382,1.774,5567850
2015-08-03,1.762,1.778667,1.727333,1.756667,3806025
2015-08-04,1.74,1.750667,1.664,1.698,6415905
2015-08-05,1.718,1.798,1.718,1.761333,7600005
2015-08-06,1.766667,1.766667,1.6276,1.6693333,7929810
2015-08-07,1.6666667,1.701333,1.6466667,1.696667,6246195
2015-08-10,1.733333,1.830667,1.733333,1.824,8171025
2015-08-11,1.788,1.788,1.6755067,1.7,7214700
2015-08-12,1.6493333,1.753333,1.5986667,1.728667,9518760
2015-08-13,1.728667,1.752,1.676,1.676,7284750
2015-08-14,1.662,1.6717333,1.6153333,1.6463333,5597745
2015-08-17,1.622,1.696,1.6,1.696,4459905
2015-08-18,1.692667,1.692667,1.5831733,1.5913333,8852040
2015-08-19,1.596,1.602,1.5153333,1.5466667,7712025
2015-08-20,1.5066667,1.5066667,1.3733333,1.3746667,13956015
2015-08-21,1.3226667,1.382,1.2606667,1.2773333,12128640
2015-08-24,1.0213333,1.34,1.004,1.1793333,29238915
2015-08-25,1.3066667,1.324,1.1403333,1.1403333,14115045
2015-08-26,1.252,1.3146667,1.178,1.31,21187185
2015-08-27,1.38,1.462,1.3726667,1.4573333,24174420
2015-08-28,1.426,1.4906667,1.426,1.4853333,10723770
2015-08-31,1.4466667,1.514,1.4253333,1.4673333,9834135
2015-09-01,1.3466667,1.4253333,1.2913333,1.316,13606380
2015-09-02,1.3813333,1.4086667,1.3353333,1.4086667,5200920
2015-09-03,1.436,1.4966667,1.4286667,1.4413333,7801155
2015-09-04,1.3713333,1.4192667,1.348,1.3646667,7768050
2015-09-08,1.46,1.5484667,1.4566667,1.5433333,11443950
2015-09-09,1.5886667,1.6206667,1.452,1.462,17735025
2015-09-10,1.46,1.522,1.4173333,1.4826667,8354460
2015-09-11,1.438,1.4866667,1.4214667,1.482,6458655
2015-09-14,1.502,1.5173333,1.4774,1.4966667,5243145
2015-09-15,1.51,1.5625333,1.51,1.548,5133285
2015-09-16,1.5466667,1.5653333,1.5113333,1.5606667,6328155
2015-09-17,1.5606667,1.5973333,1.5126667,1.5186667,10004910
2015-09-18,1.456,1.5013333,1.4246667,1.4426667,9004785
2015-09-21,1.4666667,1.48466,1.4093333,1.428,7872570
2015-09-22,1.352,1.3706,1.3170467,1.3346667,10623150
2015-09-23,1.3386667,1.358,1.3006667,1.304,5457195
2015-09-24,1.27,1.324,1.1959733,1.2986667,11693520
2015-09-25,1.3526667,1.3778133,1.282,1.3186667,14334285
2015-09-28,1.2906667,1.3173333,1.2086667,1.2086667,19646130
2015-09-29,1.2246667,1.2686667,1.18934,1.2353333,8576850
2015-09-30,1.2913333,1.38,1.2906667,1.3733333,11165190
2015-10-01,1.3706667,1.3706667,1.2566667,1.328,11291415
2015-10-02,1.2826667,1.4133333,1.2713333,1.4133333,11044290
2015-10-05,1.452,1.514,1.4360333,1.492,11213910
2015-10-06,1.5073333,1.52,1.4264933,1.5073333,10016835
2015-10-07,1.5426667,1.5953333,1.49,1.5753333,13086345
2015-10-08,1.558,1.6053333,1.5213333,1.6046667,10490700
2015-10-09,1.596,1.612,1.5386667,1.562,9636765
2015-10-12,1.562,1.5766667,1.544,1.5686667,3466035
2015-10-13,1.5313333,1.56,1.5046667,1.5053333,5832645
2015-10-14,1.5333333,1.714667,1.5186667,1.6753333,12872550
2015-10-15,1.712667,1.758933,1.678,1.725333,7218840
2015-10-16,1.733333,1.738733,1.69,1.732,3848040
2015-10-19,1.707333,1.764667,1.692667,1.731333,3388950
2015-10-20,1.721333,1.743333,1.698,1.723333,3612135
2015-10-21,1.78,1.8318,1.732,1.732667,7910385
2015-10-22,1.807333,1.922,1.807333,1.908667,9553680
2015-10-23,1.968667,1.998667,1.904667,1.983333,12800295
2015-10-26,1.956667,1.959333,1.846673,1.864667,7888740
2015-10-27,1.826667,1.864667,1.812667,1.826,5898930
2015-10-28,1.860667,1.9218,1.842,1.920667,7332000
2015-10-29,1.805333,1.811333,1.736733,1.752,7363830
2015-10-30,1.763333,1.813333,1.763333,1.796667,4932825
2015-11-02,1.814,1.85,1.804507,1.842,4514715
2015-11-03,1.836667,1.892,1.82926,1.869333,3585750
2015-11-04,1.875333,1.9,1.846667,1.889333,4272690
2015-11-05,1.867333,1.867333,1.758673,1.771333,6928170
2015-11-06,1.799333,1.91,1.799333,1.904667,7741260
2015-11-09,1.890667,1.890667,1.822667,1.850667,4532460
2015-11-10,1.792,1.8,1.733333,1.75,6872895
2015-11-11,1.762,1.812,1.75,1.754,6765615
2015-11-12,1.735333,1.758667,1.687333,1.689267,5874570
2015-11-13,1.684667,1.703933,1.6213333,1.642,8245395
2015-11-16,1.6393333,1.705333,1.638,1.703333,4932105
2015-11-17,1.705333,1.776,1.702267,1.736667,5721000
2015-11-18,1.738667,1.792667,1.705333,1.788,7293075
2015-11-19,1.797333,1.847333,1.77,1.800667,4227135
2015-11-20,1.823333,1.84666,1.802007,1.819333,4059105
2015-11-23,1.822667,1.822667,1.743333,1.746667,4003140
2015-11-24,1.733333,1.824667,1.694,1.814,6041610
2015-11-25,1.822667,1.846667,1.796,1.818667,2291970
2015-11-27,1.835333,1.864,1.828,1.859333,1800420
2015-11-30,1.866,1.919333,1.855333,1.916,4117140
2015-12-01,1.927333,1.994,1.927333,1.990667,8355375
2015-12-02,2.001333,2.03,1.952987,1.962667,9337935
2015-12-03,2.031333,2.05,1.897333,1.926,6945885
2015-12-04,1.941333,2.044667,1.91006,2.032667,6491580
2015-12-07,2.021333,2.021333,1.966667,1.974667,3728445
2015-12-08,1.893333,1.946,1.870667,1.926667,6631845
2015-12-09,1.910667,1.935333,1.825333,1.85,6715575
2015-12-10,1.851333,1.925333,1.850307,1.882,5155275
2015-12-11,1.827333,1.842667,1.762667,1.771333,7532565
2015-12-14,1.768667,1.790667,1.684,1.737333,8117940
2015-12-15,1.774,1.838667,1.763333,1.817333,5202015
2015-12-16,1.835333,1.870667,1.772,1.859333,5486535
2015-12-17,1.89,1.91066,1.777333,1.777333,5895540
2015-12-18,1.74,1.766667,1.706667,1.714667,5406480
2015-12-21,1.758,1.810667,1.744987,1.81,3751215
2015-12-22,1.832,1.835333,1.7734,1.816667,2516625
2015-12-23,1.832,1.858133,1.810293,1.856,3278055
2015-12-24,1.847333,1.894,1.843467,1.875333,1558425
2015-12-28,1.853333,1.853333,1.796,1.853333,3654300
2015-12-29,1.89,1.942,1.867333,1.920667,5612685
2015-12-30,1.91,1.928373,1.859333,1.861333,3542895
2015-12-31,1.837333,1.84628,1.784667,1.784667,2239935
2016-01-04,1.682667,1.725333,1.6486667,1.724,6852165
2016-01-05,1.744,1.745333,1.666,1.6706667,7008675
2016-01-06,1.5893333,1.5918,1.4913333,1.536,8817045
2016-01-07,1.4193333,1.4826667,1.368,1.3786667,8475480
2016-01-08,1.408,1.4209467,1.3066667,1.3106667,9717975
2016-01-11,1.3333333,1.3666667,1.2766667,1.3306667,9302880
2016-01-12,1.378,1.4013333,1.3072867,1.364,8333580
2016-01-13,1.3666667,1.3946667,1.2306667,1.2346667,6531165
2016-01-14,1.2506667,1.3306667,1.198,1.3106667,8373750
2016-01-15,1.1526667,1.1813333,1.0806667,1.134,12220320
2016-01-19,1.1933333,1.2120133,1.1073333,1.138,9245265
2016-01-20,1.0933333,1.1953333,1.064,1.16,11090970
2016-01-21,1.192,1.256,1.1560067,1.208,13323885
2016-01-22,1.276,1.304,1.2546667,1.2786667,12351330
2016-01-25,1.2646667,1.2773333,1.216,1.224,7657425
2016-01-26,1.2433333,1.2886667,1.2213333,1.26,7986465
2016-01-27,1.238,1.286,1.196,1.2153333,9180495
2016-01-28,1.2453333,1.2506667,1.178,1.2046667,6302985
2016-01-29,1.2246667,1.37,1.2246667,1.3673333,11987070
2016-02-01,1.3386667,1.4086667,1.3266667,1.388,8038440
2016-02-02,1.3426667,1.3426667,1.2366667,1.2506667,8759970
2016-02-03,1.294,1.3,1.1826667,1.2606667,9666810
2016-02-04,1.2666667,1.348,1.2573333,1.3226667,13745520
2016-02-05,1.3106667,1.3106667,1.1713333,1.1886667,16936965
2016-02-08,1.1293333,1.1333333,1.0433333,1.0966667,10142955
2016-02-09,1.056,1.1379267,1.0473333,1.0753333,6553425
2016-02-10,1.1133333,1.1353333,1.0506667,1.052,13689945
2016-02-11,1.0,1.0473333,0.9886667,1.028,18111000
2016-02-12,1.08,1.1006667,1.0193333,1.096,14364405
2016-02-16,1.1446667,1.2306667,1.1293333,1.212,19577850
2016-02-17,1.2373333,1.3066667,1.2313333,1.2986667,18732990
2016-02-18,1.33,1.3306667,1.2756,1.278,11878125
2016-02-19,1.2746667,1.3193333,1.27,1.2953333,7744575
2016-02-22,1.342,1.3793267,1.338,1.3566667,8479770
2016-02-23,1.3266667,1.348,1.2853333,1.2906667,5551500
2016-02-24,1.2466667,1.3533333,1.2233333,1.3446667,14659185
2016-02-25,1.364,1.398,1.312,1.3966667,9293685
2016-02-26,1.428,1.4359333,1.4006667,1.418,11154735
2016-02-29,1.44,1.4840733,1.4106667,1.4106667,15356850
2016-03-01,1.4633333,1.5293333,1.44,1.528,12425160
2016-03-02,1.5306667,1.5546667,1.5113333,1.554,8565630
2016-03-03,1.5533333,1.5668,1.5246667,1.5573333,9266175
2016-03-04,1.5913333,1.6453333,1.5550667,1.6066667,17251980
2016-03-07,1.5693333,1.646,1.5573333,1.6246667,13197975
2016-03-08,1.5853333,1.59,1.5093333,1.514,13116090
2016-03-09,1.5353333,1.5633333,1.5146667,1.5513333,10950285
2016-03-10,1.576,1.6166667,1.508,1.572,10504185
2016-03-11,1.572,1.572,1.572,1.6653333,10131480
2016-03-14,1.654,1.668,1.628,1.646,10203045
2016-03-15,1.646,1.646,1.646,1.6366667,10892100
2016-03-16,1.624,1.688667,1.6073333,1.682,12388125
2016-03-17,1.674,1.728667,1.6596667,1.718667,10372860
2016-03-18,1.729333,1.790667,1.713087,1.787333,9390780
2016-03-21,1.766667,1.797333,1.744673,1.796,6912675
2016-03-22,1.775333,1.80866,1.752,1.791333,6476100
2016-03-23,1.782,1.783333,1.716667,1.719333,7260285
2016-03-24,1.719333,1.719333,1.719333,1.715333,10165080
2016-03-28,1.743333,1.743333,1.69,1.713333,8258790
2016-03-29,1.696,1.788,1.666,1.778667,8484015
2016-03-30,1.812,1.863333,1.808,1.832,8788680
2016-03-31,1.815333,1.827333,1.797333,1.800667,6111240
2016-04-01,1.774667,1.837333,1.742,1.836,8402115
2016-04-04,1.836,1.837867,1.776667,1.785333,6859170
2016-04-05,1.785333,1.785333,1.785333,1.753333,4803990
2016-04-06,1.751333,1.811333,1.706667,1.806667,7841655
2016-04-07,1.778667,1.786593,1.704667,1.722,4112355
2016-04-08,1.772667,1.796667,1.730667,1.748,5931645
2016-04-11,1.776,1.824667,1.745333,1.745333,4776450
2016-04-12,1.752,1.770933,1.672,1.74,6947295
2016-04-13,1.774667,1.86132,1.77,1.858667,8345280
2016-04-14,1.808667,1.822,1.757667,1.813333,7392225
2016-04-15,1.817333,1.817333,1.763333,1.764667,4173975
2016-04-18,1.733333,1.782,1.733333,1.767333,5779635
2016-04-19,1.775333,1.784,1.680667,1.7,7655505
2016-04-20,1.69,1.774,1.686667,1.75,6774180
2016-04-21,1.751333,1.751333,1.695333,1.719333,3598890
2016-04-22,1.723333,1.774667,1.688,1.728667,4845765
2016-04-25,1.709333,1.740667,1.685333,1.697333,3563835
2016-04-26,1.736,1.812667,1.726,1.765333,5228505
2016-04-27,1.714667,1.828667,1.708733,1.822,7045245
2016-04-28,1.784,1.820667,1.664,1.6753333,8776935
2016-04-29,1.6606667,1.6606667,1.506,1.5466667,10438980
2016-05-02,1.5526667,1.5853267,1.5213333,1.5786667,4453290
2016-05-03,1.5366667,1.5546,1.504,1.526,4360365
2016-05-04,1.4866667,1.5233333,1.4573333,1.4713333,4780350
2016-05-05,1.514,1.5273267,1.4686,1.4826667,5569230
2016-05-06,1.4686667,1.4893333,1.4286667,1.4886667,3398805
2016-05-09,1.4946667,1.5233267,1.4713333,1.482,3501810
2016-05-10,1.4973333,1.5386667,1.4704667,1.5373333,4979775
2016-05-11,1.528,1.5673333,1.5206733,1.5233333,7488060
2016-05-12,1.5406667,1.5433333,1.4066667,1.4426667,8350620
2016-05-13,1.448,1.4939333,1.446,1.46,6027480
2016-05-16,1.46944,1.5593333,1.4680467,1.528,8338425
2016-05-17,1.5266667,1.5486667,1.48656,1.498,4624230
2016-05-18,1.4693333,1.6093333,1.4693333,1.5706667,10564785
2016-05-19,1.5520067,1.5827,1.502,1.54,5456880
2016-05-20,1.616,1.687333,1.6013333,1.683333,9217890
2016-05-23,1.731333,1.765327,1.710667,1.72,6510765
2016-05-24,1.76,1.849333,1.75,1.844667,9953400
2016-05-25,1.873333,1.89,1.833333,1.877333,10677975
2016-05-26,1.898667,1.9078,1.87,1.896,4304715
2016-05-27,1.896,1.94,1.896,1.930667,3602310
2016-05-31,1.946667,1.968,1.924,1.962,4936635
2016-06-01,1.962667,2.000667,1.935333,1.996,4663215
2016-06-02,1.974667,1.994667,1.957333,1.994667,3682080
2016-06-03,2.044,2.054,1.976667,2.013333,4863420
2016-06-06,2.025333,2.048667,1.986667,1.998,4572405
2016-06-07,2.024,2.067333,2.024,2.056667,5603955
2016-06-08,2.054667,2.069333,2.034667,2.051333,4368405
2016-06-09,2.006,2.062667,1.988667,2.059333,5604825
2016-06-10,1.994,1.994,1.935333,1.956,5686440
2016-06-13,1.920667,1.994,1.915333,1.929333,5010720
2016-06-14,1.900667,1.939333,1.871473,1.924,6199770
2016-06-15,1.954,1.968667,1.916067,1.924667,3605595
2016-06-16,1.855333,1.927333,1.824667,1.922667,7249305
2016-06-17,1.912667,1.926593,1.834253,1.874667,3912615
2016-06-20,1.965333,2.007133,1.934667,1.938,5973615
2016-06-21,1.967333,1.97,1.934667,1.958,2568330
2016-06-22,1.956,2.013653,1.944,1.949333,3488445
2016-06-23,2.030667,2.102667,2.014,2.101333,5671650
2016-06-24,1.816667,1.924667,1.7307,1.746667,11478960
2016-06-27,1.684667,1.684667,1.5066667,1.5386667,11459070
2016-06-28,1.612,1.671,1.6006733,1.662,14645850
2016-06-29,1.723333,1.779853,1.702,1.762,9871860
2016-06-30,1.772667,1.858,1.7554,1.858,5794380
2016-07-01,1.804667,1.824467,1.789333,1.798,4080705
2016-07-05,1.760667,1.761333,1.674,1.707333,4137165
2016-07-06,1.6726667,1.722,1.6206667,1.714667,6273150
2016-07-07,1.726,1.814267,1.726,1.777333,6212445
2016-07-08,1.829333,1.928667,1.827333,1.926667,9956910
2016-07-11,1.968,2.014667,1.964667,1.99,9297600
2016-07-12,2.041333,2.088667,2.036667,2.071333,6899700
2016-07-13,2.093333,2.114613,2.065333,2.076667,5209815
2016-07-14,2.134,2.14,2.08168,2.122,6062535
2016-07-15,2.124667,2.129333,2.093333,2.117333,4301295
2016-07-18,2.181333,2.223333,2.179333,2.212667,5876070
2016-07-19,2.198667,2.205833,2.168667,2.186667,3193740
2016-07-20,2.211333,2.310667,2.206,2.292,6293265
2016-07-21,2.294667,2.304,2.216,2.244,5064570
2016-07-22,2.229333,2.280667,2.180667,2.279333,5407485
2016-07-25,2.285333,2.330667,2.285333,2.316,4806000
2016-07-26,2.382667,2.618667,2.382667,2.598667,15642435
2016-07-27,2.656667,2.660667,2.535333,2.582667,8205540
2016-07-28,2.533333,2.596,2.504667,2.542,5161905
2016-07-29,2.544667,2.562,2.474667,2.503333,5204820
2016-08-01,2.523333,2.544667,2.488667,2.516667,3016200
2016-08-02,2.501333,2.501333,2.355,2.396,7989630
2016-08-03,2.354,2.412667,2.354,2.412667,4187130
2016-08-04,2.430667,2.477333,2.413333,2.475333,5210175
2016-08-05,2.522,2.576,2.51,2.57,5162205
2016-08-08,2.594,2.613667,2.547333,2.559333,3063630
2016-08-09,2.575333,2.648667,2.574667,2.625333,3785520
2016-08-10,2.635333,2.637333,2.536,2.564333,5243655
2016-08-11,2.583333,2.61,2.556733,2.601333,2359860
2016-08-12,2.6,2.652667,2.6,2.634667,4085700
2016-08-15,2.659333,2.76238,2.656667,2.744,4910130
2016-08-16,2.74,2.74,2.675333,2.685333,2447310
2016-08-17,2.694,2.694,2.64,2.684,3484845
2016-08-18,2.670667,2.743333,2.670667,2.743333,3173100
2016-08-19,2.752667,2.833333,2.744667,2.814667,4913175
2016-08-22,2.806,2.840667,2.782667,2.818,3502770
2016-08-23,2.857333,2.897013,2.854807,2.863333,4678590
2016-08-24,2.863333,2.878667,2.763847,2.789333,4705545
2016-08-25,2.821333,2.859333,2.761333,2.823333,3474960
2016-08-26,2.841333,2.923333,2.8,2.862667,3075120
2016-08-29,2.879333,2.927333,2.879333,2.892,5029500
2016-08-30,2.897333,2.943133,2.843333,2.866667,4840575
2016-08-31,2.872,2.88152,2.822667,2.868667,2962890
2016-09-01,2.874,2.944,2.828667,2.944,5970810
2016-09-02,2.978,2.978,2.888667,2.928,4898655
2016-09-06,2.976667,2.976667,2.861333,2.903333,2661285
2016-09-07,2.911333,2.924,2.825333,2.839333,4519410
2016-09-08,2.813333,2.847333,2.775333,2.826667,4619475
2016-09-09,2.763333,2.763333,2.501333,2.515333,7637895
2016-09-12,2.460667,2.673327,2.433333,2.666,7584495
2016-09-13,2.620667,2.692667,2.552,2.588667,4434135
2016-09-14,2.596667,2.680667,2.564667,2.662667,5754240
2016-09-15,2.676,2.862,2.662667,2.846667,11308845
2016-09-16,2.92,2.925333,2.782667,2.848,5264460
2016-09-19,2.913333,2.984333,2.830667,2.862,5494965
2016-09-20,2.901333,2.913333,2.798673,2.826,3736095
2016-09-21,2.862667,2.947693,2.825333,2.936667,3956115
2016-09-22,2.986667,3.025333,2.942,2.970667,4545735
2016-09-23,2.964667,2.964667,2.863333,2.876,2406900
2016-09-26,2.826667,2.841333,2.756,2.786667,2850420
2016-09-27,2.78,2.937333,2.766667,2.936667,4380360
2016-09-28,2.954667,3.0,2.9,2.956,4859940
2016-09-29,2.956,3.118,2.86,3.064667,12944040
2016-09-30,3.132,3.266,3.125867,3.207333,7448205
2016-10-03,3.213333,3.272667,3.125333,3.140667,3537090
2016-10-04,3.192,3.20956,3.083333,3.116667,4381635
2016-10-05,3.146667,3.253333,3.132667,3.189333,3517980
2016-10-06,3.192667,3.249333,3.122667,3.244667,4367355
2016-10-07,3.266,3.285333,3.141333,3.226,4739790
2016-10-10,3.274667,3.312667,3.176,3.178,4125225
2016-10-11,3.163333,3.165333,2.894,2.979333,11005725
2016-10-12,2.979333,2.979333,2.860667,2.946,4562640
2016-10-13,2.865333,2.870667,2.698667,2.839333,7308330
2016-10-14,2.943333,3.006667,2.898667,2.908667,8759400
2016-10-17,2.894667,2.946667,2.856667,2.859333,3201375
2016-10-18,2.992,2.9966,2.938667,2.964,3851355
2016-10-19,2.884,2.934,2.839333,2.92,4538955
2016-10-20,2.914667,3.012,2.852007,2.982667,4458060
2016-10-21,2.906,2.96906,2.87334,2.958667,3619260
2016-10-24,3.026667,3.127487,3.020667,3.123333,4047135
2016-10-25,3.151333,3.157433,3.096,3.116,4288710
2016-10-26,3.056667,3.155713,3.041,3.098,4497030
2016-10-27,3.190667,3.216,3.044667,3.056667,4950435
2016-10-28,3.064667,3.149333,2.99,3.004,5381550
2016-10-31,3.064,3.093333,3.035333,3.051333,2971590
2016-11-01,3.077333,3.122667,2.864,2.965333,5792970
2016-11-02,2.974667,3.026,2.882667,2.906,6443925
2016-11-03,2.92,2.969333,2.858673,2.886667,5180460
2016-11-04,2.834,2.9146,2.775333,2.836,2906250
2016-11-07,2.997333,3.084667,2.960667,3.081333,3788700
2016-11-08,3.086667,3.155333,3.024,3.101333,4148310
2016-11-09,2.886667,3.083,2.846873,3.052,8143035
2016-11-10,3.122,3.170667,2.768667,2.860667,11699385
2016-11-11,2.956,3.198667,2.953333,3.183333,8975475
2016-11-14,3.2,3.235333,3.104667,3.13,3526080
2016-11-15,3.185333,3.333333,3.146,3.310667,5699430
2016-11-16,3.296,3.433327,3.286,3.425333,6180360
2016-11-17,3.520667,3.58466,3.403333,3.537333,4749375
2016-11-18,3.556,3.624467,3.514007,3.61,3157620
2016-11-21,3.640667,3.696,3.60494,3.658,4189740
2016-11-22,3.763333,3.811333,3.729333,3.804667,5645385
2016-11-23,3.791333,3.838,3.748,3.82,3952785
2016-11-25,3.856,3.856,3.784667,3.836,1351410
2016-11-28,3.816667,3.852667,3.781333,3.804,2222070
2016-11-29,3.788,3.843327,3.724667,3.782,1993305
2016-11-30,3.787333,3.801333,3.709333,3.714,1819290
2016-12-01,3.700667,3.7088,3.1049,3.164667,10963920
2016-12-02,3.152,3.300667,3.119853,3.287333,6095355
2016-12-05,3.37,3.436667,3.30414,3.407333,6200085
2016-12-06,3.442,3.558653,3.440667,3.548667,4476735
2016-12-07,3.533333,3.793333,3.504667,3.773333,6504765
2016-12-08,3.782667,3.93,3.782667,3.87,7072485
2016-12-09,3.98,3.985993,3.742667,3.821333,5370750
2016-12-12,3.774667,3.796427,3.640667,3.734667,3918705
2016-12-13,3.786667,3.937327,3.754667,3.860667,6134940
2016-12-14,3.866667,3.926,3.811333,3.852,5146770
2016-12-15,3.888,4.104333,3.877253,4.054667,7222290
2016-12-16,4.133333,4.145333,3.872,3.922667,4265160
2016-12-19,4.0,4.09,3.946667,3.86,4107435
2016-12-20,3.996,3.996,3.919427,3.968667,5374770
2016-12-21,4.000667,4.017333,3.952667,3.968667,2380770
2016-12-22,4.111333,4.128667,3.982667,4.032667,3078645
2016-12-23,4.006667,4.096,3.994673,4.092667,1365180
2016-12-27,4.104,4.266,4.1,4.242,4865760
2016-12-28,4.325333,4.328,3.989333,3.995333,8057235
2016-12-29,3.955333,3.996667,3.868,3.994667,5998935
2016-12-30,4.08,4.097333,3.773333,3.806667,5213580
2017-01-03,3.908667,3.977333,3.712667,3.812667,6213915
2017-01-04,3.864,3.897327,3.790987,3.847333,3564930
2017-01-05,3.857333,3.909993,3.722667,3.741333,3570780
2017-01-06,3.767333,3.86142,3.689333,3.831333,4870770
2017-01-09,3.866667,4.000667,3.866,3.954667,5397255
2017-01-10,3.953333,4.039333,3.946,4.014667,3778725
2017-01-11,4.002667,4.052667,3.964,4.052667,3206160
2017-01-12,4.026,4.026,3.768667,3.948,5011695
2017-01-13,3.96,4.055947,3.948667,4.022667,4091400
2017-01-17,3.985333,3.985333,3.790667,3.829333,4072275
2017-01-18,3.840667,3.996667,3.84,3.989333,3652500
2017-01-19,3.932,4.066667,3.925153,3.934667,2693715
2017-01-20,4.04,4.1566,4.034,4.087333,4137150
2017-01-23,4.027333,4.066,3.913773,4.006667,4032945
2017-01-24,4.051333,4.259333,4.051333,4.244667,4724325
2017-01-25,4.409333,4.459333,4.313333,4.431333,5010375
2017-01-26,4.448,4.458,4.295333,4.354,3686190
2017-01-27,4.424,4.520667,4.416,4.519333,3610500
2017-01-30,4.449333,4.452667,4.278667,4.447333,7094970
2017-01-31,4.372667,4.384333,4.193333,4.274,6423375
2017-02-01,4.441333,4.489333,4.345733,4.477333,5667885
2017-02-02,4.386667,4.51666,4.311333,4.466,4839630
2017-02-03,4.528,4.564667,4.490667,4.543333,2788710
2017-02-06,4.575333,4.598,4.485333,4.590667,4754430
2017-02-07,4.666,4.689333,4.563887,4.641333,4060140
2017-02-08,4.693333,4.722,4.592667,4.664,3667725
2017-02-09,4.688667,4.688667,4.522667,4.542,5070315
2017-02-10,4.638,4.638,4.396,4.531333,5946540
2017-02-13,4.579333,4.655333,4.539333,4.563333,4623855
2017-02-14,4.547333,4.56,4.440667,4.515333,3200430
2017-02-15,4.539333,4.642,4.488693,4.628,3544995
2017-02-16,4.643333,4.672667,4.561333,4.645333,2702865
2017-02-17,4.588667,4.72,4.524667,4.72,3577800
2017-02-21,4.812667,4.924407,4.787333,4.922667,4737255
2017-02-22,4.926,4.94466,4.862,4.923333,2752770
2017-02-23,4.874667,4.888507,4.586,4.678667,7501110
2017-02-24,4.452,4.672,4.406067,4.670667,5176755
2017-02-27,4.68,4.810667,4.642667,4.805333,3334440
2017-02-28,4.826667,4.826667,4.588007,4.619333,4712190
2017-03-01,4.793333,4.853333,4.65,4.836,4848615
2017-03-02,4.874,4.901333,4.672,4.686,4127250
2017-03-03,4.693333,4.700667,4.592007,4.677333,3142155
2017-03-06,4.602667,4.709993,4.52,4.684667,3380865
2017-03-07,4.658667,4.808,4.618667,4.717333,4263525
2017-03-08,4.785333,4.864667,4.720667,4.752,4267695
2017-03-09,4.739333,4.8,4.660667,4.774667,2393175
2017-03-10,4.858667,4.971333,4.858667,4.939333,4827870
2017-03-13,4.980667,5.057333,4.957333,5.054,4613835
2017-03-14,5.004667,5.010667,4.88,5.007333,4156680
2017-03-15,5.043333,5.154,4.953333,5.128667,4375905
2017-03-16,5.196,5.196,5.078,5.108667,2938215
2017-03-17,5.156667,5.167667,5.098667,5.136667,2268150
2017-03-20,5.164,5.307327,5.133333,5.251833,3284910
2017-03-21,5.317333,5.326073,4.85334,4.886,8510460
2017-03-22,4.892667,5.055633,4.844667,5.042,4558050
2017-03-23,5.04,5.074,4.962667,5.003333,3846525
2017-03-24,5.212,5.294,5.052667,5.108667,5844075
2017-03-27,4.939333,5.171333,4.898673,5.135333,7364025
2017-03-28,5.165333,5.242133,5.09,5.186667,4149045
2017-03-29,5.186667,5.186667,5.1,5.143333,3456900
2017-03-30,5.134667,5.259333,5.134667,5.231333,5359380
2017-03-31,5.244,5.3,5.166667,5.221333,3334125
2017-04-03,5.251333,5.273333,5.025687,5.130667,4820730
2017-04-04,5.035333,5.150133,5.000733,5.052,3976695
2017-04-05,5.108667,5.193333,4.933333,4.942667,5608770
2017-04-06,4.939333,4.995,4.814667,4.961333,5905365
2017-04-07,4.963333,5.0716,4.93224,5.027333,2849925
2017-04-10,5.031333,5.04154,4.874,4.910667,3631380
2017-04-11,4.850667,4.850667,4.570667,4.791333,7802415
2017-04-12,4.760667,4.767707,4.51,4.538667,8231970
2017-04-13,4.469333,4.65408,4.448,4.451333,4863840
2017-04-17,4.492667,4.626667,4.492667,4.625333,5293860
2017-04-18,4.561333,4.692,4.53,4.680667,3120600
2017-04-19,4.792,4.886667,4.733333,4.757333,3662820
2017-04-20,4.861333,5.00666,4.792667,4.985333,5010945
2017-04-21,4.936667,4.946,4.792667,4.915333,5759190
2017-04-24,5.129333,5.173333,5.062,5.126667,7376160
2017-04-25,5.226,5.307333,5.162,5.286667,4315335
2017-04-26,5.268,5.284,5.094667,5.150667,5542095
2017-04-27,5.261333,5.39,5.224667,5.37,5330775
2017-04-28,5.328667,5.328667,5.05,5.096,7580640
2017-05-01,5.153333,5.25,5.055333,5.244667,5451690
2017-05-02,5.2,5.2,4.993113,5.076,4305420
2017-05-03,5.013333,5.154,4.998,5.132,2866830
2017-05-04,5.153333,5.173333,5.058667,5.119333,2571960
2017-05-05,5.159333,5.18,5.038667,5.174,2940360
2017-05-08,5.161333,5.197327,5.084667,5.116667,1861950
2017-05-09,5.116667,5.310667,5.116667,5.272,4874415
2017-05-10,5.450667,5.633333,5.447993,5.606,6980310
2017-05-11,5.565333,5.739333,5.450667,5.662667,3789225
2017-05-12,5.684667,5.73466,5.617333,5.714,3030210
2017-05-15,5.753333,5.988033,5.736667,5.976,3983475
2017-05-16,6.042,6.244,5.976,6.242667,4142355
2017-05-17,5.996667,6.057227,5.423333,5.423333,14552160
2017-05-18,5.48,5.776667,5.4,5.734,12283515
2017-05-19,5.893333,5.97916,5.873333,5.922667,6929520
2017-05-22,6.008,6.118667,5.990067,6.112,5236050
2017-05-23,6.125333,6.133333,5.888,6.041333,4482780
2017-05-24,6.14,6.188667,6.073333,6.154,3242835
2017-05-25,6.240667,6.315993,6.133333,6.257333,3833385
2017-05-26,6.256,6.336667,6.11586,6.332667,4323885
2017-05-30,6.328667,6.505333,6.325933,6.459333,4043760
2017-05-31,6.598,6.632667,6.361333,6.457333,6340125
2017-06-01,6.486,6.52,6.357333,6.473333,3089040
2017-06-02,6.585333,6.696667,6.448667,6.666,5819745
2017-06-05,6.667333,6.8226,6.646667,6.724,4199580
2017-06-06,6.634,6.920667,6.614667,6.790667,5025960
2017-06-07,6.868667,7.016,6.83,6.95,6446280
2017-06-08,7.084667,7.319407,6.922667,7.314,7706790
2017-06-09,7.466667,7.538667,5.962667,6.392,32179950
2017-06-12,6.128,6.351333,5.745333,6.284667,22539960
2017-06-13,6.596667,6.6,6.17134,6.406,14516325
2017-06-14,6.482667,6.5276,5.996667,6.199333,11181645
2017-06-15,5.876,6.114667,5.87,6.05,8827290
2017-06-16,6.068667,6.196,5.926,5.98,8157660
2017-06-19,6.165333,6.35,6.162,6.320667,11425155
2017-06-20,6.393333,6.444,6.102667,6.110667,8808945
2017-06-21,6.194,6.326667,6.116667,6.318667,6385890
2017-06-22,6.351333,6.356667,6.183333,6.271333,7082985
2017-06-23,6.247333,6.433333,6.214673,6.329333,5437155
2017-06-26,6.483333,6.54066,6.066667,6.172,11285715
2017-06-27,6.046667,6.072,5.666667,5.673333,13832700
2017-06-28,5.791333,5.986667,5.605333,5.963333,9800370
2017-06-29,5.838667,5.881333,5.276667,5.516,18418470
2017-06-30,5.570667,5.654667,5.356667,5.433333,8351805
2017-07-03,5.531333,5.583673,5.2,5.2,6812205
2017-07-05,5.266667,5.550087,5.266667,5.53,9179895
2017-07-06,5.338,5.595267,5.293333,5.456667,8203035
2017-07-07,5.567333,5.792,5.502667,5.724667,7826325
2017-07-10,5.787333,5.966667,5.685333,5.93,6774615
2017-07-11,5.918,6.07866,5.86,6.069333,7658505
2017-07-12,6.233333,6.398,6.177333,6.358667,14624055
2017-07-13,6.397333,6.508247,6.240007,6.305333,13311990
2017-07-14,6.399333,6.561333,6.352667,6.557333,9894105
2017-07-17,6.604,6.623333,6.402667,6.473333,8267085
2017-07-18,6.356,6.534,6.282,6.534,6005010
2017-07-19,6.633333,6.714,6.574067,6.709333,6399975
2017-07-20,6.732667,6.795333,6.54934,6.767333,5658360
2017-07-21,6.614,6.631113,6.488,6.594,6264525
2017-07-24,6.612,6.613333,6.496667,6.529333,5100705
2017-07-25,6.499333,6.565993,6.316,6.525333,6889530
2017-07-26,6.668,6.820667,6.616067,6.72,7547070
2017-07-27,6.79,6.82,6.187333,6.416667,19879245
2017-07-28,6.318667,6.425933,6.254,6.354,4976910
2017-07-31,6.366667,6.4528,6.15,6.211333,6485895
2017-08-01,6.256,6.315333,6.160067,6.315333,4021380
2017-08-02,6.419333,6.463333,6.046667,6.180667,8944320
2017-08-03,6.175333,6.225333,6.016667,6.107333,5614980
2017-08-04,6.138,6.26,6.062667,6.114,3675375
2017-08-07,6.156,6.438,6.155333,6.432,6843615
2017-08-08,6.428667,6.597333,6.3,6.364667,6391020
2017-08-09,6.201333,6.32304,6.133333,6.302,4793565
2017-08-10,6.170667,6.19712,5.766667,5.776,10722060
2017-08-11,5.710667,5.906667,5.657333,5.871333,5591010
2017-08-14,6.08,6.344667,6.08,6.326,6805065
2017-08-15,6.386,6.407333,6.234,6.372667,3971010
2017-08-16,6.427333,6.478,6.305333,6.401333,4658490
2017-08-17,6.28,6.365627,5.891333,5.891333,8375790
2017-08-18,6.006667,6.076667,5.846,5.945333,5275515
2017-08-21,5.966667,5.9695,5.69,5.818,6723360
2017-08-22,5.959333,6.1298,5.933333,6.094,4813305
2017-08-23,5.944,6.221333,5.883333,6.174667,4037580
2017-08-24,6.266667,6.266667,6.058733,6.167333,3655455
2017-08-25,6.217333,6.266667,6.04,6.075333,3158250
2017-08-28,6.093333,6.14622,6.028667,6.122667,2273895
2017-08-29,5.891333,6.206667,5.888,6.166,3356760
2017-08-30,6.213333,6.5,6.194,6.48,6848310
2017-08-31,6.563333,6.691,6.506667,6.67,6339645
2017-09-01,6.75,6.861333,6.701333,6.757333,4969740
2017-09-05,6.62,6.708,6.3,6.471333,7700940
2017-09-06,6.561333,6.594667,6.408,6.51,3602625
2017-09-07,6.566667,6.614,6.452667,6.54,2993085
2017-09-08,6.500667,6.533333,6.233333,6.298,4530225
2017-09-11,6.46,6.708,6.447967,6.667333,6217785
2017-09-12,6.756,6.813333,6.636,6.756667,4447200
2017-09-13,6.698,6.84,6.636667,6.784,3484290
2017-09-14,6.69,6.993333,6.667333,6.878667,4310760
2017-09-15,6.933333,7.253627,6.922,7.227333,6129150
2017-09-18,7.361333,7.6512,7.35744,7.514,7928760
2017-09-19,7.588667,7.671333,7.438087,7.592,4875495
2017-09-20,7.609333,7.609333,6.978,7.272,12088770
2017-09-21,7.254667,7.264,6.991333,7.183333,4734645
2017-09-22,7.085333,7.3178,7.0673,7.286,3877350
2017-09-25,7.172667,7.185033,6.763333,6.862,10708425
2017-09-26,7.082,7.097333,6.775333,6.85,7133550
2017-09-27,7.067333,7.410813,7.048667,7.33,7664190
2017-09-28,7.310667,7.495307,7.243587,7.494667,4728990
2017-09-29,7.545333,7.702007,7.462733,7.684,6091860
2017-10-02,7.752,7.928333,7.659193,7.817333,6615495
2017-10-03,7.866,7.959333,7.778673,7.894667,4030755
2017-10-04,7.866667,7.946667,7.726,7.946667,4508790
2017-10-05,8.034,8.0628,7.832667,7.963333,4539915
2017-10-06,7.833333,8.066667,7.833333,8.066667,2910960
2017-10-09,8.149333,8.266667,8.127533,8.235333,67534305
2017-10-10,8.432,8.43722,8.1392,8.395333,5818245
2017-10-11,8.308,8.564,8.3,8.56,4751550
2017-10-12,8.533333,8.646667,8.453333,8.473333,4723635
2017-10-13,8.548667,8.723333,8.522,8.64,4166250
2017-10-16,8.733333,8.765333,8.583333,8.764,4826835
2017-10-17,8.758,8.759333,8.604733,8.744667,2974260
2017-10-18,8.79,8.8706,8.478,8.830667,6815130
2017-10-19,8.596667,8.759333,8.344,8.753333,7495440
2017-10-20,8.923333,9.017333,8.846667,8.879333,4353300
2017-10-23,9.006,9.165333,8.885333,9.022,7243785
2017-10-24,9.096667,9.236667,8.982,9.206,5085705
2017-10-25,9.034,9.13,8.568667,8.846667,12625695
2017-10-26,8.892,9.053553,8.856667,9.005333,5766630
2017-10-27,9.233333,9.599333,9.06118,9.557333,9073035
2017-10-30,9.486,9.761333,9.467333,9.647333,7717410
2017-10-31,9.733333,9.956,9.638667,9.864,5250120
2017-11-01,10.111333,10.119993,9.506667,9.772,7901340
2017-11-02,9.784,9.98,9.581333,9.901333,6830445
2017-11-03,10.008667,10.432667,9.803333,10.429333,11805555
2017-11-06,10.698,10.883487,10.5,10.873333,10276710
2017-11-07,10.829333,10.910667,10.617333,10.843333,8476755
2017-11-08,10.766667,10.97,10.676067,10.952667,5565375
2017-11-09,10.631333,10.660667,9.889073,10.286,17956170
2017-11-10,10.367333,10.510507,10.292667,10.481333,6494130
2017-11-13,10.320667,10.612667,10.266693,10.566667,5071935
2017-11-14,10.488667,10.634667,10.301333,10.537333,6120435
2017-11-15,10.261333,10.395933,10.0,10.258,8974470
2017-11-16,10.4,10.846667,10.4,10.72,7363680
2017-11-17,10.878667,10.912667,10.526647,10.578,6295995
2017-11-20,10.668,11.007467,10.661333,10.951333,6470580
2017-11-21,11.2,11.370667,11.098347,11.344,9874920
2017-11-22,11.442667,11.4532,11.071733,11.122667,6756585
2017-11-24,11.217333,11.442667,11.213333,11.42,6758085
2017-11-27,11.216,11.216667,10.933333,10.99,10698345
2017-11-28,11.104667,11.124667,10.793333,10.98,9736005
2017-11-29,10.916667,10.937447,9.222667,9.536667,36519330
2017-11-30,9.863333,9.993333,9.520667,9.713333,14875110
2017-12-01,9.419333,9.5534,8.666667,9.380667,19071765
2017-12-04,9.706667,9.73,8.516667,8.584667,23742465
2017-12-05,8.533333,9.199333,8.338,8.711333,16373835
2017-12-06,8.468,8.844667,8.35274,8.799333,10794900
2017-12-07,9.010667,9.139333,8.884,9.056667,9965940
2017-12-08,9.343333,9.385333,8.8944,8.916667,9871695
2017-12-11,8.96,9.14856,8.876667,9.072,5598975
2017-12-12,9.0,9.0,8.774,8.8,5982405
2017-12-13,8.884667,9.042667,8.780667,8.798667,4125705
2017-12-14,8.787333,8.949333,8.708,8.778667,5094195
2017-12-15,8.866667,9.25,8.766667,9.169333,10254780
2017-12-18,9.516667,9.793333,9.37896,9.778667,15398115
2017-12-19,9.741333,9.844,9.57734,9.744,8126565
2017-12-20,10.017333,10.083333,9.68696,9.948,8727390
2017-12-21,10.008,10.008,9.584,9.626,6908310
2017-12-22,9.474667,9.618,9.400667,9.600667,3943755
2017-12-26,9.266667,9.342,9.073333,9.323333,4524465
2017-12-27,9.270667,9.558,9.267333,9.417333,2980500
2017-12-28,9.532,9.561333,9.434,9.477333,3170355
2017-12-29,9.503333,9.537333,9.192,9.193333,4132155
2018-01-02,9.35,9.951333,9.304133,9.951333,9237600
2018-01-03,10.050667,10.464,10.028,10.446667,9871080
2018-01-04,10.664,10.738667,10.368527,10.63,8502435
2018-01-05,10.746,10.938,10.5774,10.822,7713210
2018-01-08,10.810667,11.166667,10.7234,11.065333,6544275
2018-01-09,11.12,11.127267,10.690667,10.747333,9009600
2018-01-10,10.378,10.496667,10.09744,10.35,13274430
2018-01-11,10.479333,10.547333,10.318067,10.533333,5524680
2018-01-12,10.528667,10.765333,10.440513,10.696667,5020515
2018-01-16,10.937333,11.181333,10.610667,10.811333,9803850
2018-01-17,11.091333,11.792667,11.053333,11.741333,11495295
2018-01-18,11.656667,12.083333,11.63,11.908667,9171675
2018-01-19,12.048,12.102,11.715773,11.940667,9315720
2018-01-22,11.988,12.217333,11.81,12.217333,5621085
2018-01-23,12.373333,12.496,12.234067,12.494667,6737775
2018-01-24,12.138667,12.236,11.370673,11.634667,18629100
2018-01-25,12.08,12.09538,11.028667,11.029333,13167540
2018-01-26,11.466667,12.083333,11.4,12.075333,12733695
2018-01-29,11.916,12.277333,11.591333,12.036667,9185220
2018-01-30,11.406667,11.718673,11.268,11.304,11923530
2018-01-31,11.683333,11.830667,11.392,11.594,6922470
2018-02-01,11.266667,11.927333,11.206667,11.422667,6896040
2018-02-02,11.069333,11.16,10.466667,10.468667,13788285
2018-02-05,10.2,10.722667,8.933333,9.068,16928940
2018-02-06,8.526667,10.021933,8.518667,10.0,20614965
2018-02-07,9.86,10.050667,9.333333,9.334667,12523095
2018-02-08,9.500667,9.527993,8.134667,8.153333,17156010
2018-02-09,8.757333,9.036,7.820667,8.896,20675295
2018-02-12,9.144,9.540667,8.95,9.365333,14099505
2018-02-13,9.125333,9.396,9.088,9.351333,7440090
2018-02-14,9.133333,10.034667,9.133333,9.979333,11126490
2018-02-15,10.254667,10.348,9.633333,10.348,12339360
2018-02-16,10.157333,10.604667,10.152,10.230667,7676715
2018-02-20,10.1,11.052667,10.089333,10.760667,11585385
2018-02-21,10.954,10.967993,10.375667,10.396,9901635
2018-02-22,10.523333,10.638667,10.224667,10.318667,5809395
2018-02-23,10.587333,10.988667,10.556667,10.988667,8178555
2018-02-26,11.233333,11.7,11.140667,11.688,8653785
2018-02-27,11.647333,12.169933,11.572667,11.58,10838085
2018-02-28,11.8,11.93,11.2315,11.261333,10169835
2018-03-01,11.282,11.402667,10.333333,10.718,14397525
2018-03-02,10.258,11.331333,10.258,11.272,9609810
2018-03-05,11.105333,11.74,10.933333,11.579333,8795805
2018-03-06,11.853333,12.190667,11.716667,12.102667,12932910
2018-03-07,11.750667,12.256333,11.733333,12.198,9989640
2018-03-08,12.333333,12.447333,12.026667,12.25,8625705
2018-03-09,12.461333,13.016667,12.439333,13.013333,12120480
2018-03-12,13.28,13.627933,13.166667,13.418667,12078765
2018-03-13,13.665333,13.933333,12.611333,12.792,22048125
2018-03-14,12.949333,12.98,12.434,12.786667,13102935
2018-03-15,12.886,13.012667,12.556,12.749333,7572600
2018-03-16,12.806,12.964013,12.682,12.739333,4693980
2018-03-19,12.408,12.544667,11.468667,12.001333,17711280
2018-03-20,12.066667,12.386133,12.017333,12.282,8823180
2018-03-21,12.196,12.822667,12.08,12.365333,9938940
2018-03-22,11.782,12.146667,11.332,11.35,15714705
2018-03-23,11.284667,11.372,10.214667,10.214667,16557015
2018-03-26,10.980667,11.507333,10.534667,11.499333,18847755
2018-03-27,11.84,11.851333,9.934067,10.217333,23146365
2018-03-28,10.092667,10.302667,9.4214,9.569333,20060820
2018-03-29,9.788667,10.455333,9.543333,10.188,17768880
2018-04-02,9.88,10.133333,8.724213,9.008,19338345
2018-04-03,9.392667,9.586,9.042667,9.524,15993480
2018-04-04,8.707333,9.960667,8.683333,9.887333,16759680
2018-04-05,10.093333,10.1286,9.374,9.583333,13839765
2018-04-06,9.170667,9.499267,8.588667,8.708667,13325310
2018-04-09,9.046,9.623333,8.854,8.868,16462065
2018-04-10,9.498,9.87,9.302667,9.720667,18728085
2018-04-11,9.574667,9.9805,9.476667,9.724667,10633005
2018-04-12,9.989333,10.3586,9.908333,10.278667,13927020
2018-04-13,10.657333,10.677333,9.916667,10.037333,14282775
2018-04-16,10.228,10.25488,9.844333,10.102,8299800
2018-04-17,10.296667,10.737267,10.266667,10.671333,12387705
2018-04-18,10.467333,10.525513,10.046667,10.340667,12802230
2018-04-19,9.797333,9.8,8.906673,9.005333,33981585
2018-04-20,9.0,9.133333,8.559333,8.682,16249800
2018-04-23,8.815333,8.838667,8.266667,8.332667,16277550
2018-04-24,8.544667,8.783333,7.906,8.13,21632565
2018-04-25,8.252,8.281333,7.710667,8.101333,20534730
2018-04-26,8.461333,8.617333,8.323333,8.596,17655645
2018-04-27,8.904,8.932,8.285333,8.406,13655955
2018-04-30,8.4,8.553333,8.022667,8.127333,11465580
2018-05-01,8.066667,8.556667,8.047333,8.529333,13553010
2018-05-02,8.531333,8.634,8.309333,8.412,10188990
2018-05-03,8.2,8.673333,8.014667,8.564,15443070
2018-05-04,8.381333,9.209993,8.309333,9.181333,19218765
2018-05-07,9.335333,9.56,9.275333,9.432667,14210940
2018-05-08,9.330667,9.633333,9.294667,9.633333,10398375
2018-05-09,9.719333,10.051333,9.630667,10.049333,12400410
2018-05-10,10.174,10.586,10.174,10.586,12277305
2018-05-11,10.378,10.633333,10.275333,10.333333,11796615
2018-05-14,10.716,11.088667,10.664667,10.74,13373610
2018-05-15,10.491333,10.6,10.13734,10.36,10774215
2018-05-16,10.390667,10.825693,10.390667,10.778,10854525
2018-05-17,10.658,10.93266,10.42088,10.652,8755425
2018-05-18,10.392667,10.432167,10.094667,10.204,9588045
2018-05-21,10.67,10.825333,10.24,10.522667,13067280
2018-05-22,10.804,10.929993,10.574133,10.7,12891240
2018-05-23,10.399333,10.872667,10.306733,10.871333,9612195
2018-05-24,10.844,11.063333,10.58,10.984,10361610
2018-05-25,10.966667,11.282,10.908667,11.254667,9677985
2018-05-29,11.050667,11.333333,10.81,11.039333,10380225
2018-05-30,11.193333,11.501653,11.094667,11.258,12158565
2018-05-31,11.181333,11.354,10.956667,11.014,9567675
2018-06-01,11.258667,11.757333,11.176667,11.752,17115330
2018-06-04,11.866667,12.079333,11.718,12.039333,11949840
2018-06-05,12.133333,12.311887,11.996667,12.199333,9338325
2018-06-06,12.224,12.438667,12.066667,12.434667,8950455
2018-06-07,12.466,12.519333,11.836,12.104667,9597435
2018-06-08,11.673333,11.852,11.480907,11.785333,9821010
2018-06-11,11.707333,11.892667,11.586667,11.698,6120120
2018-06-12,11.778,11.910327,11.578667,11.877333,7597305
2018-06-13,11.879333,12.209333,11.799333,11.836667,8608605
2018-06-14,12.016,12.221333,11.834,12.039333,8093370
2018-06-15,11.739333,12.039333,11.683333,12.016,10308600
2018-06-18,11.733333,11.733333,11.320667,11.622667,12819090
2018-06-19,11.133333,11.253333,10.723333,11.239333,14991360
2018-06-20,11.51,11.580653,11.266667,11.416,7033215
2018-06-21,11.651333,11.658667,10.944,10.988,9858510
2018-06-22,11.13,11.188027,10.656,10.733333,5157390
2018-06-25,10.333333,10.350667,9.380667,9.785333,16000350
2018-06-26,9.936,10.031093,9.73334,9.888,7869300
2018-06-27,10.034,10.127327,9.156,9.160667,12336810
2018-06-28,9.110667,9.442,9.054213,9.392,10028595
2018-06-29,9.603333,9.777333,9.433333,9.433333,8799495
2018-07-02,9.185333,9.616,8.979333,9.607333,8423160
2018-07-03,9.697333,9.764667,9.049333,9.064,7272000
2018-07-05,9.378,9.808,9.349647,9.797333,10789320
2018-07-06,9.756,10.207333,9.638733,10.167333,14605110
2018-07-09,10.476667,10.476667,9.992,10.357333,10916130
2018-07-10,10.4,10.752667,10.36432,10.681333,11608350
2018-07-11,10.146667,10.353333,9.834,9.852,16504290
2018-07-12,9.813333,10.097333,9.584,10.063333,13414455
2018-07-13,10.08,10.118667,9.884773,9.934667,6975015
2018-07-16,9.948,10.095373,9.873333,9.894,6093840
2018-07-17,9.688667,10.333333,9.658667,10.332667,10303065
2018-07-18,10.453333,10.615207,10.35,10.556,9043590
2018-07-19,10.426667,10.614987,10.270007,10.478667,7416165
2018-07-20,10.393333,10.511333,10.166667,10.325333,6809940
2018-07-23,10.200667,10.421333,9.769333,10.368667,8799900
2018-07-24,10.542667,10.72,9.99,10.034,10235775
2018-07-25,9.986667,10.191333,9.628667,10.191333,15420720
2018-07-26,10.366667,10.758667,10.356,10.745333,16358625
2018-07-27,10.766667,11.0452,10.354,10.590667,12810330
2018-07-30,10.57,10.675927,10.126,10.289333,10193520
2018-07-31,10.467333,10.905,10.420333,10.481333,7806015
2018-08-01,10.552667,10.764667,10.305987,10.424,6054510
2018-08-02,10.154667,10.783333,10.04688,10.747333,7602780
2018-08-03,10.750667,10.840267,10.6,10.8,4069875
2018-08-06,10.755333,10.998667,10.565667,10.994667,5464230
2018-08-07,11.115333,11.282433,11.021333,11.264,5655015
2018-08-08,11.208,11.400667,11.124313,11.35,4941075
2018-08-09,11.215333,11.223333,10.985333,10.998667,6726255
2018-08-10,10.382667,10.460667,10.024667,10.17,16897440
2018-08-13,10.222667,10.490667,10.18688,10.21,9756945
2018-08-14,10.393333,10.456,10.131233,10.179333,5462280
2018-08-15,9.960667,10.02588,9.433333,9.76,12493935
2018-08-16,9.968667,9.988,9.62,9.692,8013885
2018-08-17,9.407333,9.549333,9.053333,9.470667,12707265
2018-08-20,9.533333,9.616,9.127873,9.448667,8164110
2018-08-21,9.56,10.074,9.517333,10.008,10276680
2018-08-22,9.916667,10.172667,9.745333,10.139333,8593650
2018-08-23,10.137333,10.396667,10.092,10.174,7744695
2018-08-24,10.296,10.619333,10.293333,10.611333,8875530
2018-08-27,10.82,11.35,10.779333,11.108667,16622355
2018-08-28,11.258667,11.373207,10.910667,11.237333,11252025
2018-08-29,11.236,11.42,11.115333,11.330667,7524000
2018-08-30,11.223333,11.375333,10.972,11.012,9527100
2018-08-31,10.933333,11.242,10.933333,11.2,4807230
2018-09-04,11.051333,11.481333,10.99,11.457333,8767950
2018-09-05,11.4,11.526,11.001333,11.292667,6302640
2018-09-06,11.192,11.206,10.358527,10.386667,13223310
2018-09-07,10.266667,10.716667,10.183333,10.260667,8244000
2018-09-10,10.512667,10.596667,10.294913,10.595333,5392095
2018-09-11,10.417333,10.505333,10.110667,10.278667,8390730
2018-09-12,9.937333,9.937333,9.253333,9.926,19007865
2018-09-13,10.238667,10.639333,10.148667,10.275333,13290480
2018-09-14,10.453333,10.72,10.345333,10.608667,9342075
2018-09-17,10.417333,10.566667,10.10934,10.133333,6747360
2018-09-18,10.274,10.6,10.274,10.418,6496590
2018-09-19,10.413333,10.60666,10.327333,10.477333,4324725
2018-09-20,10.644667,10.967333,10.644667,10.838,9111390
2018-09-21,10.835333,10.986667,10.658667,10.740667,5831535
2018-09-24,10.482667,10.871327,10.410813,10.824,5310420
2018-09-25,10.718667,10.747333,10.220667,10.284667,10813290
2018-09-26,10.18,10.349333,9.962,9.994667,5339715
2018-09-27,10.073333,10.22,9.990667,10.124,3804165
2018-09-28,10.054667,10.394287,9.985013,10.307333,7747770
2018-10-01,10.392667,10.65,10.314667,10.393333,6412875
2018-10-02,10.324667,10.816667,10.307333,10.41,8142330
2018-10-03,10.540667,10.63,10.133333,10.427333,7706115
2018-10-04,10.24,10.266667,9.6,9.866667,15122250
2018-10-05,9.760667,9.897333,8.897333,9.17,22241700
2018-10-08,9.0,9.186667,8.61334,8.844667,12890565
2018-10-09,8.778,8.954,8.6566,8.837333,7024800
2018-10-10,8.506667,8.508267,7.65334,7.664667,26956470
2018-10-11,7.646667,8.105333,7.246667,7.420667,20210190
2018-10-12,8.040667,8.155333,7.5,7.834,13691130
2018-10-15,7.724,7.88,7.534,7.624667,8487120
2018-10-16,7.913333,8.402667,7.848673,8.371333,10891425
2018-10-17,8.532667,8.605333,8.09334,8.265333,9159975
2018-10-18,8.161333,8.166667,7.555333,7.646667,15177135
2018-10-19,7.802,7.918,7.2,7.286,14744535
2018-10-22,7.433333,7.558667,7.229333,7.428,8201865
2018-10-23,6.843333,7.433333,6.610833,7.308667,20764260
2018-10-24,6.944,6.966667,5.833333,5.863333,29645205
2018-10-25,6.000667,6.402667,5.96006,6.262,15933225
2018-10-26,5.839333,6.253333,5.625333,5.928667,19085055
2018-10-29,6.267333,6.3694,5.416,5.754,15058920
2018-10-30,5.721333,6.477333,5.692673,6.47,18320415
2018-10-31,6.766667,6.853333,6.522667,6.702667,14517030
2018-11-01,6.794667,7.692,6.789333,7.625333,19780395
2018-11-02,7.618,7.679333,7.008,7.283333,18301050
2018-11-05,7.246667,7.262667,6.738667,7.096,12537420
2018-11-06,7.047333,7.424,7.047333,7.353333,7428375
2018-11-07,7.657333,7.674667,7.344733,7.617333,13148385
2018-11-08,7.399333,7.680667,7.304,7.517333,8494440
2018-11-09,7.2,7.276573,6.901713,7.098,8788770
2018-11-12,6.755333,6.757873,6.073333,6.168,15410025
2018-11-13,6.267333,6.771333,6.267333,6.396,10952520
2018-11-14,6.632667,6.771333,6.297333,6.470667,10635735
2018-11-15,6.398667,7.2,6.366667,7.125333,14432070
2018-11-16,6.39,6.963113,6.350667,6.870667,12011220
2018-11-19,6.702667,6.83766,6.063333,6.071333,13631055
2018-11-20,5.572667,6.345333,5.556667,6.1,21756030
2018-11-21,6.319333,6.44588,6.162,6.172667,10492080
2018-11-23,6.066667,6.333333,6.0,6.17,5685765
2018-11-26,6.433333,6.521333,6.242667,6.518667,10637085
2018-11-27,6.406,6.713333,6.312667,6.560667,7797120
2018-11-28,6.757333,7.012,6.380667,7.011333,11701980
2018-11-29,6.910667,7.051333,6.792667,6.844667,6815145
2018-11-30,6.862667,7.14,6.636667,7.126,9060180
2018-12-03,7.797333,7.861333,7.48,7.702,18276090
2018-12-04,7.523333,7.551993,6.566667,6.578667,18251265
2018-12-06,6.038667,6.470667,5.939713,6.470667,21013650
2018-12-07,6.427333,6.473333,5.657333,5.746,19045635
2018-12-10,5.715333,6.052,5.658,5.989333,14013990
2018-12-11,6.270667,6.509973,5.989587,6.095333,23957235
2018-12-12,6.387333,6.62728,6.228667,6.365333,17592090
2018-12-13,6.484667,6.574667,6.22414,6.294667,13449045
2018-12-14,6.083333,6.409867,6.022,6.026,10412490
2018-12-17,5.966667,6.27514,5.691,5.8,15946335
2018-12-18,5.946,6.305333,5.944667,6.029333,13204155
2018-12-19,5.971333,6.126667,5.181333,5.267333,29062590
2018-12-20,5.240667,5.506667,4.936,5.132667,19387545
2018-12-21,5.232,5.414667,4.838,4.897333,19287135
2018-12-24,4.768667,4.923333,4.466667,4.472,13794960
2018-12-26,4.652667,5.244667,4.425333,5.221802,17737620
2018-12-27,4.956667,5.341333,4.803207,5.338667,12370050
2018-12-28,5.454667,5.746667,5.31416,5.451333,17269695
2018-12-31,5.638,5.691333,5.390667,5.554667,12660915
2019-01-02,5.180667,5.822233,5.174,5.702,13146900
2019-01-03,5.315333,5.388667,4.672667,4.688667,28599330
2019-01-04,4.922,5.356607,4.886667,5.294667,17604705
2019-01-07,5.398667,5.754,5.280667,5.605333,16641525
2019-01-08,5.775333,5.782667,5.298667,5.519333,14445420
2019-01-09,5.678,6.021933,5.672553,5.946,17927595
2019-01-10,5.760667,6.137333,5.757333,6.113333,12974535
2019-01-11,6.018667,6.4516,5.966667,6.284,12405435
2019-01-14,6.05,6.117993,5.890667,5.986667,10735380
2019-01-15,6.028667,6.243147,5.952,6.026,14594805
2019-01-16,6.1,6.1796,5.870667,5.878667,10256610
2019-01-17,5.794,6.176,5.654667,6.082,15876435
2019-01-18,6.263333,6.616,6.161333,6.499333,15720210
2019-01-22,6.315333,6.322,5.813333,5.952667,18657810
2019-01-23,6.067333,6.125667,5.660667,5.828667,15680760
2019-01-24,6.192667,6.9,6.192667,6.825333,32492040
2019-01-25,6.894667,7.342,6.766667,7.261333,17099625
2019-01-28,6.453333,6.994667,6.40734,6.818667,14311215
2019-01-29,6.857333,6.906667,6.496907,6.524,9061560
2019-01-30,6.876,7.166667,6.656533,7.09,14399595
2019-01-31,7.066,7.274,6.9,7.095333,10894740
2019-02-01,7.106667,7.440667,7.106667,7.343333,10724145
2019-02-04,7.36,7.455333,7.166667,7.454,4451400
2019-02-05,7.466667,7.656667,7.409333,7.558,9172920
2019-02-06,7.833333,8.336667,7.826,8.165333,17930880
2019-02-07,7.866667,7.967333,7.422667,7.62,18690465
2019-02-08,7.273333,7.624667,7.184673,7.588667,10707030
2019-02-11,7.706,7.748667,7.490453,7.697333,8163930
2019-02-12,7.986667,8.235333,7.937333,8.182667,13083615
2019-02-13,8.332,8.442,8.174927,8.254,12480360
2019-02-14,8.136,8.5,8.136,8.318667,11575890
2019-02-15,8.532667,8.577333,8.294667,8.453333,10102560
2019-02-19,8.304667,8.574667,8.300667,8.398667,7550880
2019-02-20,8.472,8.779333,8.469333,8.63,9696645
2019-02-21,8.652667,8.69354,8.359333,8.44,11480445
2019-02-22,8.642667,8.734,8.525333,8.703333,12760845
2019-02-25,9.134,9.220667,8.899333,8.922,12519030
2019-02-26,8.829333,8.949333,8.663333,8.737333,8323260
2019-02-27,8.614667,8.614667,8.150667,8.428667,15035430
2019-02-28,8.324,8.5176,8.239667,8.449333,7453935
2019-03-01,8.702667,8.782313,8.400667,8.67,10361250
2019-03-04,8.864667,8.927333,8.348667,8.674,14768715
2019-03-05,8.651333,8.710667,8.448,8.55,7979895
2019-03-06,8.524,8.556,8.12,8.132,14939640
2019-03-07,8.0,8.040667,7.711167,7.855333,15607665
2019-03-08,7.442667,7.862,7.38,7.842667,12710505
2019-03-11,7.988667,8.51266,7.946667,8.402,12825585
2019-03-12,8.458,8.63252,8.255333,8.5,10372455
2019-03-13,8.635333,8.802667,8.566733,8.604,8330685
2019-03-14,8.61,8.726,8.442,8.457333,6632715
2019-03-15,8.765333,9.384667,8.72,9.186,22910130
2019-03-18,9.244,9.384647,8.962,9.109333,10278570
2019-03-19,9.362667,9.559333,9.317333,9.478667,13688565
2019-03-20,9.466,9.628667,9.034667,9.208667,13166640
2019-03-21,9.236667,10.348667,9.236667,10.163333,21320340
2019-03-22,10.011333,10.074253,9.273333,9.298667,18607350
2019-03-25,9.144667,9.353333,8.721333,8.944,23959665
2019-03-26,9.319333,9.450667,9.002667,9.216,17310735
2019-03-27,9.233333,9.317327,8.609333,8.812,19968480
2019-03-28,8.890667,9.092,8.587,8.766,11520165
2019-03-29,9.074,9.215333,8.99888,9.169333,12794160
2019-04-01,9.577333,9.869333,9.456,9.844667,18229470
2019-04-02,9.829333,9.94888,9.696,9.876,8290440
2019-04-03,10.236667,10.808667,10.214,10.548667,30349020
2019-04-04,10.436,10.795253,10.431333,10.588667,14104470
2019-04-05,10.792667,10.847333,10.600667,10.830667,7863615
2019-04-08,10.683333,10.933333,10.616667,10.908667,7659315
2019-04-09,10.733333,10.733333,10.393333,10.540667,16964460
2019-04-10,10.539333,10.9,10.52,10.811333,13527915
2019-04-11,10.866667,11.005333,10.68,10.784667,9259485
2019-04-12,11.093333,11.239333,10.974667,11.233333,12208485
2019-04-15,11.229333,11.266667,10.79618,10.994,9198405
2019-04-16,11.199333,12.047333,11.172667,12.041333,19468605
2019-04-17,12.733333,13.062667,12.302707,12.589333,16183995
2019-04-18,12.601333,12.724,12.421333,12.613333,9463785
2019-04-22,12.433333,12.702667,12.293333,12.618667,4674075
2019-04-23,12.778,13.120507,12.694667,12.997333,8796090
2019-04-24,12.967333,13.762,12.967333,13.374,11011455
2019-04-25,13.262667,13.262667,12.301333,12.646,12977310
2019-04-26,11.928667,12.333333,11.542,12.329333,13796250
2019-04-29,12.371333,12.416,12.102,12.264667,4994850
2019-04-30,12.209333,12.620667,12.189333,12.536667,6696480
2019-05-01,12.934,13.1066,12.209333,12.229333,12914730
2019-05-02,12.165333,13.02,12.136667,12.636667,13311780
2019-05-03,12.863333,12.908,12.4508,12.89,8869860
2019-05-06,11.606,12.284667,11.48134,12.256667,17828265
2019-05-07,11.801333,11.859333,10.960133,11.362,24256845
2019-05-08,11.125333,11.6,11.024,11.089333,12007305
2019-05-09,10.566667,10.847993,9.95534,10.694667,18993240
2019-05-10,10.479333,10.923333,9.974,10.726,20788545
2019-05-13,9.662667,9.858667,9.07934,9.212,24391950
2019-05-14,9.553333,10.007333,9.425367,9.871333,17139735
2019-05-15,9.522,10.311327,9.513333,10.113333,14703015
2019-05-16,9.666667,9.935333,9.417093,9.6,21980895
2019-05-17,9.155333,9.715333,8.918067,9.032667,24265530
2019-05-20,8.224,8.373333,7.78,7.95,26759355
2019-05-21,8.466667,8.575333,8.24534,8.45,19236735
2019-05-22,7.982,8.178447,7.836,7.921333,15224700
2019-05-23,7.471333,7.554713,7.154667,7.520667,20860470
2019-05-24,7.712667,7.806667,7.310667,7.325333,13459950
2019-05-28,7.457333,7.533333,7.09534,7.126,13250175
2019-05-29,6.95066,7.322667,6.903333,7.222667,20284620
2019-05-30,7.296,7.572,7.226667,7.387333,19112895
2019-05-31,7.112,7.430667,7.048,7.066667,18478365
2019-06-03,7.332,7.533333,7.010233,7.134667,23410710
2019-06-04,7.533333,8.055333,7.326667,8.04,32151570
2019-06-05,8.304667,8.310667,7.569333,7.88,25533615
2019-06-06,7.877333,8.292,7.826667,8.207333,14176890
2019-06-07,8.265333,8.538667,8.227333,8.464667,14093580
2019-06-10,8.851333,9.424,8.787333,9.124667,21725730
2019-06-11,9.638,9.666667,8.994,9.193333,18606390
2019-06-12,8.922,8.946667,8.517333,8.544667,11924520
2019-06-13,8.768667,8.803333,8.5,8.706667,11454870
2019-06-14,7.933333,8.143333,7.852,8.016667,14856210
2019-06-17,8.033333,8.110667,7.838673,7.855333,8601630
2019-06-18,8.144667,9.039967,8.094,8.88,26061120
2019-06-19,9.026667,9.081333,8.755333,8.897333,13184595
2019-06-20,9.471333,9.552667,9.010667,9.144,19162620
2019-06-21,9.010667,9.246667,8.923733,8.955333,12224700
2019-06-24,9.014,9.133333,8.927333,9.001728,9433245
2019-06-25,9.025333,9.17066,8.587333,8.619333,12205530
2019-06-26,9.188667,9.594,9.142,9.429333,19283445
2019-06-27,9.603333,10.001333,9.603333,9.845333,13572075
2019-06-28,10.126,10.157267,9.82484,9.886,11226285
2019-07-01,11.18,11.44008,10.44,10.686,21101985
2019-07-02,10.559993,10.56,10.10326,10.238,12179205
2019-07-03,10.277333,10.277333,9.876667,10.078667,9478395
2019-07-05,9.75,9.951333,9.588667,9.918,9703560
2019-07-08,9.644667,9.778667,9.516667,9.678,8199270
2019-07-09,9.536,9.928587,9.458667,9.901333,9168555
2019-07-10,10.230667,10.5305,10.059333,10.109333,16625820
2019-07-11,10.26,10.311333,10.007333,10.186,8667300
2019-07-12,10.295333,10.778727,10.268667,10.768,12400965
2019-07-15,10.933333,11.166667,10.833333,11.018667,8485395
2019-07-16,10.859333,10.932667,10.499027,10.662,9933915
2019-07-17,10.896,10.925333,10.651333,10.751333,7202220
2019-07-18,10.796,11.302827,10.7748,11.244,13274310
2019-07-19,11.396,11.5,11.150667,11.169333,9179640
2019-07-22,11.364667,11.88,11.34,11.823333,13092840
2019-07-23,12.07,12.273333,11.874,12.273333,10419735
2019-07-24,12.533333,13.474227,12.512667,13.392,23553465
2019-07-25,13.143333,13.146667,12.61,12.712667,14810010
2019-07-26,12.969333,12.990667,12.68534,12.703333,8842965
2019-07-29,12.6,12.863333,12.322,12.801333,7938975
2019-07-30,12.456,12.804667,12.322667,12.714667,5961210
2019-07-31,12.510667,12.510667,11.109333,11.486667,21308625
2019-08-01,11.364,12.312553,10.506667,10.797333,25618950
2019-08-02,10.453333,10.736333,10.033,10.291333,16613115
2019-08-05,9.386667,9.429867,8.702193,8.946667,22728210
2019-08-06,9.417333,9.666,9.006,9.306,20334660
2019-08-07,8.887333,9.571333,8.866747,9.502,19700355
2019-08-08,9.791333,10.278667,9.559333,10.278667,18786780
2019-08-09,9.947333,10.070493,9.506,9.704,17550570
2019-08-12,9.463333,9.704267,9.202667,9.356,12597465
2019-08-13,9.32,10.411333,9.134,10.182,19917885
2019-08-14,9.48,9.721333,9.074673,9.227333,27956610
2019-08-15,9.473333,9.473333,8.928333,9.151333,15194205
2019-08-16,9.545333,9.977333,9.48,9.9,16275435
2019-08-19,10.591333,10.714667,10.313333,10.468667,16072950
2019-08-20,10.393333,10.524667,10.136333,10.302667,8727795
2019-08-21,10.633333,10.733333,10.432,10.594667,9802515
2019-08-22,10.653333,10.755333,10.246,10.583333,9776085
2019-08-23,10.173333,10.436787,9.106667,9.212,31601910
2019-08-26,9.668667,9.686,9.325333,9.44,11357220
2019-08-27,9.676667,9.766667,9.179833,9.341333,11277075
2019-08-28,9.194667,9.552667,9.000667,9.512667,10615425
2019-08-29,9.933333,10.347867,9.933333,10.156667,18936105
2019-08-30,10.440667,10.598667,10.17,10.33,10602720
2019-09-03,10.000667,10.102667,9.623733,9.792667,12573600
2019-09-04,10.266,10.607333,10.251333,10.593333,19155555
2019-09-05,11.27,11.9507,11.226,11.582667,17810535
2019-09-06,11.64,11.75366,11.400667,11.629333,7130310
2019-09-09,11.853333,12.084667,11.6464,11.792667,9319140
2019-09-10,11.608,11.948,11.374,11.948,7002300
2019-09-11,12.119333,12.483333,11.900007,12.483333,9793650
2019-09-12,12.800667,12.938,12.334,12.593333,11793600
2019-09-13,12.597333,12.703113,12.28076,12.479333,6119220
2019-09-16,12.133333,12.393333,11.888,12.225333,6536010
2019-09-17,12.143333,12.359333,11.934,12.336667,5483580
2019-09-18,12.292,12.374667,11.834,12.360667,8793195
2019-09-19,12.472,12.55666,12.11736,12.172667,7254570
2019-09-20,12.32,12.32,11.333333,11.494,11788065
2019-09-23,11.426,12.032667,11.426,11.824483,8248845
2019-09-24,12.092,12.104667,11.068673,11.252,18254265
2019-09-25,11.067333,11.938667,10.795333,11.827333,11991930
2019-09-26,11.838667,11.966667,11.511333,11.864667,10214610
2019-09-27,11.607333,11.737733,10.7494,11.0,17334135
2019-09-30,11.2,11.382667,11.017233,11.348,7302810
2019-10-01,11.573333,11.986667,10.910667,11.037333,14679825
2019-10-02,10.709333,10.836667,10.306667,10.516667,19378650
2019-10-03,10.535333,11.08,10.145993,11.054667,18031155
2019-10-04,11.164,11.666667,11.136667,11.654,13754655
2019-10-07,11.553333,11.762667,11.384,11.388667,9128190
2019-10-08,11.033333,11.058667,10.311333,10.341333,25217370
2019-10-09,10.766667,11.066,10.6713,10.862667,16020900
2019-10-10,10.941333,11.516667,10.904,11.178667,18736155
2019-10-11,11.8,12.33604,11.762667,11.929333,27945855
2019-10-14,11.888,12.0,11.750673,11.927333,7105890
2019-10-15,12.132,12.795993,12.096567,12.709333,19474080
2019-10-16,12.526,12.691333,12.077333,12.156667,15504630
2019-10-17,12.596,12.701327,12.043333,12.284,12439275
2019-10-18,12.203333,12.290653,11.514,11.874,14675265
2019-10-21,12.158667,12.556667,12.11302,12.549333,11627055
2019-10-22,12.62,12.699333,12.238,12.256,10308810
2019-10-23,11.576,11.866667,11.316667,11.543333,15683595
2019-10-24,12.0,12.39866,11.934,12.380667,14667000
2019-10-25,12.456,13.173333,12.443333,13.142667,18282240
2019-10-28,13.400667,13.88856,13.391333,13.832,15314505
2019-10-29,13.898667,14.165333,13.423333,13.469333,10815930
2019-10-30,13.743333,13.743333,13.173333,13.471333,8618040
2019-10-31,13.304,13.346,12.71,13.218,10017315
2019-11-01,13.595333,14.129333,13.434667,14.129333,10493745
2019-11-04,14.665333,15.131333,14.628667,15.054667,12484965
2019-11-05,15.236,15.477333,14.96974,15.141333,9867360
2019-11-06,15.060667,15.066667,14.346007,14.8,11248050
2019-11-07,15.51,15.568667,14.881007,15.090667,12448440
2019-11-08,14.906,15.331333,14.638453,15.331333,7322985
2019-11-11,14.926,15.175333,14.748667,15.082,6662730
2019-11-12,15.306,15.559333,15.008,15.215333,13886910
2019-11-13,14.888667,15.353233,14.733333,15.206667,12075045
2019-11-14,15.055333,15.127333,14.742,15.081333,11548590
2019-11-15,15.619333,15.866667,15.280667,15.473333,14248485
2019-11-18,15.484,15.675333,15.134667,15.379333,8777820
2019-11-19,15.566667,15.664,14.898613,15.141333,12465120
2019-11-20,14.895333,15.167333,14.28534,14.620667,17892840
2019-11-21,14.406667,14.542667,13.958,14.121333,15481170
2019-11-22,14.344,14.489813,14.0,14.114,10090545
2019-11-25,14.533333,15.163333,14.518,15.140667,14074860
2019-11-26,15.063333,15.094667,14.74,14.936,10898025
2019-11-27,15.167333,15.275333,15.054667,15.256,7285440
2019-11-29,15.036,15.070667,14.714,14.762667,4399680
2019-12-02,14.774667,14.87846,14.03534,14.113333,13269045
2019-12-03,13.153333,13.475333,12.98,13.468,14668605
2019-12-04,14.066,14.243067,13.933333,14.100667,8810295
2019-12-05,14.316667,14.483333,14.088667,14.27,7851405
2019-12-06,14.756667,15.018233,14.7273,14.933333,9778770
2019-12-09,14.933333,15.052,14.674,14.681333,4929840
2019-12-10,14.876,15.150667,14.698,14.844667,7438410
2019-12-11,15.023333,15.851333,14.967333,15.818,12022740
2019-12-12,15.734667,17.15,15.72,17.101333,21061305
2019-12-13,17.053333,17.611993,16.600667,16.82,21327960
2019-12-16,17.386667,17.759333,17.28134,17.297333,10245780
2019-12-17,17.563333,17.656667,17.266667,17.524667,9791310
2019-12-18,17.579333,17.666667,17.326667,17.499333,7578420
2019-12-19,17.667333,17.927333,17.467333,17.910667,7576035
2019-12-20,18.214,18.577653,18.037333,18.466823,10886385
2019-12-23,18.913333,18.92066,18.534,18.591333,11059680
2019-12-24,18.673333,18.729333,18.3996,18.729333,3773925
2019-12-26,18.83,18.873333,18.554,18.8,5939865
2019-12-27,18.990667,18.990667,18.440667,18.590667,7341585
2019-12-30,18.510667,18.536667,17.774667,18.199333,9244845
2019-12-31,17.916,18.381333,17.869647,18.321333,5725185
2020-01-02,19.008667,19.466,18.752727,19.464,10455660
2020-01-03,18.5,18.88562,18.274673,18.412667,14730225
2020-01-06,17.734,17.996393,17.429333,17.828667,11334990
2020-01-07,18.404,19.006,18.123507,18.748,10778595
2020-01-08,18.826667,19.123593,18.486,18.789333,10033905
2020-01-09,19.466,19.482667,18.5474,19.114,11523945
2020-01-10,19.376,19.381767,18.583807,18.723333,11311125
2020-01-13,19.126667,19.501333,18.92,19.457333,8204985
2020-01-14,19.470667,20.018,19.222667,19.582667,9634485
2020-01-15,19.573333,19.623133,18.666667,18.876667,11518995
2020-01-16,19.343333,19.824,19.3,19.822667,10807770
2020-01-17,20.077333,20.235667,19.747587,20.207333,11839590
2020-01-21,19.956,20.4,19.933333,20.17,6960960
2020-01-22,20.634,21.291333,20.46586,20.651333,10747260
2020-01-23,20.890667,21.133333,20.248667,21.122667,9354135
2020-01-24,21.950667,22.066667,19.957113,20.408667,19888995
2020-01-27,18.586,18.796487,17.937373,18.041333,19500090
2020-01-28,18.733333,19.496667,18.333333,19.332667,14221050
2020-01-29,19.117333,19.243153,18.202833,18.266667,12320085
2020-01-30,17.900667,18.37262,17.143313,18.198667,17106420
2020-01-31,17.758,17.780667,16.034,16.240667,22955025
2020-02-03,16.468,16.940667,16.402673,16.860667,13712955
2020-02-04,18.136,18.47,17.892207,18.433333,15466680
2020-02-05,19.413333,19.720667,18.825333,19.64,19452030
2020-02-06,19.701333,19.723333,18.946667,19.652667,12233370
2020-02-07,19.074667,19.153333,18.233333,18.266,16014210
2020-02-10,17.841333,19.093333,17.833333,19.093333,11137065
2020-02-11,19.612,20.536,19.599333,20.239333,16857420
2020-02-12,20.892667,21.227333,20.8,21.128667,11918040
2020-02-13,20.562667,21.625333,20.51472,21.175333,13008705
2020-02-14,21.650667,21.906667,20.664667,21.039333,11268825
2020-02-18,19.933333,20.282667,19.734,20.165333,16213080
2020-02-19,20.99,21.810527,20.936667,21.732,13075020
2020-02-20,21.466667,21.66666,19.773667,20.760667,20754900
2020-02-21,20.344667,20.366667,18.666667,18.896667,25366140
2020-02-24,16.222,17.014533,15.934667,16.200667,30187560
2020-02-25,16.894,16.922667,14.452,14.712667,38751540
2020-02-26,15.068667,15.772,14.533353,14.836,33257880
2020-02-27,13.44,14.342,12.658667,12.742,38827605
2020-02-28,11.466667,13.865747,11.446667,13.666667,45683655
2020-03-02,14.5,15.020667,13.020667,15.02,36516375
2020-03-03,15.21,15.822667,13.118,13.499333,32918790
2020-03-04,14.306667,15.490247,13.736013,15.475333,20537355
2020-03-05,14.190667,15.286,13.734,14.087333,23967870
2020-03-06,13.0,13.566,12.2,13.240667,26310480
2020-03-09,10.135333,11.79266,9.866667,9.886,31190790
2020-03-10,11.128,11.773333,9.933333,11.773333,33005505
2020-03-11,10.719333,11.132667,9.41976,9.776,33950730
2020-03-12,7.774,8.915333,6.801333,6.802667,47734350
2020-03-13,8.074,8.733333,6.533333,8.661333,43619955
2020-03-16,5.985333,7.097293,5.266667,5.318667,47342010
2020-03-17,5.32,5.992,4.380667,5.847333,73487475
2020-03-18,4.600667,5.263993,3.566673,4.333333,67953360
2020-03-19,4.215333,5.066,3.850007,4.662,67534560
2020-03-20,5.220667,5.432667,4.253333,4.263333,63203925
2020-03-23,4.533333,4.938667,4.08734,4.654737,63927045
2020-03-24,5.57,6.266,5.547333,6.249333,67670115
2020-03-25,6.363333,7.013327,5.707333,6.004667,65237175
2020-03-26,6.469333,7.266667,6.266667,7.205333,55215165
2020-03-27,6.478667,6.815333,6.048667,6.096,51672150
2020-03-30,6.330667,6.798667,6.157333,6.752,39719055
2020-03-31,6.762,7.08258,6.164,6.316,50963820
2020-04-01,5.687333,6.156,5.106667,5.294,47541405
2020-04-02,5.184,5.797333,5.175333,5.778667,43654695
2020-04-03,5.784,5.960667,5.208,5.435333,43627800
2020-04-06,6.133333,7.179327,6.126,7.102667,51997110
2020-04-07,7.909333,7.979333,6.980667,7.013333,79462035
2020-04-08,7.393333,7.802,7.064,7.716,50288145
2020-04-09,8.040667,8.229333,6.986,7.21,75898215
2020-04-13,7.16,7.523333,6.963333,7.47,36957360
2020-04-14,7.992667,8.492667,7.940667,8.462,51488040
2020-04-15,7.972667,7.974,7.505333,7.775333,37127295
2020-04-16,8.157333,8.434667,7.833667,8.347333,47276970
2020-04-17,8.856667,8.888,8.266667,8.564,47444535
2020-04-20,8.200667,8.566667,8.0,8.011333,35502675
2020-04-21,7.642667,7.773867,6.767333,6.886,60042705
2020-04-22,7.495333,8.183333,7.413333,8.039333,37221525
2020-04-23,8.080667,8.33666,7.753333,7.835333,42906090
2020-04-24,7.864,8.378,7.626667,8.334,34458495
2020-04-27,8.666667,8.917327,8.544007,8.670667,42303405
2020-04-28,9.132667,9.288,8.502,8.535333,55146975
2020-04-29,8.971333,9.85,8.931607,9.76,42029850
2020-04-30,9.624667,9.655333,8.668,8.734,55263975
2020-05-01,8.133333,8.166667,7.32,7.406667,65224500
2020-05-04,7.208667,7.635667,7.134073,7.614667,35216310
2020-05-05,8.050667,8.434667,7.84736,8.000667,47706045
2020-05-06,8.266667,8.657667,8.214,8.278,46400940
2020-05-07,8.71238,8.82,8.386933,8.520667,32645145
2020-05-08,8.782667,9.282,8.694,9.265333,38604090
2020-05-11,8.962667,9.482667,8.939333,9.24,27098805
2020-05-12,9.434667,9.518,8.456667,8.456667,34702995
2020-05-13,8.685333,8.74,7.625333,8.001333,53503155
2020-05-14,7.813333,8.666667,7.4,8.640667,54496605
2020-05-15,7.786667,8.191333,7.640007,8.099333,55646700
2020-05-18,8.666667,9.35,8.666667,9.232667,42497700
2020-05-19,9.186,9.762667,9.10734,9.122,40813320
2020-05-20,9.676667,10.313333,9.671333,10.159333,39808665
2020-05-21,10.156,10.164667,9.324,9.37,37934850
2020-05-22,9.449333,9.532667,9.034,9.506,25133640
2020-05-26,10.249333,10.38792,9.748673,9.800667,41681340
2020-05-27,9.918,10.226667,9.046,10.219333,41941965
2020-05-28,10.053333,10.418,9.4,9.548667,33757845
2020-05-29,9.677333,10.377993,9.566667,10.274,38471310
2020-06-01,10.072,10.274,9.866667,10.146667,21649080
2020-06-02,10.232,10.8,10.073333,10.8,34991595
2020-06-03,11.219333,11.876667,11.219333,11.746667,30483225
2020-06-04,11.643333,12.314,11.478,12.056,31461390
2020-06-05,12.927333,13.466667,12.826693,12.934,26946465
2020-06-08,13.260667,13.260667,12.457333,12.855333,25800195
2020-06-09,12.413333,13.010047,12.281333,12.877333,22317015
2020-06-10,13.153333,13.382667,12.855333,12.996,23646780
2020-06-11,12.001333,12.156,10.501333,10.516,47562480
2020-06-12,11.492,11.598667,10.2594,10.952,35401725
2020-06-15,10.260667,11.462313,10.115607,11.432667,29253900
2020-06-16,12.406,12.621333,11.432667,12.038667,30943665
2020-06-17,12.296,12.668667,12.134,12.372,21156435
2020-06-18,12.206667,12.48066,12.102,12.314667,13989165
2020-06-19,12.739333,12.86,12.006,12.066667,29615730
2020-06-22,12.126667,12.44926,11.70804,12.383049,19461480
2020-06-23,12.624,12.879993,12.421467,12.491333,18908535
2020-06-24,12.258,12.484,11.368227,11.652,31199520
2020-06-25,11.638667,11.991333,11.089813,11.938667,21685455
2020-06-26,11.8,12.005333,11.157667,11.224,21491850
2020-06-29,11.248,11.619333,10.834,11.61,17931405
2020-06-30,11.746667,12.649333,11.746667,12.547333,32252010
2020-07-01,12.555333,12.562,11.989067,12.022667,21470100
2020-07-02,12.527333,12.804,12.328667,12.47,24290115
2020-07-06,13.105333,13.594667,13.088,13.47,21822690
2020-07-07,13.298667,13.613573,12.9,12.972,17727780
2020-07-08,13.3,13.533333,12.954667,13.508667,14014725
2020-07-09,13.666667,14.29266,13.07,14.046,25341225
2020-07-10,14.073333,14.198,13.481333,13.906,16763265
2020-07-13,14.492667,14.961,13.133333,13.212,24479535
2020-07-14,12.993333,13.962,12.401333,13.912,25490955
2020-07-15,14.2,14.210667,13.133333,13.772667,20254260
2020-07-16,13.334,13.765333,13.12692,13.604667,13903035
2020-07-17,13.854,14.003333,13.6,13.856667,12027795
2020-07-20,13.922,14.774667,13.627333,14.710667,16717290
2020-07-21,14.965333,15.035613,14.246,14.399333,16855335
2020-07-22,14.533333,14.903333,14.217333,14.572,13955925
2020-07-23,14.552,14.940667,13.51,13.893333,22535235
2020-07-24,13.158,13.833333,12.630667,13.231333,19546620
2020-07-27,13.733333,14.500667,13.715333,14.484667,17731965
2020-07-28,14.231333,14.231333,13.553333,13.628,20592690
2020-07-29,14.05,14.65236,13.954667,14.510667,19686840
2020-07-30,14.310667,15.375333,14.29904,15.36,25672395
2020-07-31,15.474,15.475333,14.447333,15.100667,26314305
2020-08-03,15.390667,16.078,15.39,15.999333,17000925
2020-08-04,15.926667,16.710667,15.8827,16.686667,12099900
2020-08-05,16.634667,16.850667,16.266667,16.654,12854880
2020-08-06,16.537333,16.67308,16.086147,16.593333,10839960
2020-08-07,16.474667,16.733333,15.444,16.029333,17873175
2020-08-10,16.124667,16.232667,15.334667,16.039333,11624520
2020-08-11,15.994,16.474,15.383333,15.508,15200565
2020-08-12,15.905333,17.155333,15.774667,17.07,18422040
2020-08-13,17.077333,17.077333,16.268733,16.511333,12741960
2020-08-14,16.653333,17.066,16.308667,16.453333,12001500
2020-08-17,16.858667,17.281333,16.779193,17.076,11738430
2020-08-18,17.276,17.374667,16.626,16.794,11410965
2020-08-19,16.812667,16.931087,16.319333,16.468,10309065
2020-08-20,15.979333,16.280667,15.693333,16.039333,16498110
2020-08-21,16.045333,16.39972,15.766667,16.392667,10790010
2020-08-24,16.889333,17.047993,16.474667,16.846,11775960
2020-08-25,16.876667,17.391333,16.876667,17.388667,11627130
2020-08-26,17.504667,17.719333,17.259333,17.584667,11527755
2020-08-27,17.664,17.759333,16.589,16.899333,17893680
2020-08-28,17.005333,17.872667,16.897333,17.856667,13989285
2020-08-31,17.840667,18.193333,17.387333,17.806667,12092550
2020-09-01,18.126667,18.833333,17.870667,18.809333,10284330
2020-09-02,19.628,20.759333,19.121193,20.496667,18729735
2020-09-03,19.571333,19.6,16.602673,16.998667,37044495
2020-09-04,16.616,17.363333,14.670667,16.527333,26687040
2020-09-08,14.708667,15.612667,14.131333,14.174,21556785
2020-09-09,15.209333,15.686667,14.666667,15.346,19172025
2020-09-10,15.85,16.079333,14.426667,14.708667,19227285
2020-09-11,15.029333,15.475333,14.191333,14.657333,14870655
2020-09-14,15.553333,15.853927,15.21,15.584,11850030
2020-09-15,16.154,16.686,16.098,16.385333,11724945
2020-09-16,16.592,16.782,15.833333,15.892,10827645
2020-09-17,14.749333,15.971333,14.554927,15.819333,14704845
2020-09-18,16.014667,16.202333,14.52,15.082,17329920
2020-09-21,14.189333,15.032,13.894,15.009333,25779660
2020-09-22,15.357333,15.576667,14.551333,15.553333,13863870
2020-09-23,15.464667,15.786667,14.26294,14.395333,14177520
2020-09-24,14.094667,15.40728,14.066667,14.816,24951855
2020-09-25,14.896,15.55,14.224,15.455333,15505965
2020-09-28,16.041333,16.732667,15.762,16.717333,15123150
2020-09-29,16.608,17.272,16.608,16.856667,19878300
2020-09-30,16.700667,17.398667,16.6,16.879333,20143140
2020-10-01,17.522,18.078667,17.340667,17.927333,18271425
2020-10-02,16.671333,17.452,16.284,16.329333,24060225
2020-10-05,16.790667,17.925333,16.768667,17.923333,14750490
2020-10-06,17.862667,18.88944,17.400667,17.617333,16637910
2020-10-07,18.370667,18.783333,18.350667,18.68,13548870
2020-10-08,19.17,19.432533,18.952667,19.328667,11171655
2020-10-09,20.019333,20.496,19.923333,20.342667,18608520
2020-10-12,21.089333,21.553327,20.801333,21.226,15900930
2020-10-13,21.250667,21.676,20.834,21.200667,14068245
2020-10-14,21.338667,21.592667,20.494667,20.864667,11343720
2020-10-15,19.800667,20.829333,19.575333,20.7,10549950
2020-10-16,21.212,21.216667,20.364,20.404667,8951550
2020-10-19,20.866667,21.262667,19.845333,20.076,11283015
2020-10-20,20.360667,20.520667,19.843333,20.012,6908775
2020-10-21,20.155333,20.249667,19.549287,19.589333,8161110
2020-10-22,19.726,19.92048,18.912667,19.658,9830235
2020-10-23,19.479333,19.479333,18.835333,19.37,6974670
2020-10-26,18.883333,19.133333,17.4,18.132667,13960605
2020-10-27,18.516667,18.665333,17.726667,17.945333,7834620
2020-10-28,17.074667,17.085067,16.094,16.159333,15634590
2020-10-29,16.267333,17.897667,16.132,17.446,10748790
2020-10-30,16.895333,17.184667,16.007333,16.596667,11206260
2020-11-02,17.142,17.4,16.4243,16.864,10897905
2020-11-03,17.333327,18.259473,17.294887,17.867333,12471750
2020-11-04,18.963333,19.968667,18.283333,19.74,17589795
2020-11-05,21.333333,22.490993,21.327,22.343333,20564415
2020-11-06,22.149333,23.679793,21.934,23.492667,15370155
2020-11-09,24.962,25.598667,22.554,22.595333,16742235
2020-11-10,21.996,22.292667,20.406667,20.563333,16570995
2020-11-11,21.530667,22.912,21.499333,22.804,11782890
2020-11-12,22.842667,23.093333,21.580667,21.921333,11976240
2020-11-13,22.66,23.311847,22.278667,22.734667,10982175
2020-11-16,23.27,24.44666,23.1,24.411333,12467640
2020-11-17,24.156,24.216,23.281333,23.816667,9009015
2020-11-18,23.918667,24.453867,23.272667,23.311333,10455225
2020-11-19,23.233333,24.406,22.68064,24.393333,8220555
2020-11-20,24.370667,24.978873,23.908187,23.997333,11357040
2020-11-23,24.434,25.291667,24.084,25.083333,11435865
2020-11-24,25.533333,25.566667,24.309493,25.488667,9943065
2020-11-25,25.366667,25.861333,24.912,25.216,6964230
2020-11-27,25.721333,26.605333,25.720667,26.084,8937165
2020-11-30,26.236,27.1507,25.268733,27.064667,10631940
2020-12-01,27.746,28.932667,27.533333,28.500667,12750450
2020-12-02,28.218667,29.101807,28.066667,28.717333,7210515
2020-12-03,29.231333,29.686,28.634,28.760667,7801530
2020-12-04,29.235333,31.193327,28.978667,31.154667,10473585
2020-12-07,31.736,31.736,30.688007,31.562,8889420
2020-12-08,31.450667,32.273333,31.041333,31.96,6290520
2020-12-09,31.606667,32.161,28.618,29.226667,19231560
2020-12-10,28.62,29.821733,28.134067,29.17,11489730
2020-12-11,28.413333,28.859333,27.266667,28.163333,13248015
2020-12-14,28.988667,29.683333,28.8,29.224,10853310
2020-12-15,30.281333,30.687333,29.75078,30.442667,7406670
2020-12-16,30.71,30.722107,29.696,30.375333,6372120
2020-12-17,30.919333,30.990667,30.180653,30.538,6106455
2020-12-18,30.733333,30.866667,29.557333,30.139333,8797785
2020-12-21,29.0,29.6938,28.166667,29.542587,11619840
2020-12-22,29.700667,29.820667,28.754667,29.433333,6243810
2020-12-23,29.623333,29.799333,28.783333,28.822,4337325
2020-12-24,29.166667,29.660667,29.029333,29.654,2642040
2020-12-28,30.622,30.733333,29.368,29.485333,7542120
2020-12-29,29.866667,29.866667,28.284067,29.258667,7832835
2020-12-30,29.672,30.891,29.6,30.771333,7807455
2020-12-31,30.774667,31.18312,30.177333,31.098667,5872875
2021-01-04,31.672,33.654667,29.930667,30.669333,17731500
2021-01-05,30.444,32.505333,30.444,32.446,8537640
2021-01-06,31.528,34.160667,31.284,32.207333,16782075
2021-01-07,33.646,36.121333,33.615333,35.756667,10443270
2021-01-08,37.507333,37.941993,34.629333,35.786667,13089915
2021-01-11,34.965333,37.873667,34.934,37.09,9660705
2021-01-12,37.665333,38.75858,36.706,37.818667,10501425
2021-01-13,38.620667,38.933327,37.4,37.919333,6896730
2021-01-14,39.22,41.612587,39.22,40.386667,11373435
2021-01-15,40.192,40.313333,37.105333,37.824,16302510
2021-01-19,39.514,41.795333,39.411127,41.666667,13351590
2021-01-20,43.163333,43.521333,40.95102,41.319333,11220705
2021-01-21,42.388667,43.52,41.097333,43.158667,11101635
2021-01-22,42.0,42.476,40.774,40.79,12573345
2021-01-25,42.013333,42.14,38.627333,40.965333,12504660
2021-01-26,41.046667,41.046667,39.0,39.055333,7640715
2021-01-27,36.866667,37.048667,32.538667,33.144,25056555
2021-01-28,35.000667,36.576667,34.173333,35.134,16110690
2021-01-29,35.337333,35.8216,32.900667,33.400667,15256050
2021-02-01,35.086,37.527,34.636667,37.348,13748790
2021-02-02,39.132667,39.16,37.466667,39.048,10789755
2021-02-03,39.466667,39.796667,36.571333,36.632667,14184705
2021-02-04,36.33694,37.607327,35.529333,37.538,8400480
2021-02-05,38.333333,38.333333,36.585333,36.722667,8242440
2021-02-08,37.461333,40.133333,37.4452,40.133333,17277750
2021-02-09,39.63642,40.54,39.043333,39.622,8659860
2021-02-10,40.666667,41.312,38.376933,39.996667,15432090
2021-02-11,40.884667,44.164667,40.884667,44.164667,20780715
2021-02-12,43.488,46.013427,43.004,45.772,15842010
2021-02-16,47.336667,47.852667,45.8106,46.582,14366370
2021-02-17,45.1,45.741333,42.138667,44.010667,19385430
2021-02-18,42.203333,43.266,41.020667,42.685333,15629130
2021-02-19,44.644667,46.518,44.223247,45.798667,23601930
2021-02-22,44.003327,44.936,40.18,40.806667,22419525
2021-02-23,38.496667,40.744,35.06904,39.978667,27033645
2021-02-24,38.982667,43.833333,38.066667,43.745333,17963730
2021-02-25,42.067333,43.009333,35.703373,36.218667,35817420
2021-02-26,37.943333,39.700667,35.803333,38.710667,29536980
2021-03-01,40.592,42.558,39.550067,42.558,24584295
2021-03-02,42.94,42.99,38.45,38.55,19687665
2021-03-03,38.9,38.99,34.82,35.01,21749022
2021-03-04,34.83,35.19,28.44,29.98,34294344
2021-03-05,32.22,32.96,27.73,32.75,30945781
2021-03-08,32.71,32.93,27.5,27.52,28761183
2021-03-09,30.34,33.08,30.0,32.45,19994852
2021-03-10,34.19,34.19,30.62,30.72,19953537
2021-03-11,33.3,35.04,32.85,34.47,19094333
2021-03-12,32.52,33.59,31.85,33.42,17047625
2021-03-15,33.8,35.63,33.18,35.57,15448799
2021-03-16,36.83,38.59,36.23,36.98,27404928
2021-03-17,35.28,39.15,34.51,38.42,21743535
2021-03-18,36.76,36.92,33.45,33.71,25847347
2021-03-19,34.0097,35.6501,32.38,34.75,20614967
2021-03-22,35.94,38.2,35.62,36.9838,23763826
2021-03-23,37.37,37.5,33.51,34.03,26947016
2021-03-24,35.63,36.13,32.55,32.59,26195903
2021-03-25,30.93,33.1799,30.1,32.81,30291424
2021-03-26,32.81,37.74,32.71,37.69,35670260
2021-03-29,36.3839,36.91,34.5,35.79,28422651
2021-03-30,35.12,35.78,34.285,35.52,17925987
2021-03-31,36.43,38.98,36.35,38.21,25362452
2021-04-01,40.05,42.44,40.05,42.41,27795506
2021-04-05,44.525,45.3,42.9086,45.0,26445831
2021-04-06,44.1188,44.97,42.07,43.38,17961530
2021-04-07,43.99,44.0,42.34,43.38,12421784
2021-04-08,44.75,45.0,43.6,44.79,12957077
2021-04-09,43.83,44.5,43.13,44.48,10748469
2021-04-12,43.72,43.79,41.8,43.09,14926032
2021-04-13,44.0,44.13,41.57,42.69,14056434
2021-04-14,42.39,43.47,40.63,41.27,12838647
2021-04-15,42.35,43.66,41.62,43.47,13642025
2021-04-16,43.51,43.64,42.481,42.75,11016244
2021-04-19,41.77,42.29,38.25,39.6,20268199
2021-04-20,39.01,39.53,37.0398,37.71,13892049
2021-04-21,37.93,40.77,37.34,40.75,15160174
2021-04-22,40.37,40.61,37.27,37.98,20962133
2021-04-23,38.32,40.57,38.3,40.15,13252198
2021-04-26,40.09,42.455,40.0,42.21,13528458
2021-04-27,42.78,42.91,40.955,41.34,12557183
2021-04-28,40.68,40.69,39.31,39.42,12753565
2021-04-29,41.2,41.22,38.48,40.31,14812520
2021-04-30,38.3474,39.17,36.56,36.9,19385843
2021-05-03,37.72,37.789,35.0793,35.61,13899919
2021-05-04,34.41,34.45,32.0,33.97,24427983
2021-05-05,35.07,35.79,33.0,34.55,7952189
2021-05-06,34.2,35.4,33.16,35.4,15387315
2021-05-07,36.51,37.55,35.911,36.93,16784570
2021-05-10,36.0,36.0,31.88,31.93,25439754
2021-05-11,29.02,32.31,28.69,32.11,29951280
2021-05-12,30.1,30.56,27.81,28.13,34045693
2021-05-13,29.53,30.497,28.3,29.33,25519967
2021-05-14,30.49,32.68,29.58,31.93,21881317
2021-05-17,30.98,31.1,29.43,31.1,19224849
2021-05-18,31.71,32.08,30.22,30.29,15262558
2021-05-19,28.46,32.1699,28.22,32.05,29208667
2021-05-20,32.75,34.98,32.67,34.64,28593191
2021-05-21,35.3,35.3401,33.81,34.14,25100325
2021-05-24,35.0,37.14,34.91,36.53,21577546
2021-05-25,37.33,37.7497,36.245,36.94,19468177
2021-05-26,37.03,37.68,36.185,37.18,13436676
2021-05-27,36.8787,38.26,36.71,37.86,16449392
2021-05-28,38.0665,39.27,37.88,38.78,15891408
2021-06-01,39.52,40.54,37.745,38.34,18159368
2021-06-02,38.27,39.58,37.91,39.19,12370473
2021-06-03,37.8299,38.28,36.515,37.12,16945805
2021-06-04,38.08,39.99,38.05,39.74,15960523
2021-06-07,39.26,39.44,38.15,38.91,11453811
2021-06-08,39.8006,39.97,37.3,38.17,13475842
2021-06-09,38.56,38.89,37.62,37.7,11720997
2021-06-10,37.8,39.37,37.52,39.04,17601943
2021-06-11,39.05,39.49,38.57,39.49,7971497
2021-06-14,39.81,41.17,39.0599,41.17,18513253
2021-06-15,40.8,41.6,39.74,40.04,13301433
2021-06-16,40.49,40.89,38.07,39.18,18089262
2021-06-17,38.69,41.17,38.65,40.31,18466155
2021-06-18,39.29,39.58,36.75,37.32,21346622
2021-06-21,37.55,38.1617,36.59,38.12,12721962
2021-06-22,37.9,38.825,37.4,38.6,10500361
2021-06-23,38.5999,39.63,38.5999,39.05,8615363
2021-06-24,39.8831,41.23,39.88,41.08,12716793
2021-06-25,41.17,41.69,40.29,40.66,9244122
2021-06-28,41.5,44.08,41.45,43.65,18209308
2021-06-29,43.31,44.69,42.88,44.64,13090203
2021-06-30,44.37,44.7267,43.67,44.54,9830905
2021-07-01,44.15,44.37,42.13,42.57,11578170
2021-07-02,43.57,43.7,42.25,43.32,10933298
2021-07-06,43.64,44.14,41.36,43.04,10020289
2021-07-07,43.8,43.91,40.69,41.24,10623830
2021-07-08,38.55,40.3798,37.76,39.78,14764346
2021-07-09,40.18,41.94,39.25,41.77,9799611
2021-07-12,42.16,43.33,41.81,43.33,9021765
2021-07-13,42.75,43.315,42.1,42.62,9289264
2021-07-14,43.54,44.79,41.86,42.16,15361468
2021-07-15,41.79,41.8012,38.55,39.42,14968006
2021-07-16,40.03,40.45,36.59,36.76,14425566
2021-07-19,35.21,36.93,34.71,36.84,17527775
2021-07-20,37.24,39.08,35.8505,38.34,12487168
2021-07-21,38.67,41.85,38.6,41.85,12599665
2021-07-22,40.9,41.62,39.9,40.74,8148866
2021-07-23,41.29,41.61,39.95,41.55,8740443
2021-07-26,40.5835,41.79,40.5835,41.45,7703459
2021-07-27,40.8,40.852,36.71,39.15,17917415
2021-07-28,39.54,41.5,39.02,41.18,12983043
2021-07-29,41.23,43.6899,41.23,43.45,15318441
2021-07-30,42.19,44.5,42.072,44.39,13599233
2021-08-02,45.19,46.89,44.88,45.21,17018647
2021-08-03,45.29,45.9784,43.61,45.97,10801372
2021-08-04,46.16,48.1499,46.05,47.61,13768861
2021-08-05,48.17,48.1901,46.44,47.17,8580697
2021-08-06,46.33,47.27,46.2,46.63,6201980
2021-08-09,46.9,47.27,45.54,46.15,5943661
2021-08-10,46.3665,46.57,43.5,44.45,9994504
2021-08-11,45.06,45.12,42.4298,44.17,10016629
2021-08-12,43.44,43.5,41.56,42.62,9758813
2021-08-13,42.5,43.6,42.285,43.48,7655754
2021-08-16,42.91,43.43,41.93,43.01,6664531
2021-08-17,41.93,41.9476,39.34,40.46,13983659
2021-08-18,40.29,40.955,38.58,38.66,10760147
2021-08-19,38.18,40.26,37.14,39.63,14855293
2021-08-20,39.96,40.75,39.01,40.43,10732251
2021-08-23,41.4,43.79,41.4,43.69,12229031
2021-08-24,43.98,44.44,43.38,43.73,8557113
2021-08-25,44.18,45.65,44.11,44.78,10125846
2021-08-26,44.52,45.33,43.705,44.68,9529406
2021-08-27,44.85,47.5,44.69,47.3,12358318
2021-08-30,47.78,49.0,47.125,47.74,10291141
2021-08-31,47.77,47.965,45.37,46.55,9620821
2021-09-01,47.23,47.3,45.83,45.96,7246919
2021-09-02,46.35,46.72,45.7,46.3,7189762
2021-09-03,46.14,47.85,45.96,47.24,7380129
2021-09-07,47.3611,47.41,45.92,46.77,5666382
2021-09-08,46.1,46.3699,43.76,44.95,11787429
2021-09-09,44.91,46.26,44.89,45.55,8642994
2021-09-10,46.64,48.63,46.51,46.59,14399648
2021-09-13,47.8,48.17,45.9295,47.87,11356440
2021-09-14,48.4,48.97,47.14,47.87,10129230
2021-09-15,48.06,48.7,46.76,48.59,9321847
2021-09-16,47.74,49.53,47.02,49.07,9094405
2021-09-17,48.64,48.65,45.97,46.75,14478872
2021-09-20,43.75,44.197,41.16,43.3,19454631
2021-09-21,44.04,44.52,42.35,43.6,9972389
2021-09-22,44.46,46.57,44.01,46.26,11093236
2021-09-23,46.8921,48.55,46.42,48.1,11819558
2021-09-24,46.86,48.23,46.78,47.95,7464960
2021-09-27,46.52,48.1801,45.56,47.69,10241263
2021-09-28,44.9,45.79,42.05,42.23,23988045
2021-09-29,42.56,42.68,39.78,40.12,19889665
2021-09-30,41.06,41.95,40.0,40.04,14470239
2021-10-01,40.5,40.7,38.06,40.07,16368724
2021-10-04,39.31,39.5198,36.57,37.02,20555388
2021-10-05,37.6,39.39,37.255,38.65,15194130
2021-10-06,37.32,39.14,36.92,39.06,16403233
2021-10-07,40.53,42.0293,40.27,40.39,13234341
2021-10-08,40.9,41.07,39.08,39.33,10296982
2021-10-11,38.76,40.39,38.36,38.38,9446410
2021-10-12,39.21,39.31,36.47,37.05,19847438
2021-10-13,37.7,38.3,37.24,37.65,11660572
2021-10-14,39.64,41.08,39.3401,41.05,14800925
2021-10-15,42.03,42.285,41.3,41.84,10988462
2021-10-18,41.14,42.97,40.44,42.86,8498165
2021-10-19,43.11,44.48,42.63,44.43,11476181
2021-10-20,44.13,44.73,43.63,44.2,9908218
2021-10-21,43.33,45.7198,43.3,45.59,10019675
2021-10-22,44.84,46.23,43.77,44.05,12691658
2021-10-25,44.6,45.665,44.16,45.06,9706705
2021-10-26,46.02,46.45,44.54,44.96,12067779
2021-10-27,44.23,45.61,43.56,44.09,13076309
2021-10-28,45.84,47.1,45.57,47.0,15904396
2021-10-29,45.9723,47.65,45.62,47.65,12735039
2021-11-01,47.79,49.96,47.45,49.96,14647447
2021-11-02,49.82,51.82,49.81,51.82,12421133
2021-11-03,52.07,53.81,51.42,53.67,11472211
2021-11-04,55.42,59.829,54.571,59.08,20539243
2021-11-05,60.04,62.4,59.21,60.91,19536054
2021-11-08,62.1,64.71,61.49,63.54,15603893
2021-11-09,65.27,65.629,61.41,63.4,16385940
2021-11-10,60.05,62.5,57.0699,57.95,17648253
2021-11-11,60.72,61.9916,59.37,61.64,13055698
2021-11-12,62.22,64.25,61.1708,63.35,13052661
2021-11-15,64.73,64.74,61.26,63.2,11837449
2021-11-16,62.38,66.43,62.01,66.15,12692961
2021-11-17,66.0,66.13,63.6997,64.52,11636624
2021-11-18,67.87,68.9,66.03,67.98,14102705
2021-11-19,67.86,69.8671,66.8784,68.61,14527375
2021-11-22,69.54,72.4871,65.23,65.43,16809792
2021-11-23,64.83,66.61,61.3501,64.74,16233693
2021-11-24,62.99,66.9,61.21,66.88,14762210
2021-11-26,63.1,64.98,59.85,61.37,14919713
2021-11-29,63.95,68.68,63.22,68.41,18352682
2021-11-30,67.28,69.34,62.89,64.67,22246306
2021-12-01,67.54,70.96,63.05,63.16,24886985
2021-12-02,61.26,64.74,59.68,63.25,21014155
2021-12-03,65.9,67.95,60.7,62.93,18842766
2021-12-06,62.06,63.29,56.78,62.6,13816269
2021-12-07,66.7601,72.52,66.72,71.99,21654543
2021-12-08,70.93,71.2,68.49,70.69,12500687
2021-12-09,69.43,71.59,65.66,65.9,14532968
2021-12-10,69.4561,70.45,65.17,67.6,12329114
2021-12-13,68.0235,68.71,62.0,62.34,13561548
2021-12-14,60.0,62.37,58.94,61.52,13311183
2021-12-15,61.84,68.34,59.24,68.12,19005702
2021-12-16,69.01,69.5,58.02,59.23,27692103
2021-12-17,57.34,61.58,56.86,58.96,17754368
2021-12-20,56.14,58.76,55.47,57.53576,15681395
2021-12-21,61.17,63.685,58.77,63.5,20476998
2021-12-22,62.47,65.53,61.61,65.38,13011601
2021-12-23,66.0,68.75,65.92,67.41,14506962
2021-12-27,68.1035,73.0,68.0,72.99,15597979
2021-12-28,74.07,74.07,69.57,70.52,14401775
2021-12-29,70.42,72.23,69.6,71.0,10702012
2021-12-30,70.5,71.34,67.89,68.36,11188248
2021-12-31,68.7,70.1,67.83,68.01,10151971
2022-01-03,69.05,72.11,68.3883,72.1,15794751
2022-01-04,72.58,74.21,66.04,71.07,21988047
2022-01-05,69.5877,71.42,63.94,64.01,20820971
2022-01-06,64.0899,66.39,61.85,65.54,19343143
2022-01-07,65.08,66.05,59.14,59.74,22625851
2022-01-10,57.34,60.19,53.82,60.0,25112686
2022-01-11,59.09,63.44,57.88,63.29,22053886
2022-01-12,64.99,66.4,62.64,64.58,19392040
2022-01-13,67.5,69.18,59.58,60.2,28866546
2022-01-14,58.76,64.54,58.56,64.48,23880605
2022-01-18,60.91,61.38,55.5,55.98,29173876
2022-01-19,57.48,58.155,50.73,50.82,28683330
2022-01-20,52.12,53.2,45.81,45.99,32438815
2022-01-21,45.22,48.93,43.4,43.71,45826466
2022-01-24,41.0,45.48,36.6179,45.45,53719176
2022-01-25,41.7699,43.35,39.38,40.19,40326258
2022-01-26,43.78,47.1,40.105,42.12,46405005
2022-01-27,43.4,43.45,36.0,36.36,50033699
2022-01-28,36.37,38.41,33.095,38.41,43946682
2022-01-31,38.99,44.75,38.3,44.58,39362536
2022-02-01,45.89,46.1,42.29,45.91,37795569
2022-02-02,48.47,49.5,46.46,49.34,40548641
2022-02-03,45.58,47.8,42.15,42.63,32875334
2022-02-04,42.08,44.5201,40.37,43.46,30575589
2022-02-07,43.64,45.52,42.86,43.41,28382026
2022-02-08,42.75,46.88,42.54,46.6,33686784
2022-02-09,48.43,51.23,46.71,51.02,35302832
2022-02-10,47.58,52.21,45.5798,46.42,51371004
2022-02-11,46.5601,47.65,38.42,39.54,51212755
2022-02-14,39.75,41.85,37.86,39.59,43218359
2022-02-15,41.9,46.29,41.67,46.01,40132271
2022-02-16,44.07,46.5,43.04,46.1,35357629
2022-02-17,44.12,44.39,40.67,40.87,41858899
2022-02-18,41.14,41.349,37.77,39.63,46904086
2022-02-22,38.23,41.56,36.83,38.61,49765565
2022-02-23,40.0684,41.3,35.63,35.91,52830565
2022-02-24,31.81,40.05,31.55,39.94,68362140
2022-02-25,40.0,41.84,38.16,41.78,40948963
2022-02-28,40.2,42.23,38.56,41.01,43350649
2022-03-01,40.78,41.3,35.35,36.58,46635011
2022-03-02,37.47,40.88,37.23,40.12,41485364
2022-03-03,40.65,40.8699,36.82,37.55,45902800
2022-03-04,36.63,37.42,33.36,34.77,47006005
2022-03-07,34.82,35.6,29.5,29.58,50665835
2022-03-08,29.67,34.34,28.48,31.16,68456464
2022-03-09,34.12,35.66,33.07,34.93,46482387
2022-03-10,33.07,33.2,30.8,32.75,43831461
2022-03-11,34.16,34.42,30.5,30.69,34118292
2022-03-14,30.01,30.85,27.3,27.91,49351450
2022-03-15,28.45,31.7201,28.0098,31.51,42082901
2022-03-16,33.04,36.4,32.06,36.3,55753985
2022-03-17,35.25,37.0,34.32,36.95,37147463
2022-03-18,36.61,39.675,35.6,39.17,39797740
2022-03-21,38.7,39.97,36.88,38.99284,38312059
2022-03-22,38.79,41.02,38.63,39.59,34654071
2022-03-23,38.51,39.99,36.5902,36.69,38313159
2022-03-24,37.82,42.25,37.3,42.09,44687246
2022-03-25,42.07,42.3698,39.75,42.01,36316035
2022-03-28,41.1972,42.81,39.32,42.71,35741023
2022-03-29,44.84,46.0,43.11,45.58,40148510
2022-03-30,44.71,45.2,40.6823,41.35,38435728
2022-03-31,41.26,41.84,38.42,38.78,38547375
2022-04-01,39.07,39.33,34.62,36.29,57428507
2022-04-04,36.58,38.22,36.17,37.96,28200497
2022-04-05,37.09,37.24,32.53,32.88,57649644
2022-04-06,30.85,32.1,29.56,30.51,69146900
2022-04-07,30.25,31.42,28.6606,30.51,55657312
2022-04-08,29.86,29.9599,28.15,28.29,71608855
2022-04-11,27.04,27.71,26.34,26.49,60558154
2022-04-12,28.0399,28.84,25.86,26.24,66793212
2022-04-13,26.77,28.54,26.31,28.03,50483956
2022-04-14,28.55,28.6199,25.54,25.61,51193150
2022-04-18,25.26,27.67,25.16,26.98,49251729
2022-04-19,26.68,28.89,26.22,28.75,45358807
2022-04-20,30.07,30.85,28.235,28.5,51891865
2022-04-21,29.6,30.57,25.81,26.21,53808489
2022-04-22,26.1,26.56,24.37,24.45,57459234
2022-04-25,23.89,25.76,23.675,25.67,58210599
2022-04-26,24.71,24.9,22.35,22.43,55039170
2022-04-27,21.62,23.59,21.48,21.95,52406352
2022-04-28,23.2,26.3,22.4,25.58,63555752
2022-04-29,24.3,25.95,22.1,22.24,48104412
2022-05-02,22.38,24.55,21.81,24.5,57669873
2022-05-03,24.33,25.68,23.75,25.11,53115666
2022-05-04,25.69,28.14,23.3,28.02,77054177
2022-05-05,26.5331,26.62,22.75,23.99,64302740
2022-05-06,23.24,24.87,21.9401,23.35,73607546
2022-05-09,21.82,22.6,19.32,19.72,72482053
2022-05-10,21.45,22.145,19.72,21.09,72934471
2022-05-11,20.53,22.0,18.97,19.15,76546012
2022-05-12,18.51,19.99,17.96,19.41,79889143
2022-05-13,20.57,22.91,20.18,22.49,65885873
2022-05-16,21.86,22.51,21.2,21.37,49300820
2022-05-17,23.08,24.74,22.84,24.58,65619676
2022-05-18,23.395,24.345,20.53,20.85,61497837
2022-05-19,20.55,22.04,19.9,20.51,62522004
2022-05-20,21.54,21.65,17.6601,20.36,86718229
2022-05-23,19.93,20.83,19.4501,20.63,54498748
2022-05-24,19.69,19.88,18.44,19.1,57291401
2022-05-25,18.73,20.715,18.72,20.19,54536338
2022-05-26,19.61,22.83,19.48,22.54,60520003
2022-05-27,23.6,25.439,23.592,25.26,54680353
2022-05-31,25.14,25.595,23.75,24.86,48671874
2022-06-01,25.34,25.715,22.71,23.71,52378457
2022-06-02,23.4,26.28,23.3,26.2,49439009
2022-06-03,24.55,24.949,23.5,23.93,42093182
2022-06-06,25.245,25.58,23.48,23.91,40513977
2022-06-07,23.015,24.74,22.54,24.6,37067472
2022-06-08,24.1647,24.46,22.42,22.91,38501552
2022-06-09,22.39,23.56,21.03,21.09,37937152
2022-06-10,19.98,20.51,18.66,18.81,58923987
2022-06-13,16.925,17.405,15.34,15.55,77061322
2022-06-14,16.01,16.22,15.21,15.76,52253409
2022-06-15,16.35,17.43,15.47,16.61,77001838
2022-06-16,15.14,15.19,12.99,13.57,90753054
2022-06-17,13.65,14.02,12.78,13.7,64012847
2022-06-21,14.5401,15.43,14.49,14.7812,57522792
2022-06-22,14.04,14.97,13.94,14.29,49362222
2022-06-23,14.58,14.59,13.34,14.01,47625266
2022-06-24,14.6352,15.85,14.57,15.81,60548241
2022-06-27,16.31,16.458,15.3712,15.8,43426915
2022-06-28,16.0,16.58,14.5165,14.56,57344567
2022-06-29,14.0,14.04,13.0335,13.55,61516650
2022-06-30,13.03,13.8297,12.38,13.1,70274918
2022-07-01,12.49,12.6,11.13,11.6,92067115
2022-07-05,10.74,11.9,10.53,11.85,82942174
2022-07-06,11.92,12.4966,11.52,12.09,77177808
2022-07-07,12.91,13.8899,12.91,13.71,75926266
2022-07-08,13.13,14.17,12.96,13.91,77437192
2022-07-11,13.25,13.45,12.65,12.91,52520583
2022-07-12,13.18,13.45,12.72,12.97,53368386
2022-07-13,12.18,13.56,12.125,13.29,70014139
2022-07-14,13.165,14.26,12.54,14.07,78227933
2022-07-15,14.75,15.15,14.04,15.11,74112373
2022-07-18,15.83,16.18,14.63,14.92,83926603
2022-07-19,15.61,17.17,15.5,16.95,78348505
2022-07-20,16.83,18.44,16.5,18.2,85890574
2022-07-21,18.52,19.1199,17.6814,19.1,80210816
2022-07-22,18.84,18.91,17.15,17.65,65689497
2022-07-25,17.225,17.3699,16.43,17.3,43336791
2022-07-26,16.9259,17.24,16.25,16.43,48959684
2022-07-27,17.32,19.12,17.1701,18.73,78797562
2022-07-28,18.855,19.52,17.575,19.37,69548093
2022-07-29,18.5741,19.99,18.3201,19.83,61313515
2022-08-01,19.41,20.605,19.03,20.01,61205075
2022-08-02,19.43,20.8694,19.11,19.92,60816473
2022-08-03,19.98,21.72,19.87,21.55,57214560
2022-08-04,21.4701,22.27,21.22,22.07,56294649
2022-08-05,20.96,22.12,20.5724,21.56,60067847
2022-08-08,20.65,21.39,19.57,20.54,59705818
2022-08-09,19.2299,19.2299,16.91,17.69,65153609
2022-08-10,19.08,20.02,18.39,19.91,69125328
2022-08-11,20.468,21.6,19.68,19.78,70069238
2022-08-12,20.24,21.72,19.98,21.6,57238439
2022-08-15,21.24,21.965,20.8,21.78,48991642
2022-08-16,21.478,21.7399,20.39,21.14,48777209
2022-08-17,20.18,20.2,18.71,19.55,67988770
2022-08-18,19.72,21.36,19.5,20.89,50790817
2022-08-19,20.06,20.38,18.885,19.17,49700775
2022-08-22,18.1,18.15,16.77,17.04,51389368
2022-08-23,17.08,18.06,17.0107,17.33,49723154
2022-08-24,17.25,17.59,16.77,17.41,42087500
2022-08-25,17.46,19.3786,17.42,19.32,58659819
2022-08-26,19.25,19.33,15.95,15.98,84676879
2022-08-29,15.48,16.05,14.95,15.05,61062660
2022-08-30,15.5,15.57,13.96,14.47,77063099
2022-08-31,14.69,14.6954,13.66,14.04,86870511
2022-09-01,13.03,13.26,11.97,13.22,113345585
2022-09-02,13.84,14.14,12.625,12.86,100737188
2022-09-06,12.9099,13.03,12.07,12.42,79919136
2022-09-07,12.42,13.315,12.23,12.99,79632729
2022-09-08,12.64,13.8,12.37,13.65,103258294
2022-09-09,14.26,14.85,14.192,14.65,81908924
2022-09-12,14.83,15.05,14.3,14.78,67153289
2022-09-13,13.15,13.49,11.95,12.09,85975604
2022-09-14,12.28,12.74,11.94,12.46,65846915
2022-09-15,12.23,12.67,11.592,11.91,94630615
2022-09-16,11.47,12.1,11.18,12.06,87622136
2022-09-19,11.615,12.44,11.57,12.2201,75532226
2022-09-20,11.85,12.04,11.425,11.7,70577439
2022-09-21,11.76,12.92,11.38,11.4,125021344
2022-09-22,11.17,11.32,10.25,10.51,112096068
2022-09-23,10.07,10.14,9.45,10.03,120046980
2022-09-26,9.91,10.36,9.5,9.55,96464844
2022-09-27,10.04,10.28,9.39,9.81,115839357
2022-09-28,9.57,10.345,9.445,10.17,119412715
2022-09-29,9.698,9.74,8.8,9.29,128122627
2022-09-30,8.895,9.61,8.74,8.86,109534337
2022-10-03,9.085,10.0,8.88,9.7,126786105
2022-10-04,10.578,11.095,10.54,11.04,114533142
2022-10-05,10.53,11.66,10.21,11.42,110030161
2022-10-06,11.291,11.92,11.05,11.19,117138033
2022-10-07,10.18,10.2799,9.0,9.21,134873330
2022-10-10,9.07,9.09,7.86,8.28,163448670
2022-10-11,7.81,8.02,7.2,7.57,186475170
2022-10-12,7.49,7.62,7.23,7.34,110516465
2022-10-13,6.42,8.36,6.21,8.0,284532700
2022-10-14,8.26,8.27,6.87,6.93,177216140
2022-10-17,7.47,7.67,7.2,7.33,113321504
2022-10-18,8.04,8.21,7.04,7.4,185506450
2022-10-19,7.27,7.8,7.2,7.57,134272410
2022-10-20,7.7,8.42,7.59,7.7,170614570
2022-10-21,7.65,8.64,7.55,8.58,178616570
2022-10-24,8.64,8.81,8.08,8.68,147205680
2022-10-25,8.798,9.47,8.75,9.26,127146911
2022-10-26,8.7401,9.67,8.552,9.01,143571590
2022-10-27,9.16,9.44,8.48,8.52,129662302
2022-10-28,8.56,9.56,8.49,9.5,129291633
2022-10-31,9.3,9.345,8.75,8.92,118350987
2022-11-01,9.41,9.52,8.94,9.1,108638234
2022-11-02,9.27,9.77,8.2,8.24,174985620
2022-11-03,7.782,8.29,7.53,7.89,135668660
2022-11-04,8.72,9.06,8.42,8.99,173041660
2022-11-07,9.268,9.69,8.88,9.59,105846690
2022-11-08,10.109,10.56,9.61,10.17,147373320
2022-11-09,9.7393,9.82,9.18,9.24,107444856
2022-11-10,10.8,12.17,10.56,12.08,196270280
2022-11-11,12.28,13.41,11.83,13.22,166468420
2022-11-14,12.988,13.51,12.7269,12.77,108739562
2022-11-15,14.34,14.44,13.31,13.87,159797750
2022-11-16,12.928,12.99,11.87,12.13,112310447
2022-11-17,11.34,12.58,11.31,12.37,128795420
2022-11-18,12.99,13.03,12.07,12.49,117064124
2022-11-21,12.07,12.2,11.74,11.89,84238203
2022-11-22,12.139,12.94,11.85,12.9,86949637
2022-11-23,12.9,13.75,12.84,13.32,113790644
2022-11-25,13.13,13.26,12.83,12.86,41754513
2022-11-28,12.36,12.76,11.6,11.84,88545620
2022-11-29,11.95,12.18,11.5,11.73,75055951
2022-11-30,11.835,13.85,11.52,13.82,133385792
2022-12-01,14.09,14.13,12.94,13.5,112133892
2022-12-02,12.49,13.13,12.3,13.03,98017711
2022-12-05,12.8,13.16,12.2,12.59,71095076
2022-12-06,12.54,12.6,11.38,11.72,86923407
2022-12-07,11.408,11.93,11.33,11.7,86276678
2022-12-08,11.89,12.72,11.65,12.62,101888273
2022-12-09,12.4907,12.99,12.18,12.32,88787384
2022-12-12,12.142,13.01,11.94,12.98,73482159
2022-12-13,14.72,14.91,13.14,13.63,180078950
2022-12-14,13.51,14.03,12.54,13.0,139612280
2022-12-15,12.23,12.38,11.32,11.4,107181663
2022-12-16,11.2,11.48,10.77,11.11,88813767
2022-12-19,11.12,11.15,10.345,10.65211,82876826
2022-12-20,10.25,10.75,10.16,10.41,88303958
2022-12-21,10.63,11.27,10.595,11.14,83240399
2022-12-22,10.54,10.56,9.11,9.78,135617250
2022-12-23,9.59,9.81,9.23,9.77,92378623
2022-12-27,9.58,9.59,9.13,9.27,78142072
2022-12-28,9.1,9.4299,8.74,8.86,83917333
2022-12-29,9.28,9.83,9.18,9.67,90966018
2022-12-30,9.27,9.7,9.06,9.67,64369813
2023-01-03,10.17,10.21,9.19,9.36,97509788
2023-01-04,9.88,10.27,9.58,10.07,114576642
2023-01-05,9.8,10.0,9.53,9.57,83312819
2023-01-06,9.95,11.0699,9.56,10.87,123492570
2023-01-09,11.528,12.27,11.28,11.53,136968320
2023-01-10,11.38,11.99,11.19,11.97,90401425
2023-01-11,11.98,12.43,11.6501,12.4,80469375
2023-01-12,12.59,13.08,11.82,12.82,135343410
2023-01-13,12.365,13.0,12.27,12.95,74389782
2023-01-17,12.88,13.43,12.67,13.06,74500493
2023-01-18,13.45,13.76,12.81,12.82,82050414
2023-01-19,12.48,12.52,11.62,11.77,99618424
2023-01-20,12.11,12.86,11.75,12.79,89921568
2023-01-23,13.18,14.91,13.13,14.74,125178202
2023-01-24,14.29,14.85,14.16,14.44,75815967
2023-01-25,13.71,14.63,13.331,14.53,93424777
2023-01-26,15.015,15.3,14.3,15.24,111443300
2023-01-27,14.5,15.36,14.35,14.98,101402627
2023-01-30,14.35,14.62,13.7327,13.8,81286675
2023-01-31,13.67,14.55,13.64,14.52,97363342
2023-02-01,14.73,17.28,14.68,16.8,150219880
2023-02-02,17.33,18.395,17.01,17.92,116420945
2023-02-03,16.78,18.13,16.595,16.93,94867627
2023-02-06,16.12,16.86,15.855,16.1,77254790
2023-02-07,16.22,17.85,16.13,17.59,119100914
2023-02-08,17.33,17.69,16.35,16.49,72392867
2023-02-09,17.33,17.9,16.21,16.58,84793446
2023-02-10,16.06,16.22,15.25,15.8,78447738
2023-02-13,15.99,16.6199,15.57,16.42,60332274
2023-02-14,16.06,17.53,15.6707,17.33,111460784
2023-02-15,16.81,17.59,16.43,17.54,74977231
2023-02-16,16.65,17.165,16.18,16.28,81774122
2023-02-17,15.98,16.12,15.04,15.5,82870987
2023-02-21,14.789,15.31,13.89,14.01,68114431
2023-02-22,14.11,14.41,13.54,13.83,70471479
2023-02-23,15.13,15.34,14.28,15.08,94198040
2023-02-24,14.29,14.54,13.96,14.31,74689209
2023-02-27,14.96,15.01,14.5,14.5,61896910
2023-02-28,14.4,15.27,14.31,14.65,59300491
2023-03-01,14.81,15.215,14.48,14.68,63832612
2023-03-02,14.01,15.24,13.66,15.01,73798649
2023-03-03,15.05,15.77,14.6505,15.68,72055223
2023-03-06,15.83,16.25,15.04,15.17,56252671
2023-03-07,15.19,15.42,14.49,14.65,66744279
2023-03-08,14.86,15.895,14.85,15.81,71670192
2023-03-09,15.75,16.5399,14.8,14.91,87945701
2023-03-10,15.112,15.2499,13.81,14.05,128656295
2023-03-13,13.61,14.5431,13.15,14.02,121199367
2023-03-14,14.76,15.54,14.54,15.22,107012464
2023-03-15,14.6,14.845,13.75,14.69,126199738
2023-03-16,14.48,16.52,14.3,16.42,109806772
2023-03-17,16.49,16.9,15.83,16.13,79179202
2023-03-20,16.14,16.79,15.78,16.58499,62536445
2023-03-21,17.01,17.53,15.94,16.67,76051305
2023-03-22,16.68,18.02,16.2,16.24,95074957
2023-03-23,17.02,18.17,16.625,17.49,97514385
2023-03-24,17.1,17.2185,16.04,16.57,90861162
2023-03-27,16.76,16.92,15.81,15.97,64605173
2023-03-28,15.87,15.88,14.9,15.63,75621561
2023-03-29,16.34,17.465,16.3,17.08,90012496
2023-03-30,17.76,18.29,17.58,17.95,80622155
2023-03-31,17.56,18.34,17.43,18.3,68287494
2023-04-03,17.92,18.16,17.13,17.81,57147253
2023-04-04,17.87,17.9004,16.51,16.79,64093381
2023-04-05,16.25,16.31,15.38,15.92,86953337
2023-04-06,15.45,16.006,15.09,15.66,65901139
2023-04-10,15.22,16.5,15.14,16.39,63177729
2023-04-11,16.72,16.79,16.11,16.21,52220189
2023-04-12,16.6615,16.74,15.265,15.33,76962319
2023-04-13,15.39,15.95,15.04,15.67,59431399
2023-04-14,15.64,16.1872,15.08,15.58,56858464
2023-04-17,15.1,15.62,14.95,15.58,56761706
2023-04-18,16.018,16.36,15.41,15.78,56833160
2023-04-19,15.2,15.38,14.98,15.26,53185648
2023-04-20,14.79,15.9,14.745,15.2,65191010
2023-04-21,15.09,15.09,14.48,14.86,68275953
2023-04-24,14.78,15.04,14.36,14.63,48740168
2023-04-25,14.42,14.42,13.17,13.2,89382776
2023-04-26,13.62,13.79,13.18,13.37,68911167
2023-04-27,13.33,13.5975,12.52,13.54,87997584
2023-04-28,13.758,14.27,13.54,14.23,65456820
2023-05-01,14.46,14.79,14.32,14.66,57190978
2023-05-02,14.66,14.91,13.91,14.35,61126539
2023-05-03,14.12,14.6199,13.81,13.84,71240651
2023-05-04,13.5,14.0,13.22,13.6,62383944
2023-05-05,13.62,14.675,13.435,14.47,62636238
2023-05-08,14.46,14.7,14.07,14.65,41012842
2023-05-09,14.07,14.12,13.7401,13.94,57414326
2023-05-10,14.38,14.64,13.91,14.31,78346741
2023-05-11,14.33,14.43,13.64,14.07,54962188
2023-05-12,14.18,14.37,13.59,14.02,46243552
2023-05-15,14.1,15.14,13.97,15.11,64054012
2023-05-16,14.98,15.57,14.97,15.05,54294603
2023-05-17,15.48,16.34,15.1397,16.14,77302853
2023-05-18,16.34,17.8,16.32,17.67,91302154
2023-05-19,17.59,17.64,17.06,17.39,49521165
2023-05-22,16.92,17.72,16.885,17.53,43944376
2023-05-23,17.2,17.55,16.79,16.92,41287223
2023-05-24,15.89,16.23,15.49,16.03,87475827
2023-05-25,18.16,19.385,17.63,19.15,124768735
2023-05-26,20.05,23.26,20.03,22.88,112964554
2023-05-30,24.57,24.8,22.59,22.87,99439122
2023-05-31,21.71,22.67,21.09,21.15,73938650
2023-06-01,21.48,22.75,20.83,22.16,74757371
2023-06-02,22.69,22.89,21.53,22.02,65015021
2023-06-05,21.75,21.44,20.66,20.97,35747684
2023-06-06,20.55,22.0599,20.43,21.73,49445230
2023-06-07,22.15,23.1,21.49,21.64,65066092
2023-06-08,21.79,22.4679,21.46,22.28,43045923
2023-06-09,23.03,23.49,22.085,22.4,50142075
2023-06-12,23.2,24.68,23.13,24.6,53183295
2023-06-13,25.79,26.08,24.72,25.56,82626782
2023-06-14,25.31,26.7018,24.84,26.64,84621993
2023-06-15,25.75,26.5701,25.4201,25.95,64797195
2023-06-16,26.77,26.79,25.13,25.24,55392639
2023-06-20,24.86,25.55,23.975,24.61195,43349051
2023-06-21,24.17,24.49,22.7,22.78,59099380
2023-06-22,22.28,23.38,22.22,23.1,44637463
2023-06-23,21.95,22.2799,21.52,21.89,44293959
2023-06-26,22.32,23.32,22.05,22.09,47524295
2023-06-27,22.29,24.49,22.01,24.37,54471018
2023-06-28,23.18,24.435,23.11,23.72,55584453
2023-06-29,24.11,24.11,23.1701,23.81,45213730
2023-06-30,24.57,25.17,24.29,24.83,47598781
2023-07-03,25.26,25.75,24.68,25.49,25289886
2023-07-05,24.99,25.18,23.83,23.85,38291961
2023-07-06,22.6,23.05,22.04,22.98,49420406
2023-07-07,23.08,24.03,22.83,22.96,41283977
2023-07-10,23.16,24.44,23.08,24.32,39943451
2023-07-11,24.68,24.74,23.28,24.34,44231044
2023-07-12,25.44,25.85,25.0,25.69,54237005
2023-07-13,26.51,27.45,26.21,27.28,42645472
2023-07-14,27.34,28.03,25.9,26.23,47910203
2023-07-17,26.2799,28.5273,25.77,28.06,50068608
2023-07-18,27.75,28.55,27.09,28.26,46023915
2023-07-19,28.41,28.44,27.04,27.29,49085536
2023-07-20,25.79,26.055,23.87,24.29,67340611
2023-07-21,25.01,25.59,24.5,24.92,43146396
2023-07-24,24.91,25.4399,24.51,24.9,29911501
2023-07-25,25.31,26.5899,25.3061,26.13,39288526
2023-07-26,25.2,25.73,24.21,25.06,54225476
2023-07-27,27.0,28.05,26.0,26.46,83083284
2023-07-28,27.99,28.44,27.15,28.15,60636025
2023-07-31,28.46,28.75,27.9515,28.41,37007398
2023-08-01,27.81,28.72,27.436,28.53,37641839
2023-08-02,27.5,27.5,24.79,25.28,81886537
2023-08-03,24.29,25.6,24.07,25.15,51527606
2023-08-04,24.818,25.95,24.08,24.88,59250857
2023-08-07,25.46,25.78,24.9849,25.66,40030845
2023-08-08,24.5,24.545,23.4274,24.46,52987747
2023-08-09,24.4,24.44,22.95,23.09,49811532
2023-08-10,23.66,24.409,22.313,22.81,65350364
2023-08-11,21.93,22.0,21.005,21.14,66258421
2023-08-14,20.86,22.96,20.66,22.93,55110075
2023-08-15,22.62,22.815,21.7,21.8,45574826
2023-08-16,21.71,21.78,20.4702,20.53,54398888
2023-08-17,20.62,20.75,19.71,19.91,50768954
2023-08-18,19.22,20.428,19.11,20.15,63687894
2023-08-21,20.51,22.0299,20.39,21.88,60272400
2023-08-22,22.71,22.82,21.1,21.35,59837839
2023-08-23,20.95,22.89,20.9,22.6,67010218
2023-08-24,23.89,23.92,20.24,20.41,87094964
2023-08-25,20.34,21.17,19.4,20.66,73315251
2023-08-28,21.26,21.59,20.76,21.42,57976456
2023-08-29,21.09,23.31,20.97,23.07,62384106
2023-08-30,22.92,23.7,22.37,23.4,58519907
2023-08-31,23.17,24.28,23.14,23.86,57584071
2023-09-01,24.35,24.51,23.51,24.02,50183309
2023-09-05,23.75,24.5799,23.38,24.02,39873825
2023-09-06,23.87,24.29,22.66,23.44,45032301
2023-09-07,21.86,22.05,21.0,21.87,61690761
2023-09-08,21.72,22.1899,21.22,21.5,40854898
2023-09-11,22.24,22.31,20.59,21.45,55474584
2023-09-12,21.0,21.98,20.85,20.94,49005060
2023-09-13,20.88,21.87,20.79,21.23,56098888
2023-09-14,21.86,21.93,21.045,21.65,54201461
2023-09-15,21.24,21.27,19.45,19.79,77383020
2023-09-18,19.29,20.18,19.2,19.8973,41631089
2023-09-19,19.76,19.81,19.08,19.43,50047279
2023-09-20,19.66,19.9151,18.44,18.48,58695558
2023-09-21,17.755,18.13,17.39,17.42,68048033
2023-09-22,17.9,18.37,17.625,17.84,65378939
2023-09-25,17.61,18.28,17.3363,18.22,56510081
2023-09-26,17.74,17.92,16.99,17.24,70947420
2023-09-27,17.64,18.08,16.89,17.68,80980913
2023-09-28,17.57,19.22,17.345,18.64,88909798
2023-09-29,19.43,19.6599,18.66,18.87,75732751
2023-10-02,18.95,19.58,18.43,19.08,65982807
2023-10-03,18.6,19.3899,17.53,17.89,77741013
2023-10-04,18.18,18.81,17.7727,18.64,74018775
2023-10-05,18.58,18.87,17.82,18.4,63584133
2023-10-06,18.02,19.79,17.66,19.47,92805934
2023-10-09,18.89,19.53,18.45,19.38,62652526
2023-10-10,19.56,20.62,19.29,20.05,67622754
2023-10-11,20.31,20.68,19.82,20.51,62660031
2023-10-12,20.67,21.57,20.09,20.68,83392093
2023-10-13,20.8,20.885,18.85,18.98,89024936
2023-10-16,19.13,20.0,19.1,19.81,65688546
2023-10-17,18.63,19.7602,17.905,19.3,90214556
2023-10-18,18.37,18.79,17.9818,18.28,81406435
2023-10-19,18.76,18.93,17.23,17.43,115930911
2023-10-20,17.42,17.79,16.57,16.64,83690545
2023-10-23,16.35,17.26,15.8313,16.39,89594471
2023-10-24,16.66,17.13,16.42,17.04,79093414
2023-10-25,16.375,16.52,14.71,14.97,107436547
2023-10-26,15.13,15.68,14.48,14.73,101804671
2023-10-27,15.3,15.57,14.93,15.1,91507308
2023-10-30,14.82,15.11,14.02,14.53,104353026
2023-10-31,14.54,15.03,14.01,14.9,75873115
2023-11-01,14.95,16.02,14.93,15.95,100044391
2023-11-02,16.9,17.41,16.38,17.08,89974082
2023-11-03,17.6,18.76,17.5,18.38,88065892
2023-11-06,18.45,18.64,17.73,18.25,52668791
2023-11-07,18.16,18.8768,18.06,18.6,56719456
2023-11-08,18.66,18.96,18.281,18.67,50269056
2023-11-09,19.04,19.7,18.28,18.39,75784407
2023-11-10,19.06,20.78,18.83,20.6,95881460
2023-11-13,20.11,20.2,19.58,20.02,57461939
2023-11-14,21.51,22.39,21.38,22.14,94381055
2023-11-15,22.61,23.18,22.175,22.63,78026230
2023-11-16,22.37,22.91,22.14,22.72,61404370
2023-11-17,22.47,23.29,22.37,23.13,54239828
2023-11-20,23.09,24.42,23.05,24.18,57234366
2023-11-21,23.57,23.6,22.45,22.84,63297925
2023-11-22,23.23,24.115,22.82,23.0,65035764
2023-11-24,22.97,23.1488,22.75,23.09,21933492
2023-11-27,22.79,23.54,22.6,22.97,40671545
2023-11-28,22.5,22.89,21.9701,22.54,53548331
2023-11-29,23.4646,24.2999,23.14,23.22,69262580
2023-11-30,23.45,23.47,22.19,22.81,58913522
2023-12-01,22.3799,23.2,21.84,23.07,54913443
2023-12-04,22.36,22.44,21.29,22.31,55773349
2023-12-05,21.68,22.085,21.3401,21.93,51980913
2023-12-06,22.83,22.89,21.405,21.47,60117398
2023-12-07,22.02,23.4,21.815,23.18,77337042
2023-12-08,23.01,24.04,22.9514,23.7,69286829
2023-12-11,24.39,26.38,24.31,26.11,80772671
2023-12-12,25.75,26.72,25.6,26.65,55752050
2023-12-13,26.7,28.4,26.42,27.92,80992744
2023-12-14,28.62,30.49,28.61,30.19,86502805
2023-12-15,30.46,31.59,30.35,30.57,66921989
2023-12-18,30.56,30.71,29.46,30.29,46100394
2023-12-19,30.33,30.98,30.29,30.75,39361134
2023-12-20,30.2,30.62,28.05,28.03682,59562594
2023-12-21,29.75,30.41,29.354,30.26,62019176
2023-12-22,30.62,31.08,29.88,30.51,42657574
2023-12-26,30.93,32.53,30.91,32.16,48619680
2023-12-27,32.56,32.74,31.845,32.35,47991486
2023-12-28,32.59,32.78,32.05,32.22,34883785
2023-12-29,32.17,32.35,30.89,31.4,53294943
2024-01-02,29.89,29.9,27.255,28.04,79763760
2024-01-03,26.59,27.05,25.88,26.25,62304866
2024-01-04,24.96,26.33,24.8,25.58,75067026
2024-01-05,25.65,26.62,25.4,25.93,73944690
2024-01-08,26.49,28.67,26.43,28.43,73206535
2024-01-09,27.5,29.14,27.35,28.42,67615955
2024-01-10,28.64,28.68,27.09,28.17,62528442
2024-01-11,28.25,29.04,26.78,28.46,77551249
2024-01-12,28.58,28.98,27.61,28.1,48992057
2024-01-16,28.15,29.825,27.7,29.19,77706994
2024-01-17,28.37,28.55,26.96,28.43,77075393
2024-01-18,30.715,31.31,29.81,31.19,99590256
2024-01-19,32.42,34.99,31.9,34.86,91848607
2024-01-22,35.68,36.5694,34.22,35.26,73322055
2024-01-23,35.23,36.01,34.22,35.92,50847355
2024-01-24,37.1,38.92,36.26,37.42,97248166
2024-01-25,39.5,39.53,36.52,37.12,82851432
2024-01-26,34.87,35.55,33.7,34.01,70933121
2024-01-29,34.23,35.13,33.51,35.04,54398842
2024-01-30,34.56,35.1298,33.0516,33.53,55768183
2024-01-31,31.92,33.87,31.14,32.1,85888762
2024-02-01,32.28,32.72,31.2,32.45,60671333
2024-02-02,32.35,33.92,32.17,33.65,67828906
2024-02-05,34.55,35.6,33.42,35.1,65899831
2024-02-06,35.37,35.48,32.66,33.83,62828908
2024-02-07,34.44,35.49,33.46,35.36,63261793
2024-02-08,35.74,37.95,35.64,37.15,59516892
2024-02-09,37.86,39.54,37.17,39.32,65860942
2024-02-12,39.41,41.3291,38.65,39.15,72207914
2024-02-13,35.71,37.964,35.16,36.84,86489343
2024-02-14,38.142,39.265,37.61,39.12,62424138
2024-02-15,40.0,40.1201,38.5,39.11,60937322
2024-02-16,39.84,40.78,37.9656,38.33,77150757
2024-02-20,37.24,37.67,34.6601,36.42,80980073
2024-02-21,35.11,36.15,34.58,36.14,65483275
2024-02-22,40.45,42.05,39.87,41.42,96865503
2024-02-23,42.14,42.68,39.41,40.17,68430036
2024-02-26,41.22,41.8,40.4,41.21,49475116
2024-02-27,41.81,42.16,40.785,41.11,48124569
2024-02-28,39.74,40.5,39.15,39.8,46281921
2024-02-29,41.21,43.125,40.77,42.84,67431561
2024-03-01,44.4,48.95,44.24,48.33,90615528
2024-03-04,50.0,51.41,49.0,49.77,81255479
2024-03-05,48.01,49.0,45.26,46.84,76835794
2024-03-06,49.765,51.845,48.72,50.22,91762305
2024-03-07,52.15,56.06,52.1,55.32,91590801
2024-03-08,55.94,56.99,48.8,48.95,129037172
2024-03-11,46.94,47.79,45.1,46.77,76456402
2024-03-12,48.44,49.69,46.001,49.58,89505916
2024-03-13,47.9,48.04,45.09,46.08,79513562
2024-03-14,45.5,46.34,42.18,43.53,77822904
2024-03-15,41.81,44.14,41.621,42.74,72496483
2024-03-18,44.7,45.26,42.33,42.5047,65139175
2024-03-19,40.71,41.95,38.945,41.42,83450192
2024-03-20,41.59,43.8,40.6236,43.4,79396829
2024-03-21,47.62,48.755,46.06,46.31,82495652
2024-03-22,45.68,47.5,45.2536,46.43,57152757
2024-03-25,44.5,47.175,44.14,45.89,54917691
2024-03-26,46.82,47.37,44.88,45.03,55697573
2024-03-27,46.23,46.54,43.91,46.5,56643590
2024-03-28,46.31,47.3,46.01,46.53,45684680
2024-04-01,46.73,49.99,46.72,47.99,63270010
2024-04-02,45.83,46.155,44.375,45.88,57411514
2024-04-03,44.29,47.18,44.21,46.19,54158155
2024-04-04,48.13,48.49,41.98,42.37,82719328
2024-04-05,42.7,44.53,41.94,43.62,71151437
2024-04-08,44.5,45.19,43.5,44.0,42780884
2024-04-09,45.37,45.85,43.17,45.39,66452423
2024-04-10,43.11,44.77,42.19,43.09,74893995
2024-04-11,43.71,46.05,42.66,45.8,64703756
2024-04-12,43.32,43.55,41.03,41.51,79978410
2024-04-15,42.99,43.4,39.1,39.78,62077774
2024-04-16,39.75,41.17,39.21,40.54,62696179
2024-04-17,40.6,40.85,36.64,37.06,85426553
2024-04-18,36.04,36.8,34.53,34.91,91529687
2024-04-19,33.96,34.58,30.2,30.79,105240109
2024-04-22,31.58,32.85,30.5,32.07,65096873
2024-04-23,32.82,34.66,32.59,34.11,66511466
2024-04-24,36.91,37.48,34.6,35.49,80370060
2024-04-25,35.28,38.18,34.64,37.41,80677603
2024-04-26,37.32,40.29,37.005,39.8,59041749
2024-04-29,39.6,40.83,38.71,40.61,51120689
2024-04-30,40.08,41.49,38.12,38.18,56304155
2024-05-01,36.08,38.06,33.65,34.37,97290300
2024-05-02,35.98,36.91,34.1201,36.45,56653375
2024-05-03,38.75,39.58,38.1032,38.97,58599402
2024-05-06,39.97,41.38,39.48,41.3,48404839
2024-05-07,41.53,41.9099,40.28,40.36,51508419
2024-05-08,39.06,40.5018,38.96,40.41,53735098
2024-05-09,40.4,40.62,39.31,39.96,39132713
2024-05-10,41.15,42.24,40.515,41.03,47048410
2024-05-13,41.6,42.07,41.075,41.27,30565380
2024-05-14,41.18,43.4385,41.05,43.21,41581510
2024-05-15,44.67,47.07,43.99,47.0,58063530
2024-05-16,46.96,48.0301,46.21,46.26,46325513
2024-05-17,47.015,47.38,44.33,45.4,40965757
2024-05-20,45.96,49.3,45.81,48.25,55103238
2024-05-21,46.55,48.19,46.41,47.98,36437199
2024-05-22,49.25,50.0,48.1,49.38,55487831
2024-05-23,53.15,53.2,47.55,48.81,81175939
2024-05-24,50.02,52.072,49.35,51.44,48477370
2024-05-28,53.34,54.89,51.75,54.04,50658369
2024-05-29,51.15,51.92,50.65,50.98,42965595
2024-05-30,50.84,51.34,48.98,50.0,38609193
2024-05-31,50.3,50.72,44.38,48.59,72522593
2024-06-03,50.81,50.93,46.1201,48.59,53127300
2024-06-04,48.46,48.65,46.43,47.59,46692540
2024-06-05,50.03,53.87,49.565,53.52,66560146
2024-06-06,53.79,53.79,51.23,52.51,43947636
2024-06-07,52.228,52.9,50.81,51.87,50248675
2024-06-10,50.52,54.58,50.4203,53.95,43860888
2024-06-11,53.38,54.48,51.7,54.17,37695741
2024-06-12,57.245,59.45,56.81,58.72,73759285
2024-06-13,60.07,61.49,58.3,60.86,45660674
2024-06-14,58.95,60.5499,58.35,60.1,39111978
2024-06-17,61.0,63.15,58.95,62.67,54196457
2024-06-18,63.42,66.19,63.1,65.24,47069134
2024-06-20,65.52,65.8255,58.79,60.02,60852933
2024-06-21,58.42,60.18,56.03,58.2,50355095
2024-06-24,56.45,57.49,53.03,53.07054,54326351
2024-06-25,54.23,55.45,52.35,55.3,44272493
2024-06-26,55.16,56.22,52.85,54.78,41093441
2024-06-27,54.33,55.58,52.82,53.8,35417036
2024-06-28,54.87,58.581,54.085,55.36,55584636
2024-07-01,55.36,55.55,52.25,55.36,43334974
2024-07-02,54.36,57.75,54.28,57.6,45011674
2024-07-03,58.1,61.515,57.18,60.39,40242701
2024-07-05,61.862,62.38,59.79,60.81,38395406
2024-07-08,62.26,64.5,62.2,64.31,42861612
2024-07-09,65.13,66.145,62.42,64.25,41946653
2024-07-10,65.89,69.0,65.0128,68.59,48280845
2024-07-11,70.01,70.08,61.22,61.99,75368530
2024-07-12,62.84,67.3,61.65,63.94,51046397
2024-07-15,64.945,66.76,63.0501,64.14,48228686
2024-07-16,65.02,65.59,62.23,65.3,39846361
2024-07-17,58.6,59.3,51.2223,51.55,99429836
2024-07-18,54.16,54.17,49.12,51.66,94172559
2024-07-19,51.78,52.37,46.75,47.0,75969060
2024-07-22,50.05,52.95,48.8124,52.93,73675303
2024-07-23,50.5,52.0721,50.0,50.53,50181645
2024-07-24,48.43,48.79,42.25,42.9,90534814
2024-07-25,41.51,43.7,37.39,39.78,143325850
2024-07-26,42.24,43.0,40.71,41.92,82759209
2024-07-29,43.365,45.0,41.26,41.81,80788361
2024-07-30,42.38,42.67,36.7801,37.24,108595996
2024-07-31,42.3,44.76,41.42,44.39,96880504
2024-08-01,42.05,43.42,33.42,35.0,163864390
2024-08-02,30.56,31.59,28.14,29.34,198233860
2024-08-05,23.52,30.15,23.5,27.89,220042210
2024-08-06,28.6,30.8,27.17,28.58,137309510
2024-08-07,31.32,31.94,25.94,26.22,146256510
2024-08-08,28.57,31.595,26.87,31.46,149988620
2024-08-09,30.71,31.79,29.58,31.01,96949816
2024-08-12,31.105,32.59,30.23,31.41,89135109
2024-08-13,32.66,35.43,32.185,35.28,103380007
2024-08-14,36.18,36.64,33.27,35.05,112421599
2024-08-15,37.35,40.47,36.86,39.92,107522670
2024-08-16,38.79,40.2301,38.07,39.73,82364587
2024-08-19,39.28,41.75,37.89,41.6,77684164
2024-08-20,41.05,41.92,39.1,40.09,83644558
2024-08-21,40.75,42.36,40.33,41.73,83611474
2024-08-22,42.51,42.88,37.11,37.51,107889890
2024-08-23,39.16,41.21,38.593,40.4,87128058
2024-08-26,39.75,40.29,36.91,37.37,86602951
2024-08-27,36.51,38.9699,35.52,38.49,74033311
2024-08-28,38.09,38.86,35.2905,36.6,101998473
2024-08-29,37.06,38.93,35.625,36.19,97333238
2024-08-30,38.68,39.22,37.06,38.79,85280835
2024-09-03,36.8,36.8091,29.4,30.07,140077860
2024-09-04,29.07,31.69,28.73,30.3,108759945
2024-09-05,29.05,31.2002,28.83,29.75,100075882
2024-09-06,29.11,29.17,25.5,25.96,156147580
2024-09-09,27.18,27.7291,26.15,27.43,84474535
2024-09-10,27.54,28.39,26.24,28.35,81557456
2024-09-11,28.89,32.42,27.08,32.22,143140940
2024-09-12,31.75,32.69,30.35,31.81,99273289
2024-09-13,32.52,33.72,32.36,33.43,78147292
2024-09-16,32.03,32.64,30.835,32.16,79670080
2024-09-17,33.31,33.56,31.36,32.16,86913739
2024-09-18,32.54,34.0,31.05,31.14,113735526
2024-09-19,34.68,36.439,33.88,35.12,123984344
2024-09-20,34.05,34.4,32.0401,33.55,108589554
2024-09-23,33.97,34.38,33.185,33.86045,59731609
2024-09-24,34.84,35.7,33.58,35.07,83369640
2024-09-25,34.71,36.46,34.65,35.74,73587502
2024-09-26,40.2,40.51,36.71,39.65,138171820
2024-09-27,40.0,40.01,37.105,37.66,85253521
2024-09-30,36.25,37.41,35.0521,36.68,74673962
2024-10-01,36.59,36.99,32.745,33.83,124928283
2024-10-02,33.85,36.05,33.16,34.96,81729072
2024-10-03,34.07,36.61,33.98,35.21,86857198
2024-10-04,37.31,37.53,35.4501,36.68,101125442
2024-10-07,35.92,37.24,35.565,36.41,73150171
2024-10-08,36.42,37.8312,35.66,37.46,66629653
2024-10-09,37.29,38.76,36.5312,38.61,67182752
2024-10-10,37.1,38.42,36.36,37.83,79999048
2024-10-11,36.93,39.05,36.86,38.67,58434532
2024-10-14,39.44,41.06,39.35,40.82,69661768
2024-10-15,40.49,41.19,33.6398,34.47,131664163
2024-10-16,35.75,35.75,34.0,34.46,70233035
2024-10-17,37.17,37.36,35.21,35.21,97549025
2024-10-18,36.25,36.33,34.85,35.27,56704336
2024-10-21,34.84,35.38,33.73,35.09,59115789
2024-10-22,34.4,35.03,33.845,34.69,51493103
2024-10-23,34.41,34.88,32.29,33.8,81658292
2024-10-24,34.58,34.7364,33.53,34.29,60128283
2024-10-25,35.19,36.8699,35.17,35.28,82300522
2024-10-28,35.3,36.09,34.75,35.35,51661086
2024-10-29,35.46,38.445,34.9413,37.98,72288158
2024-10-30,34.97,35.695,33.911,34.01,89440103
2024-10-31,33.01,33.02,29.23,30.09,135437850
2024-11-01,30.69,31.83,30.38,30.83,80726045
2024-11-04,30.61,31.67,30.01,30.35,60422389
2024-11-05,30.36,31.49,30.25,31.38,63174860
2024-11-06,33.25,34.5,32.4,34.12,97893065
2024-11-07,35.77,36.37,35.44,36.21,77945840
2024-11-08,35.56,36.28,34.835,35.41,62666318
2024-11-11,34.35,34.41,31.48,32.77,99155706
2024-11-12,32.37,32.55,30.38,31.67,75694779
2024-11-13,30.83,31.2198,29.47,29.69,92269201
2024-11-14,30.59,30.835,29.3801,29.6,68994185
2024-11-15,28.01,28.49,26.43,26.66,113560215
2024-11-18,26.7,27.83,26.3,27.67,70735082
2024-11-19,27.37,28.0299,27.09,27.85,57030590
2024-11-20,27.335,27.56,26.0,27.13,90911692
2024-11-21,28.05,28.92,26.47,28.49,106013212
2024-11-22,28.25,28.69,27.84,28.49,52604110
2024-11-25,29.58,30.0996,28.74,29.33,70535997
2024-11-26,30.04,30.25,27.46,28.13,73204151
2024-11-27,27.68,27.75,25.582,26.98,84235679
2024-11-29,27.55,29.0402,27.5,28.06,54303368
2024-12-02,28.56,30.8,28.46,30.2,89389849
2024-12-03,29.58,30.28,29.4,29.73,59730276
2024-12-04,31.54,31.56,30.24,30.88,67498756
2024-12-05,30.75,30.8699,28.88,29.12,59282094
2024-12-06,29.2,29.8582,28.9,29.61,49152300
2024-12-09,29.07,30.32,28.61,29.23,54963034
2024-12-10,29.43,29.53,26.56,27.06,77681748
2024-12-11,28.33,29.63,27.79,29.12,77277444
2024-12-12,28.45,28.825,27.74,28.46,59937606
2024-12-13,30.37,31.31,29.485,30.7,103693876
2024-12-16,31.12,32.95,30.39,32.51,85469692
2024-12-17,31.58,32.09,30.55,31.13,64499047
2024-12-18,31.78,32.48,27.0,27.83,102912170
2024-12-19,27.97,28.0098,26.06,26.3,86520102
2024-12-20,25.82,28.37,25.59,27.22317,108080179
2024-12-23,27.89,29.76,27.86,29.59,79330921
2024-12-24,30.26,30.57,29.655,30.48,39963672
2024-12-26,29.9,31.1,29.76,30.57,45348999
2024-12-27,29.98,30.18,28.59,29.69,59316266
2024-12-30,28.24,28.7761,27.32,27.94,64858952
2024-12-31,28.2,28.57,26.93,27.31,61199479
2025-01-02,28.13,29.0482,27.035,27.67,80996342
2025-01-03,28.32,30.118,28.16,29.82,72119602
2025-01-06,31.81,33.63,31.81,32.49,95159507
2025-01-07,33.57,33.73,30.6,31.15,79205733
2025-01-08,30.8,31.01,29.1754,30.18,69523496
2025-01-10,29.06,29.09,27.44,28.06,85395014
2025-01-13,26.44,27.87,26.25,27.85,68286432
2025-01-14,28.47,28.96,27.18,28.12,79759426
2025-01-15,29.65,30.46,29.3,29.94,69461329
2025-01-16,31.46,31.72,29.99,29.99,78881063
2025-01-17,32.03,32.71,31.48,32.49,69688879
2025-01-21,33.33,34.53,32.5,33.69,60897492
2025-01-22,34.69,36.15,34.41,35.15,57709383
2025-01-23,33.44,34.92,33.01,34.92,44900567
2025-01-24,34.94,34.94,32.31,32.65,60111512
2025-01-27,27.66,28.08,23.84,25.06,198431790
2025-01-28,25.44,25.8,23.75,25.37,103185306
2025-01-29,26.11,26.295,24.851,25.68,94141654
2025-01-30,26.58,27.67,26.14,27.15,87140373
2025-01-31,27.63,29.25,26.7,27.02,102622455
2025-02-03,24.8,26.49,24.31,25.61,103914273
2025-02-04,25.34,26.6,25.2,26.25,60520488
2025-02-05,26.09,27.9499,25.54,27.7,70330721
2025-02-06,27.17,27.8,26.7207,27.69,59735114
2025-02-07,27.87,28.28,25.8,26.33,87930828
2025-02-10,26.92,27.55,26.9,27.35,53330525
2025-02-11,26.68,27.9,26.68,27.4,43880483
2025-02-12,26.18,27.54,25.95,27.54,57999332
2025-02-13,27.49,28.55,27.4,28.47,61026256
2025-02-14,28.485,28.82,28.105,28.55,43089587
2025-02-18,29.2,30.23,28.71,29.99,60222218
2025-02-19,30.19,31.89,29.7601,31.47,58412708
2025-02-20,32.06,32.64,30.7,31.7,50903178
2025-02-21,31.905,31.96,28.4,28.81,61966471
2025-02-24,29.16,29.26,26.66,26.76,63724102
2025-02-25,26.655,26.92,24.82,25.07,90907486
2025-02-26,25.99,27.0,25.52,26.29,75869463
2025-02-27,26.78,26.9,21.7301,21.75,144841610
2025-02-28,21.8,23.2199,21.0201,22.73,110939359
2025-03-03,23.715,23.73,19.71,20.51,141822080
2025-03-04,20.28,22.261,19.0,20.65,154119840
2025-03-05,21.25,22.16,20.12,21.95,117702361
2025-03-06,19.71,21.02,19.01,19.23,164277620
2025-03-07,19.5,21.0899,18.75,20.88,139349190
2025-03-10,19.34,19.8,17.1,17.99,169215150
2025-03-11,18.05,18.495,16.51,17.41,161267040
2025-03-12,18.54,19.11,17.9038,18.3,137654520
2025-03-13,18.38,19.2699,17.575,18.09,117160233
2025-03-14,19.06,19.93,18.99,19.8,99718707
2025-03-17,19.51,21.28,19.5,20.79,82794205
2025-03-18,20.19,20.4,19.52,19.93,79140867
2025-03-19,19.89,21.37,19.46,20.38,83249653
2025-03-20,19.61,20.57,19.5854,19.93,80380581
2025-03-21,18.82,19.4864,18.37,19.28,84348316
2025-03-24,20.48,21.3651,20.37,20.93523,91671321
2025-03-25,20.83,21.0199,20.35,20.55,57784407
2025-03-26,20.3,20.51,18.2,18.79,95647343
2025-03-27,18.165,18.4099,17.3601,17.76,103112847
2025-03-28,17.33,17.59,15.74,16.03,138232450
2025-03-31,15.07,15.9761,14.4,15.95,111345606
2025-04-01,15.725,15.99,14.825,15.95,106085048
2025-04-02,15.19,16.89,15.03,16.26,141655170
2025-04-03,13.81,14.12,11.4,11.41,302517420
2025-04-04,10.05,10.4299,8.175,8.73,499158090
2025-04-07,7.88,10.98,7.225,9.15,723467250
2025-04-08,10.41,10.84,7.6,8.25,488735470
2025-04-09,8.475,13.11,8.24,12.77,787748760
2025-04-10,10.915,11.14,8.35,9.63,686331770
2025-04-11,9.35,10.39,8.91,10.23,412972880
2025-04-14,11.145,11.16,9.97,10.47,358849470
2025-04-15,10.6,11.02,10.41,10.6,230001440
2025-04-16,9.13,9.75,8.33,9.34,362439280
2025-04-17,9.55,9.55,8.9,9.2,233659090
2025-04-21,8.67,8.74,8.15,8.71,255318100
2025-04-22,8.955,9.4,8.85,9.18,249211900
2025-04-23,10.58,10.9,10.1,10.29,368456060
2025-04-24,11.05,12.09,10.85,12.0,339636700
2025-04-25,11.63,12.59,11.51,12.34,274438480
2025-04-28,12.16,12.53,11.45,12.29,203468940
2025-04-29,11.81,12.27,11.62,11.86,184045130
2025-04-30,10.99,12.21,10.75,12.16,229393170
2025-05-01,12.535,12.8089,12.05,12.1,203349540
2025-05-02,12.89,13.685,12.89,13.29,223410590
2025-05-05,12.925,13.41,12.87,13.05,127572323
2025-05-06,12.33,12.95,12.12,12.64,158548730
2025-05-07,12.61,13.4,12.23,13.28,190946270
2025-05-08,13.835,14.34,13.38,13.66,203277010
2025-05-09,14.21,14.47,13.74,14.11,149644530
2025-05-12,16.89,17.47,16.5,17.13,263806030
2025-05-13,17.36,18.86,17.28,18.6,212931760
2025-05-14,18.97,19.3651,18.43,18.84,179343150
2025-05-15,18.315,18.91,17.82,18.47,141287600
2025-05-16,18.53,18.6,17.7612,18.39,113068594
2025-05-19,17.15,18.21,17.09,18.06,123632015
2025-05-20,17.62,18.0,17.44,17.97,84252460
2025-05-21,17.555,18.5899,16.65,17.0,149964820
2025-05-22,16.965,17.43,16.48,16.51,144981100
2025-05-23,15.21,16.0,15.1,15.73,179062560
2025-05-27,16.74,17.51,16.35,17.29,136539700
2025-05-28,17.43,17.57,16.895,17.04,126785336
2025-05-29,18.18,18.21,16.9,17.2,181707070
2025-05-30,16.9,16.9,15.24,16.17,194058660
2025-06-02,16.06,17.095,16.04,16.9,103936951
2025-06-03,16.93,18.38,16.575,18.3,158644040
2025-06-04,18.68,19.26,18.22,19.09,146325290
2025-06-05,19.49,19.99,18.42,18.81,188985580
2025-06-06,19.4,19.95,19.15,19.18,114398657
2025-06-09,19.71,21.06,19.68,20.58,162685950
2025-06-10,20.84,22.1,20.69,21.89,142811040
2025-06-11,22.36,22.595,20.99,21.64,160395010
2025-06-12,21.24,22.065,21.09,21.69,100384527
2025-06-13,20.32,21.06,19.84,20.04,166989600
2025-06-16,20.83,22.22,20.79,21.9,121972302
2025-06-17,21.61,22.53,21.34,21.42,122379506
2025-06-18,21.715,22.3799,21.23,21.61,113893759
2025-06-20,22.14,22.33,20.3701,21.21,137078940
2025-06-23,21.18,21.98,20.28,21.51201,125143685
2025-06-24,22.66,24.03,22.63,23.95,137607990
2025-06-25,24.4,24.6,23.87,24.58,107621578
2025-06-26,25.18,25.355,24.59,25.2,92382200
2025-06-27,25.21,25.84,24.28,25.11,113655642
2025-06-30,25.49,25.5,24.68,25.11,78035001
2025-07-01,24.375,25.17,23.5801,24.71,107277343
2025-07-02,24.51,26.39,24.45,26.05,107157106
2025-07-03,26.4,26.72,26.23,26.43,62695849
2025-07-07,25.73,26.05,24.62,24.97,93297624
2025-07-08,25.63,27.03,25.36,26.37,90457488
2025-07-09,26.63,27.41,25.8925,26.65,86818681
2025-07-10,27.39,27.73,26.66,27.37,87602523
2025-07-11,26.85,27.54,26.55,27.29,71855387
2025-07-14,26.635,26.7712,25.3213,26.5,99670560
2025-07-15,28.05,28.46,27.205,27.29,108926203
2025-07-16,26.6,27.05,24.91,27.03,125700856
2025-07-17,26.96,27.5101,26.42,27.32,85334112
2025-07-18,27.66,27.9,26.755,27.33,68274331
2025-07-21,27.56,28.5,27.44,27.5,79860326
2025-07-22,27.12,27.28,25.34,26.32,118871562
2025-07-23,25.65,25.91,24.84,25.78,105639244
2025-07-24,25.66,25.79,24.95,25.62,77503286
2025-07-25,25.165,25.62,24.83,25.6,68037930
2025-07-28,26.38,26.99,26.3352,26.88,88108434
2025-07-29,27.41,28.16,26.5,27.03,101714456
2025-07-30,27.75,28.13,26.93,27.61,96772150
2025-07-31,26.7,26.74,24.2,24.98,133413756
2025-08-01,23.58,24.83,22.565,24.08,132665236
2025-08-04,24.59,25.1799,24.24,25.0,85963838
2025-08-05,25.42,25.68,23.61,24.52,99733426
2025-08-06,23.84,24.12,22.95,23.99,103447465
2025-08-07,25.48,25.88,24.53,25.0,117228393
2025-08-08,25.16,25.83,24.9,25.71,71389885
2025-08-11,26.03,26.885,25.45,25.61,75943484
2025-08-12,26.21,28.08,25.68,28.0,125910469
2025-08-13,28.65,29.33,28.31,29.27,89497115
2025-08-14,28.12,29.66,27.95,29.42,84286844
2025-08-15,28.71,28.71,27.07,27.37,93664662
2025-08-18,27.1,27.65,27.03,27.53,50310362
2025-08-19,27.57,27.86,26.1,26.24,75595120
2025-08-20,26.11,26.11,23.66,25.8,117636493
2025-08-21,25.4,25.9,24.905,25.35,67871086
2025-08-22,25.56,28.32,25.335,27.45,117140893
2025-08-25,27.35,27.58,26.81,27.3,55018743
2025-08-26,27.53,28.22,27.52,27.94,57544326
2025-08-27,27.61,28.23,27.28,28.18,61375213
2025-08-28,28.41,29.11,27.96,28.53,74466372
2025-08-29,27.315,27.35,25.67,26.04,108411318
2025-09-02,24.08,25.275,23.8,25.25,101906668
2025-09-03,25.41,25.41,24.12,24.91,79482164
2025-09-04,24.41,25.73,23.98,25.65,81641173
2025-09-05,26.82,26.9656,25.6,26.45,110749436
2025-09-08,26.96,27.43,26.68,27.08,72341742
2025-09-09,27.165,27.37,26.5699,27.18,55882318
2025-09-10,28.48,28.83,28.067509,28.6,86721576
2025-09-11,29.055,29.61,28.97,29.17,69919842
2025-09-12,29.37,29.55,28.79,29.3,52502568
2025-09-15,29.14,30.03,28.92,30.0,61267957
2025-09-16,30.33,30.65,29.79,30.48,54148198
2025-09-17,30.28,31.25,29.16,30.47,80483924
2025-09-18,32.76,34.14,32.43,33.64,104513292
2025-09-19,33.56,33.6,32.12,33.02,66106137
2025-09-22,33.195,34.75,33.19,34.41992,62948159
2025-09-23,34.7,35.2999,33.665,34.3,63661723
2025-09-24,33.96,34.39,32.81,34.2,58369917
2025-09-25,32.44,34.06,31.36,33.85,79969598
2025-09-26,33.93,34.23,32.83,34.02,60944517
2025-09-29,35.03,35.49,33.99,34.02,56593682
2025-09-30,34.065,34.955,33.5734,34.84,60696784
2025-10-01,34.18,36.98,33.98,36.86,67094664
2025-10-02,38.96,39.32,38.14,39.08,68834360
2025-10-03,39.475,40.06,37.62,38.23,69252451
2025-10-06,42.83,43.37,41.66,41.71,99880312
2025-10-07,42.78,43.0157,38.7003,38.83,96375863
2025-10-08,38.87,42.94,38.68,42.78,77149758
2025-10-09,42.58,42.84,41.01,42.24,63095734
2025-10-10,42.52,42.84,34.165,34.21,204858950
2025-10-13,38.23,39.47,37.37,39.14,89274051
2025-10-14,36.62,39.005,35.95,36.63,100358199
2025-10-15,39.55,40.17,37.71,39.98,96059772
2025-10-16,41.45,41.925,39.28,40.57,89397028
2025-10-17,39.61,40.8045,38.32,40.29,92083361
2025-10-20,41.16,43.04,41.13,42.24,62424470
2025-10-21,41.805,42.0263,40.5201,41.51,54386720
2025-10-22,40.075,40.81,35.965,38.39,110646684
2025-10-23,37.73,41.47,37.55,41.17,72467001
2025-10-24,43.43,44.1565,42.96,43.14,69872492
2025-10-27,45.49,47.16,45.135,46.84,72684112
2025-10-28,46.435,47.605,45.94,46.96,53994951
2025-10-29,49.37,50.76,48.05,49.38,88268792
2025-10-30,48.5,49.97,47.2701,47.39,76956282
2025-10-31,48.77,49.99,46.71,47.78,75650410
2025-11-03,49.5,50.19,48.03,48.58,52610598
2025-11-04,44.77,46.8784,42.5301,42.8,87734250
2025-11-05,43.22,48.43,43.2117,46.83,76488923
2025-11-06,46.46,46.99,42.1541,43.01,106419629
2025-11-07,41.1,41.74,37.04,41.74,126600
2025-11-10,45.06,45.52,43.4601,44.96,74223272
2025-11-11,43.72,44.04,41.65,41.81,80862657
2025-11-12,44.01,44.63,42.85,43.71,77730881
2025-11-13,42.17,42.635,38.0,39.22,126123730
2025-11-14,35.74,40.5999,35.1501,38.86,125398567
2025-11-17,37.9,40.08,35.532,36.84,101936577
2025-11-18,35.31,36.005,33.15,34.35,153515790
2025-11-19,34.72,37.3,34.2,35.96,120458904
2025-11-20,38.79,39.19,30.405,30.81,228883580
2025-11-21,30.85,33.04,28.12,31.73,205537920
2025-11-24,32.69,36.31,32.65,35.86,108832472
2025-11-25,34.34,36.45,32.05,36.17,108634652
2025-11-26,37.44,40.145,37.3,39.19,104203889
2025-11-28,39.65,41.33,39.25,41.26,57190383
2025-12-01,39.575,42.36,39.46,41.31,79426185
2025-12-02,42.79,44.61,42.03,43.8,111736203
2025-12-03,44.45,46.68,43.15,46.58,94299305
2025-12-04,45.89,46.0979,44.4399,45.16,77656860
2025-12-05,46.47,48.05,46.3,46.5,77049801
2025-12-08,47.56,48.6,46.7001,47.99,69224952
2025-12-09,47.04,48.045,46.47,47.79,56373266
2025-12-10,47.645,50.09,47.01,49.65,91153108
2025-12-11,48.01,48.898,44.66,48.79,88062977
2025-12-12,46.92,47.38,41.06,41.71,138088160
2025-12-15,43.105,43.42,40.8,41.18,78218561
2025-12-16,40.75,41.6599,39.24,40.49,94566659
2025-12-17,41.0,41.32,35.7,36.01,126113940
2025-12-18,39.97,40.4162,38.11,38.58,97163997
2025-12-19,39.6,42.36,39.5,41.72,92529110
2025-12-22,44.45,44.56,42.73,43.26,62717429
2025-12-23,42.615,43.8,42.22,43.7,44455671
2025-12-24,43.72,44.36,43.59,44.21,30717753
2025-12-26,44.75,44.79,43.81,44.21,38006427
2025-12-29,42.98,44.325,42.35,43.82,54612080
2025-12-30,44.15,44.75,43.57,43.67,40697363
2025-12-31,43.89,44.15,42.01,42.03,44754816
2026-01-02,45.13,48.09,45.08,47.24,132719716
2026-01-05,50.345,51.22,48.63,49.22,94987531
2026-01-06,51.105,54.3,51.07,54.01,92678645
2026-01-07,52.2,52.74,50.84,52.29,65698487
2026-01-08,51.798,51.809,48.13,49.65,79844752
2026-01-09,51.085,54.76,50.31,53.95,87214366
2026-01-12,52.385,55.145,52.35,54.65,53193667
2026-01-13,55.69,57.63,55.43,56.07,61895357
2026-01-14,54.89,55.44,53.0,55.38,70434851
2026-01-15,60.955,61.665,58.01,58.08,89664307
2026-01-16,61.19,62.185,59.5,60.75,58559515
2026-01-20,57.34,61.05,57.22,57.94,71408349
2026-01-21,60.24,65.11,59.46,63.48,103027334
2026-01-22,66.9,66.96,63.042,63.72,62594176
2026-01-23,62.48,63.36,60.15,61.6,58613555
2026-01-26,60.75,61.955,59.6,60.7,42592439
2026-01-27,63.31,65.99,62.54,64.96,61155421
2026-01-28,69.0,70.93,67.975,70.09,74205465
2026-01-29,70.398,71.98,62.65,70.47,78058215
2026-01-30,67.12,69.86,60.29,61.79,83504157
2026-02-02,59.46,66.94,59.1,65.2,66960964
2026-02-03,66.81,67.62,57.02,61.2,101338454
2026-02-04,59.44,61.03,49.33,53.19,139149380
2026-02-05,51.305,55.49,50.01,53.25,109350335
2026-02-06,56.4,62.25,55.67,61.75,108594233
2026-02-09,59.99,65.045,59.29,64.03,66670511
2026-02-10,64.67,65.21,61.42,63.34,58273908
2026-02-11,67.21,69.095,63.2299,68.05,89724221
2026-02-12,69.67,70.86,62.77,63.1,90896096
2026-02-13,63.925,66.25,61.43,64.59,79931289
2026-02-17,62.02,65.96,59.56,64.35,79420360
2026-02-18,65.255,68.445,64.07,66.29,69348988
2026-02-19,64.33,65.51,62.96,65.23,68827490
2026-02-20,63.76,68.22,63.58,67.11,81017925
2026-02-23,65.85,67.65,63.47,65.86,66926260
2026-02-24,68.11,69.995,66.35,68.53,66892148
2026-02-25,70.885,72.36,70.48,71.86,52929283
2026-02-26,71.03,71.11,61.63,65.34,97787942
2026-02-27,61.505,63.76,60.655,62.77,70112718
2026-03-02,58.11,62.82,58.05,62.76,81699786
2026-03-03,55.115,55.86,51.36,53.42,131198316
2026-03-04,55.96,57.72,54.38,56.62,78143327
2026-03-05,55.315,57.6906,51.13,54.8,110055841
2026-03-06,50.09,53.36,46.8,47.89,125241492
2026-03-09,45.51,53.78,44.53,53.32,114897711
2026-03-10,53.36,57.78,53.36,54.59,104717622
2026-03-11,55.5,57.74,55.35,56.09,83007701
2026-03-12,53.53,53.88,49.53,50.28,105674414
2026-03-13,51.875,53.96,50.04,50.72,83244324
2026-03-16,54.06,55.68,53.01,53.69,79819185
2026-03-17,55.1,55.4,53.3,54.95,59567715
2026-03-18,55.03,56.48,54.0,54.02,75470043
2026-03-19,49.53,56.11,48.5,54.85,93732710
2026-03-20,54.69,55.36,49.0,51.14,101773048
2026-03-23,54.63,56.81,52.2801,53.03,115257370
2026-03-24,51.54,56.09,51.535,54.96,92153493
2026-03-25,56.64,58.25,55.59,57.04,84440287
2026-03-26,54.19,54.44,48.87,48.97,116603796
2026-03-27,48.035,49.38,45.96,46.61,99401414
2026-03-30,47.86,48.29,39.52,40.62,139746170
2026-03-31,42.88,48.18,42.61,47.91,138002110
2026-04-01,50.04,54.085,49.62,52.26,121955587
2026-04-02,46.06,53.07,46.05,52.75,104471718
2026-04-06,53.75,55.595,52.88,54.81,68780424
2026-04-07,54.32,56.6,52.13,56.55,107326502
2026-04-08,66.33,67.9799,63.56,67.5,111697276
2026-04-09,68.12,72.28,68.12,71.98,79331610
2026-04-10,74.295,78.3,74.295,76.39,78863608
2026-04-13,75.59,80.74,75.25,80.56,64504597
2026-04-14,83.27,85.57,80.71,85.31,61656971
2026-04-15,84.66,85.98,79.76,85.96,68425441
2026-04-16,85.01,89.39,83.31,88.37,63777477
2026-04-17,93.195,94.75,90.66,94.68,67081435
2026-04-20,95.97,96.93,92.03,95.94,49367793
2026-04-21,97.97,99.95,95.32,98.09,65206901
2026-04-22,102.94,106.09,99.6,105.64,58165233
2026-04-23,108.62,116.7699,107.46,112.77,96510191
2026-04-24,125.21,130.1175,120.24,128.32,83092416
2026-04-27,128.325,129.59,117.7902,123.39,73334616
2026-04-28,108.75,115.62,103.99,109.56,94099742
2026-04-29,114.76,118.315,112.3,117.97,55503693
2026-04-30,122.81,127.45,117.5,126.98,58536651
2026-05-01,124.39,131.38,121.66,130.4,40940348
2026-05-04,132.195,133.67,123.8,127.55,46455722
2026-05-05,135.0,147.26,134.02,144.16,52130075
2026-05-06,157.84,166.0,149.0617,165.85,65579224
2026-05-07,162.115,162.9,147.61,152.1,72375207
2026-05-08,163.0,177.5,161.51,176.94,47016489
2026-05-11,181.0,191.2899,178.94,190.42,50495959
2026-05-12,177.62,182.2399,150.58,172.52,91705572
2026-05-13,183.835,188.488,172.26,184.24,59522250
2026-05-14,182.67,189.56,178.2775,186.19,43318951
2026-05-15,167.0,174.4,161.1402,164.18,62126569
2026-05-18,172.95,174.61,142.69,151.75,75610475
2026-05-19,141.24,160.6,135.02,151.89,85384027
2026-05-20,161.0,173.7,161.0,173.2,58913172
2026-05-21,171.26,179.97,168.23,178.39,52278678
2026-05-22,184.8,195.27,183.34,190.56,45133031
2026-05-26,211.38,228.5,209.89,225.79,52532952
2026-05-27,242.66,242.66,204.0,217.98,74732726
2026-05-28,219.0,231.89,207.56,224.63,47153521
2026-05-29,231.82,239.07,218.56,224.34,37035733
2026-06-01,217.265,234.06,210.14,227.03,37499579
2026-06-02,243.18,267.08,238.8233,266.32,42799671
2026-06-03,281.47,284.58,257.26,280.54,49817249
2026-06-04,242.04,274.5,228.55,262.7,59036011
2026-06-05,230.8482,233.69,181.81,182.54,108280348
2026-06-08,210.62,222.19,201.69,211.44,68180491
2026-06-09,227.055,231.02,157.561,201.68,124754262
2026-06-10,191.54,212.99,177.3001,180.65,94924150
2026-06-11,192.3,225.63,192.3,223.99,72493398
2026-06-12,222.22,242.4,214.7406,234.68,50419141
2026-06-15,265.99,274.88,261.6019,272.5,39914101
2026-06-16,267.13,274.9297,226.0,226.19,54771901
2026-06-17,247.42,259.79,233.3,233.86,49127337
2026-06-18,266.035,286.1526,265.0,279.29,49319836
2026-06-22,299.26,302.0,286.2401,300.77,36399597
2026-06-23,236.0,252.98,223.0,231.42,70699685
2026-06-24,233.11,237.0,211.13,229.57,57018526
2026-06-25,268.05,268.4,225.7441,252.61,58209559
2026-06-26,226.24,231.25,212.1,215.6,51987372
2026-06-29,216.36,238.6533,192.3,236.52,48952649
2026-06-30,241.45,272.0,240.59,266.71,36721034
2026-07-01,237.785,246.47,215.3807,217.55,60156292
2026-07-02,219.23,226.13,168.88,181.47,92078837
2026-07-06,197.21,210.8,194.22,194.65,42756622
2026-07-07,165.4,171.88,150.08,165.28,78957301
2026-07-08,159.21,176.75,158.87,174.82,63175889
2026-07-09,199.81,204.55,189.46,192.45,52530532
2026-07-10,182.4,195.94,176.8,192.26,37626301
2026-07-13,174.61,177.67,161.55,165.37,52686688
2026-07-14,187.69,188.426,170.26,176.66,49269200
2026-07-15,183.77,184.0,150.0,165.55,67008922
2026-07-16,150.44,155.83,138.0,142.48,76391272
2026-07-17,124.73,144.4,116.47,135.47,105762347
2026-07-20,143.52,148.74,135.665,136.81,52804330
2026-07-21,155.84,160.64,148.87,158.54,55698544
2026-07-22,147.095,165.75,147.0,160.99,46926498
2026-07-23,152.16,162.92,150.6469,157.5,57831366
2026-07-24,151.45,154.5,132.55,136.81,71734880
2026-07-27,140.65,148.02,115.45,128.15,90434865
2026-07-28,113.15,114.95,101.53,109.54,125338942
2026-07-29,107.62,112.6685,91.5,91.99,149950230
2026-07-30,107.38,118.0,105.12,114.72,109931904
2026-07-31,129.9,133.88,112.42,114.72,102613328
2026-08-03,106.15,118.87,102.09,116.71,81117503
2026-08-04,131.505,142.4199,129.66,139.9,78456620
2026-08-05,135.54,144.34,130.0,132.07,67515699
2026-08-06,125.23,140.0,120.7466,132.33,57025176
2026-08-07,141.97,143.92,131.56,140.25,61350731
2026-08-10,142.8,143.45,130.0,130.0,50105419
2026-08-11,136.26,136.6,130.06,133.0,38282550
2026-08-12,147.3,147.7,141.894,142.16,55969962
2026-08-13,142.16,154.1299,141.84,145.36,54831646
2026-08-14,143.79,146.65,138.9,144.95,45331094
2026-08-17,150.605,156.9242,148.9,151.53,43560499
2026-08-18,134.195,137.6,122.4,129.1,87105170
2026-08-19,132.63,133.74,116.84,120.74,78078129
2026-08-20,119.99,124.56,117.4201,122.21,50500945
2026-08-21,126.59,126.79,116.71,120.6,48174874
2026-08-24,115.07,115.07,106.0,111.16,67194340
2026-08-25,117.37,119.88,113.1301,115.67,47392291
2026-08-26,114.7,117.3862,112.53,116.6,39918795
2026-08-27,123.4,124.88,117.6901,123.05,55965614
2026-08-28,119.92,121.1999,110.21,111.34,60995621
2026-08-31,112.41,115.05,110.33,112.79,34269740
2026-09-01,106.355,108.64,102.31,105.91,63954361
2026-09-02,104.5,108.07,101.34,106.35,47235344
2026-09-03,103.0,107.49,98.62,106.74,55094472
2026-09-04,111.22,118.18,109.73,117.28,63548020
