date,open,high,low,close,volume
2015-10-12,25.22,25.22,25.19,25.19,200
2015-10-16,25.35,25.35,25.34,25.34,200
2015-10-22,25.44,25.541,25.44,25.541,200
2015-10-26,25.8,25.8,25.8,25.8,130
2015-10-28,26.36,26.36,26.36,26.36,1098
2015-10-29,26.3,26.3,26.3,26.3,2050
2015-10-30,26.18,26.18,26.18,26.18,100
2015-11-05,26.1,26.1,26.1,26.1,204
2015-11-06,26.1199,26.12,26.1199,26.12,1000
2015-11-10,25.959,25.959,25.959,25.959,505
2015-11-13,25.4234,25.4234,25.4234,25.4234,230
2015-11-16,25.3,25.553,25.3,25.553,310
2015-11-19,26.0266,26.0266,25.98,25.98,470
2015-11-24,26.0,26.05,26.0,26.05,401
2015-11-25,26.45,26.45,26.45,26.45,200
2015-12-01,26.3659,26.3659,26.36,26.36,2000
2015-12-14,26.36,26.36,26.36,26.36,0
2015-12-18,25.7999,25.7999,25.7999,25.7999,500
2015-12-21,25.7999,25.7999,25.7999,25.7999,10
2015-12-22,25.7999,25.7999,25.7999,25.7999,0
2015-12-23,25.7999,25.7999,25.7999,25.7999,0
2015-12-24,25.7999,25.7999,25.7999,25.7999,0
2015-12-28,25.7999,25.7999,25.7999,25.7999,0
2015-12-29,25.7999,25.7999,25.7999,25.7999,0
2015-12-30,25.7999,25.7999,25.7999,25.7999,0
2015-12-31,25.7999,25.7999,25.7999,25.7999,0
2016-01-04,25.7999,25.7999,25.7999,25.7999,0
2016-01-05,25.7999,25.7999,25.7999,25.7999,0
2016-01-06,25.49,25.49,25.49,25.49,247
2016-01-07,25.49,25.49,25.49,25.49,0
2016-01-08,25.49,25.49,25.49,25.49,0
2016-01-11,25.49,25.49,25.49,25.49,0
2016-01-12,25.49,25.49,25.49,25.49,0
2016-01-13,25.49,25.49,25.49,25.49,0
2016-01-14,24.56,24.56,24.56,24.56,260
2016-01-15,24.56,24.56,24.56,24.56,0
2016-01-19,24.92,24.92,24.92,24.92,410
2016-01-20,24.92,24.92,24.92,24.92,0
2016-01-21,24.2999,24.2999,24.2999,24.2999,1040
2016-01-22,24.2999,24.2999,24.2999,24.2999,0
2016-01-25,24.2999,24.2999,24.2999,24.2999,0
2016-01-26,24.2999,24.2999,24.2999,24.2999,0
2016-01-27,24.2999,24.2999,24.2999,24.2999,0
2016-01-28,24.33,24.33,24.33,24.33,826
2016-01-29,24.3,24.77,24.3,24.77,3254
2016-02-01,24.77,24.77,24.77,24.77,0
2016-02-02,24.6,24.6,24.5,24.5,325
2016-02-03,24.51,24.51,24.5,24.5,600
2016-02-04,24.5,24.5,24.5,24.5,0
2016-02-05,23.75,23.75,23.75,23.75,820
2016-02-08,23.75,23.75,23.75,23.75,0
2016-02-09,23.75,23.75,23.75,23.75,0
2016-02-10,23.65,23.65,23.6499,23.6499,275
2016-02-11,23.6499,23.6499,23.6499,23.6499,0
2016-02-12,23.45,23.45,23.45,23.45,100
2016-02-16,23.97,23.97,23.97,23.97,100
2016-02-17,23.97,23.97,23.97,23.97,0
2016-02-18,24.31,24.31,24.31,24.31,175
2016-02-19,24.31,24.31,24.31,24.31,0
2016-02-22,24.72,24.72,24.72,24.72,1000
2016-02-23,24.72,24.72,24.72,24.72,0
2016-02-24,24.72,24.72,24.72,24.72,0
2016-02-25,24.72,24.72,24.72,24.72,0
2016-02-26,NaN,NaN,NaN,24.72,0
2016-02-29,24.72,24.72,24.72,24.72,0
2016-03-01,24.72,24.72,24.72,24.72,0
2016-03-02,24.72,24.72,24.72,24.72,0
2016-03-03,24.72,24.72,24.72,24.72,0
2016-03-04,24.72,24.72,24.72,25.1501,400
2016-03-07,25.1501,25.1501,25.1501,25.1501,0
2016-03-08,25.1501,25.1501,25.1501,25.1501,0
2016-03-09,25.1501,25.1501,25.1501,25.1501,0
2016-03-10,25.1501,25.1501,25.1501,25.1501,0
2016-03-11,25.1501,25.1501,25.1501,25.1501,0
2016-03-17,25.22,25.33,25.22,25.28,1690
2016-03-18,25.33,25.33,25.33,25.33,0
2016-03-23,25.28,25.28,25.28,25.28,10
2016-03-24,25.28,25.28,25.28,25.28,0
2016-03-28,25.28,25.28,25.28,25.28,1
2016-03-29,25.28,25.28,25.28,25.28,0
2016-03-30,26.05,26.05,26.05,26.05,178
2016-03-31,26.05,26.05,26.05,26.05,0
2016-04-01,26.05,26.05,26.05,26.05,1
2016-04-04,26.05,26.05,26.05,26.05,75
2016-04-05,26.05,26.05,26.05,26.05,0
2016-04-06,26.05,26.05,26.05,26.05,0
2016-04-07,25.787,25.787,25.787,25.787,427
2016-04-08,25.93,25.9301,25.93,25.9301,1600
2016-04-11,25.9301,25.9301,25.9301,25.9301,0
2016-04-12,25.9301,25.9301,25.9301,25.9301,0
2016-04-13,25.9301,25.9301,25.9301,25.9301,0
2016-04-14,25.96,25.97,25.96,25.97,2500
2016-04-15,25.97,25.97,25.97,25.97,0
2016-04-18,25.91,26.18,25.91,26.18,551
2016-04-19,26.18,26.18,26.18,26.18,0
2016-04-20,26.18,26.18,26.18,26.18,0
2016-04-21,26.18,26.18,26.18,26.18,0
2016-04-22,26.18,26.18,26.18,26.18,0
2016-05-02,25.8325,25.8325,25.8325,25.8325,101
2016-05-03,25.8325,25.8325,25.8325,25.8325,0
2016-05-04,25.8325,25.8325,25.8325,25.8325,0
2016-05-05,25.8325,25.8325,25.8325,25.8325,0
2016-05-06,25.8325,25.8325,25.8325,25.8325,0
2016-05-09,25.8325,25.8325,25.8325,25.8325,0
2016-05-10,25.8325,25.8325,25.8325,25.8325,0
2016-05-11,25.8325,25.8325,25.8325,25.8325,0
2016-05-12,25.8325,25.8325,25.8325,25.8325,0
2016-05-13,26.08,26.0897,26.08,26.0897,200
2016-05-16,26.0897,26.0897,26.0897,26.0897,0
2016-05-17,26.0897,26.0897,26.0897,26.0897,0
2016-05-18,26.0897,26.0897,26.0897,26.0897,0
2016-05-19,26.0897,26.0897,26.0897,26.0897,0
2016-05-20,25.74,25.74,25.74,25.74,400
2016-05-23,25.74,25.74,25.74,25.74,19
2016-05-24,25.74,25.74,25.74,25.74,0
2016-05-25,25.74,25.74,25.74,25.74,0
2016-05-26,25.74,25.74,25.74,25.74,0
2016-05-27,26.03,26.19,26.03,26.19,562
2016-05-31,26.19,26.19,26.19,26.19,0
2016-06-01,26.19,26.19,26.19,26.19,0
2016-06-02,26.1262,26.21,26.1262,26.21,500
2016-06-03,26.21,26.21,26.21,26.21,0
2016-06-06,NaN,NaN,NaN,26.21,0
2016-06-07,NaN,NaN,NaN,26.21,0
2016-06-08,26.21,26.21,26.21,26.21,0
2016-06-09,26.21,26.21,26.21,26.21,0
2016-06-10,26.21,26.21,26.21,26.21,0
2016-06-13,26.21,26.21,26.21,26.21,50
2016-06-14,25.96,25.98,25.96,25.9601,500
2016-06-15,25.9601,25.9601,25.9601,25.9601,0
2016-06-16,25.9601,25.9601,25.9601,25.8701,0
2016-06-17,NaN,NaN,NaN,25.8701,0
2016-06-20,25.8701,25.8701,25.8701,25.8701,0
2016-06-21,25.8701,25.8701,25.8701,25.8701,0
2016-06-22,25.8701,25.8701,25.8701,25.8701,0
2016-06-23,25.8701,25.8701,25.8701,25.8701,0
2016-06-24,25.8701,25.8701,25.8701,25.8701,0
2016-06-27,25.8701,25.8701,25.8701,25.8701,1
2016-06-28,25.8701,25.8701,25.8701,25.8701,0
2016-06-29,25.8701,25.8701,25.8701,25.8701,0
2016-06-30,25.8701,25.8701,25.8701,25.8701,0
2016-07-01,25.8701,25.8701,25.8701,25.8701,0
2016-07-05,25.8701,25.8701,25.8701,25.8701,0
2016-07-06,25.8701,25.8701,25.8701,25.8701,0
2016-07-07,25.8701,25.8701,25.8701,25.8701,0
2016-07-08,25.8701,25.8701,25.8701,25.8701,0
2016-07-11,25.8701,25.8701,25.8701,25.8701,0
2016-07-12,25.8701,25.8701,25.8701,25.8701,0
2016-07-13,25.8701,25.8701,25.8701,25.8701,0
2016-07-14,25.8701,25.8701,25.8701,25.8701,0
2016-07-15,25.8701,25.8701,25.8701,25.8701,0
2016-07-18,25.8701,25.8701,25.8701,25.8701,0
2016-07-19,25.8701,25.8701,25.8701,25.8701,0
2016-07-20,25.8701,25.8701,25.8701,25.8701,0
2016-07-21,25.8701,25.8701,25.8701,25.8701,0
2016-07-22,25.8701,25.8701,25.8701,25.8701,0
2016-07-25,27.2178,27.2178,27.2178,27.2178,500
2016-07-26,27.2178,27.2178,27.2178,27.2178,0
2016-07-27,27.2178,27.2178,27.2178,27.2178,0
2016-07-28,27.2178,27.2178,27.2178,27.2178,0
2016-07-29,27.2178,27.2178,27.2178,27.2178,0
2016-08-01,27.2178,27.2178,27.2178,27.2178,0
2016-08-02,27.2178,27.2178,27.2178,27.2178,0
2016-08-03,27.2178,27.2178,27.2178,27.2178,0
2016-08-04,27.2178,27.2178,27.2178,27.2178,0
2016-08-05,27.2178,27.2178,27.2178,27.2178,0
2016-08-08,NaN,NaN,NaN,27.2178,0
2016-08-09,NaN,NaN,NaN,27.2178,0
2016-08-10,NaN,NaN,NaN,27.2178,0
2016-08-11,NaN,NaN,NaN,27.2178,0
2016-08-12,NaN,NaN,NaN,27.2178,0
2016-08-15,NaN,NaN,NaN,27.2178,0
2016-08-16,NaN,NaN,NaN,27.2178,0
2016-08-17,NaN,NaN,NaN,27.2178,59
2016-08-18,NaN,NaN,NaN,27.2178,0
2016-08-19,NaN,NaN,NaN,27.2178,0
2016-08-22,NaN,NaN,NaN,27.2178,0
2016-08-23,NaN,NaN,NaN,27.2178,0
2016-08-24,NaN,NaN,NaN,27.2178,0
2016-08-25,NaN,NaN,NaN,27.2178,0
2016-08-26,NaN,NaN,NaN,27.2178,0
2016-08-29,NaN,NaN,NaN,27.2178,0
2016-08-30,NaN,NaN,NaN,27.2178,10
2016-08-31,NaN,NaN,NaN,27.2178,0
2016-09-01,NaN,NaN,NaN,27.2178,0
2016-09-02,NaN,NaN,NaN,27.2178,0
2016-09-06,NaN,NaN,NaN,27.2178,0
2016-09-08,27.417,27.417,27.417,27.417,100
2016-09-09,27.0,27.0,27.0,27.0,600
2016-09-12,27.02,27.02,27.02,27.02,148
2016-09-13,26.7,26.7,26.7,26.7,147
2016-09-16,26.75,26.75,26.75,26.75,100
2016-09-19,NaN,NaN,NaN,26.75,1
2016-09-22,NaN,NaN,NaN,26.75,1
2016-09-26,NaN,NaN,NaN,26.75,2
2016-09-27,NaN,NaN,NaN,26.75,1
2016-09-28,27.227,27.227,27.227,27.227,250
2016-10-03,NaN,NaN,NaN,27.227,2
2016-10-04,NaN,NaN,NaN,27.227,1
2016-10-06,26.62,26.76,26.62,26.76,250
2016-10-12,NaN,NaN,NaN,26.76,1
2016-10-13,26.6,26.6,26.6,26.6,300
2016-10-19,NaN,NaN,NaN,26.6,10
2016-10-20,26.72,26.72,26.72,26.72,300
2016-10-24,26.72,26.72,26.72,26.72,300
2016-11-04,NaN,NaN,NaN,26.72,4
2016-11-08,26.61,26.61,26.61,26.61,131
2016-11-09,26.24,26.4899,26.24,26.4795,4025
2016-11-10,NaN,NaN,NaN,26.4795,6
2016-11-15,NaN,NaN,NaN,26.4795,53
2016-11-16,NaN,NaN,NaN,26.4795,24
2016-11-17,26.3364,26.36,26.3364,26.36,691
2016-11-18,26.43,26.43,26.29,26.36,797
2016-11-23,26.5565,26.5565,26.5565,26.5565,100
2016-11-28,26.77,26.77,26.77,26.77,204
2016-11-29,NaN,NaN,NaN,26.77,40
2016-11-30,26.5532,26.5532,26.5532,26.5532,340
2016-12-07,26.52,26.718,26.52,26.718,400
2016-12-08,NaN,NaN,NaN,26.718,30
2016-12-12,27.057,27.057,27.057,27.057,185
2016-12-20,27.15,27.15,27.15,27.15,185
2016-12-21,27.2097,27.2097,27.2097,27.2097,112
2016-12-23,NaN,NaN,NaN,27.2097,10
2016-12-28,NaN,NaN,NaN,27.2097,35
2016-12-29,NaN,NaN,NaN,27.2097,11
2016-12-30,27.16,27.16,27.16,27.16,100
2017-01-03,26.9999,26.9999,26.9999,26.9999,141
2017-01-04,27.165,27.165,27.165,27.165,600
2017-01-05,NaN,NaN,NaN,27.165,50
2017-01-09,27.29,27.29,27.29,27.29,762
2017-01-10,27.19,27.19,27.1722,27.19,2094
2017-01-18,27.33,27.33,27.33,27.33,100
2017-01-20,27.44,27.44,27.44,27.44,200
2017-01-23,NaN,NaN,NaN,27.44,45
2017-01-24,NaN,NaN,NaN,27.44,50
2017-01-25,27.61,27.61,27.61,27.61,774
2017-01-31,27.25,27.43,27.25,27.4083,1371
2017-02-01,NaN,NaN,NaN,27.4083,1
2017-02-07,27.549,27.549,27.5383,27.5383,645
2017-02-08,NaN,NaN,NaN,27.5383,1
2017-02-13,27.8721,27.8795,27.8721,27.8795,717
2017-02-14,NaN,NaN,NaN,27.8795,23
2017-02-15,NaN,NaN,NaN,27.8795,25
2017-02-21,28.29,28.29,28.29,28.29,741
2017-02-23,28.4202,28.4202,28.4202,28.4202,200
2017-02-24,NaN,NaN,NaN,28.4202,36
2017-02-28,28.4999,28.4999,28.4998,28.4998,200
2017-03-02,NaN,NaN,NaN,28.4998,3
2017-03-03,28.54,28.54,28.54,28.54,501
2017-03-07,28.54,28.54,28.52,28.52,254
2017-03-16,28.7901,28.7901,28.79,28.77,1400
2017-03-20,28.77,28.77,28.77,28.77,0
2017-03-22,27.95,27.95,27.95,27.95,181
2017-04-03,28.3399,28.3399,28.3399,28.3399,717
2017-04-04,NaN,NaN,NaN,28.3399,1
2017-04-07,NaN,NaN,NaN,28.3399,2
2017-04-10,28.37,28.37,28.37,28.37,115
2017-04-11,NaN,NaN,NaN,28.37,28
2017-04-13,NaN,NaN,NaN,28.37,16
2017-04-18,27.91,27.91,27.91,27.91,174
2017-04-24,28.6513,28.68,28.6513,28.68,1195
2017-04-25,NaN,NaN,NaN,28.68,122
2017-05-01,28.79,28.86,28.79,28.842,35209
2017-05-02,28.7356,28.76,28.7356,28.75,4717
2017-05-03,NaN,NaN,NaN,28.75,6
2017-05-08,28.81,28.81,28.78,28.78,1237
2017-05-09,28.89,28.91,28.81,28.83,1882
2017-05-12,29.05,29.05,29.05,29.05,300
2017-05-15,29.09,29.1132,29.0709,29.0804,2389
2017-05-16,NaN,NaN,NaN,29.0804,21
2017-05-17,28.54,28.54,28.3438,28.3438,42509
2017-05-18,28.25,28.3125,28.25,28.3125,351
2017-05-22,NaN,NaN,NaN,28.3125,89
2017-05-23,28.8633,28.8633,28.8633,28.8633,120
2017-05-24,29.0,29.0591,29.0,29.0591,3300
2017-05-25,29.1853,29.2115,29.1853,29.2115,700
2017-05-31,NaN,NaN,NaN,29.2115,2
2017-06-05,29.4459,29.4459,29.4459,29.4459,100
2017-06-06,NaN,NaN,NaN,29.4459,65
2017-06-09,NaN,NaN,NaN,29.4459,18
2017-06-13,NaN,NaN,NaN,29.4459,21
2017-06-14,30.02,30.02,30.02,30.02,110
2017-06-16,NaN,NaN,NaN,30.02,67
2017-06-21,29.7565,29.7565,29.7565,29.7565,480
2017-06-26,29.68,29.68,29.68,29.68,220
2017-06-28,29.84,29.84,29.84,29.84,134
2017-06-29,NaN,NaN,NaN,29.84,85
2017-06-30,29.66,29.66,29.66,29.66,465
2017-07-06,29.73,29.7514,29.73,29.73,1213
2017-07-07,NaN,NaN,NaN,29.73,152
2017-07-12,30.33,30.33,30.21,30.2426,545
2017-07-13,30.3099,30.3099,30.3099,30.3099,500
2017-07-14,30.32,30.32,30.32,30.32,440
2017-07-24,30.26,30.35,30.26,30.35,613
2017-07-25,NaN,NaN,NaN,30.35,57
2017-07-26,NaN,NaN,NaN,30.35,85
2017-07-28,NaN,NaN,NaN,30.35,25
2017-08-02,30.76,30.76,30.76,30.76,100
2017-08-03,NaN,NaN,NaN,30.76,20
2017-08-04,30.72,30.72,30.72,30.72,340
2017-08-07,NaN,NaN,NaN,30.72,3
2017-08-08,NaN,NaN,NaN,30.72,43
2017-08-10,30.415,30.415,30.415,30.415,500
2017-08-11,NaN,NaN,NaN,30.415,14
2017-08-14,NaN,NaN,NaN,30.415,20
2017-08-17,30.2799,30.2799,30.265,30.265,1315
2017-08-21,NaN,NaN,NaN,30.265,28
2017-08-22,NaN,NaN,NaN,30.265,15
2017-08-23,NaN,NaN,NaN,30.265,1
2017-08-24,30.43,30.43,30.43,30.43,475
2017-08-25,NaN,NaN,NaN,30.43,25
2017-08-29,NaN,NaN,NaN,30.43,29
2017-08-30,NaN,NaN,NaN,30.43,97
2017-08-31,30.6799,30.6799,30.673,30.673,200
2017-09-01,NaN,NaN,NaN,30.673,125
2017-09-05,30.3,30.39,30.3,30.39,448
2017-09-06,NaN,NaN,NaN,30.39,5
2017-09-07,NaN,NaN,NaN,30.39,181
2017-09-08,30.32,30.32,30.32,30.32,125
2017-09-11,NaN,NaN,NaN,30.32,8
2017-09-14,NaN,NaN,NaN,30.32,25
2017-09-15,31.096,31.096,31.096,31.096,562
2017-09-18,31.1999,31.26,31.1999,31.26,455
2017-09-19,31.2301,31.2301,31.2301,31.2301,854
2017-09-20,31.1876,31.2,31.1876,31.2,350
2017-09-25,30.79,30.79,30.79,30.79,379
2017-09-26,30.85,30.85,30.85,30.85,100
2017-09-27,NaN,NaN,NaN,30.85,3
2017-10-02,NaN,NaN,NaN,30.85,9
2017-10-03,NaN,NaN,NaN,30.85,2
2017-10-04,NaN,NaN,NaN,30.85,20
2017-10-05,31.8995,31.8995,31.8845,31.8845,700
2017-10-06,31.86,31.86,31.86,31.86,200
2017-10-09,32.32,32.32,31.99,31.99,58111
2017-10-10,31.9697,31.9697,31.9697,31.9697,100
2017-10-11,32.069,32.069,32.042,32.042,465
2017-10-12,32.07,32.08,32.07,32.08,927
2017-10-13,32.24,32.24,32.24,32.24,210
2017-10-16,32.07,32.28,32.07,32.27,7384
2017-10-17,32.264,32.264,32.264,32.264,556
2017-10-18,32.3,32.3499,32.3,32.335,583
2017-10-19,32.27,32.274,32.267,32.274,4143
2017-10-20,32.63,32.654,32.63,32.654,1000
2017-10-23,32.85,32.85,32.5995,32.5995,8118
2017-10-24,32.7,32.82,32.6803,32.81,1150
2017-10-25,32.89,32.89,32.51,32.5899,938
2017-10-26,NaN,NaN,NaN,32.5899,24
2017-10-27,NaN,NaN,NaN,32.5899,81
2017-10-30,33.23,33.23,33.1775,33.1775,813
2017-10-31,33.2,33.3,33.2,33.25,2101
2017-11-01,33.27,33.32,33.2202,33.2202,505
2017-11-02,33.336,33.34,33.3301,33.3301,500
2017-11-03,33.5048,33.52,33.5048,33.52,327
2017-11-06,33.51,33.63,33.51,33.63,1629
2017-11-07,33.76,33.76,33.2897,33.3024,5827
2017-11-08,33.3,33.31,33.2375,33.31,1738
2017-11-09,32.99,32.99,32.99,32.99,374
2017-11-10,33.109,33.11,33.0533,33.11,510
2017-11-13,33.2,33.2,33.2,33.2,342
2017-11-14,33.18,34.8398,33.0468,33.15,52186
2017-11-15,33.03,33.1399,33.03,33.0647,1736
2017-11-16,33.2976,33.39,33.2976,33.35,6406
2017-11-17,33.19,33.24,33.19,33.216,67650
2017-11-20,33.26,33.37,33.26,33.295,4746
2017-11-21,33.58,33.6299,33.566,33.6,2151
2017-11-22,33.5648,33.5648,33.45,33.53,5750
2017-11-24,NaN,NaN,NaN,33.53,13
2017-11-27,33.63,33.63,33.52,33.57,3095
2017-11-28,33.71,33.98,33.71,33.9699,14981
2017-11-29,33.95,33.95,33.58,33.6746,5868
2017-11-30,33.9949,34.15,33.9949,34.119,2325
2017-12-01,33.98,33.98,33.7704,33.9148,3500
2017-12-04,34.39,34.39,33.845,33.85,8628
2017-12-05,33.74,33.74,33.56,33.633,8994
2017-12-06,33.6831,33.81,33.6831,33.737,1416
2017-12-07,34.009,34.01,33.93,33.93,3465
2017-12-08,34.23,34.23,34.01,34.02,1211
2017-12-11,34.1261,34.22,34.1261,34.155,4079
2017-12-12,34.205,34.34,34.205,34.3047,4330
2017-12-13,34.39,34.39,34.24,34.24,8169
2017-12-14,34.36,34.36,34.1296,34.18,1824
2017-12-15,34.29,34.438,34.29,34.335,2397
2017-12-18,34.5465,34.61,34.5465,34.59,4039
2017-12-19,34.4008,34.505,34.4008,34.505,518
2017-12-20,34.73,34.73,34.27,34.48,5909
2017-12-21,34.64,34.64,34.4755,34.56,29729
2017-12-22,34.58,34.58,34.36,34.46,8463
2017-12-26,34.22,34.29,34.22,34.28,890
2017-12-27,34.355,34.359,34.325,34.325,796
2017-12-28,34.47,34.47,34.34,34.373,88782
2017-12-29,34.3448,34.41,34.3448,34.41,4355
2018-01-02,34.345,37.29,34.345,34.51,59986
2018-01-03,35.89,35.89,34.635,34.8,48578
2018-01-04,35.25,35.25,35.12,35.189,6876
2018-01-05,35.35,35.45,35.16,35.45,6049
2018-01-08,35.47,35.55,35.365,35.495,16346
2018-01-09,35.51,35.71,35.51,35.71,1788
2018-01-10,35.53,35.7224,35.52,35.7224,1964
2018-01-11,35.88,35.9,35.7994,35.8574,11076
2018-01-12,35.95,36.23,35.95,36.1937,5098
2018-01-16,36.62,36.62,36.0178,36.16,14805
2018-01-17,36.15,36.5576,36.15,36.5576,66084
2018-01-18,36.64,36.64,36.5448,36.63,5272
2018-01-19,36.6405,36.7067,36.63,36.7067,1703
2018-01-22,36.63,36.925,36.59,36.925,11961
2018-01-23,37.07,37.14,36.9999,37.135,1792
2018-01-24,37.35,37.36,36.989,37.15,5789
2018-01-25,37.37,37.37,36.95,36.95,13197
2018-01-26,37.12,37.461,37.12,37.461,11916
2018-01-29,37.46,37.46,37.25,37.25,8743
2018-01-30,36.87,36.98,36.69,36.8053,6694
2018-01-31,37.1831,37.24,36.92,36.92,6001
2018-02-01,37.1,37.239,37.04,37.04,3863
2018-02-02,36.91,36.91,36.55,36.55,2076
2018-02-05,36.38,36.38,34.7905,34.7905,11326
2018-02-06,33.8,35.3026,30.52,35.3026,14761
2018-02-07,35.499,35.954,35.499,35.61,11125
2018-02-08,35.64,35.64,34.1,34.1,6859
2018-02-09,34.3211,34.3211,33.391,34.2742,1971
2018-02-12,34.77,35.3,34.77,35.1999,4344
2018-02-13,35.11,35.37,34.99,35.37,4495
2018-02-14,35.23,36.0,35.23,36.0,6440
2018-02-15,36.4,36.44,36.0448,36.39,2184
2018-02-16,36.4696,36.6134,36.45,36.5,15726
2018-02-20,36.48,36.6024,36.281,36.4826,3860
2018-02-21,36.5748,36.75,36.41,36.41,30159
2018-02-22,37.0,37.0,36.4,36.44,133936
2018-02-23,36.64,36.65,36.54,36.59,2019
2018-02-26,37.1252,37.36,37.1252,37.2802,12028
2018-02-27,37.39,37.51,37.05,37.05,6954
2018-02-28,37.25,37.3715,36.73,36.735,7482
2018-03-01,36.84,36.84,35.94,36.1562,11784
2018-03-02,35.5039,36.25,35.5,36.25,3067
2018-03-05,36.02,36.75,35.925,36.74,4866
2018-03-06,36.87,36.87,36.605,36.79,3783
2018-03-07,36.59,36.9198,36.4829,36.9198,4510
2018-03-08,37.14,37.14,36.775,36.96,4512
2018-03-09,37.2702,37.806,37.2702,37.775,901
2018-03-12,38.04,38.04,37.7566,37.87,3691
2018-03-13,37.9979,37.9979,37.51,37.6448,1311
2018-03-14,37.4216,37.4216,37.3152,37.3152,1047
2018-03-15,37.2149,37.2659,37.2046,37.2046,2805
2018-03-16,37.42,37.42,37.239,37.32,17018
2018-03-19,36.95,36.95,36.3748,36.47,3991
2018-03-20,36.8,36.9235,36.8,36.9,5623
2018-03-21,36.89,37.09,36.81,36.85,11705
2018-03-22,36.44,36.44,35.5448,35.58,6357
2018-03-23,35.4548,35.6704,35.085,35.085,6604
2018-03-26,35.43,35.96,35.43,35.96,22318
2018-03-27,35.92,35.9276,35.01,35.01,2562
2018-03-28,34.565,34.66,34.565,34.66,425
2018-03-29,34.72,35.22,34.5968,35.22,3921
2018-04-02,35.2,35.2,34.211,34.211,3971
2018-04-03,34.7007,34.7007,34.361,34.3848,2024
2018-04-04,34.21,35.23,34.21,35.23,3530
2018-04-05,35.49,35.7,35.4465,35.55,3447
2018-04-06,35.2738,35.2738,34.5,34.5,3002
2018-04-09,34.97,35.355,34.79,34.79,6545
2018-04-10,35.37,35.5019,35.2,35.4052,2376
2018-04-11,35.514,35.514,35.445,35.4648,1225
2018-04-12,35.58,35.7,35.51,35.6276,5396
2018-04-13,35.93,35.93,35.29,35.459,15643
2018-04-16,35.58,35.75,35.53,35.6928,67803
2018-04-17,36.04,36.4376,36.04,36.42,10941
2018-04-18,36.62,36.62,36.345,36.46,138070
2018-04-19,36.4598,36.52,36.33,36.52,13159
2018-04-20,36.45,36.45,36.1898,36.1898,4306
2018-04-23,36.21,36.381,36.0,36.0,5597
2018-04-24,36.42,36.42,35.06,35.2,82431
2018-04-25,35.3,35.33,34.75,35.2506,147306
2018-04-26,35.59,36.07,35.5686,35.93,20735
2018-04-27,35.9498,36.0442,35.92,35.939,4892
2018-04-30,35.9,35.9298,35.718,35.718,1613
2018-05-01,35.83,35.94,35.5198,35.94,15273
2018-05-02,35.9,35.99,35.62,35.65,18370
2018-05-03,35.59,35.83,35.21,35.71,87142
2018-05-04,35.62,36.18,35.56,36.12,2959
2018-05-07,36.4,36.46,36.32,36.36,10428
2018-05-08,36.3,36.4526,36.3,36.35,3321
2018-05-09,36.52,36.866,36.5,36.8464,7818
2018-05-10,36.99,37.27,36.99,37.1649,6376
2018-05-11,37.31,37.31,37.16,37.16,1925
2018-05-14,37.46,37.47,37.2398,37.25,6157
2018-05-15,37.05,37.05,36.7396,36.82,7481
2018-05-16,36.96,37.03,36.86,36.9548,4649
2018-05-17,37.04,37.07,36.83,36.88,8814
2018-05-18,36.88,36.98,36.87,36.9576,5749
2018-05-21,37.35,37.37,37.14,37.2802,4979
2018-05-22,37.52,37.52,37.18,37.18,1346
2018-05-23,37.02,37.249,36.94,37.249,5002
2018-05-24,37.3,37.31,37.06,37.2598,138485
2018-05-25,37.11,37.31,37.11,37.18,250356
2018-05-29,37.05,37.08,36.591,36.77,7960
2018-05-30,37.009,37.2886,36.95,37.288,3235
2018-05-31,37.2,37.3098,37.12,37.13,9703
2018-06-01,37.449,37.619,37.35,37.55,11592
2018-06-04,37.69,37.9,37.685,37.9,30039
2018-06-05,37.9,37.9998,37.87,37.96,131105
2018-06-06,38.22,38.305,38.015,38.24,17240
2018-06-07,38.51,38.51,37.96,38.15,32502
2018-06-08,38.17,38.17,38.01,38.1098,5170
2018-06-11,38.2,38.4,38.2,38.29,11337
2018-06-12,38.47,38.47,38.29,38.3782,6288
2018-06-13,38.55,38.55,38.26,38.26,18699
2018-06-14,38.44,38.49,38.3599,38.36,7642
2018-06-15,38.32,38.35,38.18,38.31,5512
2018-06-18,38.03,38.318,38.03,38.27,21437
2018-06-19,37.82,38.05,37.7298,38.009,13488
2018-06-20,38.3,38.359,38.191,38.202,16179
2018-06-21,38.1215,38.1215,37.8,37.909,9433
2018-06-22,37.85,37.89,37.73,37.75,7294
2018-06-25,37.23,37.2516,36.75,37.02,14835
2018-06-26,37.1488,37.355,37.12,37.15,15629
2018-06-27,37.4,37.4,36.7599,36.7599,2229
2018-06-28,36.78,37.17,36.78,37.0999,5834
2018-06-29,37.11,37.42,37.05,37.05,8039
2018-07-02,36.94,37.189,36.94,37.189,3948
2018-07-03,37.37,37.37,37.19,37.1935,5206
2018-07-05,37.15,37.289,36.995,37.289,128753
2018-07-06,37.36,37.63,37.3309,37.625,4034
2018-07-09,37.9,37.979,37.81,37.959,20453
2018-07-10,38.19,38.25,38.121,38.2,12402
2018-07-11,38.04,38.16,38.0,38.04,7510
2018-07-12,38.34,38.62,38.34,38.62,3813
2018-07-13,38.65,38.72,38.65,38.71,9601
2018-07-16,38.89,38.89,38.65,38.6868,8760
2018-07-17,38.48,38.91,38.48,38.91,4099
2018-07-18,38.82,39.1,38.82,39.06,8391
2018-07-19,39.0,39.0,38.7174,38.7248,6491
2018-07-20,38.869,38.97,38.7877,38.83,24332
2018-07-23,38.92,38.92,38.6823,38.885,8079
2018-07-24,39.37,39.38,38.992,39.1202,8535
2018-07-25,39.29,39.695,39.21,39.68,8587
2018-07-26,39.24,39.2816,39.11,39.2,50910
2018-07-27,39.31,39.42,38.73,38.84,20136
2018-07-30,38.84,38.84,38.17,38.17,12252
2018-07-31,38.37,38.49,38.34,38.3598,5281
2018-08-01,38.54,38.59,38.34,38.4296,2119
2018-08-02,38.27,38.75,38.14,38.7,52302
2018-08-03,38.82,38.82,38.648,38.74,16317
2018-08-06,38.845,38.966,38.81,38.95,6141
2018-08-07,39.17,39.29,39.13,39.17,6378
2018-08-08,39.27,39.31,39.19,39.27,8060
2018-08-09,39.42,39.42,39.21,39.23,19132
2018-08-10,38.971,39.07,38.8678,38.95,18404
2018-08-13,38.92,39.18,38.8043,38.8043,5410
2018-08-14,38.989,39.13,38.87,39.11,5753
2018-08-15,38.95,38.95,38.44,38.65,13286
2018-08-16,38.95,39.08,38.86,38.86,4899
2018-08-17,38.61,38.939,38.61,38.91,5605
2018-08-20,39.08,39.08,38.81,38.95,7795
2018-08-21,39.15,39.1773,39.0002,39.03,8930
2018-08-22,39.05,39.16,38.96,39.16,22838
2018-08-23,39.19,39.29,39.1065,39.1797,2618
2018-08-24,39.32,39.45,39.29,39.425,8745
2018-08-27,39.54,39.8599,39.54,39.8358,4506
2018-08-28,39.93,39.9512,39.85,39.85,9589
2018-08-29,39.97,40.32,39.97,40.32,12100
2018-08-30,40.32,40.3699,40.0155,40.1,137128
2018-08-31,40.11,40.1653,39.97,40.07,6312
2018-09-04,39.92,40.74,39.76,40.05,96195
2018-09-05,40.0,40.0,39.5207,39.61,8100
2018-09-06,39.4616,39.62,39.3315,39.62,5318
2018-09-07,39.22,39.6545,39.22,39.45,4541
2018-09-10,39.52,39.6,39.5004,39.5347,11269
2018-09-11,39.64,39.848,39.6299,39.8368,4490
2018-09-12,39.81,39.85,39.6579,39.788,4673
2018-09-13,40.16,40.16,39.9917,40.0733,29774
2018-09-14,40.2175,40.2433,40.0,40.1714,4399
2018-09-17,40.14,40.14,39.74,39.74,3640
2018-09-18,39.72,40.145,39.72,40.089,11284
2018-09-19,40.142,40.142,39.97,40.0934,19922
2018-09-20,40.42,40.4699,40.27,40.45,16676
2018-09-21,40.52,40.52,40.3,40.21775,5249
2018-09-24,40.26,40.3468,40.15,40.32,114494
2018-09-25,40.42,40.5,40.35,40.4599,13981
2018-09-26,40.5,40.64,40.43,40.43,5651
2018-09-27,40.62,40.67,40.56,40.58,3372
2018-09-28,40.58,40.6198,40.49,40.5345,7802
2018-10-01,40.89,41.0091,40.7743,40.89,24188
2018-10-02,40.9,40.91,40.59,40.62,73156
2018-10-03,40.7986,40.83,40.63,40.68,24946
2018-10-04,40.59,40.59,39.77,40.0499,23025
2018-10-05,39.95,39.95,39.42,39.7096,27203
2018-10-08,39.54,39.62,38.8897,39.37,11063
2018-10-09,39.24,39.6347,39.24,39.44,4074
2018-10-10,39.32,39.32,37.56,37.61,39716
2018-10-11,37.56,37.8273,36.75,37.0082,23794
2018-10-12,37.84,38.0999,37.32,37.93,28285
2018-10-15,37.91,37.91,37.42,37.44,4981
2018-10-16,37.83,38.54,37.83,38.54,20527
2018-10-17,38.65,38.73,38.27,38.41,16973
2018-10-18,38.41,38.41,37.6,37.6616,5992
2018-10-19,37.9763,37.99,37.34,37.4702,9320
2018-10-22,37.61,37.65,37.2,37.52,11638
2018-10-23,36.64,37.2799,36.34,37.09,18134
2018-10-24,37.07,37.1164,35.62,35.62,15974
2018-10-25,35.99,36.99,35.99,36.8399,10686
2018-10-26,36.1,36.445,35.535,35.92,15005
2018-10-29,36.33,36.53,34.6911,34.6911,13344
2018-10-30,35.1129,35.64,35.1129,35.58,13284
2018-10-31,36.26,36.8897,36.26,36.56,24651
2018-11-01,36.7,36.99,36.4,36.99,15173
2018-11-02,37.29,37.37,36.5598,36.82,14021
2018-11-05,36.98,36.98,36.4,36.9,91745
2018-11-06,37.0648,37.0648,36.85,37.01,47091
2018-11-07,37.59,38.32,37.5012,38.32,69909
2018-11-08,38.2277,38.3,38.0,38.02,15210
2018-11-09,37.64,37.73,37.37,37.73,59183
2018-11-12,37.7,37.7,36.55,36.62,15902
2018-11-13,36.52,36.8818,36.35,36.52,73950
2018-11-14,36.89,36.89,35.9942,36.1,11196
2018-11-15,35.92,36.742,35.67,36.59,18480
2018-11-16,36.5,36.62,36.35,36.59,12474
2018-11-19,36.41,36.41,35.4099,35.4783,6535
2018-11-20,34.49,35.08,34.2401,34.66,183470
2018-11-21,34.99,35.225,34.945,34.9748,33614
2018-11-23,34.76,34.86,34.67,34.731,3203
2018-11-26,35.24,35.44,35.15,35.44,5795
2018-11-27,35.27,35.62,35.27,35.62,5792
2018-11-28,35.8,36.905,35.8,36.905,13233
2018-11-29,36.93,37.0533,36.5734,36.98,7571
2018-11-30,36.96,37.14,36.83,37.14,5959
2018-12-03,38.11,38.11,37.67,37.88,26322
2018-12-04,37.73,37.73,36.35,36.39,32537
2018-12-06,35.68,36.0965,35.46,35.9495,11486
2018-12-07,36.56,36.73,35.28,35.35,20447
2018-12-10,35.17,35.5672,34.7906,35.5672,9243
2018-12-11,36.26,36.26,35.38,35.5659,13055
2018-12-12,36.3999,36.43,35.9626,35.9626,1351
2018-12-13,36.18,36.18,35.68,35.8857,12334
2018-12-14,35.3862,35.53,34.8841,34.9843,10201
2018-12-17,34.64,34.87,33.9484,34.0337,60464
2018-12-18,34.56,34.56,34.12,34.3427,14812
2018-12-19,34.49,34.816,33.47,33.8388,37448
2018-12-20,33.54,33.61,32.57,33.07,91934
2018-12-21,33.08,33.195,32.0301,32.1008,34953
2018-12-24,31.72,31.9795,31.2,31.2,60600
2018-12-26,31.47,33.21,31.39,33.21,52281
2018-12-27,32.76,33.45,32.13,33.45,31545
2018-12-28,33.89,33.89,33.3,33.43,288401
2018-12-31,33.84,33.8928,33.4964,33.76,63194
2019-01-02,33.25,33.99,33.171,33.83,52241
2019-01-03,33.45,33.54,32.77,32.7749,33284
2019-01-04,33.6414,34.1271,33.6414,34.1271,2518
2019-01-07,34.24,34.7505,34.24,34.6096,26529
2019-01-08,34.97,34.9782,34.5,34.93,13836
2019-01-09,35.216,35.37,35.05,35.29,20073
2019-01-10,35.15,35.39,34.9,35.39,1654
2019-01-11,35.2574,35.4,35.24,35.4,2715
2019-01-14,35.19,35.2501,35.0,35.17,4715
2019-01-15,35.47,35.74,35.47,35.674,6756
2019-01-16,35.88,35.9362,35.74,35.79,141426
2019-01-17,35.8153,36.15,35.73,36.0114,8224
2019-01-18,36.31,36.6199,36.2565,36.56,6307
2019-01-22,36.37,36.37,35.6682,35.89,17744
2019-01-23,35.92,35.95,35.61,35.95,13937
2019-01-24,35.82,36.1,35.82,36.1,4213
2019-01-25,36.28,36.55,36.28,36.41,32065
2019-01-28,35.91,36.04,35.8206,36.04,10364
2019-01-29,35.95,35.95,35.7036,35.77,10712
2019-01-30,36.28,36.62,36.28,36.56,14659
2019-01-31,36.49,36.9,36.49,36.8505,10784
2019-02-01,36.81,36.89,36.7099,36.73,9579
2019-02-04,36.81,37.094,36.81,37.094,4364
2019-02-05,37.3823,37.44,37.2653,37.37,27347
2019-02-06,37.49,37.49,37.1015,37.3052,5124
2019-02-07,37.0,37.01,36.59,36.9,8076
2019-02-08,36.6,36.89,36.6,36.8646,2648
2019-02-11,36.9,37.09,36.9,36.91,5588
2019-02-12,37.299,37.58,37.299,37.54,11751
2019-02-13,37.77,37.799,37.6462,37.6703,18889
2019-02-14,37.4909,37.83,37.48,37.67,8485
2019-02-15,37.99,38.0815,37.93,38.0815,12421
2019-02-19,37.94,38.1818,37.94,38.08,8935
2019-02-20,38.15,38.2,37.97,38.1,10108
2019-02-21,37.97,38.1116,37.9458,37.99,4799
2019-02-22,38.14,38.4097,38.14,38.36,12537
2019-02-25,38.44,38.6858,38.39,38.41,32880
2019-02-26,38.33,38.52,38.32,38.46,14193
2019-02-27,38.27,38.4084,38.1352,38.3709,6584
2019-02-28,38.42,38.42,38.2997,38.2997,5348
2019-03-01,38.65,38.6723,38.4099,38.6,45139
2019-03-04,38.75,38.78,38.04,38.31,27628
2019-03-05,38.1838,38.36,38.1838,38.3323,6547
2019-03-06,38.0504,38.0504,38.0396,38.0396,541
2019-03-07,37.69,37.7894,37.5545,37.6353,1868
2019-03-08,37.18,37.5604,37.18,37.5604,3126
2019-03-11,37.66,38.1749,37.66,38.1746,11026
2019-03-12,38.2742,38.4099,38.2498,38.2498,13763
2019-03-13,38.37,38.752,38.37,38.595,16624
2019-03-14,38.62,38.68,38.5377,38.58,79627
2019-03-15,38.77,38.955,38.74,38.71452,10758
2019-03-18,38.78,38.8353,38.75,38.8353,17587
2019-03-19,38.8901,39.0598,38.8321,38.95,9062
2019-03-20,38.93,39.1004,38.8285,38.9864,7566
2019-03-21,39.1363,39.479,39.1363,39.4497,5906
2019-03-22,39.28,39.3672,38.89,38.89,93602
2019-03-25,38.86,39.02,38.739,38.99,40148
2019-03-26,39.27,39.3499,39.0,39.0847,7924
2019-03-27,39.07,39.07,38.63,38.8552,5082
2019-03-28,38.84,39.0677,38.83,39.0,44726
2019-03-29,39.15,39.279,39.07,39.2769,4142
2019-04-01,39.52,39.5223,39.39,39.5223,5782
2019-04-02,39.58,39.58,39.42,39.5407,18402
2019-04-03,39.69,39.7028,39.52,39.5667,9213
2019-04-04,39.69,39.69,39.14,39.3574,31490
2019-04-05,39.43,39.609,39.43,39.5339,8553
2019-04-08,39.4,39.57,39.36,39.5431,44491
2019-04-09,39.33,39.5131,39.33,39.44,9118
2019-04-10,39.52,39.6364,39.52,39.5631,6111
2019-04-11,39.68,39.68,39.3165,39.4312,9580
2019-04-12,39.342,39.4445,39.29,39.2976,17118
2019-04-15,39.44,39.44,39.267,39.3994,6938
2019-04-16,39.4735,39.4735,38.97,39.0207,5255
2019-04-17,38.71,38.78,38.47,38.55,160225
2019-04-18,38.67,38.7152,38.51,38.7152,4933
2019-04-22,38.66,38.81,38.66,38.81,13577
2019-04-23,38.93,39.2084,38.9225,39.2084,2807
2019-04-24,39.3,39.315,39.21,39.2221,13834
2019-04-25,39.1244,39.3164,39.1244,39.2599,10050
2019-04-26,39.39,39.55,39.2839,39.55,1925
2019-04-29,39.63,39.63,39.4264,39.44,5496
2019-04-30,39.4537,39.6827,39.4537,39.6827,3241
2019-05-01,39.55,39.7,39.3535,39.3535,38295
2019-05-02,39.27,39.4,39.2428,39.3445,5531
2019-05-03,39.7,39.76,39.555,39.74,85024
2019-05-06,39.16,39.6541,39.16,39.6541,6131
2019-05-07,39.52,39.52,38.885,39.0535,21211
2019-05-08,38.97,39.2003,38.95,39.05,3230
2019-05-09,38.75,39.0448,38.55,38.98,58007
2019-05-10,38.89,39.3562,38.53,39.169,4369
2019-05-13,38.48,38.6995,38.428,38.59,6358
2019-05-14,38.71,39.0,38.63,38.8373,5101
2019-05-15,38.75,39.1613,38.75,39.07,2917
2019-05-16,39.11,39.78,39.11,39.53,8547
2019-05-17,39.39,39.6374,39.37,39.46,3951
2019-05-20,39.09,39.3503,39.09,39.3,7858
2019-05-21,39.53,39.5861,39.475,39.5326,28108
2019-05-22,39.54,39.7004,39.54,39.7004,1038
2019-05-23,39.3924,39.3924,39.11,39.3051,9854
2019-05-24,39.35,39.4569,39.35,39.3961,3317
2019-05-28,39.69,39.69,39.1916,39.194,3201
2019-05-29,38.94,38.96,38.6,38.8296,9428
2019-05-30,38.99,39.05,38.9461,39.0177,100560
2019-05-31,38.61,38.8361,38.61,38.7,102414
2019-06-03,38.68,38.68,38.36,38.4074,15654
2019-06-04,38.79,39.02,38.59,39.02,80285
2019-06-05,39.24,39.6429,39.24,39.6419,4734
2019-06-06,39.66,39.9478,39.66,39.8528,4104
2019-06-07,40.1095,40.417,40.1095,40.3041,7017
2019-06-10,40.4,40.5,40.32,40.38,59122
2019-06-11,40.5274,40.5274,40.0807,40.25,21505
2019-06-12,40.278,40.32,40.2001,40.282,3762
2019-06-13,40.38,40.39,40.14,40.24,3721
2019-06-14,40.18,40.319,40.18,40.3062,8434
2019-06-17,40.31,40.38,40.31,40.3542,2630
2019-06-18,40.67,40.7299,40.5223,40.5729,12791
2019-06-19,40.66,40.97,40.618,40.9451,2355
2019-06-20,41.5,41.5,41.09,41.26,41358
2019-06-21,41.19,41.26,41.13,40.97429,4911
2019-06-24,40.95,40.989,40.935,40.9527,4293
2019-06-25,41.01,41.01,40.5492,40.5492,2265
2019-06-26,40.31,40.39,40.16,40.18,7374
2019-06-27,40.3635,40.3635,40.345,40.3623,1146
2019-06-28,40.48,40.48,40.2583,40.4136,8196
2019-07-01,40.75,40.75,40.5956,40.7347,22064
2019-07-02,40.71,40.98,40.66,40.98,12428
2019-07-03,41.09,41.4412,41.09,41.4366,9952
2019-07-05,41.15,41.3591,41.0789,41.2879,1559
2019-07-08,41.2173,41.2488,41.1915,41.2488,7612
2019-07-09,41.315,41.4115,41.315,41.4115,3050
2019-07-10,41.59,41.798,41.59,41.72,13095
2019-07-11,41.72,41.75,41.52,41.6743,12176
2019-07-12,41.91,41.91,41.51,41.7,6610
2019-07-15,41.74,41.7662,41.6701,41.7571,6910
2019-07-16,41.73,41.7603,41.62,41.62,4412
2019-07-17,41.6038,41.66,41.5457,41.5457,3575
2019-07-18,41.48,41.64,41.2703,41.64,6706
2019-07-19,41.6826,41.6826,41.2191,41.2191,3510
2019-07-22,41.2139,41.36,41.1601,41.2767,9499
2019-07-23,41.56,41.56,41.161,41.3294,2940
2019-07-24,41.2,41.38,41.1513,41.3792,6697
2019-07-25,41.29,41.41,41.1816,41.1816,9395
2019-07-26,41.22,41.46,41.22,41.4434,9784
2019-07-29,41.3001,41.435,41.3,41.42,24959
2019-07-30,41.296,41.325,41.1855,41.1855,5784
2019-07-31,41.22,41.2899,40.7621,40.7621,10808
2019-08-01,40.88,41.1894,40.63,40.63,18952
2019-08-02,40.7,40.7,40.275,40.56,56198
2019-08-05,40.02,40.02,38.96,39.29,221670
2019-08-06,39.51,43.99,39.51,39.94,280164
2019-08-07,39.46,40.21,39.46,40.1,159620
2019-08-08,40.25,40.79,40.25,40.74,32881
2019-08-09,40.81,40.81,40.46,40.6306,14048
2019-08-12,40.34,40.4,40.155,40.2029,6346
2019-08-13,40.26,40.757,40.2351,40.6607,17563
2019-08-14,40.14,40.16,39.61,39.645,9814
2019-08-15,39.65,39.76,39.5,39.7,13654
2019-08-16,40.0,40.21,40.0,40.1793,3497
2019-08-19,40.5,40.5427,40.5,40.52,1796
2019-08-20,40.44,40.4427,40.2325,40.2325,1919
2019-08-21,40.56,40.5676,40.48,40.5676,8707
2019-08-22,40.69,40.69,40.456,40.5286,12814
2019-08-23,40.45,40.6625,39.6742,39.69,6911
2019-08-26,39.82,40.1,39.82,40.0996,3949
2019-08-27,40.0,40.1736,40.0,40.0786,1408
2019-08-28,39.89,40.22,39.89,40.22,4718
2019-08-29,40.49,40.7,40.42,40.62,32709
2019-08-30,40.68,40.681,40.44,40.6059,2947
2019-09-03,40.63,40.65,40.42,40.6079,28953
2019-09-04,40.79,40.8,40.6739,40.7908,4949
2019-09-05,41.05,41.13,40.9,41.0735,23594
2019-09-06,41.12,41.18,41.0723,41.0723,8753
2019-09-09,41.13,41.13,40.5795,40.63,10321
2019-09-10,40.53,40.53,39.98,40.3,14632
2019-09-11,40.29,40.43,40.22,40.4099,13594
2019-09-12,40.65,40.7663,40.59,40.59,13779
2019-09-13,40.62,40.69,40.4898,40.52,5497
2019-09-16,40.3799,40.42,40.321,40.39,19278
2019-09-17,40.6,40.6683,40.5352,40.6683,2827
2019-09-18,40.56,40.67,40.39,40.67,9356
2019-09-19,40.68,40.8417,40.68,40.7622,1016
2019-09-20,40.88,40.88,40.6825,40.6968,6518
2019-09-23,40.5151,40.69,40.5151,40.5886,3540
2019-09-24,40.78,40.78,40.43,40.48,57714
2019-09-25,40.48,40.5867,40.28,40.5867,4625
2019-09-26,40.6,40.81,40.53,40.73,7301
2019-09-27,40.1615,40.3006,40.1615,40.3006,3911
2019-09-30,40.61,40.6519,40.565,40.5891,846
2019-10-01,40.64,40.64,40.1822,40.1822,12795
2019-10-02,40.02,40.02,39.31,39.53,23772
2019-10-03,39.55,39.872,39.3359,39.8668,6707
2019-10-04,40.14,40.513,40.115,40.513,4803
2019-10-07,40.3156,40.5,40.2925,40.3276,2352
2019-10-08,39.8,40.1175,39.7688,39.7688,1580
2019-10-09,40.09,40.2895,40.0,40.2008,6577
2019-10-10,40.2035,40.3799,40.2035,40.2811,3679
2019-10-11,40.5358,40.6,40.3706,40.3706,5362
2019-10-14,40.32,40.4372,40.245,40.2662,2756
2019-10-15,40.41,40.42,40.27,40.3282,52341
2019-10-16,40.085,40.2924,40.075,40.2924,12252
2019-10-17,40.47,40.47,40.3402,40.37,4404
2019-10-18,40.3273,40.3595,40.2596,40.3243,1450
2019-10-21,40.48,40.48,40.31,40.41,5864
2019-10-22,40.56,40.56,39.91,39.91,6261
2019-10-23,39.83,39.9499,39.83,39.9243,3312
2019-10-24,40.1856,40.26,40.1101,40.2389,20920
2019-10-25,40.23,40.23,40.09,40.13,20533
2019-10-28,40.219,40.219,40.13,40.1843,4176
2019-10-29,40.286,40.42,40.273,40.2876,2073
2019-10-30,40.32,40.58,40.32,40.58,1004
2019-10-31,40.58,40.61,40.38,40.48,3037
2019-11-01,40.6,40.6,40.35,40.393,19249
2019-11-04,40.49,40.63,39.97,40.01,139457
2019-11-05,40.02,40.02,39.63,39.71,39195
2019-11-06,39.83,39.9751,39.83,39.9751,132296
2019-11-07,40.08,40.095,39.91,39.9171,155377
2019-11-08,39.97,40.07,39.92,40.025,157823
2019-11-11,40.02,40.0526,39.9901,40.0102,4647
2019-11-12,40.06,40.28,40.06,40.1871,5324
2019-11-13,40.31,40.6137,40.3,40.5873,3358
2019-11-14,40.51,40.6291,40.4846,40.6291,14197
2019-11-15,40.62,40.7441,40.62,40.7441,11824
2019-11-18,40.8936,40.9369,40.85,40.8575,25846
2019-11-19,40.94,41.0898,40.94,41.0243,3151
2019-11-20,41.05,41.165,40.86,41.03,20427
2019-11-21,40.88,40.88,40.71,40.7358,9601
2019-11-22,40.82,40.82,40.6,40.6813,11960
2019-11-25,40.76,40.901,40.76,40.8655,9349
2019-11-26,40.9,41.2689,40.9,41.2689,5926
2019-11-27,41.29,41.39,41.2017,41.39,16105
2019-11-29,41.29,41.29,41.2766,41.2766,719
2019-12-02,41.32,41.32,40.8375,40.9133,3477
2019-12-03,40.67,40.868,40.61,40.868,6276
2019-12-04,41.0783,41.0783,40.93,41.0566,14199
2019-12-05,41.04,41.0675,40.93,41.0405,5995
2019-12-06,41.26,41.32,41.21,41.2259,7151
2019-12-09,41.13,41.28,41.13,41.139,1251
2019-12-10,41.14,41.169,41.065,41.065,3733
2019-12-11,41.105,41.14,40.98,41.1345,6286
2019-12-12,41.36,41.36,41.13,41.28,10231
2019-12-13,41.4592,41.5061,41.35,41.5061,2288
2019-12-16,41.61,41.7212,41.61,41.7182,4453
2019-12-17,41.7,41.7,41.65,41.6559,2280
2019-12-18,41.64,41.67,41.64,41.6502,2798
2019-12-19,41.6761,41.8804,41.67,41.8804,3866
2019-12-20,42.1,42.21,42.1,42.21,3424
2019-12-23,42.14,42.14,41.8591,41.8591,5590
2019-12-24,41.86,41.92,41.81,41.92,3117
2019-12-26,41.9,41.98,41.9,41.9746,1866
2019-12-27,42.0772,42.12,42.073,42.0926,13078
2019-12-30,41.8675,41.8675,41.8225,41.845,5931
2019-12-31,41.87,41.91,41.7353,41.91,7084
2020-01-02,42.1217,42.1494,41.9617,42.1494,10205
2020-01-03,41.7,42.1165,41.7,42.019,41741
2020-01-06,41.79,42.05,41.79,42.05,4080
2020-01-07,42.02,42.02,41.81,41.81,8641
2020-01-08,41.8,42.2,41.77,42.02,14362
2020-01-09,42.288,42.47,42.288,42.45,13051
2020-01-10,42.4997,42.53,42.3986,42.3986,24914
2020-01-13,42.46,42.7079,42.46,42.7079,4325
2020-01-14,42.6682,42.72,42.61,42.6219,4579
2020-01-15,42.66,43.07,42.66,43.02,16799
2020-01-16,43.1958,43.355,43.1958,43.355,21391
2020-01-17,43.43,43.6264,43.43,43.6264,6627
2020-01-21,43.52,43.74,43.52,43.69,5676
2020-01-22,43.98,44.0239,43.815,43.8208,8026
2020-01-23,43.6348,43.823,43.6348,43.823,9062
2020-01-24,43.9428,43.95,43.5401,43.6067,1957
2020-01-27,42.95,43.36,42.8405,43.1957,5876
2020-01-28,43.485,43.5846,43.485,43.5441,4997
2020-01-29,43.61,43.79,43.365,43.489,10504
2020-01-30,43.36,43.9079,43.36,43.9079,8998
2020-01-31,43.5,43.5,43.17,43.17,3017
2020-02-03,43.39,43.833,41.11,43.6157,21596
2020-02-04,43.98,44.34,43.98,44.1231,25607
2020-02-05,44.33,44.335,44.0,44.1216,18344
2020-02-06,44.16,44.3568,44.16,44.3469,140424
2020-02-07,44.2552,44.3251,44.16,44.1887,8244
2020-02-10,44.08,44.6118,44.08,44.6118,25478
2020-02-11,44.61,44.8787,44.58,44.58,12835
2020-02-12,44.57,44.7299,44.57,44.7299,1923
2020-02-13,44.56,44.9859,44.56,44.8327,4713
2020-02-14,44.87,45.1128,44.87,45.1128,23746
2020-02-18,45.14,45.189,45.0344,45.1554,17044
2020-02-19,45.27,45.315,45.2147,45.2147,2427
2020-02-20,44.881,45.0298,44.59,45.0298,3162
2020-02-21,44.655,44.7,44.6397,44.6397,1217
2020-02-24,43.6938,43.84,43.35,43.4592,9616
2020-02-25,43.47,43.712,42.2217,42.3003,17558
2020-02-26,42.35,42.88,42.1012,42.1357,18521
2020-02-27,41.21,41.76,40.09,40.09,36293
2020-02-28,39.3955,39.59,38.48,39.59,100045
2020-03-02,39.93,41.78,39.93,41.78,17200
2020-03-03,41.95,42.43,40.55,40.75,13866
2020-03-04,41.51,42.59,41.51,42.57,7721
2020-03-05,41.71,42.0,41.46,41.467,2587
2020-03-06,40.33,41.04,39.94,41.04,15167
2020-03-09,37.81,39.78,37.7001,38.7824,58398
2020-03-10,39.89,40.174,38.3401,40.174,31565
2020-03-11,39.02,39.102,37.845,38.4162,8516
2020-03-12,35.55,36.4769,34.44,35.1584,54522
2020-03-13,36.93,37.5605,35.07,37.5605,14164
2020-03-16,34.06,35.6072,31.7935,31.7935,111290
2020-03-17,35.0,35.86,33.68,35.04,182522
2020-03-18,33.24,34.3567,32.7008,34.12,14472
2020-03-19,33.86,34.69,33.4563,34.0523,8599
2020-03-20,34.44,34.44,32.271,32.17307,5581
2020-03-23,32.24,32.24,30.33,31.0568,19101
2020-03-24,32.52,33.95,32.52,33.95,8096
2020-03-25,34.2,35.5,33.736,34.419,12742
2020-03-26,34.75,36.4809,34.75,36.4809,30361
2020-03-27,35.45,35.795,35.33,35.59,10198
2020-03-30,36.09,36.9883,35.99,36.9883,36980
2020-03-31,37.38,37.38,35.91,36.0152,63841
2020-04-01,34.5,35.243,34.33,34.5428,29924
2020-04-02,34.8,35.5463,33.59,35.5463,48035
2020-04-03,35.5602,35.586,34.76,35.0857,11494
2020-04-06,36.5,37.53,36.3224,37.53,4808
2020-04-07,38.58,38.58,37.13,37.13,12220
2020-04-08,37.5046,38.4244,37.48,38.4244,2778
2020-04-09,39.115,39.29,38.9905,39.1253,20421
2020-04-13,38.57,38.57,38.0301,38.4517,34413
2020-04-14,39.33,39.77,39.33,39.77,2319
2020-04-15,39.0,39.015,38.8521,38.8636,2335
2020-04-16,38.791,39.3,38.791,39.3,3070
2020-04-17,40.32,40.32,39.6698,40.2748,5724
2020-04-20,39.72,40.01,39.4499,39.4499,34750
2020-04-21,38.62,38.6899,38.091,38.3204,6080
2020-04-22,39.041,39.4022,39.0401,39.4022,6194
2020-04-23,39.3916,39.3916,39.0006,39.0006,3414
2020-04-24,39.1,39.32,38.95,39.32,4147
2020-04-27,39.72,39.874,39.51,39.874,3259
2020-04-28,40.32,40.32,39.5045,39.5045,47091
2020-04-29,40.0296,40.47,40.0296,40.3113,4162
2020-04-30,40.081,40.081,39.7601,40.0164,8550
2020-05-01,39.496,39.59,39.1636,39.1636,9278
2020-05-04,38.96,39.5709,38.96,39.5709,7639
2020-05-05,40.07,40.466,40.07,40.144,1565
2020-05-06,40.46,40.46,39.9393,39.9393,7259
2020-05-07,40.4,40.5157,40.22,40.29,4227
2020-05-08,40.45,40.9039,40.45,40.9039,14575
2020-05-11,40.86,41.27,40.86,41.1629,6480
2020-05-12,41.065,41.1422,40.3576,40.3576,30678
2020-05-13,40.21,40.3063,39.465,39.8627,10100
2020-05-14,39.67,40.2077,39.2001,40.2077,18048
2020-05-15,39.82,40.46,39.82,40.46,12640
2020-05-18,41.71,41.7507,41.3995,41.6,8329
2020-05-19,42.24,42.24,41.3044,41.3044,4101
2020-05-20,41.787,41.8347,41.59,41.704,10616
2020-05-21,41.7,41.7,41.26,41.26,2863
2020-05-22,41.24,41.53,41.231,41.5191,2295
2020-05-26,42.35,42.35,41.55,41.64,8927
2020-05-27,41.41,41.951,41.19,41.951,2258
2020-05-28,42.06,42.72,42.06,42.3226,5100
2020-05-29,42.4,42.7363,42.2,42.7363,2435
2020-06-01,42.73,42.9399,42.67,42.8,296117
2020-06-02,43.08,43.09,42.71,43.09,28753
2020-06-03,43.2,43.4399,43.2,43.387,14484
2020-06-04,43.14,43.3,42.75,42.822,9936
2020-06-05,43.7739,43.84,43.7339,43.7339,2282
2020-06-08,43.88,44.08,43.54,44.08,5732
2020-06-09,43.82,44.19,43.771,44.07,7960
2020-06-10,44.245,44.61,44.21,44.5014,5390
2020-06-11,43.54,43.54,42.12,42.1261,4527
2020-06-12,43.03,43.03,42.09,42.6208,2960
2020-06-15,41.5,43.05,41.5,42.8521,1975
2020-06-16,44.02,44.02,43.5057,43.5057,2225
2020-06-17,43.842,43.97,43.6199,43.6698,4067
2020-06-18,43.557,43.6856,43.48,43.6856,1604
2020-06-19,44.37,44.37,43.44,43.35745,14206
2020-06-22,43.56,43.7307,43.4692,43.7307,2769
2020-06-23,44.07,44.21,43.86,43.86,4372
2020-06-24,43.77,43.77,42.64,42.8946,158757
2020-06-25,42.91,43.2626,42.59,43.2626,1860
2020-06-26,43.3,43.3,42.39,42.39,6027
2020-06-29,42.37,42.93,42.22,42.93,157693
2020-06-30,43.41,43.67,43.21,43.67,11220
2020-07-01,43.735,44.065,43.735,43.9111,1986
2020-07-02,44.44,44.44,44.0101,44.0101,1516
2020-07-06,44.72,44.73,44.4435,44.6034,3765
2020-07-07,44.805,44.83,44.4016,44.4016,3607
2020-07-08,44.78,44.887,44.4555,44.887,4583
2020-07-09,45.07,45.07,44.422,44.838,5412
2020-07-10,44.7336,45.0749,44.7336,45.0749,6281
2020-07-13,45.41,45.6109,44.4087,44.4087,1348
2020-07-14,44.21,45.1219,44.21,45.1219,3096
2020-07-15,45.42,45.545,45.1,45.2599,2405
2020-07-16,45.13,45.13,44.9,45.0691,1918
2020-07-17,45.25,45.52,45.101,45.4548,16396
2020-07-20,45.7521,46.0783,45.7521,46.0783,1539
2020-07-21,46.1744,46.1744,45.8494,45.8494,4247
2020-07-22,46.09,46.4087,46.09,46.4087,5354
2020-07-23,46.28,46.4975,45.59,45.6771,4350
2020-07-24,45.46,45.77,45.36,45.63,1294
2020-07-27,45.865,46.049,45.865,46.022,10054
2020-07-28,46.07,46.122,45.7863,45.7863,4480
2020-07-29,46.3289,46.45,46.281,46.377,6165
2020-07-30,46.41,46.5007,46.39,46.5007,2557
2020-07-31,46.98,47.02,46.29,47.017,5549
2020-08-03,47.53,47.69,47.475,47.6217,2254
2020-08-04,47.755,47.8714,47.62,47.8714,10343
2020-08-05,48.0375,48.0499,47.9579,47.9941,9971
2020-08-06,47.9899,48.4034,47.986,48.4034,3721
2020-08-07,47.9199,48.25,47.9199,48.1809,2284
2020-08-10,48.0961,48.0961,48.0,48.019,1372
2020-08-11,47.83,47.967,47.3258,47.3258,12845
2020-08-12,47.66,48.4799,47.66,48.3388,5164
2020-08-13,48.505,48.6699,48.34,48.4683,2423
2020-08-14,48.49,48.53,48.3362,48.3755,2548
2020-08-17,48.61,48.9271,48.61,48.88,4027
2020-08-18,48.7,48.9799,48.7,48.92,5275
2020-08-19,49.0,49.0699,48.765,48.765,3363
2020-08-20,48.78,49.2,48.7799,49.2,8925
2020-08-21,49.3161,49.6055,49.2929,49.6055,4071
2020-08-24,50.28,50.28,49.57,49.788,7250
2020-08-25,49.78,49.9691,49.695,49.9691,26160
2020-08-26,50.05,50.4877,50.05,50.4877,6333
2020-08-27,50.7033,50.7033,50.3897,50.4631,4240
2020-08-28,50.53,50.92,50.53,50.899,6838
2020-08-31,51.0,51.19,50.9499,51.01,27871
2020-09-01,51.08,51.4295,51.08,51.4295,5599
2020-09-02,51.95,52.302,51.7043,52.302,5144
2020-09-03,51.669,51.669,49.805,49.9834,11922
2020-09-04,49.8,49.8,48.09,49.22,330957
2020-09-08,48.14,48.577,47.8266,47.8266,11360
2020-09-09,48.36,49.45,48.36,49.2488,14625
2020-09-10,49.53,49.53,48.225,48.32,13384
2020-09-11,48.32,48.32,47.72,48.1158,9225
2020-09-14,48.74,49.075,48.74,49.0271,2726
2020-09-15,49.615,49.66,49.2591,49.4617,4848
2020-09-16,49.4151,49.4908,48.9345,48.9345,2501
2020-09-17,48.12,48.759,48.1137,48.52,255820
2020-09-18,48.28,48.28,47.7082,47.74144,1102
2020-09-21,46.88,47.6538,46.88,47.6538,2222
2020-09-22,48.3725,48.8138,48.36,48.8138,6176
2020-09-23,48.61,48.61,47.4636,47.4636,4068
2020-09-24,47.66,48.09,47.5,47.709,47402
2020-09-25,47.69,48.78,47.52,48.7447,14592
2020-09-28,49.21,49.46,49.12,49.4322,11162
2020-09-29,49.5564,49.78,49.4526,49.5231,16754
2020-09-30,49.56,50.2277,49.5224,49.98,7660
2020-10-01,50.41,50.52,50.24,50.5,105308
2020-10-02,49.9052,50.0731,49.31,49.31,5817
2020-10-05,50.0469,50.445,50.0469,50.445,9145
2020-10-06,51.0,51.0,49.6109,49.6109,6579
2020-10-07,50.46,50.55,50.135,50.5256,10325
2020-10-08,50.61,50.65,50.43,50.6004,11839
2020-10-09,50.73,51.19,50.73,51.1663,15800
2020-10-12,51.86,52.71,51.69,52.4122,19498
2020-10-13,52.25,52.6314,52.23,52.4517,15784
2020-10-14,52.455,52.455,51.6899,51.9447,2767
2020-10-15,51.21,51.49,51.195,51.49,116067
2020-10-16,52.029,52.029,51.41,51.41,5581
2020-10-19,51.875,51.875,50.5144,50.5144,1482
2020-10-20,50.92,51.2899,50.69,50.8106,172877
2020-10-21,50.89,51.1621,50.594,50.6798,7767
2020-10-22,50.4959,50.4959,49.9449,50.3342,3977
2020-10-23,50.4587,50.65,50.321,50.6315,2571
2020-10-26,50.25,50.6599,49.58,49.9358,5055
2020-10-27,50.0527,50.4299,50.0527,50.2,235419
2020-10-28,49.4416,49.4488,48.558,48.558,24410
2020-10-29,48.93,49.58,48.93,49.3555,23687
2020-10-30,48.74,48.74,47.54,47.8393,3480
2020-11-02,48.56,48.8199,47.96,48.2553,7278
2020-11-03,48.71,49.3666,48.49,49.1701,13167
2020-11-04,50.37,51.52,50.37,51.12,76683
2020-11-05,52.38,52.83,52.04,52.3992,43690
2020-11-06,52.38,52.75,52.1,52.5815,13767
2020-11-09,53.79,53.79,50.61,51.1,213180
2020-11-10,50.3604,50.3604,49.707,49.7712,180760
2020-11-11,50.71,50.989,50.5978,50.9572,6285
2020-11-12,51.17,51.268,50.6288,50.657,2880
2020-11-13,50.9497,51.0259,50.7,51.0259,43416
2020-11-16,50.98,51.27,50.97,51.0983,7817
2020-11-17,51.09,51.1409,50.9099,50.9377,2661
2020-11-18,50.93,50.93,50.3625,50.3625,5927
2020-11-19,50.27,50.61,50.27,50.5856,18517
2020-11-20,50.6,50.73,50.39,50.43,7925
2020-11-23,50.61,50.61,49.89,50.25,274946
2020-11-24,50.0914,50.4511,50.0689,50.4096,4417
2020-11-25,50.6389,50.83,50.6,50.7848,6164
2020-11-27,51.244,51.244,51.09,51.1203,396
2020-11-30,51.26,51.52,50.84,51.52,10019
2020-12-01,51.89,52.04,51.7,51.9964,3770
2020-12-02,52.28,52.28,51.6209,51.81,5853
2020-12-03,51.73,51.9685,51.4793,51.4793,4596
2020-12-04,51.53,51.751,51.53,51.751,3180
2020-12-07,51.91,52.09,51.87,51.9692,5734
2020-12-08,51.88,52.15,51.8601,52.055,3302
2020-12-09,51.9,51.9299,51.0929,51.27,4565
2020-12-10,51.415,51.435,51.3301,51.3752,13891
2020-12-11,51.115,51.231,50.92,51.231,2366
2020-12-14,51.8901,51.8901,51.5638,51.6491,7599
2020-12-15,51.865,52.0724,51.7,52.0724,1911
2020-12-16,52.1947,52.575,52.1947,52.4661,3220
2020-12-17,53.31,53.31,52.69,52.8194,4169
2020-12-18,52.9,52.9,52.4134,52.61714,9158
2020-12-21,52.23,52.5576,51.6381,52.4478,8669
2020-12-22,52.54,52.65,52.35,52.6314,5375
2020-12-23,53.0,53.0,52.3485,52.3485,161875
2020-12-24,52.32,52.4247,52.2862,52.4247,693
2020-12-28,52.8,52.893,52.6645,52.8808,1808
2020-12-29,53.73,53.73,52.7586,52.8283,5222
2020-12-30,52.97,52.97,52.71,52.7439,15307
2020-12-31,52.7,52.91,52.563,52.91,9692
2021-01-04,53.04,53.04,51.765,52.1819,6439
2021-01-05,51.93,52.62,51.93,52.601,20521
2021-01-06,52.59,52.59,51.81,51.82,10714
2021-01-07,52.445,53.01,52.445,52.84,2845
2021-01-08,53.23,53.42,52.8,53.33,79103
2021-01-11,53.1,53.4,52.9784,52.9784,5993
2021-01-12,53.17,53.17,52.575,52.7021,2233
2021-01-13,52.7131,53.15,52.66,52.9954,9514
2021-01-14,53.22,53.22,52.58,52.59,8235
2021-01-15,52.3,52.625,52.3,52.4088,3949
2021-01-19,52.41,53.0512,52.41,53.0512,9940
2021-01-20,53.51,54.2822,53.51,54.2472,8309
2021-01-21,54.58,54.639,54.3,54.6347,7050
2021-01-22,54.731,54.81,54.67,54.706,3877
2021-01-25,55.1723,55.1723,54.61,55.0339,3816
2021-01-26,54.97,55.1885,54.97,54.9976,4030
2021-01-27,53.97,54.33,52.9629,53.3777,34492
2021-01-28,54.17,54.42,53.6,53.6,234576
2021-01-29,53.3452,53.5701,52.66,53.0049,12885
2021-02-01,53.35,53.94,52.965,53.76,13172
2021-02-02,54.13,54.6799,54.13,54.4773,52391
2021-02-03,54.85,54.85,54.15,54.15,8468
2021-02-04,54.45,54.66,54.1906,54.66,289488
2021-02-05,54.69,54.75,54.51,54.6661,7249
2021-02-08,55.08,55.13,54.85,55.0664,3766
2021-02-09,55.1943,55.34,55.0484,55.0484,2856
2021-02-10,55.28,55.3599,54.7857,55.0894,6624
2021-02-11,55.258,55.4797,55.1489,55.3578,45477
2021-02-12,55.87,55.87,55.3298,55.6966,5772
2021-02-16,56.37,56.37,55.4389,55.487,5870
2021-02-17,55.15,55.3095,54.9089,55.3095,3634
2021-02-18,54.733,55.03,54.61,55.0083,15634
2021-02-19,54.9057,54.9457,54.4938,54.4938,5855
2021-02-22,54.0,54.0,53.3774,53.3774,6571
2021-02-23,52.93,53.1906,52.0,53.1388,7629
2021-02-24,53.19,53.2957,52.5645,53.293,7142
2021-02-25,53.205,53.205,51.6701,51.765,244826
2021-02-26,52.2503,52.3591,51.62,52.241,2910
2021-03-01,52.57,53.63,52.57,53.63,163049
2021-03-02,52.93,53.15,52.51,52.57,44823
2021-03-03,52.45,52.45,51.075,51.075,5616
2021-03-04,51.07,51.3188,49.815,49.9907,20859
2021-03-05,50.43,50.9,49.27,50.864,5874
2021-03-08,51.03,51.03,49.752,49.752,19880
2021-03-09,50.995,51.5757,50.995,51.3336,4400
2021-03-10,51.64,51.8686,51.2633,51.2633,5035
2021-03-11,51.89,52.45,51.89,52.2869,39974
2021-03-12,51.8,52.0428,51.4914,52.0044,4326
2021-03-15,51.81,52.4736,51.81,52.4736,3210
2021-03-16,53.1582,53.2132,52.79,52.807,21565
2021-03-17,52.085,52.7011,52.085,52.7011,1365
2021-03-18,51.94,52.198,51.5353,51.5353,3004
2021-03-19,51.6831,52.0499,51.6831,51.89913,5558
2021-03-22,52.38,53.08,52.38,52.7696,2133
2021-03-23,53.22,53.22,52.3196,52.3222,1513
2021-03-24,52.78,52.78,51.4335,51.4335,6394
2021-03-25,51.1237,51.3877,50.694,51.3877,26185
2021-03-26,51.6668,52.1749,51.5246,52.1749,3394
2021-03-29,51.96,52.2117,51.9268,52.071,2961
2021-03-30,51.58,51.99,51.58,51.9157,1409
2021-03-31,52.62,53.22,52.62,53.026,11713
2021-04-01,53.43,53.8612,53.43,53.7258,6394
2021-04-05,54.18,54.82,54.18,54.7692,3811
2021-04-06,54.925,55.0399,54.6431,54.6431,14536
2021-04-07,54.87,54.8788,54.492,54.6727,3361
2021-04-08,55.2881,55.3382,55.2107,55.2767,130604
2021-04-09,55.51,55.83,55.315,55.83,7864
2021-04-12,55.86,56.06,55.6953,56.0193,3281
2021-04-13,56.5593,56.9525,56.545,56.9433,9910
2021-04-14,57.15,57.61,56.1044,56.1044,15223
2021-04-15,56.6659,57.1167,56.6659,57.1167,18065
2021-04-16,57.49,57.49,56.84,57.1289,22805
2021-04-19,56.59,56.81,56.2,56.4108,4111
2021-04-20,56.68,56.7,55.751,55.9613,10584
2021-04-21,56.05,56.5533,55.9637,56.5519,5431
2021-04-22,56.53,56.6,55.8376,55.8376,3454
2021-04-23,56.4305,56.7449,56.4305,56.6646,2603
2021-04-26,56.99,57.12,56.825,57.0916,1548
2021-04-27,56.83,56.95,56.78,56.8872,12727
2021-04-28,56.47,56.69,56.44,56.4597,7957
2021-04-29,56.71,56.71,55.75,56.1984,23566
2021-04-30,55.83,56.23,55.83,55.87,3677
2021-05-03,56.02,56.22,55.56,55.58,22790
2021-05-04,55.0,55.0,54.19,54.68,14623
2021-05-05,55.05,55.1792,54.76,54.7504,68776
2021-05-06,55.0,55.14,54.39,55.1368,10625
2021-05-07,55.37,55.9078,55.37,55.6,5626
2021-05-10,55.09,55.09,54.2986,54.2986,3578
2021-05-11,53.68,54.28,53.225,54.25,11952
2021-05-12,53.76,53.76,52.515,52.5595,9418
2021-05-13,52.93,53.41,52.7592,52.9801,14315
2021-05-14,53.4632,54.0499,53.4625,54.0499,40321
2021-05-17,53.6,53.83,53.2939,53.6689,10880
2021-05-18,53.83,53.9689,53.3803,53.3803,22003
2021-05-19,52.6575,53.33,52.6288,53.33,11926
2021-05-20,53.9,54.36,53.9,54.2492,7159
2021-05-21,54.58,54.58,54.065,54.0651,3884
2021-05-24,54.6886,55.17,54.6886,54.9518,8769
2021-05-25,55.07,55.14,54.86,54.9675,5630
2021-05-26,55.11,55.2799,55.0779,55.1564,12584
2021-05-27,55.26,55.3789,55.25,55.33,6568
2021-05-28,55.595,55.65,55.43,55.43,1540
2021-06-01,55.1965,55.1965,55.0001,55.055,3639
2021-06-02,55.17,55.3,54.9296,55.0472,12870
2021-06-03,54.66,54.94,54.49,54.5628,134298
2021-06-04,54.74,55.46,54.74,55.34,5628
2021-06-07,55.66,55.66,55.19,55.5142,15614
2021-06-08,55.69,55.845,55.2653,55.48,2419
2021-06-09,55.605,55.6268,55.402,55.4457,2069
2021-06-10,55.99,56.07,55.73,55.9872,3675
2021-06-11,56.16,56.19,55.9825,56.1605,1925
2021-06-14,56.198,56.66,56.198,56.66,18631
2021-06-15,56.36,56.4866,56.1993,56.1993,1662
2021-06-16,56.42,56.44,55.76,56.19,12700
2021-06-17,56.598,57.0,56.598,56.9333,4685
2021-06-18,56.75,56.82,56.61,56.55517,4169
2021-06-21,56.3715,56.9042,56.3715,56.8792,4738
2021-06-22,56.95,57.56,56.95,57.4911,2434
2021-06-23,57.74,57.872,57.74,57.7989,3585
2021-06-24,58.36,58.56,58.2921,58.2921,4356
2021-06-25,58.34,58.42,58.1926,58.23,3613
2021-06-28,58.32,59.0466,58.32,59.0366,20834
2021-06-29,59.2557,59.3338,59.2159,59.3338,1462
2021-06-30,59.06,59.3799,59.06,59.3386,21094
2021-07-01,59.36,59.434,59.023,59.2834,3330
2021-07-02,59.66,59.98,59.66,59.98,2165
2021-07-06,60.0,60.191,59.695,60.1726,5580
2021-07-07,60.49,60.49,60.0716,60.34,25343
2021-07-08,59.3,60.0,58.71,59.8479,3362
2021-07-09,59.9,60.3954,59.801,60.3954,6526
2021-07-12,60.62,60.7899,60.62,60.77,3324
2021-07-13,60.93,61.0799,60.5424,60.5424,2562
2021-07-14,60.783,60.945,60.4475,60.4475,3951
2021-07-15,60.36,60.36,59.76,59.9469,13504
2021-07-16,59.99,59.99,59.305,59.3287,3326
2021-07-19,58.51,58.985,58.46,58.9602,4849
2021-07-20,59.17,59.95,59.08,59.84,16978
2021-07-21,59.8241,60.1683,59.8241,60.1683,6914
2021-07-22,60.32,60.5848,60.32,60.5848,1257
2021-07-23,60.8187,61.2,60.74,61.2,4448
2021-07-26,61.0689,61.24,61.01,61.133,3467
2021-07-27,60.85,60.86,59.7012,60.48,154895
2021-07-28,60.5,60.8075,60.285,60.6838,72121
2021-07-29,60.88,61.215,60.8514,61.139,107289
2021-07-30,60.4,60.8199,60.4,60.6607,5858
2021-08-02,61.0312,61.3,60.7427,60.84,7724
2021-08-03,61.13,61.4,60.66,61.4,7077
2021-08-04,61.55,61.63,61.28,61.35,10790
2021-08-05,61.77,61.77,61.6,61.736,5204
2021-08-06,61.71,61.71,61.39,61.4,2583
2021-08-09,61.57,61.6536,61.4401,61.4483,9581
2021-08-10,61.52,61.54,61.08,61.1765,15011
2021-08-11,61.5,61.5,60.88,61.1623,2385
2021-08-12,61.085,61.52,61.0546,61.4735,6139
2021-08-13,61.66,61.71,61.57,61.71,4324
2021-08-16,61.66,61.76,61.02,61.76,3397
2021-08-17,61.05,61.2,60.52,60.91,9783
2021-08-18,60.81,61.2651,60.34,60.34,5399
2021-08-19,60.0,60.889,60.0,60.7175,12630
2021-08-20,60.86,61.49,60.86,61.459,34968
2021-08-23,62.224,62.4001,62.224,62.25,2566
2021-08-24,62.3372,62.4346,62.27,62.32,24400
2021-08-25,62.485,62.537,62.44,62.537,13353
2021-08-26,62.4537,62.4971,62.09,62.1,109898
2021-08-27,62.2832,62.86,62.2832,62.7737,1717
2021-08-30,63.3141,63.65,63.3141,63.5924,5633
2021-08-31,63.79,63.79,63.2365,63.4468,7085
2021-09-01,63.63,63.76,63.38,63.38,4731
2021-09-02,63.72,63.8019,63.4582,63.54,13928
2021-09-03,63.861,63.93,63.7799,63.8583,4691
2021-09-07,63.99,63.99,63.655,63.8694,4451
2021-09-08,63.678,63.678,63.34,63.5949,2379
2021-09-09,63.7762,63.779,63.1932,63.1932,6878
2021-09-10,63.68,63.68,62.81,62.8553,2567
2021-09-13,62.86,62.86,62.286,62.595,2788
2021-09-14,62.92,62.9397,62.4763,62.509,3099
2021-09-15,62.45,63.05,62.42,63.05,2145
2021-09-16,62.66,63.0579,62.5063,63.0579,3937
2021-09-17,62.665,62.7405,62.48,62.47107,2996
2021-09-20,61.0773,61.3407,60.56,61.25,17492
2021-09-21,61.46,61.477,61.04,61.3423,7565
2021-09-22,61.82,62.4,61.82,62.1542,5283
2021-09-23,63.1804,63.5722,63.1804,63.2874,2740
2021-09-24,63.0546,63.2659,63.05,63.06,2636
2021-09-27,63.2485,63.2485,63.0045,63.0045,4885
2021-09-28,62.0,62.0,61.5,61.5273,3557
2021-09-29,61.5753,61.8246,61.2,61.2,6287
2021-09-30,61.465,61.465,60.4083,60.4083,6445
2021-10-01,60.29,61.22,59.8837,61.069,4396
2021-10-04,60.87,60.87,60.0107,60.2396,4048
2021-10-05,61.0958,61.3881,61.0958,61.1203,2458
2021-10-06,60.2578,60.9503,60.2578,60.9503,5077
2021-10-07,61.39,62.1946,61.39,61.6962,3531
2021-10-08,61.8773,61.8773,61.6,61.6489,5960
2021-10-11,61.935,62.1038,61.2006,61.2006,3257
2021-10-12,60.9635,61.2534,60.9635,61.0885,1680
2021-10-13,60.8611,61.3401,60.8611,61.3401,9052
2021-10-14,62.15,62.465,62.15,62.4439,2284
2021-10-15,63.0486,63.0822,62.925,62.9759,2566
2021-10-18,63.14,63.4461,63.14,63.41,31892
2021-10-19,63.61,63.75,63.5573,63.6594,40219
2021-10-20,63.56,63.9763,63.56,63.77,24888
2021-10-21,63.87,63.9584,63.6871,63.9584,15056
2021-10-22,64.0,64.0,63.7536,63.9277,2530
2021-10-25,63.83,64.27,63.83,64.2034,149045
2021-10-26,64.67,64.67,64.15,64.213,7555
2021-10-27,64.32,64.51,64.0,64.0,1972
2021-10-28,64.47,64.6346,64.36,64.6346,8431
2021-10-29,64.55,64.86,64.55,64.86,172581
2021-11-01,64.81,64.81,64.603,64.603,52487
2021-11-02,64.9,65.1278,64.71,65.1278,2214
2021-11-03,65.18,65.2913,64.7,65.2787,4834
2021-11-04,65.06,65.2986,64.9306,65.0944,27917
2021-11-05,65.4558,65.48,64.93,65.1553,5922
2021-11-08,65.52,65.5854,65.4001,65.4501,2898
2021-11-09,65.604,65.604,65.18,65.3505,2035
2021-11-10,65.05,65.1699,64.415,64.6238,20510
2021-11-11,64.9383,65.0151,64.76,64.8099,4263
2021-11-12,65.1,65.505,65.1,65.505,2508
2021-11-15,65.4648,65.5382,65.3749,65.3749,2168
2021-11-16,65.47,65.8307,65.445,65.5881,4203
2021-11-17,65.0878,65.2419,65.0878,65.2391,4427
2021-11-18,65.174,65.43,64.96,65.2863,27226
2021-11-19,65.25,65.25,65.07,65.0754,2162
2021-11-22,65.72,65.72,65.1824,65.1824,4891
2021-11-23,64.93,65.3051,64.8794,65.3051,3833
2021-11-24,64.9629,65.3671,64.9629,65.3509,4569
2021-11-26,64.23,64.23,63.7333,63.8953,3774
2021-11-29,64.95,64.992,64.34,64.78,6164
2021-11-30,64.23,64.23,62.9721,62.9721,27623
2021-12-01,63.825,64.3113,62.11,62.11,24509
2021-12-02,62.37,63.7652,62.37,63.4813,17476
2021-12-03,63.68,63.68,62.45,62.9198,16784
2021-12-06,63.22,63.7817,63.19,63.41,12517
2021-12-07,64.3,65.12,64.3,64.8792,5450
2021-12-08,64.8,64.9482,64.56,64.9482,889
2021-12-09,64.62,64.9099,64.5277,64.5277,1275
2021-12-10,64.7089,64.9464,64.69,64.9464,1961
2021-12-13,64.35,64.35,64.06,64.1441,4511
2021-12-14,63.43,63.88,63.27,63.692,5147
2021-12-15,63.8,64.4046,63.24,64.4046,3202
2021-12-16,64.7405,65.08,64.235,64.235,2867
2021-12-17,63.5228,63.7828,62.87,63.04913,5554
2021-12-20,61.7,61.9123,61.26,61.9123,6404
2021-12-21,62.58,63.1571,62.4912,63.1571,3814
2021-12-22,63.24,63.675,63.24,63.675,3449
2021-12-23,64.07,64.2569,64.07,64.1678,17332
2021-12-27,64.3,64.8151,64.3,64.8151,3172
2021-12-28,64.96,64.99,64.6281,64.6281,1572
2021-12-29,64.7472,64.91,64.66,64.8392,2258
2021-12-30,64.89,64.9528,64.6578,64.6578,9380
2021-12-31,64.64,64.7999,64.4831,64.52,223084
2022-01-03,64.6,64.6,64.385,64.517,72304
2022-01-04,65.03,65.6209,65.03,65.5242,23553
2022-01-05,65.53,65.53,63.9227,63.9227,4431
2022-01-06,64.08,64.3564,64.0,64.16,3431
2022-01-07,64.37,64.37,63.85,64.056,2618
2022-01-10,63.43,63.833,62.87,63.833,141789
2022-01-11,63.93,64.3705,63.4905,64.3705,17642
2022-01-12,65.1063,65.1063,64.46,64.7087,7714
2022-01-13,65.1,65.1227,63.9666,63.9666,6148
2022-01-14,63.35,63.7724,63.0581,63.7724,6530
2022-01-18,62.84,62.84,62.115,62.1482,15669
2022-01-19,62.53,62.53,61.2758,61.2758,22011
2022-01-20,61.61,62.245,60.43,60.43,18679
2022-01-21,60.03,60.5802,59.26,59.3169,22279
2022-01-24,57.93,59.5201,57.2051,59.5201,38377
2022-01-25,57.94,59.37,57.94,58.8395,41196
2022-01-26,59.55,60.08,58.54,58.54,22394
2022-01-27,59.6663,59.7384,58.1874,58.3417,3697
2022-01-28,58.59,59.29,58.1866,59.2884,7365
2022-01-31,59.72,60.4127,59.56,60.4127,15544
2022-02-01,60.57,61.16,60.27,61.16,71668
2022-02-02,62.03,62.3973,62.03,62.3959,7204
2022-02-03,61.7539,62.105,60.94,60.94,17747
2022-02-04,61.2,61.2705,60.3969,61.162,33563
2022-02-07,61.27,61.355,60.74,60.7614,11794
2022-02-08,60.86,61.5161,60.68,61.5161,1878
2022-02-09,62.15,62.6674,62.15,62.6325,40412
2022-02-10,61.97,62.74,61.44,61.7018,4096
2022-02-11,61.4552,61.8005,60.045,60.402,5261
2022-02-14,60.2,60.2484,59.63,59.9187,3902
2022-02-15,60.57,60.8808,60.57,60.8378,2228
2022-02-16,60.6,61.1857,60.49,61.1539,9071
2022-02-17,60.195,60.195,59.3373,59.3373,2611
2022-02-18,59.1825,59.64,58.71,58.8238,15990
2022-02-22,58.6831,58.845,57.85,58.1086,44613
2022-02-23,59.04,59.04,57.0092,57.0092,55360
2022-02-24,55.46,58.0674,55.46,57.9853,94892
2022-02-25,58.31,59.4418,58.0161,59.4418,7426
2022-02-28,58.78,59.4066,58.59,59.181,7859
2022-03-01,59.34,59.34,57.6656,57.8737,10863
2022-03-02,58.45,59.38,58.45,59.16,130773
2022-03-03,59.67,59.67,58.64,58.88,4716
2022-03-04,58.05,58.05,57.35,57.8186,5337
2022-03-07,57.6,57.6,55.43,55.4337,14376
2022-03-08,55.56,56.91,55.25,55.4646,4613
2022-03-09,56.86,57.8325,56.86,57.4875,12207
2022-03-10,56.71,57.3282,56.6477,57.3282,4277
2022-03-11,57.405,57.58,56.6491,56.6491,16881
2022-03-14,56.985,56.985,56.036,56.1229,2531
2022-03-15,56.3901,57.1249,56.3901,57.0739,7526
2022-03-16,58.2301,58.94,57.7437,58.78,11689
2022-03-17,59.077,59.5068,58.73,59.5068,29301
2022-03-18,59.5925,60.2952,59.5131,60.15636,18981
2022-03-21,60.16,60.69,60.16,60.5418,8199
2022-03-22,60.78,61.116,60.78,60.9791,4851
2022-03-23,60.97,60.97,60.4,60.4,10151
2022-03-24,60.7501,61.3311,60.7501,61.3311,2323
2022-03-25,61.43,61.8143,61.43,61.8143,4581
2022-03-28,61.42,61.7658,61.2723,61.7658,14507
2022-03-29,62.2,62.2,61.8,62.1762,44078
2022-03-30,62.11,62.11,61.7901,61.89,4252
2022-03-31,61.92,61.9507,61.1444,61.1444,4372
2022-04-01,61.2109,61.2213,60.86,61.2213,6799
2022-04-04,61.15,61.4,61.04,61.27,86623
2022-04-05,61.3215,61.355,60.7,60.7,4404
2022-04-06,60.45,60.8561,60.35,60.76,9679
2022-04-07,60.68,61.2213,60.53,61.17,3188
2022-04-08,61.23,61.58,61.115,61.3423,54616
2022-04-11,60.7152,60.7152,60.12,60.12,61353
2022-04-12,60.7,60.83,59.8482,60.02,29590
2022-04-13,59.98,60.58,59.925,60.54,48421
2022-04-14,60.35,60.54,60.0029,60.0029,62409
2022-04-18,60.13,60.2986,59.8,60.01,82878
2022-04-19,60.47,60.73,60.3801,60.64,15910
2022-04-20,61.04,61.1925,60.85,60.92,7449
2022-04-21,61.2,61.25,59.81,59.8612,4635
2022-04-22,59.48,59.52,57.94,57.94,5210
2022-04-25,57.6,58.2,56.8001,58.09,8102
2022-04-26,57.95,58.01,57.1465,57.1465,39449
2022-04-27,56.81,57.47,56.6308,56.89,27636
2022-04-28,57.43,58.3707,56.99,58.06,57477
2022-04-29,57.76,57.76,55.93,55.93,9054
2022-05-02,55.93,56.38,55.0725,56.1394,32540
2022-05-03,56.32,56.97,56.22,56.57,25279
2022-05-04,56.79,58.327,56.55,58.25,30043
2022-05-05,57.65,57.84,56.1344,56.62,9189
2022-05-06,56.33,56.8956,55.96,56.6681,10913
2022-05-09,55.72,55.72,54.4678,54.6971,6982
2022-05-10,55.45,55.5949,54.4004,54.73,35278
2022-05-11,54.86,55.8875,54.485,54.485,53352
2022-05-12,54.1,54.4899,53.42,54.2197,45694
2022-05-13,55.08,55.68,55.06,55.485,61344
2022-05-16,55.36,56.0668,55.36,55.53,11947
2022-05-17,56.1654,56.4255,55.9317,56.37,13879
2022-05-18,56.04,56.04,54.0212,54.08,33513
2022-05-19,53.53,54.3822,53.4956,53.8436,29359
2022-05-20,54.3,54.3036,52.65,53.74,29339
2022-05-23,55.0398,55.07,54.65,54.886,10030
2022-05-24,54.295,54.625,53.94,54.6249,7469
2022-05-25,54.6036,55.435,54.6036,55.17,24875
2022-05-26,55.98,56.44,55.98,56.2055,32463
2022-05-27,56.7591,57.4,56.6906,57.4,22915
2022-05-31,57.21,57.5563,56.8,56.8,61794
2022-06-01,57.27,57.28,56.2,56.63,29215
2022-06-02,56.49,57.36,56.3244,57.36,11743
2022-06-03,56.99,57.0833,56.737,56.8746,51975
2022-06-06,57.52,57.6007,56.89,57.0294,27554
2022-06-07,56.79,57.79,56.79,57.68,7560
2022-06-08,57.63,57.745,57.1381,57.22,13222
2022-06-09,57.03,57.16,56.0,56.0,3889
2022-06-10,55.11,55.11,54.56,54.56,7185
2022-06-13,53.17,53.322,52.4341,52.63,36277
2022-06-14,52.6,53.03,52.03,52.23,89648
2022-06-15,52.9,53.0242,52.2221,52.6918,81126
2022-06-16,51.25,51.43,50.671,51.14,13682
2022-06-17,51.28,51.28,50.26,50.32895,48932
2022-06-21,51.2,52.22,51.2,52.01,25928
2022-06-22,51.39,52.3,51.39,51.88,13432
2022-06-23,51.9367,52.05,51.17,51.8,13561
2022-06-24,52.39,53.29,52.39,53.26,58612
2022-06-27,53.34,53.6154,53.25,53.38,12201
2022-06-28,53.95,54.03,52.7301,52.77,28684
2022-06-29,52.87,52.8944,52.3602,52.4733,7081
2022-06-30,51.94,52.31,51.615,51.91,4683
2022-07-01,52.13,52.49,51.58,52.38,11644
2022-07-05,51.44,52.0874,50.91,52.05,18458
2022-07-06,52.0,52.4278,51.6601,52.13,26438
2022-07-07,52.43,53.23,52.43,53.01,11334
2022-07-08,53.0,53.32,52.91,53.05,6025
2022-07-11,52.78,52.827,52.49,52.5106,2820
2022-07-12,52.3916,52.5939,51.96,52.01,7089
2022-07-13,51.6884,51.9849,51.59,51.59,8779
2022-07-14,50.4899,51.28,50.47,51.28,6209
2022-07-15,52.22,52.35,52.0635,52.35,16244
2022-07-18,52.7384,52.8099,51.9102,52.0166,6451
2022-07-19,52.9067,53.59,52.9067,53.5281,21825
2022-07-20,53.11,53.69,53.11,53.5523,8675
2022-07-21,53.46,53.733,53.11,53.733,32957
2022-07-22,53.72,53.72,53.09,53.1588,49879
2022-07-25,53.48,53.689,53.4236,53.689,4043
2022-07-26,53.7252,53.7252,53.0901,53.253,13921
2022-07-27,53.81,54.8333,53.71,54.6,17941
2022-07-28,54.87,55.336,54.5117,55.2311,594064
2022-07-29,55.65,56.1532,55.55,56.0152,22452
2022-08-01,55.46,55.85,55.44,55.6318,15616
2022-08-02,55.44,55.8825,55.27,55.3417,33911
2022-08-03,55.4,55.8698,55.4,55.7718,31324
2022-08-04,55.4343,55.45,55.24,55.25,17955
2022-08-05,54.94,55.54,54.8,55.51,51646
2022-08-08,55.47,55.7561,55.31,55.41,39567
2022-08-09,55.71,55.71,55.401,55.4939,14652
2022-08-10,56.27,56.46,56.2201,56.44,11109
2022-08-11,56.76,57.09,56.6772,56.77,17257
2022-08-12,56.95,57.6708,56.95,57.6708,14822
2022-08-15,57.38,57.81,57.1067,57.7445,14321
2022-08-16,57.81,58.0391,57.705,57.88,7737
2022-08-17,57.56,57.8497,57.28,57.538,22828
2022-08-18,57.82,58.025,57.69,57.9,15965
2022-08-19,57.5794,57.5794,57.1813,57.35,24404
2022-08-22,56.3403,56.54,56.2101,56.37,7482
2022-08-23,56.63,56.76,56.3564,56.47,18539
2022-08-24,56.3,56.73,56.3,56.65,12393
2022-08-25,56.99,57.3637,56.87,57.3637,14270
2022-08-26,56.82,57.2103,55.7273,55.7273,12727
2022-08-29,55.54,55.925,55.52,55.5914,27241
2022-08-30,55.424,55.424,54.665,54.9,5330
2022-08-31,54.97,54.97,54.36,54.36,4010
2022-09-01,53.868,54.27,53.59,54.27,13531
2022-09-02,54.8,55.02,53.64,53.87,22393
2022-09-06,53.8998,54.01,53.575,53.66,6371
2022-09-07,53.7,54.5001,53.67,54.37,10167
2022-09-08,54.2,54.8,54.2,54.7874,16525
2022-09-09,55.22,55.6441,55.22,55.5882,28641
2022-09-12,56.22,56.22,55.86,56.0196,6661
2022-09-13,55.27,55.27,53.82,53.9301,13224
2022-09-14,54.06,54.23,53.77,54.0722,11447
2022-09-15,54.0189,54.2034,53.49,53.7471,10368
2022-09-16,53.1429,53.48,52.9289,53.13628,10581
2022-09-19,52.855,53.2036,52.8264,53.2036,4918
2022-09-20,52.4949,52.8686,52.4949,52.8686,27315
2022-09-21,53.2777,53.36,52.2197,52.2197,5141
2022-09-22,52.29,52.62,52.1447,52.16,592994
2022-09-23,51.55,51.55,50.31,50.7106,10210
2022-09-26,50.4245,50.76,50.01,50.02,5639
2022-09-27,50.11,50.2362,49.92,50.1586,20309
2022-09-28,50.5347,51.64,50.5347,51.5141,5911
2022-09-29,50.8829,50.96,50.65,50.9429,9642
2022-09-30,50.88,50.88,50.3078,50.3078,9442
2022-10-03,51.458,52.025,51.458,51.8426,1878
2022-10-04,52.57,53.0901,52.57,53.0901,3824
2022-10-05,53.27,53.6821,52.74,53.3486,25571
2022-10-06,53.4855,53.4855,53.21,53.21,6656
2022-10-07,52.76,52.97,52.3559,52.3559,7032
2022-10-10,52.25,52.3039,51.937,52.0346,4379
2022-10-11,52.1065,52.592,51.9997,51.9997,2793
2022-10-12,52.1,52.2241,51.8745,51.8752,28539
2022-10-13,51.04,53.5421,51.04,53.45,57155
2022-10-14,53.42,53.4685,52.2894,52.2894,13563
2022-10-17,53.05,53.325,52.9018,53.0156,14585
2022-10-18,53.91,53.91,53.175,53.61,35393
2022-10-19,53.75,53.75,53.3819,53.6634,5502
2022-10-20,53.74,54.169,53.44,53.53,12899
2022-10-21,53.75,54.94,53.51,54.84,56991
2022-10-24,55.38,55.74,55.11,55.64,26056
2022-10-25,55.52,55.78,55.285,55.6891,571137
2022-10-26,56.0,56.6063,55.9798,56.23,54596
2022-10-27,56.63,56.9096,56.2873,56.2898,41211
2022-10-28,56.7094,57.28,56.66,57.25,15867
2022-10-31,57.0,57.68,57.0,57.14,134686
2022-11-01,57.35,57.49,56.91,57.16,193259
2022-11-02,57.24,57.66,56.351,56.351,65624
2022-11-03,55.8481,57.03,55.82,56.6913,44315
2022-11-04,57.53,57.53,56.193,57.2,130871
2022-11-07,57.09,57.484,56.996,57.43,20974
2022-11-08,57.57,58.01,57.25,57.79,47624
2022-11-09,57.56,57.56,56.2371,56.331,80423
2022-11-10,57.62,57.62,56.9318,57.52,48105
2022-11-11,57.98,57.98,56.82,57.33,112167
2022-11-14,57.46,58.0563,57.25,57.25,25615
2022-11-15,57.82,57.82,57.0,57.5,106807
2022-11-16,57.47,57.7881,57.155,57.2,104600
2022-11-17,56.83,57.46,56.7238,57.46,25626
2022-11-18,57.57,57.81,57.3525,57.76,56668
2022-11-21,57.53,57.8,56.96,57.62,38120
2022-11-22,58.2,58.69,58.04,58.614,31649
2022-11-23,58.52,58.64,58.205,58.49,220276
2022-11-25,58.72,58.93,58.64,58.6487,19951
2022-11-28,58.28,58.427,57.89,57.94,22908
2022-11-29,58.14,58.2178,57.8255,58.07,78470
2022-11-30,58.3,59.1,57.74,58.95,129854
2022-12-01,59.2,59.235,58.47,58.62,75600
2022-12-02,58.41,58.7792,58.39,58.7,32068
2022-12-05,58.72,58.72,57.51,57.84,182856
2022-12-06,57.75,57.875,56.8004,57.34,74984
2022-12-07,57.27,57.6532,57.1,57.22,25771
2022-12-08,57.56,57.7,57.22,57.31,75590
2022-12-09,57.39,57.39,56.55,56.55,25427
2022-12-12,56.87,57.53,56.68,57.48,31759
2022-12-13,58.43,58.43,57.39,57.54,92476
2022-12-14,57.77,58.01,57.18,57.47,66923
2022-12-15,56.91,56.955,56.245,56.65,241110
2022-12-16,55.95,56.2718,55.541,55.7799,76355
2022-12-19,55.99,56.02,55.33,55.65,89827
2022-12-20,55.76,56.15,55.533,55.81,23820
2022-12-21,56.46,56.765,56.3,56.61,29779
2022-12-22,56.52,56.52,55.3649,56.16,27858
2022-12-23,56.31,56.85,56.2002,56.8109,32231
2022-12-27,57.07,57.1456,56.875,57.1,36552
2022-12-28,57.13,57.1741,56.28,56.28,41079
2022-12-29,56.52,56.9087,56.51,56.68,41885
2022-12-30,56.63,56.79,56.31,56.78,42402
2023-01-03,56.84,56.84,55.3877,55.87,76185
2023-01-04,55.85,56.09,55.4918,55.78,95840
2023-01-05,55.63,55.9141,55.4799,55.72,52280
2023-01-06,56.24,56.81,56.145,56.6331,23458
2023-01-09,57.05,57.05,55.97,56.06,110732
2023-01-10,56.14,56.2,55.66,56.07,77626
2023-01-11,56.43,56.47,56.1,56.47,95822
2023-01-12,56.76,56.8845,56.275,56.63,99107
2023-01-13,56.47,56.8099,56.2866,56.66,36878
2023-01-17,56.76,56.9898,56.45,56.52,86067
2023-01-18,56.75,56.76,55.4378,55.4433,56297
2023-01-19,55.36,55.79,55.3,55.62,62667
2023-01-20,55.56,56.07,55.3784,56.04,46445
2023-01-23,56.11,56.51,55.9836,56.05,52961
2023-01-24,56.03,56.191,55.63,56.1421,47538
2023-01-25,55.95,56.21,55.67,56.21,91444
2023-01-26,56.53,56.92,56.3568,56.92,38932
2023-01-27,56.83,56.85,56.3,56.3,31770
2023-01-30,56.17,56.39,55.69,55.7553,71085
2023-01-31,55.83,56.52,55.7,56.52,30961
2023-02-01,56.48,56.48,55.55,56.0252,42050
2023-02-02,55.99,55.99,54.75,55.09,106883
2023-02-03,55.32,55.36,54.85,54.91,37897
2023-02-06,54.82,54.97,54.7,54.9,50103
2023-02-07,55.01,55.6,54.76,55.58,44699
2023-02-08,55.33,55.55,55.17,55.27,138220
2023-02-09,55.57,55.69,55.1591,55.1758,34951
2023-02-10,55.47,56.31,55.47,56.23,40091
2023-02-13,56.31,56.4454,56.1399,56.42,28145
2023-02-14,56.3,56.69,56.025,56.2,30641
2023-02-15,56.04,56.04,55.55,55.85,58214
2023-02-16,55.56,55.87,55.36,55.36,29667
2023-02-17,55.09,55.17,54.89,55.09,15024
2023-02-21,54.76,55.0938,54.6917,54.7283,23322
2023-02-22,54.74,54.924,54.39,54.48,17088
2023-02-23,54.94,54.98,54.4,54.74,34399
2023-02-24,54.45,54.63,54.17,54.4883,20630
2023-02-27,54.82,54.82,54.42,54.53,24968
2023-02-28,54.71,54.71,53.86,53.94,29349
2023-03-01,53.77,54.14,53.75,54.11,33276
2023-03-02,54.0,54.59,53.855,54.49,23881
2023-03-03,54.44,54.98,54.17,54.91,56022
2023-03-06,54.98,55.23,54.86,55.23,15492
2023-03-07,55.19,55.19,54.2732,54.41,81907
2023-03-08,54.42,54.47,53.77,54.1,331215
2023-03-09,54.25,54.52,53.35,53.44,47137
2023-03-10,53.46,53.828,52.799,52.9399,24592
2023-03-13,52.35,53.52,52.3352,52.81,30253
2023-03-14,53.17,53.61,52.7204,53.27,39149
2023-03-15,52.3,52.5296,51.8218,52.42,119518
2023-03-16,51.76,52.8412,51.76,52.77,57225
2023-03-17,52.72,52.77,51.95,51.66665,98694
2023-03-20,51.73,52.7693,51.73,52.61,64878
2023-03-21,53.12,53.4999,53.035,53.32,83073
2023-03-22,53.28,53.45,52.41,52.41,26910
2023-03-23,52.67,53.01,51.94,52.22,23486
2023-03-24,51.96,52.74,51.67,52.61,76812
2023-03-27,52.88,53.439,52.8701,53.2117,42010
2023-03-28,53.16,53.6699,53.16,53.52,26938
2023-03-29,53.82,53.98,53.6861,53.95,23549
2023-03-30,54.21,54.21,53.85,54.1,23097
2023-03-31,54.23,54.53,54.23,54.53,41781
2023-04-03,55.18,55.93,55.18,55.79,49507
2023-04-04,55.88,55.88,54.89,55.12,29435
2023-04-05,55.25,55.85,55.25,55.82,33751
2023-04-06,55.95,55.9533,55.6309,55.64,18438
2023-04-10,55.67,55.91,55.67,55.86,35873
2023-04-11,56.03,56.36,55.9101,56.06,19133
2023-04-12,56.33,56.6013,56.18,56.2057,32828
2023-04-13,56.3,56.7,56.1043,56.7,20276
2023-04-14,56.65,56.7178,56.23,56.44,20574
2023-04-17,56.47,56.5677,56.13,56.31,26848
2023-04-18,56.47,56.48,56.27,56.43,36954
2023-04-19,56.27,56.4,56.0539,56.19,26353
2023-04-20,55.93,56.2084,55.78,56.16,22571
2023-04-21,56.38,56.38,56.0409,56.18,27994
2023-04-24,56.22,56.625,56.22,56.56,14171
2023-04-25,56.48,56.48,56.0401,56.11,15616
2023-04-26,55.85,55.85,55.09,55.19,24901
2023-04-27,55.43,55.8016,54.94,55.74,13349
2023-04-28,55.67,56.2991,55.67,56.11,20118
2023-05-01,56.01,56.3251,56.0,56.17,61114
2023-05-02,56.0,56.0,54.84,55.18,17987
2023-05-03,55.2,55.53,54.86,54.88,66741
2023-05-04,54.8,54.8,54.26,54.39,43062
2023-05-05,55.04,55.53,55.03,55.29,47315
2023-05-08,55.61,55.61,55.32,55.39,13365
2023-05-09,55.22,55.575,55.22,55.31,18318
2023-05-10,55.57,55.57,54.93,55.25,93190
2023-05-11,55.01,55.02,54.6625,54.95,66874
2023-05-12,55.2,55.392,54.8,55.04,16211
2023-05-15,55.17,55.1818,54.9,55.08,75134
2023-05-16,54.99,54.99,54.32,54.32,20414
2023-05-17,54.56,54.9097,54.25,54.76,16401
2023-05-18,54.63,54.8258,54.2901,54.81,69050
2023-05-19,54.96,55.31,54.94,55.03,8511
2023-05-22,55.07,55.4,54.73,54.73,18721
2023-05-23,54.76,54.8498,54.41,54.49,44526
2023-05-24,54.47,54.5005,54.28,54.28,14289
2023-05-25,53.99,53.99,53.49,53.78,22053
2023-05-26,53.9,54.0468,53.49,53.67,14390
2023-05-30,53.33,53.385,53.14,53.33,20310
2023-05-31,52.98,53.18,52.92,53.02,13034
2023-06-01,53.21,53.68,52.8052,53.54,26938
2023-06-02,53.9,54.64,53.76,54.51,113680
2023-06-05,54.86,54.9229,54.525,54.51,31610
2023-06-06,54.5,54.5828,54.2,54.52,34155
2023-06-07,54.53,54.8501,54.39,54.78,13390
2023-06-08,54.78,55.16,54.72,55.08,21546
2023-06-09,55.1,55.3,54.95,55.1,39952
2023-06-12,54.88,55.0,54.71,54.98,35918
2023-06-13,55.19,55.5091,55.19,55.33,31536
2023-06-14,55.4,55.4,54.5249,54.7279,72128
2023-06-15,54.82,55.64,54.82,55.47,25599
2023-06-16,55.67,55.67,55.34,55.05988,21442
2023-06-20,54.82,54.92,54.55,54.64,31960
2023-06-21,54.61,55.16,54.465,54.95,22753
2023-06-22,54.82,55.02,54.7529,54.97,19198
2023-06-23,54.79,54.85,54.5901,54.71,20193
2023-06-26,54.84,54.99,54.59,54.8695,21939
2023-06-27,54.94,55.0899,54.71,55.05,13519
2023-06-28,55.03,55.03,54.6301,54.98,15303
2023-06-29,54.99,55.47,54.99,55.47,6949
2023-06-30,55.69,56.0929,55.69,55.94,12569
2023-07-03,56.02,56.02,55.7113,55.96,29557
2023-07-05,55.88,55.88,55.561,55.72,66423
2023-07-06,55.3,55.485,55.0,55.13,38114
2023-07-07,55.02,55.3863,54.94,54.94,50596
2023-07-10,55.02,55.49,55.02,55.33,20095
2023-07-11,55.42,55.7061,55.345,55.69,11212
2023-07-12,55.99,56.0019,55.6301,55.66,79079
2023-07-13,55.72,55.7211,55.3788,55.43,19769
2023-07-14,55.6,55.6,55.24,55.265,23150
2023-07-17,55.19,55.49,55.14,55.37,22007
2023-07-18,55.38,56.06,55.38,55.66,35194
2023-07-19,55.79,56.145,55.79,55.85,22499
2023-07-20,56.12,56.65,56.12,56.65,22890
2023-07-21,56.9,56.96,56.655,56.8789,85845
2023-07-24,56.92,57.14,56.92,57.0062,17853
2023-07-25,56.82,57.1,56.82,57.0281,38701
2023-07-26,56.82,56.96,56.7393,56.87,20717
2023-07-27,57.0,57.0,56.522,56.5491,11114
2023-07-28,56.7,56.72,56.434,56.7089,51686
2023-07-31,56.91,56.97,56.7636,56.9242,13243
2023-08-01,56.99,57.13,56.66,56.8838,22873
2023-08-02,56.82,56.93,56.63,56.73,20959
2023-08-03,56.64,56.9754,56.51,56.72,16413
2023-08-04,56.97,57.116,56.49,56.49,13125
2023-08-07,56.73,57.1,56.73,57.01,67874
2023-08-08,57.31,57.8,57.31,57.8,30572
2023-08-09,57.83,58.37,57.83,58.02,21817
2023-08-10,58.18,58.5,57.96,58.0161,12781
2023-08-11,58.05,58.611,58.05,58.5362,20560
2023-08-14,58.62,58.79,58.48,58.79,13178
2023-08-15,58.48,58.48,58.07,58.15,14005
2023-08-16,58.16,58.5035,57.89,57.97,20200
2023-08-17,58.08,58.31,57.74,57.7877,10021
2023-08-18,57.52,58.13,57.351,58.0535,14690
2023-08-21,58.15,58.25,57.77,58.0726,13349
2023-08-22,58.15,58.15,57.7332,57.7924,10139
2023-08-23,57.85,58.03,57.72,57.94,65947
2023-08-24,57.79,57.94,57.54,57.54,134840
2023-08-25,57.78,58.14,57.5299,57.894,47567
2023-08-28,57.96,58.28,57.94,58.1357,15764
2023-08-29,58.17,58.4265,57.97,58.42,15246
2023-08-30,58.44,58.705,58.44,58.4816,19120
2023-08-31,58.56,58.56,58.271,58.271,20252
2023-09-01,58.65,58.94,58.6401,58.8194,80999
2023-09-05,58.91,59.0335,58.4801,58.6,33574
2023-09-06,58.47,58.47,58.07,58.4297,21914
2023-09-07,58.5,58.92,58.5,58.7171,12061
2023-09-08,58.97,59.42,58.97,59.1678,86812
2023-09-11,59.43,59.5573,59.12,59.12,26042
2023-09-12,59.27,59.77,59.27,59.67,130534
2023-09-13,59.6,59.6,59.23,59.3793,57391
2023-09-14,59.75,59.9837,59.74,59.95,13757
2023-09-15,59.83,59.83,59.17,58.8917,19481
2023-09-18,58.8,59.17,58.8,58.99,16972
2023-09-19,58.95,58.95,58.5001,58.913,14181
2023-09-20,59.01,59.19,58.3599,58.3599,16089
2023-09-21,57.75,57.7971,57.22,57.22,37980
2023-09-22,57.44,57.73,57.36,57.4599,18196
2023-09-25,57.25,57.62,57.14,57.62,25063
2023-09-26,57.36,57.42,56.92,57.0,12084
2023-09-27,57.23,57.35,56.72,57.2,12816
2023-09-28,57.29,58.07,57.27,57.79,159260
2023-09-29,58.14,58.14,57.14,57.2818,24915
2023-10-02,57.35,57.56,56.895,57.28,30023
2023-10-03,56.93,57.13,56.28,56.45,31132
2023-10-04,56.53,56.96,56.38,56.91,19746
2023-10-05,56.89,57.1058,56.5,56.89,37918
2023-10-06,56.7,58.0985,56.55,57.92,35391
2023-10-09,57.68,58.3142,57.5888,58.16,17872
2023-10-10,58.4,59.08,58.37,58.74,22827
2023-10-11,59.0,59.2,58.71,59.2,38806
2023-10-12,59.24,59.5,58.71,58.9298,12003
2023-10-13,59.03,59.237,58.1405,58.2469,89107
2023-10-16,58.54,59.055,58.54,58.9966,68627
2023-10-17,58.43,59.0,58.355,58.7921,13479
2023-10-18,58.4,58.4,57.72,57.84,16871
2023-10-19,58.11,58.1299,57.33,57.34,65886
2023-10-20,57.22,57.22,56.56,56.56,13825
2023-10-23,56.51,57.29,56.359,56.95,388052
2023-10-24,57.22,57.59,57.05,57.38,138477
2023-10-25,57.35,57.35,56.3475,56.38,32228
2023-10-26,56.27,56.29,55.45,55.69,59622
2023-10-27,55.97,55.97,55.3203,55.4152,25073
2023-10-30,55.87,56.26,55.75,56.11,94724
2023-10-31,56.0,56.155,55.77,56.14,38015
2023-11-01,56.32,57.06,56.32,56.99,25073
2023-11-02,57.65,58.07,57.58,58.03,11147
2023-11-03,58.39,58.9538,58.39,58.65,14029
2023-11-06,58.83,59.1,58.745,59.1,46086
2023-11-07,59.03,59.215,58.91,59.16,47288
2023-11-08,59.29,59.58,58.99,59.54,27052
2023-11-09,59.68,59.84,59.12,59.15,17708
2023-11-10,59.46,60.3834,59.46,60.3834,23486
2023-11-13,60.22,60.8316,60.22,60.66,17916
2023-11-14,61.4,61.814,61.24,61.65,40207
2023-11-15,61.84,61.84,61.2856,61.37,17084
2023-11-16,61.13,61.34,61.0,61.33,70731
2023-11-17,61.47,61.73,61.45,61.69,16308
2023-11-20,61.73,62.39,61.71,62.34,18850
2023-11-21,62.17,62.1973,61.9,62.09,72481
2023-11-22,62.22,62.26,61.89,62.09,20699
2023-11-24,62.1,62.1097,62.01,62.0263,14151
2023-11-27,61.95,62.04,61.8021,61.8021,14189
2023-11-28,61.78,61.87,61.44,61.65,26893
2023-11-29,61.8,61.8926,61.515,61.525,22090
2023-11-30,61.62,61.65,61.1685,61.65,73081
2023-12-01,61.41,62.0688,61.41,61.89,75355
2023-12-04,61.41,61.545,61.155,61.5,66259
2023-12-05,61.31,61.43,61.075,61.295,58489
2023-12-06,61.81,61.81,60.97,61.05,51804
2023-12-07,61.16,61.49,61.1014,61.49,22362
2023-12-08,61.36,62.22,61.36,62.1166,90311
2023-12-11,62.27,62.6835,62.27,62.6401,14653
2023-12-12,62.49,63.23,62.437,63.2092,31331
2023-12-13,63.24,64.13,63.24,63.9999,28429
2023-12-14,64.27,64.27,63.7428,64.0693,50708
2023-12-15,64.02,64.4899,64.02,64.07559,29377
2023-12-18,64.5,64.87,64.5,64.67,19802
2023-12-19,64.71,65.24,64.71,65.2,24880
2023-12-20,65.1,65.31,64.17,64.17,17280
2023-12-21,64.74,65.01,64.51,64.92,20836
2023-12-22,65.17,65.27,64.78,65.04,15026
2023-12-26,65.14,65.49,65.14,65.43,14561
2023-12-27,65.53,65.6553,65.4081,65.63,36613
2023-12-28,65.73,65.796,65.61,65.64,16193
2023-12-29,65.72,65.72,65.25,65.4957,27894
2024-01-02,65.09,65.17,64.545,64.89,78235
2024-01-03,64.59,64.73,64.26,64.34,71355
2024-01-04,64.39,65.05,64.39,64.4,78185
2024-01-05,64.58,65.06,64.53,64.82,49849
2024-01-08,64.87,65.7838,64.87,65.7838,33818
2024-01-09,65.57,66.03,65.57,65.8419,31372
2024-01-10,66.03,66.5695,66.03,66.46,124123
2024-01-11,66.73,66.83,66.0,66.83,32458
2024-01-12,67.12,67.1438,66.7,66.8354,45842
2024-01-16,66.67,66.895,66.3843,66.62,50528
2024-01-17,66.33,66.365,66.01,66.24,31559
2024-01-18,66.7,67.25,66.52,67.25,41054
2024-01-19,67.48,68.31,67.36,68.25,37001
2024-01-22,68.59,68.69,68.3619,68.46,222781
2024-01-23,68.53,68.53,68.1312,68.4,26619
2024-01-24,69.1,69.61,69.0186,69.0582,38537
2024-01-25,69.58,69.6888,69.0811,69.55,76396
2024-01-26,69.44,69.61,69.26,69.35,28340
2024-01-29,69.49,70.0,69.37,70.0,36287
2024-01-30,69.99,70.18,69.9442,70.15,33364
2024-01-31,69.76,70.02,69.19,69.19,242297
2024-02-01,69.77,70.52,69.63,70.52,41068
2024-02-02,71.66,72.8103,71.6496,72.52,99356
2024-02-05,72.77,73.145,72.2143,72.91,255494
2024-02-06,73.4,73.4,72.3252,72.7,100731
2024-02-07,72.98,73.7884,72.9125,73.74,228306
2024-02-08,73.76,73.96,73.65,73.83,228882
2024-02-09,73.94,74.25,73.78,74.25,78049
2024-02-12,74.31,74.8085,73.98,74.21,105193
2024-02-13,73.07,73.81,72.87,73.45,160707
2024-02-14,74.14,74.64,73.8,74.64,130485
2024-02-15,74.91,75.26,74.615,75.16,114254
2024-02-16,75.37,75.49,74.76,74.87,79787
2024-02-20,74.66,74.75,73.551,73.93,2985914
2024-02-21,73.43,73.63,72.99,73.59,224425
2024-02-22,75.39,76.5876,75.28,76.44,357415
2024-02-23,76.76,77.2,76.2,76.55,355406
2024-02-26,76.69,77.01,76.55,76.63,222329
2024-02-27,76.68,76.8,76.35,76.71,349266
2024-02-28,76.47,76.79,76.28,76.68,166584
2024-02-29,77.11,77.2384,76.3901,77.14,189302
2024-03-01,77.38,78.7,77.27,78.7,262748
2024-03-04,78.97,79.5294,78.8885,78.91,274046
2024-03-05,78.77,78.9,77.7714,78.3,1948073
2024-03-06,79.09,79.4599,78.7333,79.02,717899
2024-03-07,79.63,80.495,79.595,80.43,274547
2024-03-08,80.76,81.0299,78.6183,79.0,283715
2024-03-11,78.33,78.58,77.5,78.03,237126
2024-03-12,78.82,79.66,78.1562,79.64,191570
2024-03-13,79.56,79.59,79.0,79.42,221578
2024-03-14,79.58,79.58,78.31,78.84,146828
2024-03-15,78.4,79.0365,78.2302,78.46345,163547
2024-03-18,79.15,79.435,78.7847,79.03,235836
2024-03-19,78.51,79.58,78.0303,79.58,149869
2024-03-20,79.65,80.44,79.2948,80.44,261435
2024-03-21,81.18,81.249,80.65,80.75,191369
2024-03-22,80.62,81.0999,80.46,80.83,140150
2024-03-25,80.43,80.88,80.17,80.58,2148213
2024-03-26,80.79,80.9099,80.03,80.15,569011
2024-03-27,80.62,80.62,79.6585,80.3,271612
2024-03-28,80.15,80.33,79.8101,80.22,170982
2024-04-01,80.28,80.58,79.6896,80.11,213554
2024-04-02,79.27,79.6867,78.87,79.65,354112
2024-04-03,79.4,80.4097,79.23,80.08,231662
2024-04-04,80.83,81.1254,78.9,79.01,232759
2024-04-05,79.45,80.7399,79.2243,80.45,237463
2024-04-08,80.58,80.58,79.901,80.15,131459
2024-04-09,80.4,80.4,78.7401,79.81,188205
2024-04-10,78.7,79.62,78.6,79.25,117316
2024-04-11,79.75,80.73,79.2653,80.66,594149
2024-04-12,79.84,79.99,78.97,79.32,186219
2024-04-15,79.92,80.085,77.81,78.12,282897
2024-04-16,78.05,78.5699,77.78,78.06,405239
2024-04-17,78.55,78.6161,76.8,77.11,192206
2024-04-18,77.28,77.74,76.6101,76.65,190222
2024-04-19,76.47,76.5,74.49,74.81,258894
2024-04-22,75.53,76.1199,74.67,75.68,512677
2024-04-23,76.15,77.0799,76.01,76.9,289531
2024-04-24,77.53,77.5547,76.2814,76.72,126230
2024-04-25,74.72,76.16,74.4,76.11,272876
2024-04-26,76.44,77.25,76.2337,77.06,169241
2024-04-29,77.32,77.32,76.49,77.03,209355
2024-04-30,77.07,77.4,75.85,75.85,150117
2024-05-01,75.78,76.9,75.1975,75.52,245717
2024-05-02,76.11,76.4373,75.2692,76.38,128177
2024-05-03,77.67,78.04,77.33,77.82,151936
2024-05-06,78.22,79.15,78.055,79.15,347956
2024-05-07,79.29,79.4,78.9124,79.24,384965
2024-05-08,78.8,79.43,78.6,79.23,170554
2024-05-09,79.25,79.47,78.945,79.44,244992
2024-05-10,79.79,80.05,79.3,79.55,223574
2024-05-13,79.92,79.92,79.15,79.35,443720
2024-05-14,79.08,79.89,78.98,79.82,343251
2024-05-15,80.17,81.34,80.1113,81.33,156223
2024-05-16,81.34,81.5,80.81,80.86,125759
2024-05-17,81.03,81.03,80.34,80.75,207610
2024-05-20,80.84,81.39,80.79,81.2,157171
2024-05-21,80.97,81.43,80.8817,81.43,285792
2024-05-22,81.53,81.61,80.8908,81.32,170773
2024-05-23,82.35,82.46,81.09,81.48,235922
2024-05-24,81.7,82.37,81.5115,82.32,145480
2024-05-28,82.69,82.86,82.23,82.74,410779
2024-05-29,82.21,82.83,82.14,82.51,1966148
2024-05-30,82.0,82.0462,80.945,81.23,579795
2024-05-31,81.46,81.46,79.76,81.42,716225
2024-06-03,81.93,82.02,80.91,81.94,662488
2024-06-04,81.91,82.17,81.42,82.03,192188
2024-06-05,82.72,83.9,82.5401,83.9,575663
2024-06-06,84.03,84.24,83.44,83.8,327214
2024-06-07,83.71,84.43,83.42,83.89,264883
2024-06-10,83.79,84.4997,83.7,84.41,415622
2024-06-11,84.33,85.08,83.9,85.08,320312
2024-06-12,85.91,86.69,85.61,86.19,653662
2024-06-13,87.12,87.155,86.3401,86.96,365303
2024-06-14,86.88,87.43,86.66,87.43,706423
2024-06-17,87.58,88.71,87.215,88.37,583322
2024-06-18,88.36,88.63,88.1,88.63,746490
2024-06-20,89.1,89.23,87.4117,87.97,835250
2024-06-21,87.77,87.864,87.01,87.2907,297551
2024-06-24,87.14,87.4587,86.185,86.19,656457
2024-06-25,86.65,87.415,86.5,87.35,426384
2024-06-26,87.28,87.745,87.12,87.71,392946
2024-06-27,87.73,88.2,87.53,87.98,338947
2024-06-28,88.13,88.9199,87.39,87.46,836374
2024-07-01,87.66,88.06,86.7706,88.0,576732
2024-07-02,87.5,88.53,87.4016,88.53,398818
2024-07-03,88.45,89.26,88.4108,89.26,236097
2024-07-05,89.38,90.22,89.36,90.17,752653
2024-07-08,90.39,90.525,90.06,90.44,856876
2024-07-09,90.93,91.06,90.31,90.63,920574
2024-07-10,90.99,91.64,90.72,91.64,775374
2024-07-11,91.52,91.59,89.33,89.73,781821
2024-07-12,89.65,90.87,89.52,89.99,441041
2024-07-15,90.56,91.05,89.8602,90.32,493171
2024-07-16,90.66,90.72,89.74,90.16,480843
2024-07-17,88.47,88.4799,87.12,87.12,1060437
2024-07-18,88.07,88.07,85.9686,86.84,639769
2024-07-19,86.84,87.43,86.13,86.35,372032
2024-07-22,87.31,87.89,86.89,87.64,452932
2024-07-23,87.71,88.62,87.62,87.9,454036
2024-07-24,86.79,87.0,84.55,84.79,1034990
2024-07-25,84.75,85.5,82.88,83.76,585807
2024-07-26,84.67,85.28,84.28,84.72,428454
2024-07-29,85.12,85.4599,84.315,84.51,387683
2024-07-30,84.93,85.15,82.66,83.25,398780
2024-07-31,85.28,86.245,84.8834,86.0,343475
2024-08-01,86.91,87.53,83.71,84.46,2496901
2024-08-02,82.33,82.955,81.0013,82.2,3587535
2024-08-05,76.81,80.78,76.75,79.58,6039981
2024-08-06,80.35,82.385,79.7111,80.86,1315313
2024-08-07,82.21,82.74,79.92,80.07,757296
2024-08-08,81.74,82.85,80.82,82.79,539147
2024-08-09,82.81,83.92,82.65,83.62,493571
2024-08-12,83.89,84.465,83.4,84.03,283013
2024-08-13,84.72,85.98,84.72,85.98,605771
2024-08-14,86.22,86.81,85.68,86.5,738285
2024-08-15,87.56,88.52,87.265,88.52,822875
2024-08-16,88.05,88.6,87.87,88.39,410388
2024-08-19,88.3,89.42,87.95,89.39,14305475
2024-08-20,89.38,89.89,89.01,89.38,1089364
2024-08-21,89.5,90.12,89.19,89.83,277904
2024-08-22,90.31,90.5,88.49,88.76,602848
2024-08-23,89.34,90.03,88.72,89.61,502316
2024-08-26,89.66,89.724,88.47,88.86,487043
2024-08-27,88.51,89.35,88.21,89.22,221427
2024-08-28,89.13,89.21,87.78,88.48,309873
2024-08-29,88.6,89.34,87.85,88.02,549345
2024-08-30,88.68,89.265,87.99,89.25,423791
2024-09-03,88.7,88.72,85.95,86.45,2640137
2024-09-04,85.79,86.715,85.5,86.13,474961
2024-09-05,85.79,86.79,85.46,85.86,1226622
2024-09-06,85.86,85.99,83.63,83.92,374008
2024-09-09,84.77,85.18,84.16,85.11,526409
2024-09-10,85.4,85.77,84.54,85.66,365428
2024-09-11,85.88,87.9,84.5,87.73,416458
2024-09-12,87.89,89.0,87.59,88.8,522403
2024-09-13,88.85,89.33,88.63,89.08,373006
2024-09-16,88.67,88.8,88.085,88.79,302148
2024-09-17,89.3,89.36,88.18,88.65,296693
2024-09-18,88.86,89.63,88.27,88.35,331157
2024-09-19,90.32,90.8895,89.88,90.59,656289
2024-09-20,90.51,90.84,89.93,90.46083,470435
2024-09-23,90.78,90.97,90.52,90.94,410727
2024-09-24,90.98,91.16,90.27,91.16,351262
2024-09-25,91.32,91.47,91.05,91.25,796842
2024-09-26,91.81,91.96,90.715,91.06,622514
2024-09-27,91.05,91.05,90.15,90.34,344612
2024-09-30,89.99,90.71,89.6801,90.64,479255
2024-10-01,90.58,90.6999,89.5,89.97,624149
2024-10-02,89.89,90.53,89.58,90.32,354638
2024-10-03,90.19,90.68,89.97,90.31,325462
2024-10-04,91.13,91.73,90.61,91.69,505907
2024-10-07,91.43,91.62,90.79,91.04,649251
2024-10-08,91.48,92.22,91.4,92.14,392221
2024-10-09,92.14,93.01,91.9677,92.94,681984
2024-10-10,92.86,92.98,92.42,92.7,324378
2024-10-11,92.59,93.7,92.59,93.67,446131
2024-10-14,94.07,94.36,93.94,94.22,591136
2024-10-15,94.3,94.378,92.95,93.21,666517
2024-10-16,93.44,93.79,93.0099,93.67,386274
2024-10-17,94.5,94.69,93.99,94.05,719081
2024-10-18,94.19,94.2799,93.79,94.07,540918
2024-10-21,94.05,94.2801,93.55,94.16,798176
2024-10-22,93.66,94.09,93.42,93.88,375294
2024-10-23,93.45,93.69,92.45,92.99,448392
2024-10-24,93.16,93.16,92.47,92.93,343811
2024-10-25,93.4,93.62,92.5599,92.69,393142
2024-10-28,93.19,93.278,92.9,93.02,336368
2024-10-29,92.92,93.575,92.665,93.38,731906
2024-10-30,92.65,93.235,92.0901,92.74,854179
2024-10-31,92.06,92.06,90.8,90.82,822080
2024-11-01,91.68,92.38,91.36,91.42,1285145
2024-11-04,91.43,91.565,90.78,90.99,512349
2024-11-05,91.29,92.49,91.28,92.49,466914
2024-11-06,95.0,95.45,94.0426,95.45,1101774
2024-11-07,95.76,96.165,95.62,96.04,716421
2024-11-08,96.26,97.22,96.26,96.89,3212805
2024-11-11,97.36,97.36,96.52,96.74,4658456
2024-11-12,96.91,96.96,96.0363,96.55,1204191
2024-11-13,96.65,96.98,96.4,96.57,893754
2024-11-14,96.59,96.59,95.38,95.45,643059
2024-11-15,94.69,94.8684,93.54,93.9,823027
2024-11-18,93.92,94.23,93.35,93.95,668116
2024-11-19,93.59,94.63,93.4197,94.62,613557
2024-11-20,94.69,94.79,93.68,94.77,580766
2024-11-21,95.27,95.7999,94.39,95.52,732111
2024-11-22,95.58,95.84,95.29,95.58,508167
2024-11-25,96.0,96.24,95.105,95.52,945879
2024-11-26,95.82,96.75,95.82,96.69,632493
2024-11-27,96.55,96.67,95.75,96.11,629879
2024-11-29,96.4,97.06,96.4,96.83,328883
2024-12-02,97.11,97.2024,96.6452,96.77,736475
2024-12-03,96.91,97.3293,96.81,97.28,595313
2024-12-04,97.8,98.27,97.7299,98.21,604335
2024-12-05,98.22,98.47,97.95,98.14,792343
2024-12-06,98.26,98.7612,98.185,98.7,613791
2024-12-09,98.52,98.53,96.97,97.09,2861038
2024-12-10,97.2,97.2402,96.22,96.37,5200632
2024-12-11,97.12,97.57,96.94,97.49,532816
2024-12-12,97.28,97.28,96.71,96.71,722144
2024-12-13,98.0,98.34,97.35,97.77,513094
2024-12-16,98.31,98.73,98.15,98.55,557751
2024-12-17,97.9,97.9,96.965314,97.48,756234
2024-12-18,97.71,97.84,94.28,94.31,893479
2024-12-19,95.49,95.65,94.44,94.55,650684
2024-12-20,94.41,96.63,94.295,95.3873,580151
2024-12-23,95.56,96.48,95.05,96.41,656998
2024-12-24,96.8,97.54,96.6786,97.54,557049
2024-12-26,97.24,97.8,96.94,97.61,487031
2024-12-27,97.03,97.03,95.7661,96.59,740408
2024-12-30,95.31,96.16,94.745,95.5,561886
2024-12-31,95.73,95.7891,94.7761,95.01,570279
2025-01-02,95.8,96.48,94.79,95.55,872827
2025-01-03,96.21,97.03,96.0599,96.89,754902
2025-01-06,97.61,98.1493,97.25,97.57,1095033
2025-01-07,98.05,98.05,96.0,96.25,1007426
2025-01-08,96.59,96.84,95.7577,96.64,712979
2025-01-10,96.22,96.3037,94.97,95.58,1045991
2025-01-13,94.5,95.5299,94.39,95.43,665680
2025-01-14,95.88,95.9,94.74,95.5,743564
2025-01-15,97.03,97.4014,96.53,97.27,826518
2025-01-16,97.81,98.06,97.45,97.57,647839
2025-01-17,98.49,98.79,98.06,98.65,743829
2025-01-21,99.49,100.19,99.2349,100.06,1650619
2025-01-22,100.79,101.03,100.4635,100.74,1106838
2025-01-23,100.67,101.44,100.36,101.44,986152
2025-01-24,101.54,101.8601,100.9846,101.33,948486
2025-01-27,97.502,98.35,97.21,98.19,1847592
2025-01-28,98.64,99.48,97.84,99.41,824573
2025-01-29,99.31,99.76,98.58,99.1,602160
2025-01-30,100.26,100.83,99.74,100.68,747546
2025-01-31,100.81,101.55,99.9702,100.04,1687139
2025-02-03,98.31,100.315,98.16,99.99,2003775
2025-02-04,100.11,100.76,99.84,100.62,1096596
2025-02-05,101.19,102.03,101.09,101.92,1280190
2025-02-06,102.48,102.87,102.0,102.87,1253281
2025-02-07,102.9,103.09,101.86,102.03,1492097
2025-02-10,102.44,102.9063,102.23,102.79,929040
2025-02-11,102.38,102.96,102.11,102.89,4344177
2025-02-12,101.7,102.58,101.55,102.4,1452959
2025-02-13,102.51,103.27,102.2,103.26,951790
2025-02-14,103.23,103.42,102.85,103.06,786012
2025-02-18,103.39,103.4444,102.58,103.07,924790
2025-02-19,102.66,103.09,102.38,103.09,995308
2025-02-20,102.67,102.67,101.28,101.91,1468648
2025-02-21,102.07,102.07,99.67,99.91,1414576
2025-02-24,100.43,100.64,98.9303,99.13,1096076
2025-02-25,99.16,99.44,97.6301,98.94,1198722
2025-02-26,99.5,100.77,99.3124,99.95,1000320
2025-02-27,100.7,100.83,97.93,98.0,1651234
2025-02-28,98.07,99.9297,97.62,99.8,1095158
2025-03-03,100.1,100.28,96.9599,97.66,1447067
2025-03-04,96.78,97.69,94.87,96.1,1991253
2025-03-05,96.38,97.6393,95.7,97.22,1223556
2025-03-06,95.64,96.3,94.1456,94.69,1671708
2025-03-07,94.42,95.07,92.34,94.54,1842241
2025-03-10,92.98,93.38,91.06,92.11,2167023
2025-03-11,91.91,93.2688,91.24,91.98,1287488
2025-03-12,93.52,93.8792,91.98,92.94,1030072
2025-03-13,92.97,92.97,91.34,91.76,796304
2025-03-14,92.76,93.97,92.51,93.86,1005302
2025-03-17,93.76,95.03,93.66,94.56,1183094
2025-03-18,94.07,94.15,92.99,93.3,1019826
2025-03-19,93.59,95.21,93.195,94.49,938466
2025-03-20,93.88,95.365,93.8,94.38,768389
2025-03-21,93.66,94.46,93.33,94.04056,1060475
2025-03-24,95.65,97.03,95.5,96.79,1067566
2025-03-25,97.15,97.34,96.63,97.27,963626
2025-03-26,97.09,97.2397,94.8,95.23,916305
2025-03-27,94.63,95.68,94.12,94.41,841053
2025-03-28,94.07,94.2595,91.91,92.19,1073734
2025-03-31,90.44,92.71,89.731,92.53,1161989
2025-04-01,92.13,93.56,91.5,93.18,831766
2025-04-02,91.815,94.88,91.78,94.14,1201854
2025-04-03,89.76,90.69,88.415,88.65,1338659
2025-04-04,85.34,85.748,82.2838,82.32,3480008
2025-04-07,79.17,86.64,78.25,83.48,3330053
2025-04-08,87.3,87.9199,81.41,82.66,1935859
2025-04-09,82.59,92.51,81.96,91.92,2444032
2025-04-10,89.79,90.1897,85.83,88.31,1261400
2025-04-11,87.99,90.04,87.31,89.82,2036691
2025-04-14,91.36,91.5,89.385,90.22,1260082
2025-04-15,90.38,91.51,90.32,90.53,1111027
2025-04-16,89.09,89.72,86.9929,88.26,723587
2025-04-17,88.72,89.0989,87.8348,88.26,529964
2025-04-21,87.24,87.4956,84.86,85.93,840253
2025-04-22,87.02,88.99,86.8772,88.39,842708
2025-04-23,91.53,92.599,90.38,90.69,1086550
2025-04-24,90.61,92.92,90.44,92.83,949607
2025-04-25,92.91,94.1602,92.62,94.02,973726
2025-04-28,94.27,94.7183,92.8799,94.11,4215746
2025-04-29,93.6,94.89,93.5413,94.79,1731605
2025-04-30,92.97,94.83,91.93,94.57,871547
2025-05-01,95.99,96.74,95.455,95.73,1249604
2025-05-02,97.14,98.2599,96.69,97.8,1369801
2025-05-05,96.89,98.01,96.7544,97.48,1026188
2025-05-06,96.12,97.09,95.94,96.56,1172232
2025-05-07,96.65,97.92,96.45,97.5,988094
2025-05-08,98.52,99.36,97.62,98.5,1733187
2025-05-09,98.75,98.95,97.865,98.48,1163808
2025-05-12,102.17,102.2323,100.73,101.88,2049189
2025-05-13,102.35,104.33,102.19,103.83,2857557
2025-05-14,104.315,104.74,103.97,104.66,1844349
2025-05-15,103.96,104.9,103.59,104.61,1412744
2025-05-16,104.71,105.2,104.167595,105.2,1217930
2025-05-19,103.54,105.3398,103.35,105.25,1933170
2025-05-20,104.68,105.09,104.25,104.9,1011514
2025-05-21,104.11,104.9591,102.69,103.01,1074880
2025-05-22,102.87,103.97,102.69,103.19,1035605
2025-05-23,101.91,103.46,101.8,102.85,1172634
2025-05-27,104.27,105.28,103.88,105.28,1218722
2025-05-28,105.35,105.64,104.72,104.85,1233465
2025-05-29,106.2,106.28,104.71,105.23,1316682
2025-05-30,104.96,105.55,103.99,105.35,1130857
2025-06-02,105.09,106.52,104.69,106.43,1282562
2025-06-03,106.7,107.45,106.6,107.17,1732787
2025-06-04,107.4,107.54,106.71,107.13,1456369
2025-06-05,107.32,107.53,105.3,105.76,1374392
2025-06-06,106.99,107.44,106.5,106.92,1120522
2025-06-09,106.89,107.125,106.1621,106.9,2028075
2025-06-10,107.05,107.2167,105.97,107.1,1246718
2025-06-11,107.5,107.84,106.785,107.11,1541850
2025-06-12,106.69,107.44,106.58,107.22,922362
2025-06-13,106.01,107.04,105.74,106.16,1148826
2025-06-16,107.03,108.1,106.98,107.6,1092837
2025-06-17,107.17,107.4915,106.51,106.74,881567
2025-06-18,106.9,107.84,106.7956,107.2,1012910
2025-06-20,107.83,107.979,106.6,106.69866,1206526
2025-06-23,106.82,108.52,106.57,108.42,1487878
2025-06-24,109.44,110.1,109.2684,109.93,1928657
2025-06-25,110.42,110.5,109.705,109.95,1697918
2025-06-26,110.36,111.39,110.3001,111.25,1963113
2025-06-27,111.44,112.18,111.09,111.84,2041698
2025-06-30,112.59,112.68,112.06,112.47,2080363
2025-07-01,111.79,111.91,110.17,110.74,2177846
2025-07-02,110.8,111.43,110.645,111.36,1583052
2025-07-03,112.02,112.66,111.974,112.51,1301406
2025-07-07,112.05,112.39,111.53,112.07,1836268
2025-07-08,112.17,112.17,110.79,111.24,1865968
2025-07-09,111.77,112.22,111.64,112.07,1832051
2025-07-10,112.33,112.51,111.5201,112.41,2227014
2025-07-11,112.0,112.42,111.69,112.17,1335132
2025-07-14,112.23,113.1499,112.08,113.05,1391143
2025-07-15,113.68,113.748,112.67,112.73,1699971
2025-07-16,113.01,113.1,111.64,112.88,2037706
2025-07-17,112.98,113.8276,112.84,113.7,1599364
2025-07-18,113.96,113.96,113.35,113.83,1299947
2025-07-21,114.09,114.6199,113.9193,114.04,1686149
2025-07-22,113.71,113.94,112.26,112.86,1721404
2025-07-23,113.43,114.36,113.3,114.36,2154221
2025-07-24,114.355,114.61,114.0,114.34,1313905
2025-07-25,114.5,115.265,114.44,115.03,1291758
2025-07-28,115.19,115.52,114.86,115.31,1363879
2025-07-29,115.73,115.9299,114.795,114.91,1522595
2025-07-30,115.22,115.8182,114.68,115.42,1726220
2025-07-31,116.86,117.13,115.38,115.69,2185652
2025-08-01,113.65,114.13,112.3031,113.23,2750188
2025-08-04,114.14,115.25,114.08,115.25,2365334
2025-08-05,115.62,115.97,114.2051,114.74,3467345
2025-08-06,114.89,116.46,114.77,116.39,1457994
2025-08-07,116.98,117.31,115.64,116.38,1739650
2025-08-08,116.74,117.609,116.66,117.19,1420346
2025-08-11,117.27,117.68,116.8663,117.05,1739767
2025-08-12,117.72,118.58,117.2,118.52,1720746
2025-08-13,118.86,119.07,117.1702,117.86,2238168
2025-08-14,117.63,118.4897,117.48,118.11,1732667
2025-08-15,118.3,118.3,117.0701,117.31,1359479
2025-08-18,117.0,117.5172,116.67,117.36,1451636
2025-08-19,117.08,117.2,115.44,115.69,1738769
2025-08-20,115.5,115.71,113.64,115.52,2074428
2025-08-21,115.09,115.3743,114.31,114.79,3062688
2025-08-22,114.97,116.98,114.73,116.51,2065044
2025-08-25,116.36,116.84,116.0314,116.24,1277112
2025-08-26,116.23,117.36,116.0,117.32,1836693
2025-08-27,117.11,117.55,116.83,117.28,1325992
2025-08-28,117.45,117.92,116.9,117.8,1753389
2025-08-29,117.47,117.5299,116.02,116.48,2175671
2025-09-02,114.75,115.56,114.2582,115.56,3301096
2025-09-03,115.65,116.08,114.95,115.59,1761994
2025-09-04,116.21,117.33,116.21,117.33,1063077
2025-09-05,118.52,118.68,115.96,117.05,1919293
2025-09-08,117.645,118.17,117.59,117.72,1422449
2025-09-09,117.95,118.58,117.555,118.47,2233058
2025-09-10,119.35,120.1,119.16,119.5,2805602
2025-09-11,120.0,120.35,119.58,120.13,2430795
2025-09-12,120.115,120.64,120.0,120.48,2202494
2025-09-15,121.0,121.465,120.76,121.13,2483441
2025-09-16,121.355,121.3594,120.74,121.07,2464931
2025-09-17,120.95,121.08,119.5,120.68,2636273
2025-09-18,121.31,121.99,120.91,121.45,2387956
2025-09-19,121.83,122.0298,121.35,121.73829,2124405
2025-09-22,121.23,122.2999,121.1508,122.12,3297926
2025-09-23,122.115,122.26,120.96,121.61,5392268
2025-09-24,121.96,121.96,120.3799,120.9,2145257
2025-09-25,119.98,120.92,119.2204,120.31,1980246
2025-09-26,120.76,121.03,119.89,120.58,1736571
2025-09-29,121.18,121.44,120.37,120.71,2029877
2025-09-30,120.76,121.1263,120.1683,121.06,1746770
2025-10-01,120.17,120.835,119.65,120.56,2112019
2025-10-02,121.26,121.3,120.25,120.78,1823836
2025-10-03,121.1,121.23,119.875,120.09,2144084
2025-10-06,120.41,120.611,119.8987,120.41,3809499
2025-10-07,120.81,121.02,119.51,120.47,3465456
2025-10-08,120.7,121.4338,120.5452,121.43,1371774
2025-10-09,121.72,121.92,121.22,121.8,2097789
2025-10-10,122.015,122.53,118.45,118.5,4105230
2025-10-13,120.47,121.4,120.22,121.17,2336156
2025-10-14,120.11,121.58,118.651,120.55,1966606
2025-10-15,121.93,122.63,120.22,121.19,1682985
2025-10-16,121.87,122.27,119.65,120.23,2205787
2025-10-17,119.86,120.69,119.03,120.42,1904937
2025-10-20,120.96,121.52,120.87,121.24,1620219
2025-10-21,121.46,121.4927,120.5951,120.74,1446579
2025-10-22,120.77,120.8237,118.44,119.47,2582363
2025-10-23,119.57,120.6,119.38,120.34,1284954
2025-10-24,121.395,121.9899,121.26,121.71,1382154
2025-10-27,122.89,123.035,122.5,123.0,1650795
2025-10-28,123.14,123.82,122.73,123.44,1861785
2025-10-29,123.9,124.555,123.01,124.18,2351201
2025-10-30,122.39,123.073,121.79,121.8,2335342
2025-10-31,122.485,122.6899,121.18,121.7,1644733
2025-11-03,122.52,122.62,121.09,121.65,2163225
2025-11-04,120.0,120.815,119.14,119.46,1892875
2025-11-05,119.24,120.6045,118.885,119.77,1845858
2025-11-06,119.46,119.56,117.7,118.14,2316599
2025-11-07,117.455,118.53,115.94,118.53,2623999
2025-11-10,119.96,120.945,119.55,120.78,1778961
2025-11-11,120.33,120.545,119.42,120.29,1790523
2025-11-12,120.77,120.83,119.955,120.34,1269036
2025-11-13,119.98,120.15,117.25,117.68,2242560
2025-11-14,116.27,118.45,115.51,117.83,2079082
2025-11-17,117.23,118.1794,115.68,116.48,5772269
2025-11-18,115.84,117.02,115.02,115.84,5060882
2025-11-19,116.03,117.23,115.493,116.71,1945235
2025-11-20,118.99,119.67,114.2658,114.42,2815363
2025-11-21,114.66,115.36,112.66,114.3,2494461
2025-11-24,114.88,117.11,114.8,116.94,1243211
2025-11-25,116.77,118.13,115.36,117.92,1125913
2025-11-26,118.655,119.69,118.5,119.28,1229377
2025-11-28,119.47,120.13,119.33,120.12,598392
2025-12-01,119.08,119.53,118.6357,118.93,1414069
2025-12-02,119.45,120.0,118.765,119.16,1111039
2025-12-03,118.9,119.595,118.19,119.46,1434904
2025-12-04,119.99,120.625,119.72,120.5,1382964
2025-12-05,120.63,121.381,120.46,120.85,1116511
2025-12-08,121.36,121.5099,120.48,121.0,1053039
2025-12-09,120.79,121.2899,120.55,120.72,1314712
2025-12-10,120.805,121.87,120.32,121.53,1724340
2025-12-11,120.42,121.92,119.785,121.78,1332240
2025-12-12,121.05,121.11,118.6244,119.1,2128660
2025-12-15,119.81,119.875,118.63,118.68,1111333
2025-12-16,118.38,119.125,117.95,118.7,1360257
2025-12-17,118.97,119.0,116.47,116.53,1298673
2025-12-18,117.88,118.5357,117.36,117.7,959392
2025-12-19,118.35,119.84,118.25,119.23908,1147217
2025-12-22,120.085,120.2699,119.68,120.23,1156328
2025-12-23,120.01,121.01,119.92,120.98,988626
2025-12-24,120.92,121.53,120.86,121.45,578304
2025-12-26,121.62,121.7,121.23,121.38,1021816
2025-12-29,120.77,121.0799,120.33,120.63,1151627
2025-12-30,120.66,120.78,120.3,120.35,1052258
2025-12-31,120.47,120.52,119.3,119.32,1039254
2026-01-02,120.26,120.26,119.05,119.67,2047130
2026-01-05,120.36,120.81,120.13,120.42,2409134
2026-01-06,120.46,121.31,119.9199,121.05,2387940
2026-01-07,121.0,121.16,120.145,120.19,1877204
2026-01-08,120.06,120.13,118.668,119.02,1934866
2026-01-09,119.38,120.26,119.1701,120.03,2042169
2026-01-12,119.34,120.69,119.295,120.47,2351153
2026-01-13,120.56,120.675,119.7,120.13,1336231
2026-01-14,119.61,119.69,117.9683,118.91,1885849
2026-01-15,119.78,120.62,119.61,119.72,1654282
2026-01-16,120.16,120.51,119.5,120.0,1330179
2026-01-20,118.31,118.749,116.84,116.98,1936903
2026-01-21,117.2,118.33,116.34,117.65,1816828
2026-01-22,118.6,118.77,117.74,117.94,1499199
2026-01-23,117.62,118.13,117.31,117.92,1275372
2026-01-26,118.09,119.13,118.09,118.83,1527466
2026-01-27,119.22,119.615935,118.83,119.61,1271651
2026-01-28,119.65,119.85,119.03,119.18,1956152
2026-01-29,120.62,120.9,118.62,120.52,2516129
2026-01-30,120.04,120.63,119.04,119.87,1642905
2026-02-02,119.7,120.9,119.68,120.27,1717465
2026-02-03,121.02,121.35,118.17,119.52,2481913
2026-02-04,119.42,119.42,115.87,117.03,3202482
2026-02-05,116.94,117.93,115.71,116.02,2104906
2026-02-06,117.795,120.13,117.555,119.84,1776549
2026-02-09,119.7,122.0381,119.68,121.49,1417198
2026-02-10,121.9,122.24,120.6547,120.78,1545523
2026-02-11,121.76,121.88,119.96,120.59,1315237
2026-02-12,120.92,121.35,118.16,118.27,1504824
2026-02-13,118.07,119.12,117.06,118.25,1294912
2026-02-17,117.91,119.32,117.37,118.86,1300341
2026-02-18,119.13,120.08,118.78,119.33,1195582
2026-02-19,118.945,119.77,118.75,119.39,868940
2026-02-20,118.9,120.19,118.66,119.96,1043091
2026-02-23,119.38,119.79,117.55,117.94,1015351
2026-02-24,117.37,118.82,116.76,118.75,954428
2026-02-25,119.45,120.785,119.405,120.49,1189573
2026-02-26,120.22,120.39,118.645,119.96,925748
2026-02-27,118.75,119.47,118.44,119.47,941804
2026-03-02,118.06,120.52,118.05,120.11,1627979
2026-03-03,118.01,119.68,116.84,119.22,1430267
2026-03-04,119.5,120.64,119.185,120.26,1464686
2026-03-05,120.02,120.84,118.44,119.65,2042968
2026-03-06,118.0,119.13457,117.417,118.24,1955210
2026-03-09,116.95,119.58,116.23,119.3,2870591
2026-03-10,119.38,120.325,118.78,119.08,1381223
2026-03-11,119.29,119.62,118.07,118.7,1141603
2026-03-12,117.74,117.92,116.91,117.17,1389896
2026-03-13,117.5,118.21,115.99,116.18,2470467
2026-03-16,117.33,117.91,116.94,117.35,1291782
2026-03-17,117.9,118.36,117.27,117.35,1249191
2026-03-18,117.01,117.43,116.01,116.06,1167477
2026-03-19,115.21,116.44,114.835,115.88,2692802
2026-03-20,115.63,115.775,113.18,113.45887,1327388
2026-03-23,115.13,116.5099,114.1111,114.53,2854630
2026-03-24,113.71,115.27,113.32,114.84,1510005
2026-03-25,115.39,115.975,114.64,115.32,1871646
2026-03-26,113.94,113.94,111.25,111.34,1674451
2026-03-27,110.9,111.815,110.01,110.31,1894193
2026-03-30,111.57,111.6,107.24,107.84,2008887
2026-03-31,109.3,112.2,109.0501,112.11,1879144
2026-04-01,113.2,115.38,113.2,114.5,1731336
2026-04-02,111.85,115.16,111.7508,114.74,1821322
2026-04-06,115.0,115.705,114.8,115.67,1082027
2026-04-07,115.55,116.7,114.62,116.65,1348985
2026-04-08,120.96,121.46,119.68,121.36,2113305
2026-04-09,121.3,122.9491,121.27,122.76,2086638
2026-04-10,123.31,124.13,122.73,123.34,1833101
2026-04-13,122.83,124.61,122.7661,124.59,1296593
2026-04-14,125.16,126.6793,124.24,126.65,1907654
2026-04-15,126.52,126.7191,124.92,126.58,1911761
2026-04-16,126.37,126.95,125.755,126.74,1567624
2026-04-17,127.64,128.43,127.34,128.3,1665794
2026-04-20,128.3,128.51,127.0,127.64,1689509
2026-04-21,127.81,128.1199,126.26,126.65,1523627
2026-04-22,128.11,129.13,127.46,129.11,1424022
2026-04-23,129.08,130.435,127.96,129.23,1725228
2026-04-24,130.735,131.8399,129.9,131.52,1478958
2026-04-27,131.84,132.29,130.87,132.11,1693560
2026-04-28,129.72,130.96,128.65,129.96,1538218
2026-04-29,131.19,131.245,129.9,130.77,1255007
2026-04-30,132.66,133.93,131.56,133.79,1558636
2026-05-01,133.11,135.06,132.75,134.42,1911894
2026-05-04,134.815,135.7,133.566,134.44,2583174
2026-05-05,136.5,138.44,136.34,137.88,2552142
2026-05-06,140.31,141.68,138.9219,141.59,2293946
2026-05-07,141.04,141.29,138.52,139.3,2086568
2026-05-08,141.21,143.835,141.12,143.81,1924596
2026-05-11,144.84,146.79,144.65,146.07,2327798
2026-05-12,144.59,145.12,141.055,144.45,2385665
2026-05-13,146.13,146.8799,143.9141,146.29,1973326
2026-05-14,146.235,147.87,145.7,147.52,1697693
2026-05-15,144.275,144.87,143.21,143.48,2182915
2026-05-18,144.71,144.7342,139.79,141.42,3589888
2026-05-19,139.69,142.27,138.05,140.63,2167975
2026-05-20,142.5,143.8,141.64,143.31,1686361
2026-05-21,142.73,145.06,142.72,144.69,1894395
2026-05-22,145.51,146.09,144.66,144.94,2009932
2026-05-26,147.6,150.1875,147.41,149.8,2385417
2026-05-27,151.23,151.4,148.05,149.6,2118578
2026-05-28,149.53,151.1199,148.2301,150.13,2635778
2026-05-29,151.13,151.9082,149.87,150.59,1633341
2026-06-01,150.305,153.1185,150.145,152.32,2212343
2026-06-02,153.44,154.505,152.53,154.32,2125195
2026-06-03,155.15,155.74,153.4,155.09,2198261
2026-06-04,150.55,154.0635,149.6,152.83,2164746
2026-06-05,149.38,149.4838,144.0,144.28,3640914
2026-06-08,148.16,148.95,146.57,147.88,2269023
2026-06-09,149.96,151.07,141.55,147.51,3286795
2026-06-10,145.98,148.67,143.51,143.68,2377978
2026-06-11,145.54,151.01,145.3999,150.58,2278065
2026-06-12,150.81,153.36,150.12,152.48,2438083
2026-06-15,156.995,158.24,156.6291,157.84,2467143
2026-06-16,158.12,158.945,154.58,154.62,2021603
2026-06-17,156.72,158.6,155.13,155.49,2196490
2026-06-18,160.04,160.65,159.1,159.65485,2445986
2026-06-22,161.91,162.3,160.08,161.66,2275207
2026-06-23,154.145,156.76,153.36,154.34,2867057
2026-06-24,154.84,155.475,151.34,153.79,2574043
2026-06-25,160.375,160.8455,155.36,159.64,2741809
2026-06-26,156.19,157.4,154.01,154.2,2480944
2026-06-29,155.24,158.605,151.77,158.53,2893759
2026-06-30,158.94,162.15,158.695,161.54,2058047
2026-07-01,157.455,158.1999,154.98,155.32,2593681
2026-07-02,155.84,156.68,149.0,150.83,3364878
2026-07-06,153.25,154.68,152.59,152.98,2143752
2026-07-07,149.24,149.92,146.675,149.42,2667650
2026-07-08,147.905,150.8038,147.9,150.57,2488186
2026-07-09,154.68,155.135,152.82,153.08,1952556
2026-07-10,151.66,154.2799,151.155,153.75,1628360
2026-07-13,151.11,151.58,149.25,149.73,1704428
2026-07-14,153.52,153.6,151.42,152.86,1656994
2026-07-15,153.04,153.271,147.05,150.0,2456702
2026-07-16,147.52,148.3,144.5,145.28,3541017
2026-07-17,142.115,146.26,140.45,143.89,2890767
2026-07-20,146.01,147.45,144.26,144.52,1907537
2026-07-21,148.41,150.145,147.3,149.7,3124215
2026-07-22,147.76,151.25,147.73,150.07,1473722
2026-07-23,148.77,151.1,148.77,149.83,1469095
2026-07-24,148.67,149.3076,145.64,146.51,1762682
2026-07-27,147.57,147.7958,142.06,144.75,2359130
2026-07-28,141.56,141.89,138.55,140.95,3489878
2026-07-29,141.28,141.86,136.29,136.37,2883191
2026-07-30,141.01,143.82,140.2201,143.42,2407990
2026-07-31,147.195,147.76,142.375,143.83,2099722
2026-08-03,142.26,145.78,141.2,145.35,2213080
2026-08-04,148.6,151.92,148.5,151.17,3137994
2026-08-05,151.435,153.21,150.1,150.27,1922620
2026-08-06,148.405,151.0,147.43,149.1,1861178
2026-08-07,150.77,150.97,147.83,149.69,1802509
2026-08-10,149.91,150.5884,148.59,148.7,1957243
2026-08-11,149.79,149.79,148.11,148.56,1077855
2026-08-12,151.48,152.16,150.47,151.21,1677052
2026-08-13,151.24,154.04,150.93,152.72,1972916
2026-08-14,153.39,154.06,152.22,153.31,1274607
2026-08-17,154.51,156.17,154.3,155.16,2455319
2026-08-18,151.89,152.6103,149.982,150.9,2359579
2026-08-19,151.67,151.6982,147.9601,148.35,1962101
2026-08-20,147.965,149.33,147.5874,148.31,1375105
2026-08-21,149.72,149.7497,147.9501,148.73,1237069
2026-08-24,147.28,147.4036,144.925,146.14,1930915
2026-08-25,147.71,148.328,146.35,147.41,1327594
2026-08-26,147.075,147.78,146.8,147.52,1555160
2026-08-27,149.19,149.31,147.13,148.6,1546528
2026-08-28,148.22,148.8,146.45,146.78,1342003
2026-08-31,146.5,147.18,145.96,147.09,1399998
2026-09-01,145.5,146.75,144.7676,145.54,2035549
2026-09-02,145.69,146.43,144.92,146.34,1333815
2026-09-03,146.2,147.5,144.79,147.41,1303025
2026-09-04,148.2,149.785,147.85,149.72,1470218
