date,open,high,low,close,volume
2015-01-02,206.38,206.88,204.18,205.43,121465865
2015-01-05,204.17,204.37,201.35,201.72,169632650
2015-01-06,202.09,202.72,198.855,199.82,209151410
2015-01-07,201.42,202.72,200.88,202.31,125346709
2015-01-08,204.01,206.16,203.99,205.9,147217780
2015-01-09,206.4,206.42,203.51,204.25,158567290
2015-01-12,204.41,204.6,201.92,202.65,144396070
2015-01-13,204.12,205.48,200.51,202.08,214553310
2015-01-14,199.65,201.1,198.57,200.86,192991090
2015-01-15,201.63,202.01,198.88,199.0199,176613910
2015-01-16,198.77,201.82,198.55,201.63,211879610
2015-01-20,202.4,202.72,200.17,202.055,130991069
2015-01-21,201.5,203.66,200.94,203.08,122942707
2015-01-22,203.99,206.26,202.33,206.1,174356030
2015-01-23,205.79,206.1,204.81,204.97,117516753
2015-01-26,204.71,205.56,203.85,205.45,92009711
2015-01-27,202.97,204.12,201.74,202.74,134044598
2015-01-28,204.17,204.29,199.91,200.14,168514310
2015-01-29,200.38,202.3,198.68,201.9902,173585420
2015-01-30,200.57,202.17,199.13,199.45,197729720
2015-02-02,200.05,202.03,197.86,201.92,163106970
2015-02-03,203.0,204.85,202.55,204.84,124212881
2015-02-04,203.92,205.38,203.51,204.06,134306730
2015-02-05,204.86,206.3,204.77,206.12,97953181
2015-02-06,206.56,207.24,204.92,205.55,125672026
2015-02-09,204.77,205.64,204.135,204.63,87219016
2015-02-10,205.88,207.12,204.6801,206.81,96164183
2015-02-11,206.61,207.45,205.83,206.93,91087785
2015-02-12,207.89,208.99,206.9727,208.92,97545949
2015-02-13,209.07,209.84,208.76,209.78,93670430
2015-02-17,209.4,210.32,209.1,210.11,76968199
2015-02-18,209.66,210.22,209.3401,210.13,80652941
2015-02-19,209.41,210.42,209.24,209.98,91462491
2015-02-20,209.48,211.33,208.73,211.239,140896390
2015-02-23,210.94,211.21,210.48,211.209,74411054
2015-02-24,211.12,212.05,210.76,211.81,72472263
2015-02-25,211.66,212.24,211.22,211.63,73061687
2015-02-26,211.52,211.71,210.65,211.38,72697868
2015-02-27,211.26,211.58,210.6,210.66,108075972
2015-03-02,210.78,212.06,210.72,211.99,87491428
2015-03-03,211.47,212.054,210.08,211.12,110325809
2015-03-04,210.4,210.49,209.06,210.2301,114497192
2015-03-05,210.62,210.8,209.85,210.46,76872957
2015-03-06,209.42,209.94,207.1,207.5,188127980
2015-03-09,207.74,208.79,207.5459,208.36,89818893
2015-03-10,206.71,206.81,204.93,204.98,157121260
2015-03-11,205.29,205.5,204.4,204.5,110145718
2015-03-12,205.26,207.175,205.2,207.1,93993523
2015-03-13,206.77,207.9338,204.58,205.8272,162410890
2015-03-16,206.71,208.69,205.8641,208.58,136099190
2015-03-17,207.69,208.42,206.98,207.96,94510422
2015-03-18,207.39,211.27,206.62,210.46,228808520
2015-03-19,209.96,210.4697,209.03,209.5,117917302
2015-03-20,209.71,211.02,209.4903,210.41,177715080
2015-03-23,210.42,211.11,210.0,210.0,71784536
2015-03-24,209.85,210.4,208.74,208.82,77805321
2015-03-25,209.07,209.35,205.71,205.76,159521710
2015-03-26,204.96,206.37,204.12,205.27,153067240
2015-03-27,205.13,205.95,204.9,205.74,118938966
2015-03-30,206.98,208.61,206.96,208.25,96180365
2015-03-31,207.26,208.1,206.36,206.43,126768703
2015-04-01,206.39,206.42,204.51,205.7,137303580
2015-04-02,205.62,206.98,205.4,206.435,86900906
2015-04-06,205.37,208.45,205.21,207.83,114368155
2015-04-07,207.855,208.76,207.24,207.28,81236337
2015-04-08,207.55,208.51,207.08,207.975,89351939
2015-04-09,207.78,209.18,207.19,208.9,85548854
2015-04-10,209.2,210.09,208.96,210.04,72722915
2015-04-13,209.87,210.63,209.03,209.09,74436594
2015-04-14,208.85,209.71,208.1,209.49,75099866
2015-04-15,210.05,211.04,209.95,210.43,99529320
2015-04-16,210.03,210.98,209.7928,210.37,68934864
2015-04-17,208.94,209.23,207.01,207.95,191113230
2015-04-20,209.06,210.25,208.96,209.85,92189481
2015-04-21,210.67,210.86,209.24,209.6,72559831
2015-04-22,210.01,210.85,208.9,210.63,78264616
2015-04-23,210.15,211.94,210.01,211.16,102585942
2015-04-24,211.66,211.97,211.11,211.6499,61327387
2015-04-27,212.33,212.48,210.54,210.77,79358126
2015-04-28,210.74,211.5,209.3301,211.44,86863531
2015-04-29,210.37,211.29,209.6,210.57,125684903
2015-04-30,209.88,210.35,207.62,208.46,161304890
2015-05-01,209.4,210.77,209.28,210.72,103399711
2015-05-04,211.23,212.02,211.1,211.32,70927235
2015-05-05,211.03,211.46,208.73,208.9,113326156
2015-05-06,209.56,209.93,206.76,208.04,135060150
2015-05-07,207.92,209.38,207.52,208.87,88244940
2015-05-08,210.88,211.86,210.78,211.62,155877260
2015-05-11,211.57,211.89,210.52,210.605,75708065
2015-05-12,209.61,210.63,208.62,209.98,119727592
2015-05-13,210.47,211.22,209.74,210.02,94667943
2015-05-14,211.24,212.32,210.91,212.21,95934006
2015-05-15,212.44,212.61,211.86,212.44,76510099
2015-05-18,212.24,213.4,212.16,213.1,74549685
2015-05-19,213.24,213.57,212.69,213.03,72114610
2015-05-20,213.15,213.78,212.504,212.88,76857530
2015-05-21,212.71,213.75,212.51,213.5,64764585
2015-05-22,213.04,213.54,212.91,212.99,57433495
2015-05-26,212.4,212.9089,210.2,210.7,124308584
2015-05-27,211.25,212.98,210.7612,212.7,93213981
2015-05-28,212.33,212.59,211.63,212.46,74974560
2015-05-29,212.38,212.43,210.82,211.14,124919611
2015-06-01,211.94,212.34,210.62,211.57,93338750
2015-06-02,211.02,212.19,210.27,211.36,91531012
2015-06-03,212.0,212.67,211.3301,211.92,87820909
2015-06-04,211.07,211.859,209.75,210.1292,151882820
2015-06-05,209.95,210.58,208.98,209.77,121704676
2015-06-08,209.64,209.82,208.39,208.48,89063330
2015-06-09,208.45,209.1,207.69,208.45,105034690
2015-06-10,209.37,211.41,209.2987,210.95,134551290
2015-06-11,211.48,212.09,211.2,211.63,73876447
2015-06-12,210.64,211.482,209.68,210.01,135382370
2015-06-15,208.64,209.45,207.79,209.11,124384184
2015-06-16,208.93,210.35,208.72,210.25,85308227
2015-06-17,210.59,211.32,209.36,210.59,126708635
2015-06-18,211.31,213.34,210.6315,212.78,165867950
2015-06-19,211.46,211.55,210.36,210.81,130478689
2015-06-22,211.905,212.59,211.64,211.89,70696027
2015-06-23,212.14,212.44,211.57,212.04,68476797
2015-06-24,211.72,212.17,210.47,210.5,92307318
2015-06-25,211.1,211.25,209.77,209.86,97107361
2015-06-26,210.29,210.58,209.16,209.82,104174840
2015-06-29,208.045,209.828,205.33,205.42,202621330
2015-06-30,207.26,207.32,205.28,205.85,182925110
2015-07-01,207.73,208.03,206.56,207.5,135979870
2015-07-02,208.07,208.27,206.81,207.31,104373652
2015-07-06,205.77,207.65,205.53,206.72,117975369
2015-07-07,206.96,208.17,204.11,208.02,173820250
2015-07-08,208.02,206.7645,204.25,204.53,164020060
2015-07-09,207.04,207.35,204.77,204.9,144113110
2015-07-10,207.29,207.98,204.9517,207.48,129456890
2015-07-13,208.99,209.9,208.94,209.77,106069400
2015-07-14,209.72,211.05,209.65,210.68,81709575
2015-07-15,210.73,211.28,210.04,210.61,97914141
2015-07-16,211.87,212.3,211.58,212.3,106683266
2015-07-17,212.29,212.55,211.8,212.48,89029973
2015-07-20,212.75,213.18,212.21,212.59,70446821
2015-07-21,212.43,212.74,211.39,211.75,77965048
2015-07-22,210.93,211.77,210.89,211.37,88667920
2015-07-23,211.53,211.65,209.75,210.18,90509128
2015-07-24,210.3,210.37,207.6,208.0,117754979
2015-07-27,206.94,207.55,206.26,206.79,132361082
2015-07-28,207.79,209.5,206.8,209.33,123544845
2015-07-29,209.48,211.04,209.31,210.77,105791255
2015-07-30,210.16,211.02,209.42,210.82,91304374
2015-07-31,211.42,211.45,210.16,210.5,103266857
2015-08-03,210.46,210.53,208.65,209.79,113965728
2015-08-04,209.7,210.2483,208.8,209.38,81820823
2015-08-05,210.45,211.31,209.73,210.07,85786817
2015-08-06,210.29,210.415,207.65,208.35,116030803
2015-08-07,208.16,208.34,206.87,207.95,117857956
2015-08-10,209.28,210.67,209.28,210.57,80270676
2015-08-11,208.97,209.47,207.76,208.67,126081377
2015-08-12,207.11,209.14,205.36,208.92,172123670
2015-08-13,208.73,209.55,208.01,208.66,89383253
2015-08-14,208.43,209.5087,208.26,209.42,72786528
2015-08-17,208.71,210.59,208.16,210.59,79072643
2015-08-18,210.26,210.68,209.699,209.98,71692678
2015-08-19,209.09,210.01,207.35,208.32,172945980
2015-08-20,206.51,208.2865,203.9,203.97,194327880
2015-08-21,201.73,203.9404,197.52,197.63,346588470
2015-08-24,187.49,197.4772,182.4,189.55,507244330
2015-08-25,195.43,195.45,186.92,187.27,369833070
2015-08-26,192.08,194.79,188.37,194.46,339256990
2015-08-27,197.02,199.42,195.21,199.27,274143910
2015-08-28,198.5,199.835,197.92,199.28,160414350
2015-08-31,198.11,199.125,197.01,197.67,163298820
2015-09-01,193.12,194.77,190.73,191.77,256000390
2015-09-02,194.62,195.46,192.42,195.41,160269330
2015-09-03,196.26,198.05,194.96,195.55,152087840
2015-09-04,192.85,193.86,191.61,192.59,207080960
2015-09-08,195.94,197.61,195.17,197.43,116025739
2015-09-09,199.32,199.47,194.35,194.79,149347740
2015-09-10,194.56,197.22,194.25,195.85,158611060
2015-09-11,195.375,196.82,194.53,196.74,119691212
2015-09-14,196.95,197.01,195.43,196.01,79451983
2015-09-15,196.61,198.99,195.9612,198.46,113806176
2015-09-16,198.82,200.41,198.41,200.18,99581557
2015-09-17,200.02,202.89,199.28,199.73,276046620
2015-09-18,195.71,198.6844,194.96,195.45,223657460
2015-09-21,196.44,197.68,195.21,196.46,105726209
2015-09-22,193.88,194.46,192.56,193.91,153890880
2015-09-23,194.11,194.67,192.91,193.6,92790620
2015-09-24,192.15,193.45,190.56,192.9,159378840
2015-09-25,194.64,195.0,191.81,192.85,155054780
2015-09-28,191.78,191.91,187.64,188.01,178515870
2015-09-29,188.27,189.74,186.93,188.12,159045570
2015-09-30,190.37,191.825,189.44,191.63,163452040
2015-10-01,192.08,192.49,189.82,192.13,131078964
2015-10-02,189.77,195.03,189.12,195.0,211003340
2015-10-05,196.46,198.74,196.33,198.47,126320842
2015-10-06,198.31,198.98,197.0,197.79,110274530
2015-10-07,198.9,199.825,197.48,199.41,124307295
2015-10-08,198.95,201.55,198.59,201.21,153055230
2015-10-09,201.38,201.9,200.58,201.33,107069240
2015-10-12,201.42,201.76,200.91,201.52,56395585
2015-10-13,200.65,202.16,200.05,200.25,88038718
2015-10-14,200.18,200.87,198.94,199.29,99106161
2015-10-15,200.08,202.36,199.64,202.35,134142195
2015-10-16,202.83,203.29,201.92,203.27,114580052
2015-10-19,202.5,203.37,202.13,203.37,76523897
2015-10-20,202.85,203.84,202.5471,203.09,78448484
2015-10-21,203.61,203.79,201.65,201.85,102038033
2015-10-22,202.98,205.51,201.85,205.26,174911720
2015-10-23,207.25,207.95,206.3,207.51,144442340
2015-10-26,207.3,207.37,206.56,207.0,69032965
2015-10-27,206.2,207.0,205.79,206.6,77905770
2015-10-28,207.0,208.98,206.21,208.95,135906730
2015-10-29,208.35,209.27,208.21,208.83,90525498
2015-10-30,209.06,209.44,207.74,207.93,131076942
2015-11-02,208.32,210.62,208.17,210.39,86270811
2015-11-03,209.97,211.66,209.7,211.0,95246052
2015-11-04,211.35,211.5,209.7201,210.36,96224477
2015-11-05,210.43,210.98,209.09,210.15,78408744
2015-11-06,209.74,210.32,208.46,210.04,110471473
2015-11-09,209.31,209.49,206.95,208.08,131008660
2015-11-10,207.51,208.6,207.19,208.56,75874602
2015-11-11,208.88,208.94,207.66,207.74,67845971
2015-11-12,206.5,207.06,204.82,204.84,121315200
2015-11-13,204.35,204.67,202.435,202.54,153577050
2015-11-16,202.32,205.69,202.18,205.62,117645231
2015-11-17,205.99,207.04,204.88,205.47,121123744
2015-11-18,206.04,208.9,205.99,208.73,121342544
2015-11-19,208.59,209.05,208.2,208.55,88220465
2015-11-20,209.45,210.12,208.86,209.3108,94011519
2015-11-23,209.38,209.98,208.52,209.07,64931172
2015-11-24,207.87,209.83,207.41,209.35,98874365
2015-11-25,209.5,209.74,209.01,209.32,51980062
2015-11-27,209.43,209.8,208.86,209.56,37317779
2015-11-30,209.75,209.89,208.56,208.69,112822700
2015-12-01,209.44,210.82,209.11,210.68,97858418
2015-12-02,210.615,211.0,208.23,208.529,108441259
2015-12-03,208.83,209.15,204.7511,205.61,166224150
2015-12-04,206.08,209.97,205.93,209.62,192913880
2015-12-07,209.23,209.7295,207.2,208.35,102027111
2015-12-08,206.49,208.289,205.78,206.949,103372367
2015-12-09,206.19,208.68,204.18,205.34,162401540
2015-12-10,205.42,207.43,205.14,205.87,116128884
2015-12-11,203.35,204.14,201.51,201.88,211173310
2015-12-14,202.07,203.05,199.95,202.9008,182385180
2015-12-15,204.7,206.11,202.8666,205.0308,154069570
2015-12-16,206.365,208.39,204.8,208.03,197017010
2015-12-17,208.4,208.48,204.84,204.86,173092480
2015-12-18,202.77,202.93,199.83,200.0208,251393540
2015-12-21,201.41,201.88,200.09,201.67,99094290
2015-12-22,202.715,203.85,201.55,203.5,111026246
2015-12-23,204.69,206.07,204.58,206.02,110987228
2015-12-24,205.72,206.33,205.42,205.68,48542150
2015-12-28,204.86,205.26,203.94,205.21,65899939
2015-12-29,206.51,207.79,206.47,207.4,92640672
2015-12-30,207.11,207.21,205.76,205.93,63317679
2015-12-31,205.13,205.89,203.87,203.87,114877859
2016-01-04,200.49,201.03,198.59,201.0192,222353530
2016-01-05,201.4,201.9,200.05,201.36,110845849
2016-01-06,198.34,200.06,197.6,198.82,152112600
2016-01-07,195.33,197.44,193.59,194.05,213436070
2016-01-08,195.19,195.85,191.58,191.923,209817230
2016-01-11,193.01,193.41,189.82,192.11,187941320
2016-01-12,193.82,194.55,191.14,193.6608,172330490
2016-01-13,194.45,194.86,188.38,188.83,221168890
2016-01-14,189.55,193.26,187.66,191.93,240795610
2016-01-15,186.77,188.76,185.52,187.81,324846450
2016-01-19,189.96,190.11,186.2,188.06,195244370
2016-01-20,185.03,187.495,181.02,185.65,286547840
2016-01-21,186.21,188.87,184.64,186.69,195772940
2016-01-22,189.78,190.76,188.88,190.52,168319600
2016-01-25,189.92,190.15,187.41,187.64,130371686
2016-01-26,188.42,190.53,188.02,190.2,141036760
2016-01-27,189.58,191.56,187.06,188.13,185681710
2016-01-28,189.96,190.2,187.16,189.11,143798780
2016-01-29,190.02,193.88,189.88,193.7208,210529340
2016-02-01,192.53,194.58,191.84,193.65,136061560
2016-02-02,191.96,191.97,189.54,190.16,182564890
2016-02-03,191.41,191.78,187.1,191.3,205054930
2016-02-04,190.71,192.75,189.96,191.6,139531790
2016-02-05,190.99,191.6696,187.2,187.95,180788310
2016-02-08,185.77,186.12,182.8,185.42,191526690
2016-02-09,183.36,186.94,183.2,185.43,184513140
2016-02-10,186.41,188.34,185.12,185.27,148214060
2016-02-11,182.34,184.1,181.09,182.86,219058890
2016-02-12,184.96,186.65,183.96,186.63,127632393
2016-02-16,188.77,189.81,187.63,189.78,120250668
2016-02-17,191.16,193.32,191.01,192.88,136009500
2016-02-18,193.2,193.27,191.72,192.09,102342997
2016-02-19,191.17,192.18,190.45,192.0,114792988
2016-02-22,193.87,194.95,193.79,194.78,103640292
2016-02-23,194.0,194.32,192.18,192.32,111455289
2016-02-24,190.63,193.53,189.32,193.2,150812150
2016-02-25,193.73,195.55,192.83,195.54,110728317
2016-02-26,196.57,196.68,194.9,195.0892,129833663
2016-02-29,195.11,196.23,193.33,193.56,125918102
2016-03-01,195.01,198.21,194.4542,198.11,141799690
2016-03-02,197.74,199.06,197.25,199.0,102414960
2016-03-03,198.79,199.795,198.11,199.775,95172197
2016-03-04,200.01,201.35,199.03,200.43,129293601
2016-03-07,199.34,201.07,199.25,200.59,100085383
2016-03-08,199.32,199.92,198.21,198.4,123974866
2016-03-09,199.36,199.79,198.43,199.38,94801213
2016-03-10,199.96,201.07,197.38,199.54,156838700
2016-03-11,201.26,202.81,199.5179,202.76,137964530
2016-03-14,202.76,202.76,202.1,202.22,62095
2016-03-15,202.5,202.5,202.5,202.17,93169090
2016-03-16,201.6,203.82,201.55,203.34,129303179
2016-03-17,203.24,205.23,202.77,203.58,134215747
2016-03-18,204.17,204.78,203.8,204.38,138372400
2016-03-21,204.07,204.94,203.8,204.67,72926659
2016-03-22,203.76,205.23,203.57,204.56,97471939
2016-03-23,204.11,204.33,203.01,203.2092,81010289
2016-03-24,202.0,203.16,201.74,203.12,84360853
2016-03-28,203.61,203.86,202.705,203.24,62408185
2016-03-29,202.76,205.25,202.4,205.1208,92922863
2016-03-30,206.3,206.87,205.59,206.02,86336681
2016-03-31,206.02,206.02,205.2,205.52,94584110
2016-04-01,204.35,207.14,203.98,206.92,114423478
2016-04-04,206.83,207.07,205.89,206.25,63419414
2016-04-05,206.25,206.25,206.25,204.1892,99662158
2016-04-06,204.29,206.49,203.98,206.42,91787039
2016-04-07,205.14,205.56,203.09,203.95,113507419
2016-04-08,205.34,205.85,203.87,204.4992,95040598
2016-04-11,205.25,206.07,203.91,204.0201,83757486
2016-04-12,204.22,206.25,203.7,205.92,115350567
2016-04-13,207.0,208.1,206.84,208.0008,96336433
2016-04-14,208.07,208.6,207.6,208.01,65212883
2016-04-15,208.01,208.1721,207.4,207.78,75761615
2016-04-18,207.14,209.28,207.0,209.2392,82530960
2016-04-19,209.74,210.2,208.94,209.9,88316060
2016-04-20,209.95,210.92,209.39,210.1,81100314
2016-04-21,210.12,210.25,208.65,208.97,85695041
2016-04-22,208.55,209.29,207.91,208.97,99251724
2016-04-25,208.26,208.66,207.54,208.61,66166494
2016-04-26,209.04,209.52,208.36,208.9192,75864174
2016-04-27,208.47,209.81,208.05,209.35,77329437
2016-04-28,208.46,209.76,206.96,207.4475,97216169
2016-04-29,206.72,207.13,205.03,206.3308,142424140
2016-05-02,206.92,208.18,206.41,207.97,62188015
2016-05-03,206.52,206.8,205.28,206.1592,106422142
2016-05-04,204.99,205.85,204.42,205.01,92243810
2016-05-05,205.56,205.98,204.47,204.97,67619222
2016-05-06,204.06,205.77,203.88,205.72,89315004
2016-05-09,205.57,206.4,205.36,205.8892,74374922
2016-05-10,206.72,208.5,206.64,208.45,77472207
2016-05-11,207.91,208.54,206.5,206.5,81726989
2016-05-12,207.29,207.4899,205.37,206.56,89586308
2016-05-13,206.21,206.86,204.38,204.76,96474630
2016-05-16,204.96,207.34,204.89,206.78,77486827
2016-05-17,206.46,206.8,204.23,204.8508,114924940
2016-05-18,204.44,206.3,203.63,204.91,123493379
2016-05-19,204.06,204.54,202.78,204.2,115430507
2016-05-20,204.92,206.1,204.86,205.49,104990408
2016-05-23,205.51,205.84,204.985,205.21,58682576
2016-05-24,206.17,208.24,206.14,207.87,93537808
2016-05-25,208.67,209.77,207.8691,209.28,79221525
2016-05-26,209.44,209.71,208.97,209.34,55280699
2016-05-27,209.53,210.25,209.47,210.24,64211214
2016-05-31,210.56,210.69,209.18,209.84,109879380
2016-06-01,209.12,210.48,208.89,210.27,69936215
2016-06-02,209.8,210.93,209.2399,210.91,63044749
2016-06-03,210.25,210.69,208.86,210.28,101757126
2016-06-06,210.7,211.77,210.51,211.35,64846583
2016-06-07,211.525,212.34,211.5,211.68,60905886
2016-06-08,211.84,212.52,211.6899,212.37,66170920
2016-06-09,211.51,212.22,211.19,212.08,73786869
2016-06-10,210.46,210.86,209.43,210.07,113829158
2016-06-13,209.36,210.37,208.35,208.4492,117751153
2016-06-14,208.0,208.74,206.9199,208.04,125059286
2016-06-15,208.54,209.36,207.53,207.75,109124496
2016-06-16,206.73,208.57,205.59,207.29,149533070
2016-06-17,207.17,207.2,205.75,206.52,117055748
2016-06-20,208.82,209.61,207.75,207.85,82789603
2016-06-21,208.3,208.92,207.78,208.44,72461663
2016-06-22,208.65,209.5,207.93,208.1,95560471
2016-06-23,209.81,210.87,209.27,210.81,102731356
2016-06-24,203.63,210.8463,202.72,203.13,333444400
2016-06-27,201.59,201.6,198.65,199.6,248988660
2016-06-28,201.48,203.23,201.12,203.1997,159382400
2016-06-29,204.84,206.93,204.72,206.66,137328610
2016-06-30,207.21,209.54,206.56,209.475,165021950
2016-07-01,209.36,210.49,209.29,209.9208,106055333
2016-07-05,208.95,209.08,207.71,208.41,109803713
2016-07-06,207.83,209.8,207.06,209.66,96021491
2016-07-07,209.87,210.6495,208.63,209.526,85593827
2016-07-08,211.05,212.94,210.7785,212.65,133970972
2016-07-11,213.19,214.07,212.95,213.4,73633937
2016-07-12,214.53,215.3,213.4308,214.95,101275629
2016-07-13,215.44,215.45,214.35,214.92,87324129
2016-07-14,216.4,216.67,215.66,216.12,91230870
2016-07-15,216.78,217.0125,215.308,215.83,107155401
2016-07-18,215.97,216.6,215.67,216.4092,58725918
2016-07-19,215.92,216.23,215.63,216.19,54345728
2016-07-20,216.75,217.37,216.24,217.085,58159457
2016-07-21,216.96,217.22,215.75,216.265,67777310
2016-07-22,216.41,217.3,216.1,217.24,62787477
2016-07-25,217.0,217.06,215.97,216.65,55873147
2016-07-26,216.53,217.17,215.76,216.75,70080493
2016-07-27,217.19,217.27,215.62,216.52,84083893
2016-07-28,216.29,217.11,215.75,216.77,65035718
2016-07-29,216.46,217.54,216.13,217.12,79519436
2016-08-01,217.19,217.65,216.405,216.94,73311422
2016-08-02,216.65,216.83,214.57,215.5492,92295506
2016-08-03,215.48,216.245,215.13,216.18,53993626
2016-08-04,216.31,216.78,214.25,216.4097,46585528
2016-08-05,217.21,218.23,217.07,218.18,71892161
2016-08-08,218.4,218.52,217.74,218.05,39906479
2016-08-09,218.13,218.76,217.8,218.18,51251728
2016-08-10,218.31,218.4038,217.23,217.64,57941092
2016-08-11,218.26,218.94,217.95,218.65,72504270
2016-08-12,218.29,218.71,217.99,218.46,61313544
2016-08-15,218.89,219.5,218.88,219.09,49813482
2016-08-16,218.6,218.68,217.96,217.96,53213621
2016-08-17,218.0,218.53,217.02,218.37,75134339
2016-08-18,218.34,218.9,218.21,218.86,52989266
2016-08-19,218.31,218.75,217.74,218.54,75443004
2016-08-22,218.26,218.8,217.83,218.53,61368766
2016-08-23,219.25,219.6,218.9,218.97,53399159
2016-08-24,218.8,218.91,217.36,217.85,71728949
2016-08-25,217.4,218.19,217.22,217.7,69224776
2016-08-26,217.92,219.12,216.25,217.29,122506348
2016-08-29,217.44,218.665,217.4,218.3608,70484502
2016-08-30,218.26,218.59,217.35,218.0,58114543
2016-08-31,217.61,217.75,216.465,217.38,85269453
2016-09-01,217.37,217.73,216.03,217.39,97844207
2016-09-02,218.39,218.87,217.7,218.37,79293856
2016-09-06,218.7,219.12,217.86,219.0308,56702089
2016-09-07,218.84,219.22,218.3,219.01,76554855
2016-09-08,218.62,218.94,218.15,218.51,74102880
2016-09-09,216.97,217.03,213.25,213.28,221589070
2016-09-12,212.39,216.81,212.31,216.34,168110910
2016-09-13,214.84,215.1499,212.5,213.23,182828840
2016-09-14,213.29,214.7,212.5,213.15,134185491
2016-09-15,212.96,215.73,212.75,214.19,145736120
2016-09-16,213.48,213.69,212.57,213.37,155236350
2016-09-19,214.13,214.88,213.03,213.41,80250490
2016-09-20,214.41,214.59,213.38,213.42,69665279
2016-09-21,214.24,216.03,213.44,215.82,110284425
2016-09-22,217.0,217.53,216.71,217.18,76678713
2016-09-23,216.72,216.88,215.88,215.99,73630921
2016-09-26,215.02,215.23,214.01,214.24,89827305
2016-09-27,214.05,215.68,213.62,215.57,78494829
2016-09-28,215.83,216.82,214.71,216.64,87411015
2016-09-29,216.4,216.87,214.04,214.68,128070615
2016-09-30,215.65,217.12,215.36,216.3,117202914
2016-10-03,215.82,216.04,215.04,215.78,83512057
2016-10-04,215.91,216.17,213.99,214.68,119948052
2016-10-05,215.41,216.13,215.33,215.63,72815963
2016-10-06,215.37,216.04,214.735,215.78,62927376
2016-10-07,216.1,216.3,214.19,215.04,89788255
2016-10-10,216.155,216.7,215.985,216.16,51855023
2016-10-11,215.66,215.74,212.58,213.43,130367373
2016-10-12,213.59,214.32,213.01,213.71,73866117
2016-10-13,212.16,213.59,211.21,213.01,101356960
2016-10-14,214.15,214.69,213.03,213.12,93346237
2016-10-17,213.09,213.39,212.17,212.38,58275674
2016-10-18,214.24,214.31,213.27,213.71,76869656
2016-10-19,214.02,214.64,213.6,214.28,66519224
2016-10-20,213.87,214.53,213.11,213.88,73639830
2016-10-21,212.96,214.08,212.76,213.98,89089092
2016-10-24,215.0,215.32,214.48,214.89,60146592
2016-10-25,214.68,214.98,213.98,214.17,66542329
2016-10-26,213.21,214.42,212.93,213.74,75705478
2016-10-27,214.58,214.62,213.08,213.17,77220213
2016-10-28,213.14,213.93,211.71,212.54,140623180
2016-10-31,212.93,213.19,212.36,212.55,61272507
2016-11-01,212.93,212.99,209.6,211.01,122781818
2016-11-02,210.65,211.1,209.23,209.74,103330806
2016-11-03,209.99,210.24,208.46,208.78,88939346
2016-11-04,208.91,209.89,208.38,208.55,109122059
2016-11-07,211.45,213.19,211.3,213.15,109794861
2016-11-08,212.69,214.77,212.38,214.11,106772138
2016-11-09,212.37,217.1,212.34,216.3792,258428970
2016-11-10,217.3,218.31,215.22,216.92,172113310
2016-11-11,216.08,216.7,215.32,216.42,100552732
2016-11-14,217.03,217.27,215.72,216.59,94586951
2016-11-15,217.04,218.28,216.8,218.28,91652580
2016-11-16,217.56,218.14,217.42,217.87,65617697
2016-11-17,218.05,219.06,217.92,218.99,69797191
2016-11-18,219.07,219.27,218.29,218.5,86265751
2016-11-21,219.17,220.18,219.0,220.15,72402638
2016-11-22,220.51,220.79,219.73,220.58,67428957
2016-11-23,219.98,220.76,219.75,220.7,56620237
2016-11-25,221.1,221.56,221.01,221.52,37872255
2016-11-28,221.16,221.48,220.36,220.48,76572511
2016-11-29,220.52,221.44,220.17,220.91,69886690
2016-11-30,221.63,221.82,220.31,220.38,113291793
2016-12-01,220.73,220.73,219.15,219.57,79040487
2016-12-02,219.67,220.25,219.26,219.68,74840347
2016-12-05,220.65,221.4,220.42,221.0,67837821
2016-12-06,221.22,221.7441,220.662,221.7,59877377
2016-12-07,221.52,224.67,221.38,224.6,110738050
2016-12-08,224.57,225.7,224.26,225.15,99714387
2016-12-09,225.41,226.53,225.37,226.51,88005766
2016-12-12,226.4,226.96,225.76,226.25,102016125
2016-12-13,227.02,228.34,227.0,227.76,110477485
2016-12-14,227.41,228.23,225.365,225.88,142501810
2016-12-15,226.16,227.81,225.8904,225.48,124972554
2016-12-16,226.01,226.08,224.67,225.04,156420150
2016-12-19,225.25,226.02,225.08,225.53,90341147
2016-12-20,226.15,226.57,225.88,226.4,89838810
2016-12-21,226.25,226.45,225.77,225.77,67909039
2016-12-22,225.6,225.74,224.92,225.38,56219071
2016-12-23,225.43,225.72,225.21,225.71,36697822
2016-12-27,226.02,226.73,226.0,226.27,42672487
2016-12-28,226.57,226.59,224.27,224.4,64095014
2016-12-29,224.48,224.89,223.84,224.35,48696080
2016-12-30,224.73,224.83,222.73,223.53,108998328
2017-01-03,225.04,225.83,223.8837,225.24,91366522
2017-01-04,225.62,226.75,225.61,226.58,78744433
2017-01-05,226.27,226.58,225.48,226.4,78379012
2017-01-06,226.53,227.75,225.9,227.21,71559922
2017-01-09,226.91,227.0701,226.4163,226.46,46939676
2017-01-10,226.48,227.45,226.01,226.46,63771939
2017-01-11,226.36,227.1,225.59,227.1,74650016
2017-01-12,226.5,226.75,224.955,226.53,72113181
2017-01-13,226.73,227.4,226.69,227.05,62717865
2017-01-17,226.31,226.78,225.8,226.25,61240814
2017-01-18,226.535,226.8,225.9,226.75,54793302
2017-01-19,226.84,227.0,225.41,225.91,66608787
2017-01-20,226.7,227.31,225.9719,226.74,129168623
2017-01-23,226.35,226.805,225.27,226.15,75061645
2017-01-24,226.4,228.08,226.27,227.6,95555295
2017-01-25,228.7,229.57,228.51,229.57,84437712
2017-01-26,229.4,229.71,229.01,229.33,59970719
2017-01-27,229.42,229.59,228.76,228.97,59711118
2017-01-30,228.17,228.2,226.41,227.55,79737252
2017-01-31,226.98,227.6,226.32,227.53,75880805
2017-02-01,228.255,228.59,226.94,227.62,79117651
2017-02-02,227.2,228.1,226.82,227.77,69657560
2017-02-03,228.82,229.55,228.46,229.34,80563168
2017-02-06,228.87,229.326,228.54,228.93,57790108
2017-02-07,229.38,229.6556,228.72,228.94,57931151
2017-02-08,228.61,229.39,228.31,229.24,51566218
2017-02-09,229.56,230.95,229.52,230.6,65955245
2017-02-10,231.0,231.77,230.6216,231.51,66015892
2017-02-13,232.08,233.07,232.05,232.77,55182050
2017-02-14,232.56,233.71,232.16,233.7,71108983
2017-02-15,233.45,235.14,233.39,234.92,86785826
2017-02-16,234.96,235.155,233.85,234.72,84722437
2017-02-17,233.95,235.09,233.93,235.09,77204104
2017-02-21,235.52,236.69,235.51,236.49,88946051
2017-02-22,236.02,236.54,235.83,236.28,62115185
2017-02-23,236.88,236.9,235.56,236.44,74615902
2017-02-24,235.46,236.7932,235.41,236.74,82381612
2017-02-27,236.64,237.31,236.35,237.11,56515440
2017-02-28,236.67,236.95,236.015,236.47,96961938
2017-03-01,238.39,240.32,238.37,239.78,149158170
2017-03-02,239.56,239.57,238.21,238.27,70245978
2017-03-03,238.17,238.61,237.73,238.42,81974300
2017-03-06,237.5,238.12,237.01,237.71,55391533
2017-03-07,237.36,237.77,236.76,237.0,65103737
2017-03-08,237.34,237.64,236.4,236.56,78168795
2017-03-09,236.7,237.24,235.74,236.86,90683918
2017-03-10,237.97,238.02,236.59,237.69,81991652
2017-03-13,237.62,237.86,237.24,237.81,57256824
2017-03-14,237.18,237.24,236.19,236.9,59880778
2017-03-15,237.56,239.44,237.29,238.95,96081750
2017-03-16,239.11,239.2,238.1,237.44,78343951
2017-03-17,237.75,237.97,237.03,237.03,89002111
2017-03-20,237.03,237.36,236.32,236.77,52536979
2017-03-21,237.47,237.61,233.58,233.73,131809275
2017-03-22,233.77,234.61,233.05,234.28,97569204
2017-03-23,234.0,235.34,233.6,234.03,100410277
2017-03-24,234.38,235.04,232.96,233.86,112504853
2017-03-27,231.93,233.92,231.61,233.62,87454452
2017-03-28,233.27,235.81,233.14,235.32,93483915
2017-03-29,234.99,235.81,234.725,235.54,61950354
2017-03-30,235.47,236.52,235.27,236.29,56737890
2017-03-31,235.9,236.51,235.68,235.74,73733094
2017-04-03,235.8,236.03,233.91,235.33,85546486
2017-04-04,235.0,235.58,234.555,235.48,56466195
2017-04-05,236.26,237.39,234.54,234.78,108800604
2017-04-06,234.94,236.04,234.425,235.44,69135757
2017-04-07,235.15,236.0,234.64,235.2,74412311
2017-04-10,235.36,236.255,234.73,235.34,67615302
2017-04-11,234.9,235.18,233.34,235.06,88045276
2017-04-12,234.74,234.96,233.77,234.03,81864436
2017-04-13,233.64,234.49,232.51,232.51,92880394
2017-04-17,233.11,234.57,232.88,234.57,68405367
2017-04-18,233.72,234.49,233.08,233.87,83225821
2017-04-19,234.52,234.95,233.18,233.44,68699868
2017-04-20,234.15,235.845,233.78,235.34,92572186
2017-04-21,235.25,235.31,234.13,234.59,110389847
2017-04-24,237.18,237.41,234.5628,237.17,119209877
2017-04-25,237.91,238.95,237.81,238.55,76698265
2017-04-26,238.51,239.53,238.35,238.4,84702455
2017-04-27,238.77,238.95,237.98,238.6,57410326
2017-04-28,238.9,238.93,237.93,238.08,63532845
2017-05-01,238.68,239.17,238.195,238.68,66882521
2017-05-02,238.84,238.98,238.3,238.77,57375732
2017-05-03,238.29,238.8775,237.7,238.48,73137731
2017-05-04,238.83,238.9225,237.78,238.76,61462732
2017-05-05,239.19,239.72,238.68,239.7,62001269
2017-05-08,239.75,239.92,239.17,239.66,48385730
2017-05-09,239.96,240.19,239.04,239.44,51363200
2017-05-10,239.39,239.87,239.15,239.87,54293799
2017-05-11,239.35,239.57,238.13,239.38,62358346
2017-05-12,239.09,239.4273,238.67,238.98,53912730
2017-05-15,239.47,240.44,239.45,240.3,61918937
2017-05-16,240.64,240.67,239.63,240.08,51241791
2017-05-17,238.1,238.64,235.75,235.82,172174110
2017-05-18,235.73,237.75,235.43,236.77,107047656
2017-05-19,237.33,239.08,237.27,238.31,115011373
2017-05-22,238.9,239.71,238.82,239.52,61010602
2017-05-23,239.95,240.24,239.51,240.05,48341683
2017-05-24,240.32,240.73,239.93,240.61,49181099
2017-05-25,241.2,242.08,240.96,241.76,64071661
2017-05-26,241.54,241.9,241.45,241.71,46629905
2017-05-30,241.34,241.79,241.16,241.5,35201897
2017-05-31,241.84,241.88,240.64,241.44,91796016
2017-06-01,241.97,243.38,241.64,243.36,68962024
2017-06-02,243.42,244.35,243.08,244.17,88666128
2017-06-05,243.97,244.3,243.76,243.99,44698825
2017-06-06,243.34,243.98,243.12,243.21,50375430
2017-06-07,243.6,243.92,242.83,243.66,54144311
2017-06-08,243.77,244.33,243.17,243.78,65950691
2017-06-09,244.09,245.01,241.95,243.41,132256362
2017-06-12,243.13,243.42,242.38,243.36,86108102
2017-06-13,243.98,244.61,243.5799,244.55,60066953
2017-06-14,244.86,244.87,243.29,244.24,78602311
2017-06-15,242.68,243.91,242.36,242.58689,66464888
2017-06-16,242.77,242.83,241.6337,242.64,84553097
2017-06-19,243.59,244.73,243.48,244.66,65123802
2017-06-20,244.25,244.26,242.99,243.01,56906368
2017-06-21,243.42,243.59,242.41,242.95,55977569
2017-06-22,242.96,243.53,242.64,242.84,44148059
2017-06-23,242.91,243.51,242.47,243.13,66986801
2017-06-26,243.9,244.38,243.045,243.29,56700477
2017-06-27,243.04,243.38,241.31,241.33,82247666
2017-06-28,242.5,243.715,242.23,243.49,70042599
2017-06-29,243.66,243.72,239.955,241.35,106949719
2017-06-30,242.28,242.71,241.575,241.8,86820694
2017-07-03,242.88,243.38,242.21,242.21,39153806
2017-07-05,242.63,243.01,241.7,242.77,54427596
2017-07-06,241.89,242.03,240.34,240.55,66115317
2017-07-07,241.21,242.28,240.5645,242.11,57972268
2017-07-10,241.95,242.8,241.76,242.37,36663274
2017-07-11,242.16,242.55,240.85,242.19,50354614
2017-07-12,243.3,244.2,243.3,244.01,59610405
2017-07-13,244.02,244.55,243.76,244.42,39471637
2017-07-14,244.43,245.97,244.31,245.56,60262692
2017-07-17,245.47,245.91,245.33,245.53,33531917
2017-07-18,245.06,245.72,244.67,245.66,42742498
2017-07-19,246.02,247.0,246.01,246.99,51034260
2017-07-20,247.28,247.42,246.47,247.1,47135183
2017-07-21,246.44,246.91,246.18,246.88,88711019
2017-07-24,246.79,246.98,246.28,246.82,46622256
2017-07-25,247.68,247.8,247.16,247.42,54915591
2017-07-26,247.75,247.79,247.13,247.43,47575422
2017-07-27,247.96,248.0,245.68,247.2,70766568
2017-07-28,246.65,247.06,246.13,246.91,50088359
2017-07-31,247.37,247.48,246.53,246.77,65838659
2017-08-01,247.46,247.5,246.716,247.32,55050401
2017-08-02,247.47,247.6,246.37,247.44,47211216
2017-08-03,247.31,247.34,246.64,246.96,40855997
2017-08-04,247.52,247.79,246.97,247.41,60191838
2017-08-07,247.49,247.87,247.37,247.87,31995021
2017-08-08,247.51,248.91,246.83,247.26,61719353
2017-08-09,246.47,247.31,246.06,247.25,62632619
2017-08-10,246.29,246.44,243.7,243.76,120479470
2017-08-11,244.02,244.8,243.75,244.12,74869947
2017-08-14,245.59,246.79,245.55,246.54,73291919
2017-08-15,246.98,247.0,246.16,246.51,55242746
2017-08-16,247.11,247.57,246.45,246.94,56715544
2017-08-17,246.24,246.6,243.09,243.09,128490396
2017-08-18,242.9,244.189,242.2,242.71,136747990
2017-08-21,242.64,243.2,241.83,242.9,65469736
2017-08-22,243.57,245.62,243.55,245.44,63140101
2017-08-23,244.33,245.05,244.16,244.56,50203837
2017-08-24,245.0,245.18,243.75,243.99,50741671
2017-08-25,244.9,245.61,244.39,244.56,64445912
2017-08-28,245.17,245.2,244.09,244.57,40565606
2017-08-29,243.06,245.15,242.93,244.85,51135715
2017-08-30,244.83,246.32,244.62,246.01,62030805
2017-08-31,246.72,247.77,246.0473,247.49,103803880
2017-09-01,247.92,248.33,247.67,247.84,62006989
2017-09-05,247.26,247.52,244.95,246.06,91398777
2017-09-06,246.84,247.28,246.23,246.9,57916867
2017-09-07,247.25,247.27,246.4,246.87,58034730
2017-09-08,246.54,247.11,246.3,246.58,63832825
2017-09-11,248.04,249.3,248.02,249.21,71364848
2017-09-12,249.63,250.09,249.42,250.05,56896027
2017-09-13,249.72,250.21,249.59,250.17,59228002
2017-09-14,249.8,250.32,249.6,248.85543,95446349
2017-09-15,248.69,249.29,248.57,249.19,95432382
2017-09-18,249.61,250.12,249.28,249.72,46235238
2017-09-19,250.0,250.07,249.6,249.97,47108148
2017-09-20,250.07,250.19,248.92,250.06,59574083
2017-09-21,249.88,249.98,249.185,249.39,48211398
2017-09-22,249.05,249.63,249.02,249.44,51214032
2017-09-25,249.15,249.5532,248.08,248.93,57064357
2017-09-26,249.42,249.7,248.805,249.08,54081959
2017-09-27,249.88,250.49,248.87,250.05,81001426
2017-09-28,249.73,250.44,249.63,250.35,44778841
2017-09-29,250.34,251.32,250.13,251.23,85578002
2017-10-02,251.49,252.32,251.2926,252.32,59022985
2017-10-03,252.46,252.89,252.23,252.86,66810169
2017-10-04,252.69,253.44,252.56,253.16,55953619
2017-10-05,253.54,254.68,253.196,254.66,63522757
2017-10-06,254.15,254.7008,253.85,254.37,80645998
2017-10-09,254.63,254.7,253.65,253.95,35697230
2017-10-10,254.6,255.05,253.98,254.62,43057363
2017-10-11,254.51,255.02,254.32,255.02,47674325
2017-10-12,254.66,255.06,254.365,254.64,47065144
2017-10-13,255.14,255.27,254.64,254.95,54800435
2017-10-16,255.21,255.51,254.82,255.29,38221675
2017-10-17,255.23,255.52,254.98,255.47,31560964
2017-10-18,255.9,255.95,255.5,255.72,40888330
2017-10-19,254.83,255.83,254.35,255.79,61903788
2017-10-20,256.7,257.14,255.7744,257.11,89176377
2017-10-23,257.48,257.51,256.02,256.11,63915306
2017-10-24,256.6,256.83,256.15,256.56,66935910
2017-10-25,256.18,256.31,254.0,255.29,103715291
2017-10-26,255.99,256.3,255.48,255.62,69797972
2017-10-27,256.47,257.89,255.6254,257.71,85562544
2017-10-30,257.07,257.6,256.41,256.75,54285687
2017-10-31,257.18,257.44,256.805,257.15,60304781
2017-11-01,258.04,258.43,257.07,257.49,54202736
2017-11-02,257.41,257.75,256.19,257.59,56449535
2017-11-03,257.77,258.5,257.3,258.45,59589730
2017-11-06,258.3,259.0,258.22,258.85,49652598
2017-11-07,258.97,259.35,258.09,258.67,57502161
2017-11-08,258.47,259.22,258.15,259.11,50469579
2017-11-09,257.73,258.39,256.36,258.17,95085497
2017-11-10,257.73,258.2926,257.37,258.09,59984662
2017-11-13,257.31,258.59,257.27,258.33,50228648
2017-11-14,257.41,257.85,256.52,257.73,61315152
2017-11-15,256.62,257.22,255.63,256.44,80811525
2017-11-16,257.52,259.04,257.4748,258.62,67777027
2017-11-17,258.22,258.5882,257.77,257.86,75756833
2017-11-20,258.14,258.525,257.86,258.3,48075514
2017-11-21,259.18,260.2,258.2627,259.99,69176799
2017-11-22,260.0,260.15,259.57,259.76,45033392
2017-11-24,260.32,260.48,260.16,260.36,27856514
2017-11-27,260.41,260.75,260.0,260.23,52274922
2017-11-28,260.76,262.9,260.655,262.87,98971719
2017-11-29,263.02,263.63,262.2,262.71,77512102
2017-11-30,263.76,266.05,263.67,265.01,127894389
2017-12-01,264.76,265.31,260.76,264.46,164390900
2017-12-04,266.31,266.8,264.08,263.2,94040560
2017-12-05,264.43,265.15,263.04,263.285,77994544
2017-12-06,262.87,263.73,262.71,263.24,75898566
2017-12-07,263.09,264.43,262.94,264.07,77218569
2017-12-08,264.99,265.52,264.0315,265.51,76563873
2017-12-11,265.58,266.38,265.4793,266.31,83077533
2017-12-12,266.57,267.32,266.345,266.78,85195750
2017-12-13,267.06,267.56,266.65,266.75,102905409
2017-12-14,267.09,267.22,265.6,264.3,100666692
2017-12-15,265.45,267.04,265.39,266.51,144610290
2017-12-18,268.1,268.6,267.98,268.2,83653572
2017-12-19,268.48,268.53,267.09,267.17,82382876
2017-12-20,268.27,268.33,266.69,267.03,76751500
2017-12-21,267.74,268.385,267.3,267.58,67032339
2017-12-22,267.6,267.635,266.9,267.51,78720873
2017-12-26,267.05,267.4377,266.885,267.19,45244433
2017-12-27,267.38,267.73,267.01,267.32,57750986
2017-12-28,267.89,267.92,267.45,267.87,45116139
2017-12-29,268.53,268.55,266.64,266.86,96007424
2018-01-02,267.84,268.81,267.4,268.77,86655749
2018-01-03,268.96,270.64,268.96,270.47,90070416
2018-01-04,271.2,272.16,270.5447,271.61,80636408
2018-01-05,272.51,273.56,271.95,273.42,83523995
2018-01-08,273.31,274.1,272.98,273.92,57319192
2018-01-09,274.4,275.25,274.081,274.54,57253957
2018-01-10,273.68,274.42,272.92,274.12,69574318
2018-01-11,274.75,276.12,274.56,276.12,62361455
2018-01-12,276.42,278.11,276.0819,277.92,90816076
2018-01-16,279.35,280.09,276.18,276.97,106555142
2018-01-17,278.03,280.05,276.97,279.61,113258799
2018-01-18,279.48,279.96,278.58,279.14,100728006
2018-01-19,279.8,280.41,279.14,280.41,140920100
2018-01-22,280.17,282.69,280.11,282.69,91322408
2018-01-23,282.74,283.62,282.37,283.29,97084700
2018-01-24,284.02,284.7,281.84,283.18,134823750
2018-01-25,284.16,284.27,282.405,283.3,84587313
2018-01-26,284.25,286.6285,283.96,286.58,107743119
2018-01-29,285.93,286.43,284.5,284.68,90118337
2018-01-30,282.6,284.736,281.22,281.76,131796419
2018-01-31,282.73,283.3,280.68,281.9,118948131
2018-02-01,281.07,283.06,280.68,281.58,90102470
2018-02-02,280.08,280.23,275.41,275.45,173174790
2018-02-05,273.45,275.85,263.31,263.93,294681820
2018-02-06,259.94,269.7,258.7,269.13,355026780
2018-02-07,268.5,272.36,267.58,267.67,167376100
2018-02-08,268.01,268.17,257.59,257.63,246449510
2018-02-09,260.8,263.61,252.92,261.5,283565320
2018-02-12,263.83,267.01,261.6644,265.34,143735980
2018-02-13,263.97,266.62,263.31,266.0,81223640
2018-02-14,264.31,270.0,264.3,269.59,120734499
2018-02-15,271.57,273.04,268.77,273.03,111200286
2018-02-16,272.32,275.32,272.27,273.11,160420140
2018-02-20,272.03,273.67,270.5,271.4,86369662
2018-02-21,271.9,274.72,269.94,270.05,98883740
2018-02-22,271.1,273.05,269.64,270.4,110511290
2018-02-23,271.79,274.71,271.25,274.71,92766428
2018-02-26,275.93,278.01,275.26,277.9,86491406
2018-02-27,278.11,278.92,274.36,274.43,99099165
2018-02-28,275.68,276.19,271.29,271.65,121907767
2018-03-01,271.41,273.17,266.0,267.7,176855080
2018-03-02,265.8,269.72,264.82,269.08,139083220
2018-03-05,267.73,272.89,267.61,272.19,97307387
2018-03-06,273.3,273.39,271.18,272.88,79213163
2018-03-07,270.42,273.18,270.2,272.78,87063502
2018-03-08,273.55,274.24,272.42,274.1,66901150
2018-03-09,275.7,278.87,275.34,278.87,113625335
2018-03-12,279.2,279.91,278.0801,278.52,71924793
2018-03-13,279.84,280.41,276.03,276.72,91968937
2018-03-14,277.81,278.02,274.67,275.3,105895079
2018-03-15,275.88,276.61,274.43,273.9,83433038
2018-03-16,274.5,275.39,274.14,274.2,100343673
2018-03-19,273.35,274.3957,268.62,270.49,109208442
2018-03-20,270.94,271.67,270.18,270.95,59757271
2018-03-21,270.9,273.27,270.19,270.43,78709578
2018-03-22,267.91,268.87,263.36,263.67,148785920
2018-03-23,264.17,265.02,257.83,258.05,183534750
2018-03-26,262.13,265.43,259.41,265.11,141956100
2018-03-27,266.17,266.77,258.84,260.6,129941445
2018-03-28,260.75,262.64,258.58,259.83,146452310
2018-03-29,261.12,265.26,259.8389,263.15,124244790
2018-04-02,262.55,263.13,254.67,257.47,186286340
2018-04-03,258.87,261.31,256.84,260.77,119956861
2018-04-04,256.75,264.355,256.6,263.56,123715339
2018-04-05,265.55,266.64,264.32,265.64,82652618
2018-04-06,263.42,265.11,258.0,259.72,179521210
2018-04-09,261.37,264.84,259.9356,261.0,105442932
2018-04-10,264.27,266.04,262.98,265.15,105573736
2018-04-11,263.47,265.64,263.39,263.76,91140243
2018-04-12,265.26,267.0,265.06,265.93,68890480
2018-04-13,267.41,267.54,264.01,265.15,85079176
2018-04-16,267.0,268.2,266.07,267.33,63405287
2018-04-17,269.33,270.87,268.75,270.19,64682036
2018-04-18,270.69,271.3,269.87,270.39,57303857
2018-04-19,269.65,269.88,267.72,268.89,77655909
2018-04-20,268.81,269.06,265.61,266.61,99953133
2018-04-23,267.26,267.89,265.35,266.57,65557954
2018-04-24,267.73,267.9762,261.28,262.98,112885452
2018-04-25,262.91,264.13,260.85,263.63,103840948
2018-04-26,264.79,267.2452,264.29,266.31,67731942
2018-04-27,267.0,267.34,265.5,266.56,57053647
2018-04-30,267.26,267.89,264.43,264.51,82182324
2018-05-01,263.87,265.1,262.11,264.98,74203365
2018-05-02,264.76,265.68,262.76,263.2,86368943
2018-05-03,262.26,263.36,259.05,262.62,136311480
2018-05-04,261.52,266.7892,261.15,266.02,91222075
2018-05-07,266.89,268.02,266.11,266.92,55304907
2018-05-08,266.5,267.325,265.15,266.92,67499247
2018-05-09,267.68,269.865,267.09,269.5,59666143
2018-05-10,270.34,272.39,270.22,272.02,72063931
2018-05-11,272.16,273.15,271.58,272.85,59871511
2018-05-14,273.34,274.08,272.36,272.98,54790606
2018-05-15,271.59,271.61,270.03,271.1,87036136
2018-05-16,271.14,272.76,271.11,272.24,53942631
2018-05-17,271.94,273.23,271.13,272.01,56536400
2018-05-18,271.62,272.03,270.93,271.33,64367959
2018-05-21,273.01,273.98,271.3512,273.37,58025875
2018-05-22,273.96,274.25,272.24,272.61,52966358
2018-05-23,271.17,273.39,270.99,273.36,64694184
2018-05-24,272.91,273.22,270.78,272.8,76043827
2018-05-25,272.15,272.86,271.58,272.15,56374755
2018-05-29,270.31,271.17,267.76,269.02,115908607
2018-05-30,270.5,273.11,270.42,272.61,69678449
2018-05-31,272.15,272.49,270.255,270.94,93519941
2018-06-01,272.41,273.94,272.33,273.6,71258411
2018-06-04,274.53,275.185,274.26,274.9,45385166
2018-06-05,275.05,275.53,274.18,275.1,51135038
2018-06-06,275.79,277.52,275.09,277.4,62732215
2018-06-07,277.95,278.28,276.34,277.37,72969402
2018-06-08,276.85,278.25,276.66,278.19,72139719
2018-06-11,278.44,279.37,278.31,278.56,58892515
2018-06-12,279.03,279.33,278.19,278.92,72329028
2018-06-13,279.19,279.48,277.8,278.03,79070610
2018-06-14,279.01,279.33,278.0599,277.48,77097620
2018-06-15,276.6,277.51,275.35,277.13,120041562
2018-06-18,275.49,276.7,274.95,276.56,52917581
2018-06-19,274.0,275.75,273.53,275.5,97531510
2018-06-20,276.27,276.72,275.59,275.97,53785486
2018-06-21,275.96,275.98,273.68,274.24,71061404
2018-06-22,275.66,275.785,274.49,274.74,56612003
2018-06-25,273.44,273.6162,269.1,271.0,137854160
2018-06-26,271.64,272.56,270.79,271.6,68683211
2018-06-27,272.26,273.865,269.18,269.35,105110674
2018-06-28,269.29,271.75,268.49,270.89,76650517
2018-06-29,272.12,273.66,271.1495,271.28,97592499
2018-07-02,269.51,272.04,269.24,271.86,63554774
2018-07-03,272.87,272.98,270.42,270.9,42187071
2018-07-05,272.17,273.18,270.96,273.11,56925919
2018-07-06,273.14,275.84,272.715,275.42,66493696
2018-07-09,276.55,277.96,276.5,277.9,50550399
2018-07-10,278.41,279.01,278.08,278.9,51966829
2018-07-11,277.15,278.04,276.52,276.86,77054739
2018-07-12,278.28,279.43,277.6,279.37,60124687
2018-07-13,279.17,279.93,278.66,279.59,48234964
2018-07-16,279.64,279.803,278.84,279.34,48201038
2018-07-17,278.47,280.91,278.41,280.47,52315500
2018-07-18,280.56,281.18,280.06,281.06,44593465
2018-07-19,280.31,280.74,279.46,280.0,61412117
2018-07-20,279.77,280.48,279.5,279.68,82372729
2018-07-23,279.45,280.43,279.06,280.2,47047565
2018-07-24,281.79,282.56,280.63,281.61,68026935
2018-07-25,281.33,284.37,281.28,284.01,78882784
2018-07-26,283.2,284.11,283.09,283.34,57919495
2018-07-27,283.71,283.82,280.38,281.42,76783177
2018-07-30,281.51,281.69,279.36,279.95,63742508
2018-07-31,280.81,282.02,280.38,281.33,68570493
2018-08-01,281.56,282.13,280.1315,280.86,53853326
2018-08-02,279.39,282.58,279.16,282.39,63426363
2018-08-03,282.53,283.6577,282.33,283.6,53935386
2018-08-06,283.64,284.99,283.2015,284.64,39400887
2018-08-07,285.39,286.01,285.24,285.58,43196646
2018-08-08,285.39,285.91,284.94,285.46,42114551
2018-08-09,285.53,285.97,284.915,285.07,35716976
2018-08-10,283.45,284.055,282.36,283.16,77076044
2018-08-13,283.47,284.16,281.77,282.1,65732909
2018-08-14,282.92,284.17,282.4833,283.9,43842031
2018-08-15,282.38,282.54,280.16,281.78,102925355
2018-08-16,283.4,285.04,283.36,284.06,69967919
2018-08-17,283.83,285.5601,283.37,285.06,65618481
2018-08-20,285.57,285.97,285.06,285.67,39807490
2018-08-21,286.25,287.31,285.7135,286.34,67271983
2018-08-22,285.88,286.76,285.575,286.17,44993333
2018-08-23,285.97,286.94,285.43,285.79,49204851
2018-08-24,286.44,287.67,286.38,287.51,57487399
2018-08-27,288.86,289.9,288.68,289.78,57072377
2018-08-28,290.3,290.4175,289.4,289.92,46943472
2018-08-29,290.16,291.74,289.8854,291.48,61485514
2018-08-30,290.94,291.36,289.63,290.3,61229501
2018-08-31,289.84,290.81,289.29,290.31,66140838
2018-09-04,289.84,290.21,288.68,289.81,57594367
2018-09-05,289.41,289.64,287.89,289.03,72452437
2018-09-06,289.15,289.49,287.0,288.16,65909863
2018-09-07,286.98,288.7,286.71,287.6,73524824
2018-09-10,288.74,289.04,287.88,288.1,50210903
2018-09-11,287.37,289.55,286.975,289.05,50530492
2018-09-12,289.06,289.8,288.23,289.12,59810758
2018-09-13,290.32,291.0384,289.995,290.83,51034222
2018-09-14,291.06,291.27,290.0,290.88,55079875
2018-09-17,290.82,290.86,289.03,289.34,68244043
2018-09-18,289.58,291.58,289.55,290.91,61930407
2018-09-19,290.97,291.69,290.825,291.22,49080562
2018-09-20,292.64,293.94,291.2363,292.25,100360646
2018-09-21,293.09,293.22,291.81,291.99,105479656
2018-09-24,291.34,291.5,290.37,291.02,53409645
2018-09-25,291.53,291.65,290.4833,290.75,44370037
2018-09-26,290.91,292.24,289.41,289.88,79739674
2018-09-27,290.41,291.91,290.1,290.69,59249455
2018-09-28,289.99,291.28,289.95,290.72,70091385
2018-10-01,292.11,292.93,290.98,291.73,62078937
2018-10-02,291.56,292.355,291.14,291.56,47258227
2018-10-03,292.74,293.21,291.32,291.72,64694594
2018-10-04,291.18,291.24,287.66,289.44,111545910
2018-10-05,289.69,290.27,286.22,287.82,105951698
2018-10-08,287.05,288.22,285.5,287.82,87742172
2018-10-09,287.39,288.86,286.77,287.4,74338982
2018-10-10,286.83,286.91,277.88,278.3,214731040
2018-10-11,277.08,278.9,270.36,272.17,274840490
2018-10-12,276.77,277.09,272.37,275.95,183186490
2018-10-15,275.55,277.04,274.3,274.4,102263717
2018-10-16,276.6,280.82,276.07,280.4,118255834
2018-10-17,280.44,281.15,277.56,280.45,110625987
2018-10-18,279.4,280.07,274.97,276.4,134557530
2018-10-19,277.13,279.3,275.47,276.25,139901630
2018-10-22,277.0,277.36,274.41,275.01,82415812
2018-10-23,270.95,274.87,268.61,273.61,146352720
2018-10-24,273.33,273.76,264.7,265.32,177806700
2018-10-25,267.38,271.81,266.23,270.08,138061550
2018-10-26,265.92,271.0,262.29,265.33,201574600
2018-10-29,268.8,270.25,259.85,263.86,160749100
2018-10-30,263.67,268.12,263.12,267.77,157116000
2018-10-31,270.65,273.23,270.12,270.63,128296325
2018-11-01,271.6,273.73,270.38,273.51,99495037
2018-11-02,274.75,275.23,269.59,271.89,122634107
2018-11-05,272.44,274.01,271.35,273.39,65622482
2018-11-06,273.32,275.3,273.25,275.12,60085894
2018-11-07,277.56,281.1,277.08,281.01,102752099
2018-11-08,280.11,281.22,279.22,280.5,65584886
2018-11-09,279.03,279.24,276.18,277.76,98812561
2018-11-12,277.19,277.46,271.99,272.57,99673574
2018-11-13,273.09,275.325,271.25,272.06,98176610
2018-11-14,274.16,274.61,268.45,270.2,125335931
2018-11-15,268.78,273.54,267.0102,273.02,135101440
2018-11-16,271.79,274.75,271.21,273.73,126668040
2018-11-19,273.05,273.38,268.07,269.1,103061706
2018-11-20,265.36,267.0,263.15,264.12,136021310
2018-11-21,265.86,267.15,265.01,265.02,75563743
2018-11-23,263.18,264.8234,263.07,263.25,42807878
2018-11-26,265.78,267.75,265.34,267.5,79981362
2018-11-27,266.34,268.4,265.66,268.4,75502441
2018-11-28,269.6,274.58,268.3272,274.58,127629543
2018-11-29,273.71,275.55,272.43,273.98,82346420
2018-11-30,273.81,276.28,273.45,275.65,98204190
2018-12-03,280.28,280.4,277.505,279.3,103017719
2018-12-04,278.37,278.85,269.9,270.25,177986010
2018-12-06,265.92,269.97,262.44,269.84,204185410
2018-12-07,269.46,271.22,262.63,263.57,161018920
2018-12-10,263.37,265.1613,258.62,264.07,151445890
2018-12-11,267.66,267.87,262.48,264.13,121504431
2018-12-12,267.47,269.0,265.37,265.46,97976706
2018-12-13,266.52,267.49,264.12,265.37,96662717
2018-12-14,262.96,264.03,259.85,260.47,116961071
2018-12-17,259.4,260.65,253.525,255.36,165492260
2018-12-18,257.2,257.95,253.28,255.08,134515090
2018-12-19,255.17,259.4,249.35,251.26,214992760
2018-12-20,249.86,251.62,244.65,245.73,252053380
2018-12-21,246.74,249.71,239.98,240.7,255345630
2018-12-24,239.04,240.8355,234.27,234.34,147311590
2018-12-26,235.97,246.18,233.76,246.18,218485360
2018-12-27,242.57,248.29,238.96,248.07,186267340
2018-12-28,249.58,251.4,246.45,247.75,153100190
2018-12-31,249.56,250.19,247.47,249.92,144299370
2019-01-02,245.98,251.21,245.95,250.18,126925199
2019-01-03,248.23,248.57,243.67,244.21,144140690
2019-01-04,247.59,253.11,247.17,252.39,142628830
2019-01-07,252.69,255.95,251.69,254.38,103139100
2019-01-08,256.82,257.31,254.0,256.77,102512587
2019-01-09,257.56,258.91,256.19,257.97,95006554
2019-01-10,256.26,259.16,255.5,258.88,96823923
2019-01-11,257.68,259.0098,257.03,258.98,73858110
2019-01-14,256.86,258.3,256.41,257.4,70908227
2019-01-15,257.82,260.7,257.81,260.35,85208271
2019-01-16,260.83,261.9666,260.6,260.98,77636710
2019-01-17,260.01,263.92,259.96,262.96,96118435
2019-01-18,264.98,266.98,262.998,266.46,127900303
2019-01-22,264.82,265.06,261.06,262.86,115531183
2019-01-23,264.01,264.79,260.66,263.41,86030287
2019-01-24,263.21,264.2,262.08,263.55,59204139
2019-01-25,265.61,266.7,263.6595,265.78,96883358
2019-01-28,263.39,263.83,261.79,263.76,85613655
2019-01-29,263.92,264.55,262.48,263.41,66136334
2019-01-30,265.1,268.52,264.25,267.58,92473671
2019-01-31,267.51,270.47,267.27,269.93,104012073
2019-02-01,270.15,271.2,269.18,270.06,85782524
2019-02-04,270.11,272.03,269.36,271.96,60744844
2019-02-05,272.44,273.44,271.88,273.1,79552774
2019-02-06,272.79,273.34,271.92,272.74,58347791
2019-02-07,270.94,271.55,268.29,270.14,95481961
2019-02-08,268.75,270.58,267.83,270.47,75788861
2019-02-11,271.2,271.49,270.03,270.62,68021423
2019-02-12,272.42,274.52,272.34,274.1,72270221
2019-02-13,275.03,275.93,274.56,274.99,65277204
2019-02-14,273.78,275.64,272.87,274.38,83234396
2019-02-15,276.36,277.41,276.13,277.37,97088659
2019-02-19,276.4813,278.58,276.47,277.85,59120804
2019-02-20,277.81,278.92,277.25,278.41,76610767
2019-02-21,277.7,278.1,276.345,277.42,64214727
2019-02-22,278.11,279.36,277.4029,279.14,78114616
2019-02-25,280.73,281.31,279.43,279.52,69030699
2019-02-26,279.13,280.3,278.9,279.32,56844101
2019-02-27,278.52,279.59,277.48,279.2,56921570
2019-02-28,278.96,279.45,278.32,278.68,69268293
2019-03-01,280.44,280.88,278.82,280.42,78880548
2019-03-04,281.6,281.87,276.84,279.4,106494637
2019-03-05,279.54,279.76,278.41,279.02,59114559
2019-03-06,279.15,279.16,276.97,277.33,75039771
2019-03-07,276.83,276.99,274.07,275.01,94885089
2019-03-08,272.94,274.65,272.42,274.46,85795799
2019-03-11,275.26,278.62,275.23,278.44,65098897
2019-03-12,279.06,280.07,278.85,279.49,79667530
2019-03-13,280.48,282.38,280.3,281.34,80639153
2019-03-14,281.37,281.84,280.6662,279.92,67518366
2019-03-15,280.54,282.21,280.33,281.31,81308979
2019-03-18,281.55,282.66,281.3,282.33,62199806
2019-03-19,283.51,284.36,281.41,282.4,90268121
2019-03-20,282.16,283.5,280.32,281.55,84609210
2019-03-21,280.64,285.18,280.59,284.73,79550375
2019-03-22,283.22,283.8034,279.18,279.25,122659286
2019-03-25,278.87,280.1853,277.64,279.04,85575197
2019-03-26,280.99,282.18,279.56,281.12,68125920
2019-03-27,281.11,281.76,277.93,279.65,72224722
2019-03-28,280.35,281.21,279.07,280.71,56238545
2019-03-29,282.39,282.84,281.14,282.48,82186806
2019-04-01,284.7,286.16,284.4,285.83,77617945
2019-04-02,286.04,286.23,285.09,285.97,40070351
2019-04-03,287.32,287.76,285.75,286.42,68243202
2019-04-04,286.78,287.459,286.01,287.18,48997505
2019-04-05,287.92,288.63,287.6,288.57,58621729
2019-04-08,288.1,288.91,287.37,288.79,53566335
2019-04-09,287.72,288.08,286.7,287.31,66142316
2019-04-10,287.77,288.3899,287.31,288.29,52601499
2019-04-11,288.83,288.84,287.578,288.21,55093100
2019-04-12,290.0,290.47,288.261,290.16,69727782
2019-04-15,290.24,290.35,289.075,289.97,49596685
2019-04-16,290.95,291.01,289.5,290.16,52153197
2019-04-17,291.4,291.425,288.99,289.45,58268295
2019-04-18,290.1,290.32,288.66,290.02,68708513
2019-04-22,289.17,290.435,289.07,290.27,40160140
2019-04-23,290.68,293.14,290.42,292.88,52246633
2019-04-24,292.79,293.16,292.07,292.23,50392914
2019-04-25,292.12,292.78,290.73,292.05,57770862
2019-04-26,292.1,293.49,291.2401,293.41,50916423
2019-04-29,293.51,294.45,293.41,293.87,57197747
2019-04-30,293.49,294.34,291.92,294.02,81111733
2019-05-01,294.72,294.95,291.8,291.81,71671870
2019-05-02,291.68,292.7,289.52,291.18,65030170
2019-05-03,292.82,294.34,291.2998,294.03,56543653
2019-05-06,289.25,293.31,288.9,292.82,107198069
2019-05-07,290.15,290.81,285.81,287.93,144729910
2019-05-08,287.53,289.43,286.87,287.53,91568287
2019-05-09,285.23,287.33,283.3,286.66,103471104
2019-05-10,285.62,288.94,282.3,288.1,112429293
2019-05-13,282.42,283.49,279.93,280.86,127290527
2019-05-14,281.99,285.1,281.85,283.4,77003230
2019-05-15,281.59,285.77,281.36,285.06,73956407
2019-05-16,285.84,289.21,285.76,287.7,76749643
2019-05-17,285.14,288.6,285.1207,285.84,100353024
2019-05-20,284.06,285.43,283.12,283.95,62877610
2019-05-21,285.83,286.93,285.55,286.51,46847085
2019-05-22,285.45,286.69,285.1,285.63,49482472
2019-05-23,283.16,283.21,280.57,282.14,98733847
2019-05-24,283.74,284.2,282.09,282.78,55268095
2019-05-28,283.09,284.15,280.13,280.15,70029356
2019-05-29,278.91,279.36,276.71,278.27,104972927
2019-05-30,279.11,280.04,277.805,279.03,62523780
2019-05-31,276.2,277.12,275.24,275.27,86862782
2019-06-03,275.31,276.5521,273.09,274.57,96427952
2019-06-04,277.12,280.68,276.62,280.53,77231889
2019-06-05,282.33,282.99,280.32,282.96,71169717
2019-06-06,283.29,285.55,282.57,284.8,69430381
2019-06-07,285.93,288.85,285.74,287.65,74272199
2019-06-10,289.37,290.82,288.8734,288.97,60799053
2019-06-11,290.99,291.4,288.1805,288.9,58641325
2019-06-12,288.64,289.26,287.815,288.39,47096312
2019-06-13,289.4,289.98,288.62,289.58,48945156
2019-06-14,289.26,289.93,288.41,289.26,52324716
2019-06-17,289.52,290.22,289.18,289.37,39205709
2019-06-18,291.39,293.57,290.99,292.4,85434823
2019-06-19,292.55,293.65,291.47,293.06,78674377
2019-06-20,296.04,296.3093,293.1255,294.42836,116570017
2019-06-21,294.13,295.52,293.76,294.0,83309466
2019-06-24,294.23,294.58,293.47,293.64,47582730
2019-06-25,293.7,293.73,290.64,290.76,82028656
2019-06-26,291.75,292.31,290.345,290.47,51584902
2019-06-27,291.31,292.06,290.89,291.5,40355239
2019-06-28,292.58,293.55,292.01,293.0,59350929
2019-07-01,296.68,296.92,294.33,295.66,79107474
2019-07-02,295.61,296.49,294.68,296.43,61504544
2019-07-03,297.18,298.82,297.02,298.8,40898896
2019-07-05,297.44,298.64,296.01,298.46,51677326
2019-07-08,297.01,298.2579,296.22,296.82,45841772
2019-07-09,295.54,297.52,295.48,297.19,41101279
2019-07-10,298.37,299.66,297.78,298.61,58595558
2019-07-11,299.32,299.58,298.2,299.31,50889481
2019-07-12,299.85,300.73,299.51,300.65,40354410
2019-07-15,301.13,301.13,300.19,300.75,33910261
2019-07-16,300.65,300.88,299.44,299.71,40567964
2019-07-17,299.75,299.93,297.74,297.74,44102443
2019-07-18,297.19,299.25,296.7,298.83,51701687
2019-07-19,300.04,300.07,296.96,297.17,71081238
2019-07-22,297.61,298.5,297.04,297.9,43687404
2019-07-23,299.14,300.03,298.22,300.03,44657973
2019-07-24,299.19,301.44,299.09,301.44,47213232
2019-07-25,300.94,301.0,299.11,300.0,55394092
2019-07-26,300.76,302.23,300.62,302.01,45084077
2019-07-29,301.88,301.93,300.85,301.46,38126462
2019-07-30,299.91,301.17,299.49,300.72,45849045
2019-07-31,300.99,301.2,295.2,297.43,104245162
2019-08-01,297.6,300.87,293.96,294.84,142646580
2019-08-02,293.85,294.12,290.9,292.62,116749695
2019-08-05,288.09,288.21,281.72,283.82,178745450
2019-08-06,285.91,288.04,284.28,287.8,120711682
2019-08-07,284.4,288.82,282.04,287.97,140572270
2019-08-08,289.62,293.62,289.01,293.62,87713904
2019-08-09,292.58,293.24,289.65,291.62,93729958
2019-08-12,289.96,291.6052,287.02,288.07,65499853
2019-08-13,287.74,294.15,287.36,292.55,94792972
2019-08-14,288.07,292.4644,283.76,283.9,135622050
2019-08-15,284.88,285.64,282.39,284.65,101929845
2019-08-16,286.48,289.33,284.7138,288.85,85825286
2019-08-19,292.19,293.08,291.44,292.33,53640153
2019-08-20,291.77,292.36,289.95,290.09,51652752
2019-08-21,292.48,292.86,291.72,292.45,49723430
2019-08-22,293.23,293.93,290.4,292.36,51739292
2019-08-23,290.92,292.76,283.47,284.85,149318150
2019-08-26,287.27,288.0,285.58,288.0,72620598
2019-08-27,289.54,289.95,286.03,286.87,68262998
2019-08-28,286.14,289.07,285.25,288.89,59852324
2019-08-29,291.72,293.16,290.61,292.58,57998913
2019-08-30,294.22,294.2399,291.42,292.45,62961780
2019-09-03,290.57,291.58,289.27,290.74,69231875
2019-09-04,293.14,294.055,292.31,294.04,47003957
2019-09-05,296.79,298.83,294.001,297.82,83356779
2019-09-06,298.17,298.76,297.42,298.05,49584290
2019-09-09,299.14,299.24,297.16,298.2,51260290
2019-09-10,297.36,298.2,295.97,298.13,57947101
2019-09-11,298.47,300.34,297.75,300.25,68821066
2019-09-12,301.25,302.46,300.41,301.29,72908745
2019-09-13,301.78,302.17,300.68,301.09,62104838
2019-09-16,299.84,301.1378,299.45,300.16,58191175
2019-09-17,299.94,301.02,299.75,300.92,42904427
2019-09-18,300.49,301.22,298.24,301.1,74192091
2019-09-19,301.53,302.63,300.7103,299.69638,78099215
2019-09-20,300.36,300.67,297.41,298.28,97455979
2019-09-23,297.55,299.0,297.27,298.21,47541321
2019-09-24,299.41,299.84,294.81,295.87,97367568
2019-09-25,295.96,298.11,294.33,297.62,73434081
2019-09-26,297.63,297.86,295.45,297.0,58722357
2019-09-27,297.83,297.9465,293.69,295.4,84781110
2019-09-30,295.97,297.55,295.92,296.77,52562761
2019-10-01,297.74,298.455,293.0,293.24,89900420
2019-10-02,291.5,291.51,286.64,288.06,124523974
2019-10-03,287.81,290.45,284.82,290.42,85906799
2019-10-04,291.14,294.63,290.82,294.35,66700681
2019-10-07,293.47,295.26,292.77,293.08,60656561
2019-10-08,291.04,291.85,288.49,288.53,101575470
2019-10-09,290.75,292.3,288.6559,291.27,65707329
2019-10-10,291.18,294.21,291.0,293.24,57255974
2019-10-11,296.27,298.74,296.1448,296.28,101228577
2019-10-14,295.93,296.67,295.57,295.95,40546668
2019-10-15,297.1,299.7,296.97,298.88,47832356
2019-10-16,298.37,299.16,297.92,298.4,50563596
2019-10-17,299.68,300.24,298.515,299.28,46784885
2019-10-18,298.69,299.395,296.99,297.97,64338028
2019-10-21,299.42,300.21,298.935,299.99,39460901
2019-10-22,300.58,300.9,298.91,299.01,49126038
2019-10-23,298.73,299.94,298.495,299.88,34991829
2019-10-24,300.91,301.07,299.4601,300.37,35857459
2019-10-25,299.74,302.2,299.6806,301.6,45205412
2019-10-28,302.94,303.85,302.91,303.3,42146965
2019-10-29,303.0,304.23,302.86,303.21,44284921
2019-10-30,303.43,304.55,301.99,304.14,49643928
2019-10-31,304.13,304.13,301.73,303.33,69053791
2019-11-01,304.92,306.19,304.74,306.14,71141515
2019-11-04,307.85,308.0,306.96,307.37,60606916
2019-11-05,307.59,307.9195,306.71,307.03,42933219
2019-11-06,307.03,307.4,306.06,307.1,46487108
2019-11-07,308.57,309.65,307.66,308.18,54272274
2019-11-08,307.8,309.0036,307.03,308.94,49068797
2019-11-11,307.42,308.54,307.27,308.35,35934909
2019-11-12,308.75,309.99,308.15,309.0,46484624
2019-11-13,307.91,309.54,307.66,309.1,54459018
2019-11-14,308.79,309.64,308.09,309.55,52001874
2019-11-15,311.02,311.84,310.26,311.79,62706192
2019-11-18,311.53,312.28,311.03,312.02,49327980
2019-11-19,312.68,312.69,311.22,311.93,67927818
2019-11-20,311.28,311.85,309.06,310.77,79696276
2019-11-21,310.89,311.01,309.39,310.27,54664690
2019-11-22,311.09,311.24,309.85,310.96,44850228
2019-11-25,311.98,313.37,311.98,313.37,48762676
2019-11-26,313.41,314.28,313.06,314.08,37727953
2019-11-27,314.61,315.48,314.37,315.48,44793179
2019-11-29,314.86,315.13,314.06,314.31,36592740
2019-12-02,314.59,314.66,311.17,311.64,76110027
2019-12-03,308.65,309.64,307.13,309.55,75172709
2019-12-04,310.7,312.12,310.32,311.46,49190402
2019-12-05,312.23,312.25,310.58,312.02,40781669
2019-12-06,314.12,315.31,314.11,314.87,48956767
2019-12-09,314.44,315.18,313.8,313.88,34904315
2019-12-10,313.82,314.55,312.81,313.53,53107133
2019-12-11,314.03,314.7,313.4393,314.42,53521450
2019-12-12,314.43,317.99,314.17,317.13,96585802
2019-12-13,316.87,318.67,316.02,317.32,81546487
2019-12-16,319.22,320.15,317.2542,319.5,82836128
2019-12-17,319.92,320.25,319.48,319.57,61131769
2019-12-18,320.0,320.25,319.53,319.59,48199955
2019-12-19,319.8,320.98,319.5246,319.33001,85388424
2019-12-20,320.46,321.9742,319.3873,320.73,149338220
2019-12-23,321.59,321.65,321.06,321.22,53015641
2019-12-24,321.47,321.52,320.9,321.23,20270007
2019-12-26,321.65,322.95,321.64,322.94,31024188
2019-12-27,323.74,323.8,322.28,322.86,42554820
2019-12-30,322.95,323.1,320.55,321.08,49782730
2019-12-31,320.53,322.13,320.15,321.86,57106998
2020-01-02,323.54,324.89,322.53,324.87,59253833
2020-01-03,321.16,323.64,321.1,322.41,77783121
2020-01-06,320.49,323.73,320.36,323.64,55761948
2020-01-07,323.02,323.54,322.24,322.73,42854811
2020-01-08,322.94,325.78,322.67,324.45,68433853
2020-01-09,326.16,326.73,325.52,326.65,48569601
2020-01-10,327.2899,327.46,325.2,325.71,53057389
2020-01-13,326.39,327.96,325.92,327.95,47262010
2020-01-14,327.47,328.62,326.844,327.45,63036384
2020-01-15,327.35,329.02,327.26,328.19,72056598
2020-01-16,329.7,330.92,329.45,330.92,54050328
2020-01-17,331.7,332.18,330.8539,331.95,95846017
2020-01-21,330.9,332.18,330.82,331.3,77742415
2020-01-22,332.24,332.95,331.17,331.34,48914899
2020-01-23,330.63,332.1682,329.41,331.72,51962994
2020-01-24,332.44,332.53,327.36,328.77,87578442
2020-01-27,323.03,325.12,322.66,323.5,84062463
2020-01-28,325.06,327.85,323.6038,326.89,63833953
2020-01-29,328.38,328.63,326.4,326.62,54040889
2020-01-30,324.36,327.91,323.54,327.68,75491844
2020-01-31,327.0,327.17,320.73,321.73,113845576
2020-02-03,323.35,326.16,323.22,324.12,69242293
2020-02-04,328.07,330.01,327.72,329.06,62573190
2020-02-05,332.27,333.09,330.67,332.86,65951146
2020-02-06,333.91,334.19,332.8,333.98,50359688
2020-02-07,332.82,333.9941,331.6,332.2,64139443
2020-02-10,331.23,334.75,331.19,334.68,42070006
2020-02-11,336.16,337.02,334.684,335.26,54864533
2020-02-12,336.83,337.65,336.43,337.42,43992662
2020-02-13,335.8621,338.12,335.56,337.06,54501922
2020-02-14,337.51,337.73,336.2,337.6,64582210
2020-02-18,336.51,337.6677,335.21,336.73,57342526
2020-02-19,337.79,339.08,337.48,338.34,48814692
2020-02-20,337.7423,338.64,333.6817,336.95,74163362
2020-02-21,335.47,335.81,332.58,333.48,113788208
2020-02-24,323.14,333.5623,321.24,322.42,161088410
2020-02-25,323.94,324.61,311.69,312.65,218913170
2020-02-26,314.18,318.11,310.7,311.5,194773820
2020-02-27,305.46,311.5637,297.51,297.51,284353460
2020-02-28,288.7,297.892,285.54,296.26,385764020
2020-03-02,298.21,309.16,294.46,309.09,238703630
2020-03-03,309.5,313.84,297.57,300.24,300139150
2020-03-04,306.12,313.1,303.33,312.86,176613450
2020-03-05,304.98,308.47,300.01,302.46,186366810
2020-03-06,293.15,298.78,290.23,297.46,228667170
2020-03-09,275.3,284.19,273.45,274.23,309417350
2020-03-10,284.64,288.52,273.5,288.42,276444060
2020-03-11,280.7,281.94,270.88,274.36,256416560
2020-03-12,256.0,266.66,247.68,248.11,392220670
2020-03-13,263.09,271.4754,248.5237,269.32,329566100
2020-03-16,241.18,256.9,237.36,239.85,297240030
2020-03-17,245.04,256.17,237.07,252.8,262070470
2020-03-18,236.25,248.37,228.02,240.0,327597130
2020-03-19,239.25,247.38,232.22,239.10444,289322040
2020-03-20,242.53,244.47,228.5,228.8,347158790
2020-03-23,228.19,229.6833,218.26,222.95,326025170
2020-03-24,234.42,244.1,233.8,243.15,235494480
2020-03-25,244.87,256.35,239.75,246.79,299430260
2020-03-26,249.52,262.8,249.05,261.2,257632820
2020-03-27,253.27,260.81,251.05,253.42,224341220
2020-03-30,255.7,262.43,253.53,261.65,170961870
2020-03-31,260.56,263.33,256.22,257.75,194881060
2020-04-01,247.98,257.6591,243.9,246.15,189554620
2020-04-02,245.19,252.68,244.59,251.83,177660430
2020-04-03,250.76,253.32,245.22,248.19,135561170
2020-04-06,257.84,267.0,248.1698,264.86,188061240
2020-04-07,274.21,275.03,264.89,265.13,201427190
2020-04-08,267.96,276.0,265.2542,274.03,153774490
2020-04-09,277.58,281.2,275.47,278.2,190282710
2020-04-13,277.14,277.51,271.41,275.66,114839053
2020-04-14,280.98,284.9,275.5106,283.79,134143350
2020-04-15,277.57,283.9407,275.46,277.76,121775006
2020-04-16,279.15,280.03,275.76,279.1,131798325
2020-04-17,285.38,287.3,282.4,286.64,146684780
2020-04-20,282.61,286.7912,281.35,281.59,100109285
2020-04-21,276.73,278.04,272.02,273.04,126385698
2020-04-22,278.35,281.0,276.91,279.1,93524584
2020-04-23,280.49,283.94,278.75,279.08,104709693
2020-04-24,280.73,283.7,278.5,282.97,85165948
2020-04-27,285.12,288.27,284.62,287.05,77896608
2020-04-28,291.02,291.4,285.4,285.73,105269985
2020-04-29,291.53,294.88,290.41,293.21,118745579
2020-04-30,291.71,293.3239,288.59,290.48,122901701
2020-05-01,285.31,290.6572,281.52,282.79,125180028
2020-05-04,280.74,283.9,279.13,283.57,80873213
2020-05-05,286.64,289.25,283.7134,286.19,79569938
2020-05-06,288.04,288.46,283.78,284.25,73632628
2020-05-07,287.75,289.78,287.13,287.68,75250412
2020-05-08,291.09,292.95,289.86,292.44,76622128
2020-05-11,290.34,294.0,289.88,292.5,79514231
2020-05-12,293.79,294.24,286.52,286.67,95870786
2020-05-13,286.06,287.19,278.965,281.6,144721100
2020-05-14,278.95,285.11,272.99,284.97,121977890
2020-05-15,282.37,286.33,281.34,286.28,111146276
2020-05-18,293.05,296.75,292.7,295.0,120320229
2020-05-19,294.35,296.205,291.95,291.97,95189316
2020-05-20,295.82,297.87,295.57,296.93,85861691
2020-05-21,296.79,297.67,293.6886,294.88,78293925
2020-05-22,294.57,295.63,293.22,295.44,63958200
2020-05-26,301.93,302.19,295.4646,299.08,88951442
2020-05-27,302.12,303.57,296.87,303.53,104817449
2020-05-28,304.65,306.84,302.24,302.97,90767807
2020-05-29,302.46,304.96,299.47,304.32,119265702
2020-06-01,303.62,306.205,303.06,305.55,56779836
2020-06-02,306.55,308.13,305.1,308.08,74267162
2020-06-03,310.24,313.22,309.94,312.18,92567574
2020-06-04,311.11,313.0,309.08,311.36,75794363
2020-06-05,317.23,321.275,317.16,319.34,150524670
2020-06-08,320.22,323.41,319.63,323.2,73641217
2020-06-09,320.3,323.2849,319.36,320.79,77479228
2020-06-10,321.42,322.39,318.2209,319.0,95000766
2020-06-11,311.46,312.15,300.01,300.61,209243560
2020-06-12,308.24,309.08,298.6,304.21,194678880
2020-06-15,298.02,308.28,296.74,307.05,135782720
2020-06-16,315.48,315.64,307.67,312.96,137627500
2020-06-17,314.07,314.39,310.86,311.66,83398944
2020-06-18,310.005,312.3,309.51,310.41376,80828658
2020-06-19,314.17,314.38,306.53,308.64,135549620
2020-06-22,307.99,311.05,306.75,310.62,74649389
2020-06-23,313.49,314.5,311.6101,312.05,68471246
2020-06-24,309.84,310.51,302.1,304.09,132813492
2020-06-25,303.47,307.64,301.28,307.35,89467968
2020-06-26,306.16,306.39,299.42,300.05,127961017
2020-06-29,301.41,304.61,298.93,304.46,79773260
2020-06-30,303.99,310.2,303.82,308.36,113394772
2020-07-01,309.57,311.89,309.07,310.52,72396542
2020-07-02,314.24,315.7,311.51,312.23,69344217
2020-07-06,316.37,317.68,315.56,317.05,61713828
2020-07-07,315.38,317.52,313.37,313.78,82909963
2020-07-08,314.61,316.3,312.7,316.18,54638596
2020-07-09,316.84,317.1,310.68,314.38,83354158
2020-07-10,314.31,317.88,312.76,317.59,57550365
2020-07-13,320.13,322.71,314.13,314.84,102997484
2020-07-14,313.3,319.76,312.0,318.92,93656951
2020-07-15,322.41,323.04,319.265,321.85,87196524
2020-07-16,319.79,321.28,319.09,320.79,54622520
2020-07-17,321.88,322.57,319.735,321.72,62774911
2020-07-20,321.43,325.13,320.62,324.32,56308849
2020-07-21,326.45,326.93,323.94,325.01,57498967
2020-07-22,324.62,327.2,324.5,326.86,57792915
2020-07-23,326.47,327.23,321.48,322.96,75737989
2020-07-24,320.95,321.99,319.246,320.88,73766597
2020-07-27,321.63,323.41,320.775,323.22,48292970
2020-07-28,322.43,323.64,320.85,321.17,57494979
2020-07-29,322.12,325.73,322.075,325.12,48454159
2020-07-30,321.9,324.41,319.64,323.96,61861714
2020-07-31,325.9,326.63,321.33,326.52,85210755
2020-08-03,328.32,329.62,327.73,328.79,53077948
2020-08-04,327.86,330.06,327.86,330.06,41917893
2020-08-05,331.47,332.39,331.18,332.11,42866354
2020-08-06,331.4799,334.46,331.13,334.33,43679447
2020-08-07,333.28,334.88,332.3,334.57,57308270
2020-08-10,335.06,335.77,332.955,335.57,44282089
2020-08-11,336.85,337.54,332.01,332.8,69601087
2020-08-12,335.44,338.28,332.8377,337.44,53826128
2020-08-13,336.61,338.2514,335.83,336.83,41816146
2020-08-14,336.41,337.42,335.62,336.84,47260390
2020-08-17,337.94,338.34,336.8517,337.91,35480974
2020-08-18,338.34,339.1,336.61,338.64,38733908
2020-08-19,339.05,339.61,336.62,337.23,68054244
2020-08-20,335.36,338.8,335.22,338.28,42207826
2020-08-21,337.92,339.72,337.55,339.48,55106628
2020-08-24,342.12,343.0,339.4504,342.92,48588662
2020-08-25,343.53,344.21,342.27,344.12,38463381
2020-08-26,344.76,347.86,344.17,347.57,50790237
2020-08-27,348.51,349.9,346.53,348.33,58034142
2020-08-28,349.44,350.72,348.15,350.58,48588940
2020-08-31,350.35,351.3,349.06,349.31,66099183
2020-09-01,350.21,352.71,349.24,352.6,54999325
2020-09-02,354.67,358.75,353.43,357.7,69540035
2020-09-03,355.87,356.38,342.59,345.39,148011130
2020-09-04,346.13,347.83,334.87,342.57,139156280
2020-09-08,336.71,342.64,332.88,333.21,114465322
2020-09-09,337.55,342.46,336.61,339.79,91462290
2020-09-10,341.82,342.53,332.85,333.89,90569548
2020-09-11,335.82,336.97,331.0,334.06,84680194
2020-09-14,337.49,340.38,334.2208,338.46,65605686
2020-09-15,341.12,342.02,338.4683,340.17,52920862
2020-09-16,341.51,343.06,338.52,338.82,82211256
2020-09-17,333.56,337.6996,332.991,334.50078,91523339
2020-09-18,335.37,335.49,327.97,330.65,105877942
2020-09-21,325.7,327.13,321.73,326.97,99450829
2020-09-22,328.57,330.9,325.86,330.3,63612107
2020-09-23,330.9,331.2,322.1,322.64,93112240
2020-09-24,321.22,326.797,319.8,323.5,76681332
2020-09-25,322.58,329.58,321.64,328.73,71069426
2020-09-28,333.22,334.96,332.15,334.19,64584614
2020-09-29,333.97,334.77,331.6209,332.37,51531594
2020-09-30,333.09,338.29,332.88,334.89,104081136
2020-10-01,337.69,338.74,335.01,337.04,88698745
2020-10-02,331.7,337.0126,331.19,333.84,89431112
2020-10-05,336.06,339.96,336.01,339.76,45713108
2020-10-06,339.91,342.17,334.38,334.93,90128883
2020-10-07,338.12,341.63,338.09,340.76,56999597
2020-10-08,342.85,343.85,341.86,343.78,45242476
2020-10-09,345.56,347.35,344.89,346.85,59528606
2020-10-12,349.59,354.02,349.06,352.43,80388533
2020-10-13,352.28,352.4651,349.09,350.13,73255513
2020-10-14,350.75,351.93,347.14,347.93,57958749
2020-10-15,343.71,348.02,343.13,347.5,60357659
2020-10-16,348.96,350.75,347.1,347.29,89501868
2020-10-19,348.65,349.33,341.04,342.01,68425614
2020-10-20,343.46,346.88,342.64,343.38,60051880
2020-10-21,343.33,348.6847,342.4,342.73,63574979
2020-10-22,342.96,345.24,340.65,344.61,55399292
2020-10-23,345.93,345.99,343.13,345.78,49143931
2020-10-26,342.13,342.98,335.62,339.39,91473002
2020-10-27,339.76,340.12,337.99,338.22,65994108
2020-10-28,332.1,338.2483,326.13,326.66,127094307
2020-10-29,326.91,333.395,325.09,329.98,90597689
2020-10-30,328.28,329.69,322.6,326.54,120448685
2020-11-02,330.2,332.36,327.24,330.2,86068299
2020-11-03,333.69,338.25,330.2935,336.03,93294192
2020-11-04,340.86,347.94,339.59,343.54,126959700
2020-11-05,349.24,352.19,348.86,350.24,82039749
2020-11-06,349.93,351.51,347.65,350.16,74972973
2020-11-09,363.97,364.38,354.06,354.56,172304200
2020-11-10,353.49,355.18,350.51,354.04,85552022
2020-11-11,356.4,357.56,355.06,356.67,58649048
2020-11-12,355.58,356.7182,351.26,353.21,68118563
2020-11-13,355.27,358.9,354.71,358.1,62959429
2020-11-16,360.98,362.78,359.59,362.57,74541138
2020-11-17,359.97,361.92,358.34,360.62,66111009
2020-11-18,360.91,361.5,356.24,356.28,70591299
2020-11-19,355.6,358.18,354.15,357.78,59940947
2020-11-20,357.5,357.72,355.25,355.33,70411890
2020-11-23,357.28,358.82,354.865,357.46,63230608
2020-11-24,360.21,363.81,359.29,363.22,62415877
2020-11-25,363.13,363.16,361.48,362.66,45330890
2020-11-27,363.84,364.18,362.58,363.67,28514072
2020-11-30,362.83,363.12,359.17,362.06,83872709
2020-12-01,365.57,367.68,364.93,366.02,74504969
2020-12-02,364.82,366.96,364.2,366.79,45927000
2020-12-03,366.68,368.19,365.5,366.69,62881998
2020-12-04,367.32,369.85,367.22,369.85,50749859
2020-12-07,369.02,369.62,367.72,369.09,48944269
2020-12-08,367.72,370.78,367.67,370.17,42458859
2020-12-09,370.88,371.05,365.95,366.85,74098312
2020-12-10,365.37,367.86,364.43,366.73,57735353
2020-12-11,364.9,366.7402,363.26,366.3,57698614
2020-12-14,368.64,369.8,364.47,364.66,69216174
2020-12-15,367.4,369.59,365.92,369.59,64071099
2020-12-16,369.82,371.16,368.8676,370.17,58420517
2020-12-17,371.94,372.46,371.05,370.66,64119472
2020-12-18,370.97,371.15,367.02,369.18,136542330
2020-12-21,364.97,378.46,362.03,367.86,96386745
2020-12-22,368.21,368.3317,366.03,367.24,48388462
2020-12-23,368.28,369.62,367.2172,367.57,46201402
2020-12-24,368.08,369.03,367.45,369.0,26457853
2020-12-28,371.74,372.59,371.07,372.17,39000402
2020-12-29,373.81,374.0,370.83,371.46,53680451
2020-12-30,372.34,373.1,371.57,371.99,49455259
2020-12-31,371.78,374.66,371.232,373.88,78520702
2021-01-04,375.31,375.45,364.82,368.79,110210810
2021-01-05,368.1,372.5,368.05,371.33,66426229
2021-01-06,369.71,376.98,369.12,373.55,107997675
2021-01-07,376.1,379.9,375.91,379.1,68766812
2021-01-08,380.59,381.49,377.1,381.26,71677208
2021-01-11,377.85,380.58,377.7189,378.69,51176719
2021-01-12,378.89,379.86,376.36,378.77,52547716
2021-01-13,378.69,380.86,377.85,379.79,45303619
2021-01-14,380.59,381.13,378.1,378.46,49989113
2021-01-15,376.72,377.58,373.7,375.7,107159962
2021-01-19,378.34,379.23,376.75,378.65,51233300
2021-01-20,381.11,384.79,380.69,383.89,61836062
2021-01-21,384.49,384.95,383.25,384.24,47955809
2021-01-22,382.25,384.1256,381.835,382.88,52136931
2021-01-25,383.67,384.77,378.46,384.39,70401971
2021-01-26,385.41,385.85,383.54,383.79,42665281
2021-01-27,380.22,380.32,372.01,374.41,123351078
2021-01-28,376.36,381.93,375.89,377.63,94198104
2021-01-29,375.63,376.67,368.27,370.07,126765121
2021-02-01,373.72,377.34,370.376,376.23,75817597
2021-02-02,379.65,383.22,376.3181,381.55,64450662
2021-02-03,382.435,383.7,380.48,381.85,52427090
2021-02-04,382.96,386.24,381.9655,386.19,47142555
2021-02-05,388.2,388.47,386.1444,387.71,48669773
2021-02-08,389.27,390.56,388.35,390.51,38365185
2021-02-09,389.61,390.89,389.17,390.25,35551059
2021-02-10,392.12,392.28,387.5,390.08,59154370
2021-02-11,391.24,391.69,388.1,390.71,42913288
2021-02-12,389.85,392.9,389.77,392.64,50593270
2021-02-16,393.96,394.17,391.53,392.3,50972366
2021-02-17,390.42,392.66,389.33,392.39,52806681
2021-02-18,389.59,391.515,387.74,390.72,59712773
2021-02-19,392.07,392.38,389.55,390.03,83240971
2021-02-22,387.06,389.62,386.74,387.03,67414170
2021-02-23,384.66,388.945,380.2,387.5,107284127
2021-02-24,386.33,392.23,385.27,391.77,72433946
2021-02-25,390.41,391.88,380.7789,382.33,146670500
2021-02-26,384.35,385.58,378.23,380.36,152701640
2021-03-01,385.59,390.92,380.572,389.58,105348798
2021-03-02,389.82,390.07,386.0,386.54,79595332
2021-03-03,385.79,386.83,381.31,381.42,119940211
2021-03-04,381.22,384.0,371.88,376.7,183433020
2021-03-05,380.46,384.76,372.64,383.63,152039620
2021-03-08,384.66,387.68,381.42,381.72,123149245
2021-03-09,385.85,389.91,381.7299,387.17,113633556
2021-03-10,389.69,391.4,388.1702,389.58,109899410
2021-03-11,392.23,395.65,391.74,393.53,86245040
2021-03-12,392.07,394.21,391.2,394.06,64653565
2021-03-15,394.33,396.685,392.03,396.41,73592302
2021-03-16,397.07,397.83,395.08,395.91,73722506
2021-03-17,394.53,398.12,393.3,397.26,97959265
2021-03-18,394.475,396.72,390.75,390.20221,115349101
2021-03-19,389.88,391.569,387.15,389.48,113624490
2021-03-22,390.03,394.07,389.97,392.59,73778646
2021-03-23,391.91,393.46,388.66,389.5,90686552
2021-03-24,391.0,392.75,387.47,387.52,97588644
2021-03-25,385.98,390.55,383.9,389.7,116128622
2021-03-26,390.93,396.41,390.29,395.98,114409114
2021-03-29,394.4,396.75,392.81,395.78,108107626
2021-03-30,394.42,395.45,393.02,394.73,76262249
2021-03-31,395.34,398.0,395.31,396.33,112734214
2021-04-01,398.4,400.67,398.18,400.61,99682876
2021-04-05,403.46,406.94,403.38,406.36,91684764
2021-04-06,405.76,407.24,405.4,406.12,62020953
2021-04-07,405.94,406.96,405.45,406.59,55836280
2021-04-08,407.93,408.58,406.93,408.52,57863114
2021-04-09,408.39,411.67,408.26,411.49,61104559
2021-04-12,410.85,411.93,410.2,411.64,56704899
2021-04-13,411.53,413.529,411.12,412.86,56550988
2021-04-14,412.83,413.96,410.87,411.45,61659907
2021-04-15,413.74,416.16,413.69,415.87,60229842
2021-04-16,417.25,417.91,415.73,417.26,82037278
2021-04-19,416.26,416.74,413.79,415.21,78498496
2021-04-20,413.91,415.0859,410.59,412.17,81851828
2021-04-21,411.51,416.29,411.36,416.07,66792983
2021-04-22,415.89,416.78,411.13,412.27,97582788
2021-04-23,412.87,418.25,412.79,416.74,73276195
2021-04-26,417.44,418.22,416.8111,417.61,52182392
2021-04-27,417.93,418.14,416.3,417.52,51303056
2021-04-28,417.81,419.01,416.9,417.4,51238854
2021-04-29,420.32,420.72,416.44,420.06,78544329
2021-04-30,417.63,418.54,416.34,417.3,85527030
2021-05-03,419.43,419.84,417.665,418.2,68128289
2021-05-04,416.07,416.6,411.67,415.62,101591166
2021-05-05,417.38,417.63,414.94,415.75,39960661
2021-05-06,415.83,419.21,413.675,419.07,74321368
2021-05-07,419.89,422.815,419.16,422.12,67733790
2021-05-10,422.5,422.74,417.81,417.94,81852446
2021-05-11,413.1,415.27,410.06,414.21,116887975
2021-05-12,411.23,412.59,404.0,405.41,134811050
2021-05-13,407.07,412.35,407.02,410.28,106393963
2021-05-14,413.21,417.49,413.18,416.58,82201629
2021-05-17,415.39,416.39,413.36,415.52,65129221
2021-05-18,415.8,416.06,411.77,411.94,59810238
2021-05-19,406.92,411.05,405.33,410.86,106467052
2021-05-20,411.8,416.625,411.67,415.28,78022218
2021-05-21,416.87,418.2,414.45,414.94,76578662
2021-05-24,417.34,420.32,417.08,419.17,51376702
2021-05-25,420.33,420.71,417.62,418.24,57451396
2021-05-26,418.87,419.61,417.76,419.07,43088618
2021-05-27,420.17,420.72,418.9851,419.29,56707677
2021-05-28,420.97,421.25,419.79,420.04,58520164
2021-06-01,422.57,422.72,419.2,419.67,54216625
2021-06-02,420.37,421.23,419.29,420.33,49097061
2021-06-03,417.85,419.99,416.28,418.77,58138763
2021-06-04,420.75,422.92,418.8422,422.6,55938789
2021-06-07,422.59,422.78,421.19,422.19,51555032
2021-06-08,423.11,423.21,420.32,422.28,47134279
2021-06-09,423.18,423.26,421.41,421.65,48436342
2021-06-10,422.96,424.63,421.55,423.61,51020147
2021-06-11,424.2,424.43,422.82,424.31,45570828
2021-06-14,424.43,425.37,423.1,425.26,42358478
2021-06-15,425.42,425.46,423.54,424.48,51508508
2021-06-16,424.63,424.87,419.92,422.11,80386082
2021-06-17,421.67,423.02,419.32,420.59413,90949659
2021-06-18,417.09,417.8281,414.7,414.92,118676302
2021-06-21,416.8,421.06,415.93,420.86,72822028
2021-06-22,420.85,424.0,420.08,423.11,57700303
2021-06-23,423.19,424.05,422.51,422.6,49445414
2021-06-24,424.89,425.55,424.62,425.1,45110288
2021-06-25,425.9,427.0943,425.55,426.61,58129525
2021-06-28,427.17,427.65,425.89,427.47,53159581
2021-06-29,427.88,428.56,427.13,427.7,35970515
2021-06-30,427.21,428.78,427.18,428.06,64827858
2021-07-01,428.87,430.6,428.8,430.43,53441027
2021-07-02,431.67,434.1,430.5218,433.72,57697668
2021-07-06,433.78,434.01,430.01,432.93,68710419
2021-07-07,433.66,434.76,431.51,434.46,63549456
2021-07-08,428.78,431.73,427.52,430.92,97595232
2021-07-09,432.53,435.84,430.714,435.52,76238584
2021-07-12,435.43,437.35,434.97,437.08,52889585
2021-07-13,436.24,437.84,435.31,435.59,52911312
2021-07-14,437.4,437.92,434.91,436.24,64130352
2021-07-15,434.81,435.53,432.72,434.75,55126358
2021-07-16,436.01,436.06,430.92,431.34,75874662
2021-07-19,426.19,431.4089,421.97,424.97,147987000
2021-07-20,425.68,432.42,424.83,431.06,99608174
2021-07-21,432.34,434.7,431.0111,434.55,64724389
2021-07-22,434.74,435.72,433.69,435.46,47878539
2021-07-23,437.52,440.3,436.79,439.94,63766637
2021-07-26,439.31,441.03,439.26,441.02,43719187
2021-07-27,439.91,439.94,435.99,439.01,67397137
2021-07-28,439.68,440.3,437.31,438.83,52472360
2021-07-29,439.815,441.8,439.81,440.65,47435342
2021-07-30,437.91,440.06,437.77,438.51,68951202
2021-08-02,440.34,440.93,437.21,437.59,58783297
2021-08-03,438.44,441.28,436.1,441.15,58053896
2021-08-04,439.78,441.1243,438.73,438.98,46732212
2021-08-05,440.22,441.85,439.88,441.76,38969659
2021-08-06,442.1,442.94,441.8,442.49,46930008
2021-08-09,442.46,442.795,441.31,442.13,41222585
2021-08-10,442.61,443.44,441.88,442.68,43339275
2021-08-11,443.82,443.882,442.62,443.78,44034340
2021-08-12,443.62,445.2572,442.66,445.11,38942418
2021-08-13,445.59,445.94,445.07,445.92,39470251
2021-08-16,444.53,447.11,442.87,446.97,73930864
2021-08-17,444.24,444.96,440.85,444.04,92673933
2021-08-18,442.96,444.625,438.92,439.18,89351931
2021-08-19,436.27,441.14,436.12,439.86,92812246
2021-08-20,440.23,443.71,439.71,443.36,72008712
2021-08-23,445.16,448.23,443.4355,447.26,54973038
2021-08-24,447.97,448.54,447.42,447.97,38744714
2021-08-25,448.17,449.457,447.77,448.91,40529711
2021-08-26,448.61,448.86,446.16,446.26,57829572
2021-08-27,447.12,450.65,447.06,450.25,77235113
2021-08-30,450.97,453.07,450.71,452.23,48357355
2021-08-31,452.13,452.49,450.92,451.56,59300213
2021-09-01,452.56,453.11,451.545,451.8,48721378
2021-09-02,453.32,454.05,451.91,453.19,42830867
2021-09-03,451.98,453.63,451.55,453.08,47234364
2021-09-07,452.71,452.81,450.7423,451.46,51671534
2021-09-08,450.89,451.67,448.86,450.91,56181907
2021-09-09,450.7,452.57,448.72,448.98,57970407
2021-09-10,451.04,451.49,445.31,445.44,89948174
2021-09-13,448.64,448.92,444.11,446.58,83738649
2021-09-14,448.12,448.34,443.22,444.17,78197140
2021-09-15,444.62,448.41,443.44,447.88,78792222
2021-09-16,447.32,448.36,444.02,445.74188,77786735
2021-09-17,444.92,445.37,441.02,441.4,118425037
2021-09-20,434.88,436.56,428.86,434.04,166445530
2021-09-21,436.53,437.91,433.07,433.63,92526112
2021-09-22,436.05,440.03,433.747,437.86,102350143
2021-09-23,439.85,444.89,439.6,443.18,76395981
2021-09-24,441.44,444.67,441.21,443.91,62094837
2021-09-27,442.81,444.05,441.9,442.64,61371108
2021-09-28,439.69,440.04,432.94,433.72,130436306
2021-09-29,435.19,437.04,433.85,434.45,82329213
2021-09-30,436.02,436.77,428.78,429.14,140505980
2021-10-01,430.98,436.0329,427.23,434.24,129240106
2021-10-04,433.0,433.96,426.36,428.64,128569957
2021-10-05,430.24,435.49,429.39,433.1,90682520
2021-10-06,429.27,435.1199,427.54,434.9,113032245
2021-10-07,438.39,441.68,438.2,438.66,72437499
2021-10-08,439.48,439.89,437.19,437.86,74557404
2021-10-11,437.16,440.26,434.62,434.69,65233285
2021-10-12,435.67,436.1,432.78,433.62,71181163
2021-10-13,434.71,436.05,431.54,435.18,72973979
2021-10-14,439.08,442.66,438.58,442.5,70236825
2021-10-15,444.75,446.26,444.09,445.87,66260210
2021-10-18,443.97,447.55,443.27,447.19,62213228
2021-10-19,448.92,450.71,448.27,450.64,46996827
2021-10-20,451.13,452.732,451.01,452.41,49571569
2021-10-21,451.77,453.829,451.31,453.59,41305438
2021-10-22,453.13,454.67,451.05,453.12,58845088
2021-10-25,454.28,455.9,452.39,455.55,45214507
2021-10-26,457.2,458.49,455.56,455.96,56075116
2021-10-27,456.45,457.16,453.86,453.94,72437997
2021-10-28,455.46,458.4,455.45,458.32,51437944
2021-10-29,455.87,459.56,455.56,459.25,70162424
2021-11-01,460.3,460.7021,458.2,460.04,48433642
2021-11-02,460.22,462.23,460.08,461.9,48908417
2021-11-03,461.3,465.15,460.83,464.72,52509825
2021-11-04,465.36,467.0,464.99,466.91,52847087
2021-11-05,469.28,470.65,466.92,468.53,66390563
2021-11-08,469.7,470.23,468.2031,468.93,50405194
2021-11-09,469.32,469.57,465.88,467.38,51149147
2021-11-10,465.58,467.38,462.04,463.62,69429653
2021-11-11,465.21,465.29,463.75,463.77,34848495
2021-11-12,465.12,467.86,464.11,467.27,53466654
2021-11-15,468.64,468.81,466.23,467.43,46980500
2021-11-16,467.15,470.485,467.07,469.28,48857502
2021-11-17,469.0,469.19,467.48,468.14,47858289
2021-11-18,469.24,470.01,466.34,469.73,50625607
2021-11-19,469.61,470.94,468.5,468.89,57315573
2021-11-22,470.89,473.54,467.35,467.57,72761954
2021-11-23,467.22,469.095,464.45,468.19,73206538
2021-11-24,466.06,469.57,465.19,469.44,61858813
2021-11-26,462.34,463.9,457.77,458.97,112669636
2021-11-29,464.07,466.56,461.73,464.6,86268818
2021-11-30,462.0,464.03,455.3,455.56,148559600
2021-12-01,461.64,464.67,450.29,450.5,132485835
2021-12-02,450.73,459.07,450.31,457.4,127637758
2021-12-03,459.17,460.3,448.92,453.42,137331650
2021-12-06,456.13,460.79,453.56,458.79,98977532
2021-12-07,464.41,468.88,458.6546,468.28,95484688
2021-12-08,468.7,470.0,466.83,469.52,72238777
2021-12-09,468.15,469.6291,466.14,466.35,61272568
2021-12-10,469.23,470.9,466.51,470.74,77159757
2021-12-13,470.19,470.56,466.27,466.57,87724680
2021-12-14,463.09,465.74,460.25,463.36,97264128
2021-12-15,463.42,470.86,460.74,470.6,116899251
2021-12-16,472.57,472.87,464.8,464.81357,116568626
2021-12-17,461.55,464.74,458.06,459.87,135636510
2021-12-20,454.48,455.4,451.14,454.98,107134822
2021-12-21,458.61,463.21,456.31,463.06,69806260
2021-12-22,462.79,467.81,462.58,467.69,58890223
2021-12-23,468.75,472.19,468.64,470.6,56439745
2021-12-27,472.06,477.31,472.01,477.26,56808619
2021-12-28,477.72,478.81,476.06,476.87,47274585
2021-12-29,476.98,478.56,475.92,477.48,54502964
2021-12-30,477.93,479.0,475.67,476.16,55329041
2021-12-31,475.64,476.86,474.67,474.96,65237431
2022-01-03,476.3,477.85,473.85,477.71,72668233
2022-01-04,479.22,479.98,475.58,477.55,71178678
2022-01-05,477.16,477.98,468.2801,468.38,104538940
2022-01-06,467.89,470.82,465.43,467.94,86858900
2022-01-07,467.95,469.2,464.65,466.09,85111593
2022-01-10,462.7,465.74,456.5973,465.51,119361989
2022-01-11,465.23,469.85,462.05,469.75,74303062
2022-01-12,471.59,473.2,468.94,471.02,67605444
2022-01-13,472.19,472.88,463.44,464.53,91173121
2022-01-14,461.19,465.09,459.9,464.72,95890948
2022-01-18,459.74,459.96,455.31,456.49,109872376
2022-01-19,458.13,459.6124,451.46,451.75,109357569
2022-01-20,453.75,458.74,444.5,446.75,122379696
2022-01-21,445.56,448.06,437.95,437.98,202271240
2022-01-24,432.03,440.38,420.76,439.84,252496720
2022-01-25,433.06,439.72,427.15,434.47,167997330
2022-01-26,440.72,444.04,428.86,433.38,186391090
2022-01-27,438.26,441.59,429.45,431.24,149878310
2022-01-28,432.68,442.0,427.82,441.95,164457370
2022-01-31,441.24,450.28,439.81,449.91,152251430
2022-02-01,450.68,453.63,446.9384,452.95,123155382
2022-02-02,455.5,458.12,453.05,457.35,117360953
2022-02-03,450.95,452.97,445.71,446.6,118024442
2022-02-04,446.35,452.78,443.83,448.7,118454352
2022-02-07,449.51,450.99,445.85,447.26,84472859
2022-02-08,446.73,451.92,445.22,450.94,81012036
2022-02-09,455.22,457.88,455.005,457.54,92589929
2022-02-10,451.34,457.71,447.2,449.32,140103710
2022-02-11,449.41,451.605,438.94,440.46,153214600
2022-02-14,439.92,441.6,435.34,439.02,123006262
2022-02-15,443.73,446.28,443.18,446.1,88659503
2022-02-16,443.93,448.055,441.94,446.6,84863585
2022-02-17,443.22,446.5652,436.42,437.06,102259108
2022-02-18,437.33,438.66,431.82,434.23,132642896
2022-02-22,431.89,435.5,425.86,429.57,124391830
2022-02-23,432.66,433.26,421.35,421.95,132578005
2022-02-24,411.02,428.76,410.64,428.3,213942950
2022-02-25,429.61,437.84,427.86,437.75,121804459
2022-02-28,432.03,438.2,430.7,436.63,145615030
2022-03-01,435.04,437.17,427.11,429.98,137785910
2022-03-02,432.37,439.72,431.57,437.89,117726525
2022-03-03,440.47,441.11,433.8,435.71,105501715
2022-03-04,431.75,433.37,427.88,432.17,114083256
2022-03-07,431.55,432.3018,419.36,419.43,137896560
2022-03-08,419.62,427.21,415.12,416.25,164772740
2022-03-09,425.14,429.51,422.82,427.41,116990765
2022-03-10,422.52,426.43,420.44,425.48,93972655
2022-03-11,428.12,428.77,419.53,420.07,95636277
2022-03-14,420.89,424.55,415.79,417.0,95729188
2022-03-15,419.77,426.84,418.42,426.17,106219117
2022-03-16,429.89,435.68,424.8,435.62,144954810
2022-03-17,433.59,441.07,433.19,439.70399,102676870
2022-03-18,438.0,444.86,437.22,444.52,106345544
2022-03-21,444.34,446.46,440.68,444.39,88349763
2022-03-22,445.86,450.58,445.86,449.59,74650394
2022-03-23,446.91,448.49,443.71,443.8,79426098
2022-03-24,445.94,450.5,444.76,450.49,64736892
2022-03-25,451.16,452.98,448.43,452.69,77101324
2022-03-28,452.06,455.91,450.06,455.91,68529767
2022-03-29,460.02,462.07,457.18,461.55,86581542
2022-03-30,460.34,461.195,456.465,458.7,79666942
2022-03-31,457.89,458.76,451.16,451.64,121699948
2022-04-01,453.31,453.46,449.14,452.92,89048773
2022-04-04,453.13,456.91,452.26,456.8,59601000
2022-04-05,455.22,457.83,449.82,451.03,74214501
2022-04-06,446.89,448.93,443.47,446.52,106897970
2022-04-07,445.59,450.69,443.53,448.77,78097214
2022-04-08,447.97,450.63,445.94,447.57,79272711
2022-04-11,444.11,445.0,439.39,439.92,89770538
2022-04-12,443.08,445.75,436.6501,438.29,84363635
2022-04-13,438.03,444.11,437.84,443.31,74070394
2022-04-14,443.55,444.7301,437.68,437.79,97869451
2022-04-18,436.81,439.75,435.61,437.97,66002498
2022-04-19,437.86,445.8,437.68,445.04,77821013
2022-04-20,446.92,447.57,443.48,444.71,65224449
2022-04-21,448.54,450.01,437.1,438.06,85417327
2022-04-22,436.91,438.0825,425.44,426.04,132471772
2022-04-25,423.67,428.69,418.84,428.51,119647748
2022-04-26,425.83,426.04,416.07,416.1,103996312
2022-04-27,417.24,422.92,415.01,417.27,122029990
2022-04-28,422.29,429.64,417.6,427.81,105449088
2022-04-29,423.59,425.87,411.21,412.0,145491090
2022-05-02,412.07,415.92,405.02,414.48,158312530
2022-05-03,415.01,418.93,413.36,416.38,100028190
2022-05-04,417.08,429.66,413.7099,429.06,144247900
2022-05-05,424.55,425.0,409.44,413.81,172929110
2022-05-06,411.1,414.8,405.73,411.34,151770810
2022-05-09,405.1,406.41,396.5,398.17,155586070
2022-05-10,404.49,406.08,394.82,399.09,132497200
2022-05-11,398.07,404.04,391.96,392.75,142360990
2022-05-12,389.37,395.8,385.15,392.34,125090753
2022-05-13,396.71,403.18,395.61,401.72,104174421
2022-05-16,399.98,403.97,397.6,400.09,78622444
2022-05-17,406.53,408.57,402.5824,408.32,83029710
2022-05-18,403.5,403.8,390.55,391.86,117674545
2022-05-19,388.62,394.14,387.11,389.46,98510715
2022-05-20,393.25,397.03,380.54,389.63,131432197
2022-05-23,392.83,397.73,390.38,396.92,76414878
2022-05-24,392.56,395.15,386.96,393.89,91448831
2022-05-25,392.31,399.45,391.89,397.37,91472866
2022-05-26,398.67,407.04,398.45,405.31,82168339
2022-05-27,407.91,415.3801,407.7,415.26,84768710
2022-05-31,413.55,416.46,410.03,412.93,95936980
2022-06-01,415.17,416.24,406.93,409.59,86585813
2022-06-02,409.42,417.44,407.04,417.39,79609633
2022-06-03,412.4,414.04,409.51,410.54,71874281
2022-06-06,414.78,416.609,410.5523,411.79,57508858
2022-06-07,408.1,416.22,407.61,415.74,59272373
2022-06-08,413.93,415.82,410.38,411.22,64349966
2022-06-09,409.34,411.74,401.44,401.44,86289796
2022-06-10,394.88,395.7777,389.75,389.8,132893864
2022-06-13,379.85,381.81,373.3,375.0,170004860
2022-06-14,376.85,377.94,370.59,373.87,104011831
2022-06-15,377.36,383.9,372.12,379.2,125666797
2022-06-16,370.51,370.94,364.0799,365.07313,134473290
2022-06-17,365.51,369.38,362.17,365.86,111113904
2022-06-21,371.89,376.525,371.81,375.07,76811861
2022-06-22,370.62,378.72,370.18,374.39,90059424
2022-06-23,376.64,378.83,372.89,378.06,79292135
2022-06-24,381.4,390.09,381.365,390.08,98050333
2022-06-27,391.05,391.36,387.44,388.59,66009617
2022-06-28,390.23,393.16,380.53,380.65,86689824
2022-06-29,381.23,382.27,378.42,380.34,65675999
2022-06-30,376.24,380.6582,372.56,377.25,112508273
2022-07-01,376.56,381.7,373.8,381.24,74839729
2022-07-05,375.88,381.98,372.9,381.96,81437965
2022-07-06,382.11,385.87,379.6,383.25,70426244
2022-07-07,385.12,389.83,383.267,388.99,64525919
2022-07-08,387.27,390.64,385.66,388.67,72397765
2022-07-11,385.85,386.87,383.5,384.23,58366945
2022-07-12,383.65,386.16,378.99,380.83,62219178
2022-07-13,375.1,381.92,374.658,378.83,84224649
2022-07-14,373.61,379.0498,371.04,377.91,89704819
2022-07-15,382.55,385.25,380.54,385.13,79060383
2022-07-18,388.38,389.09,380.66,381.95,63203626
2022-07-19,386.08,392.87,385.39,392.27,78505972
2022-07-20,392.47,396.26,391.03,394.77,71843769
2022-07-21,394.16,398.84,391.63,398.79,64903856
2022-07-22,398.92,400.18,392.75,395.09,72197332
2022-07-25,395.75,396.47,393.21,395.57,53631485
2022-07-26,393.84,394.06,389.95,390.89,52946393
2022-07-27,394.36,402.88,394.05,401.04,82342106
2022-07-28,401.89,406.8,398.15,406.07,73966563
2022-07-29,407.58,413.03,406.77,411.99,87003672
2022-08-01,409.15,413.41,408.4,410.77,69997471
2022-08-02,409.12,413.0,406.82,408.06,63435418
2022-08-03,410.3,415.68,410.0,414.45,67820555
2022-08-04,414.37,415.09,412.44,414.17,45656574
2022-08-05,409.66,414.15,409.6,413.47,56814929
2022-08-08,415.25,417.62,411.83,412.99,54025965
2022-08-09,412.22,412.75,410.22,411.35,44931772
2022-08-10,418.78,420.14,416.72,419.99,68665712
2022-08-11,422.99,424.95,419.21,419.99,59489704
2022-08-12,422.03,427.21,421.03,427.1,61694542
2022-08-15,424.765,429.41,424.71,428.86,54048280
2022-08-16,427.73,431.73,426.88,429.7,59289039
2022-08-17,425.91,429.5,424.54,426.65,63563394
2022-08-18,426.86,428.61,425.5,427.89,49023206
2022-08-19,424.98,425.26,421.22,422.14,68016902
2022-08-22,417.05,417.23,412.4,413.35,77695640
2022-08-23,412.9,415.42,411.77,412.35,49105249
2022-08-24,412.11,415.1101,411.39,413.67,49177804
2022-08-25,415.24,419.56,414.09,419.51,50942252
2022-08-26,419.39,419.96,405.25,405.31,103086976
2022-08-29,402.2,405.84,401.1999,402.63,65370810
2022-08-30,403.85,404.1,396.0,398.21,85652443
2022-08-31,399.93,401.24,395.04,395.18,76029671
2022-09-01,392.89,396.78,390.04,396.42,78740084
2022-09-02,400.28,401.555,390.33,392.24,99632149
2022-09-06,393.13,394.12,388.42,390.76,76637400
2022-09-07,390.43,398.59,390.2,397.78,70964232
2022-09-08,395.39,400.86,394.12,400.38,80821681
2022-09-09,402.74,407.51,402.46,406.6,76706918
2022-09-12,408.78,411.73,408.46,410.97,69256262
2022-09-13,401.83,403.1,391.92,393.1,122947081
2022-09-14,394.47,396.2,391.12,394.6,85023747
2022-09-15,392.96,395.96,388.78,388.5236,87633840
2022-09-16,384.14,386.25,382.11,385.56,103084819
2022-09-19,382.26,388.55,382.1784,388.55,73278490
2022-09-20,385.06,386.12,381.195,384.09,77274882
2022-09-21,386.11,389.31,377.38,377.39,106746554
2022-09-22,376.58,378.3,373.44,374.22,89472641
2022-09-23,370.58,370.62,363.29,367.95,122346933
2022-09-26,366.41,370.21,363.0299,364.31,92581244
2022-09-27,368.02,370.4,360.87,363.38,108294074
2022-09-28,364.38,372.3,362.6,370.53,110802217
2022-09-29,366.81,367.11,359.7,362.79,112952315
2022-09-30,361.8,365.91,357.04,357.18,153711240
2022-10-03,361.08,368.55,359.21,366.61,89756479
2022-10-04,372.4,378.0,366.5677,377.97,103602775
2022-10-05,373.39,379.46,370.95,377.09,88065669
2022-10-06,375.62,378.72,372.68,373.2,82333543
2022-10-07,368.97,373.2933,360.94,362.79,107789498
2022-10-10,363.96,364.21,357.67,360.02,76042765
2022-10-11,358.235,363.03,355.71,357.74,92482785
2022-10-12,358.17,359.8179,356.3,356.56,76991799
2022-10-13,349.205,367.51,348.11,365.97,147254520
2022-10-14,368.55,370.26,356.96,357.63,123737013
2022-10-17,364.01,367.9799,357.2808,366.82,93168231
2022-10-18,375.13,375.45,367.52,371.13,97162850
2022-10-19,368.99,371.85,365.55,368.5,79746863
2022-10-20,368.03,372.67,364.61,365.41,88283087
2022-10-21,365.12,374.8,363.54,374.29,131038379
2022-10-24,375.89,380.06,373.11,378.87,85436907
2022-10-25,378.79,385.25,378.671,384.92,78846348
2022-10-26,381.62,387.58,381.35,382.02,104087348
2022-10-27,383.07,385.0,379.33,379.98,81971756
2022-10-28,379.87,389.52,379.68,389.02,100301958
2022-10-31,386.44,388.4,385.26,386.21,96631258
2022-11-01,390.14,390.39,383.29,384.52,85407598
2022-11-02,383.9,388.63,374.76,374.87,126990356
2022-11-03,371.465,374.2,368.79,371.01,87100115
2022-11-04,377.0,378.87,370.0,376.35,103505182
2022-11-07,377.71,380.57,375.53,379.95,68286947
2022-11-08,381.11,385.12,377.72,382.0,84641062
2022-11-09,379.93,381.14,373.61,374.13,78495470
2022-11-10,388.05,395.04,385.642,394.69,141455850
2022-11-11,395.59,399.35,393.61,398.51,93839872
2022-11-14,396.66,400.1799,394.83,395.12,71893165
2022-11-15,401.15,402.31,394.49,398.49,93194452
2022-11-16,396.78,397.78,394.79,395.45,68508454
2022-11-17,390.46,394.95,390.14,394.24,74496255
2022-11-18,397.74,397.81,393.04,396.03,92922451
2022-11-21,394.64,395.82,392.66,394.59,51243189
2022-11-22,396.63,400.07,395.1527,399.9,60429025
2022-11-23,399.55,402.93,399.31,402.42,68261628
2022-11-25,401.83,402.91,401.535,402.33,30545434
2022-11-28,399.09,400.81,395.11,395.91,68021749
2022-11-29,396.05,397.3,393.3,395.23,52310039
2022-11-30,395.49,407.68,393.48,407.68,144566650
2022-12-01,408.77,410.0,404.75,407.38,76398170
2022-12-02,402.25,407.86,402.14,406.91,85342731
2022-12-05,403.95,404.93,398.17,399.59,77289815
2022-12-06,399.42,399.99,391.64,393.83,77972217
2022-12-07,392.94,395.64,391.97,393.16,65927896
2022-12-08,395.14,397.36,393.2684,396.24,60737912
2022-12-09,394.94,397.62,393.15,393.28,81447733
2022-12-12,394.11,398.95,393.412,398.95,75405835
2022-12-13,410.22,410.49,399.07,401.97,123782534
2022-12-14,401.61,405.5,396.31,399.4,108111349
2022-12-15,394.3,395.25,387.885,387.8486,117705889
2022-12-16,385.18,386.575,381.04,383.27,119857952
2022-12-19,383.47,383.82,378.28,380.02,79878103
2022-12-20,379.23,382.23,377.85,380.54,74427240
2022-12-21,383.25,387.41,382.69,386.23,78167369
2022-12-22,383.05,386.2134,374.77,380.72,100120855
2022-12-23,379.65,383.06,378.03,382.91,59857329
2022-12-27,382.79,383.15,379.65,381.4,51638180
2022-12-28,381.33,383.39,376.42,376.66,70911520
2022-12-29,379.63,384.35,379.08,383.44,66970877
2022-12-30,380.64,382.58,378.43,382.43,84022205
2023-01-03,384.37,386.43,377.831,380.82,74850731
2023-01-04,383.18,385.88,380.0,383.76,85934098
2023-01-05,381.72,381.84,378.76,379.38,76970456
2023-01-06,382.61,389.25,379.4127,388.08,104189603
2023-01-09,390.37,393.7,387.67,387.86,73978071
2023-01-10,387.25,390.65,386.27,390.58,65358094
2023-01-11,392.23,395.6,391.38,395.52,68881080
2023-01-12,396.67,398.485,392.42,396.96,90157699
2023-01-13,393.62,399.1,393.34,398.5,63903932
2023-01-17,398.48,400.23,397.06,397.77,62677281
2023-01-18,399.01,400.12,391.28,391.49,99632262
2023-01-19,389.36,391.08,387.26,388.64,86958919
2023-01-20,390.1,396.04,388.38,395.88,91806356
2023-01-23,396.72,402.645,395.72,400.63,84178797
2023-01-24,398.88,401.15,397.64,400.2,59524911
2023-01-25,395.95,400.7,393.56,400.35,84800251
2023-01-26,403.13,404.92,400.03,404.75,72287425
2023-01-27,403.655,408.16,403.44,405.68,68346180
2023-01-30,402.8,405.13,400.28,400.59,74202018
2023-01-31,401.13,406.53,400.77,406.48,86811786
2023-02-01,405.211,413.67,402.35,410.8,101459155
2023-02-02,414.86,418.31,412.88,416.78,101654463
2023-02-03,411.59,416.97,411.09,412.35,94736781
2023-02-06,409.79,411.29,408.1,409.83,60295325
2023-02-07,408.87,416.49,407.57,415.19,90990745
2023-02-08,413.13,414.53,409.93,410.65,76227462
2023-02-09,414.41,414.57,405.81,407.09,78694859
2023-02-10,405.86,408.44,405.01,408.04,70769715
2023-02-13,408.72,412.97,408.24,412.83,64913539
2023-02-14,411.24,415.05,408.511,412.64,88389313
2023-02-15,410.35,414.06,409.47,413.98,61685279
2023-02-16,408.79,412.91,408.14,408.28,76431469
2023-02-17,406.06,407.51,404.05,407.26,89257815
2023-02-21,403.06,404.16,398.82,399.09,82655924
2023-02-22,399.52,401.13,397.02,398.54,83742293
2023-02-23,401.56,402.2,396.25,400.66,96242399
2023-02-24,395.42,397.25,393.64,396.38,108194413
2023-02-27,399.87,401.29,396.75,397.73,80444736
2023-02-28,397.23,399.28,396.15,396.26,96438567
2023-03-01,395.41,396.69,393.38,394.74,99706823
2023-03-02,392.68,398.69,392.33,397.81,85404726
2023-03-03,399.71,404.45,399.03,404.19,90119952
2023-03-06,405.05,407.45,404.01,404.47,72795946
2023-03-07,404.42,404.67,397.625,398.27,108310596
2023-03-08,398.39,399.71,396.59,398.92,74746632
2023-03-09,399.74,401.48,390.53,391.56,111945322
2023-03-10,390.99,393.16,384.32,385.91,189253000
2023-03-13,381.81,390.39,380.65,385.36,157789970
2023-03-14,390.5,393.45,387.05,391.73,149752360
2023-03-15,385.89,389.49,383.71,389.28,172996930
2023-03-16,386.82,396.47,386.29,394.6038,143753940
2023-03-17,393.22,394.4,388.55,389.99,140553410
2023-03-20,390.8,394.17,390.07,393.74,93055783
2023-03-21,397.24,399.41,395.58,398.91,91524248
2023-03-22,398.73,402.49,392.07,392.11,111746583
2023-03-23,395.09,399.29,390.35,393.17,119351319
2023-03-24,391.841,395.84,389.4,395.75,107770124
2023-03-27,398.12,398.92,395.56,396.49,74010408
2023-03-28,395.77,396.49,393.69,395.6,62871680
2023-03-29,399.925,401.6,398.68,401.35,77497876
2023-03-30,404.09,404.35,401.76,403.7,69840049
2023-03-31,404.66,409.7,404.55,409.39,112062624
2023-04-03,408.85,411.37,408.44,410.95,67391097
2023-04-04,411.62,411.92,407.24,408.67,66601534
2023-04-05,407.91,408.7,405.88,407.6,65200243
2023-04-06,406.77,409.48,405.678,409.19,63743345
2023-04-10,406.61,409.69,405.97,409.61,63681042
2023-04-11,410.26,411.18,408.92,409.72,59297945
2023-04-12,411.87,412.17,407.44,408.05,86420379
2023-04-13,409.18,413.84,407.9922,413.47,85814754
2023-04-14,412.81,415.09,410.06,412.46,78161500
2023-04-17,412.37,413.96,411.085,413.94,66436399
2023-04-18,415.58,415.72,412.7802,414.21,63559997
2023-04-19,412.22,415.08,412.16,414.14,55227330
2023-04-20,411.21,413.7,410.27,411.88,75840359
2023-04-21,412.19,412.68,410.17,412.2,73457422
2023-04-24,411.99,413.07,410.6,412.63,64332095
2023-04-25,410.58,411.16,406.02,406.08,97766721
2023-04-26,406.72,407.84,403.78,404.36,80447049
2023-04-27,407.0,412.69,406.74,412.41,92968369
2023-04-28,411.49,415.94,411.43,415.93,89433137
2023-05-01,415.47,417.62,415.265,415.51,62122254
2023-05-02,414.77,414.82,407.82,410.84,103998484
2023-05-03,411.36,413.87,407.77,408.02,91531769
2023-05-04,406.93,407.27,403.74,405.13,94901863
2023-05-05,408.91,413.72,408.64,412.63,87891791
2023-05-08,412.97,413.24,411.28,412.74,50046768
2023-05-09,411.13,412.09,410.6894,410.93,49220119
2023-05-10,413.88,414.535,408.87,412.85,96142922
2023-05-11,411.95,412.43,409.97,412.13,70157064
2023-05-12,413.42,413.64,409.07,411.59,70481548
2023-05-15,412.22,413.43,410.23,413.01,54289383
2023-05-16,411.86,412.815,410.24,410.25,57705495
2023-05-17,412.35,415.855,410.635,415.23,87286957
2023-05-18,414.9,419.67,414.67,419.23,97177195
2023-05-19,420.17,420.72,417.35,418.62,103793317
2023-05-22,418.64,420.39,417.35,418.79,60745399
2023-05-23,417.08,418.722,413.68,414.09,86383493
2023-05-24,412.42,412.82,409.8795,411.09,89213678
2023-05-25,414.74,416.16,412.4101,414.65,90961606
2023-05-26,415.33,420.77,415.25,420.02,93829975
2023-05-30,422.03,422.58,418.735,420.18,72215960
2023-05-31,418.28,419.22,416.22,417.85,110811780
2023-06-01,418.09,422.92,416.79,421.82,88865018
2023-06-02,424.5,428.74,423.95,427.92,91426171
2023-06-05,428.28,429.62,426.37,427.1,65460158
2023-06-06,426.67,428.5772,425.99,428.03,64022175
2023-06-07,428.44,429.62,426.11,426.55,85373275
2023-06-08,426.62,429.6,425.82,429.13,61952842
2023-06-09,429.96,431.99,428.87,429.9,85647268
2023-06-12,430.92,433.88,430.17,433.8,76256703
2023-06-13,435.32,437.33,434.63,436.66,95899704
2023-06-14,437.01,439.0612,433.59,437.18,100612080
2023-06-15,436.33,443.9,436.23,440.96163,110303091
2023-06-16,443.02,443.6078,438.97,439.46,114165849
2023-06-20,437.45,438.37,435.03,437.18,76160359
2023-06-21,436.16,436.99,434.33,434.94,76982251
2023-06-22,433.95,436.62,433.6,436.51,70637175
2023-06-23,432.93,435.06,432.47,433.21,92074537
2023-06-26,432.62,434.61,431.19,431.44,72823560
2023-06-27,432.35,436.81,431.88,436.17,72813699
2023-06-28,435.05,437.44,434.41,436.39,75635976
2023-06-29,435.96,438.28,435.54,438.11,67882304
2023-06-30,441.44,444.3,441.11,443.28,104964019
2023-07-03,442.92,444.08,442.63,443.79,32793378
2023-07-05,441.91,443.889,441.9,443.13,58418432
2023-07-06,439.42,440.1,437.06,439.66,80658302
2023-07-07,438.63,442.64,438.3,438.55,86134178
2023-07-10,438.18,439.84,437.585,439.66,62443501
2023-07-11,440.45,442.97,439.44,442.46,64463752
2023-07-12,446.39,447.4799,444.91,446.02,91924527
2023-07-13,447.9,450.38,447.45,449.56,72425241
2023-07-14,450.475,451.36,448.49,449.28,69815823
2023-07-17,449.13,451.93,449.08,450.84,52680221
2023-07-18,450.5,454.86,450.0484,454.19,80744448
2023-07-19,455.01,456.43,454.1119,455.2,65891688
2023-07-20,454.17,455.1,451.44,452.18,70591642
2023-07-21,453.96,454.165,452.17,452.18,71275618
2023-07-24,453.37,455.04,452.298,454.2,54023382
2023-07-25,453.92,456.735,453.87,455.44,55191240
2023-07-26,454.47,456.99,453.38,455.51,71052885
2023-07-27,459.02,459.44,451.55,452.49,92194375
2023-07-28,455.88,457.78,452.4918,456.92,80011790
2023-07-31,457.41,458.16,456.045,457.79,62040449
2023-08-01,456.27,457.25,455.49,456.48,55502199
2023-08-02,453.25,453.52,449.3499,450.13,93933369
2023-08-03,448.04,450.79,447.37,448.84,64419692
2023-08-04,450.72,452.895,446.27,446.81,100128902
2023-08-07,448.71,450.865,447.99,450.71,58357464
2023-08-08,448.08,450.6952,445.2705,448.75,71361324
2023-08-09,449.03,449.1999,444.96,445.75,78789575
2023-08-10,448.19,451.7,444.7,445.91,93005495
2023-08-11,443.97,446.7007,443.345,445.65,68690902
2023-08-14,444.7,448.11,444.38,448.11,47867441
2023-08-15,446.27,446.64,442.3,442.89,75707534
2023-08-16,442.46,444.18,439.53,439.64,80107206
2023-08-17,441.16,441.43,435.75,436.29,95711315
2023-08-18,433.37,437.57,433.01,436.5,98851960
2023-08-21,437.55,440.11,435.32,439.34,68718957
2023-08-22,441.18,441.18,437.57,438.15,65062861
2023-08-23,439.25,443.67,439.1,443.03,68441021
2023-08-24,444.69,445.22,436.855,436.89,88517272
2023-08-25,438.68,441.3,435.0,439.97,102325103
2023-08-28,442.24,443.4,439.9728,442.76,61595393
2023-08-29,442.65,449.45,442.46,449.16,83081916
2023-08-30,449.51,451.67,448.78,451.01,69053911
2023-08-31,451.65,452.83,450.16,450.35,66084563
2023-09-01,453.17,453.67,449.68,451.19,58944098
2023-09-05,450.73,451.06,449.17,449.24,55166210
2023-09-06,448.4,448.51,443.81,446.22,70758512
2023-09-07,443.11,445.55,442.75,444.85,70355426
2023-09-08,444.9,447.11,444.53,445.52,62068437
2023-09-11,448.24,448.77,446.4699,448.45,60180118
2023-09-12,446.95,448.53,445.39,445.99,67565422
2023-09-13,446.22,447.71,445.0793,446.51,60199272
2023-09-14,449.07,451.08,447.715,448.77683,83430814
2023-09-15,447.14,447.48,442.92,443.37,111848859
2023-09-18,443.05,444.97,442.56,443.63,55752213
2023-09-19,442.68,443.29,439.94,442.71,66514648
2023-09-20,444.01,444.435,438.43,438.64,82562602
2023-09-21,435.7,435.97,431.23,431.39,104095826
2023-09-22,432.45,434.1,429.99,430.42,100829684
2023-09-25,429.17,432.27,428.72,432.23,70874534
2023-09-26,429.09,429.82,425.02,425.88,96168436
2023-09-27,427.09,427.67,422.29,426.05,104705847
2023-09-28,425.48,430.2499,424.87,428.52,92258308
2023-09-29,431.67,431.85,425.91,427.48,115111319
2023-10-02,426.62,428.6,424.46,427.31,83798599
2023-10-03,425.06,427.3729,420.18,421.59,103760607
2023-10-04,422.07,425.4299,420.56,424.66,87452968
2023-10-05,424.36,425.37,421.1701,424.5,70142744
2023-10-06,421.97,431.125,420.6,429.54,113273309
2023-10-09,427.58,432.88,427.0101,432.29,80374362
2023-10-10,432.94,437.22,432.53,434.54,78607268
2023-10-11,435.64,436.58,433.18,436.32,62451736
2023-10-12,436.95,437.335,431.23,433.66,81154230
2023-10-13,435.21,436.45,429.88,431.5,95201132
2023-10-16,433.82,437.14,433.57,436.04,75433194
2023-10-17,432.81,438.14,432.45,436.02,75324708
2023-10-18,434.19,435.18,429.09,430.21,93559798
2023-10-19,430.95,432.82,425.725,426.43,121322957
2023-10-20,425.98,426.54,421.08,421.19,123919874
2023-10-23,419.61,424.45,417.8,420.46,92035095
2023-10-24,422.65,424.82,420.74,423.63,78564239
2023-10-25,421.89,421.92,417.015,417.55,94223198
2023-10-26,416.45,417.325,411.6,412.55,115156761
2023-10-27,414.19,414.6,409.21,410.68,107367671
2023-10-30,413.56,416.68,412.22,415.59,86562675
2023-10-31,416.18,418.53,414.21,418.2,79665150
2023-11-01,419.2,423.5,418.6499,422.66,98068115
2023-11-02,426.58,430.915,426.56,430.76,94938909
2023-11-03,433.14,436.29,433.01,434.69,100167775
2023-11-06,435.47,436.1498,433.68,435.69,67831660
2023-11-07,435.69,437.585,434.51,436.93,64256114
2023-11-08,437.55,438.09,434.87,437.25,61746027
2023-11-09,438.43,438.47,433.4,433.84,83174417
2023-11-10,435.98,440.93,433.8335,440.61,89558054
2023-11-13,439.23,441.33,438.42,440.19,52236068
2023-11-14,446.32,450.06,446.09,448.73,97176935
2023-11-15,450.11,451.38,448.8,449.68,77327573
2023-11-16,449.22,450.56,448.12,450.23,66665797
2023-11-17,450.24,451.42,449.29,450.79,83193902
2023-11-20,450.53,455.125,450.52,454.26,70055633
2023-11-21,453.1842,454.131,451.9599,453.27,49244639
2023-11-22,454.98,456.38,453.8895,455.02,59446573
2023-11-24,455.07,455.5,454.73,455.3,29737375
2023-11-27,454.65,455.4901,454.0799,454.48,50505985
2023-11-28,454.08,456.27,453.5,454.93,62115011
2023-11-29,457.15,458.32,454.2,454.61,63145992
2023-11-30,455.48,456.76,453.34,456.4,79752700
2023-12-01,455.77,459.65,455.16,459.1,89183400
2023-12-04,455.6,459.1206,454.34,456.69,72430888
2023-12-05,455.26,457.59,454.87,456.6,69793469
2023-12-06,458.81,458.84,454.31,454.76,69124685
2023-12-07,456.91,458.9,456.29,458.23,66995446
2023-12-08,457.46,460.745,457.21,460.2,83194404
2023-12-11,459.69,462.17,459.47,461.99,65002247
2023-12-12,461.63,464.2,460.6,464.1,68327617
2023-12-13,464.49,470.7599,464.12,470.5,93277960
2023-12-14,472.5,473.73,469.25,470.10393,119026049
2023-12-15,469.49,470.7,467.4263,469.33,141553670
2023-12-18,470.98,472.98,469.8929,471.97,70375285
2023-12-19,472.53,474.92,472.45,474.84,55761805
2023-12-20,473.96,475.895,467.82,468.26,102920959
2023-12-21,471.33,472.975,468.84,472.7,86667465
2023-12-22,473.86,475.38,471.7,473.65,67160419
2023-12-26,474.07,476.58,473.99,475.65,55386952
2023-12-27,475.44,476.66,474.89,476.51,68000311
2023-12-28,476.88,477.55,476.26,476.69,77158116
2023-12-29,476.49,477.03,473.3,475.31,122283149
2024-01-02,472.16,473.67,470.49,472.65,123007793
2024-01-03,470.43,471.19,468.17,468.79,103585866
2024-01-04,468.3,470.96,467.05,467.28,84232169
2024-01-05,467.49,470.44,466.43,467.92,86118913
2024-01-08,468.43,474.75,468.3,474.6,74879074
2024-01-09,471.87,474.93,471.35,473.88,65931439
2024-01-10,474.16,477.4481,473.87,476.56,67310640
2024-01-11,477.59,478.12,472.26,476.35,77940723
2024-01-12,477.84,478.6,475.23,476.68,58026420
2024-01-16,475.26,476.6098,473.06,474.93,85014870
2024-01-17,471.82,472.79,469.87,472.29,68843871
2024-01-18,474.01,477.06,472.42,476.49,91856248
2024-01-19,477.65,482.72,476.5374,482.43,110834483
2024-01-22,484.01,485.22,482.78,483.45,75844931
2024-01-23,484.01,485.105,482.89,484.86,49945297
2024-01-24,487.81,488.77,484.8819,485.39,81765039
2024-01-25,487.575,488.305,485.39,488.03,72524989
2024-01-26,487.59,489.12,486.54,487.41,76641609
2024-01-29,487.73,491.415,487.17,491.27,61322751
2024-01-30,490.56,491.62,490.11,490.89,58618386
2024-01-31,488.62,489.0813,482.86,482.88,126011062
2024-02-01,484.63,489.23,483.8,489.2,91891637
2024-02-02,489.65,496.05,489.3,494.35,99228192
2024-02-05,493.695,494.3778,490.23,492.55,75757102
2024-02-06,493.52,494.32,492.05,493.98,55918602
2024-02-07,496.29,498.53,495.36,498.1,70556506
2024-02-08,498.1,498.71,497.26,498.32,52343636
2024-02-09,498.84,501.65,498.49,501.2,63979375
2024-02-12,501.17,503.5,500.24,500.98,56502283
2024-02-13,494.53,497.09,490.715,494.08,113099199
2024-02-14,496.79,499.07,494.4,498.57,68387827
2024-02-15,499.29,502.2,498.795,502.01,61682960
2024-02-16,501.7,502.87,498.75,499.51,75532928
2024-02-20,497.72,498.41,494.45,496.76,71736740
2024-02-21,495.42,497.37,493.56,497.21,59603771
2024-02-22,504.01,508.49,503.02,507.5,76402535
2024-02-23,509.27,510.13,507.1,507.85,61321818
2024-02-26,508.3,508.75,505.86,505.99,50386738
2024-02-27,506.7,507.16,504.75,506.93,48854528
2024-02-28,505.33,506.855,504.96,506.26,56506634
2024-02-29,508.07,509.74,505.35,508.08,83924795
2024-03-01,508.98,513.29,508.56,512.85,76844844
2024-03-04,512.03,514.2,512.0,512.3,49799257
2024-03-05,510.24,510.7,504.91,507.18,72855623
2024-03-06,510.55,512.069,508.42,509.75,68382367
2024-03-07,513.14,515.89,509.8053,514.81,58652085
2024-03-08,515.46,518.2201,511.13,511.72,86532535
2024-03-11,510.48,511.88,508.5,511.28,62557183
2024-03-12,513.45,517.38,510.86,516.78,73114439
2024-03-13,517.11,517.29,514.49,515.97,55104088
2024-03-14,516.97,517.125,511.82,513.35506,110171820
2024-03-15,510.21,511.7,508.122,509.83,107646297
2024-03-18,514.0,515.48,512.44,512.86,88893331
2024-03-19,512.15,515.995,511.12,515.71,60755263
2024-03-20,515.77,520.62,515.08,520.48,69594574
2024-03-21,523.39,524.11,521.91,522.2,60256112
2024-03-22,522.11,522.605,520.97,521.21,79070842
2024-03-25,519.8,520.95,519.61,519.77,48512108
2024-03-26,521.23,521.58,518.4,518.81,65463744
2024-03-27,521.71,523.21,519.485,523.17,82999777
2024-03-28,523.21,524.61,522.78,523.07,96294886
2024-04-01,523.83,524.38,520.97,522.16,62477540
2024-04-02,518.24,518.98,516.48,518.84,74230308
2024-04-03,517.72,520.95,517.665,519.41,59155759
2024-04-04,523.52,523.8674,512.755,513.07,96858074
2024-04-05,514.46,520.44,514.01,518.43,74546483
2024-04-08,519.15,520.18,517.89,518.72,48401752
2024-04-09,520.5,520.75,514.35,519.32,68124385
2024-04-10,513.48,516.16,512.09,514.12,82652806
2024-04-11,515.68,519.48,512.08,518.0,70099007
2024-04-12,514.37,515.815,509.08,510.85,92561094
2024-04-15,515.13,515.3,503.58,504.45,92101447
2024-04-16,504.94,506.5,502.21,503.53,73484020
2024-04-17,506.05,506.22,499.12,500.55,75910305
2024-04-18,501.98,504.13,498.56,499.52,74548085
2024-04-19,499.44,500.455,493.86,495.16,102212587
2024-04-22,497.83,502.38,495.43,499.72,67961048
2024-04-23,501.78,506.09,499.5328,505.65,64633620
2024-04-24,506.56,507.37,503.13,505.41,55928076
2024-04-25,499.18,504.27,497.49,503.49,69122368
2024-04-26,506.35,509.88,505.7,508.26,64306118
2024-04-29,510.09,510.75,507.25,510.06,46415449
2024-04-30,508.56,509.56,501.98,501.98,77483566
2024-05-01,501.38,508.19,499.865,500.35,80242839
2024-05-02,504.15,505.89,499.55,505.03,62550179
2024-05-03,511.16,512.55,508.56,511.29,72756709
2024-05-06,513.75,516.61,513.3,516.57,47264703
2024-05-07,517.56,518.57,516.45,517.14,52561299
2024-05-08,515.26,517.74,515.14,517.19,42047214
2024-05-09,517.38,520.2074,516.705,520.17,43643668
2024-05-10,521.81,522.635,519.59,520.84,52233171
2024-05-13,522.56,522.67,519.74,520.91,36716361
2024-05-14,521.11,523.83,520.56,523.3,57535867
2024-05-15,525.83,530.08,525.18,529.78,59504897
2024-05-16,529.88,531.5218,528.54,528.69,50244827
2024-05-17,528.81,529.52,527.32,529.45,59187585
2024-05-20,529.57,531.5601,529.17,530.06,37764206
2024-05-21,529.28,531.52,529.07,531.36,33437001
2024-05-22,530.65,531.38,527.6,529.83,48389968
2024-05-23,532.96,533.07,524.72,525.96,57211197
2024-05-24,527.85,530.27,526.881,529.44,41291076
2024-05-28,530.27,530.51,527.11,529.81,36269602
2024-05-29,525.68,527.31,525.37,526.1,45190323
2024-05-30,524.52,525.2,521.33,522.61,46468510
2024-05-31,523.59,527.5,518.36,527.37,90785755
2024-06-03,529.02,529.31,522.6,527.8,46835702
2024-06-04,526.46,529.15,524.96,528.39,34632661
2024-06-05,530.77,534.69,528.7254,534.67,47610365
2024-06-06,534.98,535.42,532.68,534.66,30808530
2024-06-07,533.66,536.89,532.535,534.01,43224525
2024-06-10,533.18,535.99,532.57,535.66,35729252
2024-06-11,534.07,537.01,532.05,536.95,36383411
2024-06-12,541.63,544.12,540.3,541.36,63251305
2024-06-13,543.15,543.325,539.59,542.45,44760949
2024-06-14,540.88,542.81,539.85,542.78,40089895
2024-06-17,542.08,548.53,541.6072,547.1,55839457
2024-06-18,547.16,548.62,546.73,548.49,41376417
2024-06-20,549.44,550.12,545.18,545.24098,70328226
2024-06-21,544.4,545.65,543.02,544.51,64513859
2024-06-24,544.33,546.95,542.62,542.74,45528654
2024-06-25,543.99,545.2,542.44,544.83,38273346
2024-06-26,543.69,546.24,543.03,545.51,38550637
2024-06-27,545.37,546.96,544.61,546.37,35041480
2024-06-28,547.16,550.28,542.95,544.22,76144535
2024-07-01,545.63,545.88,542.52,545.34,40297810
2024-07-02,543.7,549.01,543.65,549.01,40434792
2024-07-03,548.69,551.83,548.65,551.46,32789911
2024-07-05,551.77,555.05,551.12,554.64,41488389
2024-07-08,555.44,556.2501,554.19,555.28,36110451
2024-07-09,556.26,557.18,555.52,555.82,27314125
2024-07-10,557.07,561.67,556.77,561.32,38701220
2024-07-11,561.44,562.33,555.83,556.48,53054184
2024-07-12,557.63,563.67,557.15,559.99,53084405
2024-07-15,562.03,564.8371,559.63,561.53,40584293
2024-07-16,562.865,565.16,562.1,564.86,36475260
2024-07-17,558.8,560.51,556.61,556.94,57118956
2024-07-18,558.51,559.52,550.43,552.66,56270392
2024-07-19,552.42,554.08,547.91,548.99,65509081
2024-07-22,553.0,555.27,551.02,554.65,43346720
2024-07-23,554.54,556.735,553.275,553.78,34439561
2024-07-24,548.86,549.17,540.29,541.23,74515266
2024-07-25,541.35,547.455,537.45,538.41,61158288
2024-07-26,542.28,547.19,541.49,544.44,53763788
2024-07-29,546.02,547.05,542.72,544.76,39515824
2024-07-30,546.26,547.34,538.515,542.0,46853632
2024-07-31,548.98,553.5,547.5799,550.81,65663388
2024-08-01,552.57,554.8688,539.43,543.01,76428732
2024-08-02,535.75,536.99,528.6,532.9,82789070
2024-08-05,511.64,523.58,510.27,517.38,146267390
2024-08-06,519.22,529.75,517.87,522.15,84826312
2024-08-07,528.47,531.59,518.0519,518.66,70698340
2024-08-08,523.91,531.29,521.84,530.65,63276589
2024-08-09,529.81,534.51,528.56,532.99,45619558
2024-08-12,534.21,535.73,530.95,533.27,42542069
2024-08-13,536.53,542.28,536.28,542.04,52333073
2024-08-14,542.85,544.96,540.12,543.75,42446929
2024-08-15,549.5,553.36,548.88,553.07,60846812
2024-08-16,551.42,555.02,551.26,554.31,44430728
2024-08-19,554.73,559.61,553.86,559.61,39121793
2024-08-20,559.15,560.84,557.325,558.7,33732264
2024-08-21,559.77,562.11,554.73,560.62,41514600
2024-08-22,562.56,563.18,554.98,556.22,56121456
2024-08-23,559.53,563.09,557.29,562.13,50639393
2024-08-26,563.18,563.91,559.05,560.79,35788609
2024-08-27,559.49,562.06,558.32,561.56,32693898
2024-08-28,561.21,561.65,555.04,558.3,41066024
2024-08-29,560.31,563.68,557.18,558.35,38715176
2024-08-30,560.77,564.2,557.14,563.68,62700110
2024-09-03,560.47,560.81,549.51,552.08,60600113
2024-09-04,550.2,554.43,549.46,550.95,47224939
2024-09-05,550.89,553.7995,547.1,549.61,44264258
2024-09-06,549.94,551.6,539.44,540.36,68493805
2024-09-09,544.65,547.71,542.68,546.41,40445822
2024-09-10,548.36,549.15,543.38,548.79,36394579
2024-09-11,548.7,555.36,539.96,554.42,75248608
2024-09-12,555.01,559.4,552.74,559.09,51892735
2024-09-13,559.71,563.03,559.45,562.01,39310501
2024-09-16,561.74,563.11,559.9,562.84,36656122
2024-09-17,565.1,566.58,560.795,563.07,49320970
2024-09-18,563.74,568.69,560.83,561.4,59044937
2024-09-19,571.01,572.88,568.08,569.23447,75315470
2024-09-20,567.84,569.31,565.17,568.25,77503110
2024-09-23,569.34,570.3325,568.1,569.67,44116922
2024-09-24,570.48,571.36,567.6,571.3,46805672
2024-09-25,571.14,571.89,568.91,570.04,38428587
2024-09-26,574.38,574.71,569.9,572.3,48336004
2024-09-27,573.39,574.22,570.42,571.47,42100928
2024-09-30,570.42,574.38,568.08,573.76,63655448
2024-10-01,573.4,574.0622,566.0,568.62,72668778
2024-10-02,567.71,569.9,565.27,568.86,38097798
2024-10-03,567.36,569.8025,565.49,567.82,40846466
2024-10-04,572.35,573.36,568.1,572.98,43005186
2024-10-07,571.3,571.9599,566.63,567.8,49964690
2024-10-08,570.42,573.78,569.5299,573.17,37398693
2024-10-09,573.16,577.71,572.55,577.14,37912244
2024-10-10,575.77,577.58,574.49,576.13,44138060
2024-10-11,576.05,580.33,575.91,579.58,42267994
2024-10-14,581.22,585.27,580.73,584.32,36217215
2024-10-15,584.59,584.9,578.545,579.78,54203636
2024-10-16,579.78,582.83,578.96,582.3,30725436
2024-10-17,585.91,586.12,582.16,582.35,34393714
2024-10-18,584.07,585.39,582.58,584.59,37416801
2024-10-21,583.85,584.85,580.6001,583.63,36439010
2024-10-22,581.05,584.5,580.38,583.32,34183835
2024-10-23,581.26,581.7086,574.415,577.99,49314574
2024-10-24,579.98,580.06,576.57,579.24,34979860
2024-10-25,581.51,584.46,578.08,579.04,47268176
2024-10-28,582.58,582.71,580.52,580.83,30174704
2024-10-29,579.85,582.907,578.43,581.77,42899661
2024-10-30,581.29,583.32,579.29,580.01,41435839
2024-10-31,575.56,575.63,568.44,568.64,60182451
2024-11-01,571.32,575.55,570.62,571.04,45667533
2024-11-04,571.18,572.5,567.89,569.81,38216975
2024-11-05,570.74,576.74,570.52,576.7,39478322
2024-11-06,589.2,591.93,585.39,591.04,68181968
2024-11-07,593.08,596.65,592.9999,595.61,47233212
2024-11-08,596.17,599.64,596.165,598.19,46444893
2024-11-11,599.81,600.17,597.0,598.76,37586773
2024-11-12,598.68,599.29,594.37,596.9,43006128
2024-11-13,597.37,599.23,594.96,597.19,47388640
2024-11-14,597.32,597.81,592.65,593.35,38904109
2024-11-15,589.72,590.2,583.86,585.75,75988766
2024-11-18,586.22,589.49,585.34,588.15,37084081
2024-11-19,584.71,591.045,584.03,590.3,49412046
2024-11-20,590.38,590.79,584.63,590.5,50032576
2024-11-21,593.4,595.12,587.45,593.67,46750285
2024-11-22,593.66,596.15,593.1525,595.51,38226390
2024-11-25,599.52,600.86,595.2,597.53,42441393
2024-11-26,598.8,601.33,598.07,600.65,45621288
2024-11-27,600.46,600.85,597.28,598.83,34000163
2024-11-29,599.66,603.35,599.3805,602.55,30177351
2024-12-02,602.97,604.32,602.47,603.63,31745989
2024-12-03,603.39,604.16,602.341,603.91,26906629
2024-12-04,605.63,607.91,604.95,607.66,42787561
2024-12-05,607.66,608.48,606.305,606.66,28762183
2024-12-06,607.44,609.07,607.02,607.81,31241549
2024-12-09,607.69,607.86,604.08,604.68,34742738
2024-12-10,605.37,605.8,602.13,602.8,37234515
2024-12-11,605.78,608.435,605.5,607.46,28677723
2024-12-12,606.58,607.16,604.33,604.33,31543812
2024-12-13,606.4,607.13,602.81,604.21,35904730
2024-12-16,606.0,607.7795,605.21,606.79,43695179
2024-12-17,604.19,605.17,602.885,604.29,55773545
2024-12-18,603.98,606.405,585.89,586.28,108248729
2024-12-19,591.36,593.0,585.85,584.13445,85919452
2024-12-20,581.77,595.75,580.91,591.15,125716674
2024-12-23,590.89,595.3,587.661,594.69,57635828
2024-12-24,596.06,601.34,595.47,601.3,33160097
2024-12-26,599.5,602.48,598.0825,601.34,41338891
2024-12-27,597.54,597.7761,590.7647,595.01,64969310
2024-12-30,587.89,591.74,584.41,588.22,56578757
2024-12-31,589.905,590.6399,584.42,586.08,57052654
2025-01-02,589.39,591.13,580.5,584.64,50203975
2025-01-03,587.53,592.6,586.43,591.95,37888459
2025-01-06,596.27,599.7,593.6,595.36,47679442
2025-01-07,597.42,597.75,586.78,588.63,60393052
2025-01-08,588.7,590.5799,585.195,589.49,47304672
2025-01-10,585.88,585.95,578.55,580.49,73105046
2025-01-13,575.77,581.75,575.35,581.39,47910060
2025-01-14,584.36,585.0,578.35,582.19,48420580
2025-01-15,590.325,593.94,589.195,592.78,56900159
2025-01-16,594.175,594.35,590.93,591.64,43319662
2025-01-17,596.96,599.36,595.61,597.58,58070628
2025-01-21,600.67,603.06,598.67,603.05,42532853
2025-01-22,605.92,607.82,605.36,606.44,48195973
2025-01-23,605.8,609.75,605.52,609.75,41152102
2025-01-24,609.81,610.78,606.8,607.97,34604693
2025-01-27,594.81,599.69,594.64,599.37,70361125
2025-01-28,600.62,605.37,597.25,604.52,44433322
2025-01-29,603.72,604.13,599.22,601.81,37177429
2025-01-30,603.96,606.6,600.715,605.04,39281255
2025-01-31,607.5,609.96,601.05,601.82,66671471
2025-02-03,592.67,600.29,590.49,597.77,65857248
2025-02-04,597.83,602.3,597.28,601.78,33457815
2025-02-05,600.64,604.37,598.58,604.22,30653149
2025-02-06,605.99,606.4525,602.63,606.32,35771503
2025-02-07,606.89,608.13,600.05,600.77,50788516
2025-02-10,604.03,605.4999,602.74,604.85,26048714
2025-02-11,602.55,605.86,602.43,605.31,30056740
2025-02-12,599.2,604.55,598.51,603.36,45076076
2025-02-13,604.48,609.94,603.2,609.73,40921297
2025-02-14,609.94,610.99,609.07,609.7,26910448
2025-02-18,610.88,611.49,608.38,611.49,26749030
2025-02-19,610.08,613.23,609.56,612.93,31011072
2025-02-20,611.54,611.684,607.02,610.38,36554002
2025-02-21,610.16,610.3,599.47,599.94,76519818
2025-02-24,602.02,603.03,596.49,597.21,50737213
2025-02-25,597.15,597.89,589.56,594.24,58266472
2025-02-26,595.93,599.58,591.8556,594.54,43321578
2025-02-27,596.85,598.02,584.65,585.05,74196664
2025-02-28,585.56,594.72,582.44,594.18,88744106
2025-03-03,596.18,597.34,579.9,583.77,74249199
2025-03-04,579.71,585.39,572.25,576.86,109648212
2025-03-05,576.69,584.88,573.0795,583.06,71230528
2025-03-06,575.48,580.1736,570.12,572.71,80094868
2025-03-07,570.9,577.39,565.63,575.92,81158816
2025-03-10,567.59,569.54,555.59,560.58,99326624
2025-03-11,559.4,564.02,552.02,555.92,88102109
2025-03-12,562.17,563.11,553.69,558.87,69588167
2025-03-13,558.49,559.105,549.68,551.42,74079414
2025-03-14,556.11,563.83,551.4917,562.81,62660321
2025-03-17,562.79,569.71,562.35,567.15,49008709
2025-03-18,564.8,565.02,559.06,561.02,66041422
2025-03-19,562.83,570.95,561.63,567.13,66555985
2025-03-20,563.33,570.57,562.6012,563.79447,62958195
2025-03-21,559.28,564.89,558.03,563.98,83762964
2025-03-24,570.8,575.15,570.2,574.08,58766795
2025-03-25,575.3,576.41,573.69,575.46,38355735
2025-03-26,575.19,576.33,567.19,568.59,52228898
2025-03-27,567.18,570.9,564.94,567.08,42164248
2025-03-28,565.53,566.2675,555.07,555.66,71662653
2025-03-31,549.83,560.7112,546.87,559.39,95328213
2025-04-01,557.45,562.94,553.68,560.97,54609641
2025-04-02,555.05,567.42,554.81,564.52,76014544
2025-04-03,545.11,547.97,536.7,536.7,125985998
2025-04-04,523.67,525.87,505.06,505.28,217965130
2025-04-07,489.19,523.17,481.8,504.38,256611360
2025-04-08,521.86,524.98,489.16,496.48,165816580
2025-04-09,493.44,548.62,493.05,548.62,241867320
2025-04-10,532.17,533.495,509.32,524.58,162331230
2025-04-11,523.01,536.43,520.07,533.94,97866334
2025-04-14,544.05,544.28,533.86,539.12,68033993
2025-04-15,539.675,543.23,536.81,537.61,56892874
2025-04-16,531.68,537.8854,520.29,525.66,83484814
2025-04-17,527.64,531.165,523.91,526.41,79868083
2025-04-21,521.16,521.7,508.46,513.88,69368129
2025-04-22,520.14,529.305,519.1925,527.25,75948117
2025-04-23,540.43,545.43,533.88,535.42,90590658
2025-04-24,536.715,547.43,535.4504,546.69,64150418
2025-04-25,546.65,551.05,543.69,550.64,61119590
2025-04-28,551.39,553.55,545.02,550.85,47613755
2025-04-29,548.91,555.45,548.55,554.32,47775121
2025-04-30,547.57,556.52,541.52,554.54,93101463
2025-05-01,560.37,564.0699,557.86,558.47,63186146
2025-05-02,564.73,568.38,562.38,566.76,60717270
2025-05-05,562.57,566.65,561.7,563.51,38659222
2025-05-06,557.93,563.3476,556.96,558.8,48264708
2025-05-07,560.15,563.82,556.04,561.15,55733229
2025-05-08,565.24,570.31,561.7,565.06,65130787
2025-05-09,566.48,567.5,562.7637,564.34,37603427
2025-05-12,581.47,583.0,577.04,582.99,78993570
2025-05-13,583.41,589.08,582.84,586.84,67947225
2025-05-14,587.81,588.98,585.535,587.59,66283531
2025-05-15,585.56,590.97,585.0969,590.46,71268145
2025-05-16,591.25,594.5,589.28,594.2,76052101
2025-05-19,588.1,595.54,588.1,594.85,68168509
2025-05-20,593.09,594.05,589.6,592.85,60614492
2025-05-21,588.44,592.58,581.82,582.86,95197657
2025-05-22,582.66,586.62,581.405,583.09,70860417
2025-05-23,575.98,581.8101,575.6,579.11,76029046
2025-05-27,586.07,591.31,578.43,591.15,72588475
2025-05-28,591.56,592.7688,586.985,587.73,68445512
2025-05-29,593.06,593.2,586.07,590.05,70073758
2025-05-30,588.93,591.1299,583.235,589.39,90601242
2025-06-02,587.76,592.79,585.06,592.71,61630502
2025-06-03,592.34,597.08,591.85,596.09,63606204
2025-06-04,596.96,597.95,595.49,595.93,57314199
2025-06-05,597.63,599.0,591.05,593.05,92436397
2025-06-06,598.66,600.83,596.86,599.14,66588743
2025-06-09,599.72,601.25,598.49,599.68,53016418
2025-06-10,600.22,603.47,599.09,603.08,66246973
2025-06-11,604.19,605.06,599.27,601.36,73658225
2025-06-12,600.01,603.75,599.52,603.75,64129003
2025-06-13,598.5,601.85,595.48,597.0,89505996
2025-06-16,600.4,604.45,600.22,602.68,79984125
2025-06-17,600.21,601.75,596.76,597.53,82209365
2025-06-18,598.44,601.22,596.47,595.67888,76605029
2025-06-20,598.38,599.46,592.86,594.28,94051374
2025-06-23,595.04,600.54,591.89,600.15,87426039
2025-06-24,604.33,607.8499,603.41,606.78,67735293
2025-06-25,607.91,608.61,605.54,607.12,62114767
2025-06-26,608.99,612.31,608.37,611.87,78548361
2025-06-27,612.88,616.39,610.83,614.91,86258398
2025-06-30,617.38,619.22,615.04,617.85,92502541
2025-07-01,616.36,618.83,615.52,617.65,70030140
2025-07-02,617.24,620.49,616.61,620.45,66510374
2025-07-03,622.45,626.28,622.43,625.34,51065789
2025-07-07,623.36,624.03,617.87,620.68,74814505
2025-07-08,621.35,622.11,619.52,620.34,59024585
2025-07-09,622.77,624.72,620.9105,624.06,66113326
2025-07-10,624.2,626.8701,623.01,625.82,57528960
2025-07-11,622.74,624.86,621.53,623.62,63670226
2025-07-14,623.16,625.1581,621.7999,624.81,51898518
2025-07-15,627.52,627.86,622.06,622.14,74317260
2025-07-16,623.74,624.73,618.05,624.22,88987511
2025-07-17,624.4,628.4048,624.18,628.04,68885683
2025-07-18,629.3,629.47,626.46,627.58,65621645
2025-07-21,628.77,631.54,628.34,628.77,63374984
2025-07-22,629.1,629.73,626.19,628.86,60046288
2025-07-23,631.55,634.21,629.73,634.21,70511036
2025-07-24,634.6,636.15,633.99,634.42,71307134
2025-07-25,635.09,637.5799,634.84,637.1,56865364
2025-07-28,637.48,638.04,635.54,636.94,54917102
2025-07-29,638.35,638.67,634.335,635.26,60556278
2025-07-30,635.92,637.68,631.54,634.46,80418851
2025-07-31,639.455,639.85,630.765,632.08,103385246
2025-08-01,626.3,626.34,619.29,621.72,140103570
2025-08-04,625.67,631.215,625.58,631.17,73218015
2025-08-05,631.79,632.6052,627.04,627.97,68051401
2025-08-06,629.05,633.44,628.13,632.78,64357525
2025-08-07,636.24,636.98,629.11,632.25,74205791
2025-08-08,634.06,637.645,633.74,637.18,64051626
2025-08-11,637.46,638.95,634.66,635.92,58742300
2025-08-12,638.29,642.85,636.79,642.69,64821798
2025-08-13,644.91,646.19,642.68,644.89,60092790
2025-08-14,642.79,645.62,642.34,644.95,59327466
2025-08-15,645.99,646.09,642.5153,643.44,68592507
2025-08-18,642.86,644.0,642.18,643.3,43804914
2025-08-19,643.12,644.105,638.48,639.81,69750731
2025-08-20,639.4,639.66,632.95,638.11,88890298
2025-08-21,636.28,637.97,633.81,635.55,54805775
2025-08-22,637.76,646.5,637.25,645.31,84083214
2025-08-25,644.04,645.29,642.35,642.47,51274332
2025-08-26,642.2,645.51,641.57,645.16,51581565
2025-08-27,644.57,647.37,644.42,646.63,48341069
2025-08-28,647.24,649.48,645.34,648.92,61519461
2025-08-29,647.47,647.84,643.14,645.05,74522192
2025-09-02,637.5,640.49,634.92,640.27,81983545
2025-09-03,642.67,644.21,640.46,643.74,70820898
2025-09-04,644.42,649.15,643.51,649.12,65219228
2025-09-05,651.48,652.21,643.33,647.24,85178935
2025-09-08,648.62,649.84,647.23,648.83,63133104
2025-09-09,648.97,650.86,647.22,650.33,66133856
2025-09-10,653.62,654.55,650.63,652.21,78034529
2025-09-11,654.18,658.33,653.59,657.63,69934360
2025-09-12,657.6,659.11,656.9,657.41,72780135
2025-09-15,659.64,661.04,659.34,660.91,63772412
2025-09-16,661.47,661.78,659.21,660.0,61168953
2025-09-17,660.01,661.72,654.3,659.18,101952244
2025-09-18,661.89,664.89,660.27,660.42889,90459242
2025-09-19,662.33,664.55,660.37,663.7,97945620
2025-09-22,662.2,667.29,662.17,666.84,69452201
2025-09-23,666.72,667.34,661.98,663.21,81708872
2025-09-24,664.51,664.61,659.67,661.1,68082229
2025-09-25,657.94,659.4056,654.405,658.05,89622067
2025-09-26,659.51,662.37,657.88,661.82,69179209
2025-09-29,664.36,665.28,661.86,663.68,73499015
2025-09-30,662.93,666.65,661.61,666.18,86288028
2025-10-01,663.17,669.37,663.06,668.45,72545369
2025-10-02,670.45,670.565,666.78,669.22,56895993
2025-10-03,669.99,672.675,668.16,669.21,70494350
2025-10-06,671.62,672.51,669.455,671.61,54623260
2025-10-07,672.54,672.99,667.67,669.12,72020067
2025-10-08,670.25,673.2056,669.42,673.11,60702241
2025-10-09,673.53,673.94,669.21,671.16,66501941
2025-10-10,672.13,673.95,652.84,653.02,159422590
2025-10-13,660.65,665.13,659.7679,663.04,79560517
2025-10-14,657.17,665.83,653.17,662.23,88779560
2025-10-15,666.82,670.23,658.93,665.17,81702555
2025-10-16,666.82,668.71,657.11,660.64,110563346
2025-10-17,659.5,665.755,658.14,664.39,96500870
2025-10-20,667.32,672.21,667.27,671.3,60493350
2025-10-21,671.44,672.99,669.981,671.29,56249034
2025-10-22,672.0,672.0,663.3,667.8,80564006
2025-10-23,668.12,672.7101,667.8,671.76,65604461
2025-10-24,676.46,678.47,675.65,677.25,74356527
2025-10-27,682.73,685.54,682.115,685.24,63339790
2025-10-28,687.05,688.905,684.83,687.06,61738073
2025-10-29,688.72,689.7,682.87,687.39,85362207
2025-10-30,683.9,685.94,679.83,679.83,76335751
2025-10-31,685.04,685.08,679.24,682.06,87164122
2025-11-03,685.67,685.8,679.94,683.34,57315025
2025-11-04,676.11,679.96,674.58,675.24,78426969
2025-11-05,674.98,680.86,674.17,677.58,74402376
2025-11-06,676.47,677.38,668.72,670.31,85035298
2025-11-07,667.91,671.08,661.205,670.97,468415
2025-11-10,677.235,682.18,675.03,681.44,75842888
2025-11-11,679.95,683.57,678.73,683.0,58953385
2025-11-12,684.79,684.96,680.945,683.38,62312484
2025-11-13,680.5,680.86,670.52,672.04,103457788
2025-11-14,665.38,675.66,663.265,671.93,96846672
2025-11-17,669.7,673.71,662.17,665.67,90456105
2025-11-18,662.095,665.12,655.86,660.08,114467488
2025-11-19,660.78,667.34,658.745,662.63,94702955
2025-11-20,672.91,675.56,651.89,652.53,165293520
2025-11-21,655.05,664.55,650.85,659.03,123956203
2025-11-24,662.69,670.06,661.59,668.73,80437940
2025-11-25,668.63,676.21,664.48,675.02,81077088
2025-11-26,677.63,681.7,676.72,679.68,71879597
2025-11-28,680.86,683.665,680.5,683.39,49212030
2025-12-01,678.81,682.99,678.74,680.27,61201193
2025-12-02,681.92,683.82,679.3275,681.53,62953844
2025-12-03,680.57,684.91,679.69,683.89,57238481
2025-12-04,685.3,685.37,681.34,684.39,61970336
2025-12-05,685.47,688.39,684.58,685.69,79241045
2025-12-08,686.59,686.64,681.57,683.63,55231462
2025-12-09,683.15,685.385,682.59,683.04,58310055
2025-12-10,682.56,688.97,681.31,687.57,85671334
2025-12-11,685.14,689.25,682.165,689.17,86173678
2025-12-12,688.17,688.88,679.1744,681.76,113160347
2025-12-15,685.74,685.76,679.25,680.73,90810952
2025-12-16,679.23,681.08,674.98,678.87,122030631
2025-12-17,679.89,680.435,671.195,671.4,110625198
2025-12-18,677.6,680.74,674.9,674.47663,108650128
2025-12-19,676.59,681.09,676.47,680.59,103599543
2025-12-22,683.94,685.36,680.5868,684.83,69556733
2025-12-23,683.92,688.2,683.87,687.96,64839951
2025-12-24,687.95,690.83,687.8,690.38,39445560
2025-12-26,690.64,691.66,689.27,690.31,41613347
2025-12-29,687.54,689.2,686.07,687.85,62559503
2025-12-30,687.445,688.555,686.58,687.01,47160671
2025-12-31,687.14,687.36,681.71,681.92,74144801
2026-01-02,685.71,686.87,679.82,683.17,89377203
2026-01-05,686.54,689.43,686.375,687.72,71927191
2026-01-06,687.93,692.315,687.78,691.81,69273827
2026-01-07,692.19,693.96,689.32,689.58,75588337
2026-01-08,688.82,690.615,687.49,689.51,64019200
2026-01-09,690.63,695.31,689.18,694.07,80125467
2026-01-12,690.68,696.09,690.63,695.16,63976002
2026-01-13,695.49,696.09,691.35,693.77,78309726
2026-01-14,691.0,691.72,686.04,690.36,94676684
2026-01-15,694.57,695.45,691.25,692.24,77861974
2026-01-16,693.66,694.25,690.1,691.66,79289200
2026-01-20,681.49,684.77,676.57,677.58,111623277
2026-01-21,679.65,688.735,678.13,685.4,127844467
2026-01-22,689.85,691.125,686.92,688.98,77112243
2026-01-23,688.15,690.96,687.16,689.23,63059578
2026-01-26,690.49,694.13,689.92,692.73,60473813
2026-01-27,694.18,696.53,693.57,695.49,55506147
2026-01-28,697.05,697.84,693.94,695.42,61172165
2026-01-29,696.39,697.06,684.83,694.04,97486198
2026-01-30,691.79,694.21,687.12,691.97,101835131
2026-02-02,689.58,696.93,681.9,695.41,79286521
2026-02-03,696.21,696.96,684.03,689.53,107904611
2026-02-04,690.35,691.45,681.76,686.19,105204600
2026-02-05,680.94,683.69,675.79,677.62,113610812
2026-02-06,681.46,692.31,680.85,690.62,89127566
2026-02-09,689.42,695.87,688.34,693.95,73885192
2026-02-10,694.95,696.54,691.66,692.12,65185725
2026-02-11,696.39,697.14,689.18,691.96,76353872
2026-02-12,694.24,695.35,680.37,681.27,118828963
2026-02-13,681.69,686.28,677.52,681.75,96267487
2026-02-17,680.14,684.94,675.78,682.85,81354660
2026-02-18,684.02,689.15,682.83,686.29,73570341
2026-02-19,683.84,686.18,681.5475,684.48,58649363
2026-02-20,682.32,690.06,681.73,689.43,100033986
2026-02-23,687.83,690.0,680.371,682.39,90558087
2026-02-24,681.9,688.35,680.0,687.35,73798727
2026-02-25,690.18,693.68,690.1,693.15,56369479
2026-02-26,693.28,693.3,684.35,689.3,71670990
2026-02-27,683.09,686.86,681.64,685.99,83308869
2026-03-02,678.7,688.62,678.02,686.38,87477199
2026-03-03,675.06,682.61,669.66,680.33,105003113
2026-03-04,681.63,687.09,679.62,685.13,79182245
2026-03-05,682.08,685.53,675.61,681.31,106606465
2026-03-06,673.41,676.11,669.76,672.38,100686951
2026-03-09,666.39,679.92,662.39,678.27,102667711
2026-03-10,677.72,683.36,674.76,677.18,81505316
2026-03-11,677.58,680.08,673.34,676.33,68441672
2026-03-12,671.16,671.65,665.87,666.06,108882247
2026-03-13,669.27,672.335,661.36,662.29,97200242
2026-03-16,668.38,672.07,667.12,669.03,82023130
2026-03-17,672.39,674.44,669.7,670.79,87128045
2026-03-18,668.36,669.72,661.19,661.43,82062577
2026-03-19,656.97,662.98,655.17,658.003,111272539
2026-03-20,656.51,656.69,644.72,648.57,163617520
2026-03-23,658.07,662.615,653.94,655.38,134802730
2026-03-24,651.32,657.03,649.88,653.18,96457478
2026-03-25,658.67,660.89,654.24,656.82,90653787
2026-03-26,652.06,654.85,644.82,645.09,96494375
2026-03-27,642.5,642.66,633.105,634.09,103649369
2026-03-30,640.11,640.37,629.28,631.97,99275851
2026-03-31,638.94,651.54,637.98,650.34,152534100
2026-04-01,653.9,658.52,653.0,655.24,97841472
2026-04-02,646.42,658.2,645.11,655.83,68358714
2026-04-06,655.86,659.72,655.52,658.93,39105759
2026-04-07,656.65,659.61,651.06,659.22,69980362
2026-04-08,676.39,677.08,671.46,676.01,93606115
2026-04-09,674.84,681.16,673.77,679.91,57134445
2026-04-10,681.32,682.03,678.45,679.46,42253457
2026-04-13,677.41,686.3,676.58,686.1,54185820
2026-04-14,687.69,694.58,687.66,694.46,63480529
2026-04-15,695.26,700.28,694.2,699.94,58240384
2026-04-16,701.06,702.78,698.53,701.66,49972364
2026-04-17,706.14,712.39,705.76,710.14,70661927
2026-04-20,708.78,709.91,706.14,708.72,43546812
2026-04-21,710.28,711.275,702.64,704.08,58941385
2026-04-22,709.15,711.45,708.22,711.21,42518498
2026-04-23,709.5,712.3598,702.2803,708.45,56173991
2026-04-24,710.75,714.47,709.01,713.94,45181957
2026-04-27,713.17,715.63,712.295,715.17,33135943
2026-04-28,711.815,712.88,709.25,711.69,43117437
2026-04-29,711.0,712.2,708.37,711.58,41859228
2026-04-30,714.63,719.79,710.445,718.66,67240949
2026-05-01,721.25,724.87,720.47,720.65,43049849
2026-05-04,720.07,722.12,714.99,718.01,51950559
2026-05-05,721.77,725.04,721.4898,723.77,36933226
2026-05-06,728.16,734.59,727.82,733.83,53288941
2026-05-07,735.05,736.13,729.75,731.58,51724643
2026-05-08,734.93,738.08,734.57,737.62,47227085
2026-05-11,736.45,740.79,736.45,739.3,44023952
2026-05-12,736.89,738.84,731.83,738.18,54185274
2026-05-13,738.47,743.91,735.47,742.31,44200203
2026-05-14,743.65,749.53,743.56,748.17,45307604
2026-05-15,741.79,743.46,737.96,739.17,60410772
2026-05-18,739.83,741.415,733.39,738.65,47843866
2026-05-19,734.78,737.65,731.53,733.73,54255914
2026-05-20,735.71,741.87,733.89,741.25,45768036
2026-05-21,738.64,744.87,737.03,742.72,43332226
2026-05-22,746.24,748.94,744.48,745.64,41762007
2026-05-26,750.01,752.13,748.37,750.59,41123621
2026-05-27,750.88,751.38,748.22,750.46,42106286
2026-05-28,750.25,755.15,749.23,754.6,41562563
2026-05-29,755.9,758.08,754.69,756.48,55075739
2026-06-01,755.36,760.28,754.69,758.54,43634933
2026-06-02,757.03,760.4,756.75,759.57,31581852
2026-06-03,758.15,758.8,753.57,754.24,51402518
2026-06-04,752.1,758.31,751.47,757.09,49923036
2026-06-05,752.31,752.82,735.525,737.55,93989416
2026-06-08,743.36,745.34,738.19,739.22,49319144
2026-06-09,743.63,746.9,722.59,737.05,87683517
2026-06-10,733.39,738.38,725.33,725.43,60341350
2026-06-11,728.76,740.0,724.405,737.76,86330522
2026-06-12,740.71,744.44,735.03,741.75,57079533
2026-06-15,751.85,756.68,751.76,754.83,60176425
2026-06-16,754.55,755.44,749.88,750.33,67093143
2026-06-17,751.29,752.15,739.22,739.05648,85945227
2026-06-18,747.76,748.23,743.86,746.74,80875658
2026-06-22,747.7,750.18,743.13,744.39,46628075
2026-06-23,733.81,739.63,732.3,733.58,66846780
2026-06-24,735.17,739.945,730.84,733.24,57439508
2026-06-25,738.91,739.37,729.6,734.3,54128065
2026-06-26,728.945,736.53,716.58,728.99,71033970
2026-06-29,736.525,741.56,732.09,741.0,58035229
2026-06-30,741.29,748.02,740.89,746.77,55626035
2026-07-01,745.0,749.435,742.375,745.76,47100879
2026-07-02,747.4,751.31,740.03,744.78,57505954
2026-07-06,748.74,752.41,747.41,751.28,50673311
2026-07-07,750.22,750.96,745.21,747.71,43721494
2026-07-08,743.16,746.15,739.51,745.4,43767393
2026-07-09,747.35,751.97,745.59,751.71,41441718
2026-07-10,752.05,755.42,748.1,754.95,42191313
2026-07-13,752.47,753.9105,748.0,749.17,44013628
2026-07-14,750.91,753.34,748.66,751.83,35143139
2026-07-15,754.24,755.58,750.2,754.81,43844769
2026-07-16,752.76,754.57,747.88,750.72,46409814
2026-07-17,742.08,747.29,740.8,743.29,62650962
2026-07-20,747.06,748.73,741.5103,742.09,50422325
2026-07-21,746.29,749.04,744.18,748.28,34324262
2026-07-22,746.62,750.02,746.37,747.41,32836200
2026-07-23,739.37,742.56,735.21,738.18,55437332
2026-07-24,738.51,743.72,737.29,738.93,44781984
2026-07-27,744.91,745.53,735.87,739.09,41461194
2026-07-28,739.19,742.7901,735.98,740.86,47322248
2026-07-29,739.97,742.68,729.1,729.46,70697216
2026-07-30,736.05,742.45,734.59,741.69,66811269
2026-07-31,744.68,748.895,737.68,747.03,62445899
2026-08-03,749.44,758.58,748.8,757.67,59927538
2026-08-04,760.63,773.41,760.52,771.33,69154788
2026-08-05,775.85,776.85,769.51,769.79,44689082
2026-08-06,770.21,771.82,767.46,768.56,38416897
2026-08-07,771.02,773.915,769.61,773.26,43586333
2026-08-10,772.6,775.05,771.62,773.03,39249479
2026-08-11,774.53,774.61,769.2,770.56,36740555
2026-08-12,774.71,774.9,771.28,772.49,33179126
2026-08-13,774.87,779.37,774.111,777.88,35634483
2026-08-14,778.54,778.8,775.4301,776.34,31367914
2026-08-17,776.18,776.775,772.51,772.67,34356577
2026-08-18,768.7,769.5,766.92,767.45,43920909
2026-08-19,770.36,772.47,768.1,769.06,40306024
2026-08-20,765.96,768.15,762.04,762.6,45520303
2026-08-21,766.05,767.85,764.17,765.72,39188673
2026-08-24,764.78,765.22,762.08,763.47,32430886
2026-08-25,766.16,766.78,763.0501,765.91,27422264
2026-08-26,764.73,767.35,763.93,766.08,28751593
2026-08-27,768.5,772.355,767.16,771.1,34557064
2026-08-28,771.76,775.3,768.3076,769.35,36744344
2026-08-31,767.33,767.995,764.715,767.05,38810780
2026-09-01,762.01,764.67,759.48,761.78,41126315
2026-09-02,762.45,766.43,761.73,765.16,29566216
2026-09-03,767.9,774.03,767.45,773.17,43531582
2026-09-04,772.01,772.87,769.0,770.19,34054199
