date,open,high,low,close,volume
2015-01-02,2.059375,2.086042,1.9825,2.013542,122227968
2015-01-05,1.984375,1.991667,1.90625,1.922917,127017984
2015-01-06,1.929792,1.94104,1.820208,1.846667,168643340
2015-01-07,1.881875,1.93,1.869167,1.917708,137466050
2015-01-08,1.967083,2.038542,1.960417,2.027083,144937920
2015-01-09,2.046042,2.048333,1.952292,1.986042,181421180
2015-01-12,1.999375,2.004583,1.909167,1.925,165252140
2015-01-13,1.979375,2.04125,1.877083,1.923333,199707650
2015-01-14,1.862292,1.919375,1.840417,1.89375,216149810
2015-01-15,1.915417,1.926042,1.810625,1.818542,196011550
2015-01-16,1.809583,1.887831,1.800625,1.883333,141798290
2015-01-20,1.915,1.938958,1.850854,1.925,141894000
2015-01-21,1.9075,1.980833,1.888335,1.954479,133531920
2015-01-22,1.979167,2.06875,1.926667,2.063333,162656880
2015-01-23,2.063333,2.095625,2.044583,2.077083,142358210
2015-01-26,2.070833,2.081242,2.037917,2.0725,100806096
2015-01-27,1.973958,1.975208,1.888333,1.912083,223987100
2015-01-28,1.999792,2.00625,1.877917,1.879167,188928960
2015-01-29,1.874167,1.942904,1.825,1.933542,176558160
2015-01-30,1.926875,1.971875,1.880417,1.889167,218220190
2015-02-02,1.899375,1.941667,1.812104,1.93875,198843980
2015-02-03,1.955,1.996458,1.920383,1.991667,182330640
2015-02-04,1.966667,2.026667,1.954583,1.986458,124631280
2015-02-05,2.000625,2.041875,1.988333,2.039167,100326720
2015-02-06,2.047917,2.061458,1.979794,2.002083,123527808
2015-02-09,1.978125,2.009583,1.967708,1.98,95793456
2015-02-10,2.016458,2.082292,2.005417,2.074792,119253888
2015-02-11,2.082292,2.110833,2.069583,2.098125,121853184
2015-02-12,2.135833,2.172292,2.128542,2.171458,153098540
2015-02-13,2.18875,2.226715,2.177083,2.22625,120898320
2015-02-17,2.225833,2.236042,2.209792,2.232292,82725792
2015-02-18,2.224792,2.244583,2.214583,2.241875,70479600
2015-02-19,2.236458,2.278958,2.235417,2.275625,75589584
2015-02-20,2.270208,2.323958,2.248719,2.319375,90773856
2015-02-23,2.317917,2.32875,2.301458,2.328542,78973296
2015-02-24,2.318333,2.340206,2.297292,2.333333,104602896
2015-02-25,2.321042,2.348542,2.299375,2.314583,112550832
2015-02-26,2.32125,2.3528,2.302083,2.349792,116337024
2015-02-27,2.347083,2.35125,2.307462,2.31875,88788816
2015-03-02,2.33125,2.383125,2.330208,2.38125,89046576
2015-03-03,2.360417,2.366875,2.302867,2.347083,128388768
2015-03-04,2.324792,2.334344,2.281875,2.321042,116638800
2015-03-05,2.33875,2.353125,2.304229,2.33125,92344800
2015-03-06,2.324583,2.33725,2.235158,2.251042,149726450
2015-03-09,2.267083,2.28875,2.238542,2.272708,113269296
2015-03-10,2.222708,2.223958,2.145833,2.146875,191965300
2015-03-11,2.152708,2.162708,2.10625,2.109167,223152960
2015-03-12,2.103125,2.157292,2.099375,2.149583,122388480
2015-03-13,2.143958,2.169373,2.081667,2.121875,198116350
2015-03-16,2.145417,2.204167,2.138335,2.203125,114957792
2015-03-17,2.184167,2.223956,2.169792,2.215417,97360896
2015-03-18,2.196458,2.30875,2.161458,2.279167,167823940
2015-03-19,2.287083,2.307292,2.276042,2.290208,111385200
2015-03-20,2.344792,2.367292,2.332708,2.337708,104813616
2015-03-23,2.330312,2.348958,2.317917,2.318125,99235968
2015-03-24,2.317708,2.350833,2.293333,2.294583,92982432
2015-03-25,2.306458,2.310117,2.134375,2.134375,175884000
2015-03-26,2.084167,2.150625,2.062625,2.116875,196557790
2015-03-27,2.112708,2.154583,2.103958,2.137292,98543616
2015-03-30,2.180417,2.218333,2.178958,2.214167,151214210
2015-03-31,2.193958,2.208125,2.14145,2.145625,124507968
2015-04-01,2.142708,2.142708,2.067708,2.109375,175875700
2015-04-02,2.113542,2.133333,2.092708,2.112917,110576544
2015-04-06,2.074792,2.182081,2.066144,2.16375,150946800
2015-04-07,2.161042,2.208333,2.153542,2.15375,114689808
2015-04-08,2.155417,2.213542,2.154583,2.205,169141150
2015-04-09,2.202917,2.247708,2.178958,2.246042,110927664
2015-04-10,2.245625,2.27375,2.228958,2.272917,113383920
2015-04-13,2.278958,2.312917,2.248125,2.256042,115200528
2015-04-14,2.251042,2.267923,2.198542,2.236667,168973920
2015-04-15,2.255833,2.2925,2.245833,2.27625,95357472
2015-04-16,2.260833,2.280417,2.250208,2.268333,90888240
2015-04-17,2.20375,2.222262,2.13375,2.162292,186428020
2015-04-20,2.195625,2.270625,2.192083,2.258958,142194720
2015-04-21,2.299167,2.31,2.280417,2.287917,127387248
2015-04-22,2.305625,2.336458,2.261875,2.325,121915536
2015-04-23,2.302917,2.382917,2.300625,2.352917,131002848
2015-04-24,2.425417,2.456875,2.414979,2.445,142416000
2015-04-27,2.475,2.488125,2.413125,2.429375,161157740
2015-04-28,2.434167,2.447917,2.353125,2.413542,171751820
2015-04-29,2.373125,2.415415,2.329375,2.3675,193951390
2015-04-30,2.328125,2.357292,2.221042,2.25625,308169980
2015-05-01,2.282083,2.349583,2.28125,2.3475,190011740
2015-05-04,2.366875,2.400625,2.353125,2.355833,131970096
2015-05-05,2.329375,2.342292,2.238542,2.244167,280692620
2015-05-06,2.253542,2.272917,2.150208,2.19625,213398500
2015-05-07,2.193958,2.2525,2.188333,2.233958,168618960
2015-05-08,2.303333,2.332292,2.292917,2.315833,178377360
2015-05-11,2.322292,2.336665,2.285833,2.290417,139027870
2015-05-12,2.249375,2.293958,2.198125,2.260833,190334690
2015-05-13,2.290208,2.324167,2.263125,2.2725,132500160
2015-05-14,2.329375,2.377917,2.303342,2.373125,176830990
2015-05-15,2.391875,2.400417,2.355,2.372917,146505220
2015-05-18,2.36125,2.416917,2.355417,2.402083,110587392
2015-05-19,2.411458,2.421667,2.383958,2.395208,98578512
2015-05-20,2.400625,2.442292,2.361875,2.399167,111263760
2015-05-21,2.3875,2.446042,2.376667,2.436875,92223936
2015-05-22,2.428542,2.455625,2.42375,2.430208,79817904
2015-05-26,2.412917,2.422917,2.317083,2.346042,140457020
2015-05-27,2.366458,2.46625,2.351875,2.458958,134287870
2015-05-28,2.443958,2.46125,2.419375,2.440833,90645264
2015-05-29,2.436667,2.447292,2.381667,2.399583,106059552
2015-06-01,2.437292,2.441458,2.363333,2.420625,137157650
2015-06-02,2.395208,2.434375,2.359794,2.398542,131460912
2015-06-03,2.432708,2.4475,2.402917,2.419583,117066432
2015-06-04,2.38,2.425327,2.342917,2.366875,185704700
2015-06-05,2.356458,2.373125,2.305625,2.348958,138590500
2015-06-08,2.344375,2.35,2.262708,2.277083,144421440
2015-06-09,2.260417,2.289583,2.213958,2.265833,152998560
2015-06-10,2.287917,2.3775,2.280833,2.355625,154767600
2015-06-11,2.380833,2.400625,2.355625,2.368542,117081744
2015-06-12,2.329792,2.344792,2.300654,2.308333,120896016
2015-06-15,2.257917,2.286042,2.218333,2.276458,200883940
2015-06-16,2.26625,2.323125,2.264583,2.31125,101267280
2015-06-17,2.323958,2.353542,2.286458,2.330625,168388560
2015-06-18,2.350208,2.444167,2.34875,2.429167,162628080
2015-06-19,2.436042,2.4425,2.392083,2.392083,84628896
2015-06-22,2.449792,2.471458,2.433542,2.449792,131716896
2015-06-23,2.458333,2.4625,2.424792,2.455833,114906480
2015-06-24,2.446458,2.4775,2.415875,2.418125,84901440
2015-06-25,2.445208,2.452679,2.391042,2.402292,85203024
2015-06-26,2.400208,2.417708,2.328333,2.357708,131902464
2015-06-29,2.274583,2.316667,2.186479,2.191042,273742900
2015-06-30,2.236667,2.251042,2.191458,2.216042,176794420
2015-07-01,2.276042,2.290417,2.233333,2.261458,141624190
2015-07-02,2.281875,2.289094,2.245208,2.27,105524640
2015-07-06,2.223125,2.28854,2.208333,2.250833,131808144
2015-07-07,2.257292,2.272917,2.133542,2.262292,250328740
2015-07-08,2.217292,2.225833,2.135833,2.148958,184881940
2015-07-09,2.235625,2.237915,2.142708,2.142708,125260320
2015-07-10,2.225,2.266667,2.205833,2.242292,123259632
2015-07-13,2.298958,2.365833,2.298542,2.356875,104859600
2015-07-14,2.370208,2.42515,2.366458,2.404167,102199344
2015-07-15,2.417917,2.441667,2.393333,2.415625,119141664
2015-07-16,2.473958,2.516667,2.459167,2.51,139678700
2015-07-17,2.576042,2.625,2.564375,2.624792,143328000
2015-07-20,2.646667,2.682917,2.619583,2.654167,95889552
2015-07-21,2.658333,2.668896,2.625833,2.646875,87410160
2015-07-22,2.527917,2.596875,2.5275,2.56,108386928
2015-07-23,2.5675,2.59125,2.510417,2.529375,96783648
2015-07-24,2.568958,2.574792,2.445417,2.4575,106471584
2015-07-27,2.41375,2.445521,2.379167,2.394375,120623616
2015-07-28,2.428542,2.471042,2.369375,2.4575,155597660
2015-07-29,2.471875,2.500625,2.444167,2.485,121737024
2015-07-30,2.467292,2.531667,2.422917,2.519583,137044460
2015-07-31,2.542708,2.546875,2.494583,2.511875,109037472
2015-08-03,2.513333,2.532458,2.4375,2.48875,147736130
2015-08-04,2.481667,2.49625,2.441252,2.472708,141349490
2015-08-05,2.51375,2.57875,2.505625,2.530625,127410672
2015-08-06,2.535625,2.546667,2.374375,2.409167,175293600
2015-08-07,2.390625,2.416042,2.339167,2.399583,160174510
2015-08-10,2.444792,2.496667,2.444792,2.480625,133803840
2015-08-11,2.440625,2.470208,2.345417,2.386042,173291380
2015-08-12,2.337917,2.424375,2.260208,2.407083,224346140
2015-08-13,2.416667,2.451042,2.3825,2.39625,140659970
2015-08-14,2.380208,2.41875,2.367083,2.409167,145980340
2015-08-17,2.390625,2.470208,2.372917,2.468333,125355120
2015-08-18,2.454375,2.464583,2.42125,2.428958,109000128
2015-08-19,2.40625,2.446667,2.340833,2.383333,235517860
2015-08-20,2.316667,2.338871,2.183542,2.187083,300019200
2015-08-21,2.09375,2.146875,1.915,1.915,380291810
2015-08-24,1.5635417,1.905833,1.3604792,1.688125,392718820
2015-08-25,1.864583,1.898542,1.6583333,1.6658333,289666220
2015-08-26,1.808125,1.920208,1.701458,1.90625,285020160
2015-08-27,1.995833,2.059375,1.923542,2.055208,485954210
2015-08-28,2.0225,2.075,2.009167,2.053542,214095600
2015-08-31,2.019792,2.053125,1.9625,1.977292,206870300
2015-09-01,1.82875,1.919375,1.767292,1.797917,313862160
2015-09-02,1.889167,1.944167,1.826896,1.944167,180279070
2015-09-03,1.967917,2.005833,1.898333,1.912083,223225680
2015-09-04,1.835417,1.884065,1.814375,1.848125,279644020
2015-09-08,1.952917,2.009375,1.929792,2.005,225350540
2015-09-09,2.07375,2.074792,1.919167,1.935208,281285090
2015-09-10,1.927292,2.036042,1.92045,1.997083,247163710
2015-09-11,1.970417,2.029375,1.953125,2.029375,189717890
2015-09-14,2.052083,2.052708,1.989167,2.01125,176665200
2015-09-15,2.02625,2.101875,2.004152,2.081458,152652770
2015-09-16,2.085625,2.123958,2.0625,2.11625,140414540
2015-09-17,2.113958,2.215625,2.09375,2.122083,242359970
2015-09-18,2.024792,2.104583,2.02015,2.032292,272341870
2015-09-21,2.063333,2.099167,1.994792,2.049583,200311780
2015-09-22,1.954792,1.977083,1.901667,1.959167,283796780
2015-09-23,1.972917,1.988333,1.93125,1.962292,223760590
2015-09-24,1.904375,1.962083,1.854167,1.939583,293835360
2015-09-25,2.005417,2.008125,1.854792,1.8925,283822080
2015-09-28,1.86625,1.869583,1.71271,1.729375,360056210
2015-09-29,1.741875,1.794792,1.665,1.70375,365752320
2015-09-30,1.774583,1.825,1.754167,1.816458,333865680
2015-10-01,1.827917,1.843125,1.755833,1.841875,219266260
2015-10-02,1.767917,1.939792,1.75,1.9375,317405860
2015-10-05,1.982708,2.038333,1.970062,2.025833,208152530
2015-10-06,2.011042,2.02875,1.946458,1.996875,230120020
2015-10-07,2.0325,2.043125,1.953333,2.028958,253109330
2015-10-08,2.007292,2.064583,1.948125,2.05375,291874460
2015-10-09,2.056458,2.09375,2.04015,2.07875,175222940
2015-10-12,2.094583,2.108542,2.071458,2.09625,152537900
2015-10-13,2.060417,2.124458,2.05,2.055208,212964000
2015-10-14,2.055833,2.086875,2.02,2.046458,183332930
2015-10-15,2.068542,2.146875,2.060625,2.146458,214570320
2015-10-16,2.160625,2.177083,2.129229,2.173125,132641376
2015-10-19,2.163125,2.215625,2.151042,2.212083,163621340
2015-10-20,2.19875,2.213542,2.154583,2.175417,145253760
2015-10-21,2.209583,2.215867,2.134167,2.140417,176493980
2015-10-22,2.193958,2.272708,2.175625,2.267292,259751470
2015-10-23,2.450208,2.485625,2.413542,2.455833,204059230
2015-10-26,2.452708,2.476667,2.425,2.463125,119888448
2015-10-27,2.443125,2.487937,2.441042,2.479167,104463360
2015-10-28,2.490417,2.538333,2.428908,2.536667,208959550
2015-10-29,2.50375,2.539583,2.496458,2.527292,99827952
2015-10-30,2.530625,2.54375,2.4925,2.492708,120071616
2015-11-02,2.51125,2.586042,2.497292,2.577708,110602560
2015-11-03,2.561875,2.63199,2.55,2.602292,123623376
2015-11-04,2.628125,2.635417,2.572292,2.603333,145832020
2015-11-05,2.61125,2.630417,2.542917,2.580417,142251940
2015-11-06,2.569583,2.597292,2.518554,2.588958,136249780
2015-11-09,2.558958,2.569333,2.457919,2.505625,151317020
2015-11-10,2.465625,2.493125,2.44375,2.487917,98719296
2015-11-11,2.506875,2.542708,2.464479,2.476875,100831056
2015-11-12,2.445,2.482292,2.399583,2.405,137927710
2015-11-13,2.374792,2.381771,2.259583,2.263542,197695540
2015-11-16,2.256042,2.361458,2.24025,2.357917,185545150
2015-11-17,2.372292,2.415833,2.346875,2.366042,221415890
2015-11-18,2.392708,2.508333,2.386354,2.501667,196278580
2015-11-19,2.505833,2.540442,2.4925,2.505417,103960656
2015-11-20,2.540417,2.5625,2.534152,2.555208,101996640
2015-11-23,2.558333,2.5875,2.502292,2.534583,112878912
2015-11-24,2.485417,2.545625,2.446458,2.526667,132494592
2015-11-25,2.536458,2.548333,2.51875,2.532292,55979472
2015-11-27,2.550417,2.56,2.51875,2.541458,27242352
2015-11-30,2.566875,2.567229,2.500417,2.525417,93274560
2015-12-01,2.55375,2.600417,2.545625,2.600417,117042912
2015-12-02,2.605417,2.640417,2.539792,2.553125,122093616
2015-12-03,2.573333,2.584792,2.378333,2.422917,225912190
2015-12-04,2.443542,2.604167,2.429167,2.589375,173289840
2015-12-07,2.597083,2.601833,2.519792,2.557708,138451150
2015-12-08,2.476667,2.58149,2.473542,2.557917,162597890
2015-12-09,2.521667,2.565,2.395208,2.43875,289734340
2015-12-10,2.456458,2.521667,2.435,2.473333,162925730
2015-12-11,2.387708,2.406875,2.298333,2.30375,294872210
2015-12-14,2.30375,2.30375,2.30375,2.30375,0
2015-12-15,2.415833,2.458125,2.38875,2.395417,191545680
2015-12-16,2.446042,2.516042,2.372917,2.50125,196512000
2015-12-17,2.534583,2.536667,2.393958,2.397083,189513940
2015-12-18,2.37125,2.388125,2.260417,2.265417,204954910
2015-12-21,2.321458,2.332917,2.270533,2.332708,128057136
2015-12-22,2.369167,2.387292,2.331875,2.376875,134046144
2015-12-23,2.414167,2.435,2.401042,2.43125,109893648
2015-12-24,2.429167,2.44875,2.425,2.42625,48518064
2015-12-28,2.409167,2.425625,2.358125,2.425625,102673968
2015-12-29,2.467708,2.554583,2.462708,2.53625,145304210
2015-12-30,2.531667,2.534792,2.469583,2.471458,89593536
2015-12-31,2.444583,2.457708,2.377083,2.379792,175907760
2016-01-04,2.22125,2.234375,2.140312,2.234375,265866050
2016-01-05,2.260417,2.269375,2.184167,2.214375,132325296
2016-01-06,2.10375,2.188542,2.100833,2.155,243787970
2016-01-07,2.014583,2.09375,1.947083,1.95,340349090
2016-01-08,1.992292,2.028542,1.895208,1.903958,331818620
2016-01-11,1.943542,1.958958,1.83125,1.920625,336176400
2016-01-12,1.972292,2.015206,1.904167,1.985417,317519090
2016-01-13,2.009375,2.023333,1.770833,1.777708,413398130
2016-01-14,1.800208,1.940623,1.714583,1.892708,363416260
2016-01-15,1.70375,1.777083,1.644375,1.71875,564715060
2016-01-19,1.786042,1.79425,1.666875,1.726042,259227890
2016-01-20,1.645,1.76625,1.5320833,1.710417,554699570
2016-01-21,1.731875,1.791875,1.66375,1.716667,338114300
2016-01-22,1.817708,1.8675,1.802292,1.864583,286880450
2016-01-25,1.847917,1.876875,1.777083,1.780625,277083170
2016-01-26,1.804167,1.853123,1.757917,1.831458,243037340
2016-01-27,1.798125,1.821042,1.6708333,1.695208,358315580
2016-01-28,1.774792,1.779167,1.6772917,1.762083,315572740
2016-01-29,1.766042,1.876875,1.76146,1.876875,257717380
2016-02-01,1.84625,1.91125,1.826042,1.8875,228239180
2016-02-02,1.86525,1.86525,1.750417,1.767708,256868500
2016-02-03,1.801042,1.801458,1.64875,1.742708,471303890
2016-02-04,1.725417,1.782292,1.680208,1.739583,284035630
2016-02-05,1.722917,1.724604,1.54125,1.560625,429778510
2016-02-08,1.4735417,1.5079167,1.4029167,1.489375,514965070
2016-02-09,1.4279167,1.5414375,1.42125,1.4720833,459493970
2016-02-10,1.5260417,1.5816667,1.4872917,1.4895833,375528050
2016-02-11,1.4333333,1.5189583,1.4204167,1.4860417,477077380
2016-02-12,1.5325,1.5558333,1.4920833,1.549375,316429200
2016-02-16,1.62125,1.6525,1.5910417,1.6525,299313460
2016-02-17,1.694375,1.775625,1.679167,1.766667,365229790
2016-02-18,1.785417,1.786042,1.701042,1.706667,257898000
2016-02-19,1.687292,1.738748,1.67125,1.724375,238936180
2016-02-22,1.771229,1.811875,1.76625,1.805833,248266510
2016-02-23,1.773958,1.789312,1.714167,1.715833,267826800
2016-02-24,1.6577083,1.772919,1.6258333,1.766875,350560270
2016-02-25,1.778542,1.817708,1.730208,1.815625,259600460
2016-02-26,1.857083,1.861458,1.799187,1.811458,248575390
2016-02-29,1.807292,1.847708,1.763542,1.763542,229966080
2016-03-01,1.811875,1.932708,1.7975,1.932292,311136580
2016-03-02,1.925,1.936437,1.889792,1.934375,193970980
2016-03-03,1.929375,1.931042,1.882708,1.923542,206596320
2016-03-04,1.930833,1.963787,1.888125,1.926875,237845180
2016-03-07,1.896875,1.930625,1.849375,1.891042,189076800
2016-03-08,1.850833,1.901042,1.83375,1.841042,212565310
2016-03-09,1.865833,1.879542,1.833333,1.87625,208342700
2016-03-10,1.90625,1.934583,1.797292,1.869167,343454740
2016-03-11,1.929583,1.968125,1.913125,1.966042,169658590
2016-03-14,1.966042,1.966875,1.950417,1.950417,58848
2016-03-15,1.9575,1.981667,1.937708,1.97625,193104380
2016-03-16,1.95875,2.043542,1.95875,2.026667,176457740
2016-03-17,2.01125,2.038958,1.98771,2.020833,127356144
2016-03-18,2.0375,2.049583,2.002292,2.0325,147412700
2016-03-21,2.02375,2.063542,2.019792,2.056667,136009060
2016-03-22,2.023333,2.090625,2.021458,2.075,127215648
2016-03-23,2.063958,2.068542,2.011458,2.025625,154425070
2016-03-24,1.992708,2.02875,1.985417,2.025,126913920
2016-03-28,2.045417,2.045833,2.007917,2.017708,129136512
2016-03-29,2.006667,2.11875,1.996875,2.00625,179793790
2016-03-30,2.152708,2.185625,2.132083,2.145833,209867710
2016-03-31,2.141042,2.165,2.126458,2.135417,118521984
2016-04-01,2.100833,2.206875,2.088958,2.204375,163021490
2016-04-04,2.201042,2.208333,2.163983,2.177083,136614480
2016-04-05,2.177083,2.177083,2.177083,2.118542,146842080
2016-04-06,2.125,2.221665,2.122917,2.22,182063710
2016-04-07,2.182292,2.193125,2.096458,2.124167,252105220
2016-04-08,2.162708,2.177708,2.097083,2.119167,166244350
2016-04-11,2.146667,2.178125,2.094792,2.096458,137058910
2016-04-12,2.100417,2.16,2.06125,2.145417,182422700
2016-04-13,2.197708,2.239792,2.188958,2.229167,162184700
2016-04-14,2.229792,2.255208,2.213125,2.230625,111241872
2016-04-15,2.223333,2.239167,2.196669,2.213542,83091600
2016-04-18,2.195208,2.250833,2.190833,2.24625,101461776
2016-04-19,2.26875,2.270833,2.171875,2.2075,158584420
2016-04-20,2.204583,2.242708,2.184169,2.212917,107769216
2016-04-21,2.211667,2.236667,2.183542,2.213542,133474752
2016-04-22,2.128542,2.157292,2.062083,2.113333,201322750
2016-04-25,2.090208,2.112917,2.081875,2.111667,96951072
2016-04-26,2.123958,2.136875,2.062917,2.082708,109314816
2016-04-27,2.019583,2.045625,1.980417,2.032708,183005710
2016-04-28,2.039375,2.074375,1.946667,1.960625,160769520
2016-04-29,1.953958,1.97,1.88121,1.929375,191263150
2016-05-02,1.941458,1.989375,1.917708,1.980417,118016880
2016-05-03,1.938958,1.965,1.91,1.927708,145960800
2016-05-04,1.892292,1.911875,1.874583,1.889583,155144110
2016-05-05,1.9075,1.921667,1.87521,1.888542,143976050
2016-05-06,1.858333,1.9175,1.853125,1.915833,156851180
2016-05-09,1.917708,1.958958,1.915,1.932708,118539120
2016-05-10,1.953333,2.015,1.943333,2.01375,116479440
2016-05-11,2.003958,2.021667,1.955833,1.95875,127064304
2016-05-12,1.974167,1.977708,1.890833,1.93125,184742640
2016-05-13,1.93,1.961665,1.898958,1.907917,155964720
2016-05-16,1.915625,2.0025,1.913542,1.981458,117291264
2016-05-17,1.979167,1.993125,1.891458,1.905417,187226780
2016-05-18,1.894792,1.958125,1.881667,1.927083,237969790
2016-05-19,1.903542,1.9195,1.855208,1.896667,254096020
2016-05-20,1.919792,1.9825,1.916458,1.96,125352336
2016-05-23,1.965,1.987083,1.946458,1.950417,86926080
2016-05-24,1.983958,2.07604,1.9825,2.069792,150002980
2016-05-25,2.093542,2.13229,2.081875,2.114375,141769200
2016-05-26,2.121458,2.139792,2.104583,2.132083,95272752
2016-05-27,2.135625,2.165833,2.135417,2.164167,107140464
2016-05-31,2.176042,2.187292,2.144792,2.177083,112949856
2016-06-01,2.157292,2.191875,2.151458,2.177917,100536528
2016-06-02,2.163125,2.191458,2.129167,2.190208,104659776
2016-06-03,2.177708,2.181687,2.117917,2.160208,155528060
2016-06-06,2.17,2.200625,2.160833,2.183333,85998000
2016-06-07,2.190417,2.19375,2.16375,2.167917,77107872
2016-06-08,2.179792,2.19125,2.154167,2.1775,82260576
2016-06-09,2.151458,2.174375,2.138958,2.167917,99727632
2016-06-10,2.109583,2.120417,2.071479,2.095,161757600
2016-06-13,2.059792,2.092785,2.033333,2.04125,119051184
2016-06-14,2.024583,2.062292,1.995833,2.042292,141730800
2016-06-15,2.055625,2.062292,2.012708,2.023958,106376688
2016-06-16,1.994167,2.046458,1.953808,2.038542,164362850
2016-06-17,2.030208,2.030208,1.955208,1.96875,167019460
2016-06-20,2.039375,2.065208,2.00125,2.004167,139242910
2016-06-21,2.016458,2.036875,2.002333,2.024167,86412096
2016-06-22,2.03,2.063542,2.005208,2.011042,103296672
2016-06-23,2.057708,2.096667,2.032292,2.095833,128558592
2016-06-24,1.875,1.965625,1.825,1.839167,325502540
2016-06-27,1.797292,1.799792,1.704167,1.732083,237510290
2016-06-28,1.784792,1.843125,1.783125,1.840625,199467600
2016-06-29,1.885625,1.949792,1.882083,1.93625,208462320
2016-06-30,1.947917,2.008958,1.929167,2.006667,165809180
2016-07-01,2.003125,2.058542,2.000833,2.034167,131426016
2016-07-05,2.007917,2.011667,1.965833,1.998125,130939824
2016-07-06,1.970833,2.049608,1.951458,2.045208,173476460
2016-07-07,2.054375,2.079167,2.036458,2.064583,126232032
2016-07-08,2.095208,2.165,2.089583,2.16,150041280
2016-07-11,2.184583,2.222012,2.1825,2.196875,142648610
2016-07-12,2.237708,2.249167,2.222752,2.231458,115789872
2016-07-13,2.249583,2.250833,2.214375,2.215833,126414048
2016-07-14,2.259792,2.272917,2.243958,2.260833,109904064
2016-07-15,2.275417,2.279375,2.234375,2.248125,85417056
2016-07-18,2.254167,2.305833,2.252292,2.292917,83859936
2016-07-19,2.270833,2.29,2.256979,2.269167,78665760
2016-07-20,2.303958,2.360875,2.297292,2.346875,90724992
2016-07-21,2.353958,2.36625,2.312917,2.332917,112806912
2016-07-22,2.338333,2.36875,2.315408,2.36,86804736
2016-07-25,2.354792,2.362292,2.3375,2.362083,76241760
2016-07-26,2.359792,2.395,2.333333,2.37,136353650
2016-07-27,2.428125,2.436873,2.387708,2.41625,130564944
2016-07-28,2.429583,2.451667,2.406667,2.4425,87119328
2016-07-29,2.46,2.47875,2.43625,2.458542,102631536
2016-08-01,2.464583,2.516042,2.455417,2.497083,105314496
2016-08-02,2.486458,2.493542,2.393125,2.440833,161107870
2016-08-03,2.435417,2.465208,2.43071,2.463958,85334784
2016-08-04,2.463333,2.493125,2.445208,2.486042,84027408
2016-08-05,2.52625,2.573958,2.515627,2.557917,123477888
2016-08-08,2.562292,2.563708,2.524375,2.549792,75900480
2016-08-09,2.554167,2.59015,2.55,2.566667,79817616
2016-08-10,2.568542,2.5725,2.526044,2.546875,87717792
2016-08-11,2.570833,2.595817,2.556875,2.579792,68648544
2016-08-12,2.564583,2.584583,2.557083,2.584583,68276784
2016-08-15,2.59375,2.634271,2.59125,2.617083,57252768
2016-08-16,2.601875,2.604167,2.572252,2.575833,62597520
2016-08-17,2.575833,2.589792,2.532917,2.587917,89838144
2016-08-18,2.579792,2.600417,2.566667,2.590417,56753520
2016-08-19,2.57625,2.603542,2.554579,2.586875,73616544
2016-08-22,2.574583,2.606042,2.56125,2.589375,73243056
2016-08-23,2.620833,2.635833,2.602919,2.604792,62654256
2016-08-24,2.601042,2.612292,2.530229,2.554583,71197728
2016-08-25,2.534375,2.565833,2.525625,2.5425,58447056
2016-08-26,2.545833,2.603333,2.508333,2.554792,107312208
2016-08-29,2.55625,2.584894,2.554792,2.561875,49834752
2016-08-30,2.5525,2.573958,2.512917,2.53875,65751120
2016-08-31,2.527708,2.539123,2.498958,2.532083,71616480
2016-09-01,2.53375,2.55875,2.49625,2.543333,85953120
2016-09-02,2.588542,2.603958,2.546,2.573125,90737136
2016-09-06,2.588542,2.622917,2.570833,2.620833,65986848
2016-09-07,2.628958,2.640417,2.597708,2.625625,58073904
2016-09-08,2.604167,2.605625,2.560625,2.580625,70064544
2016-09-09,2.517708,2.533333,2.385,2.385,160916980
2016-09-12,2.349167,2.52379,2.344792,2.507292,130652496
2016-09-13,2.47375,2.4975,2.410208,2.448125,125307168
2016-09-14,2.454375,2.520833,2.451875,2.479583,111529440
2016-09-15,2.483333,2.606875,2.48125,2.594583,132397680
2016-09-16,2.588125,2.600406,2.554167,2.591667,81525312
2016-09-19,2.611458,2.636142,2.543958,2.557708,91671696
2016-09-20,2.583333,2.604167,2.56,2.571875,75781440
2016-09-21,2.604167,2.658542,2.560208,2.646667,138598800
2016-09-22,2.69625,2.719956,2.686667,2.708542,78100512
2016-09-23,2.7,2.701458,2.6475,2.659792,73064448
2016-09-26,2.613958,2.623333,2.580833,2.59375,81881136
2016-09-27,2.590833,2.672083,2.580833,2.667292,82898496
2016-09-28,2.676875,2.686667,2.641271,2.681875,75696432
2016-09-29,2.670417,2.683542,2.589792,2.625,114832704
2016-09-30,2.649167,2.705608,2.636042,2.678958,79987728
2016-10-03,2.669792,2.680833,2.638542,2.672917,81760272
2016-10-04,2.691875,2.711458,2.628623,2.657708,112205568
2016-10-05,2.681875,2.711458,2.678035,2.685417,68856672
2016-10-06,2.675417,2.698542,2.643125,2.68125,74529312
2016-10-07,2.689792,2.699792,2.625417,2.66375,90563328
2016-10-10,2.703125,2.732708,2.701667,2.711458,59889312
2016-10-11,2.705833,2.709167,2.563542,2.599375,129644928
2016-10-12,2.602083,2.618104,2.5675,2.593958,82054944
2016-10-13,2.539792,2.584583,2.493125,2.563542,104427936
2016-10-14,2.598125,2.631667,2.567083,2.569375,81812496
2016-10-17,2.56875,2.582044,2.541398,2.551667,55862400
2016-10-18,2.640625,2.654792,2.614583,2.617083,76969056
2016-10-19,2.612292,2.628542,2.603958,2.618125,47054112
2016-10-20,2.606042,2.625417,2.562917,2.607083,69950496
2016-10-21,2.612708,2.641458,2.588125,2.635417,58630560
2016-10-24,2.68875,2.736875,2.686667,2.731458,68648016
2016-10-25,2.733958,2.737917,2.693506,2.704167,59712144
2016-10-26,2.652083,2.695037,2.627083,2.652292,95308416
2016-10-27,2.684792,2.69125,2.603333,2.615208,103042224
2016-10-28,2.590417,2.632083,2.541667,2.57,142957250
2016-10-31,2.595,2.595,2.554167,2.555417,56904336
2016-11-01,2.571875,2.571875,2.43375,2.502917,101924304
2016-11-02,2.494583,2.511458,2.421042,2.437708,81764880
2016-11-03,2.427708,2.450625,2.358542,2.3675,87012384
2016-11-04,2.345625,2.397292,2.32875,2.340625,84923808
2016-11-07,2.453958,2.51625,2.444375,2.508333,100963488
2016-11-08,2.5,2.59125,2.483333,2.5575,110588544
2016-11-09,2.466875,2.604792,2.459792,2.593333,183294720
2016-11-10,2.624792,2.639606,2.363958,2.47,247966510
2016-11-11,2.431875,2.485833,2.408333,2.467917,113563248
2016-11-14,2.4725,2.477917,2.3575,2.384583,177550940
2016-11-15,2.445,2.517708,2.438125,2.495,105572160
2016-11-16,2.457292,2.543531,2.457292,2.535625,86338848
2016-11-17,2.533958,2.594375,2.518125,2.594375,75536064
2016-11-18,2.599167,2.616125,2.557292,2.565208,63055824
2016-11-21,2.581458,2.650417,2.580417,2.642292,83625984
2016-11-22,2.674375,2.6875,2.6475,2.666042,76682352
2016-11-23,2.640417,2.649375,2.6,2.633958,73825872
2016-11-25,2.646458,2.663333,2.635625,2.659375,38280096
2016-11-28,2.647292,2.679133,2.63375,2.644583,71467920
2016-11-29,2.646875,2.706667,2.6275,2.67,74580096
2016-11-30,2.675417,2.681875,2.569375,2.583542,151294990
2016-12-01,2.570417,2.570625,2.426458,2.441667,186383520
2016-12-02,2.443958,2.4825,2.422292,2.451458,102985680
2016-12-05,2.491042,2.539227,2.456687,2.508125,89944080
2016-12-06,2.5275,2.540625,2.496667,2.52625,69252672
2016-12-07,2.511458,2.6325,2.489583,2.62,148867730
2016-12-08,2.626667,2.657292,2.611458,2.636042,113013744
2016-12-09,2.665833,2.702292,2.665833,2.697708,102673056
2016-12-12,2.660833,2.678333,2.629479,2.660208,95152560
2016-12-13,2.689167,2.806875,2.685417,2.764167,169196300
2016-12-14,2.769583,2.799581,2.720437,2.743958,142377410
2016-12-15,2.751458,2.80625,2.736687,2.760625,106426320
2016-12-16,2.773542,2.791437,2.711875,2.727083,114752736
2016-12-19,2.738542,2.810417,2.72625,2.760417,83572704
2016-12-20,2.782083,2.807292,2.777083,2.79375,62786112
2016-12-21,2.794792,2.800417,2.766562,2.783958,48288528
2016-12-22,2.785208,2.788958,2.73,2.759792,65522256
2016-12-23,2.748542,2.769583,2.739583,2.768333,32251104
2016-12-27,2.783333,2.856873,2.780417,2.80875,75645456
2016-12-28,2.825833,2.834792,2.737708,2.74375,91338720
2016-12-29,2.742292,2.759583,2.705833,2.730417,85728000
2016-12-30,2.746042,2.747687,2.625,2.650625,105386352
2017-01-03,2.700208,2.747708,2.674375,2.714792,97646208
2017-01-04,2.727292,2.77625,2.723794,2.761042,66515712
2017-01-05,2.75875,2.813542,2.75625,2.81,61373424
2017-01-06,2.815208,2.903333,2.793854,2.88125,95800512
2017-01-09,2.888333,2.925,2.8825,2.910417,66172320
2017-01-10,2.909167,2.954583,2.893958,2.927083,66334368
2017-01-11,2.929167,2.951667,2.88625,2.949583,94104576
2017-01-12,2.920417,2.943333,2.855417,2.934583,80518368
2017-01-13,2.944167,2.9825,2.943337,2.968333,58613616
2017-01-17,2.941667,2.958333,2.915,2.940417,55530336
2017-01-18,2.954167,2.966254,2.930417,2.960417,49329600
2017-01-19,2.96875,3.001467,2.935833,2.9525,59731296
2017-01-20,2.991667,3.014583,2.95,2.971667,56846616
2017-01-23,2.9625,2.991667,2.92375,2.978333,55250256
2017-01-24,2.994583,3.053333,2.982087,3.040417,51690456
2017-01-25,3.095417,3.13375,3.08875,3.129167,56148384
2017-01-26,3.143333,3.160833,3.125417,3.142083,50854920
2017-01-27,3.158333,3.167662,3.128333,3.157083,33248808
2017-01-30,3.12375,3.125417,3.0325,3.085417,75044376
2017-01-31,3.05375,3.068333,3.012083,3.068333,59615136
2017-02-01,3.128333,3.146667,3.086667,3.126667,72510600
2017-02-02,3.110833,3.147917,3.085,3.11875,57894744
2017-02-03,3.13125,3.15625,3.121667,3.145833,48191016
2017-02-06,3.130417,3.159167,3.122083,3.1575,41707272
2017-02-07,3.174167,3.212083,3.1693,3.19,46634736
2017-02-08,3.17875,3.220417,3.16105,3.207917,36967320
2017-02-09,3.216667,3.263542,3.211667,3.24125,51524640
2017-02-10,3.26375,3.2875,3.247083,3.273333,47872008
2017-02-13,3.304167,3.342917,3.299167,3.330833,42988488
2017-02-14,3.332917,3.363333,3.301667,3.362083,62663136
2017-02-15,3.357917,3.426667,3.35,3.42,73564584
2017-02-16,3.428333,3.448562,3.392492,3.417083,63951048
2017-02-17,3.402917,3.4625,3.400833,3.46,51607488
2017-02-21,3.484167,3.519996,3.47625,3.515,66728904
2017-02-22,3.504167,3.524246,3.485833,3.515417,43056360
2017-02-23,3.530833,3.53125,3.434167,3.4775,62676024
2017-02-24,3.4275,3.49625,3.425,3.49625,50731896
2017-02-27,3.477917,3.50875,3.458808,3.506667,52437864
2017-02-28,3.507083,3.510417,3.4475,3.479167,41904936
2017-03-01,3.54,3.608333,3.523333,3.591667,63255024
2017-03-02,3.59,3.59,3.523333,3.535,42918792
2017-03-03,3.526667,3.558333,3.499583,3.553333,34646856
2017-03-06,3.515,3.548333,3.487917,3.52875,38775264
2017-03-07,3.50625,3.558333,3.494625,3.51125,35429688
2017-03-08,3.52,3.563333,3.507917,3.529167,38651256
2017-03-09,3.528333,3.552833,3.482083,3.54,44172504
2017-03-10,3.585417,3.598333,3.538,3.57875,51456768
2017-03-13,3.575417,3.602917,3.572083,3.599583,33883128
2017-03-14,3.575,3.580417,3.53,3.572917,53021376
2017-03-15,3.5975,3.663333,3.560417,3.635417,63813888
2017-03-16,3.660417,3.660417,3.607083,3.633333,38876352
2017-03-17,3.641667,3.65625,3.6225,3.624583,35321232
2017-03-20,3.624583,3.66125,3.608333,3.635417,36706752
2017-03-21,3.675833,3.6875,3.465,3.473333,93568992
2017-03-22,3.475417,3.55125,3.459167,3.541667,71373624
2017-03-23,3.52875,3.556667,3.496667,3.513333,59063568
2017-03-24,3.546667,3.587917,3.495,3.5325,51686568
2017-03-27,3.460417,3.569583,3.434583,3.55125,75259248
2017-03-28,3.550833,3.64875,3.52875,3.617917,83999928
2017-03-29,3.62125,3.670833,3.612917,3.665833,48170160
2017-03-30,3.664583,3.69625,3.6525,3.684167,52926648
2017-03-31,3.667917,3.705,3.655833,3.675417,54146184
2017-04-03,3.68625,3.711667,3.609083,3.6675,64521432
2017-04-04,3.635417,3.687083,3.632917,3.684167,32424024
2017-04-05,3.702083,3.765833,3.620404,3.642083,73360608
2017-04-06,3.654583,3.675417,3.61875,3.645,61650120
2017-04-07,3.6425,3.67375,3.60125,3.640833,41575776
2017-04-10,3.653333,3.68875,3.61375,3.645,48377544
2017-04-11,3.630833,3.649167,3.517917,3.599167,85346736
2017-04-12,3.595,3.6025,3.540833,3.551667,68094216
2017-04-13,3.5375,3.59875,3.5075,3.509583,61370160
2017-04-17,3.539167,3.5975,3.535196,3.592917,36333120
2017-04-18,3.559583,3.611625,3.552917,3.5825,50754336
2017-04-19,3.62375,3.659167,3.58,3.595,57567672
2017-04-20,3.63875,3.708333,3.622083,3.682083,82492848
2017-04-21,3.694167,3.69875,3.65505,3.680417,54025800
2017-04-24,3.802083,3.825,3.785833,3.814167,60072024
2017-04-25,3.852083,3.917917,3.843275,3.89875,64113336
2017-04-26,3.9025,3.930412,3.873333,3.881667,87658992
2017-04-27,3.910833,3.95,3.90125,3.949583,57675648
2017-04-28,3.9975,4.002083,3.952083,3.972083,68499960
2017-05-01,4.00875,4.0925,4.003754,4.072083,64634112
2017-05-02,4.092083,4.102083,4.060825,4.09625,60412848
2017-05-03,4.07125,4.071708,4.022917,4.055833,73587240
2017-05-04,4.057917,4.076667,4.018333,4.06,72606648
2017-05-05,4.089167,4.104167,4.045417,4.104167,54506424
2017-05-08,4.110417,4.130417,4.085417,4.12875,61266672
2017-05-09,4.148333,4.20125,4.139367,4.174167,75716928
2017-05-10,4.17875,4.184583,4.136667,4.180833,56192688
2017-05-11,4.147083,4.172792,4.08875,4.170833,62433960
2017-05-12,4.17625,4.200417,4.165417,4.197917,58538112
2017-05-15,4.202083,4.244167,4.19125,4.237083,69339720
2017-05-16,4.267083,4.290833,4.232917,4.290417,77066760
2017-05-17,4.189583,4.211667,3.960312,3.965833,140236820
2017-05-18,3.96,4.105417,3.943104,4.06625,120384720
2017-05-19,4.105833,4.168333,4.1025,4.115417,72845880
2017-05-22,4.144167,4.227083,4.139583,4.222083,65355240
2017-05-23,4.256667,4.258333,4.200833,4.2325,68859264
2017-05-24,4.267917,4.295833,4.234583,4.290833,65513112
2017-05-25,4.337917,4.431783,4.310833,4.40375,87503040
2017-05-26,4.400417,4.427083,4.38375,4.4225,54855768
2017-05-30,4.411667,4.447917,4.407083,4.431667,55193472
2017-05-31,4.472083,4.481667,4.35875,4.42625,96902592
2017-06-01,4.4525,4.482917,4.397917,4.479167,74091648
2017-06-02,4.523333,4.635371,4.50375,4.632083,83244624
2017-06-05,4.628333,4.6525,4.60875,4.628333,51478368
2017-06-06,4.611667,4.656667,4.5525,4.575833,77734656
2017-06-07,4.608333,4.6375,4.548333,4.625833,81409824
2017-06-08,4.654583,4.661667,4.565417,4.638333,92562768
2017-06-09,4.655,4.672083,4.110833,4.302917,233138830
2017-06-12,4.183333,4.244167,4.059746,4.225,166449410
2017-06-13,4.290833,4.340833,4.226458,4.32375,126491928
2017-06-14,4.374583,4.374583,4.16375,4.265833,139012610
2017-06-15,4.135417,4.2225,4.057508,4.208333,141159050
2017-06-16,4.2,4.202917,4.107083,4.157917,93857520
2017-06-19,4.27375,4.373275,4.254583,4.359167,110945400
2017-06-20,4.34875,4.364167,4.254583,4.260417,85938456
2017-06-21,4.286667,4.388333,4.277917,4.384167,83588592
2017-06-22,4.40375,4.4275,4.345833,4.379167,68445648
2017-06-23,4.36375,4.445858,4.328333,4.428333,68785584
2017-06-26,4.50125,4.527917,4.33875,4.369583,105682176
2017-06-27,4.31875,4.332912,4.129167,4.129167,144087600
2017-06-28,4.1725,4.315925,4.101667,4.3025,120862704
2017-06-29,4.249583,4.2525,3.958333,4.083333,231563660
2017-06-30,4.11875,4.150417,4.045417,4.069167,98615064
2017-07-03,4.141667,4.154583,3.948333,3.958333,81683808
2017-07-05,3.98875,4.10375,3.952083,4.07125,114034560
2017-07-06,3.977083,4.02875,3.917917,3.96375,106325160
2017-07-07,4.002917,4.120833,4.0,4.0825,89623488
2017-07-10,4.097917,4.197912,4.065087,4.167917,92113464
2017-07-11,4.149583,4.217717,4.102917,4.202083,108571608
2017-07-12,4.3075,4.365,4.284167,4.351667,105306600
2017-07-13,4.36875,4.411179,4.342083,4.380417,91476672
2017-07-14,4.432083,4.499167,4.397083,4.483333,84636264
2017-07-17,4.497917,4.536667,4.46375,4.485833,100663776
2017-07-18,4.476667,4.579583,4.4375,4.575,84181704
2017-07-19,4.614583,4.677083,4.61125,4.65875,104234088
2017-07-20,4.692917,4.7025,4.612083,4.67625,108461568
2017-07-21,4.618333,4.669583,4.597083,4.669167,86916864
2017-07-24,4.667917,4.742083,4.650417,4.73,88733160
2017-07-25,4.68625,4.729583,4.657917,4.698333,94180272
2017-07-26,4.728333,4.749167,4.708333,4.740417,60608088
2017-07-27,4.835833,4.847917,4.485833,4.655833,188957950
2017-07-28,4.57375,4.662079,4.544583,4.640833,70023024
2017-07-31,4.67875,4.696667,4.549583,4.580417,88715424
2017-08-01,4.62625,4.63,4.56875,4.610417,61157256
2017-08-02,4.6975,4.702083,4.518333,4.644167,110367168
2017-08-03,4.661667,4.663333,4.567087,4.595833,72640848
2017-08-04,4.622917,4.64875,4.560833,4.61375,71489472
2017-08-07,4.640833,4.702917,4.620833,4.695417,54838032
2017-08-08,4.674583,4.791667,4.637921,4.677917,103885512
2017-08-09,4.563333,4.665417,4.530833,4.659583,99081264
2017-08-10,4.58125,4.589583,4.34625,4.357083,163383070
2017-08-11,4.378333,4.48625,4.34745,4.456667,105271824
2017-08-14,4.560417,4.65,4.559167,4.63,95487792
2017-08-15,4.655833,4.665221,4.600417,4.638333,72298368
2017-08-16,4.670833,4.727083,4.61625,4.6625,99053352
2017-08-17,4.605833,4.628333,4.375,4.375833,158581940
2017-08-18,4.3825,4.454583,4.3125,4.360417,129852336
2017-08-21,4.367917,4.393329,4.266667,4.3525,86480544
2017-08-22,4.416667,4.559583,4.414583,4.54625,94264512
2017-08-23,4.471667,4.526667,4.465833,4.495417,84076680
2017-08-24,4.528333,4.545833,4.379167,4.457917,97179744
2017-08-25,4.503333,4.54125,4.41125,4.427917,92621136
2017-08-28,4.466667,4.499167,4.425417,4.466667,66241464
2017-08-29,4.350417,4.541667,4.34,4.521667,85122072
2017-08-30,4.529583,4.7,4.521667,4.678333,106248768
2017-08-31,4.71625,4.828333,4.70875,4.81125,106176264
2017-09-01,4.847917,4.866367,4.770833,4.807917,71002248
2017-09-05,4.762083,4.794804,4.569583,4.679167,130177536
2017-09-06,4.717021,4.75125,4.61875,4.719583,85556832
2017-09-07,4.747083,4.7875,4.7,4.74875,73970376
2017-09-08,4.730833,4.739167,4.614587,4.631667,82646712
2017-09-11,4.73625,4.809583,4.734583,4.779167,85280136
2017-09-12,4.825,4.84025,4.752917,4.819583,73417776
2017-09-13,4.791667,4.840833,4.7725,4.839583,51604128
2017-09-14,4.78625,4.825417,4.745833,4.757917,73576296
2017-09-15,4.752917,4.854583,4.728333,4.79625,79264320
2017-09-18,4.817083,4.863333,4.739583,4.784583,91510656
2017-09-19,4.807083,4.827412,4.757917,4.805,56942136
2017-09-20,4.8025,4.816667,4.652487,4.765,107305896
2017-09-21,4.750833,4.7525,4.625,4.673333,84889464
2017-09-22,4.627083,4.680417,4.615,4.661667,62166456
2017-09-25,4.604583,4.611625,4.44375,4.515417,135521400
2017-09-26,4.580833,4.605833,4.49875,4.54625,95089872
2017-09-27,4.61875,4.719167,4.583333,4.669583,111347760
2017-09-28,4.635833,4.675,4.601667,4.661667,64535856
2017-09-29,4.69,4.770417,4.6525,4.760417,88248024
2017-10-02,4.785,4.832083,4.71,4.77375,92206416
2017-10-03,4.791667,4.820062,4.760417,4.80375,62737248
2017-10-04,4.775833,4.84625,4.762917,4.81625,90154392
2017-10-05,4.8725,4.963008,4.852083,4.955,94291416
2017-10-06,4.908333,4.975,4.90625,4.972917,85961016
2017-10-09,4.995833,5.010833,4.940417,4.960417,68852328
2017-10-10,5.0075,5.02375,4.904583,4.970833,71758056
2017-10-11,4.964583,5.016667,4.943921,5.014167,59789064
2017-10-12,4.992917,5.044983,4.969171,4.987083,66180624
2017-10-13,5.044583,5.06,5.027083,5.042917,48874728
2017-10-16,5.080833,5.0975,5.047087,5.095,57080256
2017-10-17,5.08875,5.114583,5.065,5.112917,60190512
2017-10-18,5.127083,5.127917,5.072121,5.093333,57899424
2017-10-19,5.005833,5.0375,4.93,5.037083,80680824
2017-10-20,5.0975,5.109583,5.058617,5.07375,66554616
2017-10-23,5.105833,5.107083,4.955417,4.979167,61457208
2017-10-24,5.002917,5.032083,4.946212,5.004583,58872672
2017-10-25,4.970833,5.020187,4.832083,4.94375,89191248
2017-10-26,4.936667,4.969671,4.890833,4.897917,72767280
2017-10-27,5.130833,5.349583,5.117917,5.32,147817560
2017-10-30,5.306667,5.41985,5.295,5.357917,96555720
2017-10-31,5.405833,5.43975,5.362917,5.414583,60196920
2017-11-01,5.4825,5.49,5.347917,5.4075,83063064
2017-11-02,5.39125,5.39875,5.26875,5.38,91781136
2017-11-03,5.437083,5.536167,5.382083,5.53,86698968
2017-11-06,5.520417,5.594992,5.51375,5.58625,76096824
2017-11-07,5.57375,5.620417,5.54,5.595417,93322128
2017-11-08,5.59,5.668917,5.569167,5.665417,68864328
2017-11-09,5.5275,5.583333,5.402083,5.574583,163194000
2017-11-10,5.537083,5.585833,5.505833,5.572917,66437064
2017-11-13,5.514167,5.614167,5.509625,5.589583,75144528
2017-11-14,5.533333,5.551667,5.451667,5.533333,90999912
2017-11-15,5.4625,5.497912,5.365,5.452083,80668608
2017-11-16,5.537917,5.696246,5.535175,5.65625,80854008
2017-11-17,5.662083,5.673333,5.577917,5.592917,69351984
2017-11-20,5.601667,5.620833,5.556667,5.579167,50058792
2017-11-21,5.657083,5.766667,5.65125,5.755,70743288
2017-11-22,5.775417,5.796062,5.742917,5.777917,60117264
2017-11-24,5.8,5.8475,5.789167,5.842917,39951672
2017-11-27,5.835417,5.875833,5.795,5.833333,66837888
2017-11-28,5.872917,5.889583,5.779579,5.87625,70305336
2017-11-29,5.861667,5.861667,5.49,5.574167,208287600
2017-11-30,5.644167,5.743292,5.602083,5.7125,118779744
2017-12-01,5.602083,5.717917,5.387083,5.63625,170295000
2017-12-04,5.746667,5.759583,5.424583,5.441667,165444410
2017-12-05,5.432083,5.637083,5.372917,5.449583,115480128
2017-12-06,5.389167,5.547917,5.369167,5.521667,94759032
2017-12-07,5.525,5.625,5.50375,5.57625,76156248
2017-12-08,5.7,5.740833,5.625,5.65,88400928
2017-12-11,5.65875,5.786667,5.65625,5.779583,71567280
2017-12-12,5.77125,5.809167,5.721667,5.757917,73376496
2017-12-13,5.823333,5.845,5.765833,5.786667,83342688
2017-12-14,5.820417,5.862083,5.75625,5.778333,71247288
2017-12-15,5.845833,5.992083,5.814167,5.96625,111669000
2017-12-18,6.08375,6.137083,6.058333,6.119583,81080808
2017-12-19,6.086667,6.10625,5.96375,6.02,98866944
2017-12-20,6.0775,6.08,5.920417,5.995,71150352
2017-12-21,6.01625,6.07125,5.971667,5.992083,66518256
2017-12-22,5.966667,5.97875,5.921667,5.972083,42491088
2017-12-26,5.876667,5.896667,5.807917,5.875417,48866304
2017-12-27,5.875833,5.9225,5.858333,5.875417,45197928
2017-12-28,5.9275,5.932917,5.874067,5.89125,46730376
2017-12-29,5.913333,5.913333,5.775833,5.78,68558016
2018-01-02,5.870833,6.089167,5.82875,6.076667,91736328
2018-01-03,6.10125,6.2775,6.100417,6.254583,85223064
2018-01-04,6.327917,6.350417,6.268967,6.29125,70025304
2018-01-05,6.379167,6.495,6.34625,6.48125,82380672
2018-01-08,6.480417,6.566667,6.474167,6.553333,72252048
2018-01-09,6.593333,6.615417,6.5,6.558333,104170368
2018-01-10,6.467083,6.514167,6.383904,6.511667,95852616
2018-01-11,6.544583,6.642083,6.513958,6.642083,74838888
2018-01-12,6.619583,6.80875,6.600833,6.782917,89561448
2018-01-16,6.92,7.027917,6.67,6.730417,165020470
2018-01-17,6.82,6.977083,6.727917,6.9425,82624488
2018-01-18,6.912083,6.995417,6.862917,6.949167,94393416
2018-01-19,7.00875,7.045833,6.910417,7.015833,84949056
2018-01-22,6.999167,7.235,6.98125,7.235,103863048
2018-01-23,7.304583,7.43625,7.293333,7.418333,129343872
2018-01-24,7.45875,7.510833,7.143867,7.267917,209073220
2018-01-25,7.419583,7.425,7.190621,7.25875,133301616
2018-01-26,7.375,7.582917,7.336667,7.582917,106438080
2018-01-29,7.537917,7.589167,7.43375,7.4825,132348264
2018-01-30,7.274167,7.389542,7.178333,7.29125,132507312
2018-01-31,7.41875,7.460737,7.25,7.38125,110997312
2018-02-01,7.217917,7.425,7.12,7.196667,127968072
2018-02-02,7.11625,7.159375,6.74625,6.757083,190185000
2018-02-05,6.572917,6.901667,5.942083,5.977083,230627350
2018-02-06,5.700833,6.458333,5.62625,6.437917,239382740
2018-02-07,6.3775,6.582917,6.183333,6.183333,176111860
2018-02-08,6.247083,6.255833,5.416667,5.417083,216405100
2018-02-09,5.633333,5.797917,5.05,5.672083,320345400
2018-02-12,5.865833,6.099583,5.717917,5.989583,175056190
2018-02-13,5.884583,6.108333,5.848654,6.0625,108054984
2018-02-14,5.971667,6.4425,5.965417,6.4175,168114820
2018-02-15,6.583333,6.761667,6.3825,6.752917,190375030
2018-02-16,6.70375,6.894583,6.639587,6.6775,170554030
2018-02-20,6.600833,6.885,6.594583,6.710833,145870510
2018-02-21,6.807083,7.00875,6.645833,6.650417,177477670
2018-02-22,6.747083,6.847917,6.600625,6.651667,166602670
2018-02-23,6.8025,7.0525,6.730833,7.047917,142768220
2018-02-26,7.15875,7.334167,7.143125,7.330833,133950576
2018-02-27,7.34375,7.382917,7.059167,7.068333,173308560
2018-02-28,7.18625,7.25625,6.919167,6.92625,153015170
2018-03-01,6.941667,7.034167,6.403333,6.592917,251915810
2018-03-02,6.361667,6.805833,6.282504,6.774167,193399850
2018-03-05,6.67875,7.046667,6.598333,6.986667,148881910
2018-03-06,7.090833,7.15375,6.950004,7.075,142061710
2018-03-07,6.920417,7.145833,6.884167,7.127917,133764360
2018-03-08,7.2075,7.259167,7.129583,7.234167,115168032
2018-03-09,7.398333,7.655417,7.365833,7.655417,147347140
2018-03-12,7.729167,7.840417,7.680833,7.77,132679968
2018-03-13,7.887917,7.938333,7.410662,7.487917,182292740
2018-03-14,7.5825,7.605417,7.366692,7.4625,133621560
2018-03-15,7.485,7.575417,7.36,7.429167,110896824
2018-03-16,7.471667,7.528292,7.366667,7.38,78268752
2018-03-19,7.187083,7.187083,6.71125,6.916667,194230920
2018-03-20,6.918333,7.016625,6.840417,6.9675,92192736
2018-03-21,6.916667,7.108333,6.781037,6.866667,132497928
2018-03-22,6.6,6.733292,6.341712,6.365,205880380
2018-03-23,6.341667,6.424583,5.850833,5.850833,217597250
2018-03-26,6.208333,6.535,5.9325,6.509167,183502990
2018-03-27,6.662083,6.662083,5.715417,5.885,273614930
2018-03-28,5.782083,5.950833,5.541667,5.682083,242289410
2018-03-29,5.768333,6.154167,5.605417,5.996667,197074150
2018-04-02,5.855,5.9375,5.282083,5.464167,244953220
2018-04-03,5.614583,5.716667,5.349583,5.6475,221804740
2018-04-04,5.317917,5.965833,5.300042,5.914583,216729580
2018-04-05,6.090833,6.114583,5.881667,6.0075,183355990
2018-04-06,5.820417,5.9925,5.475833,5.559167,232291200
2018-04-09,5.705833,6.010833,5.647917,5.670417,175892380
2018-04-10,5.935417,6.10625,5.818333,6.045,195600530
2018-04-11,5.941667,6.140417,5.925417,5.943333,143440750
2018-04-12,6.0625,6.21875,6.04125,6.151667,142766450
2018-04-13,6.250417,6.276667,5.985833,6.060417,142484450
2018-04-16,6.184167,6.26625,6.07415,6.194167,118298160
2018-04-17,6.3802,6.638217,6.347917,6.590417,124147080
2018-04-18,6.6002,6.70625,6.504167,6.63625,118089480
2018-04-19,6.540417,6.5825,6.385212,6.455833,129018120
2018-04-20,6.40625,6.416617,6.079167,6.14625,140813020
2018-04-23,6.231667,6.305,6.0,6.097917,123333552
2018-04-24,6.178333,6.212079,5.59,5.709167,213020350
2018-04-25,5.736667,5.8,5.495,5.731667,210816940
2018-04-26,5.949583,6.146017,5.8925,6.087083,141994320
2018-04-27,6.353333,6.360417,5.996667,6.10125,164859310
2018-04-30,6.142083,6.254167,5.922083,5.97125,161124070
2018-05-01,5.919167,6.173333,5.880417,6.165417,116977248
2018-05-02,6.20625,6.260417,6.041667,6.057917,143651380
2018-05-03,5.977083,6.124583,5.76875,6.058333,196073690
2018-05-04,5.981667,6.44375,5.965833,6.399167,185932800
2018-05-07,6.494167,6.622083,6.474167,6.55125,139062360
2018-05-08,6.51625,6.580833,6.396292,6.529583,126714552
2018-05-09,6.575,6.764583,6.504167,6.748333,114996312
2018-05-10,6.8125,6.9725,6.797492,6.958333,119007072
2018-05-11,6.922917,6.984167,6.845833,6.9375,119698104
2018-05-14,6.98125,7.10375,6.937542,6.968333,109183008
2018-05-15,6.8025,6.814167,6.630833,6.742917,174521640
2018-05-16,6.758333,6.916667,6.756667,6.867083,89712816
2018-05-17,6.797083,6.945417,6.68875,6.789583,103219104
2018-05-18,6.712283,6.779167,6.653333,6.680833,85466544
2018-05-21,6.834167,6.92625,6.708396,6.7975,116893008
2018-05-22,6.884583,6.920792,6.732575,6.762083,96943800
2018-05-23,6.6125,6.93625,6.605833,6.932083,123045432
2018-05-24,6.93,6.96375,6.7175,6.92625,71110744
2018-05-25,6.92875,7.02,6.883763,6.94375,63081920
2018-05-29,6.84875,6.9725,6.72875,6.855,94450824
2018-05-30,6.925,7.035,6.881263,7.00125,70806640
2018-05-31,6.99125,7.1225,6.93,6.98625,81056560
2018-06-01,7.08125,7.322113,7.08125,7.31125,77170864
2018-06-04,7.3625,7.5125,7.352363,7.49875,64049512
2018-06-05,7.55875,7.61375,7.47625,7.57625,55899696
2018-06-06,7.6,7.7075,7.4851,7.70125,57627736
2018-06-07,7.71125,7.715,7.40375,7.5225,78451816
2018-06-08,7.40375,7.549538,7.353875,7.5175,49320456
2018-06-11,7.49875,7.6325,7.495,7.57625,40835928
2018-06-12,7.6075,7.71625,7.58375,7.69625,47847760
2018-06-13,7.725,7.86625,7.6425,7.6875,72247160
2018-06-14,7.7975,7.9575,7.77625,7.92125,90452736
2018-06-15,7.83,7.88625,7.725,7.8425,77689912
2018-06-18,7.6875,7.84375,7.615,7.825,68726640
2018-06-19,7.52375,7.7575,7.4525,7.755,107633808
2018-06-20,7.8575,8.01625,7.84125,7.9175,79645136
2018-06-21,7.9725,7.99875,7.66625,7.7125,102280504
2018-06-22,7.79,7.7975,7.57625,7.635,62227016
2018-06-25,7.4525,7.48375,6.93625,7.1475,171306100
2018-06-26,7.21625,7.348113,7.1375,7.22625,94165712
2018-06-27,7.3175,7.415,6.915,6.93625,131838496
2018-06-28,6.9025,7.17625,6.85875,7.10625,111300352
2018-06-29,7.20875,7.32,7.1325,7.13875,78535600
2018-07-02,6.9575,7.3075,6.91,7.29875,83296760
2018-07-03,7.3775,7.385,7.0285,7.0475,56425560
2018-07-05,7.18625,7.32375,7.07375,7.30625,65622712
2018-07-06,7.35125,7.66125,7.315,7.635,75011640
2018-07-09,7.76,7.85625,7.673763,7.8475,72377344
2018-07-10,7.88125,7.91875,7.785,7.86625,66784056
2018-07-11,7.6875,7.8325,7.66125,7.75125,79829432
2018-07-12,7.84625,8.14,7.83,8.13375,81351904
2018-07-13,8.135,8.20375,8.07375,8.1575,67905896
2018-07-16,8.16375,8.207375,8.06,8.1025,55559744
2018-07-17,7.85,8.3,7.8475,8.2525,75593712
2018-07-18,8.25,8.27325,8.125,8.2,46537992
2018-07-19,8.12,8.195,8.0475,8.07875,76874248
2018-07-20,8.145,8.22875,8.04125,8.0675,57606864
2018-07-23,7.99625,8.15375,7.9,8.1375,63026808
2018-07-24,8.39375,8.481263,8.14375,8.24125,95066328
2018-07-25,8.2525,8.60125,8.245863,8.585,78597144
2018-07-26,8.24,8.3175,8.16375,8.21,111888184
2018-07-27,8.355,8.3625,7.7225,7.8675,118098544
2018-07-30,7.86875,7.876638,7.415,7.52875,100805912
2018-07-31,7.60875,7.78625,7.48875,7.67875,95711752
2018-08-01,7.75,7.85375,7.655,7.78375,69301456
2018-08-02,7.6125,8.125,7.605,8.09375,92242624
2018-08-03,8.13625,8.17375,8.0375,8.16625,72133864
2018-08-06,8.15625,8.320738,8.12375,8.31625,68067808
2018-08-07,8.38125,8.45,8.33125,8.3975,71970344
2018-08-08,8.37,8.48125,8.3001,8.42,63477112
2018-08-09,8.4125,8.5125,8.377625,8.4125,54530288
2018-08-10,8.245,8.31875,8.1275,8.21625,85626760
2018-08-13,8.26125,8.42125,8.18125,8.1925,92674392
2018-08-14,8.2825,8.37375,8.15375,8.34375,60727104
2018-08-15,8.155,8.225,7.885,8.04,115857208
2018-08-16,8.2175,8.26875,8.06625,8.11375,65142368
2018-08-17,8.04875,8.1775,7.90125,8.1125,70262408
2018-08-20,8.17125,8.17875,8.0,8.09625,67461544
2018-08-21,8.1675,8.3275,8.15125,8.18,67069392
2018-08-22,8.125,8.3025,8.098875,8.275,63313736
2018-08-23,8.23375,8.4075,8.196375,8.23375,71133904
2018-08-24,8.32125,8.48375,8.3125,8.4625,63956632
2018-08-27,8.59875,8.71875,8.5525,8.7175,72850904
2018-08-28,8.79,8.82125,8.705,8.75625,65225120
2018-08-29,8.80125,9.075,8.79375,9.0625,65735368
2018-08-30,9.0075,9.169375,8.918163,9.01125,87863232
2018-08-31,8.9775,9.11875,8.945988,9.0375,63180264
2018-09-04,8.95875,9.00375,8.778875,8.93,80209320
2018-09-05,8.875,8.87875,8.49,8.575,107729272
2018-09-06,8.59,8.61625,8.1725,8.34125,115505072
2018-09-07,8.17,8.461225,8.1525,8.25875,77009232
2018-09-10,8.385925,8.4025,8.19125,8.33125,55449096
2018-09-11,8.22125,8.56,8.1625,8.51625,70522576
2018-09-12,8.48125,8.49875,8.22375,8.4425,88261480
2018-09-13,8.5875,8.7525,8.58375,8.6925,74676272
2018-09-14,8.72375,8.7675,8.52625,8.62625,76687888
2018-09-17,8.5775,8.60375,8.2325,8.2625,72823136
2018-09-18,8.28,8.580713,8.2675,8.45875,72758064
2018-09-19,8.4625,8.5225,8.27375,8.44,58962056
2018-09-20,8.6025,8.7475,8.545125,8.705,62683432
2018-09-21,8.7825,8.8225,8.53875,8.56625,60281200
2018-09-24,8.38875,8.64875,8.28,8.64,52874864
2018-09-25,8.62375,8.69125,8.53875,8.675,43259264
2018-09-26,8.6825,8.93375,8.63875,8.66625,70920104
2018-09-27,8.795,8.9975,8.77875,8.90625,58525248
2018-09-28,8.83,8.96875,8.785,8.8925,61857808
2018-10-01,9.0625,9.146588,8.885,8.94375,68232336
2018-10-02,8.92,9.095,8.83,8.8925,64787520
2018-10-03,9.00125,9.0625,8.878313,8.91875,66569264
2018-10-04,8.8125,8.8225,8.2125,8.41,150889680
2018-10-05,8.4,8.47875,7.8525,8.09375,132924016
2018-10-08,7.98,8.15625,7.655,7.94875,119353680
2018-10-09,7.95875,8.2,7.89875,8.01,104289736
2018-10-10,7.87375,7.8825,6.93,6.97125,242855810
2018-10-11,6.87625,7.15625,6.47875,6.68875,222432340
2018-10-12,7.2225,7.315,6.85,7.25375,168487980
2018-10-15,7.1825,7.21375,6.906825,6.98,159735070
2018-10-16,7.205,7.64625,7.16875,7.58125,124466736
2018-10-17,7.71,7.7225,7.36875,7.60625,130120832
2018-10-18,7.5075,7.51625,6.97625,7.07875,156349100
2018-10-19,7.22375,7.42375,6.97375,7.05,134836530
2018-10-22,7.17625,7.3225,6.99625,7.15625,114926256
2018-10-23,6.77375,7.184425,6.52875,7.0775,176781490
2018-10-24,7.05125,7.0875,6.085,6.115,204842700
2018-10-25,6.38625,6.84625,6.30375,6.7425,152073970
2018-10-26,6.05,6.603738,5.935,6.21875,244761250
2018-10-29,6.4975,6.575,5.48,5.88625,217961260
2018-10-30,5.78,6.13125,5.69625,6.11375,184865590
2018-10-31,6.40625,6.7075,6.40625,6.52625,180157710
2018-11-01,6.58375,6.8275,6.430125,6.81125,126066176
2018-11-02,6.74375,6.866238,6.35,6.50625,174357340
2018-11-05,6.51,6.5175,6.22,6.4425,102600640
2018-11-06,6.42625,6.69125,6.40875,6.57875,111461272
2018-11-07,6.81375,7.195,6.77125,7.18375,138551750
2018-11-08,7.09875,7.165,6.9575,7.06125,117524768
2018-11-09,6.865,6.91,6.53625,6.7025,136739340
2018-11-12,6.5625,6.598663,6.074325,6.11375,154367220
2018-11-13,6.18375,6.4375,6.055388,6.11125,154454660
2018-11-14,6.285,6.3525,5.86,5.95625,156123770
2018-11-15,5.92375,6.32625,5.77625,6.275,169816690
2018-11-16,6.095,6.3,6.015,6.20625,134324810
2018-11-19,6.115,6.14375,5.55,5.61125,186492080
2018-11-20,5.215,5.53,5.0875,5.3,202990800
2018-11-21,5.50375,5.5775,5.39,5.41875,115115184
2018-11-23,5.285,5.465,5.28125,5.29875,56879920
2018-11-26,5.5225,5.6725,5.4525,5.6625,119965040
2018-11-27,5.5775,5.765,5.48625,5.72125,120163488
2018-11-28,5.85,6.27,5.75,6.26375,195064700
2018-11-29,6.19,6.33375,6.06,6.20625,129044936
2018-11-30,6.23,6.355,6.14125,6.33625,116563200
2018-12-03,6.76,6.7875,6.531375,6.66125,149343480
2018-12-04,6.56875,6.62375,5.883763,5.92875,210096220
2018-12-06,5.55125,6.0275,5.47875,6.015,196155880
2018-12-07,5.95,6.0525,5.375,5.42625,222987450
2018-12-10,5.395,5.669375,5.2275,5.59625,176468980
2018-12-11,5.86625,5.875,5.51125,5.65625,172163020
2018-12-12,5.9025,6.06625,5.79625,5.79875,169451500
2018-12-13,5.9125,5.98625,5.69,5.8,164725090
2018-12-14,5.61125,5.66625,5.33875,5.3625,156177220
2018-12-17,5.30875,5.43625,4.88625,5.01625,200593160
2018-12-18,5.135,5.251113,4.971263,5.1,157893370
2018-12-19,5.08875,5.32375,4.61,4.73125,307862440
2018-12-20,4.68375,4.84785,4.34125,4.54125,320818330
2018-12-21,4.58125,4.67625,4.026175,4.1025,369034160
2018-12-24,4.0,4.16125,3.79,3.79875,175600580
2018-12-26,3.9125,4.4925,3.83,4.4825,378235490
2018-12-27,4.325,4.55,4.015,4.54625,341834450
2018-12-28,4.625,4.76375,4.420838,4.5275,304842660
2018-12-31,4.67,4.71,4.50625,4.63,216966410
2019-01-02,4.3475,4.77875,4.34125,4.69625,271665480
2019-01-03,4.4975,4.551738,4.20375,4.24125,330510380
2019-01-04,4.44375,4.845,4.395813,4.78375,272963980
2019-01-07,4.80875,5.01875,4.76625,4.93625,213106300
2019-01-08,5.08625,5.13875,4.8625,5.07875,211622010
2019-01-09,5.14,5.27125,5.075,5.19875,178098380
2019-01-10,5.08,5.25375,4.995,5.24875,175131560
2019-01-11,5.155,5.20375,5.10125,5.18625,120804568
2019-01-14,5.05375,5.1175,4.9825,5.05125,111382928
2019-01-15,5.1175,5.365,5.1075,5.33125,145113660
2019-01-16,5.37125,5.4825,5.335,5.33875,135892470
2019-01-17,5.2875,5.53375,5.2575,5.46375,142040040
2019-01-18,5.59,5.70125,5.48125,5.61375,166906920
2019-01-22,5.50125,5.51,5.165,5.30375,181734550
2019-01-23,5.36875,5.4375,5.127025,5.30875,166093580
2019-01-24,5.3525,5.4275,5.2925,5.4025,128103304
2019-01-25,5.5325,5.64625,5.4775,5.595,139513880
2019-01-28,5.37625,5.38875,5.25125,5.38875,140359450
2019-01-29,5.39875,5.40125,5.17875,5.23625,122530784
2019-01-30,5.4125,5.69,5.36125,5.62875,175824060
2019-01-31,5.7275,5.965,5.71,5.87625,160575280
2019-02-01,5.7925,5.9275,5.7575,5.80125,141561650
2019-02-04,5.80875,6.02,5.7925,6.01375,110976544
2019-02-05,6.04625,6.2,6.038063,6.1725,128917160
2019-02-06,6.185,6.21625,6.040188,6.12375,145420010
2019-02-07,5.95875,6.00375,5.73625,5.87375,209793400
2019-02-08,5.71375,5.90625,5.7,5.90375,144722020
2019-02-11,5.97125,6.013938,5.845,5.89,121197056
2019-02-12,6.01625,6.17375,5.986713,6.145,128226128
2019-02-13,6.2325,6.285188,6.14,6.1575,127609952
2019-02-14,6.0875,6.24375,6.027625,6.18,153369800
2019-02-15,6.31375,6.315,6.17,6.25375,142495810
2019-02-19,6.195,6.34875,6.195,6.29125,103572432
2019-02-20,6.30625,6.37875,6.186688,6.28625,171065460
2019-02-21,6.23375,6.285713,6.11625,6.215,128493568
2019-02-22,6.2575,6.365,6.24625,6.35,119637632
2019-02-25,6.50125,6.547475,6.4075,6.42,124102448
2019-02-26,6.37,6.5,6.34,6.44,105356992
2019-02-27,6.35375,6.4475,6.22375,6.42,115844176
2019-02-28,6.36375,6.446875,6.325413,6.38,92063024
2019-03-01,6.515,6.53625,6.3775,6.5075,140156680
2019-03-04,6.62125,6.66625,6.29375,6.50875,213087970
2019-03-05,6.5225,6.585,6.4275,6.525,100349168
2019-03-06,6.54125,6.5475,6.3825,6.4125,123468936
2019-03-07,6.36,6.3675,6.10375,6.17875,169306740
2019-03-08,5.9675,6.1525,5.945,6.14375,174936610
2019-03-11,6.21625,6.53875,6.21625,6.5275,128468096
2019-03-12,6.57875,6.68375,6.530988,6.63375,151606300
2019-03-13,6.73375,6.88625,6.7075,6.7775,145129560
2019-03-14,6.79,6.815,6.7375,6.7475,95442888
2019-03-15,6.82625,6.9925,6.8075,6.915,138845880
2019-03-18,6.92125,7.0425,6.88,6.9775,148994030
2019-03-19,7.0675,7.16,6.96125,7.0475,164381060
2019-03-20,7.04375,7.25625,6.94875,7.12625,183522590
2019-03-21,7.06,7.487238,7.05625,7.45625,151957340
2019-03-22,7.35875,7.41875,6.942513,6.96875,267601250
2019-03-25,6.8825,6.99625,6.7725,6.925,210369770
2019-03-26,7.08625,7.210413,6.91375,7.02,175872120
2019-03-27,7.04875,7.0975,6.73125,6.8825,176810310
2019-03-28,6.93375,7.00375,6.80375,6.92625,128437288
2019-03-29,7.07875,7.102413,6.96,7.0825,126980096
2019-04-01,7.2875,7.3875,7.2125,7.36125,122364944
2019-04-02,7.38625,7.464738,7.32875,7.4425,106728872
2019-04-03,7.5675,7.71125,7.50125,7.57125,151616650
2019-04-04,7.5725,7.659875,7.42875,7.56,143620580
2019-04-05,7.6325,7.6875,7.5975,7.67375,104654776
2019-04-08,7.635,7.74875,7.54515,7.73375,103460264
2019-04-09,7.655,7.72875,7.6,7.64875,104121872
2019-04-10,7.6825,7.777488,7.653125,7.7725,99243688
2019-04-11,7.80125,7.80375,7.67,7.71375,111770528
2019-04-12,7.8125,7.825,7.71625,7.80875,95227776
2019-04-15,7.80875,7.839375,7.6575,7.815,83369256
2019-04-16,7.89375,7.94375,7.82375,7.89125,94287288
2019-04-17,8.045,8.069875,7.90125,7.97,114422512
2019-04-18,8.01,8.01375,7.85875,7.995,91903064
2019-04-22,7.89375,8.07375,7.875,8.0625,75756576
2019-04-23,8.12625,8.4,8.09125,8.36875,104954152
2019-04-24,8.3875,8.4225,8.28375,8.2875,95075592
2019-04-25,8.47125,8.4818,8.253875,8.38,119690592
2019-04-26,8.35125,8.4125,8.1375,8.41,110516552
2019-04-29,8.4075,8.49625,8.3675,8.455,83797680
2019-04-30,8.25,8.30125,8.08375,8.26125,127594976
2019-05-01,8.415,8.488563,8.1575,8.16625,125916280
2019-05-02,8.16875,8.29125,7.905988,8.06625,141288460
2019-05-03,8.2675,8.46875,8.22375,8.44625,108889552
2019-05-06,7.91375,8.3275,7.87,8.295,161715520
2019-05-07,8.02625,8.1275,7.580475,7.8125,237529390
2019-05-08,7.73375,7.92375,7.64875,7.74375,161237860
2019-05-09,7.495,7.69875,7.28375,7.62125,220417620
2019-05-10,7.53,7.75375,7.155,7.6425,227858530
2019-05-13,7.06,7.17875,6.78375,6.8525,234920860
2019-05-14,6.9525,7.1975,6.878738,7.0675,140191920
2019-05-15,6.9325,7.423738,6.92375,7.36125,176160390
2019-05-16,7.375,7.7275,7.350738,7.59125,174026110
2019-05-17,7.36125,7.667513,7.33375,7.355,182510150
2019-05-20,7.0475,7.128738,6.905838,6.98625,184368710
2019-05-21,7.15875,7.254988,7.091725,7.19625,114486976
2019-05-22,7.0725,7.2225,7.07,7.1025,128912576
2019-05-23,6.856875,6.86,6.638125,6.7675,207681140
2019-05-24,6.88375,6.95,6.735,6.7575,137225750
2019-05-28,6.8175,6.92625,6.67875,6.685,116902944
2019-05-29,6.56125,6.625,6.4075,6.5175,177921250
2019-05-30,6.56625,6.6475,6.48,6.595,136427790
2019-05-31,6.35875,6.42625,6.2675,6.2775,140600700
2019-06-03,6.2275,6.275,5.76625,5.87625,241813080
2019-06-04,6.05,6.36,5.988875,6.3525,163869220
2019-06-05,6.53625,6.54,6.296,6.4925,152317040
2019-06-06,6.525,6.693563,6.43875,6.6425,100302296
2019-06-07,6.75,7.114875,6.7275,7.02125,151548080
2019-06-10,7.17,7.4775,7.17,7.2775,183271820
2019-06-11,7.5075,7.546238,7.23165,7.305,137447180
2019-06-12,7.24125,7.2875,7.137538,7.18125,110176072
2019-06-13,7.26625,7.35375,7.2225,7.29875,98559376
2019-06-14,7.18375,7.2625,7.12375,7.20375,77144872
2019-06-17,7.24875,7.39625,7.230013,7.335,75050328
2019-06-18,7.59375,7.81125,7.53875,7.6525,141829530
2019-06-19,7.69125,7.795,7.55,7.7425,136979230
2019-06-20,8.06125,8.06625,7.77875,7.955,119355064
2019-06-21,7.91375,8.0675,7.8686,7.91875,104646632
2019-06-24,7.96125,7.98625,7.9015,7.91625,68938576
2019-06-25,7.8975,7.91,7.4725,7.51125,139623370
2019-06-26,7.6525,7.7975,7.57515,7.60625,94115480
2019-06-27,7.68875,7.748125,7.631313,7.68875,75270040
2019-06-28,7.7475,7.77375,7.63875,7.72125,98932960
2019-07-01,8.1625,8.19375,7.92375,8.02875,145190180
2019-07-02,8.02,8.12625,7.955,8.12625,81248528
2019-07-03,8.1775,8.30625,8.1575,8.30625,67127328
2019-07-05,8.13625,8.29875,8.03875,8.2525,116844848
2019-07-08,8.09875,8.1,7.9775,8.07875,105787064
2019-07-09,7.95875,8.2275,7.94125,8.2,88595008
2019-07-10,8.35,8.51125,8.3,8.4425,154109220
2019-07-11,8.48375,8.5377,8.33875,8.42,127849408
2019-07-12,8.44375,8.56375,8.421875,8.56125,89192480
2019-07-15,8.62,8.64875,8.55125,8.63375,73394280
2019-07-16,8.60625,8.635,8.43,8.51125,111992008
2019-07-17,8.515,8.55375,8.38,8.385,92507776
2019-07-18,8.26125,8.457213,8.178838,8.42125,136268010
2019-07-19,8.5875,8.588,8.19625,8.2175,140779100
2019-07-22,8.28,8.46625,8.2775,8.41125,95496352
2019-07-23,8.55125,8.5775,8.3801,8.57375,116049800
2019-07-24,8.48,8.75625,8.475,8.75625,109244912
2019-07-25,8.6675,8.66875,8.455,8.50625,150074840
2019-07-26,8.6625,8.79875,8.6525,8.75875,111478400
2019-07-29,8.745,8.745,8.50875,8.6775,113275504
2019-07-30,8.4775,8.66,8.4575,8.56125,111503696
2019-07-31,8.62875,8.64375,7.9625,8.2,196340520
2019-08-01,8.245,8.7,7.955,8.085,298384470
2019-08-02,7.9,7.92875,7.57505,7.715,246920040
2019-08-05,7.2425,7.2425,6.71,6.905,302485180
2019-08-06,7.09,7.2475,6.9375,7.18875,213540540
2019-08-07,6.95125,7.32875,6.7875,7.29375,307908920
2019-08-08,7.405,7.77875,7.33625,7.77625,219055670
2019-08-09,7.6575,7.739988,7.37125,7.54625,221366790
2019-08-12,7.41,7.47875,7.19,7.29375,213311540
2019-08-13,7.28,7.92375,7.249625,7.7725,240455990
2019-08-14,7.39375,7.4675,7.032513,7.07625,304930670
2019-08-15,7.1125,7.164375,6.88375,7.04625,210845950
2019-08-16,7.2225,7.435988,7.2225,7.37125,164896240
2019-08-19,7.68375,7.779988,7.62125,7.71625,120362600
2019-08-20,7.67625,7.75625,7.55125,7.5575,125672856
2019-08-21,7.75375,7.824038,7.671588,7.75,101961544
2019-08-22,7.795,7.848875,7.49125,7.675,153231460
2019-08-23,7.51625,7.725,6.885,6.9725,302813530
2019-08-26,7.18625,7.2575,7.0575,7.255,146891900
2019-08-27,7.40625,7.445,7.125,7.21125,155128250
2019-08-28,7.13875,7.32125,7.031688,7.28375,128061800
2019-08-29,7.5525,7.678875,7.4675,7.615,142078530
2019-08-30,7.739875,7.741713,7.432513,7.56125,136254290
2019-09-03,7.41125,7.5225,7.263875,7.34125,129223592
2019-09-04,7.5475,7.67125,7.49,7.65,100864088
2019-09-05,7.9025,8.138738,7.8905,8.0725,127101672
2019-09-06,8.10625,8.12,7.995,8.05,115038408
2019-09-09,8.12125,8.13375,7.87125,7.99875,112312896
2019-09-10,7.8675,7.935,7.71,7.9325,136765620
2019-09-11,7.96875,8.16125,7.91625,8.14625,111400632
2019-09-12,8.2975,8.435,8.21125,8.2475,139930940
2019-09-13,8.2125,8.2675,8.125,8.16,107610152
2019-09-16,7.99875,8.096913,7.975,8.0475,97123712
2019-09-17,8.045,8.16125,7.9975,8.15375,91343760
2019-09-18,8.1075,8.15875,7.84375,8.14875,142741220
2019-09-19,8.190625,8.336675,8.1375,8.185,133304568
2019-09-20,8.22,8.24375,7.8425,7.9275,124387416
2019-09-23,7.91,8.005,7.8375,7.935,91800504
2019-09-24,8.04375,8.0925,7.5175,7.62125,205767750
2019-09-25,7.595,7.93,7.40375,7.865,153711340
2019-09-26,7.84125,7.8575,7.6075,7.78625,137225240
2019-09-27,7.81875,7.83155,7.333113,7.50375,188658890
2019-09-30,7.575,7.739988,7.535,7.70375,118850400
2019-10-01,7.79,7.91875,7.4775,7.5175,159715080
2019-10-02,7.36625,7.36625,7.0025,7.1325,272048140
2019-10-03,7.1275,7.370738,6.86375,7.3675,241431990
2019-10-04,7.46375,7.71,7.448763,7.6775,170850660
2019-10-07,7.6075,7.79125,7.56705,7.60625,163187280
2019-10-08,7.455,7.56,7.25,7.26,236775940
2019-10-09,7.45,7.57625,7.3825,7.48,156942380
2019-10-10,7.48125,7.73375,7.46,7.64375,180159610
2019-10-11,7.9025,8.125,7.8925,7.93,223434570
2019-10-14,7.90625,8.01375,7.8825,7.93875,92828312
2019-10-15,8.01,8.29375,7.99625,8.24,141793040
2019-10-16,8.152625,8.23875,8.09875,8.17875,118639104
2019-10-17,8.32,8.3575,8.1425,8.235,122217264
2019-10-18,8.2025,8.25375,7.87375,7.99875,154572210
2019-10-21,8.128625,8.2275,8.05375,8.21,94676608
2019-10-22,8.295,8.34125,8.009438,8.02,126637208
2019-10-23,7.96375,8.063538,7.925,8.0575,98701760
2019-10-24,8.23375,8.304375,8.120625,8.28875,124615360
2019-10-25,8.16125,8.49875,8.15625,8.4775,129177432
2019-10-28,8.6075,8.77125,8.6075,8.73625,111595656
2019-10-29,8.69375,8.73125,8.52875,8.535,107028304
2019-10-30,8.58,8.6975,8.43375,8.655,118984624
2019-10-31,8.72125,8.74,8.51375,8.66125,123296264
2019-11-01,8.77625,8.89875,8.735625,8.89625,115052760
2019-11-04,9.07625,9.12125,9.015,9.055,99926680
2019-11-05,9.09625,9.1225,8.98625,9.06625,103229992
2019-11-06,9.04375,9.04785,8.88125,9.00875,115329456
2019-11-07,9.15125,9.275,9.02125,9.1,125718952
2019-11-08,9.04625,9.21125,8.97875,9.2075,81637424
2019-11-11,9.07125,9.1825,9.031,9.16875,76272376
2019-11-12,9.19,9.34,9.15,9.24375,128691712
2019-11-13,9.15375,9.27875,9.1325,9.23,112740496
2019-11-14,9.14875,9.24625,9.06375,9.2275,108000344
2019-11-15,9.38875,9.4175,9.3075,9.40125,90647368
2019-11-18,9.38875,9.4975,9.2725,9.45,96991136
2019-11-19,9.55875,9.55875,9.38625,9.48875,112418488
2019-11-20,9.41875,9.50375,9.1025,9.3225,151227170
2019-11-21,9.29,9.30625,9.16875,9.25,90659384
2019-11-22,9.32,9.33875,9.12125,9.275,83668352
2019-11-25,9.39,9.6025,9.3875,9.59625,80841256
2019-11-26,9.61375,9.68935,9.575,9.65375,84063144
2019-11-27,9.7225,9.8525,9.69,9.84875,82564520
2019-11-29,9.77625,9.82125,9.7,9.7175,53796104
2019-12-02,9.7175,9.72375,9.25375,9.405,152688910
2019-12-03,9.0375,9.20375,8.88875,9.19375,157142180
2019-12-04,9.33625,9.396838,9.292488,9.33,88222752
2019-12-05,9.4275,9.42875,9.246875,9.37875,89708616
2019-12-06,9.585,9.7025,9.5675,9.66875,93027360
2019-12-09,9.63625,9.76625,9.5394,9.55,78243488
2019-12-10,9.55625,9.66,9.46,9.52875,112386216
2019-12-11,9.585,9.70375,9.545,9.6725,91367392
2019-12-12,9.64125,10.0,9.6025,9.89375,184038400
2019-12-13,9.87,10.09,9.8075,9.9825,161067780
2019-12-16,10.1775,10.32125,10.17,10.26875,99907224
2019-12-17,10.32125,10.34875,10.25,10.2825,84683632
2019-12-18,10.330625,10.41,10.2925,10.30625,71709848
2019-12-19,10.3325,10.5225,10.3325,10.51625,83550776
2019-12-20,10.65375,10.69,10.575,10.64125,99682360
2019-12-23,10.7525,10.772625,10.69625,10.72,72555016
2019-12-24,10.74375,10.75875,10.65625,10.73,39898728
2019-12-26,10.77875,11.01375,10.778125,11.00875,64775352
2019-12-27,11.12625,11.1325,10.89375,10.97625,99870048
2019-12-30,10.96625,10.9825,10.6,10.7575,113138752
2019-12-31,10.6625,10.845,10.607525,10.81875,84425920
2020-01-02,11.08875,11.355,11.0275,11.355,131433928
2020-01-03,10.91125,11.25,10.905,11.04625,145320270
2020-01-06,10.78375,11.26,10.743825,11.25625,128774216
2020-01-07,11.2675,11.3475,11.145,11.2425,115060224
2020-01-08,11.245,11.66,11.191263,11.50125,160250660
2020-01-09,11.77875,11.8575,11.59,11.79125,146381770
2020-01-10,11.92375,11.93375,11.64125,11.695,137755820
2020-01-13,11.84125,12.11,11.78875,12.10375,117286600
2020-01-14,12.0725,12.14375,11.9025,11.9625,146718970
2020-01-15,11.9725,12.14125,11.8525,11.97,133002856
2020-01-16,12.13875,12.31125,12.06625,12.30375,121100576
2020-01-17,12.46375,12.517163,12.2825,12.4875,144402520
2020-01-21,12.37875,12.56375,12.37,12.48125,138882110
2020-01-22,12.65375,12.78625,12.5225,12.56625,136148540
2020-01-23,12.54125,12.69875,12.37125,12.6825,143588580
2020-01-24,12.8625,12.90125,12.18875,12.35375,239374490
2020-01-27,11.53125,11.793125,11.2725,11.59,198626180
2020-01-28,11.83125,12.20875,11.7475,12.12875,171862040
2020-01-29,12.328125,12.37,12.022513,12.1725,138571100
2020-01-30,11.95,12.325,11.83125,12.31,200249320
2020-01-31,12.46,12.46875,11.593125,11.705,220384030
2020-02-03,11.88875,12.3325,11.86625,12.2425,174185070
2020-02-04,12.75,13.15625,12.6275,13.07875,140249180
2020-02-05,13.57,13.5725,12.98625,13.23,174611950
2020-02-06,13.31375,13.5675,13.17625,13.5525,113133080
2020-02-07,13.3725,13.60125,13.265,13.3775,154051840
2020-02-10,13.2475,13.86375,13.2375,13.86,123249048
2020-02-11,14.0875,14.23375,13.76,13.87,193770250
2020-02-12,14.11125,14.29375,14.0125,14.27625,121607784
2020-02-13,13.97375,14.3875,13.9225,14.22125,155282340
2020-02-14,14.2775,14.37375,14.135,14.3175,113969792
2020-02-18,14.115,14.428975,14.07375,14.3425,131135488
2020-02-19,14.60125,14.85,14.549375,14.7575,105627208
2020-02-20,14.6625,14.7475,13.79875,14.3375,227657750
2020-02-21,14.1325,14.1975,13.34125,13.5175,207412490
2020-02-24,12.035,12.4475,11.70375,11.96,269674090
2020-02-25,12.24125,12.36375,10.8675,10.9925,300793420
2020-02-26,11.16,11.71625,10.89375,11.14375,340538410
2020-02-27,10.2875,10.801238,9.4475,9.4775,425116360
2020-02-28,8.55125,9.67875,8.4375,9.625,495348140
2020-03-02,9.90875,10.9675,9.49625,10.93875,363518630
2020-03-03,11.04625,11.4375,9.61,9.90875,548126400
2020-03-04,10.4425,11.14375,10.1625,11.11125,315827540
2020-03-05,10.28,10.845,9.88625,10.13625,386971630
2020-03-06,9.09125,9.76,8.875,9.605,393519060
2020-03-09,7.69125,8.64375,7.625,7.65375,406964980
2020-03-10,8.4975,8.86625,7.625,8.845,456252460
2020-03-11,8.2225,8.40375,7.375,7.7075,434840400
2020-03-12,6.1875,7.1875,5.55,5.595,618225940
2020-03-13,6.53,7.164038,5.6325,7.105,556290730
2020-03-16,5.0575,6.075,4.62375,4.65625,658290140
2020-03-17,4.9225,5.6425,4.46875,5.415,762020620
2020-03-18,4.5375,5.1875,4.09125,4.91375,848999140
2020-03-19,4.85625,5.51,4.5,5.0275,804808660
2020-03-20,5.37375,5.475,4.3875,4.43875,782255200
2020-03-23,4.49125,4.75,4.03375,4.4525,820073860
2020-03-24,5.15375,5.4675,5.01625,5.445,829823670
2020-03-25,5.525,5.979375,5.135,5.31875,834874070
2020-03-26,5.47875,6.25,5.458413,6.185,649239910
2020-03-27,5.70375,6.04125,5.473625,5.5425,557143540
2020-03-30,5.6975,6.1725,5.625,6.125,416621270
2020-03-31,6.07625,6.44125,5.857288,5.955,731903900
2020-04-01,5.45,5.715,5.077488,5.21625,535589910
2020-04-02,5.15,5.542488,5.09625,5.525,467530920
2020-04-03,5.4825,5.622763,5.107513,5.3025,554483990
2020-04-06,5.88875,6.52375,5.795513,6.4125,518617180
2020-04-07,6.9875,7.03625,6.375,6.4,658009570
2020-04-08,6.585625,6.875,6.41,6.80875,518180130
2020-04-09,6.99125,7.09,6.65875,6.83375,553297730
2020-04-13,6.75,7.11,6.63425,7.07125,426961920
2020-04-14,7.50625,8.05,7.42375,7.98875,490049690
2020-04-15,7.61375,7.92375,7.457613,7.72375,431687640
2020-04-16,7.97625,8.25875,7.74375,8.1375,562920130
2020-04-17,8.45875,8.5125,8.00375,8.34125,463564500
2020-04-20,8.14875,8.43875,8.0575,8.07125,386998340
2020-04-21,7.8325,7.89125,7.03875,7.17875,519489940
2020-04-22,7.62875,7.9575,7.53875,7.81375,275892000
2020-04-23,7.90375,8.19875,7.715,7.7625,424868190
2020-04-24,7.8175,8.175,7.65125,8.1375,318367090
2020-04-27,8.3975,8.44875,8.205,8.29625,304741780
2020-04-28,8.5275,8.52875,7.82625,7.8475,386247240
2020-04-29,8.38125,8.796238,8.26125,8.66375,346103730
2020-04-30,8.80125,8.808625,8.493788,8.72125,380545060
2020-05-01,8.165,8.41375,7.8125,7.93875,346245420
2020-05-04,7.816875,8.24125,7.75875,8.21875,200755610
2020-05-05,8.46625,8.778125,8.40125,8.48125,288714600
2020-05-06,8.6925,8.890625,8.548775,8.64875,311880890
2020-05-07,8.97875,9.09375,8.820625,8.98625,289489890
2020-05-08,9.19375,9.36875,9.065,9.34875,262836840
2020-05-11,9.18375,9.7375,9.15625,9.58125,269383740
2020-05-12,9.68375,9.76625,9.00375,9.01125,339363300
2020-05-13,9.07375,9.30625,8.345,8.67,491119230
2020-05-14,8.505,8.96125,8.26375,8.9575,402999180
2020-05-15,8.58875,9.1375,8.53625,9.11125,357806700
2020-05-18,9.5,9.775,9.4025,9.63875,297630960
2020-05-19,9.6725,9.94625,9.55,9.565,261430530
2020-05-20,9.90125,10.18875,9.90125,10.125,285415880
2020-05-21,10.155,10.24,9.74125,9.81375,322693500
2020-05-22,9.76125,9.93625,9.63125,9.9025,209664930
2020-05-26,10.38125,10.415,9.7975,9.86125,245202210
2020-05-27,9.76375,10.005,9.1725,10.0,347290970
2020-05-28,9.825,10.400738,9.81875,9.93625,305225100
2020-05-29,10.005,10.415,9.79,10.34625,358947290
2020-06-01,10.256875,10.53,10.20375,10.47375,211162320
2020-06-02,10.53,10.69375,10.205,10.6825,250714160
2020-06-03,10.76875,10.93625,10.65125,10.8275,215033420
2020-06-04,10.77875,10.985,10.419625,10.6075,266408400
2020-06-05,10.7375,11.316325,10.6875,11.23625,281394340
2020-06-08,11.19875,11.51,10.987663,11.48625,218544440
2020-06-09,11.36125,11.8725,11.342375,11.7425,213179500
2020-06-10,11.995,12.4025,11.9225,12.16625,302911070
2020-06-11,11.5725,11.77625,10.3525,10.375,383331990
2020-06-12,11.0362,11.205813,10.05375,10.6,411877140
2020-06-15,10.135,11.085,10.0075,10.97375,398184850
2020-06-16,11.67375,11.765,11.03875,11.55375,383217780
2020-06-17,11.77125,11.9325,11.55,11.66625,258858180
2020-06-18,11.6175,11.795,11.505,11.75625,212785900
2020-06-19,12.12125,12.15375,11.495,11.74,289950000
2020-06-22,11.73875,12.19375,11.68875,12.1575,220133220
2020-06-23,12.42125,12.8275,12.3325,12.475,234898280
2020-06-24,12.3625,12.55875,11.48125,11.74,392821360
2020-06-25,11.73875,12.09,11.3425,12.05125,301703300
2020-06-26,12.0025,12.0375,11.1125,11.185,375941110
2020-06-29,11.15125,11.55375,10.785,11.5425,259609280
2020-06-30,11.54,12.31,11.51625,12.20625,251388730
2020-07-01,12.2325,12.808738,12.155,12.6425,252137770
2020-07-02,13.03625,13.23375,12.8425,12.91125,228152180
2020-07-06,13.4125,13.947488,13.41125,13.86,211983640
2020-07-07,13.81875,14.27,13.53,13.5875,246099140
2020-07-08,13.80375,14.1175,13.56125,14.11,239931340
2020-07-09,14.42625,14.58375,13.7325,14.4625,317596370
2020-07-10,14.4275,14.80625,13.98625,14.76875,242789320
2020-07-13,15.25625,15.74375,13.71125,13.85625,374584430
2020-07-14,13.44875,14.215,12.92375,14.15,459750820
2020-07-15,14.3575,14.5275,13.67375,14.22,367543610
2020-07-16,13.755,14.045,13.37375,13.915,299971620
2020-07-17,14.02,14.13,13.625,13.98,231003420
2020-07-20,14.1,15.27875,13.88625,15.17,251621460
2020-07-21,15.44875,15.45875,14.55,14.685,295681020
2020-07-22,14.77125,15.01625,14.45625,14.855,227789060
2020-07-23,14.78875,14.905,13.44625,13.69125,336648570
2020-07-24,13.06375,13.52,12.62625,13.28625,357218640
2020-07-27,13.57375,14.06875,13.435,14.0,267623700
2020-07-28,13.885,13.96375,13.42125,13.47375,238702570
2020-07-29,13.71125,14.07625,13.64375,13.9325,194280530
2020-07-30,13.6125,14.24625,13.42,14.15875,302200180
2020-07-31,14.915,14.9375,14.11005,14.9225,360004770
2020-08-03,15.28125,15.64125,15.2575,15.47875,217868020
2020-08-04,15.415,15.7025,15.2925,15.68,211007860
2020-08-05,15.76875,15.88375,15.61375,15.805,162963200
2020-08-06,15.76375,16.49125,15.6525,16.41,192064030
2020-08-07,16.3275,16.4775,15.46125,15.87375,296707940
2020-08-10,15.90875,15.95125,15.021,15.66,254311030
2020-08-11,15.445,15.68125,14.67375,14.77125,310273210
2020-08-12,15.1375,16.045,15.1375,15.87625,221844260
2020-08-13,16.01,16.3975,15.81625,15.9875,234281430
2020-08-14,16.0825,16.14875,15.67625,15.94125,199737600
2020-08-17,16.23375,16.545,16.2075,16.4675,126664648
2020-08-18,16.67875,17.050013,16.41125,16.95125,149313330
2020-08-19,16.94845,17.15125,16.53625,16.62,205847180
2020-08-20,16.46875,17.39875,16.39625,17.30375,152774740
2020-08-21,17.3325,17.75125,17.224375,17.665,164280230
2020-08-24,18.27625,18.444875,17.555,17.9925,251383710
2020-08-25,17.85375,18.43125,17.75875,18.4125,172557040
2020-08-26,18.65875,19.63125,18.635,19.59125,219663330
2020-08-27,19.8225,19.98375,18.9475,19.41375,302602030
2020-08-28,19.66125,19.841238,19.39375,19.71375,198145390
2020-08-31,19.8175,20.5675,19.7275,20.17,180398070
2020-09-01,20.74,21.24625,20.36875,21.2175,193840190
2020-09-02,21.935,21.95875,20.584188,21.81625,289369750
2020-09-03,20.84125,20.925,17.8525,18.46625,443024920
2020-09-04,18.1725,18.7875,15.4825,17.705,561480860
2020-09-08,15.61875,16.74625,15.1325,15.2025,426824450
2020-09-09,16.12875,16.9,15.70875,16.50875,290352300
2020-09-10,17.064938,17.29875,15.2175,15.55375,465936480
2020-09-11,15.875,16.02375,14.60125,15.21375,385797860
2020-09-14,15.875,16.35125,15.635,15.9975,269033180
2020-09-15,16.66625,16.92755,16.37,16.6775,300889420
2020-09-16,16.81625,16.915,15.82375,15.87625,307173290
2020-09-17,14.65125,15.495,14.50625,15.145,446845090
2020-09-18,15.3575,15.431225,13.84525,14.56,463042620
2020-09-21,13.90375,14.74375,13.5125,14.7325,375314780
2020-09-22,15.15,15.64125,14.5575,15.5375,315066680
2020-09-23,15.48125,15.51875,13.96375,14.09875,405507440
2020-09-24,13.71125,14.83875,13.64625,14.305,375036330
2020-09-25,14.38375,15.445,14.13125,15.3075,324478780
2020-09-28,16.16125,16.25,15.69625,16.215,273331210
2020-09-29,16.185,16.354863,15.94125,16.045,222777390
2020-09-30,16.07375,16.94,16.03125,16.3625,338768340
2020-10-01,17.07125,17.25875,16.7225,17.12875,278675970
2020-10-02,16.015,16.70375,15.54125,15.71625,399553370
2020-10-05,16.05875,16.7625,16.03125,16.7075,210790700
2020-10-06,16.54875,16.89,15.64375,15.81,345649110
2020-10-07,16.27125,16.76375,16.1725,16.64125,225088980
2020-10-08,17.05625,17.075838,16.6925,16.88625,197893700
2020-10-09,17.1925,17.673125,17.12,17.6375,195271550
2020-10-12,18.55,19.84125,18.3575,19.2825,294117160
2020-10-13,19.65,19.79125,19.01875,19.285,283861590
2020-10-14,19.4575,19.65,18.45625,18.80875,297970990
2020-10-15,17.8775,18.54875,17.7425,18.42,249076540
2020-10-16,18.75875,19.033625,18.0625,18.1375,228097100
2020-10-19,18.505,18.68875,17.045,17.23625,277554970
2020-10-20,17.3725,17.925,17.07345,17.3475,274710130
2020-10-21,17.38625,17.87625,17.215,17.3025,242572590
2020-10-22,17.4625,17.625425,16.68375,17.31125,239163210
2020-10-23,17.42625,17.42875,16.86125,17.4125,191087770
2020-10-26,16.97125,17.4975,15.93625,16.61875,317113220
2020-10-27,16.78375,17.15,16.565,17.01125,223860020
2020-10-28,16.1775,16.28,14.975025,15.015,369440320
2020-10-29,15.2425,16.3075,15.155,15.77875,276374720
2020-10-30,15.44375,15.59125,14.19375,14.68125,462331500
2020-11-02,14.97375,15.26125,14.20125,14.68625,302271860
2020-11-03,14.9975,15.801163,14.825,15.425,269938630
2020-11-04,16.94875,17.83,16.665,17.51,338375430
2020-11-05,18.7075,19.06875,18.44875,18.86125,300265130
2020-11-06,18.73375,19.07125,18.0075,18.925,270302580
2020-11-09,19.46,19.7975,17.685,17.77,331731060
2020-11-10,17.1425,17.40625,16.29375,16.81125,337333270
2020-11-11,17.25875,18.02375,17.185,17.94125,253661480
2020-11-12,18.10625,18.365,17.465,17.67875,287714200
2020-11-13,17.9725,18.26,17.5825,18.1425,209794500
2020-11-16,18.09375,18.62625,17.968,18.56,213749020
2020-11-17,18.6,18.669988,18.26625,18.38875,182703620
2020-11-18,18.2825,18.59375,17.9625,17.9625,154341250
2020-11-19,17.86375,18.46125,17.745,18.4075,159341790
2020-11-20,18.38125,18.53375,18.015,18.03375,129993464
2020-11-23,18.2275,18.4675,17.595,18.0375,179060810
2020-11-24,18.2275,18.87875,17.88375,18.775,156015090
2020-11-25,18.965,19.25125,18.80625,19.12875,128677640
2020-11-27,19.505,19.883738,19.44125,19.65125,92927512
2020-11-30,19.715,19.847513,18.8225,19.7525,184622110
2020-12-01,20.22375,20.86875,20.012513,20.52875,170795620
2020-12-02,20.27625,20.680163,19.8975,20.61125,146129310
2020-12-03,20.66125,21.02375,20.543875,20.695,157461660
2020-12-04,20.7,20.98,20.56375,20.94875,127088056
2020-12-07,20.9875,21.3775,20.95,21.30375,124027744
2020-12-08,21.20625,21.585,20.82625,21.49875,133925760
2020-12-09,21.48,21.5325,19.8275,20.05875,244878730
2020-12-10,19.63,20.533338,19.4075,20.305,173346580
2020-12-11,19.95625,20.19125,19.4875,20.1625,169819570
2020-12-14,20.40375,21.00625,20.39625,20.5925,146684470
2020-12-15,21.0725,21.25125,20.615,21.2325,157982770
2020-12-16,21.34625,21.78125,21.1225,21.58875,137590460
2020-12-17,21.95625,22.084375,21.69875,22.03125,139275420
2020-12-18,22.195,22.23875,21.31625,21.79125,168756110
2020-12-21,21.19625,21.8275,20.585,21.71,203596700
2020-12-22,21.9125,22.08875,21.271875,21.88125,162008830
2020-12-23,21.88,21.97,21.5225,21.55125,119434368
2020-12-24,21.61375,21.93,21.59,21.83125,77065776
2020-12-28,22.395,22.594375,22.00375,22.48625,117053072
2020-12-29,22.79375,22.925,22.35125,22.5525,121142752
2020-12-30,22.80625,22.875,22.40875,22.54875,104806928
2020-12-31,22.53375,22.81,22.29125,22.725,106708184
2021-01-04,23.01,23.0485,20.85375,21.73125,197472170
2021-01-05,21.535,22.319375,21.535,22.27625,118712400
2021-01-06,21.2375,22.2925,21.0275,21.355,210730570
2021-01-07,21.92125,23.08125,21.91875,22.8975,123695088
2021-01-08,23.41375,23.86,22.925,23.785,152815300
2021-01-11,23.10125,23.3675,22.60125,22.73375,141302300
2021-01-12,22.765,23.00125,22.05,22.635,146031410
2021-01-13,22.69625,23.27375,22.563025,23.075,108750032
2021-01-14,23.1875,23.4175,22.62,22.72375,118235600
2021-01-15,22.67625,22.89125,21.885,22.17125,141691890
2021-01-19,22.68125,23.25875,22.45,23.1325,120967336
2021-01-20,23.96375,24.971238,23.8825,24.745,121736352
2021-01-21,25.0625,25.535,24.75,25.36,92683264
2021-01-22,25.1025,25.38,24.970025,25.13,81878776
2021-01-25,25.94,26.26705,24.2,25.8275,153170220
2021-01-26,25.93,26.145,25.54375,25.855,90968940
2021-01-27,25.315,25.325,23.25,23.77,188900710
2021-01-28,23.9725,25.25,23.8375,24.12,90021704
2021-01-29,23.725,23.98,22.1875,22.6175,184278480
2021-02-01,23.3875,24.5075,22.935,24.28,105659496
2021-02-02,24.9725,25.739975,24.94,25.455,92746548
2021-02-03,25.9825,26.0575,25.1625,25.1625,95172040
2021-02-04,25.51,26.075,25.1875,26.0525,72808900
2021-02-05,26.3,26.5725,25.8925,26.325,86615288
2021-02-08,26.74,26.887525,26.33715,26.84,76994996
2021-02-09,26.62,27.1425,26.62,26.8275,65768884
2021-02-10,27.195,27.3,25.865,26.6375,123547916
2021-02-11,27.04,27.185,26.49,27.0675,98859980
2021-02-12,26.895,27.575,26.61,27.5275,77471724
2021-02-16,27.74,27.964975,27.02,27.2975,88663748
2021-02-17,26.5575,26.985,26.0025,26.9175,106643128
2021-02-18,26.015,26.74,25.57,26.555,110201988
2021-02-19,26.91,26.92,25.965,26.205,93377260
2021-02-22,25.135,25.45,24.125,24.175,132734892
2021-02-23,22.945,24.34,21.605,23.96,199274830
2021-02-24,23.31,24.6175,22.725,24.5375,123041844
2021-02-25,23.905,24.5175,21.6125,21.975,237791860
2021-02-26,22.59625,23.29,21.5625,22.305,209318370
2021-03-01,23.34,24.32695,23.0475,24.25,133707032
2021-03-02,24.385,24.42125,23.025,23.0875,151693150
2021-03-03,22.8425,23.05,21.06125,21.085,231542590
2021-03-04,20.9925,21.66,19.22,20.0425,432037030
2021-03-05,20.5725,21.1175,18.7575,20.94,336656580
2021-03-08,20.82,21.2125,19.0675,19.15,235731510
2021-03-09,20.616625,21.7875,20.4825,21.405,173429100
2021-03-10,22.315,22.375,21.0775,21.2225,203371220
2021-03-11,22.255,23.065,22.035,22.695,158935730
2021-03-12,21.7925,22.1675,21.2675,22.13,166589920
2021-03-15,22.2025,22.8775,21.845,22.8375,127339508
2021-03-16,23.335,23.9975,22.9,23.2125,168770240
2021-03-17,22.53,23.9325,22.1525,23.505,196370610
2021-03-18,22.4025,22.625,21.2375,21.3475,229509800
2021-03-19,21.3125,21.8875,20.85,21.62,193286570
2021-03-22,22.0725,23.2175,22.0725,22.7725,141101160
2021-03-23,23.0125,23.307475,22.2925,22.475,187780760
2021-03-24,22.7725,22.78,21.3125,21.34,190483730
2021-03-25,20.955,21.545,20.4125,21.225,239874390
2021-03-26,21.18,22.2425,20.8825,22.1625,215060470
2021-03-29,22.06,22.385,21.43,22.15,190589160
2021-03-30,21.7375,21.9475,21.24,21.835,148349760
2021-03-31,22.1975,23.15,22.1275,22.815,161968680
2021-04-01,23.65875,24.0075,23.605,23.975,145087300
2021-04-05,24.5525,25.595,24.49285,25.415,130539708
2021-04-06,25.34,25.82,25.1775,25.355,120606856
2021-04-07,25.257375,25.745,25.025,25.5425,98987024
2021-04-08,26.23,26.385,26.025,26.34,113619320
2021-04-09,26.005,26.865,25.83,26.8175,129438200
2021-04-12,26.575,26.81,26.245,26.7125,109631972
2021-04-13,27.095,27.75,27.03,27.6275,115022044
2021-04-14,27.6975,27.7325,26.44,26.6575,161227430
2021-04-15,27.3425,27.9425,27.31,27.835,120798096
2021-04-16,27.9775,27.9975,27.475,27.9525,117487904
2021-04-19,27.5375,27.8425,26.6875,27.19,159168200
2021-04-20,27.0125,27.33,26.0975,26.595,158283770
2021-04-21,26.25,27.3075,26.005,27.2675,111057156
2021-04-22,27.1675,27.4075,25.985,26.275,174848250
2021-04-23,26.43,27.579975,26.43,27.265,107883704
2021-04-26,27.3275,27.8675,27.1375,27.805,99976640
2021-04-27,27.8675,27.9175,27.1925,27.44,119312616
2021-04-28,27.3475,27.6,26.992525,27.1575,118950000
2021-04-29,27.965,28.0575,26.645,27.43,148124380
2021-04-30,26.8225,27.45,26.6725,26.915,118440368
2021-05-03,27.19,27.3725,26.3575,26.475,134222140
2021-05-04,25.8625,25.9225,24.1125,25.08,211233840
2021-05-05,25.51,25.7125,24.6,24.7875,136429170
2021-05-06,24.7175,25.370025,24.1975,25.33,169663270
2021-05-07,25.9925,26.51875,25.69275,25.95,158706750
2021-05-10,25.6225,25.665,23.94,24.0,184214960
2021-05-11,22.6475,24.06,22.5,23.88,228806900
2021-05-12,22.755,23.2875,21.83,22.0625,236158060
2021-05-13,22.65,23.167525,22.0176,22.5275,208602060
2021-05-14,23.22,24.2225,23.105,23.9925,144263340
2021-05-17,23.6275,23.789975,22.9325,23.5875,138542310
2021-05-18,23.8025,24.07,23.0475,23.0925,131683956
2021-05-19,21.9125,23.2475,21.8325,23.1775,191889700
2021-05-20,23.5175,24.715,23.4575,24.5175,139226430
2021-05-21,24.885,24.983,24.0275,24.1125,128133268
2021-05-24,24.6375,25.585,24.555,25.32,92181684
2021-05-25,25.687,25.86,25.1575,25.4425,106728844
2021-05-26,25.59,25.80965,25.43,25.7,78034928
2021-05-27,25.5925,25.79,25.36,25.4,83216840
2021-05-28,25.695,26.02375,25.575,25.6475,81857104
2021-06-01,25.9625,26.075,25.07125,25.3975,103863512
2021-06-02,25.4875,25.7425,25.1325,25.53,83178624
2021-06-03,24.8725,25.1675,24.34375,24.7275,121032132
2021-06-04,25.1575,26.097475,25.1325,25.995,91175212
2021-06-07,25.8575,26.24125,25.703525,26.225,62193092
2021-06-08,26.645,26.855,25.85625,26.255,92944476
2021-06-09,26.59,26.78,26.2325,26.285,77803640
2021-06-10,26.3575,27.125,26.25,27.09,117206872
2021-06-11,27.105,27.31,26.94,27.305,68338724
2021-06-14,27.41,28.0925,27.125,28.07,90823140
2021-06-15,28.005,28.085,27.365,27.55,90108140
2021-06-16,27.655,27.917525,26.38,27.255,157777990
2021-06-17,26.99,28.52,26.9825,28.2725,144323550
2021-06-18,27.8525,28.1445,27.42,27.5975,142894530
2021-06-21,27.6575,28.2,27.0975,28.1025,107708544
2021-06-22,28.0775,29.0125,27.9925,28.8875,103578716
2021-06-23,28.8925,29.24,28.73125,28.9375,93996900
2021-06-24,29.435,29.8725,29.2975,29.47,93672460
2021-06-25,29.6225,29.6875,29.212475,29.3775,86993136
2021-06-28,29.6925,30.47,29.685,30.4175,88787700
2021-06-29,30.39,30.769,30.1675,30.76,74559884
2021-06-30,30.7225,30.825,30.4625,30.625,80546616
2021-07-01,30.52,30.784975,30.1625,30.64,83834976
2021-07-02,31.16,31.7875,31.095,31.68,93501988
2021-07-06,31.8625,32.19,31.125,32.105,109599556
2021-07-07,32.725,32.805,31.775,32.31,115275480
2021-07-08,30.92125,31.965,30.56,31.75,152524270
2021-07-09,31.57,32.45,31.4075,32.2875,92875524
2021-07-12,32.7,32.822225,32.2646,32.6925,87126188
2021-07-13,32.595,33.516875,32.4525,32.675,119450004
2021-07-14,33.34,33.52,32.6375,32.8525,136042700
2021-07-15,32.8525,32.895,31.615,32.1725,137192970
2021-07-16,32.41375,32.6775,31.2925,31.3825,127402892
2021-07-19,30.4525,30.75,29.9175,30.63,202286410
2021-07-20,30.86,32.075,30.3875,31.64,121544692
2021-07-21,31.5775,32.3975,31.5,32.3625,81763364
2021-07-22,32.4625,33.05,32.458775,33.0425,94957404
2021-07-23,33.425,34.2775,33.07375,34.14,103898452
2021-07-26,34.005,34.3925,33.76,34.2825,85977628
2021-07-27,34.2075,34.2075,31.9575,33.1625,178782120
2021-07-28,33.465,33.965,32.8175,33.525,143940260
2021-07-29,33.37,34.03,33.36625,33.69,88638492
2021-07-30,32.5875,33.3375,32.5675,33.185,113118772
2021-08-02,33.635,33.7975,33.005,33.175,109119816
2021-08-03,33.36,33.8,32.4625,33.7525,126835652
2021-08-04,33.7725,34.19,33.45,33.92,96856968
2021-08-05,34.14,34.62,33.95,34.5575,77340504
2021-08-06,34.1975,34.4825,33.78875,34.1075,86305960
2021-08-09,34.2275,34.445,33.92,34.29,68421788
2021-08-10,34.4425,34.5275,33.42875,33.7775,106162432
2021-08-11,34.125,34.2625,33.21,33.595,93187900
2021-08-12,33.4525,34.05,33.06,33.945,79620208
2021-08-13,34.045,34.4025,33.9075,34.285,73289400
2021-08-16,33.985,34.357475,32.8738,34.345,122641572
2021-08-17,33.5525,33.8375,32.7425,33.4425,166395170
2021-08-18,33.275,33.68,32.3775,32.47,130084720
2021-08-19,31.935,33.4,31.8625,32.9325,163247620
2021-08-20,33.2375,34.0675,33.145,33.95,125082296
2021-08-23,34.2575,35.675,34.25,35.4625,96532252
2021-08-24,35.6525,35.985,35.5175,35.8125,72686944
2021-08-25,35.8725,36.1,35.6575,35.8525,76127024
2021-08-26,35.6675,35.8775,35.11,35.245,107004968
2021-08-27,35.4225,36.4,35.285,36.275,92319840
2021-08-30,36.5,37.63,36.4875,37.4775,91270380
2021-08-31,37.555,37.575,36.9225,37.3725,91795876
2021-09-01,37.7075,38.205,37.5175,37.5775,95567932
2021-09-02,37.9875,38.085,37.15,37.525,95298836
2021-09-03,37.175,37.985,37.165,37.8625,93294788
2021-09-07,37.8875,38.22,37.54,38.0175,90370688
2021-09-08,37.9525,37.9625,36.9275,37.6275,126846040
2021-09-09,37.6825,38.025,37.1475,37.225,110573516
2021-09-10,37.75,37.9625,36.2775,36.3875,138435480
2021-09-13,37.0725,37.195,35.69,36.305,155549380
2021-09-14,36.7375,36.965,35.705,35.9925,119258312
2021-09-15,36.1225,36.89,35.44125,36.79,111785248
2021-09-16,36.3875,37.032475,35.81,36.8625,105230844
2021-09-17,36.725,36.7325,35.24,35.56,154650370
2021-09-20,33.855,34.365,32.0,33.3725,243827260
2021-09-21,33.845,34.1875,33.1475,33.415,143401280
2021-09-22,33.715,34.8075,33.4025,34.3925,175338830
2021-09-23,34.7275,35.6425,34.5425,35.3475,138739140
2021-09-24,34.68,35.5625,34.575,35.4475,109550392
2021-09-27,34.5525,34.85,33.85,34.5925,156710920
2021-09-28,33.285,33.472475,31.5175,31.7075,297645810
2021-09-29,31.99,32.5725,31.325,31.4975,195061200
2021-09-30,31.945,32.385,31.02,31.1425,234624060
2021-10-01,31.3125,32.002475,30.21,31.71,208707960
2021-10-04,31.275,31.37175,29.1175,29.76,257235860
2021-10-05,29.9925,31.5,29.93025,30.905,162612820
2021-10-06,30.065,31.58,29.815,31.515,234990760
2021-10-07,32.33125,33.085,32.1825,32.3675,150815130
2021-10-08,32.6675,32.7305,31.7425,31.87,157132170
2021-10-11,31.465,32.4225,31.13375,31.1625,136215300
2021-10-12,31.5425,31.655,30.6525,30.845,174403480
2021-10-13,31.445,31.7375,30.9,31.5675,140921350
2021-10-14,32.5275,33.3625,32.35,33.31,121749828
2021-10-15,33.65,33.9625,33.355,33.9275,102858124
2021-10-18,33.5625,35.005,33.395,34.945,100876532
2021-10-19,35.26,35.7575,35.07,35.7125,106450700
2021-10-20,35.8725,36.055,35.17,35.6,118709736
2021-10-21,35.35875,36.3025,35.2825,36.2375,92100312
2021-10-22,35.8675,36.165,34.84,35.32,140248310
2021-10-25,35.747,36.6825,35.18,36.38,118951452
2021-10-26,37.08,37.79875,36.4125,36.72,167975580
2021-10-27,36.89,37.93,36.815,37.01,145067830
2021-10-28,37.5775,38.3125,37.35,38.225,130737504
2021-10-29,37.2975,38.85,37.195,38.79,134514330
2021-11-01,38.95,39.2325,38.295,39.1725,130045468
2021-11-02,39.00625,39.8425,38.99,39.695,120171236
2021-11-03,39.835,41.08,39.5175,40.955,145210450
2021-11-04,41.3575,42.836925,41.1825,42.4825,160879450
2021-11-05,43.115,43.415,42.1825,42.64,170505430
2021-11-08,42.625,42.975,42.265,42.465,112919652
2021-11-09,42.8125,42.9487,41.1425,41.59,176237640
2021-11-10,40.68,41.6,39.125,39.7675,193953450
2021-11-11,40.6875,40.7475,39.975,40.09,115438060
2021-11-12,40.4525,41.5175,39.9375,41.3625,127640784
2021-11-15,41.7275,41.8275,40.5225,41.35,139458220
2021-11-16,41.0725,42.352075,41.015,42.205,103181616
2021-11-17,42.3025,42.92125,41.9475,42.255,115935864
2021-11-18,42.92,43.725,42.1925,43.5475,173683350
2021-11-19,44.1075,44.717525,43.83,44.285,129214304
2021-11-22,44.8225,45.84,42.715,42.75,179044790
2021-11-23,42.3625,43.0425,40.6975,42.1675,226025410
2021-11-24,41.3275,42.64,40.5825,42.5575,198241600
2021-11-26,41.695,42.16,39.68,40.21,177682280
2021-11-29,41.55,43.04,41.3325,42.7075,158931890
2021-11-30,42.42,43.1975,40.1775,40.8725,302586000
2021-12-01,42.215,42.905,38.6175,38.775,304115200
2021-12-02,38.355,40.12975,37.9125,39.505,396432940
2021-12-03,40.0,40.32,36.2325,37.52,480573760
2021-12-06,37.6475,38.82,36.3825,38.3975,304827930
2021-12-07,40.4425,42.07,40.435,41.86,270578380
2021-12-08,41.9725,42.5,41.3675,42.4425,205243480
2021-12-09,42.0375,42.6275,40.5,40.61,212801930
2021-12-10,41.4425,41.9575,40.445,41.8675,203075380
2021-12-13,41.8675,41.9725,39.945,40.0675,179145210
2021-12-14,38.53,39.39,37.4575,38.875,230933520
2021-12-15,38.74,41.56725,37.5075,41.4475,269061210
2021-12-16,41.7525,41.905,37.7375,38.285,296219800
2021-12-17,37.2075,38.9475,36.75,37.7,300272160
2021-12-20,36.255,36.8125,35.625025,36.5725,241865880
2021-12-21,37.54,39.11225,36.4275,39.0175,219124870
2021-12-22,38.895,40.5,38.705825,40.41,177222700
2021-12-23,40.5425,41.8225,40.4925,41.37,131308256
2021-12-27,41.7725,43.3825,41.75,43.3475,125963272
2021-12-28,43.69,43.745,42.5075,42.8375,144825020
2021-12-29,42.8275,43.2475,41.98775,42.77,115494676
2021-12-30,42.6925,43.41375,42.1925,42.37,113271648
2021-12-31,42.1575,42.6,41.4275,41.5825,120497128
2022-01-03,41.9575,42.86,41.28,42.7825,153010300
2022-01-04,42.9575,42.9725,40.0975,41.12,213296220
2022-01-05,40.595,40.93,37.250625,37.3375,266490490
2022-01-06,36.7575,38.2025,36.105,37.235,308453170
2022-01-07,37.225,37.735,35.5,36.0175,285426970
2022-01-10,34.5875,36.235,33.025,36.15,358434810
2022-01-11,35.8575,37.7575,35.26,37.74,308653640
2022-01-12,38.4925,38.9825,37.47,38.17,276742340
2022-01-13,38.565,38.775,35.01,35.4,173531820
2022-01-14,34.545,36.0325,34.5,35.935,178451630
2022-01-18,34.2425,34.86,33.03,33.345,156341740
2022-01-19,33.68,34.355,32.08,32.185,183284400
2022-01-20,33.01,34.09,30.75,30.94,172197060
2022-01-21,30.31,31.0125,28.25,28.335,342054680
2022-01-24,26.9225,28.875,24.085,28.745,511809160
2022-01-25,27.075,28.155,25.875,26.625,347497980
2022-01-26,28.495,29.425,25.685,26.575,415676120
2022-01-27,27.7,28.12,25.52,25.78,323528160
2022-01-28,26.2,28.23,25.05,28.185,334032460
2022-01-31,28.5225,31.02995,28.11,30.915,227502270
2022-02-01,31.21,31.675,29.865,31.505,203691690
2022-02-02,32.61,32.68485,31.175,32.25,201630470
2022-02-03,29.66,30.535,28.06,28.37,211149940
2022-02-04,28.435,30.205,27.945,29.35,193068810
2022-02-07,29.535,30.135,28.36,28.685,153912230
2022-02-08,28.4,29.91275,28.115,29.66,158593210
2022-02-09,30.78,31.54,30.38,31.5,151075400
2022-02-10,29.655,31.455,28.9,29.41,254286700
2022-02-11,29.39,29.775,26.2775,26.64,268511280
2022-02-14,26.45,27.485,25.85,26.715,190125070
2022-02-15,27.915,28.72,27.675,28.65,164171170
2022-02-16,28.135,28.89995,27.35,28.645,186181040
2022-02-17,27.82,28.025,25.985,26.105,157671300
2022-02-18,26.295,26.39455,24.655,25.22,226165470
2022-02-22,24.52,25.75,23.6025,24.44,262876150
2022-02-23,25.12,25.315,22.485,22.57,260920320
2022-02-24,20.38,24.925,20.305,24.78,389734780
2022-02-25,24.9975,26.0025,24.125,25.955,238372290
2022-02-28,25.2275,26.5925,24.9603,26.23,243401090
2022-03-01,25.96,26.485,24.425,25.02,248145100
2022-03-02,25.335,26.525,24.71,26.215,219495880
2022-03-03,26.875,26.89,24.685,25.12,223888690
2022-03-04,24.5825,24.9,23.5,24.045,231823030
2022-03-07,24.0225,24.27005,21.315,21.36,249752640
2022-03-08,21.195,23.0,20.385,21.065,355936100
2022-03-09,22.7,23.6,22.175,23.32,219074170
2022-03-10,22.45,22.81,21.5952,22.57,225574770
2022-03-11,23.17,23.235,21.045,21.17,197814860
2022-03-14,20.905,21.565,19.78,19.93,246265180
2022-03-15,20.435,21.94495,20.1175,21.775,211407250
2022-03-16,22.58,24.24,21.845,24.22,326174960
2022-03-17,23.795,25.095,23.51995,25.03,192061560
2022-03-18,24.73,26.705,24.46525,26.585,201569570
2022-03-21,26.43,26.9625,25.385,26.395,221094560
2022-03-22,26.535,28.17,26.435,27.955,186689260
2022-03-23,27.28,28.13465,26.75,26.775,205499430
2022-03-24,27.215,28.545,26.705,28.51,171150510
2022-03-25,28.52,28.7806,27.425,28.465,198789370
2022-03-28,28.46,29.805,28.165,29.76,183407440
2022-03-29,30.76,31.48,30.07,31.285,204013400
2022-03-30,30.84,31.27,29.9,30.345,167818810
2022-03-31,30.32,30.415,28.95,29.09,168098870
2022-04-01,29.215,29.4075,28.2,28.965,176162630
2022-04-04,29.19,30.775,29.115,30.775,137515040
2022-04-05,30.41,30.58,28.43,28.74,172097640
2022-04-06,27.41,27.6844,26.2,26.85,296859820
2022-04-07,26.615,27.54445,25.79,27.025,229653930
2022-04-08,26.61,26.795,25.75,25.92,204182440
2022-04-11,24.915,25.135,23.975,24.08,185914500
2022-04-12,25.08,25.4875,23.445,23.77,247928150
2022-04-13,23.83,25.4175,23.665,25.195,190084620
2022-04-14,25.21,25.325,23.41525,23.5,167843550
2022-04-18,23.235,24.005,22.91,23.565,175525400
2022-04-19,23.365,25.20995,23.155,25.08,172372650
2022-04-20,25.285,25.37,23.72,23.95,215629480
2022-04-21,24.82,25.385,22.295,22.545,268626480
2022-04-22,22.525,22.785,20.64,20.755,248824760
2022-04-25,20.405,21.58,20.155,21.525,332878800
2022-04-26,21.11,21.145,19.05,19.105,332263280
2022-04-27,19.085,20.11,18.685,19.02,316698680
2022-04-28,19.9125,21.365,19.14,21.03,344698340
2022-04-29,20.195,20.8845,18.1,18.265,320116740
2022-05-02,18.125,19.14,17.565,19.125,311905580
2022-05-03,19.095,19.5847,18.65,19.17,285565640
2022-05-04,19.245,21.225,18.265,21.07,438806840
2022-05-05,20.25,20.255,17.26,17.93,455552680
2022-05-06,17.545,18.265,16.55,17.305,466794340
2022-05-09,16.28,16.71,15.005,15.26,420419700
2022-05-10,16.3575,16.54,15.14,15.785,463579580
2022-05-11,15.425,16.3,14.235,14.38,529531900
2022-05-12,13.715,14.945,13.345,14.265,590992940
2022-05-13,14.925,16.0,14.69,15.815,395948080
2022-05-16,15.565,15.89,15.09,15.325,318388080
2022-05-17,16.215,16.54,15.61975,16.48,307981420
2022-05-18,15.73,15.845,13.845,14.075,328105120
2022-05-19,13.77,14.51,13.52,13.79,392015540
2022-05-20,14.325,14.41995,12.465,13.67,458111200
2022-05-23,13.825,14.415,13.48,14.345,341040620
2022-05-24,13.5725,13.68,12.7125,13.45,366488660
2022-05-25,13.22,14.3,13.1925,13.99,361283840
2022-05-26,13.88,15.39,13.84,15.16,337131560
2022-05-27,15.6475,16.6696,15.635,16.645,315035860
2022-05-31,16.65,17.0,15.8656,16.525,369158680
2022-06-01,16.855,17.215,15.775,16.14,398894180
2022-06-02,15.96,17.49,15.725,17.45,336861320
2022-06-03,16.57,16.815,15.88,16.07,324723820
2022-06-06,16.8075,17.065,16.0,16.27,300958640
2022-06-07,15.71,16.7975,15.525,16.665,274886600
2022-06-08,16.5375,16.97,16.165,16.325,225705990
2022-06-09,16.035,16.53,14.966,14.995,275959440
2022-06-10,14.1275,14.31,13.335,13.395,343352140
2022-06-13,12.135,12.49,11.41,11.54,426731440
2022-06-14,11.82,11.935,11.26,11.615,393201060
2022-06-15,12.03,12.96,11.67,12.45,549823040
2022-06-16,11.495,11.56,10.66,10.93,424284460
2022-06-17,11.035,11.64,10.825,11.335,441181100
2022-06-21,11.9075,12.49,11.89,12.19,318408280
2022-06-22,11.855,12.725,11.775,12.145,388973700
2022-06-23,12.47,12.785,12.085,12.665,365372840
2022-06-24,13.056,14.02,13.02505,13.99,303634920
2022-06-27,14.175,14.25,13.5,13.66,338261980
2022-06-28,13.73,14.105,12.38,12.415,376240780
2022-06-29,12.39,12.64495,12.05,12.44,380182160
2022-06-30,12.03,12.445,11.375,12.0,512407880
2022-07-01,11.8,12.25,11.55,12.195,417200760
2022-07-05,11.705,12.84,11.5,12.825,441107980
2022-07-06,12.885,13.36,12.64,13.07,412245780
2022-07-07,13.19,14.0,13.185,13.88,275732660
2022-07-08,13.495,14.155,13.355,13.945,319458440
2022-07-11,13.6,13.635,12.93,13.055,258448290
2022-07-12,13.22,13.49,12.45495,12.675,319233020
2022-07-13,11.92,12.915,11.845,12.595,361151000
2022-07-14,12.2325,12.84,11.81,12.725,351647000
2022-07-15,13.135,13.425,12.905,13.395,308760360
2022-07-18,13.805,14.0,12.91,13.085,319900440
2022-07-19,13.575,14.31,13.34535,14.23,298643400
2022-07-20,14.33,15.125,14.22,14.945,377126120
2022-07-21,15.005,15.5875,14.61,15.58,319381740
2022-07-22,15.44,15.765,14.475,14.765,298800840
2022-07-25,14.765,14.835,14.205,14.545,220897550
2022-07-26,14.245,14.285,13.525,13.665,231755580
2022-07-27,14.3,15.625,14.215,15.37,341918900
2022-07-28,15.3375,15.91,14.76,15.81,324071900
2022-07-29,16.065,16.825,15.8351,16.68,292146320
2022-08-01,16.39,17.21,16.21995,16.655,285282940
2022-08-02,16.27,17.17495,16.105,16.5,325375060
2022-08-03,16.775,17.975,16.655,17.82,294213700
2022-08-04,17.845,18.1325,17.48,18.075,253567180
2022-08-05,17.215,17.99,17.075,17.645,283898620
2022-08-08,17.8,18.415,17.2175,17.465,268760840
2022-08-09,17.14,17.185,16.595,16.865,218406010
2022-08-10,18.0675,18.32,17.655,18.25,271554480
2022-08-11,18.665,19.01,17.835,17.975,273361020
2022-08-12,18.3,19.025,18.1175,18.99,211186980
2022-08-15,18.825,19.54,18.82,19.445,196308430
2022-08-16,19.28,19.69,18.765,19.32,220755790
2022-08-17,18.755,19.1639,18.275,18.65,262838340
2022-08-18,18.63,18.98,18.345,18.775,192140850
2022-08-19,18.24,18.3501,17.5325,17.675,224256660
2022-08-22,16.945,16.985,16.13,16.285,224975420
2022-08-23,16.2155,16.675,16.1,16.23,219509790
2022-08-24,16.15,16.65,16.0525,16.355,187005600
2022-08-25,16.64,17.22,16.47,17.215,222052520
2022-08-26,17.1725,17.37,15.1,15.12,366276630
2022-08-29,14.675,15.06,14.4794,14.655,248441010
2022-08-30,14.895,14.975,13.78,14.165,327014790
2022-08-31,14.5775,14.7,13.88645,13.905,341030520
2022-09-01,13.54,13.965,13.01,13.92,397320460
2022-09-02,14.32,14.52,13.085,13.34,454462910
2022-09-06,13.38,13.50995,12.73,13.035,361083380
2022-09-07,13.09,13.95,13.055,13.805,331569560
2022-09-08,13.515,14.2075,13.32,14.03,410799820
2022-09-09,14.34,15.01,14.33,14.92,298735810
2022-09-12,15.15,15.515,15.095,15.465,273141120
2022-09-13,14.12,14.305,12.78,12.92,391296660
2022-09-14,13.0625,13.335,12.82,13.21,309291830
2022-09-15,12.94,13.275,12.325,12.545,393730510
2022-09-16,12.105,12.365,11.835,12.3,392143500
2022-09-19,11.97,12.615,11.96,12.595,302692560
2022-09-20,12.265,12.595,11.99,12.295,322118660
2022-09-21,12.405,12.96,11.615,11.62,591115140
2022-09-22,11.425,11.555,11.035,11.19,431083950
2022-09-23,10.8975,10.93,10.225,10.655,561303940
2022-09-26,10.58,11.105,10.415,10.51,490607780
2022-09-27,10.9075,11.175,10.25,10.52,543921210
2022-09-28,10.515,11.295,10.34,11.135,512038910
2022-09-29,10.6525,10.695,9.81,10.195,540195690
2022-09-30,10.0775,10.545,9.64,9.66,513197610
2022-10-03,9.8525,10.505,9.68,10.33,447222570
2022-10-04,10.9475,11.3825,10.945,11.29,463323680
2022-10-05,10.8325,11.5,10.505,11.29,458398930
2022-10-06,11.15,11.53,10.96,11.005,475087180
2022-10-07,10.44,10.455,9.58,9.75,501945280
2022-10-10,9.7575,9.805,9.15,9.445,412999600
2022-10-11,9.26,9.57,8.87,9.07,529746980
2022-10-12,9.115,9.32,8.965,9.05,401483750
2022-10-13,8.2575,9.81,8.16,9.655,829507210
2022-10-14,9.925,9.99,8.73,8.785,670132610
2022-10-17,9.4025,9.75,9.4,9.65,460050810
2022-10-18,10.4325,10.5,9.585,9.89,692553900
2022-10-19,9.705,10.12,9.505,9.77,519702190
2022-10-20,9.665,10.23335,9.48,9.605,529702960
2022-10-21,9.49,10.345,9.3625,10.285,627458040
2022-10-24,10.315,10.735,9.9,10.635,549243980
2022-10-25,10.7375,11.32,10.735,11.275,476799600
2022-10-26,10.59,11.25,10.465,10.53,565039520
2022-10-27,10.395,10.56,9.885,9.95,513258820
2022-10-28,9.875,10.905,9.855,10.85,510777260
2022-10-31,10.5875,10.6825,10.245,10.475,419122260
2022-11-01,10.87,10.93495,10.105,10.15,430464880
2022-11-02,10.14,10.49,9.0905,9.1,662952530
2022-11-03,8.8225,8.975,8.52,8.575,424463520
2022-11-04,9.065,9.175,8.425,8.975,764740340
2022-11-07,9.08,9.32,8.855,9.26,401886820
2022-11-08,9.425,9.81,9.045,9.46,592112620
2022-11-09,9.265,9.35,8.765,8.8,431138240
2022-11-10,10.075,10.77,9.85,10.725,656884720
2022-11-11,10.715,11.415,10.56,11.335,614268410
2022-11-14,11.085,11.48,10.91,11.035,428451870
2022-11-15,11.8225,11.975,11.09,11.48,636531350
2022-11-16,11.25,11.29,10.91,11.015,383358700
2022-11-17,10.475,11.10485,10.455,10.93,426924310
2022-11-18,11.28,11.29,10.64,10.92,389577040
2022-11-21,10.76,10.9,10.485,10.59,288222500
2022-11-22,10.665,11.05,10.415,11.035,292477260
2022-11-23,11.025,11.435,11.005,11.365,357566970
2022-11-25,11.17,11.25,11.075,11.13,134752990
2022-11-28,10.9,11.135,10.53,10.64,264285340
2022-11-29,10.66,10.71,10.235,10.385,275805450
2022-11-30,10.425,11.825,10.325,11.78,545469830
2022-12-01,11.85,12.085,11.505,11.845,411007240
2022-12-02,11.2225,11.815,11.195,11.705,363310040
2022-12-05,11.44,11.6,10.93,11.115,301979930
2022-12-06,11.09,11.105,10.25,10.41,339800980
2022-12-07,10.28,10.515,10.09,10.285,347335790
2022-12-08,10.435,10.75,10.195,10.65,377840190
2022-12-09,10.525,10.845,10.385,10.445,354007870
2022-12-12,10.455,10.83,10.335,10.825,225654990
2022-12-13,12.0875,12.115,10.86,11.165,695385570
2022-12-14,11.105,11.495,10.54,10.9,578910930
2022-12-15,10.43,10.5149,9.675,9.82,428053130
2022-12-16,9.74,9.90455,9.355,9.53,351284140
2022-12-19,9.55,9.56495,8.99,9.135,310532990
2022-12-20,9.0,9.28,8.835,9.095,345762470
2022-12-21,9.205,9.625,9.11505,9.49,326374520
2022-12-22,9.115,9.1225,8.29,8.77,460900470
2022-12-23,8.605,8.86,8.415,8.795,330134670
2022-12-27,8.73,8.74,8.36,8.42,263200670
2022-12-28,8.375,8.59775,8.05,8.08,364869190
2022-12-29,8.335,8.75,8.26505,8.65,306109730
2022-12-30,8.38,8.65,8.25,8.65,301941130
2023-01-03,8.87,9.01975,8.235,8.455,359851710
2023-01-04,8.6625,8.745,8.27,8.585,435272840
2023-01-05,8.405,8.425,8.14,8.18,362504020
2023-01-06,8.325,8.95,8.05,8.82,466895270
2023-01-09,9.04,9.48,8.94505,9.005,372042880
2023-01-10,8.9075,9.245,8.85,9.245,328722920
2023-01-11,9.3425,9.7175,9.26,9.705,302549920
2023-01-12,9.7575,9.96,9.295,9.855,561852510
2023-01-13,9.585,10.085,9.55,10.05,319566070
2023-01-17,10.03,10.255,9.905,10.105,279515860
2023-01-18,10.2875,10.4525,9.695,9.73,373300130
2023-01-19,9.535,9.655,9.29,9.425,332741460
2023-01-20,9.5875,10.225,9.48005,10.195,322650440
2023-01-23,10.275,11.0,10.19,10.865,388084140
2023-01-24,10.68,10.93355,10.62,10.8,290012900
2023-01-25,10.28,10.795,9.99,10.72,436167100
2023-01-26,11.11,11.35995,10.8,11.34,406837780
2023-01-27,11.18,11.91,11.165,11.665,376822240
2023-01-30,11.275,11.45,10.925,10.965,347815960
2023-01-31,10.97,11.46,10.95,11.455,316513850
2023-02-01,11.43,12.475,11.18,12.195,543277650
2023-02-02,12.9775,13.725,12.875,13.455,535770180
2023-02-03,12.605,13.57,12.555,12.76,534808430
2023-02-06,12.4225,12.725,12.26,12.435,323632410
2023-02-07,12.415,13.345,12.2706,13.205,519789290
2023-02-08,13.025,13.15,12.405,12.495,362514390
2023-02-09,13.025,13.045,11.965,12.16,395196820
2023-02-10,11.88,12.13,11.61,11.91,367863340
2023-02-13,12.07,12.55,11.925,12.475,279739700
2023-02-14,12.2675,12.87,12.025,12.745,511474390
2023-02-15,12.51,13.05,12.425,13.03,277305230
2023-02-16,12.415,12.935,12.265,12.285,388992980
2023-02-17,12.015,12.115,11.65,12.02,389804840
2023-02-21,11.55,11.725,11.145,11.175,300937500
2023-02-22,11.225,11.425,10.99,11.185,334677490
2023-02-23,11.5925,11.615,10.975,11.465,359539920
2023-02-24,10.875,11.015,10.675,10.885,345563610
2023-02-27,11.24,11.4,11.05,11.12,277508730
2023-02-28,11.04,11.36,11.0,11.065,254631540
2023-03-01,11.03,11.105,10.685,10.795,308773760
2023-03-02,10.505,11.15,10.475,11.055,318983900
2023-03-03,11.25,11.765,11.19235,11.73,303353210
2023-03-06,11.88,12.24,11.75,11.78,303699760
2023-03-07,11.7775,11.89,11.26065,11.34,352662960
2023-03-08,11.375,11.57,11.165,11.495,290985660
2023-03-09,11.555,11.855,10.795,10.89,393667330
2023-03-10,10.91,11.08,10.31,10.44,629715260
2023-03-13,10.235,11.075,10.065,10.665,659081490
2023-03-14,11.06,11.455,10.96,11.39,434325850
2023-03-15,11.085,11.61,10.915,11.555,549118900
2023-03-16,11.44,12.515,11.36,12.47,458032810
2023-03-17,12.465,12.755,12.05,12.285,403540570
2023-03-20,12.215,12.45785,11.945,12.415,328355920
2023-03-21,12.655,13.0,12.465,12.94,270290280
2023-03-22,12.855,13.48,12.32495,12.34,475836170
2023-03-23,12.7975,13.30495,12.44,12.78,392994300
2023-03-24,12.72,12.92,12.42,12.91,339589400
2023-03-27,12.9925,13.13,12.53,12.645,273591130
2023-03-28,12.5675,12.57,12.145,12.435,236041470
2023-03-29,12.88,13.185,12.785,13.115,238730540
2023-03-30,13.41,13.545,13.245,13.47,260299930
2023-03-31,13.5,14.16,13.455,14.13,254044150
2023-04-03,13.84,14.06,13.665,14.03,250232660
2023-04-04,14.08,14.215,13.71,13.89,232180790
2023-04-05,13.735,13.76,13.205,13.445,258274080
2023-04-06,13.23,13.78,13.055,13.715,241920600
2023-04-10,13.32,13.69,13.085,13.685,237057600
2023-04-11,13.68,13.685,13.35,13.42,208521610
2023-04-12,13.67,13.745,13.0,13.065,348038640
2023-04-13,13.265,13.87,13.245,13.815,247523080
2023-04-14,13.6025,13.965,13.3475,13.735,285332180
2023-04-17,13.675,13.80995,13.405,13.75,228617810
2023-04-18,14.035,14.09,13.6,13.76,212829880
2023-04-19,13.435,13.87,13.42,13.73,191850700
2023-04-20,13.335,13.79,13.235,13.41,273695150
2023-04-21,13.35,13.545,13.125,13.435,228888090
2023-04-24,13.405,13.585,13.07,13.355,215290770
2023-04-25,13.14,13.225,12.585,12.6,276576090
2023-04-26,13.01,13.195,12.755,12.81,249724610
2023-04-27,13.28,13.915,13.195,13.845,255631270
2023-04-28,13.82,14.14,13.665,14.125,261072120
2023-05-01,14.07,14.265,13.935,14.085,178002520
2023-05-02,14.07,14.11,13.48,13.71,249312060
2023-05-03,13.75,14.1,13.415,13.44,340267550
2023-05-04,13.39,13.54,13.142,13.29,242621690
2023-05-05,13.56,14.23,13.51685,14.105,195603270
2023-05-08,14.05,14.27,13.91,14.22,151476930
2023-05-09,13.9925,14.11,13.9025,13.945,129681472
2023-05-10,14.26,14.51,13.935,14.395,303101920
2023-05-11,14.4525,14.59495,14.245,14.515,194682910
2023-05-12,14.59,14.65,14.085,14.365,210763420
2023-05-15,14.425,14.625,14.215,14.585,172935260
2023-05-16,14.49,14.87,14.48,14.64,159326920
2023-05-17,14.775,15.24,14.615,15.165,202209270
2023-05-18,15.2,16.02,15.1975,15.98,271867640
2023-05-19,16.015,16.12,15.725,15.87,198058410
2023-05-22,15.84,16.18,15.835,16.035,166624720
2023-05-23,15.78,15.9475,15.365,15.415,212629930
2023-05-24,15.135,15.35,14.885,15.165,235945070
2023-05-25,16.18,16.435,15.84,16.26,261747010
2023-05-26,16.405,17.625,16.395,17.49,252784490
2023-05-30,18.155,18.335,17.52,17.735,270612750
2023-05-31,17.485,17.7925,17.2,17.375,210288930
2023-06-01,17.37,18.215,17.205,18.005,216759200
2023-06-02,18.28,18.595,18.005,18.41,216505550
2023-06-05,18.38,18.85,18.28,18.45,206261870
2023-06-06,18.345,18.58,18.13,18.43,159509030
2023-06-07,18.47,18.78,17.385,17.49,228485440
2023-06-08,17.51,18.19,17.475,18.09,188153890
2023-06-09,18.34,18.8075,18.0975,18.31,207944020
2023-06-12,18.575,19.255,18.42005,19.245,155955780
2023-06-13,19.685,19.815,19.16,19.675,266534280
2023-06-14,19.675,20.15,19.21025,20.095,305312960
2023-06-15,19.87,21.045,19.755,20.8,255873990
2023-06-16,21.205,21.22,20.325,20.4,224810410
2023-06-20,20.145,20.54,19.8,20.3,168249780
2023-06-21,20.04,20.11,19.25,19.425,199266650
2023-06-22,19.185,20.095,19.1196,20.07,210199270
2023-06-23,19.415,19.855,19.19,19.475,225152430
2023-06-26,19.38,19.835,18.67,18.705,216900060
2023-06-27,18.9225,19.75,18.8,19.63,195354040
2023-06-28,19.335,20.07,19.31625,19.75,217352530
2023-06-29,19.68,19.78,19.335,19.615,198266450
2023-06-30,20.2,20.675,20.145,20.5,184308770
2023-07-03,20.6,20.745,20.42,20.64,79868056
2023-07-05,20.36,20.92,20.355,20.625,139007350
2023-07-06,19.985,20.21,19.645,20.14,170473330
2023-07-07,20.095,20.6275,19.89,19.935,168624850
2023-07-10,19.88,20.05495,19.465,19.95,172013620
2023-07-11,20.01,20.3075,19.65,20.235,162478680
2023-07-12,20.915,21.22,20.57505,20.985,230335320
2023-07-13,21.51,22.18,21.415,22.03,164773250
2023-07-14,22.11,22.68,21.86005,22.01,186056330
2023-07-17,22.14,22.78275,22.055,22.62,145525270
2023-07-18,22.5075,23.42045,22.155,23.16,196633660
2023-07-19,23.365,23.57,22.91,23.16,200573860
2023-07-20,22.58,22.85,21.345,21.535,233862820
2023-07-21,21.94,22.09,21.255,21.345,205108650
2023-07-24,21.49,21.655,21.1016,21.43,126429224
2023-07-25,21.54,22.14,21.54,21.86,138199130
2023-07-26,21.66,21.925,21.22,21.635,205764510
2023-07-27,22.555,22.845,21.225,21.45,261103190
2023-07-28,22.15,22.795,22.065,22.61,204487680
2023-07-31,22.665,22.855,22.41,22.655,159009170
2023-08-01,22.395,22.615,22.10535,22.48,154491250
2023-08-02,21.845,21.8475,20.765,21.01,258044050
2023-08-03,20.555,21.23,20.525,20.86,202697850
2023-08-04,21.195,21.585,20.485,20.57,247452850
2023-08-07,20.865,21.1,20.47,21.08,149792120
2023-08-08,20.645,20.645,20.0,20.54,188780010
2023-08-09,20.5775,20.605,19.725,19.855,199430530
2023-08-10,20.33,20.875,19.6864,19.945,260554100
2023-08-11,19.515,19.8375,19.3,19.545,201573760
2023-08-14,19.415,20.22,19.3,20.195,142553580
2023-08-15,20.035,20.1695,19.44,19.575,162553530
2023-08-16,19.46,19.7077,18.91,18.925,190221950
2023-08-17,19.125,19.18,18.215,18.285,210232760
2023-08-18,17.765,18.4047,17.685,18.2,247001960
2023-08-21,18.435,19.19,18.355,19.08,191487120
2023-08-22,19.485,19.49,18.885,18.995,180786070
2023-08-23,19.175,20.06,19.14,19.89,175454020
2023-08-24,20.44,20.4525,18.55,18.58,232397200
2023-08-25,18.715,19.28,18.175,19.02,278289380
2023-08-28,19.475,19.58495,19.04005,19.445,182641030
2023-08-29,19.4,20.76,19.3454,20.685,187495660
2023-08-30,20.715,21.14,20.54,21.03,185958260
2023-08-31,21.02,21.49,21.01,21.22,162242890
2023-09-01,21.605,21.68,20.875,21.145,165058390
2023-09-05,20.985,21.41,20.83,21.2,123778678
2023-09-06,21.07,21.12,20.29,20.64,148058190
2023-09-07,19.87,20.3,19.69,20.19,168623000
2023-09-08,20.155,20.62,20.085,20.25,149765500
2023-09-11,20.89,20.895,20.89,20.895,6918
2023-09-12,20.67,20.90475,20.2,20.27,155524120
2023-09-13,20.29,20.74255,20.095,20.47,170849370
2023-09-14,20.75,21.12,20.4,20.95,152379760
2023-09-15,20.725,20.7939,19.715,19.875,179839660
2023-09-18,19.715,20.11,19.665,19.92,124798204
2023-09-19,19.705,19.9125,19.3,19.8,148741470
2023-09-20,19.885,19.94995,18.85,18.875,196038460
2023-09-21,18.275,18.39,17.785,17.8,216821130
2023-09-22,18.065,18.39,17.7603,17.8125,188181260
2023-09-25,17.655,18.07,17.505,18.05,162538410
2023-09-26,17.655,17.74,17.085,17.245,210679490
2023-09-27,17.4045,17.63495,16.815,17.35,256871590
2023-09-28,17.195,18.08495,17.0655,17.77,268145790
2023-09-29,18.29,18.5,17.615,17.81,286858110
2023-10-02,17.835,18.45,17.74,18.235,236463230
2023-10-03,17.855,18.195,17.02,17.27,266539050
2023-10-04,17.39,18.095,17.32,17.97,252759260
2023-10-05,17.945,18.0,17.25,17.78,218006150
2023-10-06,17.325,18.845,17.205,18.675,294897430
2023-10-09,18.305,19.045,18.07,18.95,210966060
2023-10-10,19.0025,19.68495,18.925,19.26,216109500
2023-10-11,19.47,19.70595,19.2,19.67,191710850
2023-10-12,19.735,20.025,19.06,19.44,236509230
2023-10-13,19.545,19.63975,18.48705,18.705,260187530
2023-10-16,18.91,19.5,18.885,19.335,173152150
2023-10-17,18.76,19.41,18.425,19.15,210386920
2023-10-18,18.735,19.08995,18.1654,18.34,263165200
2023-10-19,18.575,18.755,17.72005,17.85,370050340
2023-10-20,17.76,17.85,17.01,17.045,277722790
2023-10-23,16.8375,17.705,16.53,17.195,263599010
2023-10-24,17.45,17.795,17.2,17.68,245074510
2023-10-25,17.315,17.34,16.29,16.385,328363230
2023-10-26,16.19,16.31995,15.235,15.43,374047390
2023-10-27,15.7875,16.115,15.475,15.65,294702160
2023-10-30,15.975,16.345,15.7875,16.155,264305600
2023-10-31,16.16,16.4425,15.7996,16.39,222923660
2023-11-01,16.5,17.315,16.485,17.235,332635610
2023-11-02,17.88,18.19,17.7,18.15,234134090
2023-11-03,18.35,18.99,18.315,18.79,228661230
2023-11-06,18.905,19.105,18.66,19.005,183599660
2023-11-07,19.175,19.685,18.985,19.54,204502240
2023-11-08,19.6,19.715,19.215,19.575,187960100
2023-11-09,19.67,19.855,19.0302,19.11,258365220
2023-11-10,19.375,20.415,19.29,20.385,249581710
2023-11-13,20.125,20.36495,19.875,20.2,180430420
2023-11-14,21.235,21.64,21.145,21.47,233552420
2023-11-15,21.81,21.89,21.3,21.53,218432500
2023-11-16,21.38,21.605,21.16525,21.565,178044940
2023-11-17,21.44,21.75,21.2825,21.58,157868870
2023-11-20,21.575,22.475,21.57,22.35,166582530
2023-11-21,22.045,22.08,21.6458,21.945,148275270
2023-11-22,22.285,22.71,22.027,22.2,171858350
2023-11-24,22.125,22.225,21.925,22.09,63975418
2023-11-27,22.0025,22.37,21.8825,22.025,121856400
2023-11-28,21.9,22.3,21.835,22.2,158349060
2023-11-29,22.62,22.865,22.065,22.12,177523130
2023-11-30,22.15,22.2275,21.42085,21.935,186394500
2023-12-01,21.745,22.2206,21.462,22.12,172937580
2023-12-04,21.455,21.53725,20.865,21.49,181143610
2023-12-05,21.155,21.85,21.1305,21.645,167540430
2023-12-06,22.14,22.16,21.205,21.26,163000550
2023-12-07,21.74,22.27,21.555,22.15,162755450
2023-12-08,21.825,22.5,21.7925,22.415,181788900
2023-12-11,22.335,23.04,22.3,22.985,151540030
2023-12-12,22.99,23.55,22.785,23.54,142899480
2023-12-13,23.69,24.5347,23.55,24.37,230081330
2023-12-14,24.625,24.865,23.77505,24.33,202697720
2023-12-15,24.47,24.895,24.35,24.62,156730980
2023-12-18,24.745,25.3,24.68335,25.135,116435970
2023-12-19,25.21,25.53,25.1775,25.51,120349594
2023-12-20,25.24,25.635,24.23,24.27,176165020
2023-12-21,24.945,25.135,24.47,25.0725,149089420
2023-12-22,25.3,25.47,24.82,25.175,132420072
2023-12-26,25.32,25.755,25.31,25.635,87371218
2023-12-27,25.675,25.83,25.51,25.77,111495576
2023-12-28,25.96,26.005,25.635,25.705,85768226
2023-12-29,25.69,25.7618,25.0,25.35,134245380
2024-01-02,24.675,24.715,23.6325,24.065,176270660
2024-01-03,23.585,23.77,23.21505,23.295,167812250
2024-01-04,22.935,23.485,22.865,22.905,143735420
2024-01-05,22.93,23.46,22.735,22.99,170481520
2024-01-08,23.195,24.45,23.165,24.375,135374150
2024-01-09,23.83,24.705,23.805,24.535,148431530
2024-01-10,24.585,25.205,24.42005,25.02,147621020
2024-01-11,25.225,25.485,24.2,25.14,190228320
2024-01-12,25.335,25.49,24.92,25.17,128214080
2024-01-16,24.94,25.455,24.665,25.155,145874030
2024-01-17,24.535,24.795,23.935,24.72,166554580
2024-01-18,25.295,25.86,25.055,25.78,182140850
2024-01-19,26.16,27.31,26.05,27.27,186359470
2024-01-22,27.705,27.96,27.25505,27.38,149656510
2024-01-23,27.505,27.74,27.14,27.705,112172002
2024-01-24,28.475,28.95,28.0575,28.16,179718580
2024-01-25,28.63,28.765,27.76,28.24,151395200
2024-01-26,27.84,28.195,27.59,27.72,128382580
2024-01-29,27.805,28.6,27.67,28.535,115977180
2024-01-30,28.345,28.4575,27.8,27.965,119554438
2024-01-31,27.095,27.492,26.29,26.32,203451600
2024-02-01,26.645,27.32,26.455,27.25,162261460
2024-02-02,27.59,28.84,27.395,28.62,198504960
2024-02-05,28.595,28.71,27.785,28.475,139947760
2024-02-06,28.69,28.82,27.82,28.31,140124220
2024-02-07,28.845,29.33,28.585,29.155,131823434
2024-02-08,29.155,29.445,29.01,29.275,98922134
2024-02-09,29.515,30.305,29.356,30.135,110222006
2024-02-12,30.105,30.57,29.6375,29.78,116254988
2024-02-13,28.12,28.935,27.7175,28.37,188932910
2024-02-14,28.9,29.375,28.43005,29.27,156151430
2024-02-15,29.405,29.6051,28.865,29.515,130057178
2024-02-16,29.58,29.605,28.555,28.705,151932940
2024-02-20,28.29,28.59,27.275,28.04,163321090
2024-02-21,27.485,27.71,26.91,27.69,154586300
2024-02-22,29.39,30.2975,29.24505,30.085,179279230
2024-02-23,30.415,30.61,29.61,29.81,140390800
2024-02-26,29.97,30.185,29.715,29.77,109875358
2024-02-27,29.98,30.045,29.435,29.955,109399736
2024-02-28,29.515,29.7625,29.27505,29.47,123503396
2024-02-29,30.04,30.425,29.39,30.18,136959760
2024-03-01,30.375,31.755,30.365,31.565,140959680
2024-03-04,31.545,31.64,31.1525,31.19,120418562
2024-03-05,30.55,30.55,29.01,29.52,193206910
2024-03-06,30.37,30.713,29.675,30.065,181677330
2024-03-07,30.775,31.6575,30.457,31.405,142370890
2024-03-08,31.46,32.065,29.885,30.03,296451260
2024-03-11,29.705,29.94,29.28,29.68,146769960
2024-03-12,30.145,31.02,29.48,30.94,170559940
2024-03-13,30.72,30.7275,29.98435,30.22,143779740
2024-03-14,30.435,30.55,29.395,29.975,162480360
2024-03-15,29.345,29.46085,28.6425,28.88,140883820
2024-03-18,29.94,30.4,29.645,29.695,129193746
2024-03-19,29.27,29.99,28.8401,29.9,118809994
2024-03-20,30.035,30.915,29.68,30.85,156555920
2024-03-21,31.875,31.975,31.21,31.25,126541872
2024-03-22,31.135,31.585,30.9524,31.315,91574794
2024-03-25,30.74,31.315,30.53,30.995,86669328
2024-03-26,31.305,31.505,30.64,30.705,93985988
2024-03-27,31.285,31.315,30.355,30.975,111388644
2024-03-28,30.945,31.115,30.7,30.78,87023300
2024-04-01,30.96,31.495,30.56,30.97,112290506
2024-04-02,29.935,30.21,29.5005,30.14,109672728
2024-04-03,29.7,30.72995,29.69,30.34,111683784
2024-04-04,31.175,31.30495,28.87005,28.91,167520380
2024-04-05,29.2,30.46435,29.0275,29.93,154897260
2024-04-08,30.105,30.32995,29.656,29.95,89725420
2024-04-09,30.405,30.4675,29.2875,30.26,120311874
2024-04-10,29.18,29.6375,29.03,29.465,202080510
2024-04-11,29.805,31.03,29.3418,30.85,146931170
2024-04-12,29.94,30.175,29.06,29.36,172589810
2024-04-15,30.1,30.115,27.72,27.885,203656180
2024-04-16,27.845,28.405,27.62,27.89,163766110
2024-04-17,28.27,28.275,26.675,26.855,171026350
2024-04-18,26.945,27.28,26.255,26.375,172781540
2024-04-19,26.14,26.235,24.425,24.74,250807640
2024-04-22,25.19,25.88495,24.585,25.46,142604750
2024-04-23,25.81,26.8075,25.745,26.595,151835050
2024-04-24,27.16,27.455,26.4159,26.855,144316780
2024-04-25,25.45,26.595,25.24,26.425,172827290
2024-04-26,27.015,27.935,26.885,27.64,135994640
2024-04-29,28.04,28.16505,27.4375,27.97,102354954
2024-04-30,27.65,27.92495,26.36575,26.3675,125248572
2024-05-01,26.075,27.4,25.635,25.8,208076850
2024-05-02,26.46,26.9225,25.6005,26.755,124829898
2024-05-03,28.165,28.555,27.865,28.35,150878040
2024-05-06,28.71,29.3,28.5575,29.28,82530740
2024-05-07,29.36,29.615,29.1415,29.28,93320382
2024-05-08,28.75,29.5075,28.725,29.225,78027196
2024-05-09,29.25,29.49965,28.875,29.385,81439246
2024-05-10,29.68,30.03495,29.27,29.585,92669698
2024-05-13,29.96,29.985,29.4901,29.78,67722006
2024-05-14,29.68,30.45,29.64,30.335,92952862
2024-05-15,30.845,31.8075,30.53,31.735,130481438
2024-05-16,31.68,32.1,31.495,31.54,87715240
2024-05-17,31.545,31.6775,31.01,31.47,70099694
2024-05-20,31.51,32.265,31.4725,32.12,74539022
2024-05-21,31.72,32.335,31.675,32.285,62313930
2024-05-22,32.345,32.5,31.71,32.265,80039376
2024-05-23,33.25,33.255,31.4007,31.785,130877880
2024-05-24,32.125,32.945,31.97,32.675,82558026
2024-05-28,32.93,33.05,32.4,33.03,83186310
2024-05-29,32.12,32.72,32.1,32.34,79282224
2024-05-30,32.125,32.1475,30.995,31.3,85564766
2024-05-31,31.3,31.445,29.48,31.265,143746310
2024-06-03,31.865,32.07495,30.4809,31.57,111434962
2024-06-04,31.5,32.065,31.135,31.805,88491810
2024-06-05,32.56,33.74,32.325,33.725,104871438
2024-06-06,33.87,33.9375,33.425,33.685,73031104
2024-06-07,33.56,34.1625,33.31,33.56,89943346
2024-06-10,33.295,34.02995,33.24,33.915,72453664
2024-06-11,33.66,34.65935,33.33,34.615,71386734
2024-06-12,35.505,36.51,35.36,35.98,124402686
2024-06-13,36.785,36.94425,36.035,36.555,87285010
2024-06-14,36.475,37.105,36.365,37.085,71554964
2024-06-17,37.14,38.86,36.835,38.43,93354592
2024-06-18,38.415,38.616,38.03,38.45,66433296
2024-06-20,38.73,38.83,37.1105,37.545,105455074
2024-06-21,37.45,37.765,36.86095,37.2,77712934
2024-06-24,36.91,37.315,35.90005,35.94,93754548
2024-06-25,36.395,37.215,36.185,37.14,78608658
2024-06-26,36.8,37.35,36.705,37.23,72549544
2024-06-27,37.16,37.8494,36.96,37.5,74115476
2024-06-28,37.645,38.765,36.72505,36.91,107802952
2024-07-01,37.08,37.64495,36.20995,37.515,86557380
2024-07-02,37.145,38.69,37.12,38.665,74950286
2024-07-03,38.475,39.655,38.475,39.615,56150486
2024-07-05,39.785,40.925,39.715,40.815,79624552
2024-07-08,40.905,41.2325,40.64,41.085,73365698
2024-07-09,41.46,41.745,40.81,41.175,72373088
2024-07-10,41.66,42.6,41.3353,42.465,77554856
2024-07-11,42.485,42.53,39.35,39.675,149328970
2024-07-12,39.755,41.47,39.6475,40.32,101019758
2024-07-15,40.735,41.81,40.115,40.62,109900482
2024-07-16,40.97,41.175,39.87,40.65,83637592
2024-07-17,38.665,38.785,37.045,37.075,142840030
2024-07-18,37.905,37.95995,35.775,36.52,131678482
2024-07-19,36.4,36.985,35.22,35.53,118249630
2024-07-22,36.825,37.315,36.06,37.08,112808568
2024-07-23,36.865,37.56355,36.57,36.68,87127098
2024-07-24,35.115,35.19005,32.5225,32.725,159575250
2024-07-25,32.78,33.67,31.065,31.635,188127990
2024-07-26,32.5,33.17,31.89,32.54,137406900
2024-07-29,33.135,33.5927,32.26,32.73,115640876
2024-07-30,33.14,33.29505,30.67,31.395,143063690
2024-07-31,33.49,34.5,33.19,34.14,173408380
2024-08-01,34.29,35.11,30.852,31.68,210693140
2024-08-02,29.825,30.3575,28.5,29.37,209844010
2024-08-05,24.665,28.0925,24.4,26.81,287924450
2024-08-06,27.065,28.875,26.57,27.48,192909320
2024-08-07,28.785,29.255,26.5,26.595,182751650
2024-08-08,27.725,29.175,27.005,29.03,152879250
2024-08-09,28.72,29.765,28.5,29.425,125592372
2024-08-12,29.615,30.2,29.0573,29.625,108972640
2024-08-13,30.48,31.855,30.45,31.78,108962868
2024-08-14,31.995,32.3185,30.93495,31.835,124710578
2024-08-15,33.065,34.315,32.9938,34.23,106424860
2024-08-16,33.81,34.6275,33.595,34.32,89675150
2024-08-19,34.34,35.675,33.9425,35.65,91599848
2024-08-20,35.45,36.03,35.045,35.43,97858954
2024-08-21,35.59,36.33,35.21005,35.915,103000714
2024-08-22,36.43,36.58,33.96,34.19,127496478
2024-08-23,35.1,35.86,34.25,35.265,128753292
2024-08-26,35.135,35.335,33.765,34.23,84981306
2024-08-27,33.865,34.75,33.425,34.52,71532590
2024-08-28,34.4,34.56,32.578,33.35,118625800
2024-08-29,33.725,34.715,32.895,33.175,120033658
2024-08-30,34.06,34.435,33.09,34.305,92946774
2024-09-03,33.63,33.66,30.646,31.175,147572550
2024-09-04,30.52,31.685,30.325,30.91,96798378
2024-09-05,30.57,31.8597,30.36,31.01,110171514
2024-09-06,30.805,30.985,28.36005,28.495,169904610
2024-09-09,29.285,29.7425,28.6675,29.555,110834928
2024-09-10,29.89,30.4575,29.1,30.35,91582410
2024-09-11,30.59,32.47495,28.885,32.285,163475180
2024-09-12,32.315,33.445,31.945,33.24,110347038
2024-09-13,33.075,33.935,33.025,33.675,87966588
2024-09-16,33.21,33.355,32.5125,33.225,82331074
2024-09-17,33.85,34.13,32.735,33.245,103114458
2024-09-18,33.51,34.38,32.695,32.81,166396190
2024-09-19,35.15,35.9,34.70585,35.29,114801338
2024-09-20,35.075,35.34,34.155,35.065,96759568
2024-09-23,35.31,35.575,35.02,35.325,69837040
2024-09-24,35.64,36.045,34.69,35.825,81259516
2024-09-25,35.57,36.24495,35.5295,35.835,64724882
2024-09-26,37.46,37.535,35.79,36.595,107003156
2024-09-27,36.81,36.83,35.695,35.965,82930684
2024-09-30,35.73,36.31,35.09,36.245,86333904
2024-10-01,36.14,36.215,33.85,34.71,134760170
2024-10-02,34.505,35.2688,33.935,34.84,79119354
2024-10-03,34.365,35.4042,34.195,34.76,97749434
2024-10-04,36.0,36.08,34.89,35.985,110930020
2024-10-07,35.525,35.79,34.52895,34.8,82403436
2024-10-08,35.33,36.49,35.155,36.31,77914080
2024-10-09,36.26,37.315,36.03,37.185,78696266
2024-10-10,36.66,37.475,36.36,37.055,86060594
2024-10-11,36.585,37.4,36.45,37.15,70735230
2024-10-14,37.72,38.41,37.605,38.1,67691268
2024-10-15,38.175,38.325,36.07,36.58,106307692
2024-10-16,36.62,36.745,35.835,36.56,70784194
2024-10-17,37.79,37.8,36.625,36.67,97697702
2024-10-18,37.23,37.575,37.06495,37.32,64151696
2024-10-21,37.03,37.7105,36.59,37.525,74995728
2024-10-22,36.9025,37.975,36.7275,37.635,76307982
2024-10-23,37.085,37.235,35.14,35.895,118172136
2024-10-24,36.71,36.9,36.12,36.75,78612740
2024-10-25,37.35,38.5,37.195,37.37,114826048
2024-10-28,38.095,38.095,37.33,37.405,69162280
2024-10-29,37.465,38.7275,37.035,38.44,78545158
2024-10-30,38.275,38.49,37.47,37.585,80473128
2024-10-31,36.655,36.665,34.71495,34.725,138905120
2024-11-01,35.04,36.18,34.985,35.465,96678886
2024-11-04,35.32,35.8775,34.755,35.135,82214360
2024-11-05,35.475,36.62,35.4575,36.47,79352532
2024-11-06,38.33,39.61005,38.0971,39.43,118794134
2024-11-07,40.08,41.465,40.05,41.275,99545196
2024-11-08,41.11,41.555,40.955,41.375,70059902
2024-11-11,41.665,41.71675,40.59,41.3,70806070
2024-11-12,41.27,41.485,40.325,41.075,68286050
2024-11-13,40.93,41.54505,40.34,40.895,74989078
2024-11-14,40.795,41.01495,39.81,40.03,77651310
2024-11-15,38.635,38.725,36.645,37.135,120601530
2024-11-18,37.465,38.37,37.155,37.885,77965234
2024-11-19,37.275,38.775,37.21,38.645,80088274
2024-11-20,38.575,38.645,37.055,38.6,101260638
2024-11-21,39.275,39.44,37.28,38.98,109865534
2024-11-22,38.82,39.305,38.44,39.125,79934878
2024-11-25,40.08,40.435,38.77,39.305,91515710
2024-11-26,39.645,40.125,39.445,39.915,69747198
2024-11-27,39.645,39.655,38.1661,38.95,78463646
2024-11-29,39.065,40.0845,38.92505,39.945,40865722
2024-12-02,40.24,41.47305,40.145,41.24,73638182
2024-12-03,40.9,41.665,40.765,41.605,84810878
2024-12-04,42.435,43.185,42.25735,43.125,69992560
2024-12-05,43.125,43.32,42.67,42.77,54020404
2024-12-06,42.89,43.9325,42.86,43.87,62740678
2024-12-09,43.625,43.8312,42.54,42.845,69577502
2024-12-10,43.125,43.56,42.0261,42.38,71541554
2024-12-11,43.44,44.81,43.34,44.645,74897892
2024-12-12,44.065,44.385,43.64095,43.76,66348304
2024-12-13,44.71,45.385,43.925,44.7,79663694
2024-12-16,45.36,46.8946,45.335,46.645,69967688
2024-12-17,46.165,46.45495,45.585,46.02,69168160
2024-12-18,45.825,46.28365,40.645,41.045,134849160
2024-12-19,42.135,42.26525,40.375,40.465,113317588
2024-12-20,39.53,42.93,39.25,41.515,145240940
2024-12-23,41.725,42.62,40.915,42.53,83645744
2024-12-24,42.975,44.24,42.82,44.22,48139548
2024-12-26,43.81,44.54,43.2955,44.125,59604796
2024-12-27,43.185,43.2925,41.14,42.33,102138978
2024-12-30,40.6,41.53,39.70625,40.63,102844068
2024-12-31,40.9,41.07995,39.34,39.565,105177670
2025-01-02,40.27,40.8025,38.2655,39.315,141370660
2025-01-03,39.995,41.455,39.81,41.2,92431564
2025-01-06,42.485,43.425,42.015,42.605,92050004
2025-01-07,42.86,42.945,39.8525,40.31,111020954
2025-01-08,40.28,40.705,39.22,40.34,96021236
2025-01-10,39.4,39.41,37.615,38.415,145651660
2025-01-13,37.025,38.1,36.67,38.015,113382012
2025-01-14,38.74,39.03,37.09545,37.88,125270900
2025-01-15,39.655,40.7375,39.3,40.44,106919152
2025-01-16,41.005,41.025,39.6,39.615,93055430
2025-01-17,41.845,41.97,40.92,41.57,87352166
2025-01-21,42.225,42.575,41.16525,42.26,83451792
2025-01-22,43.42,44.455,43.355,43.9,86265326
2025-01-23,43.27,44.19,43.135,44.17,60480964
2025-01-24,44.215,44.415,43.005,43.375,72479266
2025-01-27,38.79,40.515,38.59,39.57,161821680
2025-01-28,39.79,41.58495,39.0,41.325,101033390
2025-01-29,41.455,41.49,40.13,41.07,118481100
2025-01-30,41.735,42.2925,40.43,41.585,115171020
2025-01-31,42.46,43.545,41.09,41.36,118669258
2025-02-03,39.265,40.995,38.67,40.36,153256990
2025-02-04,40.455,41.969,40.365,41.825,84634532
2025-02-05,41.175,42.41,40.88,42.37,79694868
2025-02-06,42.48,43.065,42.0974,43.005,76431016
2025-02-07,43.13,43.595,41.17565,41.365,110870478
2025-02-10,42.365,43.1,42.25,42.82,65594118
2025-02-11,42.035,42.995,42.005,42.515,62602804
2025-02-12,41.14,42.8025,41.05,42.6,96986608
2025-02-13,42.99,44.4775,42.79,44.395,92920162
2025-02-14,44.405,45.09,44.3,44.915,76057482
2025-02-18,45.315,45.375,44.375,45.195,68825158
2025-02-19,45.0,45.56,44.46,45.2,68515786
2025-02-20,45.025,45.115,43.445,44.65,80266060
2025-02-21,44.885,44.895,41.735,41.855,118627218
2025-02-24,42.25,42.525,40.25,40.35,106467450
2025-02-25,40.165,40.19,37.89,38.81,151194460
2025-02-26,39.29,40.22495,38.345,39.06,126351466
2025-02-27,39.86,40.085,35.74,35.82,206751050
2025-02-28,35.73,37.585,35.0375,37.46,186357950
2025-03-03,38.185,38.525,34.2175,35.04,183891690
2025-03-04,34.38,36.385,33.005,34.655,261673880
2025-03-05,34.775,36.3425,33.745,36.005,201266590
2025-03-06,34.195,35.2481,32.5858,33.02,245645410
2025-03-07,32.78,34.005,31.445,33.705,270354660
2025-03-10,32.0,32.095,28.94,29.905,312271580
2025-03-11,29.7,30.925,28.68535,29.555,278978590
2025-03-12,30.97,31.33,29.58,30.565,283837150
2025-03-13,30.4,30.425,28.52,28.895,242454570
2025-03-14,29.855,31.115,29.75,30.945,198217090
2025-03-17,30.94,32.13995,30.575,31.545,180300750
2025-03-18,30.885,30.89,29.505,29.955,175652450
2025-03-19,30.34,31.955,29.97,31.12,185186320
2025-03-20,30.33,31.815,30.185,30.8,176818130
2025-03-21,29.765,31.2075,29.53635,31.09,160981970
2025-03-24,32.53,33.265,32.4075,33.065,126822994
2025-03-25,33.24,33.68505,33.045,33.655,111139390
2025-03-26,33.32,33.495,31.38,31.69,159135370
2025-03-27,31.3,32.115,30.875,31.15,144736080
2025-03-28,30.77,30.905,28.485,28.67,207264270
2025-03-31,27.36,28.814,26.52,28.65,213708900
2025-04-01,28.34,29.49505,27.81,29.31,194196330
2025-04-02,28.095,30.6,28.045,29.965,246174710
2025-04-03,26.215,26.915,25.055,25.15,280231480
2025-04-04,22.995,23.39,20.515,20.545,516053350
2025-04-07,18.375,23.415,17.5,20.625,791455250
2025-04-08,22.695,23.405,18.55,19.45,502295390
2025-04-09,19.38,26.705,19.365,26.305,713864070
2025-04-10,24.34,24.67,20.785,23.07,563385460
2025-04-11,22.835,24.535,22.31,24.29,358585800
2025-04-14,25.95,26.026,24.03745,24.8,294861450
2025-04-15,24.98,25.60465,24.595,24.895,209340110
2025-04-16,23.415,24.005,21.58,22.645,269148720
2025-04-17,23.045,23.14475,22.175,22.58,202191660
2025-04-21,21.685,21.82,20.12,20.93,229539380
2025-04-22,21.73,22.99,21.55,22.53,260222870
2025-04-23,24.62,25.41385,23.815,24.025,303995450
2025-04-24,24.37,26.14,24.27,26.07,240615400
2025-04-25,26.02,27.035,25.74,26.93,226103130
2025-04-28,27.01,27.32,25.82,26.91,191356890
2025-04-29,26.52,27.585,26.415,27.435,169808030
2025-04-30,25.98,27.71,25.16,27.44,268446590
2025-05-01,28.78,29.4425,28.315,28.385,205481680
2025-05-02,29.32,30.09335,29.015,29.715,195097870
2025-05-05,28.95,29.75,28.85,29.2,138578980
2025-05-06,28.03,29.02,27.785,28.37,165885890
2025-05-07,28.48,29.13,27.5425,28.7,208737140
2025-05-08,29.6,30.355,28.83,29.555,197621580
2025-05-09,29.9,30.1349,29.1625,29.485,146818840
2025-05-12,32.925,33.08,31.9254,33.055,202489900
2025-05-13,33.335,34.93,33.18,34.57,170595450
2025-05-14,34.805,35.30375,34.605,35.18,161184770
2025-05-15,34.74,35.84495,34.465,35.29,161694740
2025-05-16,35.555,35.76,34.825,35.725,127627218
2025-05-19,34.235,35.93,34.215,35.82,143794190
2025-05-20,35.29,35.58495,34.70005,35.445,134069416
2025-05-21,34.62,35.995,33.59,33.97,219255170
2025-05-22,34.08,34.87505,33.81,34.145,173542010
2025-05-23,32.545,33.67005,32.42935,33.16,214220880
2025-05-27,34.495,35.5725,34.19465,35.47,130539532
2025-05-28,35.67,35.97,34.89,35.015,132542674
2025-05-29,36.5,36.5298,34.665,35.185,195434480
2025-05-30,35.065,35.3,33.52,35.0,187118300
2025-06-02,34.6,35.86,34.345,35.805,137925420
2025-06-03,35.88,36.93995,35.7,36.64,128728364
2025-06-04,36.79,37.16,36.355,36.935,128888904
2025-06-05,37.225,37.825,35.65,36.075,199024920
2025-06-06,37.135,37.505,36.77,37.105,131215386
2025-06-09,37.155,37.62,36.92,37.27,100363788
2025-06-10,37.355,38.1425,36.88,37.99,122692950
2025-06-11,38.295,38.5375,37.11,37.6,181651980
2025-06-12,37.3,38.06465,37.26,37.845,126110016
2025-06-13,36.55,37.4425,36.135,36.415,210666160
2025-06-16,37.11,38.12495,37.11,37.9,116668682
2025-06-17,37.34,37.69,36.54,36.78,135418190
2025-06-18,36.96,37.48,36.42,36.73,142661420
2025-06-20,37.38,37.6649,35.8575,36.225,163354900
2025-06-23,36.365,37.465,35.71,37.35,167572710
2025-06-24,38.455,39.255,38.3275,39.05,113191500
2025-06-25,39.44,39.71,38.86,39.24,101438146
2025-06-26,39.71,40.425,39.31035,40.315,100144186
2025-06-27,40.51515,41.125,39.92645,40.71,146023560
2025-06-30,41.4,41.745,40.915,41.5,113721460
2025-07-01,41.06,41.27,39.905,40.445,140389950
2025-07-02,40.23,41.295,40.215,41.25,100285062
2025-07-03,41.745,42.645,41.745,42.405,83484604
2025-07-07,41.8,41.985,40.9,41.46,139674750
2025-07-08,41.74,41.8875,41.235,41.515,115515424
2025-07-09,41.985,42.6925,41.675,42.375,117976250
2025-07-10,42.515,42.61,41.57,42.18,110317770
2025-07-11,41.6575,42.225,41.375,41.86,106937584
2025-07-14,41.815,42.4676,41.275,42.305,97311478
2025-07-15,43.215,43.335,42.4,42.415,123257536
2025-07-16,42.53,42.675,41.22,42.535,166357630
2025-07-17,42.685,43.66,42.5,43.525,97330852
2025-07-18,43.82,43.87,43.095,43.375,98496256
2025-07-21,43.575,44.49,43.56,44.035,87720302
2025-07-22,44.065,44.08,42.7325,43.35,108345276
2025-07-23,43.59,43.94,42.95,43.92,118025230
2025-07-24,44.225,44.48,43.8,44.21,90378270
2025-07-25,44.155,44.79,43.99,44.46,79003182
2025-07-28,44.795,45.095,44.59,44.8925,95591984
2025-07-29,45.495,45.8125,44.49,44.69,116251158
2025-07-30,44.87,45.44,44.13,44.845,145527630
2025-07-31,46.355,46.375,43.83,44.105,178874660
2025-08-01,42.625,42.66,40.93,41.46,219781220
2025-08-04,42.61,43.78495,42.58,43.73,108585948
2025-08-05,44.025,44.305,42.71,42.82,152088320
2025-08-06,43.015,44.53275,42.905,44.42,128995266
2025-08-07,45.445,45.835,43.9075,44.87,169239150
2025-08-08,45.12,46.14,45.0506,46.08,104522674
2025-08-11,46.115,46.62,45.3575,45.675,94616990
2025-08-12,46.21,47.44495,45.565,47.36,120277962
2025-08-13,48.025,48.16,47.0875,47.43,96058510
2025-08-14,46.92,47.7939,46.82,47.3,106385750
2025-08-15,47.235,47.255,46.2097,46.63,96167398
2025-08-18,46.4,46.7275,46.115,46.57,73371354
2025-08-19,46.385,46.43,44.4119,44.67,111118642
2025-08-20,44.415,44.445,42.19,43.855,164404260
2025-08-21,43.475,43.975,42.695,43.245,119919942
2025-08-22,43.51,45.66,43.185,45.19,132726482
2025-08-25,44.81,45.49,44.515,44.795,80452568
2025-08-26,44.655,45.385,44.4175,45.315,84374598
2025-08-27,45.07,45.72,44.77,45.52,90055180
2025-08-28,45.64,46.555,45.255,46.35,90657998
2025-08-29,45.7075,45.795,44.245,44.68,121887006
2025-09-02,42.555,43.62,42.125,43.54,166668070
2025-09-03,44.365,44.9375,43.79495,44.555,119929802
2025-09-04,44.7,45.8323,44.3075,45.76,101759684
2025-09-05,46.97,47.12,44.8436,45.91,172625730
2025-09-08,46.455,47.04755,46.32,46.565,101696744
2025-09-09,46.75,47.055,46.12175,46.945,94620748
2025-09-10,47.725,47.73,46.47,46.995,120818810
2025-09-11,47.595,47.99,47.205,47.785,91247130
2025-09-12,47.98,48.68495,47.7625,48.38,92235236
2025-09-15,48.82,49.635,48.7825,49.615,78114352
2025-09-16,49.835,49.905,49.305,49.48,77137148
2025-09-17,49.445,49.6,47.7555,49.165,147697140
2025-09-18,50.38,51.185,49.895,50.49,123401564
2025-09-19,50.94,51.645,50.575,51.49,84365388
2025-09-22,51.21,52.53785,51.21,52.36,81054580
2025-09-23,52.395,52.45,50.99,51.305,99930552
2025-09-24,51.605,51.68,49.995,50.705,101055614
2025-09-25,49.7,50.435,48.7499,50.025,122820590
2025-09-26,50.2,50.69,49.37,50.625,124097356
2025-09-29,51.3925,52.14,50.97,51.3,92393106
2025-09-30,51.205,51.785,50.61,51.7,92323854
2025-10-01,50.865,52.57,50.65,52.43,93996434
2025-10-02,53.405,53.4175,52.33,53.07,89158698
2025-10-03,53.22,53.435,51.88,52.35,102307972
2025-10-06,53.7,53.9412,53.065,53.52,82476726
2025-10-07,53.85,54.03,52.26,52.655,100185818
2025-10-08,52.86,54.52495,52.83,54.44,86931056
2025-10-09,54.438,54.48,53.3775,54.225,87956100
2025-10-10,54.365,54.83,48.4151,48.535,238009400
2025-10-13,51.03,51.84,50.42505,51.615,114511130
2025-10-14,49.865,51.765,48.535,50.565,147230050
2025-10-15,52.07,52.755,50.02,51.6,127069378
2025-10-16,52.34,53.165,49.875,51.025,159343970
2025-10-17,50.46,52.385,50.06,51.995,142274020
2025-10-20,52.805,54.26,52.775,53.945,79928832
2025-10-21,53.9475,54.24,53.335,53.885,79811454
2025-10-22,53.725,53.87,50.79,52.3,134380740
2025-10-23,52.135,53.815,52.04,53.61,91244990
2025-10-24,54.995,55.63,54.765,55.28,84387668
2025-10-27,57.26,58.345,57.13505,58.215,77489436
2025-10-28,58.825,60.0378,58.53,59.545,92239436
2025-10-29,60.285,60.685,58.77,60.305,133060878
2025-10-30,59.295,59.67,57.515,57.545,127234270
2025-10-31,59.745,59.745,57.69,58.36,122666876
2025-11-03,60.0,60.2088,58.54,59.16,83597916
2025-11-04,56.68,57.70495,55.32165,55.54,124762784
2025-11-05,55.34,57.5,54.97,56.62,109730040
2025-11-06,56.185,56.25,53.06,53.445,156461380
2025-11-07,52.51,52.9218,49.98,52.89,183589370
2025-11-10,55.215,56.625,54.705,56.355,119878754
2025-11-11,55.635,56.21,54.8,55.89,102665534
2025-11-12,56.765,56.77,54.865,55.775,125708378
2025-11-13,54.785,54.94,51.7,52.33,201264400
2025-11-14,49.99,53.545,49.385,52.37,222397600
2025-11-17,51.705,53.314,50.055,51.025,186327040
2025-11-18,49.985,50.67,47.9,49.18,267348020
2025-11-19,49.325,51.575,48.715,50.025,184263510
2025-11-20,52.95,53.54,46.23,46.45,178246290
2025-11-21,46.85,49.1,45.24,47.48,179618620
2025-11-24,48.7,51.45,48.67,51.08,93894159
2025-11-25,50.64,52.36,49.08,52.01,101851915
2025-11-26,52.91,53.855,52.3701,53.37,75598097
2025-11-28,53.82,54.61,53.625,54.54,34381610
2025-12-01,53.11,54.65,52.82,54.05,66359590
2025-12-02,54.63,55.76,54.1441,55.3,79504353
2025-12-03,54.66,55.88,54.2327,55.69,69844899
2025-12-04,56.04,56.05,54.61,55.51,63957971
2025-12-05,55.86,57.08,55.68,56.15,73205980
2025-12-08,56.57,57.04,55.12,55.8,69700018
2025-12-09,55.45,56.22,55.09,56.01,48735976
2025-12-10,55.65,57.09,54.89,56.65,100261104
2025-12-11,55.63,56.16,53.98,56.11,99683926
2025-12-12,55.11,55.52,52.23,52.82,138448530
2025-12-15,54.06,54.06,51.72,52.02,98696303
2025-12-16,51.43,52.7684,51.095,52.33,105953678
2025-12-17,52.65,52.7994,49.37,49.4,125606247
2025-12-18,51.67,52.46,50.98,51.51,109222135
2025-12-19,52.2,53.6399,52.19,53.52,72957834
2025-12-22,54.81,54.89,53.88,54.25,64783070
2025-12-23,53.97,55.07,53.86,55.01,48197058
2025-12-24,54.87,55.45,54.78,55.36,25855006
2025-12-26,55.52,55.745,55.11,55.31,37244200
2025-12-29,54.29,54.9908,53.92,54.49,50635251
2025-12-30,54.2,54.8183,54.04,54.1,38976810
2025-12-31,54.13,54.2,52.64,52.72,57199369
2026-01-02,54.17,54.875,51.61,52.35,107226621
2026-01-05,53.95,54.33,53.29,53.6,77968003
2026-01-06,53.92,55.165,53.74,55.01,68915803
2026-01-07,54.89,56.19,54.77,55.17,65588305
2026-01-08,54.87,54.98,53.495,54.19,83760291
2026-01-09,54.39,56.1,53.79,55.76,78706269
2026-01-12,54.6,56.34,54.58,55.89,59673897
2026-01-13,55.91,56.5,54.96,55.6,88610986
2026-01-14,54.55,54.88,52.5,53.83,117421544
2026-01-15,55.65,55.83,54.13,54.38,90482974
2026-01-16,55.32,55.46,53.5801,54.14,75855865
2026-01-20,51.39,52.56,50.475,50.73,129209054
2026-01-21,51.07,53.8,50.67,52.73,150230120
2026-01-22,54.32,54.33,53.15,53.9,90992291
2026-01-23,53.59,55.07,53.32,54.38,78066065
2026-01-26,54.47,55.63,54.21,55.08,58084348
2026-01-27,55.98,56.8,55.5627,56.54,51981226
2026-01-28,57.7,58.01,56.73,57.06,76172141
2026-01-29,56.95,57.21,53.06,56.04,122642284
2026-01-30,55.015,55.71,53.32,54.0,110170721
2026-02-02,53.16,55.71,53.15,55.1,74665794
2026-02-03,55.64,55.7565,51.08,52.52,129992150
2026-02-04,52.14,52.15,48.43,49.76,142536210
2026-02-05,48.39,49.5297,47.06,47.64,158712870
2026-02-06,48.34,51.005,47.995,50.59,117934624
2026-02-09,50.06,52.27,49.44,51.74,71272728
2026-02-10,51.97,52.4,50.89,51.02,70660921
2026-02-11,52.21,52.5,50.0416,51.4,92393807
2026-02-12,51.8,52.0698,47.99,48.26,131150002
2026-02-13,48.15,49.5925,47.18,48.47,123216560
2026-02-17,47.64,48.98,46.42,48.35,117089669
2026-02-18,48.53,50.3603,48.2,49.39,81370841
2026-02-19,48.67,49.4,48.16,48.83,83447513
2026-02-20,47.96,50.4499,47.76,50.06,118813778
2026-02-23,49.53,49.88,47.66,48.24,91951797
2026-02-24,48.45,50.0399,47.82,49.78,71023309
2026-02-25,50.55,51.96,50.53,51.87,54217196
2026-02-26,51.63,51.64,48.71,50.05,105583757
2026-02-27,48.45,49.77,48.26,49.52,93802210
2026-03-02,47.46,50.15,47.23,49.7,108545943
2026-03-03,46.81,48.67,45.715,48.1,163365520
2026-03-04,48.69,50.79,48.52,50.26,99738423
2026-03-05,49.44,50.76,48.17,49.8,129713210
2026-03-06,47.66,49.05,47.18,47.54,141012240
2026-03-09,46.19,49.77,45.5,49.39,159005490
2026-03-10,49.41,50.74,48.83,49.4,115057232
2026-03-11,49.68,50.52,48.7299,49.35,91104318
2026-03-12,48.15,48.4881,46.75,46.83,130823889
2026-03-13,47.35,48.25,45.67,45.93,141952550
2026-03-16,47.365,48.27,47.18,47.46,81421541
2026-03-17,48.12,48.76,47.81,48.16,74570091
2026-03-18,47.72,48.11,46.05,46.1,105059286
2026-03-19,44.87,46.32,44.3,45.69,138384910
2026-03-20,45.18,45.21,42.3,43.08,137952500
2026-03-23,45.11,46.15,44.125,44.57,139354270
2026-03-24,43.835,44.55,43.19,43.62,105505194
2026-03-25,44.7,45.22,43.945,44.39,79294403
2026-03-26,43.23,43.68,41.15,41.23,117558871
2026-03-27,40.56,40.59,38.56,38.78,124795741
2026-03-30,39.75,39.9087,37.32,37.89,111446507
2026-03-31,39.09,42.0,39.0693,41.68,149516160
2026-04-01,42.63,43.98,42.41,43.23,116135527
2026-04-02,40.88,43.55,40.44,43.33,111377317
2026-04-06,43.6,44.585,43.27,44.1,69245136
2026-04-07,43.45,44.21,41.84,44.15,131796222
2026-04-08,48.64,48.92,47.15,48.0,102015117
2026-04-09,48.015,49.09,47.31,48.96,78953595
2026-04-10,49.355,49.81,48.82,49.17,65481559
2026-04-13,48.78,50.74,48.46,50.66,67169143
2026-04-14,51.39,53.43,51.38,53.41,72362348
2026-04-15,53.57,55.7382,53.33,55.65,83243969
2026-04-16,56.13,56.92,55.095,56.43,86398114
2026-04-17,57.78,58.94,57.3699,58.59,103604001
2026-04-20,58.4,58.58,56.91,58.08,67652789
2026-04-21,58.48,58.97,56.82,57.4,91775197
2026-04-22,58.93,60.3,58.49,60.21,73399832
2026-04-23,59.8,60.73,57.59,59.22,92856855
2026-04-24,61.08,62.735,60.56,62.56,80250657
2026-04-27,62.41,62.6995,61.64,62.64,56614968
2026-04-28,60.715,61.33,59.68,60.74,80631560
2026-04-29,61.0,61.8675,60.45,61.86,77081402
2026-04-30,62.89,63.8,60.7,63.54,81042682
2026-05-01,63.89,65.84,63.81,65.3,67762932
2026-05-04,65.44,66.05,63.78,64.91,60813806
2026-05-05,66.37,67.7686,66.25,67.39,54098799
2026-05-06,69.255,71.6587,68.88,71.57,70169043
2026-05-07,71.87,73.295,70.38,71.34,93509107
2026-05-08,72.82,76.31,72.695,76.28,68713741
2026-05-11,76.0,77.36,75.55,76.96,60475028
2026-05-12,75.3,75.9292,71.55,74.96,90651647
2026-05-13,75.81,77.94,74.19,77.24,64416389
2026-05-14,77.29,79.68,77.155,78.95,58472779
2026-05-15,75.73,77.365,74.228006,75.34,81260605
2026-05-18,76.13,76.2713,72.1,74.32,87710120
2026-05-19,72.41,74.5,70.9616,72.93,85973688
2026-05-20,74.09,76.53,73.615,76.51,70647504
2026-05-21,75.18,77.7895,74.47,76.95,74958080
2026-05-22,78.04,79.33,77.332,77.84,58330531
2026-05-26,80.59,82.27,79.98,81.95,62579634
2026-05-27,82.87,82.91,80.33,81.67,66220965
2026-05-28,81.74,84.05,80.655,83.68,55265904
2026-05-29,84.41,85.7,83.53,84.56,67644085
2026-06-01,84.145,87.06,83.75,86.04,57216020
2026-06-02,85.94,87.32,84.83,87.22,48355014
2026-06-03,87.68,88.09,85.41,86.56,62154484
2026-06-04,83.47,86.245,82.475,85.22,59614611
2026-06-05,81.569,82.08,72.68,73.05,118961266
2026-06-08,76.86,78.47,75.38,76.27,77319034
2026-06-09,78.48,79.3407,66.79,73.72,132485655
2026-06-10,71.68,74.7,69.0,69.27,91465223
2026-06-11,70.89,76.5979,69.59,76.01,116288786
2026-06-12,76.34,78.36,74.29,77.52,94483584
2026-06-15,82.88,85.03,82.64,84.59,59757994
2026-06-16,84.19,84.83,79.86,79.93,67086685
2026-06-17,81.67,81.805,76.94,77.54,78089612
2026-06-18,82.1,83.5999,80.63,82.87,61062971
2026-06-22,83.95,85.11,81.39,82.58,61888933
2026-06-23,75.12,77.74,73.9101,74.44,82341752
2026-06-24,74.79,76.18,71.35,73.3,72009703
2026-06-25,77.96,78.24,71.6,74.95,106912009
2026-06-26,72.085,74.69,70.72,71.83,70427715
2026-06-29,74.12,77.375,71.45,77.19,79128443
2026-06-30,77.24,81.54,77.15,81.0,58466179
2026-07-01,78.72,79.64,77.23,77.46,63348163
2026-07-02,77.45,79.135,71.72,73.35,87993372
2026-07-06,75.54,77.45,75.11,76.42,54545140
2026-07-07,73.7,74.39,70.76,72.23,70992853
2026-07-08,70.795,73.015,69.57,72.72,70748539
2026-07-09,74.85,76.685,73.89,76.34,51726574
2026-07-10,75.529,77.32,74.33,77.03,46034411
2026-07-13,74.54,74.845,72.09,72.64,63317516
2026-07-14,75.2,75.845,73.41,75.02,58097269
2026-07-15,76.29,76.4699,72.06,74.44,68547836
2026-07-16,72.61,73.1167,69.69,70.74,66953342
2026-07-17,66.38,69.555,64.91,67.53,75465162
2026-07-20,69.47,70.505,67.5,67.65,50076669
2026-07-21,70.709,71.7199,69.61,71.37,37772510
2026-07-22,69.77,71.59,69.77,70.28,36062090
2026-07-23,67.11,68.27,65.02,66.3,80277462
2026-07-24,65.78,66.4,63.485,64.0,69267661
2026-07-27,66.06,66.23,61.64,63.4,70531608
2026-07-28,61.77,62.6095,59.4,61.56,73235875
2026-07-29,61.51,62.7366,57.5901,57.75,103582887
2026-07-30,61.13,63.837,60.74,63.3,75877771
2026-07-31,65.74,66.77,62.3852,64.62,86709855
2026-08-03,64.71,68.4062,63.985,67.96,62223641
2026-08-04,70.31,75.41,70.14,74.82,73728505
2026-08-05,75.61,76.33,72.74,72.84,70885792
2026-08-06,70.85,73.445,70.16,72.03,60887178
2026-08-07,73.66,74.665,72.52,74.47,59409756
2026-08-10,74.27,74.98,73.64,73.8,44224534
2026-08-11,74.54,74.54,72.24,73.06,43674117
2026-08-12,75.62,75.69,74.38,74.6,46867327
2026-08-13,75.04,77.7662,74.71,77.15,49822644
2026-08-14,77.57,77.85,75.94,76.79,36616786
2026-08-17,77.38,77.9,76.21,76.4,39828070
2026-08-18,73.36,73.9599,72.01,72.53,51330514
2026-08-19,73.37,73.7,71.0,72.06,49118244
2026-08-20,70.83,71.6883,69.76,70.48,56681667
2026-08-21,71.7,71.83,69.91,71.17,47654276
2026-08-24,70.0,70.05,67.93,69.01,46660732
2026-08-25,70.42,71.27,69.35,70.27,44163239
2026-08-26,69.56,70.94,69.4401,70.47,40461372
2026-08-27,72.085,73.38,71.375,73.3,48782771
2026-08-28,72.85,74.18,71.43,71.85,58067978
2026-08-31,71.439,72.15,70.8227,71.92,42308148
2026-09-01,69.07,70.545,68.25,69.15,57328943
2026-09-02,68.969,69.7599,68.3899,69.6,38887354
2026-09-03,70.059,72.42,69.705,72.03,46695144
2026-09-04,72.49,73.24,71.65,72.37,47352240
