date,open,high,low,close,volume
2015-01-02,13.12875,13.17875,12.9425,13.03,2623904
2015-01-05,12.975,12.98125,12.773338,12.80625,4528424
2015-01-06,12.83375,12.849988,12.57125,12.64125,3889936
2015-01-07,12.73375,12.78625,12.66125,12.75375,3080992
2015-01-08,12.85375,13.07375,12.8525,13.04125,5625568
2015-01-09,13.10375,13.11875,12.907063,13.0075,3383096
2015-01-12,13.04625,13.04625,12.7985,12.8425,3072800
2015-01-13,12.95125,13.123738,12.73,12.84,3674504
2015-01-14,12.73125,12.8275,12.6375,12.7625,3972272
2015-01-15,12.81375,12.83125,12.55375,12.5675,3421152
2015-01-16,12.53125,12.706238,12.516675,12.69125,3829280
2015-01-20,12.7725,12.81875,12.625,12.78625,6254536
2015-01-21,12.74125,12.8775,12.682513,12.81,2766512
2015-01-22,12.87125,13.0625,12.74375,13.0525,4641696
2015-01-23,13.04625,13.14,13.01125,13.08875,3945240
2015-01-26,13.08875,13.08875,12.9925,13.05,3327296
2015-01-27,12.8375,12.8375,12.61,12.6725,4848088
2015-01-28,12.90625,12.93,12.65125,12.655,3857888
2015-01-29,12.645,12.799375,12.545,12.77875,5527688
2015-01-30,12.7325,12.814988,12.58625,12.60125,3404416
2015-02-02,12.625,12.72125,12.42755,12.71125,29252784
2015-02-03,12.75125,12.873763,12.7275,12.86875,3702016
2015-02-04,12.87,12.975,12.85625,12.88875,3239392
2015-02-05,12.9575,13.025013,12.91625,13.02,2684248
2015-02-06,13.06125,13.0975,12.92875,12.9675,2925440
2015-02-09,12.9325,13.00125,12.916675,12.9375,2535392
2015-02-10,13.0375,13.14875,12.97875,13.1325,2587304
2015-02-11,13.1475,13.218613,13.125,13.1875,2228904
2015-02-12,13.2925,13.4025,13.28625,13.39625,2699792
2015-02-13,13.44875,13.505,13.41,13.505,2482064
2015-02-17,13.5075,13.5225,13.46875,13.51125,2540088
2015-02-18,13.5,13.539988,13.475325,13.53625,2045480
2015-02-19,13.51375,13.60125,13.496938,13.59,1850016
2015-02-20,13.6,13.68125,13.524063,13.67625,2027400
2015-02-23,13.67125,13.67625,13.60125,13.67625,2875048
2015-02-24,13.6775,13.732488,13.6025,13.710013,2441368
2015-02-25,13.685,13.6925,13.604125,13.64,2842304
2015-02-26,13.66875,13.731875,13.641275,13.72375,2742520
2015-02-27,13.7225,13.7325,13.63975,13.65125,6551248
2015-03-02,13.66625,13.78625,13.6525,13.78,4373288
2015-03-03,13.75625,13.75625,13.6175,13.67375,3114936
2015-03-04,13.64,13.65375,13.54625,13.6275,11241480
2015-03-05,13.62625,13.6625,13.57375,13.6225,2738640
2015-03-06,13.635,13.64375,13.442538,13.46875,2741048
2015-03-09,13.5175,13.579875,13.466875,13.525,2624064
2015-03-10,13.435,13.441238,13.253538,13.2575,3149008
2015-03-11,13.265,13.297,13.172625,13.185,2815488
2015-03-12,13.15375,13.27,13.14045,13.26375,2910768
2015-03-13,13.2375,13.276888,13.116175,13.19625,2265536
2015-03-16,13.235,13.3575,13.2245,13.355,2652040
2015-03-17,13.33625,13.393375,13.29625,13.36875,2145544
2015-03-18,13.3425,13.58125,13.298125,13.53,1919128
2015-03-19,13.52625,13.56375,13.5,13.51875,2185568
2015-03-20,13.57625,13.659988,13.575,13.59625,2705832
2015-03-23,13.60625,13.662375,13.6,13.6,2020664
2015-03-24,13.61875,13.6475,13.555,13.5625,2642792
2015-03-25,13.56125,13.566375,13.1875,13.19,2816120
2015-03-26,13.11125,13.2525,13.0425,13.19875,3288104
2015-03-27,13.195,13.2625,13.136275,13.23125,2110888
2015-03-30,13.3225,13.391875,13.311263,13.38125,3564472
2015-03-31,13.34,13.7325,13.25125,13.315,8274720
2015-04-01,13.2625,13.27125,13.13,13.20875,3760312
2015-04-02,13.21875,13.27,13.18375,13.2075,4302944
2015-04-06,13.135,13.355,13.090013,13.33125,2370384
2015-04-07,13.31875,13.419375,13.31625,13.31625,3285024
2015-04-08,13.2625,13.402513,13.2625,13.36375,1878480
2015-04-09,13.3625,13.42625,13.3025,13.41875,1864952
2015-04-10,13.4025,13.4775,13.383763,13.4775,1397264
2015-04-13,13.4775,13.54,13.415,13.42125,2141088
2015-04-14,13.465,13.465,13.3,13.3725,2583448
2015-04-15,13.4125,13.531238,13.4025,13.49375,2559840
2015-04-16,13.45875,13.4975,13.43375,13.46625,2086536
2015-04-17,13.375,13.375,13.21625,13.26,2243376
2015-04-20,13.325,13.496225,13.325,13.47625,2413664
2015-04-21,13.54375,13.571238,13.4775,13.4875,1724360
2015-04-22,13.52375,13.635,13.46,13.6175,2055320
2015-04-23,13.5675,13.701188,13.5535,13.65,1908136
2015-04-24,13.77125,13.775,13.673763,13.7275,2026808
2015-04-27,13.76375,13.837688,13.726263,13.75875,4807944
2015-04-28,13.7875,13.838625,13.648563,13.77375,1901688
2015-04-29,13.7,13.77875,13.615013,13.71,1815576
2015-04-30,13.6375,13.66625,13.43875,13.48625,1813312
2015-05-01,13.53125,13.65875,13.52,13.65875,2328600
2015-05-04,13.68625,13.74,13.6625,13.66875,1974648
2015-05-05,13.62625,13.632,13.440013,13.455,1913240
2015-05-06,13.4825,13.535,13.283963,13.37875,2106472
2015-05-07,13.365,13.51625,13.365,13.475,1782408
2015-05-08,13.60875,13.67625,13.603725,13.665,1458968
2015-05-11,13.6575,13.68,13.609988,13.61125,3669768
2015-05-12,13.54375,13.59625,13.425,13.54,1985600
2015-05-13,13.57625,13.674988,13.57625,13.605,1553320
2015-05-14,13.7,13.8285,13.6915,13.82125,1894688
2015-05-15,13.86125,13.865,13.75,13.7825,1465208
2015-05-18,13.75625,13.87875,13.736,13.85375,2245296
2015-05-19,13.865,13.892488,13.82,13.83625,1998048
2015-05-20,13.84875,13.90375,13.782513,13.8325,1647768
2015-05-21,13.8125,13.89875,13.79375,13.88,1892448
2015-05-22,13.865,13.91875,13.865,13.885,1517168
2015-05-26,13.8375,13.86125,13.6375,13.6925,2333816
2015-05-27,13.73,13.94375,13.716263,13.925625,2331136
2015-05-28,13.91,13.93125,13.875,13.91875,1590464
2015-05-29,13.90625,13.91875,13.7825,13.8225,1908000
2015-06-01,13.8725,13.9075,13.766825,13.86375,6289608
2015-06-02,13.845,13.8975,13.73875,13.83125,1840448
2015-06-03,13.9025,13.942363,13.848763,13.8825,1481176
2015-06-04,13.84125,13.87245,13.715775,13.7525,1685472
2015-06-05,13.73375,13.77125,13.658288,13.7475,1622360
2015-06-08,13.7625,13.7625,13.54625,13.575,1659968
2015-06-09,13.565,13.591263,13.4375,13.55125,2004192
2015-06-10,13.60375,13.79,13.595,13.75625,2018832
2015-06-11,13.78625,13.8355,13.744,13.75875,1453776
2015-06-12,13.67875,13.711963,13.640338,13.66,1480744
2015-06-15,13.56,13.5969,13.46125,13.585,2032952
2015-06-16,13.605,13.695,13.568625,13.67,2648744
2015-06-17,13.68625,13.734863,13.62,13.69,3784992
2015-06-18,13.68625,13.82725,13.68625,13.805,2449408
2015-06-19,13.80875,13.82,13.702463,13.705,1613192
2015-06-22,13.80625,13.8375,13.767975,13.79625,1528048
2015-06-23,13.83625,13.83625,13.7575,13.80375,1610512
2015-06-24,13.7725,13.83625,13.72375,13.7275,1746184
2015-06-25,13.78,13.7927,13.6725,13.69375,2116400
2015-06-26,13.65,13.68125,13.5125,13.56125,1914416
2015-06-29,13.4325,13.4775,13.240625,13.2525,2638264
2015-06-30,13.3575,13.3575,13.23125,13.27875,2086064
2015-07-01,13.41125,13.47125,13.295,13.35,2590784
2015-07-02,13.3775,13.401913,13.30375,13.36125,1870576
2015-07-06,13.2625,13.36625,13.218763,13.30625,4090872
2015-07-07,13.31125,13.3225,13.05375,13.30875,2589856
2015-07-08,13.1925,13.223738,13.07375,13.08375,2355032
2015-07-09,13.21375,13.2775,13.0475,13.055,2257768
2015-07-10,13.185,13.291525,13.1764,13.24875,2270896
2015-07-13,13.355,13.46125,13.354,13.44375,2215576
2015-07-14,13.4525,13.544988,13.4525,13.50875,1870936
2015-07-15,13.525,13.561238,13.475,13.5125,1643368
2015-07-16,13.59375,13.66875,13.584688,13.667375,1649856
2015-07-17,13.7775,13.8625,13.7525,13.85625,1808440
2015-07-20,13.9125,13.96625,13.86125,13.9175,3019704
2015-07-21,13.90625,13.9319,13.83875,13.85125,2303824
2015-07-22,13.71375,13.71375,13.535125,13.65625,2449384
2015-07-23,13.69375,13.763738,13.59875,13.6325,1948744
2015-07-24,13.71,13.71,13.52125,13.53875,1952464
2015-07-27,13.47,13.493738,13.380013,13.400625,2406976
2015-07-28,13.475,13.5625,13.366013,13.53625,1585568
2015-07-29,13.535,13.625,13.464688,13.6075,1739120
2015-07-30,13.57375,13.66125,13.48875,13.64,1435696
2015-07-31,13.6725,13.6725,13.55875,13.58,3979832
2015-08-03,13.57,13.590175,13.4075,13.49875,2959392
2015-08-04,13.48,13.4883,13.367875,13.415,2422352
2015-08-05,13.4925,13.6525,13.46625,13.54625,2360760
2015-08-06,13.5675,13.61125,13.3656,13.405,2198632
2015-08-07,13.39875,13.431188,13.32375,13.41625,1398960
2015-08-10,13.52875,13.647,13.52875,13.62125,2100616
2015-08-11,13.58125,13.5877,13.355,13.39875,1635560
2015-08-12,13.3225,13.48875,13.174375,13.46375,2879240
2015-08-13,13.4925,13.52,13.407488,13.43,1441248
2015-08-14,13.385,13.51625,13.385,13.50125,1347688
2015-08-17,13.46,13.58875,13.4,13.58875,1436664
2015-08-18,13.54125,13.56,13.4825,13.50375,1953280
2015-08-19,13.44625,13.51125,13.32875,13.3925,2479176
2015-08-20,13.27,13.30875,13.0475,13.0475,3376480
2015-08-21,12.82625,13.005,12.55625,12.5575,5967728
2015-08-24,12.4325,12.565,9.63875,12.1,10098480
2015-08-25,12.235,12.65,11.96875,11.97,16720696
2015-08-26,12.08875,12.5925,12.08875,12.5675,5229816
2015-08-27,12.695,12.87,12.590175,12.87,4766304
2015-08-28,12.81625,12.91375,12.79625,12.8975,2215096
2015-08-31,12.84875,12.934988,12.7575,12.7925,2461720
2015-09-01,12.665,12.665,12.31425,12.385,4325672
2015-09-02,12.50875,12.675,12.43375,12.675,3311656
2015-09-03,12.72625,12.8425,12.64625,12.6875,2159184
2015-09-04,12.5625,12.59,12.44555,12.50375,2839384
2015-09-08,12.77125,12.866113,12.71,12.8525,2206184
2015-09-09,12.94875,13.0025,12.6675,12.6975,2153048
2015-09-10,12.6825,12.90625,12.66125,12.8225,2319000
2015-09-11,12.7525,12.885,12.73,12.885,1701392
2015-09-14,12.9375,12.94875,12.81685,12.8475,2047184
2015-09-15,12.89125,13.05,12.8575,13.01125,3069840
2015-09-16,13.0225,13.09875,12.98875,13.0825,1882320
2015-09-17,13.06,13.212488,12.991263,13.01125,2686488
2015-09-18,12.8625,12.9815,12.81875,12.84875,1728272
2015-09-21,12.91875,13.0225,12.854375,12.955,1271064
2015-09-22,12.76375,12.799488,12.6625,12.7525,2234776
2015-09-23,12.6625,12.694988,12.578763,12.6475,1669896
2015-09-24,12.52125,12.6675,12.42125,12.635,2728192
2015-09-25,12.75,12.7775,12.5405,12.605,2652944
2015-09-28,12.5375,12.57275,12.29875,12.3075,2740448
2015-09-29,12.35375,12.415,12.15625,12.24375,3439056
2015-09-30,12.395,12.512488,12.355,12.5,3087032
2015-10-01,12.54,12.54,12.3325,12.50625,2484304
2015-10-02,12.35375,12.69875,12.31625,12.69625,3675544
2015-10-05,12.76375,12.98625,12.76375,12.94875,3115744
2015-10-06,12.93,13.0,12.90375,12.97875,1928856
2015-10-07,13.05875,13.086238,12.88,13.04875,2662912
2015-10-08,13.02625,13.14125,12.943763,13.1125,1941560
2015-10-09,13.13125,13.1875,13.104375,13.18125,1888896
2015-10-12,13.21375,13.21375,13.12825,13.1925,1952144
2015-10-13,13.12375,13.2375,13.11375,13.13125,2026488
2015-10-14,13.10625,13.19375,13.05875,13.1225,1707200
2015-10-15,13.15625,13.2875,13.155,13.2775,5068112
2015-10-16,13.29625,13.31375,13.2325,13.31375,1980600
2015-10-19,13.28625,13.36,13.25,13.3575,1884128
2015-10-20,13.3125,13.3475,13.262513,13.31,1800840
2015-10-21,13.33125,13.3525,13.176,13.18375,1155152
2015-10-22,13.29,13.512588,13.29,13.485,2230488
2015-10-23,13.83125,13.900838,13.746875,13.85125,2675344
2015-10-26,13.83625,13.83625,13.737725,13.78875,2831536
2015-10-27,13.75625,13.79125,13.68375,13.7025,2236360
2015-10-28,13.755,13.9425,13.74,13.9425,2062376
2015-10-29,13.845,13.895,13.810013,13.8775,1963464
2015-10-30,13.9025,13.92,13.8075,13.8075,2960536
2015-11-02,13.87125,13.955,13.79875,13.94,3410376
2015-11-03,13.905,14.0885,13.877625,14.03125,2744920
2015-11-04,14.07375,14.089988,14.023425,14.0575,2237984
2015-11-05,14.125,14.1362,13.9863,14.015,2258888
2015-11-06,13.99375,14.09875,13.975,14.0975,2009784
2015-11-09,14.1,14.1,13.8875,13.96375,2307392
2015-11-10,13.9125,13.9125,13.79635,13.86125,2147208
2015-11-11,13.89375,13.9562,13.8294,13.85375,1603944
2015-11-12,13.795,13.845813,13.70875,13.715,1709304
2015-11-13,13.65125,13.675,13.44175,13.44625,2663504
2015-11-16,13.42875,13.6325,13.40375,13.62625,1980912
2015-11-17,13.64,13.7425,13.606075,13.635,2424008
2015-11-18,13.715,13.860625,13.68125,13.8525,1697224
2015-11-19,13.85375,13.98,13.85375,13.90875,1988496
2015-11-20,13.9625,14.03,13.95875,14.015,10271896
2015-11-23,14.07,14.07,13.896263,13.94125,3281080
2015-11-24,13.85125,13.99,13.8025,13.95875,2014696
2015-11-25,13.96375,13.973125,13.918825,13.9275,1796120
2015-11-27,13.93625,13.983438,13.9175,13.95125,1083936
2015-11-30,14.00375,14.011213,13.931563,13.97125,1779688
2015-12-01,14.0125,14.1,14.0,14.09625,5337408
2015-12-02,14.10375,14.164988,14.005,14.02125,2954248
2015-12-03,14.095,14.0975,13.756375,13.82625,2461456
2015-12-04,13.86625,14.156288,13.8375,14.1275,2863696
2015-12-07,14.12375,14.12375,13.97875,14.03625,2180440
2015-12-08,13.90625,14.045,13.86625,14.0125,3383792
2015-12-09,13.95875,14.033738,13.73625,13.8025,3429472
2015-12-10,13.85875,13.9325,13.78855,13.835,2669688
2015-12-11,13.70875,13.715,13.53125,13.54625,2622040
2015-12-14,13.54625,13.615,13.375,13.615,2764160
2015-12-15,13.7175,13.7765,13.666563,13.68,2649728
2015-12-16,13.78,13.88875,13.6565,13.8625,2470248
2015-12-17,13.92,13.9225,13.645,13.65125,4037672
2015-12-18,13.625,13.63125,13.37925,13.38125,2429176
2015-12-21,13.51125,13.53,13.4032,13.5125,2839336
2015-12-22,13.5625,13.62,13.492275,13.60125,2939840
2015-12-23,13.63625,13.675,13.595,13.67,3539160
2015-12-24,13.6775,13.707488,13.655,13.66375,1131536
2015-12-28,13.63,13.66125,13.53145,13.66125,1842624
2015-12-29,13.7425,13.869988,13.725013,13.83125,1975096
2015-12-30,13.83375,13.83375,13.72,13.725,1965360
2015-12-31,13.73375,13.73375,13.5325,13.53625,2279968
2016-01-04,13.28875,13.32625,13.1175,13.32625,4084920
2016-01-05,13.37,13.39375,13.21875,13.2625,3218368
2016-01-06,13.07,13.17125,12.99625,13.0825,5246056
2016-01-07,12.815,12.9552,12.655,12.66125,5978576
2016-01-08,12.775,12.8125,12.5325,12.5525,3668912
2016-01-11,12.62875,12.672488,12.44875,12.61375,3653664
2016-01-12,12.74875,12.80375,12.59,12.7575,3552704
2016-01-13,12.8225,12.85625,12.36875,12.4,4821872
2016-01-14,12.43375,12.7275,12.280013,12.63875,4549304
2016-01-15,12.24,12.36875,12.08625,12.2625,5220472
2016-01-19,12.39125,12.410725,12.113763,12.23,5467816
2016-01-20,12.0275,12.281238,11.78875,12.165,6693456
2016-01-21,12.22,12.3825,12.0625,12.19625,4530648
2016-01-22,12.43,12.54,12.42,12.5375,3721880
2016-01-25,12.5175,12.547975,12.34235,12.3525,14952456
2016-01-26,12.4075,12.5175,12.3225,12.48,2981832
2016-01-27,12.38625,12.4325,12.137513,12.18,3368656
2016-01-28,12.32875,12.368325,12.17875,12.315,3105312
2016-01-29,12.4125,12.74125,12.4125,12.74125,5857440
2016-02-01,12.68125,12.8275,12.650075,12.7725,2975496
2016-02-02,12.725,12.725,12.474875,12.51375,3022968
2016-02-03,12.59,12.63125,12.282813,12.485,3451464
2016-02-04,12.45375,12.60125,12.375,12.515,3097752
2016-02-05,12.43625,12.452663,12.01,12.04625,3602520
2016-02-08,11.84375,11.865,11.61875,11.82875,12211928
2016-02-09,11.6925,11.98085,11.67125,11.77375,5438280
2016-02-10,11.905,12.065,11.8125,11.8275,3738304
2016-02-11,11.675,11.872488,11.6325,11.78625,4978840
2016-02-12,11.90625,11.97375,11.82025,11.95875,15479944
2016-02-16,12.1,12.224988,12.06125,12.2075,3775104
2016-02-17,12.29875,12.5212,12.2775,12.5075,3444152
2016-02-18,12.55375,12.5625,12.413763,12.42875,3433064
2016-02-19,12.39125,12.5075,12.365,12.47875,2451856
2016-02-22,12.64125,12.66875,12.5908,12.65,2424384
2016-02-23,12.59125,12.61375,12.42625,12.435,2686168
2016-02-24,12.29875,12.575,12.22875,12.555,2224544
2016-02-25,12.58875,12.705,12.476063,12.7025,1993720
2016-02-26,12.77375,12.805,12.663763,12.69,2134672
2016-02-29,12.69,12.80875,12.6175,12.6175,1915064
2016-03-01,12.7225,13.0,12.706875,13.0,2998992
2016-03-02,12.9825,13.035,12.932625,13.03375,3316696
2016-03-03,13.03375,13.03375,13.03375,13.03875,2165816
2016-03-04,13.06875,13.16,12.99875,13.07875,2956168
2016-03-07,13.02625,13.06875,12.90275,13.0075,2402688
2016-03-08,12.92375,12.997125,12.8612,12.8775,2134088
2016-03-09,12.92625,13.0061,12.905,12.99875,7811952
2016-03-10,12.99875,12.99875,12.99875,12.97,2202960
2016-03-11,12.97,12.97,12.97,13.19625,1869528
2016-03-14,13.15125,13.235,13.1475,13.20125,2032592
2016-03-15,13.20125,13.20125,13.20125,13.23,2327512
2016-03-16,13.215,13.405,13.196263,13.3775,2306632
2016-03-17,13.3475,13.485,13.3475,13.45125,2169768
2016-03-18,13.51875,13.52375,13.42875,13.49625,2760136
2016-03-21,13.42375,13.49625,13.41125,13.4825,5217928
2016-03-22,13.42875,13.5451,13.40375,13.49875,3734672
2016-03-23,13.4875,13.4875,13.36875,13.39375,4643952
2016-03-24,13.39375,13.39375,13.39375,13.4125,3494600
2016-03-28,13.4375,13.45125,13.36,13.38125,2606504
2016-03-29,13.35875,13.62375,13.34625,13.60875,2570104
2016-03-30,13.69125,13.77875,13.663288,13.70125,2327056
2016-03-31,13.69375,13.75,13.66875,13.69125,1592896
2016-04-01,13.6125,13.797988,13.58375,13.795,2105256
2016-04-04,13.78875,13.801238,13.70185,13.7225,3713880
2016-04-05,13.7225,13.7225,13.7225,13.58,2935200
2016-04-06,13.5975,13.73125,13.53875,13.72875,1871528
2016-04-07,13.645,13.651238,13.482638,13.53125,1734472
2016-04-08,13.60875,13.66,13.49125,13.535,1710792
2016-04-11,13.59125,13.69125,13.5,13.5075,2105592
2016-04-12,13.5225,13.584988,13.40465,13.57,1966872
2016-04-13,13.66625,13.795875,13.64625,13.7825,2852432
2016-04-14,13.77375,13.8,13.71125,13.7625,1885576
2016-04-15,13.76,13.775,13.681263,13.69375,2587792
2016-04-18,13.63875,13.765625,13.63875,13.76375,2109480
2016-04-19,13.79875,13.79875,13.594863,13.67875,4379464
2016-04-20,13.68125,13.78,13.645,13.7125,3333264
2016-04-21,13.7275,13.76,13.67625,13.7025,2495016
2016-04-22,13.5075,13.56875,13.415,13.4975,2008120
2016-04-25,13.45,13.5,13.414313,13.47125,1908016
2016-04-26,13.49,13.53,13.395,13.4475,2344248
2016-04-27,13.25125,13.366238,13.21,13.35,2786984
2016-04-28,13.36625,13.43,13.136875,13.17125,2390680
2016-04-29,13.1125,13.125,12.93875,13.05125,3236392
2016-05-02,13.0625,13.14875,13.00625,13.1275,2281240
2016-05-03,13.04625,13.07,12.965013,13.00875,2705544
2016-05-04,12.95,13.005,12.914738,12.95125,1857752
2016-05-05,12.985,13.0275,12.93125,12.9525,2041872
2016-05-06,12.92625,13.03785,12.89625,13.035,1984920
2016-05-09,13.06375,13.11,13.0375,13.0475,2210032
2016-05-10,13.085,13.22625,13.069988,13.21875,1912096
2016-05-11,13.19125,13.269988,13.1325,13.13375,1935400
2016-05-12,13.1825,13.1825,12.9825,13.06625,2038088
2016-05-13,13.06625,13.15625,13.009375,13.035,2046336
2016-05-16,13.05,13.25625,13.05,13.20375,3205736
2016-05-17,13.195,13.23,13.0325,13.0675,1943304
2016-05-18,13.05375,13.22875,13.0525,13.14125,5429440
2016-05-19,13.09625,13.1385,12.98125,13.07,2305048
2016-05-20,13.125,13.2775,13.1225,13.23625,2188592
2016-05-23,13.24,13.31125,13.23125,13.23375,1892776
2016-05-24,13.315,13.5371,13.315,13.515,2791000
2016-05-25,13.605,13.65025,13.555,13.60875,2154216
2016-05-26,13.62,13.66875,13.577513,13.64625,2717056
2016-05-27,13.6375,13.72875,13.635,13.72625,2178104
2016-05-31,13.73625,13.76,13.667625,13.74875,2569088
2016-06-01,13.7025,13.76875,13.68,13.74125,2609304
2016-06-02,13.71125,13.74125,13.62125,13.74125,2582344
2016-06-03,13.7075,13.73125,13.6175,13.69375,2052848
2016-06-06,13.71875,13.784988,13.7049,13.745,1832648
2016-06-07,13.77375,13.822488,13.765,13.7725,1531424
2016-06-08,13.79375,13.83125,13.758,13.8175,1584328
2016-06-09,13.75375,13.816238,13.74625,13.80625,1993776
2016-06-10,13.67875,13.7025,13.60125,13.64,1578056
2016-06-13,13.56625,13.6375,13.508988,13.51625,1771336
2016-06-14,13.48375,13.56875,13.4405,13.53,2241840
2016-06-15,13.56875,13.59375,13.497513,13.50625,2035912
2016-06-16,13.4425,13.545,13.349375,13.53125,2222144
2016-06-17,13.53125,13.53125,13.36875,13.4075,1707640
2016-06-20,13.53875,13.6225,13.49375,13.4625,1579000
2016-06-21,13.49125,13.5575,13.4825,13.53125,1913280
2016-06-22,13.5375,13.582488,13.457488,13.47125,9171560
2016-06-23,13.56375,13.68,13.51625,13.68,2183472
2016-06-24,13.16375,13.35375,13.06,13.08625,5963400
2016-06-27,12.97875,12.97875,12.6825,12.7425,5035320
2016-06-28,12.88375,13.00375,12.86375,13.00375,3574632
2016-06-29,13.10625,13.2475,13.093463,13.22,2066816
2016-06-30,13.2475,13.38625,13.219,13.38625,3306608
2016-07-01,13.37125,13.4575,13.356263,13.395,3219952
2016-07-05,13.32125,13.33375,13.224475,13.28625,2516200
2016-07-06,13.2275,13.36625,13.1775,13.35875,2082984
2016-07-07,13.37625,13.455,13.35125,13.40125,2324456
2016-07-08,13.49625,13.647488,13.48125,13.64375,2088656
2016-07-11,13.68875,13.76375,13.68875,13.7275,1963088
2016-07-12,13.81875,13.9,13.800013,13.86375,2289096
2016-07-13,13.89625,13.913738,13.84875,13.85375,10911592
2016-07-14,13.9375,13.979988,13.911113,13.95375,2484376
2016-07-15,13.99125,13.992488,13.900125,13.93,1997024
2016-07-18,13.95625,14.05,13.93625,14.0275,2357856
2016-07-19,14.00625,14.04015,13.9816,14.00625,2007936
2016-07-20,14.10625,14.228725,14.103763,14.19625,2118976
2016-07-21,14.2125,14.22595,14.0825,14.1125,1823728
2016-07-22,14.1225,14.195,14.05875,14.1925,2045360
2016-07-25,14.19125,14.215,14.1525,14.18875,11787792
2016-07-26,14.20625,14.2825,14.17125,14.25375,2995488
2016-07-27,14.3975,14.4125,14.2989,14.3625,2643472
2016-07-28,14.39375,14.42625,14.33125,14.3975,5076560
2016-07-29,14.4375,14.445,14.36375,14.4,3302560
2016-08-01,14.4225,14.489875,14.39625,14.46375,3925240
2016-08-02,14.44625,14.46,14.260125,14.32875,2784400
2016-08-03,14.31,14.38625,14.305,14.38375,1892352
2016-08-04,14.39375,14.48125,14.387625,14.46625,1827656
2016-08-05,14.525,14.648,14.505,14.63625,1725120
2016-08-08,14.655,14.6725,14.60625,14.63875,1545424
2016-08-09,14.65375,14.7075,14.64125,14.66375,2788416
2016-08-10,14.67375,14.67375,14.595,14.62375,5466664
2016-08-11,14.65625,14.704875,14.646238,14.67875,2105064
2016-08-12,14.65625,14.6825,14.6296,14.6675,2082480
2016-08-15,14.69375,14.78625,14.665,14.75125,1663168
2016-08-16,14.7175,14.725,14.6725,14.675,2668384
2016-08-17,14.67625,14.67625,14.5747,14.65625,2597032
2016-08-18,14.6425,14.69,14.62875,14.68,1434528
2016-08-19,14.6575,14.727488,14.629688,14.7125,1441536
2016-08-22,14.69875,14.7315,14.65375,14.70625,1495088
2016-08-23,14.75875,14.808125,14.75875,14.775,2254904
2016-08-24,14.77375,14.775,14.66025,14.69375,1556224
2016-08-25,14.6675,14.74625,14.653125,14.72375,1676920
2016-08-26,14.725,14.835,14.66,14.7375,2000160
2016-08-29,14.74375,14.821,14.73375,14.7775,1525440
2016-08-30,14.75625,14.80625,14.70125,14.75,1680304
2016-08-31,14.73,14.741238,14.674525,14.73625,1501368
2016-09-01,14.7125,14.79375,14.66375,14.79125,2492920
2016-09-02,14.83625,14.895,14.795,14.85375,2242760
2016-09-06,14.8825,14.9175,14.84125,14.9175,3163472
2016-09-07,14.91875,14.96165,14.88,14.9525,10180840
2016-09-08,14.90375,14.9125,14.7925,14.82625,5200992
2016-09-09,14.7225,14.750188,14.4775,14.4775,4719360
2016-09-12,14.38625,14.72625,14.375,14.7075,3336408
2016-09-13,14.655,14.7075,14.54,14.60375,7467176
2016-09-14,14.615,14.755,14.615,14.6775,4342600
2016-09-15,14.7,14.94,14.685013,14.92,2824176
2016-09-16,14.925,14.925,14.8,14.865,1878920
2016-09-19,14.91375,15.00275,14.81875,14.7975,1714728
2016-09-20,14.855,14.88875,14.780013,14.795,2360160
2016-09-21,14.86,14.97625,14.799375,14.9625,2707112
2016-09-22,15.045,15.08,15.03,15.065,7397704
2016-09-23,15.03875,15.03875,14.9025,14.93,11072856
2016-09-26,14.8525,14.88625,14.79875,14.835,3640072
2016-09-27,14.8475,15.005,14.83,15.00375,2636760
2016-09-28,15.01625,15.05875,14.957313,15.05125,1854104
2016-09-29,15.04,15.06875,14.9125,14.9625,2257632
2016-09-30,14.9975,15.09125,14.966875,15.04625,3331280
2016-10-03,15.0225,15.0525,14.96625,15.0025,3120712
2016-10-04,15.04125,15.08375,14.91865,14.97125,2855696
2016-10-05,15.005,15.09875,14.995,15.04875,8971328
2016-10-06,15.0525,15.08625,14.97875,15.07125,2517360
2016-10-07,15.08375,15.1025,14.952625,15.0225,2225672
2016-10-10,15.105,15.16905,15.1025,15.11875,2013736
2016-10-11,15.12625,15.14625,14.852325,14.91875,2281656
2016-10-12,14.93,14.96875,14.8375,14.92375,1602104
2016-10-13,14.82375,14.86945,14.6875,14.8275,1905576
2016-10-14,14.8875,14.98625,14.86375,14.8825,3529776
2016-10-17,14.8775,14.9075,14.83375,14.84375,2007304
2016-10-18,14.95375,14.99875,14.91375,14.9375,3046728
2016-10-19,14.92375,14.975,14.915625,14.9525,1781832
2016-10-20,14.94375,14.94625,14.838738,14.915,5438296
2016-10-21,14.9425,14.9975,14.88375,14.99125,3086952
2016-10-24,15.075,15.174988,15.075,15.16375,1893064
2016-10-25,15.1775,15.1775,15.0725,15.1075,2867752
2016-10-26,15.0025,15.10995,14.98,15.03125,3597112
2016-10-27,15.0925,15.09625,14.9425,14.95625,2659112
2016-10-28,14.99875,15.11625,14.925,14.96375,3729408
2016-10-31,15.0,15.0175,14.96125,14.965,4361784
2016-11-01,14.98,15.004375,14.726875,14.84375,2857288
2016-11-02,14.83375,14.876875,14.6925,14.72875,2849056
2016-11-03,14.69,14.73125,14.59125,14.61625,2418752
2016-11-04,14.60625,14.7025,14.541875,14.575,8287160
2016-11-07,14.79375,14.9175,14.7875,14.91,2650504
2016-11-08,14.90625,15.04875,14.855,14.98375,2680344
2016-11-09,14.6775,14.99625,14.67125,14.9625,4896296
2016-11-10,15.0425,15.08125,14.55625,14.75625,5015944
2016-11-11,14.7375,14.8605,14.68875,14.84625,15758912
2016-11-14,14.8575,14.85875,14.5625,14.64,3822880
2016-11-15,14.73375,14.89,14.73,14.83625,5705296
2016-11-16,14.785,14.97,14.78125,14.965,4983208
2016-11-17,14.97375,15.08375,14.9325,15.08375,3223272
2016-11-18,15.09875,15.1325,15.02875,15.04875,2699088
2016-11-21,15.0975,15.20635,15.07375,15.19625,2871472
2016-11-22,15.24625,15.24625,15.180538,15.21625,3548560
2016-11-23,15.19375,15.21875,15.101525,15.1625,2254264
2016-11-25,15.16125,15.21125,15.150013,15.2025,1176856
2016-11-28,15.19625,15.27125,15.175013,15.1925,2570520
2016-11-29,15.19125,15.2825,15.15,15.21125,1882416
2016-11-30,15.235,15.23625,15.0425,15.04375,4689440
2016-12-01,15.045,15.0625,14.64125,14.67875,5433856
2016-12-02,14.66625,14.768375,14.61125,14.73375,3889800
2016-12-05,14.8175,14.944,14.76625,14.89875,3610848
2016-12-06,14.94,14.974988,14.8675,14.94625,3047320
2016-12-07,14.95125,15.23,14.93125,15.21,3448432
2016-12-08,15.22625,15.345,15.20625,15.29625,3229432
2016-12-09,15.34,15.385,15.3125,15.3775,3881472
2016-12-12,15.32125,15.346575,15.2375,15.3025,3736200
2016-12-13,15.34625,15.5625,15.34625,15.4225,4452792
2016-12-14,15.4325,15.494763,15.35125,15.3775,4298240
2016-12-15,15.40125,15.528738,15.38,15.445,3705296
2016-12-16,15.47875,15.4825,15.309063,15.33625,3347168
2016-12-19,15.38,15.486238,15.33375,15.42625,3508864
2016-12-20,15.47,15.503738,15.4325,15.47875,3043152
2016-12-21,15.48375,15.48375,15.41,15.43375,2959888
2016-12-22,15.45875,15.45875,15.32875,15.375,2917264
2016-12-23,15.35375,15.3975,15.342,15.39625,1778328
2016-12-27,15.4175,15.54375,15.4075,15.47375,2498096
2016-12-28,15.505,15.51,15.312375,15.31875,2376496
2016-12-29,15.3075,15.369988,15.271713,15.3275,2030056
2016-12-30,15.34875,15.3575,15.15,15.1875,3451920
2017-01-03,15.28625,15.3893,15.21625,15.3075,3481520
2017-01-04,15.32625,15.422288,15.32625,15.4,3580800
2017-01-05,15.38,15.46875,15.35875,15.41125,4635328
2017-01-06,15.42,15.58625,15.3875,15.5525,3136176
2017-01-09,15.56875,15.6225,15.557513,15.58,2569184
2017-01-10,15.58125,15.64125,15.5375,15.57875,2578024
2017-01-11,15.58125,15.67375,15.5525,15.67375,3677824
2017-01-12,15.62625,15.684988,15.46125,15.62625,2613624
2017-01-13,15.6325,15.7125,15.625013,15.6875,2994272
2017-01-17,15.6475,15.6525,15.558075,15.6,2832704
2017-01-18,15.63125,15.67125,15.59,15.66,4045568
2017-01-19,15.64625,15.713738,15.59655,15.615,2520176
2017-01-20,15.69125,15.736125,15.655013,15.69875,2749456
2017-01-23,15.68375,15.7225,15.60625,15.70625,20626496
2017-01-24,15.735,15.9025,15.727513,15.87375,3411032
2017-01-25,15.98875,16.05,15.976263,16.04375,3677744
2017-01-26,16.06625,16.07375,15.9545,16.00375,5856664
2017-01-27,16.0525,16.075,16.015,16.04875,2686400
2017-01-30,15.99875,15.99875,15.82125,15.91875,3615600
2017-01-31,15.8525,15.869988,15.757525,15.8425,4253000
2017-02-01,15.99625,16.011238,15.875,15.95625,5345776
2017-02-02,15.925,16.002488,15.85625,15.96375,3100448
2017-02-03,16.04875,16.11,16.036875,16.09125,2831096
2017-02-06,16.07625,16.11375,16.03625,16.11375,3104360
2017-02-07,16.14375,16.20875,16.13,16.17125,3645800
2017-02-08,16.1875,16.23,16.11875,16.19875,2770552
2017-02-09,16.22625,16.3125,16.19875,16.2775,3020344
2017-02-10,16.3175,16.344875,16.260625,16.31625,3051472
2017-02-13,16.37125,16.433613,16.37125,16.40625,3945488
2017-02-14,16.395,16.467525,16.3519,16.465,4742560
2017-02-15,16.4775,16.55,16.45,16.5375,3334936
2017-02-16,16.56875,16.60625,16.515,16.56,3730496
2017-02-17,16.54,16.60875,16.515013,16.60875,2294704
2017-02-21,16.65375,16.7125,16.643038,16.7075,4192856
2017-02-22,16.69,16.73125,16.65375,16.72875,3135280
2017-02-23,16.755,16.755,16.612513,16.69,2711488
2017-02-24,16.58125,16.72375,16.553875,16.72375,3646984
2017-02-27,16.71,16.73125,16.6675,16.7275,4453936
2017-02-28,16.71125,16.71125,16.60625,16.625,4610952
2017-03-01,16.71375,16.88375,16.70625,16.85875,3111528
2017-03-02,16.85125,16.85125,16.725,16.73375,2685208
2017-03-03,16.73125,16.76375,16.67875,16.7625,2448696
2017-03-06,16.69625,16.7575,16.660013,16.73125,3236104
2017-03-07,16.71125,16.806125,16.700938,16.745,4863816
2017-03-08,16.75625,16.81625,16.74125,16.765,2525184
2017-03-09,16.76625,16.77625,16.6675,16.755,2770120
2017-03-10,16.84125,16.86875,16.769913,16.84125,2218296
2017-03-13,16.8375,16.874988,16.83125,16.86375,2225104
2017-03-14,16.8375,16.8375,16.745275,16.8175,2187376
2017-03-15,16.85,16.959988,16.79325,16.925,2781488
2017-03-16,17.00125,17.014875,16.933125,16.97125,3315880
2017-03-17,17.02375,17.037488,16.97375,16.97375,2272800
2017-03-20,16.9925,17.03875,16.94815,16.99625,3429072
2017-03-21,17.06125,17.08375,16.7075,16.7225,4323816
2017-03-22,16.7125,16.85625,16.71,16.84875,3051400
2017-03-23,16.80875,16.8675,16.769575,16.76125,2786664
2017-03-24,16.83,16.88125,16.71125,16.77375,3411296
2017-03-27,16.64,16.81875,16.58875,16.78625,3182520
2017-03-28,16.78875,16.9475,16.7425,16.9025,4418272
2017-03-29,16.8975,16.953738,16.86,16.9425,3663960
2017-03-30,16.95625,16.99,16.925,16.96,2734960
2017-03-31,16.94875,17.00125,16.92,16.95375,5124752
2017-04-03,16.96,16.994925,16.8065,16.90375,5156880
2017-04-04,16.845,16.904988,16.841025,16.89375,2788192
2017-04-05,16.9325,17.032488,16.80625,16.8325,3105912
2017-04-06,16.84875,16.88875,16.790425,16.84,3000648
2017-04-07,16.8325,16.878625,16.77625,16.82875,2336904
2017-04-10,16.85,16.9,16.78125,16.82,2973064
2017-04-11,16.7925,16.81125,16.60875,16.76125,3040736
2017-04-12,16.74875,16.7575,16.65425,16.675,2018272
2017-04-13,16.66,16.769375,16.61,16.6125,2114232
2017-04-17,16.65625,16.77375,16.65625,16.77,2530680
2017-04-18,16.72125,16.796,16.69625,16.76625,2240088
2017-04-19,16.81125,16.86375,16.741263,16.76875,2258824
2017-04-20,16.83875,16.968963,16.805,16.93875,2336640
2017-04-21,16.94625,16.961,16.89375,16.92625,2978200
2017-04-24,17.11125,17.16125,17.084963,17.15125,3378008
2017-04-25,17.205,17.29,17.1675,17.2575,7232592
2017-04-26,17.26125,17.286238,17.201225,17.2175,5814568
2017-04-27,17.28,17.32625,17.256388,17.32375,3024768
2017-04-28,17.39,17.4,17.30875,17.35,3769152
2017-05-01,17.41125,17.52625,17.3825,17.505,3083320
2017-05-02,17.545,17.567538,17.480313,17.54,4433304
2017-05-03,17.505,17.52625,17.43,17.50875,5076528
2017-05-04,17.51875,17.56,17.475,17.53375,5067400
2017-05-05,17.56875,17.615,17.513075,17.615,2594592
2017-05-08,17.62,17.686013,17.596988,17.67375,2987712
2017-05-09,17.7025,17.75785,17.67625,17.71125,4134064
2017-05-10,17.73125,17.795,17.69125,17.78,3572712
2017-05-11,17.73875,17.7625,17.64875,17.75625,4151728
2017-05-12,17.76375,17.8075,17.742513,17.805,3113984
2017-05-15,17.83,17.925,17.82,17.925,3164896
2017-05-16,17.95875,18.025,17.90125,18.025,3666384
2017-05-17,17.865,17.884875,17.4975,17.50625,20566928
2017-05-18,17.46875,17.6525,17.4125,17.59125,6358064
2017-05-19,17.675,17.755,17.67175,17.69125,3265216
2017-05-22,17.745,17.88125,17.741875,17.8725,3655000
2017-05-23,17.9325,17.941125,17.8375,17.8875,3413952
2017-05-24,17.94,17.9875,17.90625,17.975,2850024
2017-05-25,18.05375,18.15875,18.0125,18.12,3343840
2017-05-26,18.12125,18.12625,18.0575,18.12,2774080
2017-05-30,18.11,18.17875,18.1,18.165,2626000
2017-05-31,18.22125,18.229375,18.04625,18.115,4096272
2017-06-01,18.17125,18.20375,18.0725,18.20375,2329552
2017-06-02,18.26375,18.38125,18.200075,18.37,2533296
2017-06-05,18.37125,18.44625,18.34875,18.39,2682352
2017-06-06,18.36875,18.45,18.33125,18.36,2755824
2017-06-07,18.41,18.43875,18.31,18.4,3537856
2017-06-08,18.44625,18.485,18.35,18.47375,3068920
2017-06-09,18.5025,18.5325,17.69625,17.96125,14230880
2017-06-12,17.78375,17.8675,17.50125,17.825,10732128
2017-06-13,17.955,18.0425,17.8325,17.98,4241272
2017-06-14,18.0625,18.065,17.7325,17.87625,3849072
2017-06-15,17.6725,17.813763,17.57125,17.7925,4173704
2017-06-16,17.775,17.805775,17.68125,17.76375,5252424
2017-06-19,17.91375,18.05875,17.89375,18.05,3424480
2017-06-20,18.04125,18.065,17.8975,17.9,4714168
2017-06-21,17.9525,18.02625,17.91625,18.02125,2194576
2017-06-22,18.0875,18.099575,17.965,18.04875,2057240
2017-06-23,18.02875,18.2254,17.9975,18.1675,3786096
2017-06-26,18.2825,18.322488,18.05375,18.07,3440784
2017-06-27,18.01125,18.0225,17.76625,17.7155,4551456
2017-06-28,17.77875,17.97375,17.6625,17.94625,4972712
2017-06-29,17.87,17.87,17.46875,17.62875,5286760
2017-06-30,17.69,17.73,17.5875,17.605,3129024
2017-07-03,17.6975,17.713738,17.44,17.4625,3362144
2017-07-05,17.52,17.677488,17.47375,17.6425,3208672
2017-07-06,17.515,17.576238,17.42875,17.48375,3065248
2017-07-07,17.54,17.7725,17.54,17.7125,2452032
2017-07-10,17.715,17.8875,17.68375,17.84125,3103184
2017-07-11,17.825,17.92875,17.773963,17.91,2879744
2017-07-12,18.05,18.168738,18.02875,18.155,4400168
2017-07-13,18.18375,18.257375,18.14875,18.19875,2991552
2017-07-14,18.26875,18.37,18.23625,18.3475,2996968
2017-07-17,18.37375,18.40375,18.3125,18.35875,6019664
2017-07-18,18.335,18.44625,18.263125,18.44625,2870720
2017-07-19,18.4825,18.57875,18.46875,18.5575,2722104
2017-07-20,18.6075,18.6075,18.476263,18.575,2309368
2017-07-21,18.5025,18.5525,18.46875,18.535,5376632
2017-07-24,18.54,18.62625,18.503963,18.60875,2801776
2017-07-25,18.54875,18.62125,18.4875,18.58625,2596192
2017-07-26,18.6425,18.6525,18.5575,18.62,2643984
2017-07-27,18.7225,18.7225,18.2225,18.45125,4290240
2017-07-28,18.3575,18.46625,18.34375,18.425,3173320
2017-07-31,18.465,18.49625,18.30375,18.3325,7763736
2017-08-01,18.40375,18.43375,18.3575,18.43,3821744
2017-08-02,18.6,18.6,18.325,18.455,3678584
2017-08-03,18.4725,18.475,18.36125,18.40375,2107880
2017-08-04,18.4425,18.49125,18.4,18.43,1964608
2017-08-07,18.45875,18.54875,18.45,18.5425,1896488
2017-08-08,18.51125,18.6675,18.472113,18.51875,2434840
2017-08-09,18.39375,18.512488,18.38125,18.50125,2981480
2017-08-10,18.4,18.426125,18.09625,18.1075,4038672
2017-08-11,18.11875,18.293738,18.115,18.25,3212768
2017-08-14,18.41,18.5625,18.39625,18.545,2333488
2017-08-15,18.58875,18.61125,18.523125,18.58125,2092528
2017-08-16,18.625,18.717125,18.58,18.645,2132288
2017-08-17,18.56,18.60375,18.275,18.275,3412456
2017-08-18,18.27125,18.38605,18.194375,18.27,2527496
2017-08-21,18.27375,18.29,18.1225,18.24875,5631880
2017-08-22,18.34625,18.53625,18.34,18.5175,2568984
2017-08-23,18.43125,18.529988,18.4,18.48375,2136808
2017-08-24,18.54125,18.5575,18.38375,18.48125,2226648
2017-08-25,18.54625,18.595,18.4375,18.46875,1762576
2017-08-28,18.52,18.5425,18.4535,18.51625,1809616
2017-08-29,18.3575,18.62125,18.3375,18.59125,6323272
2017-08-30,18.61875,18.77125,18.59875,18.76375,2482328
2017-08-31,18.8075,18.92875,18.7875,18.9025,2332208
2017-09-01,18.94375,18.965,18.858788,18.88875,2365216
2017-09-05,18.81375,18.875,18.59,18.72875,7811888
2017-09-06,18.79375,18.81285,18.65375,18.7575,2108440
2017-09-07,18.7975,18.87,18.755,18.845,2195760
2017-09-08,18.83,18.83,18.6825,18.695,1678120
2017-09-11,18.8475,18.986238,18.84625,18.975,1802784
2017-09-12,19.0375,19.045,18.925,19.00875,1871600
2017-09-13,18.9825,18.9825,18.9175,18.97375,3476072
2017-09-14,18.9125,18.996125,18.86275,18.9225,1849216
2017-09-15,18.905,19.0025,18.86375,18.97625,1801896
2017-09-18,19.00625,19.078775,18.9375,18.99625,3212064
2017-09-19,19.04,19.091275,18.982275,19.06125,4009808
2017-09-20,19.055,19.055,18.827625,18.96625,4621832
2017-09-21,18.9475,18.9475,18.79125,18.86,2000384
2017-09-22,18.7925,18.8975,18.785125,18.875,2081504
2017-09-25,18.82125,18.82125,18.52875,18.6175,5806888
2017-09-26,18.715,18.76875,18.621413,18.626375,3912344
2017-09-27,18.7425,18.915,18.719638,18.8525,3042400
2017-09-28,18.82625,18.88375,18.772288,18.88,2148328
2017-09-29,18.91875,19.02,18.8925,18.99875,6312768
2017-10-02,19.05125,19.10375,18.95,19.0525,4091256
2017-10-03,19.085,19.10875,19.0525,19.10125,3271528
2017-10-04,19.0725,19.118475,19.0075,19.09,2832120
2017-10-05,19.17,19.281125,19.13375,19.27,2219280
2017-10-06,19.23,19.33625,19.20375,19.32875,2334232
2017-10-09,19.36625,19.419163,19.34625,19.37125,39541368
2017-10-10,19.435,19.4925,19.29125,19.38375,1958376
2017-10-11,19.37125,19.4675,19.361938,19.4625,2212648
2017-10-12,19.45125,19.546125,19.44125,19.4775,5271824
2017-10-13,19.56125,19.6075,19.51125,19.56625,2424896
2017-10-16,19.6125,19.63625,19.55625,19.61875,2202976
2017-10-17,19.61125,19.61625,19.5625,19.60875,2773120
2017-10-18,19.675,19.7125,19.61375,19.67625,2056048
2017-10-19,19.57,19.61125,19.45,19.61125,2286680
2017-10-20,19.725,19.779875,19.70625,19.7425,2575632
2017-10-23,19.8025,19.8025,19.646513,19.67125,2684632
2017-10-24,19.70125,19.7645,19.645125,19.735,12345048
2017-10-25,19.6875,19.773338,19.515,19.6625,4807128
2017-10-26,19.76,19.808738,19.7125,19.745,5243248
2017-10-27,20.0625,20.300225,20.05125,20.24875,6008808
2017-10-30,20.27,20.368625,20.207375,20.315,4679608
2017-10-31,20.385,20.45125,20.30125,20.40375,5731760
2017-11-01,20.5,20.51365,20.28495,20.39625,5999720
2017-11-02,20.3825,20.425,20.25375,20.41125,2616552
2017-11-03,20.5275,20.5925,20.391663,20.57375,7180944
2017-11-06,20.5875,20.6725,20.58125,20.66625,3505376
2017-11-07,20.695,20.695,20.575,20.6575,3400424
2017-11-08,20.6625,20.78,20.605325,20.7775,2352640
2017-11-09,20.62125,20.635,20.3775,20.5925,4783328
2017-11-10,20.56375,20.61375,20.5162,20.6,2346600
2017-11-13,20.535,20.608738,20.5025,20.59625,1976104
2017-11-14,20.54125,20.584988,20.449713,20.56,4284000
2017-11-15,20.46125,20.48375,20.33875,20.40375,3724368
2017-11-16,20.54375,20.73125,20.53125,20.685,4862264
2017-11-17,20.66875,20.67125,20.55875,20.58,2453304
2017-11-20,20.6125,20.67375,20.5975,20.6525,2966680
2017-11-21,20.7575,20.91,20.743613,20.90625,2857088
2017-11-22,20.92125,20.92125,20.82875,20.85125,2831672
2017-11-24,20.89625,20.98125,20.88125,20.97125,1537896
2017-11-27,20.955,20.99125,20.89125,20.94875,2609520
2017-11-28,20.99,21.028488,20.88625,21.00125,3306128
2017-11-29,20.98,20.9925,20.30625,20.45625,7085128
2017-11-30,20.56,20.68375,20.46,20.62625,3742408
2017-12-01,20.51875,20.615,20.19125,20.5125,9050080
2017-12-04,20.64,20.67,20.09875,20.11375,6482168
2017-12-05,20.08875,20.391775,19.99875,20.16,11914496
2017-12-06,20.06125,20.33125,20.0275,20.28875,10682768
2017-12-07,20.30375,20.47125,20.30375,20.504413,6937592
2017-12-08,20.58875,20.642375,20.47595,20.5125,3775904
2017-12-11,20.51125,20.68375,20.51125,20.67625,3516760
2017-12-12,20.67,20.72,20.58375,20.62375,2660968
2017-12-13,20.6975,20.74375,20.623875,20.59,3497968
2017-12-14,20.63125,20.6975,20.5575,20.57125,2433512
2017-12-15,20.635,20.84125,20.57375,20.8075,3888440
2017-12-18,20.95375,21.022,20.9375,21.00375,3600504
2017-12-19,20.97375,20.97625,20.83,20.8925,5019528
2017-12-20,20.9725,20.97875,20.766375,20.87,4677048
2017-12-21,20.91125,20.94625,20.79875,20.8175,3453840
2017-12-22,20.81375,20.858463,20.74875,20.7925,2173400
2017-12-26,20.66875,20.66875,20.5575,20.6475,2615872
2017-12-27,20.64625,20.712475,20.6309,20.68,2235496
2017-12-28,20.74375,20.7438,20.6675,20.69875,3792560
2017-12-29,20.735,20.74625,20.585,20.59125,3431272
2018-01-02,20.685,20.874388,20.6375,20.8725,9135232
2018-01-03,20.91375,21.11375,20.911875,21.09,5598904
2018-01-04,21.18875,21.27,21.15375,21.21125,4270344
2018-01-05,21.32125,21.45375,21.27875,21.4375,5935600
2018-01-08,21.45,21.5625,21.4119,21.54,5086536
2018-01-09,21.57875,21.591275,21.43375,21.485,4617720
2018-01-10,21.375,21.425,21.30625,21.415,3386488
2018-01-11,21.4675,21.555,21.4275,21.555,3699416
2018-01-12,21.5275,21.701125,21.5,21.67875,3983800
2018-01-16,21.82,21.888575,21.5196,21.58125,5489344
2018-01-17,21.70875,21.925,21.63895,21.91125,3756488
2018-01-18,21.915,22.00875,21.86625,21.955,4220640
2018-01-19,21.98875,22.033625,21.899313,22.00125,3587016
2018-01-22,21.99125,22.17125,21.935,22.17125,3823688
2018-01-23,22.215,22.32625,22.21125,22.30625,4268784
2018-01-24,22.3425,22.3792,22.01375,22.1075,5635360
2018-01-25,22.2375,22.26625,21.99375,22.05,5583376
2018-01-26,22.1925,22.39875,22.157513,22.39875,3273208
2018-01-29,22.36125,22.3625,22.16875,22.21375,4627080
2018-01-30,22.01125,22.119988,21.92875,21.99125,6538208
2018-01-31,22.11875,22.18625,22.006263,22.14625,6599600
2018-02-01,22.0475,22.28625,22.035,22.13,3925896
2018-02-02,21.8925,21.90375,21.4975,21.5075,6183752
2018-02-05,21.28,21.67875,20.64375,20.66625,13896760
2018-02-06,20.35,21.2325,20.20125,21.18875,13515680
2018-02-07,21.15625,21.365,20.945125,20.95125,10809464
2018-02-08,21.03125,21.05,20.075,20.08875,7523136
2018-02-09,20.3875,20.69875,19.745,20.57375,10196232
2018-02-12,20.77625,21.0625,20.6375,20.94125,6021016
2018-02-13,20.8125,21.04815,20.76875,21.00625,4084696
2018-02-14,20.88875,21.464875,20.8175,21.435,4979520
2018-02-15,21.6375,21.84875,21.38875,21.84875,5687816
2018-02-16,21.78625,22.015,21.699813,21.79375,7196464
2018-02-20,21.67375,22.01375,21.660288,21.8475,12955152
2018-02-21,21.9375,22.12625,21.733763,21.73875,4134216
2018-02-22,21.81375,21.9375,21.6862,21.74625,3286960
2018-02-23,21.91625,22.18875,21.8725,22.18875,3155928
2018-02-26,22.29,22.525,22.28625,22.52,7979576
2018-02-27,22.54125,22.635,22.31375,22.31375,10240640
2018-02-28,22.42625,22.538613,22.1675,22.1675,3655808
2018-03-01,22.23,22.302488,21.631375,21.81875,10121328
2018-03-02,21.57,22.0975,21.49375,22.0625,5247104
2018-03-05,21.945,22.35875,21.902463,22.28875,3785576
2018-03-06,22.4025,22.45125,22.24625,22.36375,52515624
2018-03-07,22.1975,22.52875,22.1375,22.505,5213840
2018-03-08,22.5775,22.633125,22.4625,22.5925,4468560
2018-03-09,22.76125,23.03875,22.74,23.03875,5372040
2018-03-12,23.1125,23.204375,23.035813,23.12,6231560
2018-03-13,23.22625,23.295,22.762675,22.84,6681592
2018-03-14,22.94875,22.97625,22.72875,22.845,3963648
2018-03-15,22.85875,22.9782,22.7425,22.8025,3107632
2018-03-16,22.84125,22.91125,22.743875,22.77625,2503288
2018-03-19,22.58,22.58,22.1275,22.32875,5984728
2018-03-20,22.2675,22.423325,22.22125,22.35125,3238224
2018-03-21,22.31,22.53125,22.18375,22.25375,3920784
2018-03-22,21.965,22.1075,21.645,21.65625,5284144
2018-03-23,21.62125,21.73125,21.075,21.07875,6452600
2018-03-26,21.49625,21.89875,21.205775,21.87875,4457160
2018-03-27,22.0275,22.03125,20.9775,21.13625,7931488
2018-03-28,21.0775,21.25,20.80625,20.9275,6792552
2018-03-29,21.08,21.59,20.935,21.375,4537552
2018-04-02,21.28375,21.383125,20.6175,20.86,7639064
2018-04-03,21.0275,21.10375,20.72375,21.04875,5156320
2018-04-04,20.63625,21.39125,20.5775,21.3275,4649416
2018-04-05,21.5175,21.571875,21.273875,21.4175,3403952
2018-04-06,21.1975,21.392488,20.79625,20.9,3951992
2018-04-09,21.055,21.45875,21.025,21.0425,3307088
2018-04-10,21.38,21.6475,21.28125,21.56,5020200
2018-04-11,21.43,21.667375,21.36375,21.47125,3115920
2018-04-12,21.60875,21.83625,21.575,21.73875,2428264
2018-04-13,21.87125,21.89625,21.55375,21.6525,3797168
2018-04-16,21.79375,21.89375,21.65625,21.8025,2748200
2018-04-17,21.99875,22.321788,21.95875,22.255,3833376
2018-04-18,22.24125,22.2925,22.0608,22.2175,3199328
2018-04-19,22.08375,22.0875,21.87625,21.95625,3044112
2018-04-20,21.9,21.91,21.5675,21.64875,6594144
2018-04-23,21.74,21.7975,21.46,21.55875,2988344
2018-04-24,21.655,21.720625,20.99125,21.15125,5121592
2018-04-25,21.19875,21.2075,20.850238,21.1175,4559512
2018-04-26,21.40125,21.628625,21.33375,21.54625,2740088
2018-04-27,21.7525,21.7675,21.34375,21.455,3090392
2018-04-30,21.5075,21.664263,21.306375,21.37,4079160
2018-05-01,21.32125,21.645,21.2725,21.6275,2947096
2018-05-02,21.755,21.868838,21.60625,21.63375,3120496
2018-05-03,21.555,21.77625,21.345,21.70125,3070656
2018-05-04,21.61,22.1525,21.59875,22.11,4049120
2018-05-07,22.205,22.3925,22.17375,22.30125,5992552
2018-05-08,22.26625,22.39375,22.1775,22.38625,5105264
2018-05-09,22.44625,22.68375,22.38,22.68,4032936
2018-05-10,22.7575,22.960125,22.72875,22.95,4616704
2018-05-11,22.9125,22.97,22.80275,22.88375,3169192
2018-05-14,22.96125,23.04995,22.82125,22.855,6256704
2018-05-15,22.7075,22.70875,22.535125,22.65625,5378256
2018-05-16,22.685,22.81875,22.635625,22.775,2639384
2018-05-17,22.68875,22.845375,22.555,22.6625,2608752
2018-05-18,22.6175,22.7,22.5625,22.575,2235328
2018-05-21,22.7775,22.895,22.638125,22.75125,2880072
2018-05-22,22.85375,22.88875,22.655638,22.6975,2114808
2018-05-23,22.52375,22.8725,22.50125,22.8725,2529976
2018-05-24,22.87,22.898125,22.613125,22.85625,2330176
2018-05-25,22.82875,22.93125,22.8025,22.86125,2542544
2018-05-29,22.75625,22.85875,22.57625,22.7325,2954744
2018-05-30,22.85125,22.94375,22.81125,22.9,2939840
2018-05-31,22.9025,23.0625,22.8569,22.87625,2941024
2018-06-01,23.02,23.29,23.02,23.29,16909752
2018-06-04,23.35375,23.50625,23.323125,23.485,3601832
2018-06-05,23.545,23.625,23.5025,23.61375,5015360
2018-06-06,23.63875,23.75,23.53375,23.75,4142840
2018-06-07,23.76625,23.76625,23.330013,23.48125,4134928
2018-06-08,23.33375,23.52,23.288125,23.485,2839128
2018-06-11,23.49,23.550625,23.41875,23.4825,3641424
2018-06-12,23.52375,23.655163,23.49625,23.64,2363176
2018-06-13,23.65375,23.8075,23.565,23.59375,3336848
2018-06-14,23.68125,23.8075,23.659613,23.72,4595600
2018-06-15,23.65375,23.65625,23.46875,23.63,2816056
2018-06-18,23.46875,23.67875,23.37625,23.665,3101656
2018-06-19,23.36375,23.5025,23.18375,23.50125,4202784
2018-06-20,23.56,23.665,23.53125,23.56625,3215360
2018-06-21,23.635,23.66375,23.306875,23.3575,5245976
2018-06-22,23.40875,23.40875,23.15625,23.23375,2446256
2018-06-25,23.06125,23.06125,22.5125,22.69625,7470864
2018-06-26,22.7775,22.9675,22.730125,22.81625,4446000
2018-06-27,22.885,22.9775,22.45875,22.405,4678808
2018-06-28,22.37125,22.7333,22.37125,22.66125,6327360
2018-06-29,22.7525,22.8775,22.66875,22.675,2836128
2018-07-02,22.49875,22.9125,22.458125,22.9125,4277840
2018-07-03,23.0,23.02375,22.643575,22.6575,2642816
2018-07-05,22.79625,22.9675,22.725,22.955,4777928
2018-07-06,22.99,23.26625,22.92625,23.22875,2593872
2018-07-09,23.3575,23.43,23.2375,23.43,2747160
2018-07-10,23.4675,23.555,23.43,23.4775,6878904
2018-07-11,23.3075,23.4625,23.263763,23.35375,2871768
2018-07-12,23.4625,23.75625,23.426213,23.75,2724464
2018-07-13,23.75625,23.787375,23.64125,23.72,2561104
2018-07-16,23.72625,23.76125,23.60125,23.6375,2884600
2018-07-17,23.49125,23.864375,23.43,23.83,3102472
2018-07-18,23.8325,23.8375,23.715,23.81625,2403232
2018-07-19,23.775,23.8687,23.73625,23.79125,2442792
2018-07-20,23.87,23.903125,23.7425,23.775,2615464
2018-07-23,23.72375,23.8875,23.60375,23.86875,2787536
2018-07-24,24.01375,24.1075,23.75875,23.8325,3509144
2018-07-25,23.85875,24.1875,23.831875,24.17625,2325136
2018-07-26,24.06125,24.17875,24.011175,24.0925,3771248
2018-07-27,24.1225,24.124988,23.47625,23.62375,3990728
2018-07-30,23.64375,23.644988,23.05875,23.2,4685368
2018-07-31,23.26875,23.4225,23.12125,23.27,4325800
2018-08-01,23.4375,23.59375,23.39125,23.5375,3085472
2018-08-02,23.35125,23.91125,23.31375,23.8775,2953240
2018-08-03,23.9025,23.94125,23.74,23.93875,2857360
2018-08-06,23.9275,24.082375,23.8925,24.08,2488600
2018-08-07,24.15875,24.2365,24.1125,24.17625,2771352
2018-08-08,24.1625,24.25375,24.075,24.2225,3418912
2018-08-09,24.2425,24.34625,24.2225,24.245,4006472
2018-08-10,24.075,24.205425,23.993163,24.08625,2946784
2018-08-13,24.13,24.295,24.03,24.04125,3118976
2018-08-14,24.12875,24.22125,23.9925,24.19875,3759528
2018-08-15,24.05125,24.143125,23.797525,23.985,3533808
2018-08-16,24.1625,24.24,24.08875,24.1325,2669800
2018-08-17,24.055,24.26,23.985,24.2175,3205768
2018-08-20,24.27625,24.28125,24.08125,24.195,3511936
2018-08-21,24.25125,24.390125,24.23,24.2475,2760888
2018-08-22,24.205,24.41125,24.16875,24.37125,2339488
2018-08-23,24.3575,24.56,24.34875,24.44875,2605936
2018-08-24,24.52375,24.73375,24.52375,24.72875,2939640
2018-08-27,24.8425,24.949438,24.78125,24.91875,3594848
2018-08-28,25.00125,25.0575,24.9225,25.0375,2707616
2018-08-29,25.04,25.2933,25.04,25.2775,31328584
2018-08-30,25.2275,25.383975,25.147625,25.21625,3841464
2018-08-31,25.19375,25.39125,25.19375,25.35,2654992
2018-09-04,25.305,25.3975,25.15125,25.38625,4085944
2018-09-05,25.36625,25.36625,24.86,24.99125,4346832
2018-09-06,24.99125,25.037488,24.6875,24.8575,4081416
2018-09-07,24.72375,25.016238,24.681363,24.78125,3658112
2018-09-10,24.88375,24.90375,24.7225,24.8725,2818792
2018-09-11,24.7775,25.09455,24.7225,25.03,4109952
2018-09-12,25.01125,25.015,24.6912,24.98125,3530592
2018-09-13,25.1375,25.37625,25.12625,25.27,3361192
2018-09-14,25.30125,25.417,25.17125,25.29375,2982896
2018-09-17,25.265,25.2965,24.88375,24.91125,2941944
2018-09-18,24.92,25.1875,24.89625,25.075,6394464
2018-09-19,25.09375,25.165375,24.85375,24.95125,4063480
2018-09-20,25.1075,25.26625,25.01625,25.22125,6365272
2018-09-21,25.32,25.37125,25.13375,25.1,5594256
2018-09-24,24.97875,25.2075,24.86375,25.1925,3505968
2018-09-25,25.195,25.253738,25.1075,25.20125,2476880
2018-09-26,25.22875,25.32625,25.04375,25.0825,4165776
2018-09-27,25.18875,25.29625,25.18375,25.2075,3104992
2018-09-28,25.17125,25.34875,25.15875,25.32,2501192
2018-10-01,25.4475,25.524988,25.309375,25.36625,4048872
2018-10-02,25.36625,25.50125,25.272513,25.33375,5172320
2018-10-03,25.4375,25.555,25.403,25.445,3349896
2018-10-04,25.34875,25.375,24.825,24.9975,5645216
2018-10-05,24.98875,25.06375,24.41375,24.66875,6021552
2018-10-08,24.5625,24.6,24.07125,24.345,6217152
2018-10-09,24.33625,24.555,24.286913,24.40875,5196144
2018-10-10,24.2975,24.2975,23.23,23.275,11228728
2018-10-11,23.17875,23.5615,22.7825,22.95,15281624
2018-10-12,23.5725,23.73125,23.214375,23.6575,9203384
2018-10-15,23.60125,23.6425,23.2825,23.31875,5241112
2018-10-16,23.609463,24.1175,23.5625,24.04375,5463040
2018-10-17,24.10375,24.10375,23.75,23.95875,4528984
2018-10-18,23.85125,23.85125,23.333688,23.475,8723984
2018-10-19,23.6,23.82375,23.3325,23.4075,4030840
2018-10-22,23.505,23.73875,23.36625,23.5975,6020848
2018-10-23,23.1425,23.635,22.8775,23.50875,7121128
2018-10-24,23.46375,23.5085,22.4275,22.45375,7927672
2018-10-25,22.75375,23.29125,22.71375,23.175,8926456
2018-10-26,22.61625,23.11625,22.37,22.71,6913344
2018-10-29,23.04,23.184988,21.89,22.335,7790256
2018-10-30,22.27,22.6475,22.17625,22.62125,7233008
2018-10-31,22.9475,23.35625,22.9025,23.17375,5439656
2018-11-01,23.22625,23.5075,23.033125,23.49125,5494824
2018-11-02,23.33875,23.4705,22.88125,23.06375,5134448
2018-11-05,23.04375,23.04375,22.68875,23.00875,4059176
2018-11-06,22.98625,23.25,22.94375,23.14875,4181624
2018-11-07,23.39625,23.8225,23.375,23.8125,4942144
2018-11-08,23.73,23.83,23.62625,23.76875,3846888
2018-11-09,23.54875,23.593775,23.14875,23.35875,3705280
2018-11-12,23.15625,23.1936,22.495,22.555,4714152
2018-11-13,22.58875,22.946875,22.505125,22.565,6419320
2018-11-14,22.8025,22.8725,22.203125,22.32,20490712
2018-11-15,22.35,22.92625,22.22375,22.87875,16684336
2018-11-16,22.6225,22.96125,22.585788,22.84625,4176552
2018-11-19,22.715,22.75,21.8875,21.94625,6097200
2018-11-20,21.345,21.791238,21.21,21.5,13025344
2018-11-21,21.82125,21.880275,21.583463,21.68125,4322664
2018-11-23,21.4675,21.737838,21.426513,21.53625,1666168
2018-11-26,21.8,22.00875,21.70125,22.00375,4443480
2018-11-27,21.85875,22.069988,21.7325,22.02125,3509504
2018-11-28,22.2025,22.79375,22.14125,22.79,4894752
2018-11-29,22.7325,22.77875,22.476813,22.61,3882360
2018-11-30,22.65375,22.8475,22.53775,22.83375,3400304
2018-12-03,23.39375,23.44,23.06565,23.315,10689504
2018-12-04,23.16375,23.18125,22.383738,22.41875,5527856
2018-12-06,21.93,22.48625,21.818125,22.48625,7358776
2018-12-07,22.4,22.49875,21.6075,21.70875,5882176
2018-12-10,21.6125,22.07625,21.4875,21.99625,6881096
2018-12-11,22.34125,22.37125,21.84125,22.00625,6878656
2018-12-12,22.3575,22.54625,22.2,22.1225,4840696
2018-12-13,22.2525,22.3575,22.01,22.125,3814744
2018-12-14,21.86375,21.98875,21.577813,21.60875,5430728
2018-12-17,21.53375,21.64875,20.95125,21.10875,30304928
2018-12-18,21.28125,21.46875,21.11375,21.285,7756200
2018-12-19,21.2775,21.625,20.66125,20.8525,9553472
2018-12-20,20.7775,20.977225,20.19375,20.49625,12953968
2018-12-21,20.42875,20.70625,19.7675,19.8625,11964992
2018-12-24,19.67625,19.906038,19.34,19.35125,8798784
2018-12-26,19.4925,20.52,19.3875,20.52,12259008
2018-12-27,20.2475,20.68875,19.8785,20.68875,8211480
2018-12-28,20.81625,20.99125,20.47375,20.64625,9861104
2018-12-31,20.82625,20.91625,20.6757,20.85375,7727864
2019-01-02,20.44375,20.971425,20.4175,20.86625,6889304
2019-01-03,20.3425,20.3775,19.8125,19.835,5640544
2019-01-04,20.1925,20.79375,20.133763,20.6975,5855072
2019-01-07,20.73375,21.06625,20.6875,20.92875,8864232
2019-01-08,21.13375,21.211238,20.866875,21.13,34047856
2019-01-09,21.23875,21.50375,21.216263,21.39375,6371976
2019-01-10,21.25,21.50625,21.142688,21.49375,3222512
2019-01-11,21.385,21.5,21.3425,21.48125,3130520
2019-01-14,21.2825,21.33875,21.195,21.26875,4406544
2019-01-15,21.30875,21.620125,21.30625,21.5825,3492048
2019-01-16,21.6175,21.744275,21.5375,21.605,29173064
2019-01-17,21.52625,21.88125,21.4875,21.77,4662712
2019-01-18,21.95875,22.15,21.83375,22.09375,5026176
2019-01-22,21.93125,21.96375,21.5625,21.73,8316288
2019-01-23,21.815,21.98125,21.55375,21.78125,4011656
2019-01-24,21.855,22.05875,21.855,22.005,4652704
2019-01-25,22.16875,22.4,22.0975,22.34625,5065312
2019-01-28,22.0375,22.073825,21.8875,22.0675,4514544
2019-01-29,22.095,22.10895,21.80375,21.84625,4280728
2019-01-30,22.175,22.5325,22.058125,22.47375,6814920
2019-01-31,22.39875,22.643738,22.34125,22.52,5125464
2019-02-01,22.54625,22.7675,22.52,22.6725,4125024
2019-02-04,22.705,23.02875,22.698763,23.02875,3495072
2019-02-05,23.0875,23.269125,23.075,23.21875,4258056
2019-02-06,23.245,23.3575,23.14625,23.3,3294832
2019-02-07,23.09,23.181363,22.83495,22.985,4116704
2019-02-08,22.7875,23.13375,22.7725,23.13375,3611256
2019-02-11,23.2275,23.3325,23.09375,23.14625,3044760
2019-02-12,23.3025,23.48,23.28,23.46,4639704
2019-02-13,23.57125,23.6475,23.4675,23.49625,3289256
2019-02-14,23.42375,23.63145,23.39,23.55125,3239368
2019-02-15,23.74125,23.75,23.595,23.73125,3117296
2019-02-19,23.6775,23.81875,23.64875,23.75,5238632
2019-02-20,23.77,23.872963,23.66475,23.78375,8563704
2019-02-21,23.73375,23.86375,23.635,23.77875,2730720
2019-02-22,23.88125,24.09625,23.87625,24.09625,3096872
2019-02-25,24.2925,24.37375,24.194338,24.20875,7432200
2019-02-26,24.13875,24.3125,24.12625,24.2475,5792816
2019-02-27,24.16125,24.2625,23.996263,24.2475,3204688
2019-02-28,24.1625,24.26005,24.10125,24.17,2187048
2019-03-01,24.3575,24.375,24.124138,24.325,3285216
2019-03-04,24.4275,24.457513,23.90625,24.185,4511032
2019-03-05,24.18,24.18375,24.0275,24.10375,2874880
2019-03-06,24.10375,24.10625,23.91545,23.9475,2557784
2019-03-07,23.8825,23.91125,23.6575,23.74,4148576
2019-03-08,23.44125,23.75125,23.39125,23.7425,3620480
2019-03-11,23.83375,24.27875,23.83375,24.26375,4518144
2019-03-12,24.32,24.471875,24.24125,24.38375,10649728
2019-03-13,24.49875,24.68375,24.4475,24.53625,5201832
2019-03-14,24.59,24.65625,24.513675,24.585,2949448
2019-03-15,24.6575,24.966313,24.648138,24.86125,3790152
2019-03-18,24.895,25.03375,24.79625,24.95625,4539288
2019-03-19,25.06375,25.12125,24.92125,25.01625,4298704
2019-03-20,25.0,25.13875,24.77375,24.865,5782248
2019-03-21,24.85875,25.53,24.85875,25.485,3813888
2019-03-22,25.33875,25.444988,24.82875,24.8375,7876464
2019-03-25,24.76375,24.8825,24.562375,24.73625,4335256
2019-03-26,24.9325,25.10125,24.74375,24.88,3634744
2019-03-27,24.9225,25.0,24.484088,24.72375,4343056
2019-03-28,24.79,24.93125,24.66625,24.8275,3490136
2019-03-29,25.01875,25.088175,24.93425,25.07875,3306272
2019-04-01,25.34375,25.45125,25.1875,25.43,6349224
2019-04-02,25.4275,25.539238,25.355,25.5025,3757008
2019-04-03,25.65875,25.8458,25.61875,25.7175,4337928
2019-04-04,25.71375,25.7625,25.40685,25.58,3370840
2019-04-05,25.66625,25.73,25.62375,25.70125,3260496
2019-04-08,25.64625,25.8075,25.519413,25.80375,4247472
2019-04-09,25.69,25.79625,25.6375,25.685,5589296
2019-04-10,25.72,25.8929,25.70625,25.89,4414464
2019-04-11,25.93,25.94345,25.81625,25.8775,2858520
2019-04-12,26.02,26.05,25.8775,26.045,3101192
2019-04-15,26.06625,26.122488,25.90625,26.045,3165104
2019-04-16,26.13875,26.2075,26.045,26.1575,3223816
2019-04-17,26.30625,26.323738,26.145,26.25125,4665448
2019-04-18,26.28625,26.305,26.105,26.29875,3067672
2019-04-22,26.19375,26.385,26.16875,26.38,3950952
2019-04-23,26.43625,26.7125,26.40625,26.68375,15756064
2019-04-24,26.70125,26.83125,26.66625,26.70125,3895576
2019-04-25,26.83,26.88,26.51875,26.6675,5011760
2019-04-26,26.54625,26.61375,26.326288,26.61125,13605528
2019-04-29,26.61375,26.72125,26.603288,26.62875,12079760
2019-04-30,26.6275,26.70875,26.45875,26.67625,11304672
2019-05-01,26.92625,26.97125,26.57375,26.57375,3688024
2019-05-02,26.5725,26.75935,26.296513,26.45125,6543280
2019-05-03,26.575,26.735,26.515,26.71125,2588448
2019-05-06,26.0925,26.57,25.987175,26.53125,8004304
2019-05-07,26.2275,26.3375,25.728875,25.9675,8403472
2019-05-08,25.89875,26.1325,25.826413,25.92,5636800
2019-05-09,25.6225,25.820963,25.28875,25.74625,7343176
2019-05-10,25.5825,25.929913,25.2075,25.81875,4191336
2019-05-13,25.11125,25.235,24.74375,24.8175,12482016
2019-05-14,24.95,25.37625,24.94715,25.23375,5300376
2019-05-15,25.06,25.575,25.0475,25.4925,12253968
2019-05-16,25.5225,25.92375,25.4975,25.75625,6360040
2019-05-17,25.485,25.85375,25.47375,25.5,3238032
2019-05-20,25.10625,25.25875,24.948125,25.05375,5127264
2019-05-21,25.3225,25.4633,25.289,25.39625,2459272
2019-05-22,25.2225,25.40625,25.2225,25.2425,2517744
2019-05-23,24.92375,24.9387,24.62,24.78375,6333512
2019-05-24,24.9375,25.04875,24.78375,24.80375,2337504
2019-05-28,24.88125,25.045,24.72625,24.72625,3350360
2019-05-29,24.56375,24.7125,24.4241,24.56,6293056
2019-05-30,24.64,24.775,24.55625,24.705,3237888
2019-05-31,24.40375,24.54,24.29875,24.3075,3840200
2019-06-03,24.34875,24.4625,23.71125,23.865,6700936
2019-06-04,24.1725,24.67125,24.06375,24.6575,3471320
2019-06-05,24.96875,25.033288,24.675413,24.97625,6544592
2019-06-06,25.025,25.3125,24.920163,25.2525,4419856
2019-06-07,25.38,25.8408,25.35,25.69375,3231360
2019-06-10,25.905,26.24375,25.8975,25.975,6394736
2019-06-11,26.25875,26.288125,25.80875,25.94375,9744688
2019-06-12,25.8575,25.906963,25.756875,25.83125,3163712
2019-06-13,25.92375,25.983825,25.82375,25.90625,8293368
2019-06-14,25.7125,25.7575,25.58525,25.67375,1984368
2019-06-17,25.6975,25.836875,25.67375,25.725,2194880
2019-06-18,25.9825,26.3125,25.9175,26.15625,3220080
2019-06-19,26.23,26.34375,26.062625,26.2825,3016160
2019-06-20,26.675,26.755,26.433125,26.5653,3737000
2019-06-21,26.5225,26.64625,26.4075,26.425,3852832
2019-06-24,26.475,26.522863,26.4025,26.4025,2290784
2019-06-25,26.40125,26.415,25.91125,25.94,3763152
2019-06-26,26.18,26.39125,26.18,26.18875,2231248
2019-06-27,26.29625,26.37125,26.241025,26.31,3141176
2019-06-28,26.4,26.4224,26.23075,26.36125,5061520
2019-07-01,26.92125,26.957963,26.62875,26.7475,7154752
2019-07-02,26.71875,26.82625,26.662513,26.82625,2842496
2019-07-03,26.87875,27.01875,26.827763,27.01875,1915624
2019-07-05,26.82875,27.013,26.705,26.9775,2205432
2019-07-08,26.79375,26.81125,26.665,26.7775,2008816
2019-07-09,26.61875,26.90375,26.611538,26.87875,6789664
2019-07-10,27.01875,27.25125,27.0175,27.085,4880528
2019-07-11,27.155,27.26875,27.080913,27.175,3053008
2019-07-12,27.24125,27.395,27.21125,27.3925,2436008
2019-07-15,27.44875,27.5,27.39,27.46,2244760
2019-07-16,27.43875,27.43875,27.17125,27.2275,13224040
2019-07-17,27.24,27.33125,27.16125,27.16125,1744056
2019-07-18,27.125,27.3925,27.065,27.35375,2786528
2019-07-19,27.58375,27.6125,27.19125,27.205,2954912
2019-07-22,27.31375,27.57125,27.31375,27.5,2832728
2019-07-23,27.66125,27.66125,27.4375,27.65625,2532568
2019-07-24,27.62375,27.92125,27.6075,27.915,2664040
2019-07-25,27.86125,27.86125,27.659275,27.7175,3079968
2019-07-26,27.82125,27.948125,27.816725,27.91,2031152
2019-07-29,27.91,27.95875,27.619375,27.86625,4230752
2019-07-30,27.655,27.80375,27.61,27.6975,1849488
2019-07-31,27.815,27.87,27.00625,27.29375,5319752
2019-08-01,27.3425,27.9,27.021875,27.15625,7044888
2019-08-02,26.93875,27.0,26.43,26.65,5494240
2019-08-05,25.9475,25.95125,25.3275,25.555,8776280
2019-08-06,25.87125,26.033325,25.64625,25.92875,5564728
2019-08-07,25.65875,26.15625,25.516875,26.10625,3702144
2019-08-08,26.315,26.7625,26.264375,26.7525,8771120
2019-08-09,26.61125,26.665,26.2625,26.4475,2870848
2019-08-12,26.27625,26.334,25.9775,26.09625,3266992
2019-08-13,26.07875,26.8175,26.02,26.72375,3390568
2019-08-14,26.2225,26.31375,25.818875,25.9025,18065864
2019-08-15,25.92,25.97125,25.6325,25.85125,5145736
2019-08-16,26.1025,26.386875,26.03625,26.31625,2838416
2019-08-19,26.73,26.8075,26.575013,26.705,5273960
2019-08-20,26.67,26.791875,26.54875,26.58625,2715432
2019-08-21,26.84375,26.96875,26.76875,26.89375,2978296
2019-08-22,26.96375,27.018313,26.60625,26.83,2075936
2019-08-23,26.68375,26.938125,25.88125,25.97375,5008248
2019-08-26,26.29625,26.334988,26.1075,26.3025,3018272
2019-08-27,26.47875,26.5225,26.09375,26.2375,2899744
2019-08-28,26.09625,26.2975,25.895,26.25,2405400
2019-08-29,26.605,26.793775,26.53625,26.7125,3327096
2019-08-30,26.87375,26.9025,26.495,26.695,2540408
2019-09-03,26.495,26.580475,26.26815,26.36625,3684040
2019-09-04,26.6525,26.8225,26.631875,26.8225,2007184
2019-09-05,27.15875,27.47125,27.15,27.365,3512088
2019-09-06,27.42625,27.44,27.275,27.32625,2199184
2019-09-09,27.43625,27.459088,26.95375,27.11625,5603096
2019-09-10,26.965,26.98125,26.6625,26.98125,3516984
2019-09-11,27.04875,27.275,26.9925,27.25875,2323376
2019-09-12,27.4375,27.625,27.29375,27.38625,13385744
2019-09-13,27.36,27.375,27.17125,27.1925,2281264
2019-09-16,26.98375,27.221225,26.9325,27.16625,2328400
2019-09-17,27.17875,27.28125,27.12625,27.26375,1571544
2019-09-18,27.24125,27.28625,26.90625,27.27875,2223848
2019-09-19,27.355,27.570025,27.29625,27.34,3741584
2019-09-20,27.42375,27.429775,26.94375,27.05,3160976
2019-09-23,27.03125,27.19125,26.9625,27.11,2371488
2019-09-24,27.2675,27.375,26.70375,26.80375,4346624
2019-09-25,26.77625,27.2025,26.52875,27.01945,2807712
2019-09-26,27.02125,27.13,26.85,27.045,2096520
2019-09-27,27.075,27.085,26.451775,26.6525,4148504
2019-09-30,26.75625,27.0,26.7125,26.94375,2855456
2019-10-01,27.06375,27.238738,26.67375,26.70125,4180976
2019-10-02,26.5225,26.536875,26.00125,26.20125,4815824
2019-10-03,26.19,26.5425,25.865,26.54,4041496
2019-10-04,26.705,27.015,26.703125,26.98875,3182944
2019-10-07,26.89625,27.1125,26.8725,26.90375,2777536
2019-10-08,26.715,26.751875,26.3675,26.38125,3870072
2019-10-09,26.645,26.855,26.6065,26.7575,2898888
2019-10-10,26.745,27.033675,26.7425,26.91875,2624120
2019-10-11,27.235,27.55375,27.235,27.3125,6261776
2019-10-14,27.28375,27.4075,27.28125,27.31125,2265808
2019-10-15,27.39,27.66375,27.366875,27.595,3079952
2019-10-16,27.43,27.43,27.2475,27.35375,2817480
2019-10-17,27.47125,27.52,27.185125,27.3275,2614968
2019-10-18,27.27375,27.30625,26.85125,27.03875,2541728
2019-10-21,27.1925,27.33035,27.1108,27.31,1924312
2019-10-22,27.3725,27.458863,26.93125,26.94,2839016
2019-10-23,26.875,27.00375,26.8125,26.9675,1988664
2019-10-24,27.25,27.3975,27.17,27.38,2054336
2019-10-25,27.375,27.72625,27.375,27.71,2226328
2019-10-28,27.9025,28.059375,27.89125,28.0275,6899816
2019-10-29,28.02125,28.06125,27.8,27.8,2366224
2019-10-30,27.88,28.0125,27.7125,27.9875,2788984
2019-10-31,28.0475,28.05125,27.78625,27.955,2745760
2019-11-01,28.0725,28.31875,28.01625,28.31875,4552328
2019-11-04,28.54375,28.55625,28.40375,28.4475,2966344
2019-11-05,28.52875,28.52875,28.325225,28.42,3818840
2019-11-06,28.42125,28.42125,28.25375,28.39125,2830504
2019-11-07,28.595,28.77875,28.54625,28.62125,3541616
2019-11-08,28.53375,28.775,28.4325,28.775,2728576
2019-11-11,28.61125,28.84125,28.57625,28.81125,2587040
2019-11-12,28.83625,29.0,28.7725,28.9025,3093728
2019-11-13,28.77875,28.98625,28.7775,28.9675,2394408
2019-11-14,28.86375,28.945,28.7875,28.9325,3606232
2019-11-15,29.1225,29.175,29.04375,29.17375,2561776
2019-11-18,29.16,29.295613,29.050225,29.2425,2754040
2019-11-19,29.35125,29.41725,29.2075,29.33875,4795904
2019-11-20,29.25875,29.36875,28.956375,29.185,6477320
2019-11-21,29.15875,29.1605,28.9675,29.02625,2904488
2019-11-22,29.12375,29.16625,28.89935,29.01875,2763088
2019-11-25,29.14125,29.45,29.09875,29.445,16280840
2019-11-26,29.4575,29.539875,29.42,29.46125,3694928
2019-11-27,29.56125,29.64375,29.480963,29.64375,2572120
2019-11-29,29.56,29.60875,29.50975,29.51875,1515624
2019-12-02,29.5525,29.56125,28.966263,29.09875,4131304
2019-12-03,28.62375,28.87625,28.50125,28.8675,4631584
2019-12-04,29.04,29.0625,28.92665,28.965,4181576
2019-12-05,29.065,29.095,28.925,29.045,2831824
2019-12-06,29.275,29.38375,29.2489,29.36375,3121472
2019-12-09,29.31875,29.39375,29.1975,29.2125,2439712
2019-12-10,29.24375,29.346475,29.150625,29.2,5842240
2019-12-11,29.275,29.40625,29.205,29.3925,2736656
2019-12-12,29.33,29.72,29.23555,29.67875,4912128
2019-12-13,29.705,29.9375,29.6068,29.87125,4323520
2019-12-16,30.00125,30.16875,30.0,30.0575,4234168
2019-12-17,30.1175,30.12375,29.94625,30.0,3983576
2019-12-18,30.04625,30.116575,29.98625,30.01,3247952
2019-12-19,30.04,30.2125,30.0254,30.2075,4196640
2019-12-20,30.38875,30.418063,30.30875,30.37625,4157240
2019-12-23,30.49,30.54,30.41875,30.47875,3445208
2019-12-24,30.5125,30.53,30.409225,30.48125,1876808
2019-12-26,30.54,30.71625,30.54,30.71625,2411752
2019-12-27,30.83875,30.84375,30.61625,30.705,2795720
2019-12-30,30.6875,30.70375,30.2624,30.5225,4057096
2019-12-31,30.41375,30.63125,30.375,30.60625,2994656
2020-01-02,30.88125,31.17,30.83,31.1675,11322048
2020-01-03,30.74125,31.04875,30.737513,30.84,13060680
2020-01-06,30.55375,30.95375,30.48,30.9425,4204880
2020-01-07,30.98375,31.069375,30.8775,30.93875,3119952
2020-01-08,30.96125,31.39475,30.9225,31.265,4976712
2020-01-09,31.53875,31.62705,31.385,31.61625,4615496
2020-01-10,31.745,31.78375,31.48875,31.5475,4839368
2020-01-13,31.6925,31.98375,31.67375,31.97,4740600
2020-01-14,31.98875,32.02375,31.765,31.8,7725024
2020-01-15,31.83625,31.99875,31.727513,31.82625,5982440
2020-01-16,32.045,32.26725,32.0025,32.2625,4519392
2020-01-17,32.40375,32.47125,32.22875,32.45375,4334000
2020-01-21,32.36,32.59875,32.342013,32.40625,5878424
2020-01-22,32.63375,32.766125,32.50875,32.54,6105112
2020-01-23,32.55875,32.70125,32.42625,32.70125,3712472
2020-01-24,32.93625,32.99875,32.40625,32.5325,6326608
2020-01-27,31.7575,31.99375,31.43,31.75625,8578592
2020-01-28,32.0175,32.43375,31.959838,32.36,4981032
2020-01-29,32.6025,32.67105,32.2975,32.3925,5184608
2020-01-30,32.36,32.67,32.1725,32.65125,4530128
2020-01-31,32.49625,32.5,31.65875,31.7725,7536968
2020-02-03,31.80625,32.23625,31.7775,32.17125,7801272
2020-02-04,32.71625,33.06625,32.6375,33.0125,6640920
2020-02-05,33.54375,33.578013,32.93125,33.16875,6062280
2020-02-06,33.30375,33.435,33.142263,33.435,4151296
2020-02-07,33.26375,33.38625,33.0499,33.1225,4630776
2020-02-10,32.94625,33.5425,32.93125,33.535,4401648
2020-02-11,33.83125,33.856538,33.375,33.47375,4290472
2020-02-12,33.69125,33.84,33.5125,33.83,4111432
2020-02-13,33.595,33.932313,33.53875,33.76125,4100248
2020-02-14,33.84125,33.96975,33.731875,33.8975,3859552
2020-02-18,33.65875,33.828638,33.58955,33.77375,5774896
2020-02-19,33.965,34.21625,33.965,34.15125,5274192
2020-02-20,34.11125,34.188438,33.355,33.835,6853560
2020-02-21,33.6525,33.6875,32.8675,33.085,9127120
2020-02-24,31.5225,32.15625,31.125,31.73125,15646960
2020-02-25,32.0,32.11,30.595,30.7225,14342504
2020-02-26,30.79,31.48625,30.565,30.79375,14315832
2020-02-27,29.7775,30.46875,29.2,29.2,20147576
2020-02-28,28.04625,29.666288,27.97375,29.45625,28300064
2020-03-02,29.9225,31.0025,29.3725,31.0025,17407896
2020-03-03,31.2,31.39975,29.5595,29.87125,16729824
2020-03-04,30.55375,31.1125,30.08875,31.09,7609472
2020-03-05,30.28375,30.85625,29.928813,30.1175,7586936
2020-03-06,29.12375,29.6525,28.68625,29.47875,13494456
2020-03-09,27.19,28.38875,26.93125,27.101138,20152824
2020-03-10,28.21,28.815,27.19875,28.815,24197096
2020-03-11,28.03625,28.1925,27.01875,27.42875,12651120
2020-03-12,25.4125,26.76,24.72,24.73,27701584
2020-03-13,26.3275,27.48625,24.907513,27.45375,16578112
2020-03-16,24.15875,25.821913,23.75,23.75125,15118096
2020-03-17,24.26375,25.57,23.4475,25.1825,12671856
2020-03-18,23.66,24.75,22.87625,24.33625,30476392
2020-03-19,23.94625,25.195,23.38875,24.375,10612520
2020-03-20,25.0,25.24,23.349088,23.39375,12591944
2020-03-23,23.3725,23.79125,22.43125,23.18625,13807936
2020-03-24,24.65,25.61875,24.501375,25.59625,12481472
2020-03-25,25.86,26.765,25.09,25.60875,14562576
2020-03-26,25.9075,27.242938,25.9075,27.19125,13282168
2020-03-27,26.3675,26.8175,25.9125,25.98875,11522224
2020-03-30,26.225,27.0625,26.21625,27.0175,12261296
2020-03-31,26.9925,27.40625,26.34375,26.4875,11818216
2020-04-01,25.6075,26.1,25.0275,25.235,9639984
2020-04-02,25.105,25.79,25.00125,25.72875,6090400
2020-04-03,25.63125,25.88625,25.0,25.31375,4014096
2020-04-06,26.4475,27.658125,26.27125,27.47,9448576
2020-04-07,28.5225,28.5225,27.2325,27.26125,13885792
2020-04-08,27.58875,28.16175,27.38,28.04375,8488736
2020-04-09,28.455,28.56875,27.9025,28.11,13693896
2020-04-13,28.035,28.18,27.5775,28.17375,8111664
2020-04-14,28.81625,29.375,28.68875,29.3175,12955456
2020-04-15,28.735,28.885,28.448125,28.6825,7298728
2020-04-16,29.02375,29.0675,28.53,28.98,10008560
2020-04-17,29.505,29.540625,29.00625,29.44625,8070424
2020-04-20,29.06125,29.4125,28.95125,28.9575,10507136
2020-04-21,28.560613,28.625,27.605625,27.7675,8399784
2020-04-22,28.44625,28.9675,28.33125,28.82,5394872
2020-04-23,28.89125,29.221238,28.63625,28.6725,4806784
2020-04-24,28.78,29.26125,28.58875,29.23625,6853264
2020-04-27,29.52,29.62625,29.375,29.56875,7089072
2020-04-28,29.9375,29.9575,29.158188,29.19375,6745224
2020-04-29,29.8075,30.525,29.71875,30.44,7588784
2020-04-30,30.51125,30.51125,30.04125,30.25,6699368
2020-05-01,29.57125,29.914988,29.2575,29.38125,7438648
2020-05-04,29.16625,29.7675,29.07125,29.7425,4998224
2020-05-05,30.08125,30.55875,30.05625,30.2025,7200176
2020-05-06,30.4575,30.71375,30.270475,30.42,5697864
2020-05-07,30.8775,31.13875,30.835,30.9675,6501920
2020-05-08,31.29375,31.46375,31.0675,31.42625,6195288
2020-05-11,31.22375,31.8325,31.168838,31.6425,11072328
2020-05-12,31.79625,31.86375,30.9625,30.9625,28762400
2020-05-13,31.01625,31.22,30.020163,30.4125,9307784
2020-05-14,30.16375,30.8125,29.822513,30.77875,6399072
2020-05-15,30.34625,30.96,30.261875,30.96,5324344
2020-05-18,31.57375,31.88625,31.493125,31.70625,7204192
2020-05-19,31.755,32.12125,31.61,31.61,5676768
2020-05-20,32.06625,32.395963,32.025925,32.33375,5671856
2020-05-21,32.31125,32.419488,31.866125,31.93375,5638768
2020-05-22,31.88375,32.1125,31.75125,32.09,4169400
2020-05-26,32.7375,32.74875,32.05625,32.1125,6106296
2020-05-27,32.09375,32.295,31.36375,32.29125,6694144
2020-05-28,32.19875,32.818388,32.125,32.22625,5629520
2020-05-29,32.305,32.7125,32.067625,32.62875,5908552
2020-06-01,32.4975,32.809925,32.38625,32.73375,8141080
2020-06-02,32.79625,33.02625,32.4575,33.02625,4567392
2020-06-03,33.15875,33.41875,33.037588,33.33375,5732888
2020-06-04,33.21375,33.388738,32.80125,33.00625,5651152
2020-06-05,33.25625,33.89625,33.140188,33.80375,5711320
2020-06-08,33.775,34.02125,33.4875,34.01125,11108656
2020-06-09,33.8275,34.271875,33.79,34.0875,5111344
2020-06-10,34.35125,34.847625,34.262788,34.595,5130296
2020-06-11,33.87,34.02125,32.59125,32.62375,10707280
2020-06-12,33.57125,33.6725,32.457513,33.025,8929616
2020-06-15,32.39625,33.55625,32.32625,33.43625,5964584
2020-06-16,34.28,34.42,33.625,34.14,8832288
2020-06-17,34.39875,34.445,34.07625,34.11375,4323520
2020-06-18,34.0775,34.3375,34.00125,34.3,5334728
2020-06-19,34.715,34.7525,33.925,33.988175,5107304
2020-06-22,34.0475,34.6475,33.99625,34.6175,4426376
2020-06-23,34.895,35.255,34.80375,34.845,5562320
2020-06-24,34.71375,34.9035,33.8598,34.0575,7295048
2020-06-25,34.08875,34.5375,33.728063,34.51,5040800
2020-06-26,34.4375,34.5025,33.73875,33.8725,7037480
2020-06-29,33.91,34.2175,33.4325,34.2175,6950504
2020-06-30,34.20125,34.93875,34.191263,34.83875,5989888
2020-07-01,34.83125,35.11125,34.69125,34.92125,7565960
2020-07-02,35.245,35.4125,35.03,35.1125,6565016
2020-07-06,35.5575,35.8984375,35.515,35.6675,6248848
2020-07-07,35.61875,36.015,35.2944,35.34,6304200
2020-07-08,35.58375,35.95375,35.45125,35.95375,4529336
2020-07-09,36.25,36.2575,35.55125,36.09875,4821432
2020-07-10,36.02125,36.075,35.660088,36.02875,4670192
2020-07-13,36.335,36.555,35.125,35.20625,11260096
2020-07-14,34.92125,35.66875,34.5175,35.6275,8339816
2020-07-15,35.9725,36.108125,35.3875,35.85,6807272
2020-07-16,35.47625,35.5625,35.1225,35.3975,4161896
2020-07-17,35.59375,35.71125,35.275,35.6075,3878280
2020-07-20,35.70625,36.63,35.54625,36.5425,5259744
2020-07-21,36.8675,36.8675,36.0775,36.19,6195616
2020-07-22,36.24625,36.6175,36.19875,36.4625,4807752
2020-07-23,36.325,36.55375,35.395625,35.56625,8460552
2020-07-24,35.02,35.36125,34.54875,35.1075,10396856
2020-07-27,35.33375,35.745,35.28,35.7025,5584896
2020-07-28,35.63375,35.7125,35.2575,35.27625,3546128
2020-07-29,35.4325,35.95375,35.4325,35.88,3222400
2020-07-30,35.545,36.09,35.3425,36.06,3515408
2020-07-31,36.64,36.91625,36.015625,36.90875,6257296
2020-08-03,37.435,37.905,37.344375,37.7725,7623688
2020-08-04,37.7425,37.905,37.55375,37.89625,7246632
2020-08-05,38.03375,38.15,37.890338,38.0625,4141864
2020-08-06,38.0725,38.55875,37.924375,38.52125,4428800
2020-08-07,38.3925,38.3925,37.5875,37.89875,8194792
2020-08-10,37.99125,38.044388,37.2775,37.77875,5455880
2020-08-11,37.66125,37.85125,37.06375,37.11,5034960
2020-08-12,37.4225,38.00125,37.375,37.92375,8552208
2020-08-13,37.96875,38.3125,37.86125,38.01625,6113328
2020-08-14,38.03,38.08,37.742513,37.9225,3306008
2020-08-17,38.14125,38.3125,38.13375,38.2475,3270200
2020-08-18,38.34,38.473125,38.053475,38.36125,3289648
2020-08-19,38.438125,38.6325,38.25,38.30125,3474128
2020-08-20,38.1925,38.86625,38.1025,38.795,3663616
2020-08-21,38.84625,39.254375,38.82,39.19875,5164880
2020-08-24,39.77625,39.802488,39.19875,39.5175,4546320
2020-08-25,39.4625,39.735,39.3575,39.70625,4108704
2020-08-26,40.11,40.6425,40.055625,40.5275,5108504
2020-08-27,40.70875,40.8275,40.160625,40.5025,5459880
2020-08-28,40.68375,41.01375,40.65375,40.89375,5985776
2020-08-31,41.03625,41.289963,40.81375,41.01875,5144320
2020-09-01,41.4725,42.03625,41.2825,41.995,6871128
2020-09-02,42.5925,42.5925,41.535,42.295,9090728
2020-09-03,41.595,41.595,39.49,39.79375,17240968
2020-09-04,39.56125,40.105,37.47625,39.16125,18643680
2020-09-08,37.7825,38.625,37.401263,37.455,16859848
2020-09-09,38.32375,39.021238,37.9225,38.6375,9693760
2020-09-10,39.1875,39.2725,37.616875,37.734075,9372000
2020-09-11,38.1275,38.18,36.97375,37.43125,9998440
2020-09-14,38.0475,38.40875,37.89375,38.2275,5762872
2020-09-15,38.835,38.87625,38.36875,38.645,6196856
2020-09-16,38.7925,38.8425,38.04625,38.06625,5392456
2020-09-17,37.19375,37.95,37.1375,37.725,7148176
2020-09-18,37.82375,37.83125,36.7075,37.17125,8878744
2020-09-21,36.546688,37.5275,36.397025,37.51375,10964200
2020-09-22,37.95,38.208738,37.2925,38.13625,6552600
2020-09-23,38.12,38.15875,36.87125,36.99625,5966608
2020-09-24,36.59375,37.56375,36.57375,37.11,5826064
2020-09-25,37.155,38.14125,36.93625,38.045,5177744
2020-09-28,38.643125,38.75,38.35625,38.75,5347232
2020-09-29,38.73375,38.89375,38.5925,38.64375,4341744
2020-09-30,38.65375,39.3225,38.5864,38.93125,5853408
2020-10-01,39.44875,39.5225,39.17875,39.41625,5610328
2020-10-02,38.495,39.14125,38.35625,38.50875,8308512
2020-10-05,38.80125,39.38375,38.80125,39.38375,5774664
2020-10-06,39.30125,39.717438,38.67875,38.84125,5019912
2020-10-07,39.24125,39.648125,39.24125,39.57625,4262960
2020-10-08,39.91375,39.96125,39.643125,39.75,9513112
2020-10-09,39.9725,40.42125,39.953938,40.42125,3540824
2020-10-12,41.04125,41.6825,40.7775,41.44,5247840
2020-10-13,41.58625,41.670625,41.0975,41.23875,7586840
2020-10-14,41.36125,41.53625,40.69375,41.0075,8701264
2020-10-15,40.27875,40.915,40.14125,40.8525,4654712
2020-10-16,41.07125,41.21635,40.7225,40.7225,3188344
2020-10-19,40.97375,41.12115,39.95875,40.1,4294368
2020-10-20,40.24125,40.57625,39.9625,40.15125,6567600
2020-10-21,40.11,40.435625,39.925,40.0075,2578000
2020-10-22,40.02125,40.170913,39.34125,39.84875,3618016
2020-10-23,39.91,39.9765,39.498875,39.825,2091688
2020-10-26,39.42,39.70375,38.48,38.965,4810016
2020-10-27,39.16125,39.28625,38.958125,39.14,3296952
2020-10-28,38.4025,38.41375,37.5025,37.5775,6429296
2020-10-29,37.74875,38.535,37.685,38.11,5878472
2020-10-30,37.63125,37.822713,36.84875,37.24875,6740632
2020-11-02,37.5475,37.80625,36.925625,37.32625,4955248
2020-11-03,37.60375,38.258725,37.45375,38.0025,7177232
2020-11-04,39.16875,39.771738,38.75,39.505,7358792
2020-11-05,40.49875,40.83625,40.3875,40.7625,7439880
2020-11-06,40.67,41.0475,40.155,40.9525,3914576
2020-11-09,42.03125,42.03125,40.455,40.525,7241744
2020-11-10,40.10625,40.39875,39.3225,39.6875,10053400
2020-11-11,40.13125,40.7775,40.058125,40.6575,5468064
2020-11-12,40.69625,40.888575,40.17,40.34125,2979896
2020-11-13,40.63125,40.735,40.27,40.65875,2505000
2020-11-16,40.78125,41.125,40.55,41.05875,4412528
2020-11-17,40.88875,41.1475,40.695,40.94,2993856
2020-11-18,40.92375,41.065625,40.51375,40.51375,2917984
2020-11-19,40.52875,40.993738,40.325,40.9575,2460336
2020-11-20,40.9825,41.0625,40.61375,40.62875,2561552
2020-11-23,40.75625,40.98125,40.3125,40.655,3317856
2020-11-24,40.82375,41.20875,40.494375,41.1375,3806320
2020-11-25,41.29125,41.42125,41.125,41.33,2536992
2020-11-27,41.5675,41.7625,41.5334,41.63625,1742960
2020-11-30,41.655,41.9375,41.1,41.91625,3122424
2020-12-01,42.19375,42.49125,41.97875,42.26375,5751400
2020-12-02,42.10375,42.2549,41.766875,42.2125,2906800
2020-12-03,42.28875,42.5315,42.155,42.23875,2306928
2020-12-04,42.3325,42.7125,42.25375,42.7125,2955264
2020-12-07,42.72875,42.945213,42.68625,42.81875,3590248
2020-12-08,42.80625,43.1575,42.66125,43.0125,3336512
2020-12-09,43.02375,43.11375,41.96875,42.13,7506392
2020-12-10,41.86125,42.48375,41.76375,42.31625,6370656
2020-12-11,42.06125,42.25,41.76,42.24125,3391968
2020-12-14,42.42,42.77,42.39625,42.4225,2468640
2020-12-15,42.85125,43.1275,42.651425,43.1275,3762192
2020-12-16,43.19875,43.54375,43.0575,43.355025,2983768
2020-12-17,43.6575,43.81125,43.54125,43.75,3900952
2020-12-18,43.84625,43.85125,43.43125,43.6325,3025728
2020-12-21,43.22125,43.769975,42.82,43.74875,4828864
2020-12-22,44.02,44.38375,43.848125,44.22125,4201032
2020-12-23,44.30875,44.3575,43.8125,43.81875,3109320
2020-12-24,43.90875,44.20875,43.90875,44.11,1459544
2020-12-28,44.53125,44.56,44.185,44.42,4860880
2020-12-29,44.655,44.71125,44.04125,44.12625,4263192
2020-12-30,44.31875,44.384375,44.105,44.185,2837152
2020-12-31,44.2125,44.29875,43.8875,44.22375,3288344
2021-01-04,44.4225,44.44125,42.893125,43.48875,6481368
2021-01-05,43.38125,43.865,43.37625,43.84625,3567952
2021-01-06,43.25875,43.925,42.98625,43.11875,6245584
2021-01-07,43.57375,44.44375,43.5675,44.34625,4466888
2021-01-08,44.625,44.83375,44.1875,44.67,4317904
2021-01-11,44.33125,44.61875,44.052813,44.28875,5321616
2021-01-12,44.2925,44.363188,43.78,44.22375,14567472
2021-01-13,44.26125,44.6125,44.189375,44.445,3873248
2021-01-14,44.56625,44.707638,44.105,44.1675,3349800
2021-01-15,44.11625,44.33125,43.6,43.7025,4157832
2021-01-19,44.0125,44.33125,43.87,44.2475,4024720
2021-01-20,44.59875,45.210988,44.59875,45.085,3961400
2021-01-21,45.35375,45.72625,45.078125,45.6075,3646480
2021-01-22,45.38125,45.64625,45.301625,45.47375,3696080
2021-01-25,46.0225,46.189725,44.675625,45.78,6279568
2021-01-26,45.9475,45.99375,45.5475,45.63375,6351600
2021-01-27,45.39375,45.5,44.32125,44.7175,10807536
2021-01-28,44.96875,45.625,44.8225,44.955,3754200
2021-01-29,44.74625,44.88625,43.65625,43.9125,7925896
2021-02-01,44.42875,45.20375,44.123125,45.015,5582296
2021-02-02,45.5125,45.845,45.425,45.7325,3617496
2021-02-03,45.89,45.92,45.42375,45.56375,3337752
2021-02-04,45.81125,46.32875,45.689113,46.32875,3022272
2021-02-05,46.5275,46.5275,46.17875,46.3375,2909128
2021-02-08,46.5775,46.875,46.5,46.86875,3250504
2021-02-09,46.73375,47.04375,46.73375,46.88375,4437136
2021-02-10,47.09875,47.152288,46.40375,46.8,3140328
2021-02-11,47.08625,47.3325,46.89375,47.31,4443728
2021-02-12,47.2175,47.59875,47.0391,47.57625,2378400
2021-02-16,47.76625,47.84125,47.203863,47.3925,3398272
2021-02-17,46.96875,47.0,46.375,46.885,3561728
2021-02-18,46.38125,46.75625,46.06125,46.67,2929896
2021-02-19,46.9525,47.041088,46.506263,46.72625,2415496
2021-02-22,46.13125,46.25875,45.555075,45.58875,3909168
2021-02-23,44.75,45.6025,43.78875,45.32875,9191672
2021-02-24,45.0825,46.0025,44.6,45.9525,5370112
2021-02-25,45.61875,45.91125,44.081875,44.24625,5407584
2021-02-26,44.6925,45.2075,44.0625,44.5625,5278400
2021-03-01,45.3125,46.08125,45.113125,46.0325,5344928
2021-03-02,46.1475,46.19625,45.1875,45.21875,3537560
2021-03-03,45.1,45.185,43.922625,43.9775,4440320
2021-03-04,43.835,44.127575,42.3075,42.85625,9154672
2021-03-05,43.39375,43.66625,41.95,43.55,8106968
2021-03-08,43.495,43.7675,42.39,42.42625,6213072
2021-03-09,43.55,44.32625,43.45875,44.05,8612728
2021-03-10,44.62625,44.62625,43.83125,43.8625,5151848
2021-03-11,44.5225,45.184375,44.5225,44.94625,4310216
2021-03-12,44.40625,44.62375,44.085,44.61875,3212728
2021-03-15,44.665,45.17875,44.51,45.16875,3546032
2021-03-16,45.4925,45.88375,45.1525,45.41125,5140720
2021-03-17,45.00125,45.66625,44.62375,45.425,4606912
2021-03-18,44.77875,44.8775,43.91125,43.96875,3857632
2021-03-19,44.01375,44.253625,43.625,43.9425,3244160
2021-03-22,44.1275,44.97,44.1075,44.745,7044536
2021-03-23,44.8675,45.028125,44.282288,44.4075,2419768
2021-03-24,44.67375,44.67875,43.72625,43.72625,2912928
2021-03-25,43.4775,43.87375,43.1,43.6576,3506024
2021-03-26,43.6625,44.746,43.63625,44.69875,2933056
2021-03-29,44.595,44.71625,44.1075,44.3625,3451856
2021-03-30,44.0775,44.1575,43.69,44.08125,2257160
2021-03-31,44.3775,45.115,44.3775,44.81125,3500320
2021-04-01,45.405,45.762513,45.375,45.74625,3245688
2021-04-05,46.08,46.64375,45.974038,46.55625,4255416
2021-04-06,46.5,46.7525,46.279038,46.4725,2087360
2021-04-07,46.44375,46.72625,46.2625,46.64,2062848
2021-04-08,47.04875,47.35,46.99875,47.35,3368616
2021-04-09,47.16875,47.76375,47.05625,47.74375,2573488
2021-04-12,47.61125,47.732263,47.31475,47.58625,2900112
2021-04-13,47.76,48.125,47.70875,48.09875,3532744
2021-04-14,48.125,48.184963,47.4825,47.5775,3935984
2021-04-15,48.04625,48.415,48.04625,48.38625,3339888
2021-04-16,48.505,48.505,48.125,48.31125,2581856
2021-04-19,48.10125,48.33125,47.57,47.855,2954944
2021-04-20,47.7575,47.96125,47.11,47.37,3850664
2021-04-21,47.26625,47.89375,47.172338,47.86875,5244936
2021-04-22,47.8125,48.12375,47.2025,47.42375,4719872
2021-04-23,47.505,48.29,47.505,48.115,1837848
2021-04-26,48.12875,48.53125,48.12875,48.505,3493792
2021-04-27,48.58875,48.59125,48.19625,48.335,3614512
2021-04-28,48.1675,48.185625,47.875,47.9525,3096992
2021-04-29,48.35,48.35,47.316538,47.805,3199816
2021-04-30,47.315,47.5775,47.0125,47.1175,2964920
2021-05-03,47.3375,47.433713,46.81125,46.92875,4213120
2021-05-04,46.54,46.54,45.45,45.9775,5891824
2021-05-05,46.31875,46.38,45.7575,45.84,1647872
2021-05-06,45.80125,46.14,45.35125,46.12,3890128
2021-05-07,46.59375,46.875,46.38,46.5625,2438056
2021-05-10,46.37875,46.37875,45.345,45.35875,3598864
2021-05-11,44.438125,45.42375,44.28625,45.31875,6449176
2021-05-12,44.605,44.867425,43.87375,43.985,6812784
2021-05-13,44.43625,44.9025,44.12125,44.485,3992664
2021-05-14,45.00375,45.66,44.875,45.515,2633640
2021-05-17,45.26625,45.285,44.74125,45.1725,2685752
2021-05-18,45.3525,45.49125,44.85625,44.87625,3142680
2021-05-19,44.1325,45.0525,44.0875,45.03375,2688208
2021-05-20,45.2225,46.076825,45.1975,45.925,2498416
2021-05-21,46.18,46.2625,45.6675,45.705,2177928
2021-05-24,46.07125,46.665,46.06625,46.5,5910592
2021-05-25,46.71125,46.79625,46.41925,46.515,2138032
2021-05-26,46.63,46.75,46.45135,46.60625,2072856
2021-05-27,46.55875,46.731763,46.39125,46.41,1900440
2021-05-28,46.60375,46.82,46.511875,46.535,1802688
2021-06-01,46.7475,46.808738,46.21125,46.32625,3530336
2021-06-02,46.42625,46.765625,46.32625,46.59,3009000
2021-06-03,46.2,46.36625,45.84375,46.09125,3086784
2021-06-04,46.4025,47.025125,46.4025,46.9625,2740600
2021-06-07,46.9325,47.0525,46.81125,47.0275,4038464
2021-06-08,47.27375,47.4975,46.91375,47.11,1863016
2021-06-09,47.33625,47.39125,47.074,47.085,1462912
2021-06-10,47.16625,47.538125,47.05145,47.50875,2942432
2021-06-11,47.55375,47.815,47.49625,47.8,2219456
2021-06-14,47.88,48.3275,47.735,48.3275,2419992
2021-06-15,48.31125,48.31125,47.88875,47.995,2442256
2021-06-16,48.0375,48.18875,47.28125,47.79375,4434560
2021-06-17,47.625,48.59625,47.601725,48.41,11314632
2021-06-18,48.16375,48.375,47.923738,48.0225,7348712
2021-06-21,48.0375,48.47625,47.6725,48.45,4687544
2021-06-22,48.44125,48.93375,48.37375,48.915,2717496
2021-06-23,48.9175,49.07125,48.8025,48.807975,2051360
2021-06-24,49.14375,49.3175,49.04375,49.1425,2785512
2021-06-25,49.24625,49.25,49.00625,49.13125,2283072
2021-06-28,49.3125,49.712213,49.3125,49.655,3522720
2021-06-29,49.66375,50.02125,49.57625,50.01,6235712
2021-06-30,49.93875,49.9775,49.722513,49.84625,4003936
2021-07-01,49.79625,49.91625,49.545625,49.8625,3462008
2021-07-02,50.14875,50.51125,50.101875,50.46375,3037816
2021-07-06,50.56625,50.905,50.2175,50.71375,3209128
2021-07-07,51.05875,51.10625,50.5125,50.90875,8688752
2021-07-08,50.02875,50.565,49.785,50.4125,4490824
2021-07-09,50.3925,50.9375,50.298063,50.88875,2294424
2021-07-12,51.125,51.14375,50.73125,50.88375,9925376
2021-07-13,50.7925,51.38625,50.72,50.99375,10912832
2021-07-14,51.39375,51.59625,51.04875,51.215,3155008
2021-07-15,51.15875,51.15875,50.44375,50.74875,3947736
2021-07-16,50.9225,51.10625,50.225,50.285,3324096
2021-07-19,49.6575,49.868613,49.305013,49.67625,5865016
2021-07-20,49.92875,50.77375,49.635625,50.48375,7273152
2021-07-21,50.51,51.01,50.39875,50.99875,11829112
2021-07-22,51.09,51.40125,51.09,51.3375,2611576
2021-07-23,51.6275,51.89375,51.42775,51.84125,3441312
2021-07-26,51.745,51.925075,51.5625,51.85375,2535528
2021-07-27,51.775,51.775,50.5925,51.28875,13480808
2021-07-28,51.30125,51.54375,50.83,51.3425,2940952
2021-07-29,51.33875,51.77875,51.2675,51.59625,4777968
2021-07-30,51.2225,51.59375,51.18875,51.52625,2057288
2021-08-02,51.75875,51.875,51.3525,51.39875,3688208
2021-08-03,51.51625,51.7063,51.09625,51.685,2353360
2021-08-04,51.68375,51.9375,51.5075,51.81375,3041160
2021-08-05,51.93625,52.16475,51.785013,52.14125,1587632
2021-08-06,51.965,52.125,51.875,52.06,1865688
2021-08-09,52.115,52.16625,51.83125,51.9325,1790568
2021-08-10,52.04,52.1125,51.413125,51.54125,3051864
2021-08-11,51.75,51.8,51.208475,51.49625,9620128
2021-08-12,51.4375,51.81,51.235,51.775,1751776
2021-08-13,51.8125,52.045525,51.745,52.01,1635376
2021-08-16,51.855,52.1125,51.35625,52.10625,2450136
2021-08-17,51.795,51.86,51.3175,51.66125,2999432
2021-08-18,51.5525,51.75375,50.9525,51.00125,2657976
2021-08-19,50.69875,51.59375,50.64,51.385,3270336
2021-08-20,51.60625,52.08375,51.4975,52.035,3579064
2021-08-23,52.22,52.82875,52.22,52.76625,3031024
2021-08-24,52.88,53.00125,52.7875,52.84125,2638904
2021-08-25,52.93875,53.09,52.73875,52.845,3657512
2021-08-26,52.80625,52.93205,52.473763,52.535,1985424
2021-08-27,52.61875,53.181875,52.55625,53.13625,1859376
2021-08-30,53.27375,53.7325,53.27375,53.6625,2983400
2021-08-31,53.65625,53.6725,53.2575,53.335,14336984
2021-09-01,53.5175,53.73875,53.3325,53.37,4305312
2021-09-02,53.595,53.665,53.1695,53.41125,2581416
2021-09-03,53.35,53.780538,53.28875,53.66875,2078056
2021-09-07,53.7225,53.785,53.39125,53.6125,3236080
2021-09-08,53.61125,53.6125,52.94875,53.30125,2914920
2021-09-09,53.33375,53.531863,53.11125,53.1275,1966160
2021-09-10,53.4325,53.55875,52.549375,52.59625,3044464
2021-09-13,52.95875,53.07875,52.2575,52.6,9537744
2021-09-14,52.83125,52.9425,52.385,52.53375,13045760
2021-09-15,52.645,53.014875,52.36375,52.9825,2415368
2021-09-16,52.785,53.1275,52.545,53.07125,1963696
2021-09-17,52.98125,52.98125,52.245,52.35875,2631696
2021-09-20,51.475,51.80375,50.6675,51.355,18233696
2021-09-21,51.67625,51.779375,51.1725,51.38125,2737232
2021-09-22,51.65375,52.30875,51.45625,52.14125,2617576
2021-09-23,52.405,52.94375,52.2275,52.815,2852072
2021-09-24,52.465,52.9075,52.405125,52.82,13228848
2021-09-27,52.38125,52.47,51.9725,52.3025,3009968
2021-09-28,51.61125,51.715,50.64125,50.556638,11591648
2021-09-29,50.81375,51.01375,50.37125,50.44125,5506200
2021-09-30,50.73875,50.98025,50.16125,50.16125,3710888
2021-10-01,50.3925,51.00375,49.835,50.8575,5498576
2021-10-04,50.6275,50.6275,49.2575,49.62375,6989464
2021-10-05,49.785,50.625,49.7425,50.34,3806728
2021-10-06,49.82125,50.73375,49.6525,50.6875,15155472
2021-10-07,51.1775,51.6375,51.1175,51.2325,13247488
2021-10-08,51.4525,51.4525,50.934463,50.99125,1991816
2021-10-11,50.75125,51.39,50.6875,50.70625,2057120
2021-10-12,50.97125,51.0,50.492,50.58625,1820224
2021-10-13,50.84625,51.0475,50.61375,51.01125,4864560
2021-10-14,51.5675,52.1525,51.50625,52.11625,4765640
2021-10-15,52.34375,52.5,52.18125,52.4825,3179984
2021-10-18,52.21625,52.99625,52.115,52.9725,2669904
2021-10-19,53.13375,53.518125,53.00125,53.46,2967560
2021-10-20,53.5325,53.6175,53.11125,53.35625,5694104
2021-10-21,53.215,53.62625,53.06625,53.58625,3291592
2021-10-22,53.535,53.795,53.15375,53.35875,2197984
2021-10-25,53.5675,53.7825,53.36125,53.60875,2136584
2021-10-26,53.97,54.1525,53.61875,53.68,3010248
2021-10-27,53.755,53.91125,53.465,53.4775,2315496
2021-10-28,53.72375,54.104375,53.671263,54.02375,2087352
2021-10-29,53.51125,54.30375,53.475013,54.27,2259352
2021-11-01,54.2975,54.35875,53.99375,54.335,2984808
2021-11-02,54.39,54.819375,54.39,54.70625,2549968
2021-11-03,54.75875,55.12875,54.4975,55.03625,2429296
2021-11-04,55.245,55.9425,55.16225,55.8225,2463792
2021-11-05,56.2075,56.419375,55.679988,56.01125,2806480
2021-11-08,56.25,56.525,56.1575,56.4125,2639944
2021-11-09,56.53875,56.61125,55.94625,56.2625,2844480
2021-11-10,55.81875,56.11375,55.02125,55.21125,12805952
2021-11-11,55.64,55.665,55.444875,55.51,2167912
2021-11-12,55.685,56.26125,55.61,56.175,2934640
2021-11-15,56.3675,56.44,55.7975,56.1,3280048
2021-11-16,56.04625,56.763125,55.975,56.685,2513824
2021-11-17,56.6075,56.7875,56.34375,56.44625,10190184
2021-11-18,56.8,56.93875,56.2675,56.8525,3549360
2021-11-19,57.09875,57.4275,56.9,57.18375,9458928
2021-11-22,57.3675,57.959388,56.291913,56.33,7039936
2021-11-23,56.08125,56.33,55.34375,56.0725,10875296
2021-11-24,55.765,56.56125,55.449375,56.53875,3497296
2021-11-26,55.81625,56.22,55.03,55.265,4521672
2021-11-29,55.99125,56.6825,55.80625,56.51875,4714256
2021-11-30,56.3325,56.7825,55.480625,55.96125,5407352
2021-12-01,56.44375,56.866875,54.9,54.94,4500136
2021-12-02,54.45875,55.785625,54.360625,55.53125,6698392
2021-12-03,55.705,55.8025,53.8425,54.5,8196400
2021-12-06,54.6,55.11,53.905,54.96375,4181432
2021-12-07,56.05875,57.06,56.05875,56.95125,4040168
2021-12-08,57.0025,57.37375,56.5975,57.33125,2591680
2021-12-09,57.21125,57.575,56.54125,56.5875,2635656
2021-12-10,57.16375,57.577488,56.888913,57.505,3232648
2021-12-13,57.6125,57.75,56.6,56.66125,3591392
2021-12-14,55.95625,56.3125,55.0825,55.73375,4749512
2021-12-15,55.79125,57.29625,55.23625,57.1061,3966120
2021-12-16,57.37625,57.41545,55.093125,55.45,5015248
2021-12-17,54.845,55.75875,54.58875,55.2575,3289608
2021-12-20,54.4875,54.765,54.2075,54.60875,4557792
2021-12-21,55.24125,56.13375,54.7025,56.08125,3927384
2021-12-22,55.99625,56.7875,55.84875,56.75125,2871400
2021-12-23,56.855,57.285,56.7957,57.06125,2410664
2021-12-27,57.245,58.2625,57.245,58.2625,4098944
2021-12-28,58.35375,58.3825,57.6977,57.855,4148096
2021-12-29,57.8375,58.07,57.50625,57.86,2933800
2021-12-30,57.85,58.1325,57.5025,57.5575,2676552
2021-12-31,57.5425,57.67075,57.23875,57.27125,3201440
2022-01-03,57.34125,57.8125,57.01625,57.75,4452840
2022-01-04,57.8,57.875,56.47375,57.02,6572752
2022-01-05,56.63875,56.74625,55.1025,55.1275,7571336
2022-01-06,54.66625,55.42875,54.463325,54.91875,5834912
2022-01-07,54.90125,55.20375,54.015,54.3575,14682784
2022-01-10,53.495,54.485,52.75,54.415,21678400
2022-01-11,54.29375,55.21875,53.92625,55.13375,4537632
2022-01-12,55.53,55.9325,55.05,55.31375,9529960
2022-01-13,55.525,55.715625,53.64,53.75,4798256
2022-01-14,53.46,54.22785,53.3925,54.18375,3943888
2022-01-18,53.37525,53.73875,52.6875,52.80125,5846592
2022-01-19,53.00125,53.65375,52.037438,52.065,20038944
2022-01-20,52.5525,53.2175,51.34875,51.4175,5035912
2022-01-21,51.15125,51.825,50.28625,50.30375,14998024
2022-01-24,49.235,50.68625,47.57875,50.62875,49905760
2022-01-25,49.64625,50.3225,48.85,49.385,6685008
2022-01-26,50.825,51.295625,48.995,49.55625,31089560
2022-01-27,50.34875,50.625,48.95125,49.13625,5255416
2022-01-28,49.7325,51.25,48.925,51.23,7489224
2022-01-31,51.3125,52.85,51.125,52.7825,5448728
2022-02-01,52.875,53.0775,52.12625,53.00125,12721648
2022-02-02,53.15375,53.39375,52.5775,53.27625,4036432
2022-02-03,52.39375,52.795,51.423125,51.61625,5508560
2022-02-04,51.53375,52.46625,51.19875,52.01,3656928
2022-02-07,52.105,52.48,51.5475,51.755,2815696
2022-02-08,51.56875,52.57375,51.4275,52.4225,2191480
2022-02-09,53.1,53.71,52.89375,53.71,9534512
2022-02-10,52.6975,53.68375,52.09,52.39875,6132384
2022-02-11,52.4375,52.715,50.545,50.745,11590472
2022-02-14,50.60875,51.2075,50.1758,50.73625,18081464
2022-02-15,51.5225,52.225,51.381875,52.1975,2955192
2022-02-16,51.775,52.2625,51.225,52.105,2641432
2022-02-17,51.58875,51.62375,50.3125,50.39125,3650744
2022-02-18,50.57125,50.63,49.41,49.76125,5172648
2022-02-22,49.32375,50.122575,48.77375,49.2725,17467608
2022-02-23,49.76375,49.94875,47.9525,48.02625,5747240
2022-02-24,46.36,49.82625,46.12625,49.76125,18479952
2022-02-25,49.8575,50.49375,49.24375,50.4775,5365984
2022-02-28,50.01875,50.7525,49.66125,50.48875,4740728
2022-03-01,50.32375,50.6225,49.125,49.5175,2845864
2022-03-02,49.81875,50.74875,49.4375,50.54875,2871528
2022-03-03,50.89125,50.89125,49.5275,49.7625,2961064
2022-03-04,49.4275,49.60375,48.421725,48.77,3484544
2022-03-07,48.77,49.0075,46.89625,46.94125,7074368
2022-03-08,46.815,48.19,46.07125,46.71,14316832
2022-03-09,47.9455,48.87625,47.68375,48.70125,5317000
2022-03-10,47.83375,47.986238,47.12625,47.86,7906944
2022-03-11,48.29875,48.29875,46.8125,46.865,6370424
2022-03-14,46.67375,47.1275,45.740375,45.85125,8731808
2022-03-15,46.1875,47.5,46.03025,47.3925,4068888
2022-03-16,47.975,49.146875,47.348975,49.1275,5334392
2022-03-17,48.8075,49.66125,48.6325,49.66125,3284024
2022-03-18,49.48125,50.86,49.245,50.79875,4051984
2022-03-21,50.615,50.975,49.9925,50.67,3906088
2022-03-22,50.685,51.7625,50.6525,51.48125,3306696
2022-03-23,50.95625,51.53875,50.592625,50.612825,3107984
2022-03-24,50.8125,51.93625,50.686525,51.93625,2732128
2022-03-25,51.955,52.031238,51.204375,51.815,2457408
2022-03-28,51.595,52.46375,51.41,52.455,4118056
2022-03-29,53.0675,53.695,52.7025,53.615,15691528
2022-03-30,53.33125,53.465,52.54,52.8025,3304816
2022-03-31,52.80375,52.929375,52.0,52.06,4216128
2022-04-01,52.0625,52.246475,51.34875,51.9075,2493744
2022-04-04,52.01,52.945,52.01,52.92875,2383288
2022-04-05,52.71375,52.7875,51.5,51.6775,5225400
2022-04-06,50.8475,50.88,49.90125,50.29,4793360
2022-04-07,50.2,50.75125,49.68875,50.44625,2646640
2022-04-08,50.18625,50.28125,49.5825,49.70625,3554568
2022-04-11,49.0675,49.11,48.486725,48.52875,3998184
2022-04-12,49.2475,49.60625,48.1925,48.39625,21755560
2022-04-13,48.4075,49.4075,48.260888,49.24,4735736
2022-04-14,49.28375,49.392338,48.0,48.0225,3141744
2022-04-18,47.80375,48.405,47.650688,48.07875,5384632
2022-04-19,47.98625,49.12625,47.78625,49.0475,2949032
2022-04-20,49.51625,49.65625,48.715,48.845,3242072
2022-04-21,49.29375,49.814825,47.74,47.905,3678992
2022-04-22,47.90625,48.10695,46.52375,46.58125,6024488
2022-04-25,46.365,47.365,46.155625,47.34125,5154256
2022-04-26,46.9475,46.96125,45.53875,45.53875,5703120
2022-04-27,45.8375,46.89625,45.775,46.02875,13649680
2022-04-28,46.775,48.17375,46.4625,47.89125,4571120
2022-04-29,47.355,48.0275,45.8325,45.9,4924248
2022-05-02,45.7975,46.7,45.3625,46.65875,5693944
2022-05-03,46.59375,46.9375,46.269,46.68875,3248568
2022-05-04,46.85625,48.3775,45.95625,48.3075,26319264
2022-05-05,47.57875,47.61875,45.29125,45.84125,6905760
2022-05-06,45.475,46.1275,44.631875,45.34375,14177504
2022-05-09,44.53875,44.7875,43.19,43.39125,17486560
2022-05-10,44.43875,44.6375,43.27875,44.02125,13925280
2022-05-11,43.5975,44.4825,42.39625,42.51375,18795016
2022-05-12,41.85875,42.84375,41.20375,42.20125,10019024
2022-05-13,42.7675,44.01375,42.6475,43.7975,5004088
2022-05-16,43.4875,43.865625,42.98135,43.275,16830352
2022-05-17,44.1975,44.54875,43.64,44.5,3927184
2022-05-18,43.86875,44.04175,42.29375,42.44875,4623584
2022-05-19,42.1675,42.876238,41.852875,42.1525,5187232
2022-05-20,42.6525,42.87625,40.8825,42.22125,5229400
2022-05-23,42.35875,43.18,42.16,43.115,4188800
2022-05-24,42.52125,42.68,41.625,42.28125,5151880
2022-05-25,42.0025,43.20625,42.0025,42.8875,3336416
2022-05-26,42.6975,44.16125,42.5,43.975,4561392
2022-05-27,44.41875,45.51875,44.41875,45.5075,9528168
2022-05-31,45.33,45.58875,44.698125,45.1375,3848848
2022-06-01,45.5875,45.92875,44.604375,44.96375,8730648
2022-06-02,44.6625,46.205,44.5,46.2,5162120
2022-06-03,45.335,45.645,44.830013,45.02625,7981480
2022-06-06,45.63625,45.875,44.84375,45.0525,2685384
2022-06-07,44.57,45.7175,44.48625,45.65125,4402368
2022-06-08,45.5,45.79425,45.0225,45.16,2251416
2022-06-09,44.8375,45.25,43.87875,43.89,2709432
2022-06-10,43.125,43.20875,42.1625,42.1675,10926680
2022-06-13,40.82875,41.18625,40.0475,40.18375,11103352
2022-06-14,40.46875,40.68875,40.025,40.4075,6220248
2022-06-15,40.85625,41.91375,40.36875,41.30125,6900672
2022-06-16,40.25875,40.26,39.207775,39.49625,15526032
2022-06-17,39.54,40.34,39.32,39.97625,6344136
2022-06-21,40.61875,41.324375,40.61875,40.98625,5422040
2022-06-22,40.53375,41.4075,40.385,40.770563,4294624
2022-06-23,41.10625,41.5625,40.75,41.475,5215616
2022-06-24,41.9325,43.01125,41.9325,43.00375,4959808
2022-06-27,43.1725,43.283125,42.51625,42.6925,3886840
2022-06-28,42.8025,43.139438,41.35875,41.3725,4977480
2022-06-29,41.33,41.640325,40.949375,41.405,3051776
2022-06-30,40.9075,41.325,40.145,40.81875,4476192
2022-07-01,40.6025,41.05375,40.23375,40.94125,3977872
2022-07-05,40.425,41.5675,40.166875,41.5675,4279632
2022-07-06,41.62375,42.18,41.4025,41.85625,3241144
2022-07-07,42.05875,42.875,42.045,42.7875,3207456
2022-07-08,42.2625,42.9875,42.18675,42.8175,5434912
2022-07-11,42.45,42.53,41.85625,42.1325,3114328
2022-07-12,42.27875,42.58875,41.33375,41.555,5042232
2022-07-13,40.7825,41.69375,40.58375,41.45875,4747048
2022-07-14,41.0675,41.8975,40.5525,41.7375,4225744
2022-07-15,42.1675,42.5125,41.94295,42.50375,3084376
2022-07-18,42.90625,43.1,41.9725,42.12,3815552
2022-07-19,42.615,43.45,42.34875,43.3875,3296056
2022-07-20,43.41,44.37625,43.31375,44.19875,4146888
2022-07-21,44.2475,44.8425,43.8275,44.84125,3534856
2022-07-22,44.79,45.01375,43.886463,44.14125,3590536
2022-07-25,44.1125,44.1125,43.51875,43.8575,4685200
2022-07-26,43.73,43.76125,42.90625,43.03125,2521176
2022-07-27,43.76,45.09,43.70625,44.8925,5747768
2022-07-28,44.91125,45.6335,44.491013,45.5325,3670776
2022-07-29,45.7025,46.3925,45.485,46.275,4623568
2022-08-01,45.9,46.6625,45.705,46.1925,4644384
2022-08-02,45.76375,46.49125,45.56625,45.95375,4469944
2022-08-03,46.19125,47.38375,46.19125,47.28625,3915984
2022-08-04,47.2175,47.44125,46.867625,47.43625,2701232
2022-08-05,46.66875,47.515,46.6325,47.3625,2720208
2022-08-08,47.32875,47.775,46.79125,47.03375,4254360
2022-08-09,46.6575,46.6975,46.2076,46.45625,3160432
2022-08-10,47.59875,47.91,47.300375,47.87375,5209736
2022-08-11,48.20875,48.48625,47.53875,47.59625,4467280
2022-08-12,47.985625,48.585,47.78625,48.585,2770464
2022-08-15,48.42375,48.94995,48.375,48.87875,2602920
2022-08-16,48.615,48.942875,48.21875,48.70875,2854296
2022-08-17,48.2975,48.64125,47.93625,48.29875,4397472
2022-08-18,48.32,48.74125,48.1625,48.55125,2099808
2022-08-19,48.095,48.175,47.524525,47.61625,2844872
2022-08-22,46.98,46.98,46.19,46.31,3717536
2022-08-23,46.23875,46.714238,46.15125,46.20125,2161544
2022-08-24,46.18125,46.485625,46.05825,46.27625,2733200
2022-08-25,46.5025,47.1325,46.405,47.11625,1689840
2022-08-26,47.11625,47.20125,45.1175,45.12125,4351000
2022-08-29,44.65125,44.9975,44.37,44.53875,4379128
2022-08-30,44.83625,44.873125,43.6875,44.09,3971216
2022-08-31,44.3925,44.5225,43.64875,43.66,3451776
2022-09-01,43.16875,43.335,42.371875,43.2775,4960104
2022-09-02,43.75,43.99365,42.53375,42.76875,4328168
2022-09-06,42.85,42.95875,42.1875,42.45875,4844664
2022-09-07,42.52125,43.31375,42.375,43.135,4394232
2022-09-08,42.8225,43.5675,42.63875,43.395,3164072
2022-09-09,43.74875,44.42125,43.74125,44.3325,2464320
2022-09-12,44.58125,45.0425,44.58125,45.035,2426952
2022-09-13,43.755,43.9025,42.567538,42.67625,5642992
2022-09-14,42.875,43.09875,42.4375,42.86125,3511792
2022-09-15,42.4875,42.815,41.670625,41.9075,4664872
2022-09-16,41.47875,41.65625,41.02375,41.59375,5660696
2022-09-19,41.1975,41.9525,41.18625,41.92,21618624
2022-09-20,41.52125,41.94,41.3125,41.66,3778000
2022-09-21,41.8575,42.5,41.02875,41.02875,4011736
2022-09-22,40.83,40.9825,40.285,40.48875,5844448
2022-09-23,40.11625,40.18875,39.41625,39.915,20828536
2022-09-26,39.82875,40.53125,39.5475,39.655,9041632
2022-09-27,40.19375,40.59125,39.4,39.702013,18527008
2022-09-28,39.4175,40.357125,39.1825,40.1625,11395544
2022-09-29,39.5825,39.64,38.6675,39.13125,21223424
2022-09-30,38.9825,39.60875,38.39375,38.42125,7930864
2022-10-03,38.76,39.8025,38.53375,39.5875,6112584
2022-10-04,40.375,40.99375,40.346188,40.97375,7688648
2022-10-05,40.37375,41.375,40.1475,41.10375,4502256
2022-10-06,40.97375,41.47125,40.73875,40.7925,12242024
2022-10-07,39.99,39.99,38.903738,39.095,6407040
2022-10-10,39.09,39.15875,37.99125,38.38875,7816272
2022-10-11,38.13125,38.414875,37.47625,37.76375,8125552
2022-10-12,37.83375,38.032425,37.51875,37.62875,6151032
2022-10-13,36.605,38.90625,36.451875,38.70625,10501544
2022-10-14,39.09375,39.13,37.54375,37.605,4933544
2022-10-17,38.525,38.9525,38.493125,38.79375,3721056
2022-10-18,39.7825,39.975,38.70375,39.1925,10938712
2022-10-19,38.83625,39.395,38.61625,39.0,3306096
2022-10-20,39.03625,39.875,38.83125,39.02125,3849760
2022-10-21,38.92,40.125,38.775,40.04875,3866768
2022-10-24,40.21,40.6625,39.643125,40.52125,3693960
2022-10-25,40.64375,41.43575,40.64375,41.40875,5120280
2022-10-26,40.435,41.45,40.39,40.57625,4164776
2022-10-27,40.68125,40.98375,40.073563,40.15625,4268160
2022-10-28,40.32525,41.86375,40.32525,41.7725,4393400
2022-10-31,41.3925,41.54,41.0425,41.275,4329880
2022-11-01,41.79625,41.894375,40.78375,40.95625,3250944
2022-11-02,40.93375,41.34375,39.439375,39.44125,4510064
2022-11-03,38.9025,39.0075,38.29,38.31875,16798776
2022-11-04,38.9875,39.165,37.9475,38.81625,5880848
2022-11-07,38.98125,39.45625,38.57375,39.39125,5657928
2022-11-08,39.72125,40.29625,39.2,39.7575,4400952
2022-11-09,39.36125,39.4725,38.6375,38.69875,5306552
2022-11-10,40.66375,42.0175,40.5175,41.9775,10920536
2022-11-11,41.91875,42.96,41.7625,42.83375,10210976
2022-11-14,42.45875,42.94,42.17,42.425,7431504
2022-11-15,43.395,43.5925,42.61,43.0375,7284032
2022-11-16,42.665,42.76375,42.157125,42.30375,4236520
2022-11-17,41.6425,42.48375,41.54375,42.28,5822960
2022-11-18,42.8125,42.8325,41.99375,42.3275,3657840
2022-11-21,42.065,42.215413,41.7225,41.82375,8138160
2022-11-22,41.93125,42.59875,41.6525,42.5725,4139344
2022-11-23,42.5175,43.125,42.49375,43.0275,3525088
2022-11-25,42.7225,42.89125,42.6275,42.7575,1474584
2022-11-28,42.3775,42.56625,41.6875,41.85375,5042688
2022-11-29,41.875,41.945,41.30375,41.46625,4314808
2022-11-30,41.511875,43.5,41.390625,43.4925,4822896
2022-12-01,43.555,43.863738,43.07875,43.64625,11018928
2022-12-02,42.84625,43.53125,42.75375,43.40125,4314496
2022-12-05,43.0775,43.2875,42.3125,42.575,3923008
2022-12-06,42.625,42.625,41.37375,41.65,6495512
2022-12-07,41.5175,41.753125,41.16,41.46,6806728
2022-12-08,41.74875,42.31125,41.45625,42.1825,3288392
2022-12-09,42.00875,42.51,41.795625,41.92625,11599184
2022-12-12,42.02375,42.85125,42.0,42.84625,4852360
2022-12-13,44.455,44.68375,42.94375,43.3575,7355264
2022-12-14,43.30625,43.835,42.5275,42.92475,5572192
2022-12-15,42.25,42.34375,41.175625,41.29875,5431512
2022-12-16,41.18125,41.376238,40.558125,40.75875,5028792
2022-12-19,40.8325,40.83875,39.910625,40.17125,12658984
2022-12-20,39.9175,40.465063,39.76,40.26,6609192
2022-12-21,40.4375,41.0925,40.32375,40.8975,4404192
2022-12-22,40.41125,40.41375,39.218125,39.88375,5084488
2022-12-23,39.6375,39.94,39.28375,39.89875,7944968
2022-12-27,39.81125,39.81375,39.30125,39.50875,5281928
2022-12-28,39.445,39.73625,38.84375,38.8875,4907360
2022-12-29,39.3175,40.09125,39.23,39.9475,4966312
2022-12-30,39.53,39.92625,39.30375,39.92625,4979720
2023-01-03,40.29525,40.64625,39.28375,39.54375,5940112
2023-01-04,39.75125,39.97665,39.29875,39.715,4562008
2023-01-05,39.49125,39.5,38.83625,38.8925,4449496
2023-01-06,39.2275,40.18375,38.75,40.005,6176288
2023-01-09,40.4225,41.2225,40.38375,40.50625,5166384
2023-01-10,40.39875,40.81125,40.16,40.76875,18122368
2023-01-11,40.90875,41.4675,40.745,41.45625,4168968
2023-01-12,41.51375,41.9375,40.97375,41.78,4303712
2023-01-13,41.395,41.983738,41.291875,41.95625,3956960
2023-01-17,41.86125,42.370625,41.805625,42.16625,4363384
2023-01-18,42.45125,42.68625,41.603875,41.635,5847608
2023-01-19,41.30625,41.500625,40.955,41.12375,6995400
2023-01-20,41.37125,42.275,41.195,42.275,4634360
2023-01-23,42.42875,43.4675,42.37125,43.27875,10939368
2023-01-24,43.05,43.3725,42.9575,43.20625,4677272
2023-01-25,42.45625,43.21,42.030463,43.115,5066440
2023-01-26,43.57,43.82625,43.070625,43.80125,3878440
2023-01-27,43.52375,44.315,43.5,44.0025,4538752
2023-01-30,43.48625,43.69625,43.115,43.1425,4832952
2023-01-31,43.17875,43.8075,43.12125,43.7975,4666328
2023-02-01,43.77375,45.2125,43.62625,44.8725,4440128
2023-02-02,45.6785,46.425,45.5025,46.21,11626360
2023-02-03,45.18375,46.485,45.18375,45.72,6144888
2023-02-06,45.24375,45.5275,44.9425,45.12,2552864
2023-02-07,45.175,46.3525,45.12625,46.20125,4282920
2023-02-08,46.185,46.526125,45.54625,45.61625,10204016
2023-02-09,46.3375,46.42,45.2125,45.42375,3125296
2023-02-10,45.04375,45.251875,44.71125,45.135,2698000
2023-02-13,45.3475,46.0125,45.259375,45.9025,7827824
2023-02-14,45.68,46.40125,45.39125,46.14625,4117984
2023-02-15,45.91,46.4725,45.835,46.47125,3173328
2023-02-16,45.78,46.3125,45.61875,45.62375,3686512
2023-02-17,45.355,45.3575,44.67,45.065,3314760
2023-02-21,44.45375,44.730625,43.94625,43.975,8300472
2023-02-22,44.0425,44.28375,43.735,43.965,3921520
2023-02-23,44.75125,44.77875,43.9775,44.64125,3250832
2023-02-24,43.9075,44.018125,43.58875,43.865,3160064
2023-02-27,44.3125,44.51,43.998125,44.06125,4658824
2023-02-28,43.955,44.4183,43.875,44.015,1654832
2023-03-01,44.01875,44.125,43.55625,43.675,3965864
2023-03-02,43.54125,44.31625,43.40125,44.19375,2246440
2023-03-03,44.45375,45.135625,44.40125,45.12125,3400808
2023-03-06,45.4225,45.91625,45.255,45.285,4309024
2023-03-07,45.28375,45.43,44.609375,44.7275,2481584
2023-03-08,44.8525,45.1425,44.656,45.08125,3633168
2023-03-09,45.135,45.632375,44.295,44.37125,4273488
2023-03-10,44.29125,44.35,43.3,43.49375,5625976
2023-03-13,43.22125,44.31625,42.923375,43.69625,13410072
2023-03-14,44.2975,44.8425,44.08,44.6825,4953328
2023-03-15,44.26875,44.71125,43.9375,44.66625,11355064
2023-03-16,44.56375,45.935,44.35375,45.88625,11622032
2023-03-17,45.99,46.29625,45.496875,45.76125,4109640
2023-03-20,45.68375,45.97375,45.376488,45.90125,3491312
2023-03-21,46.19,46.48625,45.82,46.41875,11869696
2023-03-22,46.3825,47.265,45.855,45.855,4699856
2023-03-23,46.37375,47.19,46.105,46.40605,4758928
2023-03-24,46.27125,46.49,45.91625,46.49,2968976
2023-03-27,46.545,46.783738,46.0875,46.19875,4940344
2023-03-28,46.16125,46.16375,45.61,46.0,4692032
2023-03-29,46.55,47.04125,46.48625,46.94,3071936
2023-03-30,47.32625,47.5075,47.127275,47.41375,2971520
2023-03-31,47.4125,48.22,47.36125,48.18375,4054568
2023-04-03,47.905,48.16625,47.68,48.12,6167120
2023-04-04,48.175,48.2875,47.65375,47.815,3695176
2023-04-05,47.57875,47.58375,46.895,47.24,9765568
2023-04-06,46.9,47.51375,46.6825,47.485,2229264
2023-04-10,47.025,47.4575,46.8075,47.4575,2393136
2023-04-11,47.3825,47.41875,46.9725,47.105,13228672
2023-04-12,47.385,47.60125,46.75875,46.8225,3059856
2023-04-13,47.0675,47.80125,47.006875,47.72875,8540472
2023-04-14,47.51875,47.910625,47.125,47.54625,4209216
2023-04-17,47.5225,47.763125,47.33625,47.71875,2506896
2023-04-18,48.0575,48.2125,47.67125,47.85375,3436664
2023-04-19,47.48,47.835,47.40625,47.75375,2138368
2023-04-20,47.35,47.85,47.215,47.41125,2300792
2023-04-21,47.2675,47.342963,47.0,47.27125,2632576
2023-04-24,47.1225,47.364875,46.726375,47.06625,2344104
2023-04-25,46.875,46.89625,46.04875,46.05,3125448
2023-04-26,46.79875,47.138225,46.5475,46.6625,5786688
2023-04-27,46.8625,47.59125,46.815,47.54625,3313904
2023-04-28,47.53625,48.0525,47.459163,48.045,2913768
2023-05-01,48.00875,48.32,47.96625,48.095,2163272
2023-05-02,48.09375,48.12375,47.3325,47.55625,2673040
2023-05-03,47.59375,48.0025,47.20875,47.22,2817224
2023-05-04,47.06,47.3075,46.85625,47.02875,3993632
2023-05-05,47.54375,48.41625,47.5225,48.2725,3083904
2023-05-08,48.17875,48.355625,48.01625,48.32375,1961936
2023-05-09,48.07375,48.136875,47.9325,47.9725,1658448
2023-05-10,48.3775,48.5925,48.020738,48.495,3171584
2023-05-11,48.4325,48.4375,47.98,48.29,2363312
2023-05-12,48.38375,48.4425,47.8375,48.19375,1940008
2023-05-15,48.2325,48.6,48.07625,48.6,2129656
2023-05-16,48.5,48.825,48.5,48.5675,2423832
2023-05-17,48.775,49.3375,48.56125,49.27875,8323632
2023-05-18,49.345,50.3075,49.345,50.24625,11084920
2023-05-19,50.2725,50.319375,49.9925,50.155,2890712
2023-05-22,49.9875,50.4325,49.9475,50.28375,2228624
2023-05-23,50.055,50.18625,49.48875,49.5175,3291544
2023-05-24,49.1275,49.3925,48.92375,49.21125,3038832
2023-05-25,50.6125,51.16,50.28875,50.96375,5887480
2023-05-26,51.12625,52.391213,51.12625,52.31625,4089600
2023-05-30,53.0825,53.27,52.44,52.59,6355504
2023-05-31,52.27,52.695,52.035,52.11,3402984
2023-06-01,51.9475,52.875,51.71625,52.6475,4221016
2023-06-02,52.965,53.21125,52.6125,53.0125,3810728
2023-06-05,52.955,53.3125,52.6125,53.0125,3124944
2023-06-06,52.5875,52.95125,52.34875,52.81625,2843272
2023-06-07,52.81375,53.19125,51.9225,52.03,4487984
2023-06-08,52.05875,52.6425,52.05875,52.55375,1981704
2023-06-09,52.83625,53.31515,52.58875,52.7725,5760264
2023-06-12,53.09625,53.88125,53.01125,53.87375,3580928
2023-06-13,54.3175,54.459263,53.82125,54.26125,5443792
2023-06-14,54.2625,54.784013,53.95,54.71,15333136
2023-06-15,54.5025,55.6425,54.45875,55.42375,5165704
2023-06-16,55.925,55.989375,54.925,54.945,4974408
2023-06-20,54.62625,55.00875,54.322488,54.625,6059368
2023-06-21,54.445,54.528125,53.59765,53.7875,4290184
2023-06-22,53.53375,54.2475,53.53375,54.23,13498824
2023-06-23,53.57875,53.94,53.40125,53.6,4286736
2023-06-26,53.6125,54.1375,53.14625,53.165,3321536
2023-06-27,53.455,54.39375,53.40125,54.24,2601176
2023-06-28,53.99375,54.67125,53.91375,54.295538,3463456
2023-06-29,54.375,54.505,54.1125,54.4125,2787344
2023-06-30,55.0,55.41125,54.919375,55.27,3355056
2023-07-03,55.2975,55.307188,54.9075,55.17625,6658904
2023-07-05,54.88375,55.196238,54.73625,54.83375,3725248
2023-07-06,54.2975,54.65875,54.02375,54.62125,3535224
2023-07-07,54.5025,55.09375,54.415,54.435,2548272
2023-07-10,54.21125,54.65375,54.0,54.65375,2748024
2023-07-11,54.75375,54.9025,54.305,54.86,7305232
2023-07-12,55.4175,55.675,55.0825,55.43375,3729424
2023-07-13,55.84,56.36375,55.73375,56.26,4014560
2023-07-14,56.395,56.743738,55.885,56.05875,6105936
2023-07-17,56.14125,56.97,56.14125,56.805,6068928
2023-07-18,56.70375,57.705,56.4025,57.4475,4880040
2023-07-19,57.63,57.87125,57.09125,57.29625,11341288
2023-07-20,56.90625,57.170625,55.928038,56.08375,8937240
2023-07-21,56.4925,56.690888,55.924375,55.9875,2669672
2023-07-24,56.2475,56.3375,55.8475,56.05125,4907816
2023-07-25,56.195,56.8825,56.19375,56.68875,4749584
2023-07-26,56.125,56.271688,55.615,56.03625,2721440
2023-07-27,56.75375,56.939088,55.5275,55.77875,2870176
2023-07-28,56.32875,56.715,56.2275,56.57125,3349784
2023-07-31,56.6525,56.9025,56.5175,56.85125,3744248
2023-08-01,56.61,56.9849,56.45125,56.88125,2152080
2023-08-02,56.3425,56.3425,55.12125,55.3675,5733520
2023-08-03,54.98375,55.45,54.86875,55.14875,4242624
2023-08-04,55.06625,55.33375,54.3475,54.42875,9604568
2023-08-07,54.64,54.799838,54.075,54.52,3884064
2023-08-08,54.0675,54.19875,53.46275,54.0125,3758072
2023-08-09,54.1075,54.1075,53.05375,53.25625,6037032
2023-08-10,53.72375,54.157225,53.04125,53.30625,6748352
2023-08-11,52.9,53.26625,52.776875,52.95625,5036480
2023-08-14,52.87875,53.74625,52.73625,53.7375,4504448
2023-08-15,53.6025,53.75,53.1025,53.20625,4637176
2023-08-16,53.10125,53.36235,52.68375,52.7025,4026656
2023-08-17,52.875,52.9675,52.028763,52.12625,3894424
2023-08-18,51.5675,52.4225,51.54125,52.2275,5096056
2023-08-21,52.52375,53.2425,52.425625,53.12625,4789736
2023-08-22,53.65375,53.7,53.0175,53.14625,3360112
2023-08-23,53.24625,54.285,53.2275,54.11125,5698176
2023-08-24,54.7575,54.7575,52.84125,52.855,7540776
2023-08-25,52.96375,53.623388,52.545,53.38625,4685760
2023-08-28,53.7775,53.92345,53.41,53.79625,2808032
2023-08-29,53.645,54.93625,53.541363,54.88,3804608
2023-08-30,54.87,55.4025,54.711313,55.3325,3729976
2023-08-31,55.495,55.84375,55.450625,55.61,2634616
2023-09-01,55.97375,56.1275,55.575,55.83375,3005464
2023-09-05,55.65875,56.07405,55.41625,55.92875,2142696
2023-09-06,55.74625,55.875,54.980625,55.28875,5174064
2023-09-07,54.25375,54.57,54.00125,54.46125,4717352
2023-09-08,54.48,54.8975,54.389,54.53125,2540256
2023-09-11,55.0,55.0275,54.33125,54.79,2494464
2023-09-12,54.39,54.59875,53.78875,53.83,2743224
2023-09-13,53.79,54.17125,53.615,53.9025,2910672
2023-09-14,54.16125,54.38875,53.866875,54.28,2733632
2023-09-15,54.11125,54.11125,53.11375,53.2925,4768400
2023-09-18,53.1225,53.695,53.07625,53.50875,2419536
2023-09-19,53.30625,53.55125,52.9475,53.41375,3309832
2023-09-20,53.6225,53.67875,52.615,52.6275,3233424
2023-09-21,52.13625,52.355,51.74125,51.755,4799552
2023-09-22,51.955,52.37875,51.81875,51.89875,3611000
2023-09-25,51.75375,52.20125,51.645,52.105,8459840
2023-09-26,51.7575,51.80375,51.00875,51.175,4269424
2023-09-27,51.4225,51.61375,50.815,51.222325,4679512
2023-09-28,51.03375,51.975,50.75125,51.65875,3564656
2023-09-29,52.165,52.48125,51.7125,51.8625,4677728
2023-10-02,51.90125,52.5475,51.8375,52.34,8020592
2023-10-03,52.005,52.34625,51.10875,51.345,5905912
2023-10-04,51.442725,52.07375,51.36625,51.9375,3692816
2023-10-05,51.96875,52.075,51.405,51.9825,3958016
2023-10-06,51.6175,53.210388,51.5,53.025,5262296
2023-10-09,52.6225,53.3575,52.42,53.26875,3654816
2023-10-10,53.315,53.875,53.21875,53.445,8476040
2023-10-11,53.625,53.88625,53.37625,53.86875,2668632
2023-10-12,53.91125,54.345,53.3425,53.74125,2936312
2023-10-13,53.84875,53.9325,52.720863,52.88,7941600
2023-10-16,52.95125,53.70625,52.95125,53.4875,2081712
2023-10-17,52.75125,53.55625,52.4425,53.25875,3183440
2023-10-18,52.82625,53.18,52.36625,52.52875,2546424
2023-10-19,52.78125,53.069375,52.08125,52.155,3483544
2023-10-20,52.09125,52.16625,51.176438,51.235,4617352
2023-10-23,50.875,51.784925,50.579563,51.24375,3157968
2023-10-24,51.5,51.76,51.12125,51.69875,3522048
2023-10-25,51.7875,51.845,50.720738,50.845,3273056
2023-10-26,50.9075,51.16,49.72,49.945,4044632
2023-10-27,50.2925,50.665,49.94625,50.1525,8012968
2023-10-30,50.4225,50.79875,50.180625,50.59375,2618944
2023-10-31,50.6325,51.046038,50.23625,50.975,2146752
2023-11-01,51.05375,51.8475,51.05375,51.81125,3117672
2023-11-02,52.41625,52.76875,52.2775,52.735,3441960
2023-11-03,52.73125,53.6875,52.64375,53.485,2812216
2023-11-06,53.56875,53.7864,53.24875,53.7275,3852536
2023-11-07,53.90375,54.52875,53.82,54.37875,3084832
2023-11-08,54.50625,54.75,54.25,54.605,2946000
2023-11-09,54.78625,55.1175,54.224375,54.2775,2246720
2023-11-10,54.62375,55.73,54.55,55.71125,3234848
2023-11-13,55.5,55.56125,55.16125,55.4325,4615392
2023-11-14,56.35625,56.872725,56.279375,56.77375,4658312
2023-11-15,57.0,57.2,56.626875,56.8475,3882312
2023-11-16,56.70125,57.07375,56.558763,56.97375,3135640
2023-11-17,56.90125,57.15875,56.7256,56.99875,7452608
2023-11-20,57.03625,57.945,57.03625,57.8025,3589856
2023-11-21,57.57375,57.64,57.13,57.3225,9713696
2023-11-22,57.6325,58.05625,57.4025,57.5325,3091472
2023-11-24,57.43625,57.50625,57.24625,57.47,1320096
2023-11-27,57.3825,57.766875,57.24875,57.44,3514920
2023-11-28,57.27125,57.7175,57.2625,57.54625,2890456
2023-11-29,58.02375,58.33375,57.6975,57.77,2759496
2023-11-30,58.01,58.071875,57.272513,57.75375,2575272
2023-12-01,57.63625,58.125,57.4025,58.08125,3532096
2023-12-04,57.555,57.555,56.84625,57.49,3264152
2023-12-05,57.22375,57.856688,57.22375,57.80125,7185376
2023-12-06,58.1075,58.14875,57.25625,57.29875,2568000
2023-12-07,57.51,57.99375,57.37125,57.9175,3070832
2023-12-08,57.78375,58.48625,57.75,58.435,2585600
2023-12-11,58.25125,58.84625,58.1375,58.8375,5589320
2023-12-12,58.655,59.1975,58.553125,59.18875,2745720
2023-12-13,59.335,60.0025,59.15625,59.8725,4744432
2023-12-14,60.0125,60.375,59.485513,59.98875,4763648
2023-12-15,59.95625,60.561763,59.95625,60.2775,4424856
2023-12-18,60.23125,60.55875,60.015,60.316925,9959208
2023-12-19,60.33625,60.625,60.315,60.625,3066912
2023-12-20,60.5275,60.790625,59.64625,59.6525,3177368
2023-12-21,60.25,60.49,59.8425,60.3925,3268184
2023-12-22,60.5675,60.637188,60.1625,60.45125,3161912
2023-12-26,60.57375,60.885,60.5375,60.75,2553688
2023-12-27,60.7775,60.8925,60.5225,60.80875,5111528
2023-12-28,60.9325,60.98,60.79375,60.84875,2565752
2023-12-29,60.8725,60.95,60.23875,60.5,4265120
2024-01-02,59.70875,59.72625,58.52625,58.91125,4973832
2024-01-03,58.34875,58.602863,58.0675,58.1225,11002088
2024-01-04,57.71625,58.209438,57.71625,57.7725,4192384
2024-01-05,57.77875,58.25,57.56,57.78625,3491376
2024-01-08,58.06625,59.28125,58.026263,59.2575,5165368
2024-01-09,58.8375,59.515,58.688125,59.3625,2759288
2024-01-10,59.3625,59.98,59.225,59.86625,2900152
2024-01-11,60.14,60.38125,59.23625,60.07625,5998416
2024-01-12,60.20125,60.43,59.96125,60.21,3599384
2024-01-16,60.01625,60.52875,59.738613,60.29875,3925816
2024-01-17,59.7975,59.99375,59.23625,59.96875,3038472
2024-01-18,60.745,61.15625,60.44875,61.135,3996696
2024-01-19,61.5275,62.4775,61.37625,62.4625,6461120
2024-01-22,62.91125,63.24895,62.68125,62.87,4953064
2024-01-23,62.98375,63.18125,62.64875,63.13125,3875144
2024-01-24,63.58625,64.1175,63.364375,63.43375,5022320
2024-01-25,63.9675,64.220925,63.29375,63.585,3732296
2024-01-26,63.2675,63.5143,62.84125,62.925,3081480
2024-01-29,63.0675,63.66125,62.97625,63.66,3294336
2024-01-30,63.635,63.74,62.9175,63.0475,5046848
2024-01-31,62.515,62.75,61.738125,61.73875,6493560
2024-02-01,62.05125,62.6325,61.935,62.535,3939992
2024-02-02,62.11375,63.3225,62.0375,63.145,4120736
2024-02-05,63.37,63.4268,62.5725,63.175,3384000
2024-02-06,63.33375,63.37875,62.58125,63.0675,2948616
2024-02-07,63.51375,63.896038,63.218275,63.8825,3152504
2024-02-08,63.965,64.375,63.8825,64.20625,3168968
2024-02-09,64.58375,65.26125,64.475863,65.18,4077552
2024-02-12,65.1925,65.45375,64.67375,64.77375,4206784
2024-02-13,63.2475,63.977275,63.02125,63.5075,7037736
2024-02-14,64.0625,64.40125,63.6525,64.35625,4721728
2024-02-15,64.51125,64.51875,63.898038,64.30625,2744680
2024-02-16,64.40875,64.526875,63.545,63.625,3134216
2024-02-20,63.2375,63.395,62.2175,62.87375,4426792
2024-02-21,62.215,62.3375,61.69125,62.3375,5083568
2024-02-22,63.93875,64.5225,63.78875,64.365,5963312
2024-02-23,64.77125,64.93125,63.938125,64.1475,2767312
2024-02-26,64.4475,64.6275,64.19375,64.315,2452808
2024-02-27,64.52375,64.52375,63.9625,64.40875,2238320
2024-02-28,64.1825,64.275,63.870688,64.11,2094072
2024-02-29,64.4325,64.878125,64.0275,64.72375,8285360
2024-03-01,64.905,66.01125,64.905,65.92375,3829240
2024-03-04,65.98375,66.474375,65.849575,66.04625,3335816
2024-03-05,65.39625,65.39625,64.016875,64.46,4400152
2024-03-06,65.32375,65.6425,64.6875,65.175,3141240
2024-03-07,65.73875,66.4075,65.37375,66.27,2660992
2024-03-08,66.48625,67.07875,65.115,65.18625,4773176
2024-03-11,64.80625,65.1625,64.51,64.9075,2982256
2024-03-12,65.55125,66.25,64.86,66.25,3057160
2024-03-13,66.01,66.1025,65.325,65.54875,3282608
2024-03-14,65.75,65.946588,64.8725,65.3025,3202808
2024-03-15,64.47125,64.813513,64.215575,64.445,3792712
2024-03-18,65.085,65.475,64.6425,64.7475,2567176
2024-03-19,64.34375,65.125,63.90375,65.02125,2881352
2024-03-20,65.1575,65.914375,64.845,65.9025,2554976
2024-03-21,66.745,66.745,66.005,65.930125,2771752
2024-03-22,65.8975,66.26875,65.6875,66.035,2291280
2024-03-25,65.4375,66.091,65.375,65.76875,3001880
2024-03-26,66.08,66.13875,65.36125,65.48,2566472
2024-03-27,65.90625,65.90625,65.06375,65.635,2699984
2024-03-28,65.53125,65.7625,65.355,65.5425,2021912
2024-04-01,65.62625,66.075,65.340625,65.6775,2817848
2024-04-02,64.8425,65.065,64.320625,64.93625,3367928
2024-04-03,64.585,65.443125,64.5425,65.07,2298184
2024-04-04,65.79,65.975,63.987738,64.01875,3271824
2024-04-05,64.365,65.125,64.0925,64.7975,5891808
2024-04-08,64.9075,65.015625,64.493125,64.70375,1700480
2024-04-09,65.00875,65.12875,64.0875,64.85,2108320
2024-04-10,64.0075,64.4525,63.935,64.26,3273600
2024-04-11,64.525,65.645,64.19875,65.5,3925672
2024-04-12,64.82375,65.071238,64.18625,64.335,3588792
2024-04-15,64.8525,64.88125,62.974,63.11125,4416672
2024-04-16,63.145,63.55,62.9025,63.14875,4465944
2024-04-17,63.48625,63.588125,62.15875,62.21125,3183912
2024-04-18,62.23125,62.458125,61.525,61.62125,4317952
2024-04-19,61.3375,61.56375,59.78125,59.9875,9087952
2024-04-22,60.52375,61.078125,59.915,60.8075,8457336
2024-04-23,61.07875,61.951238,60.98125,61.80625,4156264
2024-04-24,62.34625,62.55375,61.61,61.905,4115768
2024-04-25,61.08375,62.1375,60.875,61.93,3838464
2024-04-26,62.5,63.35375,62.29875,62.9925,2915448
2024-04-29,63.2575,63.375,62.851388,63.2425,3152752
2024-04-30,63.0125,63.249625,61.83375,61.84125,2377056
2024-05-01,61.51125,62.575,60.940938,61.17125,3247000
2024-05-02,61.90625,62.175,61.0425,62.0075,2541240
2024-05-03,63.34625,63.890625,63.3425,63.6825,3508648
2024-05-06,63.93,64.63875,63.92375,64.60375,2284280
2024-05-07,64.70125,64.74875,64.321875,64.33375,1947896
2024-05-08,64.08,64.4925,63.9575,64.4275,1691408
2024-05-09,64.3925,64.44125,63.99875,64.36375,3096808
2024-05-10,64.69125,65.02125,64.365,64.5325,1829520
2024-05-13,65.0025,65.09865,64.6545,64.8475,2198864
2024-05-14,64.82,65.56875,64.82,65.515,1822480
2024-05-15,65.97375,67.03865,65.927675,67.015,2849408
2024-05-16,67.12125,67.2825,66.73125,66.73125,2905616
2024-05-17,66.92375,66.95125,66.20125,66.56875,2498512
2024-05-20,66.7225,67.538475,66.68,67.4125,2975096
2024-05-21,67.1175,67.546038,66.967313,67.47625,2179736
2024-05-22,67.605,67.77375,67.07125,67.4925,3801120
2024-05-23,68.63625,68.656875,67.21125,67.4975,4153424
2024-05-24,67.6475,68.23875,67.46,68.15375,2294312
2024-05-28,68.71,68.977438,68.306263,68.74,2983392
2024-05-29,68.14125,68.72625,68.025,68.5,2501320
2024-05-30,67.915,67.982213,66.60875,66.885,4379576
2024-05-31,67.1325,67.1325,65.33125,66.82625,4367680
2024-06-03,67.49625,67.5,66.27625,67.1775,3091568
2024-06-04,67.125,67.338125,66.72375,67.21875,2493992
2024-06-05,67.87375,68.986875,67.72815,68.93125,3935128
2024-06-06,69.1275,69.2475,68.493475,68.73625,3063512
2024-06-07,68.625,68.96125,68.34,68.73125,2337360
2024-06-10,68.44125,69.17115,68.374375,68.96875,2583544
2024-06-11,68.83,69.93625,68.726875,69.93625,3842128
2024-06-12,70.77375,72.16875,70.69575,71.44,3524456
2024-06-13,72.37375,72.51875,71.66375,72.14625,3266888
2024-06-14,72.055,72.46875,71.88625,72.42625,3114736
2024-06-17,72.6125,73.58375,72.3025,73.30875,3342592
2024-06-18,73.37625,73.773125,73.21125,73.6025,3729656
2024-06-20,74.1,74.1375,72.27625,72.59375,4934296
2024-06-21,72.3825,72.76875,71.71625,72.2175,3866384
2024-06-24,71.8175,71.99875,70.8675,70.8925,4210072
2024-06-25,71.29,71.92625,71.05375,71.9075,2479848
2024-06-26,71.89375,72.243125,71.603125,72.05125,4519512
2024-06-27,72.03125,72.465625,71.9525,72.0997,3979552
2024-06-28,72.5375,73.263788,72.0,72.07375,3043552
2024-07-01,72.25375,72.88625,71.365,72.78125,4726520
2024-07-02,72.36625,73.265,72.31375,73.265,2935032
2024-07-03,73.2,74.12625,73.181263,74.11125,3024376
2024-07-05,74.18125,74.68,73.9958,74.48875,4102976
2024-07-08,74.7475,75.065,74.5625,74.98875,3916656
2024-07-09,75.28625,75.381238,74.466763,74.82875,3111736
2024-07-10,75.2725,75.89125,74.99125,75.85625,3171480
2024-07-11,76.0675,76.0675,74.0681,74.395,5795240
2024-07-12,74.56875,75.751875,74.375,75.0875,5523816
2024-07-15,75.6875,76.14375,75.09875,75.4725,4792416
2024-07-16,75.72,75.796875,74.91,75.56375,3374168
2024-07-17,73.875,74.0075,72.745,72.84125,6105752
2024-07-18,73.41625,73.485625,71.7375,72.4625,9515088
2024-07-19,72.26375,72.595,71.4475,71.6025,3269168
2024-07-22,72.46625,73.065,72.06625,73.02875,3532616
2024-07-23,72.81,73.48375,72.66125,72.89375,3251400
2024-07-24,72.06125,72.25,69.8175,70.0325,5790096
2024-07-25,69.93875,71.02875,68.4075,69.37375,5315656
2024-07-26,70.37875,70.739513,69.7925,70.195,3784432
2024-07-29,70.745,71.00125,69.739375,69.93625,3352712
2024-07-30,70.21125,70.3475,68.02625,68.60125,3631000
2024-07-31,70.4525,71.35625,70.00125,71.00125,3399096
2024-08-01,70.9275,71.5525,67.87125,68.435,5325904
2024-08-02,66.87,67.3775,65.906475,66.75625,6441520
2024-08-05,61.88375,65.63125,61.765,64.42,11225864
2024-08-06,64.9725,66.259825,64.1625,65.06,5971280
2024-08-07,66.3175,66.9025,64.19875,64.30375,5259952
2024-08-08,65.50125,66.67875,64.505313,66.53125,3279720
2024-08-09,66.39625,67.20325,66.11,66.955,3382168
2024-08-12,67.1325,67.84625,66.8125,67.3025,3023752
2024-08-13,67.98125,69.265,67.98125,69.2475,4966968
2024-08-14,69.63375,69.8925,68.74,69.5525,3368864
2024-08-15,70.44375,71.48625,70.375,71.42375,3486808
2024-08-16,71.1575,71.745,70.909613,71.58875,3007184
2024-08-19,71.5,72.58625,71.10625,72.58625,4010296
2024-08-20,72.4525,72.79875,71.96375,72.34375,3182808
2024-08-21,72.36125,72.99205,72.1975,72.755,2658904
2024-08-22,73.13,73.27125,71.16375,71.2325,4973392
2024-08-23,71.95625,72.764375,71.68625,72.50125,3362888
2024-08-26,72.54375,72.7,71.43,71.815,2830224
2024-08-27,71.3125,72.26625,71.019375,72.15,2420632
2024-08-28,72.045,72.16625,70.65875,71.19875,2856944
2024-08-29,71.4,72.375,70.85375,71.00875,3172256
2024-08-30,71.6325,71.949013,70.9351,71.74625,2257048
2024-09-03,71.14375,71.14375,68.20125,68.58625,4990544
2024-09-04,67.9,68.9925,67.6125,68.43875,3815168
2024-09-05,68.00625,69.07375,67.89375,68.28625,2816616
2024-09-06,68.33625,68.45625,66.35875,66.64625,5536872
2024-09-09,67.30625,67.654375,66.73625,67.54625,2603560
2024-09-10,67.765,68.29125,67.175,68.23125,4584912
2024-09-11,68.46,70.29375,67.4225,70.1975,3864512
2024-09-12,70.1975,71.025,69.64375,70.7375,3342760
2024-09-13,70.89375,71.37125,70.68,71.155,2505232
2024-09-16,70.515,70.9225,70.11625,70.7375,2273008
2024-09-17,71.26,71.375,70.30625,70.70125,2006024
2024-09-18,70.905,71.62375,70.28625,70.375,3575816
2024-09-19,72.245,72.88,71.99125,72.45625,4103336
2024-09-20,72.2925,72.592063,71.70625,72.2025,2511584
2024-09-23,72.3,72.3375,71.9875,72.1775,3055952
2024-09-24,72.48875,72.845,71.68875,72.82875,2599488
2024-09-25,72.58875,73.24625,72.58875,72.8775,2404080
2024-09-26,74.20875,74.281238,73.011875,73.666613,3957504
2024-09-27,73.83375,73.83375,72.73375,73.12,2637976
2024-09-30,72.785,73.35625,72.4375,73.315,4310008
2024-10-01,73.125,73.125,71.030625,71.4725,4869344
2024-10-02,71.43375,72.268588,71.004263,71.9225,2305008
2024-10-03,71.72875,72.75125,71.695,72.205,2632912
2024-10-04,73.24125,73.24125,72.281875,73.13,2840488
2024-10-07,72.78,73.28,72.4825,72.605,2870512
2024-10-08,73.08375,74.03875,72.975,73.92875,2663648
2024-10-09,73.9525,74.82375,73.82125,74.75625,3749864
2024-10-10,74.2475,74.95,74.026875,74.82375,4061904
2024-10-11,74.63625,75.20765,74.59375,75.055,2567112
2024-10-14,75.545,76.17875,75.52,75.985,3144800
2024-10-15,76.10625,76.2575,74.341438,74.615,3642920
2024-10-16,74.885,75.0075,74.055,74.89125,2239144
2024-10-17,75.9025,75.993125,75.155,75.18625,3032584
2024-10-18,75.70125,75.70125,75.3225,75.445,2438656
2024-10-21,75.22875,75.875,75.105,75.86625,2782960
2024-10-22,75.50625,76.047488,75.260763,75.81375,3076744
2024-10-23,75.5,75.61,73.955,74.63625,3583424
2024-10-24,74.94875,75.06125,74.414488,74.89,2189896
2024-10-25,75.23875,76.0725,75.12,75.245,3286496
2024-10-28,75.795,75.795,75.35875,75.39875,2640848
2024-10-29,75.5,76.50625,75.19,76.29,3361768
2024-10-30,75.78125,76.004788,75.2075,75.29,3105280
2024-10-31,74.47,74.47,72.75,72.7875,5942720
2024-11-01,72.92,73.875,72.875,73.30875,3330496
2024-11-04,73.3625,73.79875,72.9175,73.2375,2911144
2024-11-05,73.41875,74.3325,73.41875,74.29875,2515184
2024-11-06,75.87,76.77,75.670875,76.62625,5134568
2024-11-07,77.23125,78.21625,77.1875,78.19625,4263896
2024-11-08,78.16625,78.30625,77.7642,78.05875,3448864
2024-11-11,78.23625,78.23625,77.27375,77.74,3454624
2024-11-12,77.74875,78.01375,77.272513,77.87625,3240432
2024-11-13,77.75,78.20375,77.40125,77.5625,5676520
2024-11-14,77.66125,77.83,77.085,77.2475,2888224
2024-11-15,76.4575,76.4575,75.03875,75.36875,4914696
2024-11-18,75.36875,75.906875,74.9875,75.59,3442704
2024-11-19,75.2025,76.555,75.125,76.52125,3313880
2024-11-20,76.62,76.621875,75.5325,76.6025,3032008
2024-11-21,77.445,77.9075,76.1875,77.41,3705720
2024-11-22,77.36375,77.755,77.127013,77.6975,4297808
2024-11-25,78.3075,78.445663,77.375,77.66125,5584384
2024-11-26,77.9575,78.27625,77.645625,77.89625,2853288
2024-11-27,77.60125,77.60125,76.3125,77.095,3337544
2024-11-29,77.3125,77.98125,77.2325,77.78125,1688984
2024-12-02,77.9425,78.834138,77.89,78.54625,3458160
2024-12-03,78.3375,78.97625,78.125,78.95375,2441856
2024-12-04,79.9675,80.57375,79.81625,80.55375,3933912
2024-12-05,80.575,80.59875,80.075,80.15125,3453176
2024-12-06,80.37375,80.81125,80.29375,80.5675,2702216
2024-12-09,80.335,80.5125,79.77125,79.96625,5320360
2024-12-10,79.8275,79.99375,78.55,78.81875,4460744
2024-12-11,79.5475,80.2675,79.193763,80.025,3645616
2024-12-12,79.59625,79.99275,79.36375,79.6775,2456536
2024-12-13,80.54375,80.775,79.4375,80.05375,2840936
2024-12-16,80.21125,81.0825,80.0275,80.99625,3427776
2024-12-17,80.43625,80.72415,79.944375,80.400425,3438968
2024-12-18,80.7,80.94125,77.39125,77.6575,8525752
2024-12-19,78.52375,78.717625,77.6225,77.72375,6934136
2024-12-20,77.17125,79.549988,76.98875,78.95125,5290088
2024-12-23,79.26125,79.69375,78.69,79.68125,3564808
2024-12-24,79.97375,80.55625,79.865,80.55625,3483888
2024-12-26,80.32625,80.905,79.98,80.69625,3672288
2024-12-27,80.23625,80.23625,78.65875,79.4375,4841904
2024-12-30,78.27125,79.105,77.752575,78.44625,3900392
2024-12-31,78.6875,78.705,77.48,77.725,5553080
2025-01-02,78.375,78.650575,76.9125,77.6675,7617800
2025-01-03,78.1325,79.161988,78.068788,79.1125,3757856
2025-01-06,80.125,80.97375,79.915,80.1975,5167480
2025-01-07,80.7175,80.72875,78.1375,78.43375,5126504
2025-01-08,78.59875,78.59875,77.4875,78.35,3907736
2025-01-10,77.64625,77.64625,76.145,76.68,6786040
2025-01-13,75.3825,76.10375,75.0811,76.0525,6135456
2025-01-14,76.735,76.95875,75.665625,76.23375,3346120
2025-01-15,77.45125,78.1278,77.15,77.92375,5859136
2025-01-16,78.60375,78.6075,77.246875,77.27,3018440
2025-01-17,78.76,78.7925,78.06125,78.43375,3730960
2025-01-21,78.7425,79.25,78.0275,79.075,4209496
2025-01-22,80.0,80.8,79.92125,80.65875,6322616
2025-01-23,80.085,80.7925,79.9087,80.7925,3654936
2025-01-24,81.095,81.095,79.79625,80.01625,3362232
2025-01-27,76.33125,77.11375,75.153763,75.8475,12632200
2025-01-28,76.405,78.328138,75.599275,78.21375,4975488
2025-01-29,77.915,77.915,76.67375,77.48,4616000
2025-01-30,77.32875,77.85625,76.670013,77.4875,4323216
2025-01-31,78.3125,78.78375,76.845,77.07625,5219240
2025-02-03,75.18875,76.41625,74.766875,75.98125,7942160
2025-02-04,76.125,77.0775,76.0325,77.0,3393576
2025-02-05,77.09875,78.12625,76.9375,78.08625,5762944
2025-02-06,78.18125,78.54375,77.821875,78.37875,2664824
2025-02-07,78.6325,79.0,77.3475,77.63125,3815480
2025-02-10,78.18125,78.8625,78.18125,78.6075,3560680
2025-02-11,78.17,78.937938,78.14375,78.505,2774808
2025-02-12,77.49375,78.445,77.320625,78.4025,3888336
2025-02-13,78.63875,79.645,78.55,79.61875,3340200
2025-02-14,79.5,80.028125,79.375,79.98375,2727480
2025-02-18,80.3675,80.595,79.97375,80.5125,3443360
2025-02-19,80.48125,80.78375,79.84455,80.4575,2620464
2025-02-20,80.5,80.5,79.2625,80.18875,3354392
2025-02-21,80.3475,80.3475,77.985,78.0175,4850944
2025-02-24,78.27375,78.535,76.665013,76.88,4652952
2025-02-25,76.72875,76.7375,75.1375,75.74375,6431728
2025-02-26,76.31625,77.1225,75.79305,76.30875,4005784
2025-02-27,77.005,77.005,73.59375,73.62125,7045272
2025-02-28,73.2775,74.81,72.66125,74.81,7009168
2025-03-03,75.11625,75.24875,71.750625,72.295,7939152
2025-03-04,71.51,73.5825,70.72,72.275,9321560
2025-03-05,72.45,73.52125,71.5275,73.365,5185488
2025-03-06,71.78625,72.875,70.78445,71.1075,6288968
2025-03-07,71.10125,72.12725,70.015,71.98375,6770368
2025-03-10,70.48875,70.51,67.99125,68.75875,11074032
2025-03-11,68.49625,69.73875,67.8025,68.54625,7836592
2025-03-12,69.81,70.2825,68.75,69.5575,6599608
2025-03-13,69.45875,69.54375,68.0,68.305,6985880
2025-03-14,69.2025,70.481263,69.2025,70.37625,5037456
2025-03-17,70.34625,71.349375,70.11875,70.79375,3985024
2025-03-18,70.2925,70.435,69.479375,69.78875,4284344
2025-03-19,70.125,71.55375,69.875,70.735,4726544
2025-03-20,70.09,71.125,69.92545,70.33875,4428232
2025-03-21,69.4725,70.63625,69.204375,70.57625,3028240
2025-03-24,71.71125,72.155,71.585,71.832575,4049624
2025-03-25,71.93125,72.25,71.8,72.135,2626624
2025-03-26,71.8975,71.9925,70.1025,70.4,4110792
2025-03-27,69.98375,70.25,69.2875,69.655,3713264
2025-03-28,69.32,69.55125,67.6425,67.905,6382064
2025-03-31,66.59875,67.895,65.8625,67.7975,7152824
2025-04-01,67.5,68.44375,66.968125,68.3675,3973600
2025-04-02,67.38125,69.529113,67.3625,68.93,3593408
2025-04-03,65.44,65.737488,63.8225,63.9375,14137400
2025-04-04,61.7825,62.249988,59.53875,59.825,22274496
2025-04-07,57.18375,62.917488,56.375,59.995,21929224
2025-04-08,62.44875,63.1875,57.69,58.79625,12530016
2025-04-09,58.83875,67.23625,58.813763,66.7225,16810552
2025-04-10,64.5075,64.95375,61.5325,63.72125,9768480
2025-04-11,63.36,65.2625,62.904375,65.0175,5773272
2025-04-14,67.06125,67.18375,64.83375,65.47625,6410744
2025-04-15,65.56125,66.23625,65.41625,65.72375,5141216
2025-04-16,63.97125,64.6285,62.341875,63.46875,6375808
2025-04-17,63.88,63.88,62.795,63.19125,4118312
2025-04-21,62.1775,62.25875,60.6075,61.46875,6149744
2025-04-22,62.2875,63.385563,62.006675,62.98125,5443880
2025-04-23,65.49875,66.21375,64.653688,64.86,5252288
2025-04-24,65.44125,67.3725,65.377063,67.29875,4780952
2025-04-25,67.14375,68.48375,67.053125,68.31875,4045664
2025-04-28,68.2825,68.59,67.197513,68.18875,3425240
2025-04-29,67.935,68.84035,67.836825,68.51875,2861824
2025-04-30,67.18875,68.89375,66.650013,68.68125,3406312
2025-05-01,70.34375,71.03125,69.85375,69.89375,4720912
2025-05-02,70.64625,71.2734,70.380913,70.9425,4379616
2025-05-05,70.32875,71.0,70.280625,70.4625,4140136
2025-05-06,69.44375,70.4625,69.23375,69.86625,3521104
2025-05-07,70.01,70.89375,69.375,70.56375,3142816
2025-05-08,71.42,72.091875,70.7775,71.3975,5878240
2025-05-09,71.84,71.945,71.0,71.4,4076704
2025-05-12,74.5225,74.8125,73.75,74.77375,6219176
2025-05-13,75.08125,76.655,75.0,76.43625,7194024
2025-05-14,76.77125,77.245,76.5025,76.97875,5817600
2025-05-15,76.565,77.335988,76.27625,76.94375,8249568
2025-05-16,77.12125,77.12125,76.4025,77.08875,3166296
2025-05-19,75.8975,77.04625,75.875,76.885,4615984
2025-05-20,76.3875,76.643125,76.048125,76.615,2766200
2025-05-21,75.9025,76.93875,74.80275,75.1475,4540728
2025-05-22,75.15875,75.90125,75.06,75.27375,2884488
2025-05-23,73.83875,74.85375,73.76,74.38625,4304816
2025-05-27,75.61875,76.3225,75.35375,76.21375,4449376
2025-05-28,76.30625,76.5575,75.7875,75.86875,3218696
2025-05-29,77.26625,77.26625,75.78875,76.14125,3829064
2025-05-30,75.96125,76.05125,74.6525,75.79625,3512392
2025-06-02,75.625,76.5075,75.50875,76.485,3539264
2025-06-03,76.56875,77.746163,76.53125,77.70375,3754112
2025-06-04,77.84125,78.15625,77.56375,77.91375,3828088
2025-06-05,78.1575,78.811375,77.2875,77.565,4518376
2025-06-06,78.325,78.71875,78.179275,78.3025,3384128
2025-06-09,78.69625,79.17375,78.5575,78.6425,4663464
2025-06-10,78.69125,79.045588,78.30875,78.97125,4256128
2025-06-11,79.12625,79.43,78.335,78.65875,3296456
2025-06-12,78.54875,79.40875,78.54875,79.22375,2781664
2025-06-13,78.27875,78.807488,77.667675,77.91125,4944848
2025-06-16,78.4925,79.4475,78.4925,79.23125,4099400
2025-06-17,78.83625,79.331875,78.52625,78.64875,3065248
2025-06-18,78.88,79.321875,78.45875,78.89875,3743608
2025-06-20,79.29125,79.44125,78.17125,78.56,3081112
2025-06-23,78.455,79.4525,77.9915,79.39375,5113816
2025-06-24,80.15,80.925,80.145013,80.8225,3946960
2025-06-25,81.22625,81.6525,81.1875,81.41465,7575904
2025-06-26,81.82875,82.18125,81.41625,82.11625,3713872
2025-06-27,82.35,82.625,81.593588,82.0675,4291432
2025-06-30,82.74375,83.095,82.34,82.91,4687064
2025-07-01,82.6075,82.812375,81.46875,82.055,3962432
2025-07-02,81.93375,83.125,81.87875,83.09625,3568456
2025-07-03,83.49375,84.475,83.39875,84.2525,2817704
2025-07-07,83.87875,84.0875,83.10625,83.51,4606024
2025-07-08,83.815,84.07375,83.591875,83.90375,2596432
2025-07-09,84.26125,84.809375,83.87125,84.60625,3379048
2025-07-10,84.81875,84.873738,83.82625,84.3225,3234528
2025-07-11,83.88125,84.392125,83.75,83.79125,2881856
2025-07-14,83.64,84.02125,83.000013,83.795,3090280
2025-07-15,84.835,85.02,84.50125,84.50625,3740704
2025-07-16,84.63125,84.935625,83.596875,84.88125,3271640
2025-07-17,85.0325,85.948813,84.920625,85.74,3196936
2025-07-18,86.14125,86.14125,85.444275,85.69125,3084312
2025-07-21,85.82375,86.454375,85.73,85.81125,3498232
2025-07-22,85.79125,85.79625,84.266638,84.97375,3466760
2025-07-23,85.34875,85.64875,84.793125,85.64875,2813048
2025-07-24,85.85625,86.08875,85.395013,85.89125,3299784
2025-07-25,85.9575,86.309725,85.75,86.08625,2244296
2025-07-28,86.46875,86.7725,86.22335,86.7675,3268472
2025-07-29,87.31875,87.743175,86.426538,86.61625,3550200
2025-07-30,86.87375,87.19875,86.235,86.80625,3504792
2025-07-31,88.1575,88.1575,85.9875,86.30875,3914512
2025-08-01,85.395,85.405625,83.88875,84.3,6751752
2025-08-04,85.12375,86.21625,85.12375,86.21625,4146648
2025-08-05,86.44625,86.53,85.195,85.44375,5394016
2025-08-06,85.64125,86.565,85.57625,86.48125,3959040
2025-08-07,87.49875,87.584375,85.8125,86.65,4223592
2025-08-08,86.97375,87.562488,86.688825,87.41875,3647008
2025-08-11,87.3475,87.79,86.6525,86.9075,3946792
2025-08-12,87.31875,88.27125,86.776838,88.25875,6050712
2025-08-13,88.75625,88.85975,88.0,88.41125,3824544
2025-08-14,87.8,88.345,87.57125,88.05875,3273008
2025-08-15,88.00625,88.00625,87.161138,87.50625,3078920
2025-08-18,87.465,87.814063,87.38125,87.76,2436440
2025-08-19,87.75,87.75,85.92,86.10125,4686696
2025-08-20,85.87375,85.9819,84.11,85.48625,4896336
2025-08-21,85.185,85.66355,84.83,85.26,5334168
2025-08-22,85.1825,87.246925,84.931263,86.77125,4592208
2025-08-25,86.61625,87.12625,86.31625,86.56,4037976
2025-08-26,86.625,87.1175,86.4772,87.00375,3585472
2025-08-27,87.11125,87.728125,86.812888,87.615,2866424
2025-08-28,87.855,88.6825,87.46375,88.48375,3871872
2025-08-29,88.1175,88.1175,86.8125,87.1275,4680848
2025-09-02,85.45125,86.25125,85.012513,86.22625,4950992
2025-09-03,86.64125,86.86125,85.98875,86.6125,3955472
2025-09-04,86.5375,87.21625,86.037963,87.1925,2381080
2025-09-05,87.995,88.0,86.3975,87.34875,2835000
2025-09-08,87.8225,88.305,87.8225,88.115,2410992
2025-09-09,88.25,88.32375,87.5625,88.21875,2799016
2025-09-10,89.6425,89.918175,88.94375,89.36625,3750808
2025-09-11,89.94125,90.11,89.578313,89.84625,3552048
2025-09-12,90.025,90.1815,89.75,89.94625,3714656
2025-09-15,90.10625,90.82875,89.994938,90.82875,3265456
2025-09-16,90.985,90.985,90.363125,90.52125,3315072
2025-09-17,90.43875,90.545925,89.23,90.1875,3436480
2025-09-18,91.31375,92.0225,90.947838,91.78875,4126872
2025-09-19,92.185,92.725,91.79845,92.64625,2749112
2025-09-22,92.49375,94.19875,92.3752,94.14375,5513344
2025-09-23,94.04375,94.187488,92.8625,93.068925,5918240
2025-09-24,93.36,93.36,91.820425,92.3825,3327696
2025-09-25,91.40375,92.34,90.782513,92.10375,3681056
2025-09-26,92.20625,92.41125,91.465,92.3375,3423584
2025-09-29,93.01125,93.434988,92.71875,92.895,4015520
2025-09-30,92.885,93.385,92.6,93.32875,3553072
2025-10-01,92.90125,94.10875,92.8325,94.065,3445656
2025-10-02,95.0025,95.0625,94.25055,94.74875,3612944
2025-10-03,94.855,95.35375,94.05375,94.45875,3510920
2025-10-06,95.455625,95.77375,95.085,95.2725,4390576
2025-10-07,95.76125,95.86,93.84,94.39875,4089248
2025-10-08,94.6425,96.010988,94.6425,96.0025,3750600
2025-10-09,96.0375,96.2,95.438875,95.955,3929824
2025-10-10,96.265,96.447863,91.988125,92.04125,9367672
2025-10-13,94.22375,94.673125,93.588338,94.43625,4733320
2025-10-14,93.11875,94.086875,92.062513,93.23,5322592
2025-10-15,94.57,94.8375,92.846263,94.09625,3563904
2025-10-16,94.6275,94.925,93.157513,93.79375,3780704
2025-10-17,93.1575,94.228375,92.67125,94.02,3244800
2025-10-20,94.61,95.589375,94.54375,95.2725,3604664
2025-10-21,95.1875,95.56,94.71125,95.17625,2721560
2025-10-22,95.0575,95.2825,92.85125,94.05125,4139952
2025-10-23,94.0475,95.46,94.008763,95.2825,2950632
2025-10-24,96.41375,97.05,96.31,96.7675,5260704
2025-10-27,98.145,98.54375,97.9525,98.50125,4771720
2025-10-28,99.0825,99.891475,98.695,99.5175,4771888
2025-10-29,100.42,100.87375,99.49625,100.19,5081800
2025-10-30,99.50875,99.951875,98.823875,98.86875,3943328
2025-10-31,100.0625,100.065,98.57125,99.15125,3932704
2025-11-03,100.17625,100.28125,99.0,99.49375,4188816
2025-11-04,97.7015,98.339988,96.665,96.80625,5288176
2025-11-05,96.7825,98.0475,96.583763,97.2075,4642048
2025-11-06,97.258125,97.336663,94.826263,95.3,5976992
2025-11-07,94.38875,95.17125,92.825,95.17125,8814544
2025-11-10,96.95875,97.7375,96.32,97.54625,4790312
2025-11-11,96.8875,97.025,96.011263,96.6625,3946136
2025-11-12,97.40625,97.40625,96.23,96.77125,2886632
2025-11-13,96.25,96.25,93.56375,94.045,5619520
2025-11-14,92.283125,95.375,91.94375,94.5325,6139496
2025-11-17,93.58875,94.581788,92.20625,92.9625,4692824
2025-11-18,92.17625,92.567513,90.6925,91.57375,5809752
2025-11-19,91.695,93.283738,91.375,92.19625,4179688
2025-11-20,94.44,94.75,89.225625,89.4625,9250680
2025-11-21,89.5625,91.06125,87.87,89.86125,8729760
2025-11-24,90.510625,92.311238,90.41125,92.11875,5136360
2025-11-25,91.25,92.60875,89.975,92.40125,4708968
2025-11-26,93.28375,93.812488,92.679375,93.36625,2914840
2025-11-28,93.59875,94.03625,93.32625,94.025,1737688
2025-12-01,93.11375,94.314375,92.79375,93.98625,3324816
2025-12-02,94.645,95.610888,94.386138,94.96375,5298888
2025-12-03,94.53625,95.233738,94.03875,95.14,3022888
2025-12-04,95.2825,95.75,94.853125,95.58125,3091232
2025-12-05,95.92625,96.52125,95.5625,95.99625,2866400
2025-12-08,96.52,97.21875,96.3225,96.835,3098296
2025-12-09,96.625,97.26375,96.405013,97.045,2296400
2025-12-10,96.845,97.705,96.25,97.395,3363008
2025-12-11,96.45625,97.099063,95.205013,97.0425,4366104
2025-12-12,96.43625,96.505625,94.0075,94.24125,5752104
2025-12-15,94.86375,95.025,93.027388,93.18875,3850120
2025-12-16,92.875,93.57875,92.56875,93.240375,3084448
2025-12-17,93.41375,93.428125,91.2725,91.3025,4332080
2025-12-18,93.01875,93.24015,92.12525,92.5775,3403144
2025-12-19,93.28125,94.51125,93.244925,94.4425,4752440
2025-12-22,95.58875,95.589375,94.816875,95.0975,3510160
2025-12-23,94.76,95.635,94.5625,95.62875,2706760
2025-12-24,95.48,95.899988,95.4225,95.79,1401608
2025-12-26,95.96875,96.16245,95.68625,95.89625,2635688
2025-12-29,95.17125,95.77,94.9475,95.3875,8392080
2025-12-30,95.3875,95.68,95.11125,95.11125,2807016
2025-12-31,95.28375,95.395,94.17375,94.2225,3168448
2026-01-02,95.24,95.88625,93.915013,94.4975,4808608
2026-01-05,95.555,95.75,94.427513,94.6775,5078240
2026-01-06,95.105,95.869988,94.6375,95.81125,4504336
2026-01-07,95.725,96.26,95.43375,95.7625,4481824
2026-01-08,95.34,95.34,93.78125,94.35125,4573216
2026-01-09,94.4225,95.51,93.9975,95.245,4109832
2026-01-12,94.625,96.02,94.50625,95.68875,4642392
2026-01-13,95.69,96.14625,95.1243,95.55125,4013968
2026-01-14,95.0025,95.18625,93.58625,94.41,5286168
2026-01-15,95.82125,96.123738,94.79875,94.91875,5040024
2026-01-16,95.57,95.6925,94.62125,94.86875,3213296
2026-01-20,93.125,93.8125,92.18875,92.33625,7499080
2026-01-21,92.92125,94.3225,92.25,93.575,5095448
2026-01-22,94.7425,94.815,93.841875,94.28125,3702656
2026-01-23,94.195,94.8225,93.6675,94.37375,3481280
2026-01-26,94.51125,95.42125,94.29125,95.05375,3166400
2026-01-27,95.800625,96.5375,95.56,96.2375,3556480
2026-01-28,97.01125,97.29375,96.4375,96.8975,3789208
2026-01-29,95.86125,95.883125,92.8125,95.1,6393864
2026-01-30,94.5825,95.06,92.9125,93.49,4362904
2026-02-02,93.0725,94.788125,93.04875,94.13125,4427192
2026-02-03,94.43,94.47625,90.7725,92.055,7667280
2026-02-04,91.6525,91.90125,88.870625,90.21875,8434392
2026-02-05,89.57375,90.42,88.213125,88.56625,6142840
2026-02-06,90.16625,92.73625,89.922238,92.4425,5075656
2026-02-09,92.165,94.318738,91.79375,93.93375,4159024
2026-02-10,94.35625,94.493775,93.470625,93.53125,3084896
2026-02-11,94.815,94.894375,92.655,93.5975,2903280
2026-02-12,94.0625,94.2375,91.0525,91.205,5183712
2026-02-13,91.6825,92.28375,90.3375,91.35,3519904
2026-02-17,90.77875,92.047488,89.7325,91.385,3371192
2026-02-18,91.7375,93.0,91.29125,92.23,2917280
2026-02-19,91.72,92.0875,91.2375,91.83125,2650520
2026-02-20,91.215,92.94375,91.068763,92.2,3047496
2026-02-23,91.895,92.135,90.479375,90.85625,3569651
2026-02-24,91.17625,92.5525,90.7625,92.1625,2796948
2026-02-25,92.836875,94.165,92.75,93.9075,3939389
2026-02-26,93.99875,93.99875,91.555638,92.52375,3160724
2026-02-27,90.835,91.56625,90.422088,90.8375,4237331
2026-03-02,89.59375,91.9975,89.5,91.73625,3877924
2026-03-03,89.56625,91.0,88.767788,90.46,10904410
2026-03-04,91.005,92.1334,90.69375,91.64125,2790353
2026-03-05,91.16125,92.402488,90.3275,91.65875,3611202
2026-03-06,90.275,91.45625,89.50625,89.87875,3296592
2026-03-09,88.8575,91.75,88.65375,91.48375,4331355
2026-03-10,91.45875,92.529,90.94875,91.49875,4539535
2026-03-11,92.04625,92.5625,91.25,91.88,2370744
2026-03-12,91.20375,91.375,89.98875,90.0825,3788356
2026-03-13,90.585,91.32375,89.1375,89.305,3292138
2026-03-16,90.511875,91.5175,90.43015,90.61875,3323354
2026-03-17,90.92,91.50125,90.555,90.925,2542813
2026-03-18,90.77625,91.2975,89.975,89.98125,2521523
2026-03-19,88.84,90.70625,88.48875,90.215,3402335
2026-03-20,89.9475,89.9475,87.54,88.14125,5389853
2026-03-23,89.78125,90.796538,89.052513,89.459525,4144697
2026-03-24,88.7775,89.5175,88.225,88.9875,2956480
2026-03-25,89.875,90.325,89.276875,89.5575,2543925
2026-03-26,88.5275,88.93125,86.96375,87.005,5991634
2026-03-27,86.42,86.56125,84.89625,85.125,10060459
2026-03-30,85.9375,86.125,83.090313,83.5875,7485593
2026-03-31,84.6325,87.393738,84.5675,87.215,5690711
2026-04-01,88.085,89.050913,87.824688,88.33125,4288175
2026-04-02,86.399375,89.125,86.09875,89.08125,3590071
2026-04-06,89.275625,89.83125,88.9375,89.5275,2979314
2026-04-07,89.06,89.835,87.70125,89.80625,4506807
2026-04-08,93.39125,93.6925,91.83125,92.3875,5088476
2026-04-09,92.375,92.56875,91.5,92.51875,3213134
2026-04-10,92.83125,93.481875,92.50125,92.91,3282032
2026-04-13,92.58625,94.84875,92.5325,94.7825,3631417
2026-04-14,95.625,96.26125,95.25,96.255,5971403
2026-04-15,96.5,98.0875,96.49125,98.0025,5603293
2026-04-16,98.475,99.089775,97.579375,98.9925,4996678
2026-04-17,100.26875,100.9375,100.0,100.6975,6283093
2026-04-20,100.52375,101.165,99.99125,101.14125,5049988
2026-04-21,101.57,102.17,100.65,101.02,3932768
2026-04-22,102.05,103.05,101.55,103.03,3867798
2026-04-23,102.21,102.76,100.25,101.57,4806574
2026-04-24,102.95,104.27,102.3101,104.16,4139060
2026-04-27,103.86,104.33,103.04,104.32,4182980
2026-04-28,102.165,103.17,101.58,102.67,3531923
2026-04-29,103.0,103.13,102.26,103.13,3541105
2026-04-30,103.395,103.6025,101.5753,103.18,4354092
2026-05-01,104.1,105.12,103.98,104.85,3780452
2026-05-04,105.255,105.59,104.11,104.95,3673295
2026-05-05,105.89,107.07,105.63,106.81,4915905
2026-05-06,108.005,109.62,107.45,109.56,4629321
2026-05-07,110.0,110.9688,108.99,109.5,4368471
2026-05-08,110.58,112.48,110.34,112.44,3946989
2026-05-11,112.41,114.0298,112.32,113.72,4822098
2026-05-12,112.88,113.355,110.0,112.3,5205262
2026-05-13,113.41,114.02,111.75,113.45,4045081
2026-05-14,114.0,115.62,113.63,115.19,5493872
2026-05-15,113.35,114.89,112.18,113.31,5467354
2026-05-18,114.135,114.2,110.65,112.13,6326065
2026-05-19,111.24,112.57,110.2,111.52,4918911
2026-05-20,112.33,113.97,111.81,113.83,4997012
2026-05-21,113.43,114.8999,113.12,114.49,3680537
2026-05-22,115.51,116.5,115.14,115.75,3715972
2026-05-26,117.3,118.62,116.88,118.05,5046927
2026-05-27,118.49,118.7,116.35,117.38,4810511
2026-05-28,117.69,119.3,117.18,118.95,4002796
2026-05-29,120.17,121.5,120.03,121.06,4929307
2026-06-01,121.85,124.6,121.67,124.19,7885216
2026-06-02,124.63,125.82,124.38,125.77,6358720
2026-06-03,125.86,126.0,123.34,123.91,6850813
2026-06-04,121.73,123.7199,120.66,122.82,6066308
2026-06-05,120.39,120.74,114.94,115.28,10674307
2026-06-08,117.87,118.88,116.8,117.25,5799942
2026-06-09,118.08,118.76,110.35,114.99,9603226
2026-06-10,113.45,115.7584,112.18,112.34,5681874
2026-06-11,113.09,116.26,112.19,116.07,4623905
2026-06-12,116.18,117.49,114.96,116.74,5215255
2026-06-15,119.98,120.98,119.64,120.73,4625830
2026-06-16,120.37,120.92,117.73,117.81,4435146
2026-06-17,119.04,119.42,116.6599,116.93,4509774
2026-06-18,119.5,120.4,118.651,120.04,3666916
2026-06-22,120.99,121.99,119.86,120.51,4507464
2026-06-23,116.355,117.91,115.7723,115.9316,5478101
2026-06-24,116.03,116.84,113.85,115.13,5132986
2026-06-25,117.89,118.07,113.22,115.47,7035931
2026-06-26,113.575,115.0,112.8,113.86,4670079
2026-06-29,115.27,116.58,112.58,116.5,4459981
2026-06-30,116.73,119.771,116.465,119.52,3780543
2026-07-01,117.81,118.44,116.95,117.22,3097306
2026-07-02,117.055,118.48,113.62,114.64,5274065
2026-07-06,115.68,117.56,115.33,116.37,5107468
2026-07-07,114.325,115.09,112.5,114.06,5406574
2026-07-08,113.02,115.625,112.81,115.47,4923091
2026-07-09,117.02,118.2659,116.35,117.71,3155692
2026-07-10,117.05,118.28,116.43,118.08,3830915
2026-07-13,116.84,117.13,115.13,115.58,6228581
2026-07-14,116.89,117.55,115.57,117.11,4868599
2026-07-15,118.0,118.15,114.475,116.5,5357101
2026-07-16,115.03,115.36,113.59,114.24,6021325
2026-07-17,111.505,114.4544,110.7,113.1,5347752
2026-07-20,114.27,114.87,113.13,113.23,2803548
2026-07-21,115.15,116.14,114.51,116.01,3253529
2026-07-22,114.86,116.3286,114.7032,115.62,3376476
2026-07-23,114.84,115.63,113.555,114.39,3032455
2026-07-24,114.175,115.1,112.79,113.3,2869076
2026-07-27,114.53,114.64,110.995,112.42,3990166
2026-07-28,110.895,111.53,108.75,110.87,4917153
2026-07-29,110.935,111.75,108.1,108.2,5035462
2026-07-30,111.4,113.81,111.37,113.58,4379333
2026-07-31,113.97,114.7,111.33,113.15,5464755
2026-08-03,112.51,115.74,112.13,115.14,3909934
2026-08-04,117.35,120.64,117.11,120.15,5686998
2026-08-05,120.44,121.25,119.62,119.72,3790836
2026-08-06,118.3,120.5338,117.821,119.6,3606101
2026-08-07,121.415,121.85,120.19,121.45,3138428
2026-08-10,121.385,121.75,120.18,120.25,5630461
2026-08-11,121.14,121.15,119.49,120.17,2614520
2026-08-12,121.99,122.005,121.31,121.6,2425658
2026-08-13,121.88,123.36,121.71,122.99,3269586
2026-08-14,123.24,123.39,122.1307,122.56,2898356
2026-08-17,122.92,123.36,122.4199,122.54,2730668
2026-08-18,120.165,121.01,119.18,119.79,3348775
2026-08-19,120.22,120.53,118.07,118.8,2722150
2026-08-20,118.665,119.355,118.16,118.36,2745105
2026-08-21,119.16,119.16,117.57,118.42,11739243
2026-08-24,117.68,117.9,115.91,116.42,3297358
2026-08-25,117.57,118.125,116.79,117.51,2607742
2026-08-26,116.89,118.355,116.89,117.99,2302972
2026-08-27,120.22,121.98,119.98,121.91,5062448
2026-08-28,121.61,122.06,119.98,120.07,3050484
2026-08-31,120.05,120.62,119.72,120.49,2713713
2026-09-01,118.73,119.7299,118.31,118.87,2706470
2026-09-02,118.935,119.3,118.2301,119.13,2255846
2026-09-03,119.4,121.12,118.845,120.88,3394725
2026-09-04,121.35,121.93,120.89,121.27,3117934
