date,period,tactical_weight,equity
2016-09-06,IS,0.0,100000.0
2016-09-07,IS,0.0,99990.50361866914
2016-09-08,IS,0.0,99762.22522129308
2016-09-09,IS,0.0,97374.43318473932
2016-09-12,IS,0.0,98771.49697668091
2016-09-13,IS,0.0,97351.6053450017
2016-09-14,IS,0.0,97315.08080142154
2016-09-15,IS,0.0,97789.89986796377
2016-09-16,IS,0.0,97415.52329626701
2016-09-19,IS,0.0,97433.7855680571
2016-09-20,IS,0.0,97438.35113600461
2016-09-21,IS,0.0,98534.08744340978
2016-09-22,IS,0.0,99155.00468427272
2016-09-23,IS,0.0,98611.70209851765
2016-09-26,IS,0.0,97812.72770770139
2016-09-27,IS,0.0,98419.94824472175
2016-09-28,IS,0.0,98908.46401510654
2016-09-29,IS,0.0,98013.61269739234
2016-09-30,IS,0.0,98753.23470489083
2016-10-03,IS,0.0,98515.8251716197
2016-10-04,IS,0.0,98013.61269739234
2016-10-05,IS,0.0,98447.34165240687
2016-10-06,IS,0.0,98515.8251716197
2016-10-07,IS,0.0,98177.9731435031
2016-10-10,IS,0.0,98689.3167536255
2016-10-11,IS,0.0,97442.91670395214
2016-10-12,IS,0.0,97570.75260648274
2016-10-13,IS,0.0,97251.16285015622
2016-10-14,IS,0.0,97301.38409757896
2016-10-17,IS,0.0,96963.53206946238
2016-10-18,IS,0.0,97570.75260648274
2016-10-19,IS,0.0,97830.98997949147
2016-10-20,IS,0.0,97648.36726159061
2016-10-21,IS,0.0,97694.02294106582
2016-10-24,IS,0.0,98109.48962429028
2016-10-25,IS,0.0,97780.76873206873
2016-10-26,IS,0.0,97584.4493103253
2016-10-27,IS,0.0,97324.21193731658
2016-10-28,IS,0.0,97036.58115662272
2016-10-31,IS,0.0,97041.14672457025
2016-11-01,IS,0.0,96338.04926065193
2016-11-02,IS,0.0,95758.2221313167
2016-11-03,IS,0.0,95319.92760835463
2016-11-04,IS,0.0,95214.91954556164
2016-11-07,IS,0.0,97315.08080142154
2016-11-08,IS,0.0,97753.37532438361
2016-11-09,IS,0.0,98789.3940030352
2016-11-10,IS,0.0,99036.29991763715
2016-11-11,IS,0.0,98808.02152026107
2016-11-14,IS,0.0,98885.63617536894
2016-11-15,IS,0.0,99657.21715850009
2016-11-16,IS,0.0,99470.0288726517
2016-11-17,IS,0.0,99981.37248277411
2016-11-18,IS,0.0,99757.65965334556
2016-11-21,IS,0.0,100510.97836468661
2016-11-22,IS,0.0,100707.29778643003
2016-11-23,IS,0.0,100762.08460180029
2016-11-25,IS,0.0,101136.46117349707
2016-11-28,IS,0.0,100661.64210695481
2016-11-29,IS,0.0,100857.96152869823
2016-11-30,IS,0.0,100615.9864274796
2016-12-01,IS,0.0,100246.17542373035
2016-12-02,IS,0.0,100296.39667115311
2016-12-05,IS,0.0,100899.05164022594
2016-12-06,IS,0.0,101218.64139655243
2016-12-07,IS,0.0,102542.65610133369
2016-12-08,IS,0.0,102793.7623384474
2016-12-09,IS,0.0,103414.6795793103
2016-12-12,IS,0.0,103295.97481267474
2016-12-13,IS,0.0,103985.37557275049
2016-12-14,IS,0.0,103127.04879861645
2016-12-15,IS,0.0,102944.4260807156
2016-12-16,IS,0.0,102743.54109102464
2016-12-19,IS,0.0,102967.25392045321
2016-12-20,IS,0.0,103364.45833188757
2016-12-21,IS,0.0,103076.82755119371
2016-12-22,IS,0.0,102898.77040124038
2016-12-23,IS,0.0,103049.43414350858
2016-12-27,IS,0.0,103305.10594856979
2016-12-28,IS,0.0,102451.34474238327
2016-12-29,IS,0.0,102428.51690264566
2016-12-30,IS,0.0,102054.14033094888
2017-01-03,IS,0.0,102834.85244997508
2017-01-04,IS,0.0,103446.63855494295
2017-01-05,IS,0.0,103364.45833188757
2017-01-06,IS,0.0,103734.26933563681
2017-01-09,IS,0.0,103391.85173957271
2017-01-10,IS,0.0,103391.85173957271
2017-01-11,IS,0.0,103684.04808821407
2017-01-12,IS,0.0,103423.81071520534
2017-01-13,IS,0.0,103661.22024847649
2017-01-17,IS,0.0,103295.97481267474
2017-01-18,IS,0.0,103524.25321005083
2017-01-19,IS,0.0,103140.74550245902
2017-01-20,IS,0.0,103519.68764210331
2017-01-23,IS,0.0,103250.31913319953
2017-01-24,IS,0.0,103912.32648559015
2017-01-25,IS,0.0,104811.7433712519
2017-01-26,IS,0.0,104702.16974051138
2017-01-27,IS,0.0,104537.80929440059
2017-01-30,IS,0.0,103889.49864585255
2017-01-31,IS,0.0,103880.3675099575
2017-02-01,IS,0.0,103921.4576214852
2017-02-02,IS,0.0,103989.94114069802
2017-02-03,IS,0.0,104706.73530845891
2017-02-06,IS,0.0,104519.54702261052
2017-02-07,IS,0.0,104524.11259055806
2017-02-08,IS,0.0,104661.0796289837
2017-02-09,IS,0.0,105281.99686984661
2017-02-10,IS,0.0,105697.46355307108
2017-02-13,IS,0.0,106272.7251144588
2017-02-14,IS,0.0,106697.32293357828
2017-02-15,IS,0.0,107254.32222317593
2017-02-16,IS,0.0,107163.01086422548
2017-02-17,IS,0.0,107331.9368782838
2017-02-21,IS,0.0,107971.11639093679
2017-02-22,IS,0.0,107875.23946403885
2017-02-23,IS,0.0,107948.2885511992
2017-02-24,IS,0.0,108085.25558962485
2017-02-27,IS,0.0,108254.18160368314
2017-02-28,IS,0.0,107961.98525504174
2017-03-01,IS,0.0,109473.18824567138
2017-03-02,IS,0.0,108783.78748559563
2017-03-03,IS,0.0,108852.27100480846
2017-03-06,IS,0.0,108528.11568053442
2017-03-07,IS,0.0,108203.9603562604
2017-03-08,IS,0.0,108003.07536656945
2017-03-09,IS,0.0,108140.04240499511
2017-03-10,IS,0.0,108518.98454463937
2017-03-13,IS,0.0,108573.77136000965
2017-03-14,IS,0.0,108158.30467678518
2017-03-15,IS,0.0,109094.24610602709
2017-03-16,IS,0.0,108404.84534595134
2017-03-17,IS,0.0,108217.65706010295
2017-03-20,IS,0.0,108098.9522934674
2017-03-21,IS,0.0,106711.01963742085
2017-03-22,IS,0.0,106962.12587453453
2017-03-23,IS,0.0,106847.98667584649
2017-03-24,IS,0.0,106770.37202073865
2017-03-27,IS,0.0,106660.79838999812
2017-03-28,IS,0.0,107436.94494107678
2017-03-29,IS,0.0,107537.38743592225
2017-03-30,IS,0.0,107879.80503198637
2017-03-31,IS,0.0,107628.69879487269
2017-04-03,IS,0.0,107441.5105090243
2017-04-04,IS,0.0,107509.99402823711
2017-04-05,IS,0.0,107190.40427191062
2017-04-06,IS,0.0,107491.73175644704
2017-04-07,IS,0.0,107382.15812570651
2017-04-10,IS,0.0,107446.07607697183
2017-04-11,IS,0.0,107318.24017444122
2017-04-12,IS,0.0,106847.98667584649
2017-04-13,IS,0.0,106154.02034782321
2017-04-17,IS,0.0,107094.52734501266
2017-04-18,IS,0.0,106774.93758868617
2017-04-19,IS,0.0,106578.61816694275
2017-04-20,IS,0.0,107446.07607697183
2017-04-21,IS,0.0,107103.6584809077
2017-04-24,IS,0.0,108281.57501136826
2017-04-25,IS,0.0,108911.62338812623
2017-04-26,IS,0.0,108843.13986891341
2017-04-27,IS,0.0,108934.45122786384
2017-04-28,IS,0.0,108697.04169459273
2017-05-01,IS,0.0,108970.975771444
2017-05-02,IS,0.0,109012.06588297171
2017-05-03,IS,0.0,108879.66441249357
2017-05-04,IS,0.0,109007.50031502417
2017-05-05,IS,0.0,109436.6637020912
2017-05-08,IS,0.0,109418.40143030112
2017-05-09,IS,0.0,109317.95893545567
2017-05-10,IS,0.0,109514.27835719909
2017-05-11,IS,0.0,109290.56552777052
2017-05-12,IS,0.0,109107.94280986967
2017-05-15,IS,0.0,109710.59777894252
2017-05-16,IS,0.0,109610.15528409704
2017-05-17,IS,0.0,107665.22333845285
2017-05-18,IS,0.0,108098.9522934674
2017-05-19,IS,0.0,108802.04975738573
2017-05-22,IS,0.0,109354.48347903583
2017-05-23,IS,0.0,109596.45858025446
2017-05-24,IS,0.0,109852.13038531567
2017-05-25,IS,0.0,110377.17069928063
2017-05-26,IS,0.0,110354.34285954305
2017-05-30,IS,0.0,110258.4659326451
2017-05-31,IS,0.0,110231.07252495996
2017-06-01,IS,0.0,111107.6615708841
2017-06-02,IS,0.0,111477.47257463334
2017-06-05,IS,0.0,111395.29235157794
2017-06-06,IS,0.0,111039.17805167128
2017-06-07,IS,0.0,111244.62860930974
2017-06-08,IS,0.0,111299.41542468
2017-06-09,IS,0.0,111130.4894106217
2017-06-12,IS,0.0,111107.6615708841
2017-06-13,IS,0.0,111650.96415663915
2017-06-14,IS,0.0,111509.431550266
2017-06-15,IS,0.0,110754.69294729325
2017-06-16,IS,0.0,110778.94067866255
2017-06-19,IS,0.0,111701.1854040619
2017-06-20,IS,0.0,110947.86669272083
2017-06-21,IS,0.0,110920.47328503571
2017-06-22,IS,0.0,110870.25203761298
2017-06-23,IS,0.0,111002.65350809108
2017-06-26,IS,0.0,111075.70259525144
2017-06-27,IS,0.0,110180.85127753722
2017-06-28,IS,0.0,111167.01395420187
2017-06-29,IS,0.0,110189.98241343227
2017-06-30,IS,0.0,110395.43297107075
2017-07-03,IS,0.0,110582.62125691911
2017-07-05,IS,0.0,110838.29306198032
2017-07-06,IS,0.0,109824.73697763056
2017-07-07,IS,0.0,110536.9655774439
2017-07-10,IS,0.0,110655.67034407947
2017-07-11,IS,0.0,110573.49012102406
2017-07-12,IS,0.0,111404.42348747299
2017-07-13,IS,0.0,111591.61177332138
2017-07-14,IS,0.0,112112.08651933885
2017-07-17,IS,0.0,112098.38981549627
2017-07-18,IS,0.0,112157.74219881404
2017-07-19,IS,0.0,112764.9627358344
2017-07-20,IS,0.0,112815.18398325714
2017-07-21,IS,0.0,112714.74148841167
2017-07-24,IS,0.0,112687.34808072653
2017-07-25,IS,0.0,112961.28215757784
2017-07-26,IS,0.0,112965.84772552535
2017-07-27,IS,0.0,112860.83966273237
2017-07-28,IS,0.0,112728.43819225424
2017-07-31,IS,0.0,112664.52024098895
2017-08-01,IS,0.0,112915.62647810263
2017-08-02,IS,0.0,112970.41329347288
2017-08-03,IS,0.0,112751.26603199187
2017-08-04,IS,0.0,112956.71658963032
2017-08-07,IS,0.0,113166.7327152163
2017-08-08,IS,0.0,112888.23307041748
2017-08-09,IS,0.0,112883.66750246997
2017-08-10,IS,0.0,111290.28428878495
2017-08-11,IS,0.0,111454.64473489573
2017-08-14,IS,0.0,112559.51217819593
2017-08-15,IS,0.0,112545.81547435338
2017-08-16,IS,0.0,112742.13489609682
2017-08-17,IS,0.0,110984.39123630102
2017-08-18,IS,0.0,110810.89965429521
2017-08-21,IS,0.0,110897.6454452981
2017-08-22,IS,0.0,112057.29970396859
2017-08-23,IS,0.0,111655.52972458668
2017-08-24,IS,0.0,111395.29235157794
2017-08-25,IS,0.0,111655.52972458668
2017-08-28,IS,0.0,111660.0952925342
2017-08-29,IS,0.0,111787.93119506481
2017-08-30,IS,0.0,112317.53707697729
2017-08-31,IS,0.0,112993.2411332105
2017-09-01,IS,0.0,113153.03601137374
2017-09-05,IS,0.0,112340.36491671491
2017-09-06,IS,0.0,112723.87262430672
2017-09-07,IS,0.0,112710.17592046416
2017-09-08,IS,0.0,112577.77444998604
2017-09-11,IS,0.0,113778.5188201842
2017-09-12,IS,0.0,114162.026527776
2017-09-13,IS,0.0,114216.81334314626
2017-09-14,IS,0.0,113616.63747746893
2017-09-15,IS,0.0,113769.38768428915
2017-09-18,IS,0.0,114011.36278550778
2017-09-19,IS,0.0,114125.50198419583
2017-09-20,IS,0.0,114166.59209572354
2017-09-21,IS,0.0,113860.69904323957
2017-09-22,IS,0.0,113883.52688297718
2017-09-25,IS,0.0,113650.68291765358
2017-09-26,IS,0.0,113719.16643686642
2017-09-27,IS,0.0,114162.026527776
2017-09-28,IS,0.0,114298.99356620165
2017-09-29,IS,0.0,114700.76354558354
2017-10-02,IS,0.0,115198.41045186338
2017-10-03,IS,0.0,115444.95112102958
2017-10-04,IS,0.0,115581.9181594552
2017-10-05,IS,0.0,116266.75335158344
2017-10-06,IS,0.0,116134.3518811053
2017-10-09,IS,0.0,115942.5980273094
2017-10-10,IS,0.0,116248.49107979334
2017-10-11,IS,0.0,116431.11379769421
2017-10-12,IS,0.0,116257.62221568839
2017-10-13,IS,0.0,116399.15482206155
2017-10-16,IS,0.0,116554.38413227728
2017-10-17,IS,0.0,116636.56435533267
2017-10-18,IS,0.0,116750.70355402071
2017-10-19,IS,0.0,116782.66252965337
2017-10-20,IS,0.0,117385.3174987262
2017-10-23,IS,0.0,116928.76070397407
2017-10-24,IS,0.0,117134.21126161252
2017-10-25,IS,0.0,116554.38413227728
2017-10-26,IS,0.0,116705.0478745455
2017-10-27,IS,0.0,117659.25157557748
2017-10-30,IS,0.0,117220.95705261544
2017-10-31,IS,0.0,117403.57977051627
2017-11-01,IS,0.0,117558.80908073201
2017-11-02,IS,0.0,117604.46476020722
2017-11-03,IS,0.0,117997.1036036941
2017-11-06,IS,0.0,118179.72632159496
2017-11-07,IS,0.0,118097.54609853958
2017-11-08,IS,0.0,118298.43108823053
2017-11-09,IS,0.0,117869.26770116351
2017-11-10,IS,0.0,117832.7431575833
2017-11-13,IS,0.0,117942.31678832383
2017-11-14,IS,0.0,117668.38271147256
2017-11-15,IS,0.0,117079.42444624226
2017-11-16,IS,0.0,118074.71825880196
2017-11-17,IS,0.0,117727.73509479033
2017-11-20,IS,0.0,117928.62008448128
2017-11-21,IS,0.0,118700.2010676124
2017-11-22,IS,0.0,118595.1930048194
2017-11-24,IS,0.0,118869.12708167073
2017-11-27,IS,0.0,118809.77469835295
2017-11-28,IS,0.0,120015.08463649862
2017-11-29,IS,0.0,119942.03554933827
2017-11-30,IS,0.0,120992.11617726821
2017-12-01,IS,0.0,120741.00994015453
2017-12-04,IS,0.0,120165.74837876682
2017-12-05,IS,0.0,120204.55570632075
2017-12-06,IS,0.0,120184.0106505569
2017-12-07,IS,0.0,120562.95279020119
2017-12-08,IS,0.0,121220.39457464429
2017-12-11,IS,0.0,121585.64001044603
2017-12-12,IS,0.0,121800.22170397952
2017-12-13,IS,0.0,121786.52500013696
2017-12-14,IS,0.0,120667.9608529942
2017-12-15,IS,0.0,121676.95136939644
2017-12-18,IS,0.0,122448.53235252759
2017-12-19,IS,0.0,121978.27885393289
2017-12-20,IS,0.0,121914.36090266757
2017-12-21,IS,0.0,122165.46713978125
2017-12-22,IS,0.0,122133.5081641486
2017-12-26,IS,0.0,121987.40998982791
2017-12-27,IS,0.0,122046.76237314568
2017-12-28,IS,0.0,122297.86861025938
2017-12-29,IS,0.0,121836.74624755971
2018-01-02,IS,0.0,122708.7697255363
2018-01-03,IS,0.0,123484.916276615
2018-01-04,IS,0.0,124005.39102263244
2018-01-05,IS,0.0,124831.75882113384
2018-01-08,IS,0.0,125060.03721850991
2018-01-09,IS,0.0,125343.10243125627
2018-01-10,IS,0.0,125151.34857746033
2018-01-11,IS,0.0,126064.46216696466
2018-01-12,IS,0.0,126886.26439751853
2018-01-16,IS,0.0,126452.53544250398
2018-01-17,IS,0.0,127657.84538064965
2018-01-18,IS,0.0,127443.26368711614
2018-01-19,IS,0.0,128023.0908164514
2018-01-22,IS,0.0,129064.0403084863
2018-01-23,IS,0.0,129337.97438533761
2018-01-24,IS,0.0,129287.75313791486
2018-01-25,IS,0.0,129342.5399532851
2018-01-26,IS,0.0,130840.04624007217
2018-01-29,IS,0.0,129972.58833004309
2018-01-30,IS,0.0,128639.44248936679
2018-01-31,IS,0.0,128703.36044063208
2018-02-01,IS,0.0,128557.26226631139
2018-02-02,IS,0.0,125758.56911448069
2018-02-05,IS,0.0,120499.0348389359
2018-02-06,IS,0.0,122873.13017164709
2018-02-07,IS,0.0,122206.55725130896
2018-02-08,IS,0.0,117622.72703199732
2018-02-09,IS,0.0,119389.60182768817
2018-02-12,IS,0.0,121142.77991953642
2018-02-13,IS,0.0,121444.10740407286
2018-02-14,IS,0.0,123083.14629723308
2018-02-15,IS,0.0,124653.70167118049
2018-02-16,IS,0.0,124690.22621476067
2018-02-20,IS,0.0,123909.51409573447
2018-02-21,IS,0.0,123293.16242281906
2018-02-22,IS,0.0,123452.9573009823
2018-02-23,IS,0.0,125420.71708636411
2018-02-26,IS,0.0,126877.13326162346
2018-02-27,IS,0.0,125292.88118383351
2018-02-28,IS,0.0,124023.6532944225
2018-03-01,IS,0.0,122220.25395515151
2018-03-02,IS,0.0,122850.30233190948
2018-03-05,IS,0.0,124270.19396358867
2018-03-06,IS,0.0,124585.21815196765
2018-03-07,IS,0.0,124539.56247249244
2018-03-08,IS,0.0,125142.21744156531
2018-03-09,IS,0.0,127319.99335253309
2018-03-12,IS,0.0,127160.19847436981
2018-03-13,IS,0.0,126338.39624381595
2018-03-14,IS,0.0,125690.08559526788
2018-03-15,IS,0.0,125050.90608261486
2018-03-16,IS,0.0,125187.87312104051
2018-03-19,IS,0.0,123494.04741251002
2018-03-20,IS,0.0,123704.063538096
2018-03-21,IS,0.0,123466.6540048249
2018-03-22,IS,0.0,120380.33007230033
2018-03-23,IS,0.0,117814.48088579322
2018-03-26,IS,0.0,121037.77185674345
2018-03-27,IS,0.0,118978.70071241123
2018-03-28,IS,0.0,118627.15198045206
2018-03-29,IS,0.0,120142.92053902919
2018-04-02,IS,0.0,117549.67794483699
2018-04-03,IS,0.0,119056.31536751908
2018-04-04,IS,0.0,120330.1088248776
2018-04-05,IS,0.0,121279.74695796207
2018-04-06,IS,0.0,118576.93073302935
2018-04-09,IS,0.0,119161.3234303121
2018-04-10,IS,0.0,121056.03412853352
2018-04-11,IS,0.0,120421.42018382803
2018-04-12,IS,0.0,121412.14842844021
2018-04-13,IS,0.0,121056.03412853352
2018-04-16,IS,0.0,122051.32794109322
2018-04-17,IS,0.0,123357.08037408437
2018-04-18,IS,0.0,123448.39173303479
2018-04-19,IS,0.0,122763.55654090656
2018-04-20,IS,0.0,121722.60704887168
2018-04-23,IS,0.0,121704.34477708158
2018-04-24,IS,0.0,120065.30588392135
2018-04-25,IS,0.0,120362.06780051024
2018-04-26,IS,0.0,121585.64001044603
2018-04-27,IS,0.0,121699.77920913407
2018-04-30,IS,0.0,120763.83777989214
2018-05-01,IS,0.0,120978.41947342567
2018-05-02,IS,0.0,120165.74837876682
2018-05-03,IS,0.0,119900.94543781057
2018-05-04,IS,0.0,121453.23853996788
2018-05-07,IS,0.0,121864.13965524483
2018-05-08,IS,0.0,121864.13965524483
2018-05-09,IS,0.0,123042.05618570538
2018-05-10,IS,0.0,124192.5793084808
2018-05-11,IS,0.0,124571.52144812512
2018-05-14,IS,0.0,124630.87383144289
2018-05-15,IS,0.0,123772.54705730885
2018-05-16,IS,0.0,124293.0218033263
2018-05-17,IS,0.0,124188.0137405333
2018-05-18,IS,0.0,123877.55512010184
2018-05-21,IS,0.0,124808.93098139623
2018-05-22,IS,0.0,124461.9478173846
2018-05-23,IS,0.0,124804.3654134487
2018-05-24,IS,0.0,124548.69360838749
2018-05-25,IS,0.0,124251.93169179859
2018-05-29,IS,0.0,122822.90892422434
2018-05-30,IS,0.0,124461.9478173846
2018-05-31,IS,0.0,123699.4979701485
2018-06-01,IS,0.0,124913.93904418923
2018-06-04,IS,0.0,125507.462877367
2018-06-05,IS,0.0,125598.77423631746
2018-06-06,IS,0.0,126648.85486424739
2018-06-07,IS,0.0,126635.15816040486
2018-06-08,IS,0.0,127009.53473210162
2018-06-11,IS,0.0,127178.46074615991
2018-06-12,IS,0.0,127342.8211922707
2018-06-13,IS,0.0,126936.48564494125
2018-06-14,IS,0.0,126685.37940782758
2018-06-15,IS,0.0,126525.58452966431
2018-06-18,IS,0.0,126265.34715665561
2018-06-19,IS,0.0,125781.3969542183
2018-06-20,IS,0.0,125995.97864775182
2018-06-21,IS,0.0,125206.1353928306
2018-06-22,IS,0.0,125434.41379020667
2018-06-25,IS,0.0,123726.89137783361
2018-06-26,IS,0.0,124000.82545468492
2018-06-27,IS,0.0,122973.57266649258
2018-06-28,IS,0.0,123676.67013041089
2018-06-29,IS,0.0,123854.72728036421
2018-07-02,IS,0.0,124119.53022132047
2018-07-03,IS,0.0,123681.2356983584
2018-07-05,IS,0.0,124690.22621476067
2018-07-06,IS,0.0,125744.87241063814
2018-07-09,IS,0.0,126877.13326162346
2018-07-10,IS,0.0,127333.69005637562
2018-07-11,IS,0.0,126402.31419508126
2018-07-12,IS,0.0,127548.27174990915
2018-07-13,IS,0.0,127648.7142447546
2018-07-16,IS,0.0,127534.57504606657
2018-07-17,IS,0.0,128050.48422413651
2018-07-18,IS,0.0,128319.8527330403
2018-07-19,IS,0.0,127835.902530603
2018-07-20,IS,0.0,127689.80435628231
2018-07-23,IS,0.0,127927.21388955344
2018-07-24,IS,0.0,128570.95897015398
2018-07-25,IS,0.0,129666.69527755913
2018-07-26,IS,0.0,129360.80222507518
2018-07-27,IS,0.0,128484.21317915106
2018-07-30,IS,0.0,127813.07469086538
2018-07-31,IS,0.0,128443.12306762335
2018-08-01,IS,0.0,128228.54137408985
2018-08-02,IS,0.0,128927.07327006063
2018-08-03,IS,0.0,129479.50699171076
2018-08-06,IS,0.0,129954.32605825299
2018-08-07,IS,0.0,130383.48944532001
2018-08-08,IS,0.0,130328.70262994975
2018-08-09,IS,0.0,130150.64547999641
2018-08-10,IS,0.0,129278.62200201982
2018-08-13,IS,0.0,128794.67179958253
2018-08-14,IS,0.0,129616.47403013639
2018-08-15,IS,0.0,128648.57362526184
2018-08-16,IS,0.0,129689.52311729676
2018-08-17,IS,0.0,130146.0799120489
2018-08-20,IS,0.0,130424.57955684772
2018-08-21,IS,0.0,130730.47260933164
2018-08-22,IS,0.0,130652.85795422379
2018-08-23,IS,0.0,130479.36637221798
2018-08-24,IS,0.0,131264.64405919166
2018-08-27,IS,0.0,132301.02798327905
2018-08-28,IS,0.0,132364.94593454438
2018-08-29,IS,0.0,133077.17453435773
2018-08-30,IS,0.0,132538.43751655018
2018-08-31,IS,0.0,132543.0030844977
2018-09-04,IS,0.0,132314.72468712163
2018-09-05,IS,0.0,131958.61038721495
2018-09-06,IS,0.0,131561.4059757806
2018-09-07,IS,0.0,131305.73417071937
2018-09-10,IS,0.0,131534.01256809544
2018-09-11,IS,0.0,131967.74152311
2018-09-12,IS,0.0,131999.70049874266
2018-09-13,IS,0.0,132780.41261776883
2018-09-14,IS,0.0,132803.2404575064
2018-09-17,IS,0.0,132100.1429935881
2018-09-18,IS,0.0,132816.93716134902
2018-09-19,IS,0.0,132958.46976772218
2018-09-20,IS,0.0,133428.72326631687
2018-09-21,IS,0.0,133310.01849968135
2018-09-24,IS,0.0,132867.15840877173
2018-09-25,IS,0.0,132743.88807418864
2018-09-26,IS,0.0,132346.68366275428
2018-09-27,IS,0.0,132716.49466650354
2018-09-28,IS,0.0,132730.1913703461
2018-10-01,IS,0.0,133191.31373304577
2018-10-02,IS,0.0,133113.6990779379
2018-10-03,IS,0.0,133186.74816509825
2018-10-04,IS,0.0,132145.79867306334
2018-10-05,IS,0.0,131406.17666556485
2018-10-08,IS,0.0,131406.17666556485
2018-10-09,IS,0.0,131214.42281176895
2018-10-10,IS,0.0,127059.75597952434
2018-10-11,IS,0.0,124261.06282769365
2018-10-12,IS,0.0,125986.84751185679
2018-10-15,IS,0.0,125279.18447999093
2018-10-16,IS,0.0,128018.52524850385
2018-10-17,IS,0.0,128041.35308824148
2018-10-18,IS,0.0,126192.29806949523
2018-10-19,IS,0.0,126123.81455028243
2018-10-22,IS,0.0,125557.68412478975
2018-10-23,IS,0.0,124918.50461213673
2018-10-24,IS,0.0,121133.64878364139
2018-10-25,IS,0.0,123306.85912666164
2018-10-26,IS,0.0,121138.21435158892
2018-10-29,IS,0.0,120467.07586330325
2018-10-30,IS,0.0,122252.21293078417
2018-10-31,IS,0.0,123557.96536377532
2018-11-01,IS,0.0,124872.84893266152
2018-11-02,IS,0.0,124133.22692516302
2018-11-05,IS,0.0,124818.06211729125
2018-11-06,IS,0.0,125607.9053722125
2018-11-07,IS,0.0,128297.02489330267
2018-11-08,IS,0.0,128064.18092797909
2018-11-09,IS,0.0,126813.21531035818
2018-11-12,IS,0.0,124443.6855455945
2018-11-13,IS,0.0,124210.84158027092
2018-11-14,IS,0.0,123361.6459420319
2018-11-15,IS,0.0,124649.13610323296
2018-11-16,IS,0.0,124973.29142750702
2018-11-19,IS,0.0,122859.43346780454
2018-11-20,IS,0.0,120585.7806299388
2018-11-21,IS,0.0,120996.68174521574
2018-11-23,IS,0.0,120188.57621850443
2018-11-26,IS,0.0,122128.94259620109
2018-11-27,IS,0.0,122539.84371147801
2018-11-28,IS,0.0,125361.36470304633
2018-11-29,IS,0.0,125087.43062619506
2018-11-30,IS,0.0,125849.88047343113
2018-12-03,IS,0.0,127516.3127742765
2018-12-04,IS,0.0,123384.47378176951
2018-12-06,IS,0.0,123197.28549592111
2018-12-07,IS,0.0,120334.67439282512
2018-12-10,IS,0.0,120562.95279020119
2018-12-11,IS,0.0,120590.34619788633
2018-12-12,IS,0.0,121197.56673490666
2018-12-13,IS,0.0,121156.476623379
2018-12-14,IS,0.0,118919.34832909345
2018-12-17,IS,0.0,116586.34310790994
2018-12-18,IS,0.0,116458.50720537934
2018-12-19,IS,0.0,114714.4602494261
2018-12-20,IS,0.0,112189.70117444669
2018-12-21,IS,0.0,109893.22049684335
2018-12-24,IS,0.0,106989.51928221967
2018-12-26,IS,0.0,112395.15173208516
2018-12-27,IS,0.0,113258.04407416673
2018-12-28,IS,0.0,113111.94589984606
2018-12-31,IS,0.0,114102.67414445823
2019-01-02,IS,0.0,114221.37891109378
2019-01-03,IS,0.0,111495.73484642344
2019-01-04,IS,0.0,115230.36942749603
2019-01-07,IS,0.0,116138.91744905282
2019-01-08,IS,0.0,117230.08818851046
2019-01-09,IS,0.0,117777.95634221306
2019-01-10,IS,0.0,118193.42302543751
2019-01-11,IS,0.0,118239.07870491275
2019-01-14,IS,0.0,117517.7189692043
2019-01-15,IS,0.0,118864.5615137232
2019-01-16,IS,0.0,119152.19229441705
2019-01-17,IS,0.0,120056.1747480263
2019-01-18,IS,0.0,121654.12352965883
2019-01-22,IS,0.0,120010.51906855109
2019-01-23,IS,0.0,120261.62530566478
2019-01-24,IS,0.0,120325.54325693008
2019-01-25,IS,0.0,121343.66490922737
2019-01-28,IS,0.0,120421.42018382803
2019-01-29,IS,0.0,120261.62530566478
2019-01-30,IS,0.0,122165.46713978125
2019-01-31,IS,0.0,123238.37560744882
2019-02-01,IS,0.0,123297.7279907666
2019-02-04,IS,0.0,124165.18590079568
2019-02-05,IS,0.0,124685.66064681315
2019-02-06,IS,0.0,124521.30020070238
2019-02-07,IS,0.0,123334.25253434676
2019-02-08,IS,0.0,123484.916276615
2019-02-11,IS,0.0,123553.3997958278
2019-02-12,IS,0.0,125142.21744156531
2019-02-13,IS,0.0,125548.5529888947
2019-02-14,IS,0.0,125270.05334409588
2019-02-15,IS,0.0,126635.15816040486
2019-02-19,IS,0.0,126854.30542188589
2019-02-20,IS,0.0,127109.97722694709
2019-02-21,IS,0.0,126657.98600014247
2019-02-22,IS,0.0,127443.26368711614
2019-02-25,IS,0.0,127616.75526912195
2019-02-26,IS,0.0,127525.44391017153
2019-02-27,IS,0.0,127470.65709480128
2019-02-28,IS,0.0,127233.24756153017
2019-03-01,IS,0.0,128027.65638439893
2019-03-04,IS,0.0,127561.9684537517
2019-03-05,IS,0.0,127388.47687174588
2019-03-06,IS,0.0,126616.89588861476
2019-03-07,IS,0.0,125557.68412478975
2019-03-08,IS,0.0,125306.57788767605
2019-03-11,IS,0.0,127123.67393078965
2019-03-12,IS,0.0,127603.05856527941
2019-03-13,IS,0.0,128447.68863557088
2019-03-14,IS,0.0,127799.37798702283
2019-03-15,IS,0.0,128433.99193172833
2019-03-18,IS,0.0,128899.67986237552
2019-03-19,IS,0.0,128931.63883800816
2019-03-20,IS,0.0,128543.56556246884
2019-03-21,IS,0.0,129995.4161697807
2019-03-22,IS,0.0,127493.4849345389
2019-03-25,IS,0.0,127397.60800764096
2019-03-26,IS,0.0,128347.24614072542
2019-03-27,IS,0.0,127676.10765243974
2019-03-28,IS,0.0,128160.05785487703
2019-03-29,IS,0.0,128968.16338158834
2019-04-01,IS,0.0,130497.62864400804
2019-04-02,IS,0.0,130561.54659527336
2019-04-03,IS,0.0,130766.99715291185
2019-04-04,IS,0.0,131113.98031692347
2019-04-05,IS,0.0,131748.59426162895
2019-04-08,IS,0.0,131849.03675647444
2019-04-09,IS,0.0,131173.33270024124
2019-04-10,IS,0.0,131620.75835909837
2019-04-11,IS,0.0,131584.23381551818
2019-04-12,IS,0.0,132474.5195652849
2019-04-15,IS,0.0,132387.773774282
2019-04-16,IS,0.0,132474.5195652849
2019-04-17,IS,0.0,132150.36424101086
2019-04-18,IS,0.0,132410.60161401957
2019-04-22,IS,0.0,132524.74081270763
2019-04-23,IS,0.0,133716.35404701074
2019-04-24,IS,0.0,133419.59213042184
2019-04-25,IS,0.0,133337.41190736645
2019-04-26,IS,0.0,133958.3291482294
2019-04-29,IS,0.0,134168.3452738154
2019-04-30,IS,0.0,134236.8287930282
2019-05-01,IS,0.0,133227.83827662593
2019-05-02,IS,0.0,132940.20749593206
2019-05-03,IS,0.0,134241.3943609757
2019-05-06,IS,0.0,133688.9606393256
2019-05-07,IS,0.0,131456.39791298757
2019-05-08,IS,0.0,131273.77519508672
2019-05-09,IS,0.0,130876.57078365235
2019-05-10,IS,0.0,131534.01256809544
2019-05-13,IS,0.0,128228.54137408985
2019-05-14,IS,0.0,129388.19563276031
2019-05-15,IS,0.0,130146.0799120489
2019-05-16,IS,0.0,131351.3898501946
2019-05-17,IS,0.0,130502.19421195558
2019-05-20,IS,0.0,129639.301869874
2019-05-21,IS,0.0,130808.08726443951
2019-05-22,IS,0.0,130406.31728505762
2019-05-23,IS,0.0,128812.9340713726
2019-05-24,IS,0.0,129105.13042001397
2019-05-28,IS,0.0,127904.38604981582
2019-05-29,IS,0.0,127046.05927568178
2019-05-30,IS,0.0,127393.04243969341
2019-05-31,IS,0.0,125676.38889142532
2019-06-03,IS,0.0,125356.7991350988
2019-06-04,IS,0.0,128077.87763182164
2019-06-05,IS,0.0,129187.31064306936
2019-06-06,IS,0.0,130027.37514541333
2019-06-07,IS,0.0,131328.56201045698
2019-06-10,IS,0.0,131931.21697952983
2019-06-11,IS,0.0,131899.25800389718
2019-06-12,IS,0.0,131666.41403857357
2019-06-13,IS,0.0,132209.71662432863
2019-06-14,IS,0.0,132063.61845000793
2019-06-17,IS,0.0,132113.8396974307
2019-06-18,IS,0.0,133497.2067855297
2019-06-19,IS,0.0,133798.53427006613
2019-06-20,IS,0.0,134423.2683257332
2019-06-21,IS,0.0,134227.69765713316
2019-06-24,IS,0.0,134063.33721102236
2019-06-25,IS,0.0,132748.45364213616
2019-06-26,IS,0.0,132616.05217165806
2019-06-27,IS,0.0,133086.30567025277
2019-06-28,IS,0.0,133771.140862381
2019-07-01,IS,0.0,134985.58193642175
2019-07-02,IS,0.0,135337.13066838088
2019-07-03,IS,0.0,136419.1702719435
2019-07-05,IS,0.0,136263.94096172776
2019-07-08,IS,0.0,135515.18781833423
2019-07-09,IS,0.0,135684.11383239253
2019-07-10,IS,0.0,136332.4244809406
2019-07-11,IS,0.0,136652.01423726708
2019-07-12,IS,0.0,137263.80034223496
2019-07-15,IS,0.0,137309.45602171018
2019-07-16,IS,0.0,136834.63695516792
2019-07-17,IS,0.0,135935.2200695062
2019-07-18,IS,0.0,136432.86697578605
2019-07-19,IS,0.0,135674.9826964975
2019-07-22,IS,0.0,136008.26915666656
2019-07-23,IS,0.0,136980.73512948863
2019-07-24,IS,0.0,137624.48021008918
2019-07-25,IS,0.0,136967.03842564608
2019-07-26,IS,0.0,137884.7175830979
2019-07-29,IS,0.0,137633.61134598422
2019-07-30,IS,0.0,137295.75931786763
2019-07-31,IS,0.0,135793.68746313304
2019-08-01,IS,0.0,134611.20536472494
2019-08-02,IS,0.0,133597.6492803752
2019-08-05,IS,0.0,129579.94948655623
2019-08-06,IS,0.0,131397.0455296698
2019-08-07,IS,0.0,131474.66018477766
2019-08-08,IS,0.0,134054.20607512735
2019-08-09,IS,0.0,133141.09248562303
2019-08-12,IS,0.0,131520.3158642529
2019-08-13,IS,0.0,133565.69030474254
2019-08-14,IS,0.0,129616.47403013639
2019-08-15,IS,0.0,129958.89162620051
2019-08-16,IS,0.0,131876.43016415957
2019-08-19,IS,0.0,133465.24780989706
2019-08-20,IS,0.0,132442.56058965222
2019-08-21,IS,0.0,133520.03462526732
2019-08-22,IS,0.0,133478.94451373964
2019-08-23,IS,0.0,130050.20298515096
2019-08-26,IS,0.0,131488.35688862024
2019-08-27,IS,0.0,130972.4477105503
2019-08-28,IS,0.0,131894.69243594963
2019-08-29,IS,0.0,133579.3870085851
2019-08-30,IS,0.0,133520.03462526732
2019-09-03,IS,0.0,132739.32250624115
2019-09-04,IS,0.0,134245.95992892326
2019-09-05,IS,0.0,135971.7446130864
2019-09-06,IS,0.0,136076.75267587937
2019-09-09,IS,0.0,136145.2361950922
2019-09-10,IS,0.0,136113.27721945953
2019-09-11,IS,0.0,137081.17762433412
2019-09-12,IS,0.0,137555.99669087637
2019-09-13,IS,0.0,137464.6853319259
2019-09-16,IS,0.0,137040.08751280644
2019-09-17,IS,0.0,137387.07067681805
2019-09-18,IS,0.0,137469.25089987344
2019-09-19,IS,0.0,136828.41865162342
2019-09-20,IS,0.0,136181.76073867237
2019-09-23,IS,0.0,136149.8017630397
2019-09-24,IS,0.0,135081.45886331968
2019-09-25,IS,0.0,135880.43325413595
2019-09-26,IS,0.0,135597.36804138962
2019-09-27,IS,0.0,134866.87716978617
2019-09-30,IS,0.0,135492.35997859662
2019-10-01,IS,0.0,133880.71449312152
2019-10-02,IS,0.0,131515.75029630537
2019-10-03,IS,0.0,132593.22433192044
2019-10-04,IS,0.0,134387.49253529642
2019-10-07,IS,0.0,133807.66540596116
2019-10-08,IS,0.0,131730.33198983886
2019-10-09,IS,0.0,132981.29760745977
2019-10-10,IS,0.0,133880.71449312152
2019-10-11,IS,0.0,135268.64714916804
2019-10-14,IS,0.0,135117.98340689985
2019-10-15,IS,0.0,136455.69481552366
2019-10-16,IS,0.0,136236.54755404263
2019-10-17,IS,0.0,136638.3175334245
2019-10-18,IS,0.0,136040.2281322992
2019-10-21,IS,0.0,136962.47285769857
2019-10-22,IS,0.0,136515.04719884144
2019-10-23,IS,0.0,136912.2516102758
2019-10-24,IS,0.0,137135.96443970437
2019-10-25,IS,0.0,137697.5292972495
2019-10-28,IS,0.0,138473.6758483282
2019-10-29,IS,0.0,138432.58573680048
2019-10-30,IS,0.0,138857.18355592
2019-10-31,IS,0.0,138487.37255217074
2019-11-01,IS,0.0,139770.2971454243
2019-11-04,IS,0.0,140331.86200296946
2019-11-05,IS,0.0,140176.63269275372
2019-11-06,IS,0.0,140208.59166838636
2019-11-07,IS,0.0,140701.6730067187
2019-11-08,IS,0.0,141048.65617073033
2019-11-11,IS,0.0,140779.28766182656
2019-11-12,IS,0.0,141076.04957841546
2019-11-13,IS,0.0,141121.70525789066
2019-11-14,IS,0.0,141327.15581552914
2019-11-15,IS,0.0,142349.84303577399
2019-11-18,IS,0.0,142454.85109856696
2019-11-19,IS,0.0,142413.76098703925
2019-11-20,IS,0.0,141884.15510512676
2019-11-21,IS,0.0,141655.8767077507
2019-11-22,IS,0.0,141970.90089612966
2019-11-25,IS,0.0,143071.20277148238
2019-11-26,IS,0.0,143395.35809575638
2019-11-27,IS,0.0,144034.53760840942
2019-11-29,IS,0.0,143500.36615854938
2019-12-02,IS,0.0,142281.35951656115
2019-12-03,IS,0.0,141327.15581552914
2019-12-04,IS,0.0,142199.17929350573
2019-12-05,IS,0.0,142454.85109856696
2019-12-06,IS,0.0,143756.0379636106
2019-12-09,IS,0.0,143304.04673680596
2019-12-10,IS,0.0,143144.2518586427
2019-12-11,IS,0.0,143550.58740597212
2019-12-12,IS,0.0,144787.85631975046
2019-12-13,IS,0.0,144874.6021107534
2019-12-16,IS,0.0,145869.89592331307
2019-12-17,IS,0.0,145901.85489894572
2019-12-18,IS,0.0,145910.98603484075
2019-12-19,IS,0.0,145792.28583377314
2019-12-20,IS,0.0,146431.46078085824
2019-12-23,IS,0.0,146655.1736102868
2019-12-24,IS,0.0,146659.7391782343
2019-12-26,IS,0.0,147440.45129726047
2019-12-27,IS,0.0,147403.9267536803
2019-12-30,IS,0.0,146591.25565902147
2019-12-31,IS,0.0,146947.36995892818
2020-01-02,IS,0.0,148321.60591113212
2020-01-03,IS,0.0,147198.47619604185
2020-01-06,IS,0.0,147760.041053587
2020-01-07,IS,0.0,147344.57437036253
2020-01-08,IS,0.0,148129.85205733622
2020-01-09,IS,0.0,149134.27700579097
2020-01-10,IS,0.0,148705.11361872393
2020-01-13,IS,0.0,149727.80083896877
2020-01-14,IS,0.0,149499.52244159268
2020-01-15,IS,0.0,149837.3744697093
2020-01-16,IS,0.0,151083.77451938266
2020-01-17,IS,0.0,151554.02801797737
2020-01-21,IS,0.0,151257.26610138846
2020-01-22,IS,0.0,151275.52837317856
2020-01-23,IS,0.0,151449.0199551844
2020-01-24,IS,0.0,150102.17741066552
2020-01-27,IS,0.0,147696.12310232167
2020-01-28,IS,0.0,149243.85063653148
2020-01-29,IS,0.0,149120.58030194842
2020-01-30,IS,0.0,149604.53050438568
2020-01-31,IS,0.0,146888.0175756104
2020-02-03,IS,0.0,147979.18831506802
2020-02-04,IS,0.0,150234.57888114368
2020-02-05,IS,0.0,151969.49470120185
2020-02-06,IS,0.0,152480.83831132427
2020-02-07,IS,0.0,151668.1672166654
2020-02-10,IS,0.0,152800.42806765076
2020-02-11,IS,0.0,153065.231008607
2020-02-12,IS,0.0,154051.39368527167
2020-02-13,IS,0.0,153887.0332391609
2020-02-14,IS,0.0,154133.57390832706
2020-02-18,IS,0.0,153736.3694968927
2020-02-19,IS,0.0,154471.42593644361
2020-02-20,IS,0.0,153836.81199173816
2020-02-21,IS,0.0,152252.5599139482
2020-02-24,IS,0.0,147203.04176398937
2020-02-25,IS,0.0,142742.4818792608
2020-02-26,IS,0.0,142217.44156529583
2020-02-27,IS,0.0,135830.2120067132
2020-02-28,IS,0.0,135259.516013273
2020-03-02,IS,0.0,141117.13968994314
2020-03-03,IS,0.0,137076.6120563866
2020-03-04,IS,0.0,142838.3588061588
2020-03-05,IS,0.0,138090.16814073635
2020-03-06,IS,0.0,135807.3841669756
2020-03-09,IS,0.0,125201.56982488309
2020-03-10,IS,0.0,131680.11074241615
2020-03-11,IS,0.0,125260.92220820086
2020-03-12,IS,0.0,113276.30634595682
2020-03-13,IS,0.0,122959.87596265
2020-03-16,IS,0.0,109505.14722130404
2020-03-17,IS,0.0,115417.55771334443
2020-03-18,IS,0.0,109573.63074051686
2020-03-19,IS,0.0,109164.75673740862
2020-03-20,IS,0.0,104460.19463929275
2020-03-23,IS,0.0,101789.33738999262
2020-03-24,IS,0.0,111011.78464398616
2020-03-25,IS,0.0,112673.651376884
2020-03-26,IS,0.0,119252.63478926252
2020-03-27,IS,0.0,115700.62292609076
2020-03-30,IS,0.0,119458.08534690096
2020-03-31,IS,0.0,117677.51384736758
2020-04-01,IS,0.0,112381.45502824262
2020-04-02,IS,0.0,114974.69762243485
2020-04-03,IS,0.0,113312.83088953698
2020-04-06,IS,0.0,120923.63265805542
2020-04-07,IS,0.0,121046.90299263847
2020-04-08,IS,0.0,125110.25846593262
2020-04-09,IS,0.0,127014.10030004912
2020-04-13,IS,0.0,125854.44604137867
2020-04-14,IS,0.0,129566.25278271368
2020-04-15,IS,0.0,126813.21531035818
2020-04-16,IS,0.0,127425.00141532607
2020-04-17,IS,0.0,130867.43964775729
2020-04-20,IS,0.0,128561.82783425892
2020-04-21,IS,0.0,124658.26723912804
2020-04-22,IS,0.0,127425.00141532607
2020-04-23,IS,0.0,127415.87027943102
2020-04-24,IS,0.0,129191.8762110169
2020-04-27,IS,0.0,131054.62793360569
2020-04-28,IS,0.0,130451.97296453286
2020-04-29,IS,0.0,133867.01778927894
2020-04-30,IS,0.0,132620.61773960557
2020-05-01,IS,0.0,129109.69598796152
2020-05-04,IS,0.0,129465.81028786818
2020-05-05,IS,0.0,130661.98909011883
2020-05-06,IS,0.0,129776.26890829965
2020-05-07,IS,0.0,131342.25871429953
2020-05-08,IS,0.0,133515.4690573198
2020-05-11,IS,0.0,133542.86246500493
2020-05-12,IS,0.0,130881.13635159988
2020-05-13,IS,0.0,128566.39340220646
2020-05-14,IS,0.0,130104.98980052122
2020-05-15,IS,0.0,130703.07920164653
2020-05-18,IS,0.0,134684.2544518853
2020-05-19,IS,0.0,133300.88736378629
2020-05-20,IS,0.0,135565.40906575695
2020-05-21,IS,0.0,134629.46763651504
2020-05-22,IS,0.0,134885.13944157626
2020-05-26,IS,0.0,136547.00617447408
2020-05-27,IS,0.0,138578.68391112116
2020-05-28,IS,0.0,138323.01210605996
2020-05-29,IS,0.0,138939.36377897538
2020-06-01,IS,0.0,139500.92863652052
2020-06-02,IS,0.0,140656.01732724346
2020-06-03,IS,0.0,142527.9001857273
2020-06-04,IS,0.0,142153.52361403056
2020-06-05,IS,0.0,145796.84683615272
2020-06-08,IS,0.0,147559.15606389602
2020-06-09,IS,0.0,146458.85418854337
2020-06-10,IS,0.0,145641.61752593698
2020-06-11,IS,0.0,137245.5380704449
2020-06-12,IS,0.0,138889.1425315526
2020-06-15,IS,0.0,140185.76382864875
2020-06-16,IS,0.0,142884.01448563396
2020-06-17,IS,0.0,142290.4906524562
2020-06-18,IS,0.0,141721.51131256428
2020-06-19,IS,0.0,140911.6891323047
2020-06-22,IS,0.0,141815.67158591395
2020-06-23,IS,0.0,142468.54780240954
2020-06-24,IS,0.0,138834.35571618236
2020-06-25,IS,0.0,140322.7308670744
2020-06-26,IS,0.0,136989.8662653837
2020-06-29,IS,0.0,139003.28173024068
2020-06-30,IS,0.0,140783.8532297741
2020-07-01,IS,0.0,141770.01590643873
2020-07-02,IS,0.0,142550.72802546492
2020-07-06,IS,0.0,144751.3317761703
2020-07-07,IS,0.0,143258.39105733074
2020-07-08,IS,0.0,144354.1273647359
2020-07-09,IS,0.0,143532.32513418203
2020-07-10,IS,0.0,144997.87244533643
2020-07-13,IS,0.0,143742.341259768
2020-07-14,IS,0.0,145605.09298235681
2020-07-15,IS,0.0,146942.80439098063
2020-07-16,IS,0.0,146458.85418854337
2020-07-17,IS,0.0,146883.45200766285
2020-07-20,IS,0.0,148070.49967401844
2020-07-21,IS,0.0,148385.52386239741
2020-07-22,IS,0.0,149230.15393268893
2020-07-23,IS,0.0,147449.5824331555
2020-07-24,IS,0.0,146499.94430007102
2020-07-27,IS,0.0,147568.28719979108
2020-07-28,IS,0.0,146632.34577054917
2020-07-29,IS,0.0,148435.7451098202
2020-07-30,IS,0.0,147906.13922790767
2020-07-31,IS,0.0,149074.9246224732
2020-08-03,IS,0.0,150111.30854656058
2020-08-04,IS,0.0,150691.1356758958
2020-08-05,IS,0.0,151627.07710513775
2020-08-06,IS,0.0,152640.6331894875
2020-08-07,IS,0.0,152750.20682022802
2020-08-10,IS,0.0,153206.76361498018
2020-08-11,IS,0.0,151942.1012935167
2020-08-12,IS,0.0,154060.5248211667
2020-08-13,IS,0.0,153782.02517636787
2020-08-14,IS,0.0,153786.59074431538
2020-08-17,IS,0.0,154275.10651470022
2020-08-18,IS,0.0,154608.3929748693
2020-08-19,IS,0.0,153964.64789426877
2020-08-20,IS,0.0,154444.0325287585
2020-08-21,IS,0.0,154991.90068246113
2020-08-24,IS,0.0,156562.4560564085
2020-08-25,IS,0.0,157110.32421011108
2020-08-26,IS,0.0,158685.44515200602
2020-08-27,IS,0.0,159032.42831601764
2020-08-28,IS,0.0,160059.68110421
2020-08-31,IS,0.0,159479.85397487477
2020-09-01,IS,0.0,160981.92582960936
2020-09-02,IS,0.0,163310.3654828453
2020-09-03,IS,0.0,157690.15133944634
2020-09-04,IS,0.0,156402.66117824524
2020-09-08,IS,0.0,152129.28957936508
2020-09-09,IS,0.0,155133.43328883426
2020-09-10,IS,0.0,152439.74819979657
2020-09-11,IS,0.0,152517.36285490444
2020-09-14,IS,0.0,154526.21275181387
2020-09-15,IS,0.0,155306.92487084007
2020-09-16,IS,0.0,154690.57319792468
2020-09-17,IS,0.0,152718.60395889528
2020-09-18,IS,0.0,150960.50418479956
2020-09-21,IS,0.0,149280.37518011165
2020-09-22,IS,0.0,150800.70930663633
2020-09-23,IS,0.0,147303.48425883483
2020-09-24,IS,0.0,147696.12310232167
2020-09-25,IS,0.0,150083.91513887545
2020-09-28,IS,0.0,152576.7152382222
2020-09-29,IS,0.0,151745.78187177327
2020-09-30,IS,0.0,152896.30499454873
2020-10-01,IS,0.0,153877.90210326586
2020-10-02,IS,0.0,152416.92036005892
2020-10-05,IS,0.0,155119.73658499168
2020-10-06,IS,0.0,152914.5672663388
2020-10-07,IS,0.0,155576.29337974385
2020-10-08,IS,0.0,156955.09489989534
2020-10-09,IS,0.0,158356.72425978447
2020-10-12,IS,0.0,160904.3111745015
2020-10-13,IS,0.0,159854.23054657152
2020-10-14,IS,0.0,158849.8055981168
2020-10-15,IS,0.0,158653.48617637335
2020-10-16,IS,0.0,158557.6092494754
2020-10-19,IS,0.0,156146.98937318404
2020-10-20,IS,0.0,156772.4721819945
2020-10-21,IS,0.0,156475.71026540562
2020-10-22,IS,0.0,157334.03703953966
2020-10-23,IS,0.0,157868.20848939964
2020-10-26,IS,0.0,154950.81057093342
2020-10-27,IS,0.0,154416.6391210734
2020-10-28,IS,0.0,149138.8425737385
2020-10-29,IS,0.0,150654.61113231565
2020-10-30,IS,0.0,149084.05575836825
2020-11-02,IS,0.0,150755.0536271611
2020-11-03,IS,0.0,153416.77974056615
2020-11-04,IS,0.0,156845.52126915485
2020-11-05,IS,0.0,159904.4517939943
2020-11-06,IS,0.0,159867.9272504141
2020-11-09,IS,0.0,161876.7771473236
2020-11-10,IS,0.0,161639.36761405246
2020-11-11,IS,0.0,162840.11198425063
2020-11-12,IS,0.0,161260.42547440814
2020-11-13,IS,0.0,163492.98820074621
2020-11-16,IS,0.0,165533.79707328833
2020-11-17,IS,0.0,164643.5113235216
2020-11-18,IS,0.0,162662.05483429728
2020-11-19,IS,0.0,163346.8900264255
2020-11-20,IS,0.0,162228.32587928273
2020-11-23,IS,0.0,163200.7918521048
2020-11-24,IS,0.0,165830.55898987723
2020-11-25,IS,0.0,165574.88718481603
2020-11-27,IS,0.0,166036.00954751568
2020-11-30,IS,0.0,165300.95310796474
2020-12-01,IS,0.0,167108.91801518324
2020-12-02,IS,0.0,167460.4667471424
2020-12-03,IS,0.0,167414.8110676672
2020-12-04,IS,0.0,168857.53053908402
2020-12-07,IS,0.0,168510.54737507238
2020-12-08,IS,0.0,169003.6287134047
2020-12-09,IS,0.0,167487.86015482756
2020-12-10,IS,0.0,167433.0733394573
2020-12-11,IS,0.0,167236.75391771385
2020-12-14,IS,0.0,166488.00077432033
2020-12-15,IS,0.0,168738.82577244844
2020-12-16,IS,0.0,169003.6287134047
2020-12-17,IS,0.0,169227.34154283325
2020-12-18,IS,0.0,168551.63748660008
2020-12-21,IS,0.0,167948.9825175272
2020-12-22,IS,0.0,167665.9173047809
2020-12-23,IS,0.0,167816.58104704908
2020-12-24,IS,0.0,168469.45726354467
2020-12-28,IS,0.0,169916.742302909
2020-12-29,IS,0.0,169592.58697863496
2020-12-30,IS,0.0,169834.5620798536
2020-12-31,IS,0.0,170697.45442193517
2021-01-04,IS,0.0,168373.58033664673
2021-01-05,IS,0.0,169533.23459531716
2021-01-06,IS,0.0,170546.79067966697
2021-01-07,IS,0.0,173080.68089054144
2021-01-08,IS,0.0,174066.8435672061
2021-01-11,IS,0.0,172893.49260469305
2021-01-12,IS,0.0,172930.0171482732
2021-01-13,IS,0.0,173395.7050789204
2021-01-14,IS,0.0,172788.48454190002
2021-01-15,IS,0.0,171528.38778838408
2021-01-19,IS,0.0,172875.23033290295
2021-01-20,IS,0.0,175267.58793740423
2021-01-21,IS,0.0,175427.3828155675
2021-01-22,IS,0.0,174806.46557470455
2021-01-25,IS,0.0,175495.86633478032
2021-01-26,IS,0.0,175221.93225792903
2021-01-27,IS,0.0,170939.42952315384
2021-01-28,IS,0.0,172409.54240225576
2021-01-29,IS,0.0,168957.97303392948
2021-02-01,IS,0.0,171770.36288960275
2021-02-02,IS,0.0,174199.24503768422
2021-02-03,IS,0.0,174336.21207610986
2021-02-04,IS,0.0,176317.6685653342
2021-02-05,IS,0.0,177011.63489335746
2021-02-08,IS,0.0,178289.9939186635
2021-02-09,IS,0.0,178171.28915202792
2021-02-10,IS,0.0,178093.67449692005
2021-02-11,IS,0.0,178381.30527761392
2021-02-12,IS,0.0,179262.45989148557
2021-02-16,IS,0.0,179107.23058126986
2021-02-17,IS,0.0,179148.32069279754
2021-02-18,IS,0.0,178385.87084556147
2021-02-19,IS,0.0,178070.84665718244
2021-02-22,IS,0.0,176701.17627292598
2021-02-23,IS,0.0,176915.7579664595
2021-02-24,IS,0.0,178865.25548005122
2021-02-25,IS,0.0,174555.35933759087
2021-02-26,IS,0.0,173655.94245192915
2021-03-01,IS,0.0,177865.39609954398
2021-03-02,IS,0.0,176477.46344349746
2021-03-03,IS,0.0,174139.8926543664
2021-03-04,IS,0.0,171984.94458313624
2021-03-05,IS,0.0,175148.88317076868
2021-03-08,IS,0.0,174276.8596927921
2021-03-09,IS,0.0,176765.0942241913
2021-03-10,IS,0.0,177865.39609954398
2021-03-11,IS,0.0,179668.79543881497
2021-03-12,IS,0.0,179910.77054003364
2021-03-15,IS,0.0,180983.6790077012
2021-03-16,IS,0.0,180755.40061032513
2021-03-17,IS,0.0,181371.75228324052
2021-03-18,IS,0.0,178149.47030280673
2021-03-19,IS,0.0,177819.7404200688
2021-03-22,IS,0.0,179239.63205174796
2021-03-23,IS,0.0,177828.87155596382
2021-03-24,IS,0.0,176924.88910235456
2021-03-25,IS,0.0,177920.18291491424
2021-03-26,IS,0.0,180787.35958595778
2021-03-29,IS,0.0,180696.04822700733
2021-03-30,IS,0.0,180216.6635925176
2021-03-31,IS,0.0,180947.154464121
2021-04-01,IS,0.0,182901.21754566024
2021-04-05,IS,0.0,185526.41911548513
2021-04-06,IS,0.0,185416.8454847446
2021-04-07,IS,0.0,185631.42717827813
2021-04-08,IS,0.0,186512.58179214978
2021-04-09,IS,0.0,187868.55547256366
2021-04-12,IS,0.0,187937.0389917765
2021-04-13,IS,0.0,188494.03828137415
2021-04-14,IS,0.0,187850.29320077357
2021-04-15,IS,0.0,189868.2742335781
2021-04-16,IS,0.0,190502.8881782836
2021-04-19,IS,0.0,189566.9467490417
2021-04-20,IS,0.0,188179.01409299514
2021-04-21,IS,0.0,189959.58559252854
2021-04-22,IS,0.0,188224.66977247034
2021-04-23,IS,0.0,190265.47864501248
2021-04-26,IS,0.0,190662.68305644687
2021-04-27,IS,0.0,190621.59294491916
2021-04-28,IS,0.0,190566.8061295489
2021-04-29,IS,0.0,191781.24720358965
2021-04-30,IS,0.0,190521.1504500737
2021-05-03,IS,0.0,190932.05156535062
2021-05-04,IS,0.0,189754.13503489006
2021-05-05,IS,0.0,189813.48741820783
2021-05-06,IS,0.0,191329.255976785
2021-05-07,IS,0.0,192721.75420077905
2021-05-10,IS,0.0,190813.34679871507
2021-05-11,IS,0.0,189110.38995428954
2021-05-12,IS,0.0,185092.69016047058
2021-05-13,IS,0.0,187316.12175091356
2021-05-14,IS,0.0,190192.42955785213
2021-05-17,IS,0.0,189708.47935541483
2021-05-18,IS,0.0,188074.00603020214
2021-05-19,IS,0.0,187580.92469186982
2021-05-20,IS,0.0,189598.90572467432
2021-05-21,IS,0.0,189443.6764144586
2021-05-24,IS,0.0,191374.91165626023
2021-05-25,IS,0.0,190950.3138371407
2021-05-26,IS,0.0,191329.255976785
2021-05-27,IS,0.0,191429.6984716305
2021-05-28,IS,0.0,191772.1160676946
2021-06-01,IS,0.0,191603.1900536363
2021-06-02,IS,0.0,191904.51753817272
2021-06-03,IS,0.0,191192.28893835936
2021-06-04,IS,0.0,192940.9014622601
2021-06-07,IS,0.0,192753.71317641172
2021-06-08,IS,0.0,192794.8032879394
2021-06-09,IS,0.0,192507.17250724553
2021-06-10,IS,0.0,193402.0238249598
2021-06-11,IS,0.0,193721.61358128628
2021-06-14,IS,0.0,194155.34253630083
2021-06-15,IS,0.0,193799.22823639415
2021-06-16,IS,0.0,192717.18863283156
2021-06-17,IS,0.0,192025.1078843706
2021-06-18,IS,0.0,189434.54527856357
2021-06-21,IS,0.0,192146.49263939136
2021-06-22,IS,0.0,193173.7454275837
2021-06-23,IS,0.0,192940.9014622601
2021-06-24,IS,0.0,194082.2934491405
2021-06-25,IS,0.0,194771.69420921625
2021-06-28,IS,0.0,195164.33305270312
2021-06-29,IS,0.0,195269.34111549606
2021-06-30,IS,0.0,195433.70156160687
2021-07-01,IS,0.0,196515.7411651695
2021-07-02,IS,0.0,198017.81301990408
2021-07-06,IS,0.0,197657.13315204985
2021-07-07,IS,0.0,198355.66504802063
2021-07-08,IS,0.0,196739.45399459804
2021-07-09,IS,0.0,198839.61525045792
2021-07-12,IS,0.0,199551.84385027128
2021-07-13,IS,0.0,198871.57422609057
2021-07-14,IS,0.0,199168.33614267947
2021-07-15,IS,0.0,198488.06651849876
2021-07-16,IS,0.0,196931.2078483939
2021-07-19,IS,0.0,194022.94106582273
2021-07-20,IS,0.0,196803.37194586333
2021-07-21,IS,0.0,198396.75515954834
2021-07-22,IS,0.0,198812.2218427728
2021-07-23,IS,0.0,200857.59628326242
2021-07-26,IS,0.0,201350.67762159475
2021-07-27,IS,0.0,200432.99846414296
2021-07-28,IS,0.0,200350.81824108755
2021-07-29,IS,0.0,201181.75160753648
2021-07-30,IS,0.0,200204.7200667669
2021-08-02,IS,0.0,199784.68781559487
2021-08-03,IS,0.0,201410.03000491255
2021-08-04,IS,0.0,200419.30176030038
2021-08-05,IS,0.0,201688.5296497114
2021-08-06,IS,0.0,202021.81610988043
2021-08-09,IS,0.0,201857.45566376965
2021-08-10,IS,0.0,202108.56190088333
2021-08-11,IS,0.0,202610.7743751107
2021-08-12,IS,0.0,203217.9949121311
2021-08-13,IS,0.0,203587.80591588034
2021-08-16,IS,0.0,204067.1905503701
2021-08-17,IS,0.0,202729.4791417463
2021-08-18,IS,0.0,200510.6131192508
2021-08-19,IS,0.0,200821.0717396823
2021-08-20,IS,0.0,202419.02052131481
2021-08-23,IS,0.0,204199.59202084818
2021-08-24,IS,0.0,204523.74734512225
2021-08-25,IS,0.0,204952.91073218928
2021-08-26,IS,0.0,203743.03522609605
2021-08-27,IS,0.0,205564.69683715716
2021-08-30,IS,0.0,206468.67929076645
2021-08-31,IS,0.0,206162.78623828248
2021-09-01,IS,0.0,206272.359869023
2021-09-02,IS,0.0,206906.9738137285
2021-09-03,IS,0.0,206856.75256630575
2021-09-07,IS,0.0,206117.13055880726
2021-09-08,IS,0.0,205866.02432169358
2021-09-09,IS,0.0,204984.8697078219
2021-09-10,IS,0.0,203368.65865439927
2021-09-13,IS,0.0,203889.13340041676
2021-09-14,IS,0.0,202788.83152506407
2021-09-15,IS,0.0,204482.65723359454
2021-09-16,IS,0.0,203506.48401959907
2021-09-17,IS,0.0,201524.16920360058
2021-09-20,IS,0.0,198163.91119422473
2021-09-21,IS,0.0,197976.72290837637
2021-09-22,IS,0.0,199907.95815017796
2021-09-23,IS,0.0,202336.84029825946
2021-09-24,IS,0.0,202670.1267584285
2021-09-27,IS,0.0,202090.29962909324
2021-09-28,IS,0.0,198017.81301990408
2021-09-29,IS,0.0,198351.0994800731
2021-09-30,IS,0.0,195926.7828999392
2021-10-01,IS,0.0,198255.22255317518
2021-10-04,IS,0.0,195698.5045025631
2021-10-05,IS,0.0,197734.74780715772
2021-10-06,IS,0.0,198556.55003771157
2021-10-07,IS,0.0,200273.20358597967
2021-10-08,IS,0.0,199907.95815017796
2021-10-11,IS,0.0,198460.67311081363
2021-10-12,IS,0.0,197972.15734042882
2021-10-13,IS,0.0,198684.3859402422
2021-10-14,IS,0.0,202026.38167782797
2021-10-15,IS,0.0,203564.97807614272
2021-10-18,IS,0.0,204167.63304521557
2021-10-19,IS,0.0,205742.75398711048
2021-10-20,IS,0.0,206550.8595138218
2021-10-21,IS,0.0,207089.59653162933
2021-10-22,IS,0.0,206875.01483809584
2021-10-25,IS,0.0,207984.44784934356
2021-10-26,IS,0.0,208171.63613519192
2021-10-27,IS,0.0,207249.3914097926
2021-10-28,IS,0.0,209249.11017080702
2021-10-29,IS,0.0,209673.70798992654
2021-11-01,IS,0.0,210034.38785778073
2021-11-02,IS,0.0,210883.58349601974
2021-11-03,IS,0.0,212171.07365722084
2021-11-04,IS,0.0,213170.93303772804
2021-11-05,IS,0.0,213910.5550452265
2021-11-08,IS,0.0,214093.17776312737
2021-11-09,IS,0.0,213385.51473126156
2021-11-10,IS,0.0,211668.86118299345
2021-11-11,IS,0.0,211737.34470220626
2021-11-12,IS,0.0,213335.2934838388
2021-11-15,IS,0.0,213408.34257099917
2021-11-16,IS,0.0,214252.97264129063
2021-11-17,IS,0.0,213732.49789527318
2021-11-18,IS,0.0,214458.4231989291
2021-11-19,IS,0.0,214074.91549133728
2021-11-22,IS,0.0,213472.26052226443
2021-11-23,IS,0.0,213755.3257350108
2021-11-24,IS,0.0,214326.02172845096
2021-11-26,IS,0.0,209545.87208739595
2021-11-29,IS,0.0,212116.28684185055
2021-11-30,IS,0.0,207989.01341729108
2021-12-01,IS,0.0,205678.8360358452
2021-12-02,IS,0.0,208829.07791963502
2021-12-03,IS,0.0,207011.9818765215
2021-12-06,IS,0.0,209463.69186434054
2021-12-07,IS,0.0,213796.41584653847
2021-12-08,IS,0.0,214362.54627203115
2021-12-09,IS,0.0,212915.26123266685
2021-12-10,IS,0.0,214919.5455616288
2021-12-13,IS,0.0,213015.7037275123
2021-12-14,IS,0.0,211550.1564163579
2021-12-15,IS,0.0,214855.62761036347
2021-12-16,IS,0.0,212213.7936765058
2021-12-17,IS,0.0,209956.77320267286
2021-12-20,IS,0.0,207724.21047633482
2021-12-21,IS,0.0,211413.18937793226
2021-12-22,IS,0.0,213527.04733763472
2021-12-23,IS,0.0,214855.62761036347
2021-12-27,IS,0.0,217896.2958634128
2021-12-28,IS,0.0,217718.2387134595
2021-12-29,IS,0.0,217996.7383582583
2021-12-30,IS,0.0,217394.08338918546
2021-12-31,IS,0.0,216846.21523548287
2022-01-03,IS,0.0,218101.7464210513
2022-01-04,IS,0.0,218028.69733389097
2022-01-05,IS,0.0,213842.0715260137
2022-01-06,IS,0.0,213641.18653632276
2022-01-07,IS,0.0,212796.55646603124
2022-01-10,IS,0.0,212531.75352507504
2022-01-11,IS,0.0,214467.55433482415
2022-01-12,IS,0.0,215047.38146415935
2022-01-13,IS,0.0,212084.32786621788
2022-01-14,IS,0.0,212171.07365722084
2022-01-18,IS,0.0,208413.6112364106
2022-01-19,IS,0.0,206249.5320292854
2022-01-20,IS,0.0,203966.7480555246
2022-01-21,IS,0.0,199962.74496554822
2022-01-24,IS,0.0,200811.9406037872
2022-01-25,IS,0.0,198360.23061596818
2022-01-26,IS,0.0,197862.58370968833
2022-01-27,IS,0.0,196885.55216891872
2022-01-28,IS,0.0,201775.27544071426
2022-01-31,IS,0.0,205409.46752694141
2022-02-01,IS,0.0,206797.40018298797
2022-02-02,IS,0.0,208806.25007989747
2022-02-03,IS,0.0,203898.2645363118
2022-02-04,IS,0.0,204857.0338052913
2022-02-07,IS,0.0,204199.59202084818
2022-02-08,IS,0.0,205879.72102553613
2022-02-09,IS,0.0,208892.99587090037
2022-02-10,IS,0.0,205140.09901803764
2022-02-11,IS,0.0,201095.00581653355
2022-02-14,IS,0.0,200437.56403209048
2022-02-15,IS,0.0,203669.98613893572
2022-02-16,IS,0.0,203898.2645363118
2022-02-17,IS,0.0,199542.71271437625
2022-02-18,IS,0.0,198250.65698522766
2022-02-22,IS,0.0,196123.1023216826
2022-02-23,IS,0.0,192644.13954567118
2022-02-24,IS,0.0,195543.27519234738
2022-02-25,IS,0.0,199857.73690275525
2022-02-28,IS,0.0,199346.39329263283
2022-03-01,IS,0.0,196310.290607531
2022-03-02,IS,0.0,199921.6548540205
2022-03-03,IS,0.0,198926.36104146083
2022-03-04,IS,0.0,197310.14998803823
2022-03-07,IS,0.0,191493.61642289578
2022-03-08,IS,0.0,190041.76581558393
2022-03-09,IS,0.0,195136.93964501796
2022-03-10,IS,0.0,194255.7850311463
2022-03-11,IS,0.0,191785.81277153714
2022-03-14,IS,0.0,190384.18341164803
2022-03-15,IS,0.0,194570.8092195253
2022-03-16,IS,0.0,198885.27092993315
2022-03-17,IS,0.0,200749.844314133
2022-03-18,IS,0.0,202948.62640322727
2022-03-21,IS,0.0,202889.27401990953
2022-03-22,IS,0.0,205263.36935262074
2022-03-23,IS,0.0,202619.90551100575
2022-03-24,IS,0.0,205674.27046789767
2022-03-25,IS,0.0,206678.69541635242
2022-03-28,IS,0.0,208148.80829545434
2022-03-29,IS,0.0,210723.78861785648
2022-03-30,IS,0.0,209422.60175281283
2022-03-31,IS,0.0,206199.31078186262
2022-04-01,IS,0.0,206783.70347914542
2022-04-04,IS,0.0,208555.1438427838
2022-04-05,IS,0.0,205920.8111370638
2022-04-06,IS,0.0,203861.7399927316
2022-04-07,IS,0.0,204888.99278092396
2022-04-08,IS,0.0,204341.12462722135
2022-04-11,IS,0.0,200848.46514736742
2022-04-12,IS,0.0,200104.2775719214
2022-04-13,IS,0.0,202396.1926815772
2022-04-14,IS,0.0,199875.99917454532
2022-04-18,IS,0.0,199958.17939760073
2022-04-19,IS,0.0,203186.03593649843
2022-04-20,IS,0.0,203035.37219423024
2022-04-21,IS,0.0,199999.2695091284
2022-04-22,IS,0.0,194511.4568362075
2022-04-25,IS,0.0,195639.15211924532
2022-04-26,IS,0.0,189973.28229637112
2022-04-27,IS,0.0,190507.45374623113
2022-04-28,IS,0.0,195319.56236291883
2022-04-29,IS,0.0,188101.39943788727
2022-05-02,IS,0.0,189233.66028887263
2022-05-03,IS,0.0,190101.1181989017
2022-05-04,IS,0.0,195890.25835635903
2022-05-05,IS,0.0,188927.76723638867
2022-05-06,IS,0.0,187800.07195335085
2022-05-09,IS,0.0,181787.21896646498
2022-05-10,IS,0.0,182207.25121763698
2022-05-11,IS,0.0,179312.68113890832
2022-05-12,IS,0.0,179125.49285305993
2022-05-13,IS,0.0,183407.99558783515
2022-05-16,IS,0.0,182663.8080123891
2022-05-17,IS,0.0,186421.27043319933
2022-05-18,IS,0.0,178906.34559157892
2022-05-19,IS,0.0,177810.60928417373
2022-05-20,IS,0.0,177888.2239392816
2022-05-23,IS,0.0,181216.5229730248
2022-05-24,IS,0.0,179833.15588492577
2022-05-25,IS,0.0,181421.97353066326
2022-05-26,IS,0.0,185047.03448099538
2022-05-27,IS,0.0,189589.77458877928
2022-05-31,IS,0.0,188525.9972570068
2022-06-01,IS,0.0,187001.0975625346
2022-06-02,IS,0.0,190562.2405616014
2022-06-03,IS,0.0,187434.82651754914
2022-06-06,IS,0.0,188005.52251098934
2022-06-07,IS,0.0,189808.92185026032
2022-06-08,IS,0.0,187745.28513798062
2022-06-09,IS,0.0,183280.15968530453
2022-06-10,IS,0.0,177965.83859438947
2022-06-13,IS,0.0,171208.7980320576
2022-06-14,IS,0.0,170692.88885398765
2022-06-15,IS,0.0,173126.33657001663
2022-06-16,IS,0.0,166676.61808293627
2022-06-17,IS,0.0,167035.86892802292
2022-06-21,IS,0.0,171240.75700769023
2022-06-22,IS,0.0,170930.29838725878
2022-06-23,IS,0.0,172605.86182399918
2022-06-24,IS,0.0,178093.67449692005
2022-06-27,IS,0.0,177413.40487273937
2022-06-28,IS,0.0,173788.34392240725
2022-06-29,IS,0.0,173646.8113160341
2022-06-30,IS,0.0,172236.05082024992
2022-07-01,IS,0.0,174057.71243131103
2022-07-05,IS,0.0,174386.43332353258
2022-07-06,IS,0.0,174975.39158876284
2022-07-07,IS,0.0,177596.0275906402
2022-07-08,IS,0.0,177449.92941631953
2022-07-11,IS,0.0,175422.81724762
2022-07-12,IS,0.0,173870.52414546264
2022-07-13,IS,0.0,172957.4105559583
2022-07-14,IS,0.0,172537.37830478637
2022-07-15,IS,0.0,175833.7183628969
2022-07-18,IS,0.0,174381.86775558506
2022-07-19,IS,0.0,179093.53387742728
2022-07-20,IS,0.0,180234.92586430768
2022-07-21,IS,0.0,182070.28417921133
2022-07-22,IS,0.0,180381.02403862835
2022-07-25,IS,0.0,180600.1713001094
2022-07-26,IS,0.0,178463.4855006693
2022-07-27,IS,0.0,183097.53696740366
2022-07-28,IS,0.0,185394.017645007
2022-07-29,IS,0.0,188096.83386993976
2022-08-01,IS,0.0,187539.8345803421
2022-08-02,IS,0.0,186302.5656665638
2022-08-03,IS,0.0,189219.96358503003
2022-08-04,IS,0.0,189092.12768249944
2022-08-05,IS,0.0,188772.53792617295
2022-08-08,IS,0.0,188553.39066469192
2022-08-09,IS,0.0,187804.6375212984
2022-08-10,IS,0.0,191749.28822795697
2022-08-11,IS,0.0,191749.28822795697
2022-08-12,IS,0.0,194995.4070386448
2022-08-15,IS,0.0,195798.94699740858
2022-08-16,IS,0.0,196182.4547050004
2022-08-17,IS,0.0,194789.95648100632
2022-08-18,IS,0.0,195356.086906499
2022-08-19,IS,0.0,192730.8853366741
2022-08-22,IS,0.0,188717.7511108027
2022-08-23,IS,0.0,188261.19431605053
2022-08-24,IS,0.0,188863.84928512338
2022-08-25,IS,0.0,191530.14096647594
2022-08-26,IS,0.0,185047.03448099538
2022-08-29,IS,0.0,183823.4622710596
2022-08-30,IS,0.0,181805.48123825507
2022-08-31,IS,0.0,180422.11415015606
2022-09-01,IS,0.0,180988.2445756487
2022-09-02,IS,0.0,179079.83717358473
2016-09-06,IS,0.2,100000.25396825398
2016-09-07,IS,0.2,99992.9267078857
2016-09-08,IS,0.2,99810.58177503779
2016-09-09,IS,0.2,97900.62593470587
2016-09-12,IS,0.2,99018.57063490094
2016-09-13,IS,0.2,97595.12719090286
2016-09-14,IS,0.2,97566.16571350547
2016-09-15,IS,0.2,97946.2478353627
2016-09-16,IS,0.2,97646.98127238554
2016-09-19,IS,0.2,97661.82578699185
2016-09-20,IS,0.2,97665.71294131811
2016-09-21,IS,0.2,98542.47410260126
2016-09-22,IS,0.2,99039.34871817837
2016-09-23,IS,0.2,98604.84747346699
2016-09-26,IS,0.2,97965.8635509508
2016-09-27,IS,0.2,98574.03475391367
2016-09-28,IS,0.2,99063.31534577101
2016-09-29,IS,0.2,98347.63998610261
2016-09-30,IS,0.2,98939.5670229526
2016-10-03,IS,0.2,98749.89256432629
2016-10-04,IS,0.2,98348.38366775
2016-10-05,IS,0.2,98695.62000628238
2016-10-06,IS,0.2,98750.66791119256
2016-10-07,IS,0.2,98480.64738165823
2016-10-10,IS,0.2,98889.98336613417
2016-10-11,IS,0.2,97893.14025042274
2016-10-12,IS,0.2,97995.70172477057
2016-10-13,IS,0.2,97740.26728994316
2016-10-14,IS,0.2,97780.69748581164
2016-10-17,IS,0.2,97510.68488953546
2016-10-18,IS,0.2,97996.73034899855
2016-10-19,IS,0.2,98258.10387526745
2016-10-20,IS,0.2,98112.28338583415
2016-10-21,IS,0.2,98149.07768419433
2016-10-24,IS,0.2,98481.71285512228
2016-10-25,IS,0.2,98219.00590329715
2016-10-26,IS,0.2,98062.21219721204
2016-10-27,IS,0.2,97854.2603303854
2016-10-28,IS,0.2,97624.39374024437
2016-10-31,IS,0.2,97628.3159701499
2016-11-01,IS,0.2,97066.11571288455
2016-11-02,IS,0.2,96602.54759672718
2016-11-03,IS,0.2,96252.21350488764
2016-11-04,IS,0.2,96168.50858573019
2016-11-07,IS,0.2,97848.96293148593
2016-11-08,IS,0.2,98289.66199043138
2016-11-09,IS,0.2,99118.83562909787
2016-11-10,IS,0.2,99316.7429764066
2016-11-11,IS,0.2,99134.50288142083
2016-11-14,IS,0.2,99197.03303594822
2016-11-15,IS,0.2,99814.70437591699
2016-11-16,IS,0.2,99665.32842173848
2016-11-17,IS,0.2,100074.75407548492
2016-11-18,IS,0.2,99896.13458371506
2016-11-21,IS,0.2,100499.15627513538
2016-11-22,IS,0.2,100656.60245868313
2016-11-23,IS,0.2,100700.83850977922
2016-11-25,IS,0.2,101000.7304287916
2016-11-28,IS,0.2,100621.25787196714
2016-11-29,IS,0.2,100778.6961130607
2016-11-30,IS,0.2,100536.91118281796
2016-12-01,IS,0.2,100167.39081773
2016-12-02,IS,0.2,100217.57259570491
2016-12-05,IS,0.2,100819.75393140379
2016-12-06,IS,0.2,101139.09251851683
2016-12-07,IS,0.2,102198.72036858344
2016-12-08,IS,0.2,102400.01345127831
2016-12-09,IS,0.2,102897.17935118823
2016-12-12,IS,0.2,102802.62364788775
2016-12-13,IS,0.2,103354.5763811726
2016-12-14,IS,0.2,102668.35509883986
2016-12-15,IS,0.2,102522.66506043944
2016-12-16,IS,0.2,102362.36521286682
2016-12-19,IS,0.2,102585.24807348852
2016-12-20,IS,0.2,102980.97886683722
2016-12-21,IS,0.2,102694.41518889506
2016-12-22,IS,0.2,102552.37894536516
2016-12-23,IS,0.2,102702.53550340919
2016-12-27,IS,0.2,102957.34663221125
2016-12-28,IS,0.2,102274.76489062683
2016-12-29,IS,0.2,102256.88148526038
2016-12-30,IS,0.2,101883.13224158794
2017-01-03,IS,0.2,102662.53615217318
2017-01-04,IS,0.2,103273.29711134521
2017-01-05,IS,0.2,103207.97627864926
2017-01-06,IS,0.2,103504.25657756512
2017-01-09,IS,0.2,103230.7295808946
2017-01-10,IS,0.2,103231.15295268262
2017-01-11,IS,0.2,103465.33341211999
2017-01-12,IS,0.2,103257.5669029737
2017-01-13,IS,0.2,103447.92606985709
2017-01-17,IS,0.2,103156.17755543909
2017-01-18,IS,0.2,103339.23183210121
2017-01-19,IS,0.2,103032.84909107606
2017-01-20,IS,0.2,103336.40995066232
2017-01-23,IS,0.2,103121.33044260743
2017-01-24,IS,0.2,103651.3516319929
2017-01-25,IS,0.2,104371.29231295174
2017-01-26,IS,0.2,104284.04873247774
2017-01-27,IS,0.2,104152.98385188787
2017-01-30,IS,0.2,103634.75067414358
2017-01-31,IS,0.2,103627.86925903524
2017-02-01,IS,0.2,103661.15670632794
2017-02-02,IS,0.2,103716.36703261553
2017-02-03,IS,0.2,104290.21774187192
2017-02-06,IS,0.2,104140.8987861945
2017-02-07,IS,0.2,104144.98292263264
2017-02-08,IS,0.2,104254.99638964853
2017-02-09,IS,0.2,104752.17002803927
2017-02-10,IS,0.2,105084.99137520984
2017-02-13,IS,0.2,105545.62419775956
2017-02-14,IS,0.2,105885.74232685743
2017-02-15,IS,0.2,106331.78164176371
2017-02-16,IS,0.2,106259.16430109729
2017-02-17,IS,0.2,106394.73686791827
2017-02-21,IS,0.2,106906.51224269558
2017-02-22,IS,0.2,106830.23432823864
2017-02-23,IS,0.2,106889.08908692747
2017-02-24,IS,0.2,106999.08636204449
2017-02-27,IS,0.2,107134.6345320588
2017-02-28,IS,0.2,106901.30926200688
2017-03-01,IS,0.2,108110.78494753703
2017-03-02,IS,0.2,107559.81023618339
2017-03-03,IS,0.2,107615.17555448918
2017-03-06,IS,0.2,107294.70422388066
2017-03-07,IS,0.2,106974.23289327213
2017-03-08,IS,0.2,106775.6309419091
2017-03-09,IS,0.2,106911.04136329298
2017-03-10,IS,0.2,107285.67686245505
2017-03-13,IS,0.2,107339.84103100862
2017-03-14,IS,0.2,107008.10161469394
2017-03-15,IS,0.2,107757.44807016078
2017-03-16,IS,0.2,107206.52079136073
2017-03-17,IS,0.2,107057.36350913024
2017-03-20,IS,0.2,106939.93147726773
2017-03-21,IS,0.2,105566.88002779824
2017-03-22,IS,0.2,105815.29394135356
2017-03-23,IS,0.2,105702.37852610114
2017-03-24,IS,0.2,105625.5960437295
2017-03-27,IS,0.2,105517.19724508714
2017-03-28,IS,0.2,106285.02206880366
2017-03-29,IS,0.2,106384.3876342258
2017-03-30,IS,0.2,106658.9517306245
2017-03-31,IS,0.2,106458.68062513418
2017-04-03,IS,0.2,106309.56813217196
2017-04-04,IS,0.2,106364.99310326375
2017-04-05,IS,0.2,106109.96755210351
2017-04-06,IS,0.2,106351.66773571943
2017-04-07,IS,0.2,106243.25624975027
2017-04-10,IS,0.2,106306.49628323228
2017-04-11,IS,0.2,106180.01621626831
2017-04-12,IS,0.2,105714.75025565075
2017-04-13,IS,0.2,105028.14417784625
2017-04-17,IS,0.2,105958.67609908132
2017-04-18,IS,0.2,105642.47593167136
2017-04-19,IS,0.2,105486.07040403644
2017-04-20,IS,0.2,106180.67071257309
2017-04-21,IS,0.2,105907.37063610998
2017-04-24,IS,0.2,106850.35393188793
2017-04-25,IS,0.2,107355.05075142991
2017-04-26,IS,0.2,107300.93010170225
2017-04-27,IS,0.2,107374.62932373352
2017-04-28,IS,0.2,107185.34382627034
2017-05-01,IS,0.2,107405.15731789781
2017-05-02,IS,0.2,107438.68763207611
2017-05-03,IS,0.2,107333.4487842526
2017-05-04,IS,0.2,107436.40788551669
2017-05-05,IS,0.2,107780.46110972867
2017-05-08,IS,0.2,107766.58186088529
2017-05-09,IS,0.2,107686.95845997924
2017-05-10,IS,0.2,107844.73658992082
2017-05-11,IS,0.2,107666.48091563887
2017-05-12,IS,0.2,107521.08932644018
2017-05-15,IS,0.2,108003.9359708084
2017-05-16,IS,0.2,107924.30466985157
2017-05-17,IS,0.2,106369.08183406632
2017-05-18,IS,0.2,106716.8118361709
2017-05-19,IS,0.2,107410.91957882285
2017-05-22,IS,0.2,107956.28994804938
2017-05-23,IS,0.2,108150.61744517158
2017-05-24,IS,0.2,108355.9104570396
2017-05-25,IS,0.2,108776.70642859967
2017-05-26,IS,0.2,108759.20790568565
2017-05-30,IS,0.2,108683.2620162413
2017-05-31,IS,0.2,108662.14359800925
2017-06-01,IS,0.2,109364.21117363215
2017-06-02,IS,0.2,109660.85634648388
2017-06-05,IS,0.2,109595.89231578381
2017-06-06,IS,0.2,109311.78918017124
2017-06-07,IS,0.2,109476.96234242246
2017-06-08,IS,0.2,109530.8786006556
2017-06-09,IS,0.2,109396.55906955672
2017-06-12,IS,0.2,109379.09371539323
2017-06-13,IS,0.2,109814.54899687262
2017-06-14,IS,0.2,109702.14428937124
2017-06-15,IS,0.2,109099.18295028791
2017-06-16,IS,0.2,109119.41884536152
2017-06-19,IS,0.2,110027.84790103092
2017-06-20,IS,0.2,109285.81426644945
2017-06-21,IS,0.2,109264.70597862292
2017-06-22,IS,0.2,109215.23440975012
2017-06-23,IS,0.2,109345.65945496022
2017-06-26,IS,0.2,109417.61810059343
2017-06-27,IS,0.2,108536.12469158704
2017-06-28,IS,0.2,109507.56640763488
2017-06-29,IS,0.2,108545.1195222912
2017-06-30,IS,0.2,108710.31349727495
2017-07-03,IS,0.2,108860.92196742776
2017-07-05,IS,0.2,109066.30919585015
2017-07-06,IS,0.2,108256.3060546297
2017-07-07,IS,0.2,108826.9387893334
2017-07-10,IS,0.2,108943.80717182577
2017-07-11,IS,0.2,108878.91379633547
2017-07-12,IS,0.2,109544.51132789876
2017-07-13,IS,0.2,109695.11283043322
2017-07-14,IS,0.2,110112.33543265784
2017-07-17,IS,0.2,110102.24522247474
2017-07-18,IS,0.2,110150.59431883952
2017-07-19,IS,0.2,110637.27039467092
2017-07-20,IS,0.2,110678.37949956296
2017-07-21,IS,0.2,110598.96575882482
2017-07-24,IS,0.2,110577.99943711737
2017-07-25,IS,0.2,110798.10325346932
2017-07-26,IS,0.2,110802.67177360538
2017-07-27,IS,0.2,110719.56521594593
2017-07-28,IS,0.2,110614.51964928424
2017-07-31,IS,0.2,110564.25282767406
2017-08-01,IS,0.2,110766.01350179223
2017-08-02,IS,0.2,110810.71867604497
2017-08-03,IS,0.2,110636.27662634765
2017-08-04,IS,0.2,110801.51286947844
2017-08-07,IS,0.2,110970.3529470262
2017-08-08,IS,0.2,110748.41288137686
2017-08-09,IS,0.2,110745.62011336848
2017-08-10,IS,0.2,109471.76515434176
2017-08-11,IS,0.2,109604.0889367802
2017-08-14,IS,0.2,110690.61152905859
2017-08-15,IS,0.2,110677.14224072458
2017-08-16,IS,0.2,110835.03322651848
2017-08-17,IS,0.2,109429.65739889254
2017-08-18,IS,0.2,109291.69964865685
2017-08-21,IS,0.2,109377.25616850871
2017-08-22,IS,0.2,110521.01174968621
2017-08-23,IS,0.2,110124.74997353024
2017-08-24,IS,0.2,109917.40199308824
2017-08-25,IS,0.2,110126.44209796963
2017-08-28,IS,0.2,110130.90351970668
2017-08-29,IS,0.2,110234.02251602101
2017-08-30,IS,0.2,110658.55753059413
2017-08-31,IS,0.2,111199.95460784846
2017-09-01,IS,0.2,111328.63263216222
2017-09-05,IS,0.2,110679.34616873425
2017-09-06,IS,0.2,110987.03580893594
2017-09-07,IS,0.2,110976.94544326646
2017-09-08,IS,0.2,110871.88304295123
2017-09-11,IS,0.2,111833.34560842156
2017-09-12,IS,0.2,112141.0023636406
2017-09-13,IS,0.2,112185.69069833311
2017-09-14,IS,0.2,111706.41718245888
2017-09-15,IS,0.2,111829.4845607151
2017-09-18,IS,0.2,112067.33369919246
2017-09-19,IS,0.2,112179.5266890403
2017-09-20,IS,0.2,112213.26045644125
2017-09-21,IS,0.2,111969.40772819422
2017-09-22,IS,0.2,111988.52346323623
2017-09-25,IS,0.2,111803.11836189221
2017-09-26,IS,0.2,111858.78357116523
2017-09-27,IS,0.2,112213.95836182748
2017-09-28,IS,0.2,112324.41046071751
2017-09-29,IS,0.2,112646.70494932399
2017-10-02,IS,0.2,113045.65957573889
2017-10-03,IS,0.2,113243.77897680197
2017-10-04,IS,0.2,113354.2477997459
2017-10-05,IS,0.2,113903.00289484537
2017-10-06,IS,0.2,113797.96869751955
2017-10-09,IS,0.2,113645.45263120091
2017-10-10,IS,0.2,113891.06241779705
2017-10-11,IS,0.2,114038.07255626495
2017-10-12,IS,0.2,113900.18300367038
2017-10-13,IS,0.2,114014.31284086821
2017-10-16,IS,0.2,114139.40837189322
2017-10-17,IS,0.2,114206.05638097889
2017-10-18,IS,0.2,114298.27160966492
2017-10-19,IS,0.2,114324.7509917442
2017-10-20,IS,0.2,114807.79550149749
2017-10-23,IS,0.2,114443.45405380045
2017-10-24,IS,0.2,114608.7434085997
2017-10-25,IS,0.2,114145.81065510481
2017-10-26,IS,0.2,114267.26234561451
2017-10-27,IS,0.2,115031.53774875958
2017-10-30,IS,0.2,114681.83120312274
2017-10-31,IS,0.2,114828.88337845117
2017-11-01,IS,0.2,114954.04575928579
2017-11-02,IS,0.2,114991.54098493894
2017-11-03,IS,0.2,115306.63108368193
2017-11-06,IS,0.2,115453.71662500102
2017-11-07,IS,0.2,115388.98475296116
2017-11-08,IS,0.2,115550.71339812207
2017-11-09,IS,0.2,115208.41169009442
2017-11-10,IS,0.2,115180.21280868107
2017-11-13,IS,0.2,115268.90081576043
2017-11-14,IS,0.2,115050.79930664865
2017-11-15,IS,0.2,114580.67019908433
2017-11-16,IS,0.2,115377.95940611286
2017-11-17,IS,0.2,115101.44368674446
2017-11-20,IS,0.2,115263.23084644541
2017-11-21,IS,0.2,115881.57485656987
2017-11-22,IS,0.2,115798.63938348081
2017-11-24,IS,0.2,116018.85767693107
2017-11-27,IS,0.2,115972.43025107584
2017-11-28,IS,0.2,116937.75764578444
2017-11-29,IS,0.2,116880.38957208864
2017-11-30,IS,0.2,117721.50871675952
2017-12-01,IS,0.2,117521.67842254613
2017-12-04,IS,0.2,117062.54053228145
2017-12-05,IS,0.2,117094.66611354597
2017-12-06,IS,0.2,117079.30984385604
2017-12-07,IS,0.2,117448.46281137769
2017-12-08,IS,0.2,118088.92097189718
2017-12-11,IS,0.2,118382.23159693004
2017-12-12,IS,0.2,118555.01966541751
2017-12-13,IS,0.2,118545.15156008127
2017-12-14,IS,0.2,117651.4063149726
2017-12-15,IS,0.2,118459.6964788602
2017-12-18,IS,0.2,119210.87612333611
2017-12-19,IS,0.2,118753.0565767029
2017-12-20,IS,0.2,118703.08154895337
2017-12-21,IS,0.2,118947.57353431804
2017-12-22,IS,0.2,118916.45637254436
2017-12-26,IS,0.2,118774.20649015036
2017-12-27,IS,0.2,118831.99550487293
2017-12-28,IS,0.2,119076.48749023759
2017-12-29,IS,0.2,118627.51129893158
2018-01-02,IS,0.2,119326.33911641575
2018-01-03,IS,0.2,119948.44027179871
2018-01-04,IS,0.2,120366.0040493755
2018-01-05,IS,0.2,121028.26554019295
2018-01-08,IS,0.2,121212.10596225256
2018-01-09,IS,0.2,121439.76750823177
2018-01-10,IS,0.2,121287.55707223866
2018-01-11,IS,0.2,122019.2490574866
2018-01-12,IS,0.2,122677.89202373261
2018-01-16,IS,0.2,122332.12691038498
2018-01-17,IS,0.2,123297.58458081904
2018-01-18,IS,0.2,123127.1374163494
2018-01-19,IS,0.2,123592.20897847283
2018-01-22,IS,0.2,124426.17849989077
2018-01-23,IS,0.2,124646.53575830055
2018-01-24,IS,0.2,124607.56042319718
2018-01-25,IS,0.2,124652.58320280435
2018-01-26,IS,0.2,125851.773222601
2018-01-29,IS,0.2,125159.01716521947
2018-01-30,IS,0.2,124093.71083247851
2018-01-31,IS,0.2,124146.07241368869
2018-02-01,IS,0.2,124030.43797774047
2018-02-02,IS,0.2,121792.72763285067
2018-02-05,IS,0.2,117586.36968333686
2018-02-06,IS,0.2,119903.07912278426
2018-02-07,IS,0.2,119252.6183955548
2018-02-08,IS,0.2,114779.58709323715
2018-02-09,IS,0.2,116503.75354144127
2018-02-12,IS,0.2,118214.55435826394
2018-02-13,IS,0.2,118508.59824865534
2018-02-14,IS,0.2,119821.16818197217
2018-02-15,IS,0.2,121078.95138386058
2018-02-16,IS,0.2,121109.54390379916
2018-02-20,IS,0.2,120486.38108248563
2018-02-21,IS,0.2,119994.68975933114
2018-02-22,IS,0.2,120123.907291247
2018-02-23,IS,0.2,122038.60418631091
2018-02-26,IS,0.2,123455.74643578974
2018-02-27,IS,0.2,122189.79095237172
2018-02-28,IS,0.2,121175.8462024266
2018-03-01,IS,0.2,119413.85616929727
2018-03-02,IS,0.2,120029.43749732726
2018-03-05,IS,0.2,121416.72585252533
2018-03-06,IS,0.2,121724.5165165403
2018-03-07,IS,0.2,121689.4623957598
2018-03-08,IS,0.2,122173.04813874578
2018-03-09,IS,0.2,123916.7307321188
2018-03-12,IS,0.2,123790.39180810587
2018-03-13,IS,0.2,123134.46461346991
2018-03-14,IS,0.2,122617.35705478258
2018-03-15,IS,0.2,122107.56326850079
2018-03-16,IS,0.2,122218.69558862053
2018-03-19,IS,0.2,120565.04365341345
2018-03-20,IS,0.2,120770.07866424773
2018-03-21,IS,0.2,120538.2999563481
2018-03-22,IS,0.2,117525.17675365273
2018-03-23,IS,0.2,115020.18379519886
2018-03-26,IS,0.2,118167.02548322098
2018-03-27,IS,0.2,116156.79092047598
2018-03-28,IS,0.2,115876.9918050081
2018-03-29,IS,0.2,117091.04662081749
2018-04-02,IS,0.2,115017.92590963183
2018-04-03,IS,0.2,116224.69266607982
2018-04-04,IS,0.2,117245.15105042046
2018-04-05,IS,0.2,118006.29359776358
2018-04-06,IS,0.2,115845.48108282273
2018-04-09,IS,0.2,116314.46078542012
2018-04-10,IS,0.2,117831.67833604294
2018-04-11,IS,0.2,117325.4279442582
2018-04-12,IS,0.2,118119.46806021166
2018-04-13,IS,0.2,117836.04257103226
2018-04-16,IS,0.2,118633.76866375186
2018-04-17,IS,0.2,119679.87008916699
2018-04-18,IS,0.2,119754.4270934892
2018-04-19,IS,0.2,119208.0752968877
2018-04-20,IS,0.2,118376.8238376414
2018-04-23,IS,0.2,118363.77225990898
2018-04-24,IS,0.2,117054.0995007117
2018-04-25,IS,0.2,117293.05083681489
2018-04-26,IS,0.2,118273.42551673991
2018-04-27,IS,0.2,118366.25389722153
2018-04-30,IS,0.2,117619.05956434747
2018-05-01,IS,0.2,117792.26717235999
2018-05-02,IS,0.2,117000.99901790755
2018-05-03,IS,0.2,116743.17006870398
2018-05-04,IS,0.2,118254.58115024227
2018-05-07,IS,0.2,118654.6605541789
2018-05-08,IS,0.2,118656.23100903258
2018-05-09,IS,0.2,119600.14320356987
2018-05-10,IS,0.2,120522.1575885634
2018-05-11,IS,0.2,120826.92410745154
2018-05-14,IS,0.2,120876.0273448364
2018-05-15,IS,0.2,120190.97897911238
2018-05-16,IS,0.2,120608.97195240887
2018-05-17,IS,0.2,120526.5788015657
2018-05-18,IS,0.2,120279.81692428859
2018-05-21,IS,0.2,121026.53956179865
2018-05-22,IS,0.2,120750.57510328456
2018-05-23,IS,0.2,121026.12297189579
2018-05-24,IS,0.2,120823.19103675651
2018-05-25,IS,0.2,120587.37872763956
2018-05-29,IS,0.2,119445.78307939018
2018-05-30,IS,0.2,120758.64529171694
2018-05-31,IS,0.2,120150.30822892739
2018-06-01,IS,0.2,121123.47561843449
2018-06-04,IS,0.2,121599.92615756807
2018-06-05,IS,0.2,121674.60684291736
2018-06-06,IS,0.2,122516.31148000475
2018-06-07,IS,0.2,122506.9859669911
2018-06-08,IS,0.2,122808.11078778964
2018-06-11,IS,0.2,122944.88369971183
2018-06-12,IS,0.2,123077.98745584639
2018-06-13,IS,0.2,122754.55136866435
2018-06-14,IS,0.2,122555.29885532001
2018-06-15,IS,0.2,122429.09555481076
2018-06-18,IS,0.2,122177.28382578019
2018-06-19,IS,0.2,121709.00236477598
2018-06-20,IS,0.2,121916.6365974854
2018-06-21,IS,0.2,121152.36591112948
2018-06-22,IS,0.2,121336.59600177484
2018-06-25,IS,0.2,119972.18556772525
2018-06-26,IS,0.2,120192.94044816893
2018-06-27,IS,0.2,119372.74595970089
2018-06-28,IS,0.2,119936.83179605399
2018-06-29,IS,0.2,120109.50470535466
2018-07-02,IS,0.2,120366.30031405826
2018-07-03,IS,0.2,119941.25930654889
2018-07-05,IS,0.2,120919.7391259194
2018-07-06,IS,0.2,121942.4940502388
2018-07-09,IS,0.2,122849.97996357949
2018-07-10,IS,0.2,123216.91123525324
2018-07-11,IS,0.2,122473.47957080523
2018-07-12,IS,0.2,123391.92324259871
2018-07-13,IS,0.2,123473.95499821987
2018-07-16,IS,0.2,123384.34695343769
2018-07-17,IS,0.2,123798.7862207973
2018-07-18,IS,0.2,124015.97613893948
2018-07-19,IS,0.2,123630.51122254145
2018-07-20,IS,0.2,123515.31958627951
2018-07-23,IS,0.2,123706.93424930281
2018-07-24,IS,0.2,124223.64291812999
2018-07-25,IS,0.2,125101.93622676212
2018-07-26,IS,0.2,124858.90922422768
2018-07-27,IS,0.2,124159.33404046018
2018-07-30,IS,0.2,123624.15336116235
2018-07-31,IS,0.2,124129.91383233163
2018-08-01,IS,0.2,123959.97038596586
2018-08-02,IS,0.2,124520.50946692181
2018-08-03,IS,0.2,124964.16166210738
2018-08-06,IS,0.2,125345.75620660865
2018-08-07,IS,0.2,125690.83483405759
2018-08-08,IS,0.2,125648.75344244202
2018-08-09,IS,0.2,125508.055926057
2018-08-10,IS,0.2,124812.17700304325
2018-08-13,IS,0.2,124426.76532980638
2018-08-14,IS,0.2,125085.97272290074
2018-08-15,IS,0.2,124313.40966418134
2018-08-16,IS,0.2,125147.92666733632
2018-08-17,IS,0.2,125514.91267582675
2018-08-20,IS,0.2,125739.4615972379
2018-08-21,IS,0.2,125985.94237175443
2018-08-22,IS,0.2,125925.62561867424
2018-08-23,IS,0.2,125788.59897789703
2018-08-24,IS,0.2,126418.59639220967
2018-08-27,IS,0.2,127249.50442782984
2018-08-28,IS,0.2,127302.44833220512
2018-08-29,IS,0.2,127874.04090836829
2018-08-30,IS,0.2,127444.84414950729
2018-08-31,IS,0.2,127450.28960936642
2018-09-04,IS,0.2,127269.4770438311
2018-09-05,IS,0.2,126986.40440835852
2018-09-06,IS,0.2,126670.45133830982
2018-09-07,IS,0.2,126467.73300691298
2018-09-10,IS,0.2,126652.17499194616
2018-09-11,IS,0.2,127000.98607955365
2018-09-12,IS,0.2,127028.38984230503
2018-09-13,IS,0.2,127654.78777376813
2018-09-14,IS,0.2,127674.88694193076
2018-09-17,IS,0.2,127114.24602461689
2018-09-18,IS,0.2,127689.52707571595
2018-09-19,IS,0.2,127804.59053030136
2018-09-20,IS,0.2,128182.6393632221
2018-09-21,IS,0.2,128089.53025072461
2018-09-24,IS,0.2,127737.13107340568
2018-09-25,IS,0.2,127640.39535826325
2018-09-26,IS,0.2,127324.50403652758
2018-09-27,IS,0.2,127622.20818883221
2018-09-28,IS,0.2,127635.02957322681
2018-10-01,IS,0.2,128005.82569570973
2018-10-02,IS,0.2,127945.63237192506
2018-10-03,IS,0.2,128005.97020994835
2018-10-04,IS,0.2,127175.1008381111
2018-10-05,IS,0.2,126585.30213568515
2018-10-08,IS,0.2,126587.20120729592
2018-10-09,IS,0.2,126435.71439746233
2018-10-10,IS,0.2,123113.91441102601
2018-10-11,IS,0.2,120876.89354308741
2018-10-12,IS,0.2,122555.67760302375
2018-10-15,IS,0.2,121867.2873138964
2018-10-16,IS,0.2,124532.02391696992
2018-10-17,IS,0.2,124554.23005532888
2018-10-18,IS,0.2,123077.022590427
2018-10-19,IS,0.2,123024.26373360245
2018-10-22,IS,0.2,122573.4138771884
2018-10-23,IS,0.2,122064.11616115826
2018-10-24,IS,0.2,119038.28636309148
2018-10-25,IS,0.2,120778.90969304605
2018-10-26,IS,0.2,118654.72492911696
2018-10-29,IS,0.2,117997.34564427995
2018-10-30,IS,0.2,119745.8851025879
2018-10-31,IS,0.2,121024.86792886941
2018-11-01,IS,0.2,122078.81661373551
2018-11-02,IS,0.2,121489.1698272724
2018-11-05,IS,0.2,122039.11539797332
2018-11-06,IS,0.2,122673.0588100216
2018-11-07,IS,0.2,124826.44103644906
2018-11-08,IS,0.2,124642.23505981067
2018-11-09,IS,0.2,123643.540760204
2018-11-12,IS,0.2,121749.99533750767
2018-11-13,IS,0.2,121565.81636412279
2018-11-14,IS,0.2,120734.70404170394
2018-11-15,IS,0.2,121994.77756279055
2018-11-16,IS,0.2,122312.03011597195
2018-11-19,IS,0.2,120623.05301347976
2018-11-20,IS,0.2,118806.24907096142
2018-11-21,IS,0.2,119137.10622013563
2018-11-23,IS,0.2,118341.42031714851
2018-11-26,IS,0.2,120251.96556443394
2018-11-27,IS,0.2,120656.55161680025
2018-11-28,IS,0.2,122915.9231411642
2018-11-29,IS,0.2,122698.90387930094
2018-11-30,IS,0.2,123310.99195684084
2018-12-03,IS,0.2,124646.27517801066
2018-12-04,IS,0.2,121342.97749211616
2018-12-06,IS,0.2,121195.39159797333
2018-12-07,IS,0.2,118379.29648487191
2018-12-10,IS,0.2,118603.8654731575
2018-12-11,IS,0.2,118630.81375175178
2018-12-12,IS,0.2,119228.16726059145
2018-12-13,IS,0.2,119187.74484270008
2018-12-14,IS,0.2,116986.96875750119
2018-12-17,IS,0.2,114691.87369722231
2018-12-18,IS,0.2,114566.11506378237
2018-12-19,IS,0.2,112850.40799328039
2018-12-20,IS,0.2,110366.67498284162
2018-12-21,IS,0.2,108107.51096068847
2018-12-24,IS,0.2,105250.99342969563
2018-12-26,IS,0.2,110568.78707229867
2018-12-27,IS,0.2,111417.65784801825
2018-12-28,IS,0.2,111302.76132976063
2018-12-31,IS,0.2,112097.36743145411
2019-01-02,IS,0.2,112194.33016746258
2019-01-03,IS,0.2,110015.80576958196
2019-01-04,IS,0.2,113005.51274028528
2019-01-07,IS,0.2,113896.5186056253
2019-01-08,IS,0.2,114771.50377045451
2019-01-09,IS,0.2,115211.83873831293
2019-01-10,IS,0.2,115546.23606985301
2019-01-11,IS,0.2,115584.78479356368
2019-01-14,IS,0.2,115009.7380418415
2019-01-15,IS,0.2,116089.2533127353
2019-01-16,IS,0.2,116321.38270625731
2019-01-17,IS,0.2,117046.5853001712
2019-01-18,IS,0.2,118326.95281617797
2019-01-22,IS,0.2,117014.09459964104
2019-01-23,IS,0.2,117216.98846580903
2019-01-24,IS,0.2,117270.09854988017
2019-01-25,IS,0.2,118086.58845492544
2019-01-28,IS,0.2,117350.81046066931
2019-01-29,IS,0.2,117224.99253797358
2019-01-30,IS,0.2,118750.08417889178
2019-01-31,IS,0.2,119610.4209800983
2019-02-01,IS,0.2,119659.9047648948
2019-02-04,IS,0.2,120355.88984562206
2019-02-05,IS,0.2,120774.28858900438
2019-02-06,IS,0.2,120644.8193725671
2019-02-07,IS,0.2,119697.20057383548
2019-02-08,IS,0.2,119819.75944108135
2019-02-11,IS,0.2,119876.59101735351
2019-02-12,IS,0.2,121149.67340009309
2019-02-13,IS,0.2,121476.77864726813
2019-02-14,IS,0.2,121256.00758956802
2019-02-15,IS,0.2,122350.12029637482
2019-02-19,IS,0.2,122527.48385495375
2019-02-20,IS,0.2,122734.06724728913
2019-02-21,IS,0.2,122374.52041304349
2019-02-22,IS,0.2,123004.79726118465
2019-02-25,IS,0.2,123145.65377917774
2019-02-26,IS,0.2,123074.6514385028
2019-02-27,IS,0.2,123032.86893168122
2019-02-28,IS,0.2,122844.98844954754
2019-03-01,IS,0.2,123482.55449484955
2019-03-04,IS,0.2,123112.06004939102
2019-03-05,IS,0.2,122975.32288354052
2019-03-06,IS,0.2,122360.12275644926
2019-03-07,IS,0.2,121514.8014876437
2019-03-08,IS,0.2,121315.97319990915
2019-03-11,IS,0.2,122771.70693712973
2019-03-12,IS,0.2,123157.27174824414
2019-03-13,IS,0.2,123835.02474578665
2019-03-14,IS,0.2,123318.42536746018
2019-03-15,IS,0.2,123828.16586295853
2019-03-18,IS,0.2,124277.15356044607
2019-03-19,IS,0.2,124307.96644164616
2019-03-20,IS,0.2,123999.59049523539
2019-03-21,IS,0.2,125163.16225877266
2019-03-22,IS,0.2,123163.68355629886
2019-03-25,IS,0.2,123089.04850220897
2019-03-26,IS,0.2,124006.57007934699
2019-03-27,IS,0.2,123358.12934935035
2019-03-28,IS,0.2,123747.33545975426
2019-03-29,IS,0.2,124395.84076580674
2019-04-01,IS,0.2,125621.45931635548
2019-04-02,IS,0.2,125674.63179333962
2019-04-03,IS,0.2,125841.04739669728
2019-04-04,IS,0.2,126120.68928414489
2019-04-05,IS,0.2,126630.43599515829
2019-04-08,IS,0.2,126712.83732009116
2019-04-09,IS,0.2,126174.31317554724
2019-04-10,IS,0.2,126534.30142573798
2019-04-11,IS,0.2,126507.1297114379
2019-04-12,IS,0.2,127221.41485776268
2019-04-15,IS,0.2,127154.06654131232
2019-04-16,IS,0.2,127225.51168798284
2019-04-17,IS,0.2,126968.24457087819
2019-04-18,IS,0.2,127178.47494732846
2019-04-22,IS,0.2,127271.84384534718
2019-04-23,IS,0.2,128227.20060443364
2019-04-24,IS,0.2,127991.84900951076
2019-04-25,IS,0.2,127928.15453368514
2019-04-26,IS,0.2,128426.92979084054
2019-04-29,IS,0.2,128597.00122504712
2019-04-30,IS,0.2,128653.83833604296
2019-05-01,IS,0.2,127848.69641625382
2019-05-02,IS,0.2,127620.67623898893
2019-05-03,IS,0.2,128869.79680798789
2019-05-06,IS,0.2,128339.46842606203
2019-05-07,IS,0.2,126555.48068819764
2019-05-08,IS,0.2,126411.44515596148
2019-05-09,IS,0.2,126095.74446779612
2019-05-10,IS,0.2,126623.76093524953
2019-05-13,IS,0.2,123981.43023749042
2019-05-14,IS,0.2,124911.2000975658
2019-05-15,IS,0.2,125519.56266216692
2019-05-16,IS,0.2,126485.84896494373
2019-05-17,IS,0.2,125808.52250679824
2019-05-20,IS,0.2,125120.2388781115
2019-05-21,IS,0.2,126057.29763129339
2019-05-22,IS,0.2,125737.9037815264
2019-05-23,IS,0.2,124465.21103813352
2019-05-24,IS,0.2,124700.96513807385
2019-05-28,IS,0.2,123742.38384668122
2019-05-29,IS,0.2,123057.73682157106
2019-05-30,IS,0.2,123393.82723729819
2019-05-31,IS,0.2,121731.06412791126
2019-06-03,IS,0.2,121421.5071660573
2019-06-04,IS,0.2,124057.16358412811
2019-06-05,IS,0.2,125131.76846599254
2019-06-06,IS,0.2,125805.83403110133
2019-06-07,IS,0.2,126848.75445049042
2019-06-10,IS,0.2,127332.85817662525
2019-06-11,IS,0.2,127309.25363492969
2019-06-12,IS,0.2,127124.91533798029
2019-06-13,IS,0.2,127561.45121639366
2019-06-14,IS,0.2,127446.47529961237
2019-06-17,IS,0.2,127488.58103344755
2019-06-18,IS,0.2,128597.19496069626
2019-06-19,IS,0.2,128840.14277199129
2019-06-20,IS,0.2,129341.78139806706
2019-06-21,IS,0.2,129187.1504457988
2019-06-24,IS,0.2,129057.50512992768
2019-06-25,IS,0.2,128007.43281811102
2019-06-26,IS,0.2,127879.75997618899
2019-06-27,IS,0.2,128333.21869060175
2019-06-28,IS,0.2,128993.59545916402
2019-07-01,IS,0.2,130164.66359541446
2019-07-02,IS,0.2,130447.83859827156
2019-07-03,IS,0.2,131315.41526827562
2019-07-05,IS,0.2,131193.1945810666
2019-07-08,IS,0.2,130596.18140819685
2019-07-09,IS,0.2,130733.31173969769
2019-07-10,IS,0.2,131253.8971333569
2019-07-11,IS,0.2,131511.4795680959
2019-07-12,IS,0.2,132002.7928297647
2019-07-15,IS,0.2,132041.21952356392
2019-07-16,IS,0.2,131663.25777658483
2019-07-17,IS,0.2,130945.60912810206
2019-07-18,IS,0.2,131345.53239668938
2019-07-19,IS,0.2,130615.908249922
2019-07-22,IS,0.2,130936.76706145224
2019-07-23,IS,0.2,131872.9715389309
2019-07-24,IS,0.2,132492.71253106464
2019-07-25,IS,0.2,131968.62519754042
2019-07-26,IS,0.2,132704.65254684511
2019-07-29,IS,0.2,132505.65173899455
2019-07-30,IS,0.2,132237.2189032607
2019-07-31,IS,0.2,131037.41035883075
2019-08-01,IS,0.2,130093.2648822076
2019-08-02,IS,0.2,129284.25147739508
2019-08-05,IS,0.2,126071.91436339979
2019-08-06,IS,0.2,127527.41406722742
2019-08-07,IS,0.2,127591.30213063279
2019-08-08,IS,0.2,129656.73532622383
2019-08-09,IS,0.2,128928.02329354627
2019-08-12,IS,0.2,127633.18097655372
2019-08-13,IS,0.2,129271.25965023793
2019-08-14,IS,0.2,126113.63030779574
2019-08-15,IS,0.2,126389.26371248711
2019-08-16,IS,0.2,128254.13252538875
2019-08-19,IS,0.2,129799.30954179293
2019-08-20,IS,0.2,128982.93248765697
2019-08-21,IS,0.2,129846.71199001854
2019-08-22,IS,0.2,129806.75232484809
2019-08-23,IS,0.2,127065.55896251393
2019-08-26,IS,0.2,128217.918634778
2019-08-27,IS,0.2,127807.00057492465
2019-08-28,IS,0.2,128546.61491851353
2019-08-29,IS,0.2,129896.18928350006
2019-08-30,IS,0.2,129850.52622734412
2019-09-03,IS,0.2,129227.76638557889
2019-09-04,IS,0.2,130434.87717799083
2019-09-05,IS,0.2,131817.30592036867
2019-09-06,IS,0.2,131903.10436362092
2019-09-09,IS,0.2,131959.6833113863
2019-09-10,IS,0.2,131935.89925841958
2019-09-11,IS,0.2,132712.01199279013
2019-09-12,IS,0.2,133093.65065024185
2019-09-13,IS,0.2,133022.3942516713
2019-09-16,IS,0.2,132684.5362656421
2019-09-17,IS,0.2,132963.94320986126
2019-09-18,IS,0.2,133031.47135096442
2019-09-19,IS,0.2,132520.57135459923
2019-09-20,IS,0.2,132004.99266184107
2019-09-23,IS,0.2,131981.20070328325
2019-09-24,IS,0.2,131128.28343945337
2019-09-25,IS,0.2,131769.19268583256
2019-09-26,IS,0.2,131544.41546279148
2019-09-27,IS,0.2,130961.67037415368
2019-09-30,IS,0.2,131463.77757981475
2019-10-01,IS,0.2,130176.12735012778
2019-10-02,IS,0.2,128285.79480556384
2019-10-03,IS,0.2,129336.80666330573
2019-10-04,IS,0.2,131087.00861285054
2019-10-07,IS,0.2,130624.78420206181
2019-10-08,IS,0.2,128964.52680572066
2019-10-09,IS,0.2,129966.88067447818
2019-10-10,IS,0.2,130845.90959928582
2019-10-11,IS,0.2,131957.83847999002
2019-10-14,IS,0.2,131838.8903475595
2019-10-15,IS,0.2,132910.63301894462
2019-10-16,IS,0.2,132736.8794354779
2019-10-17,IS,0.2,133059.85974774178
2019-10-18,IS,0.2,132582.95265864697
2019-10-21,IS,0.2,133322.3223987345
2019-10-22,IS,0.2,132965.93708465618
2019-10-23,IS,0.2,133285.2559286405
2019-10-24,IS,0.2,133503.04229453695
2019-10-25,IS,0.2,134049.73051913423
2019-10-28,IS,0.2,134672.21209796084
2019-10-29,IS,0.2,134640.88548621538
2019-10-30,IS,0.2,134982.09983688293
2019-10-31,IS,0.2,134687.7113665664
2019-11-01,IS,0.2,135715.4924965761
2019-11-04,IS,0.2,136166.19540879532
2019-11-05,IS,0.2,136043.491528125
2019-11-06,IS,0.2,136070.53836772573
2019-11-07,IS,0.2,136466.48318908413
2019-11-08,IS,0.2,136745.54007642102
2019-11-11,IS,0.2,136531.51571586414
2019-11-12,IS,0.2,136770.43373548772
2019-11-13,IS,0.2,136808.44788473035
2019-11-14,IS,0.2,136974.2980293084
2019-11-15,IS,0.2,137793.93759678214
2019-11-18,IS,0.2,137879.43393111072
2019-11-19,IS,0.2,137848.05181880487
2019-11-20,IS,0.2,137425.85718301916
2019-11-21,IS,0.2,137244.73411917768
2019-11-22,IS,0.2,137498.25321796618
2019-11-25,IS,0.2,138380.02303838034
2019-11-26,IS,0.2,138640.86622229617
2019-11-27,IS,0.2,139153.7478411165
2019-11-29,IS,0.2,138727.92030532492
2019-12-02,IS,0.2,137754.23420617104
2019-12-03,IS,0.2,136992.36206916094
2019-12-04,IS,0.2,137691.45277566905
2019-12-05,IS,0.2,137897.45273751105
2019-12-06,IS,0.2,138939.85533926598
2019-12-09,IS,0.2,138579.72505379256
2019-12-10,IS,0.2,138453.37093383164
2019-12-11,IS,0.2,138846.39074096686
2019-12-12,IS,0.2,140043.11397392923
2019-12-13,IS,0.2,140114.01910440624
2019-12-16,IS,0.2,140911.76274611047
2019-12-17,IS,0.2,140938.82900279798
2019-12-18,IS,0.2,140947.63308049538
2019-12-19,IS,0.2,140854.18179208084
2019-12-20,IS,0.2,141367.04032744482
2019-12-23,IS,0.2,141583.01591364024
2019-12-24,IS,0.2,141587.42357866463
2019-12-26,IS,0.2,142213.51431431941
2019-12-27,IS,0.2,142185.80618781416
2019-12-30,IS,0.2,141537.18091461537
2019-12-31,IS,0.2,141823.56479396138
2020-01-02,IS,0.2,142924.4364577084
2020-01-03,IS,0.2,142027.39641859758
2020-01-06,IS,0.2,142478.1506474956
2020-01-07,IS,0.2,142147.2604747819
2020-01-08,IS,0.2,142776.9658888651
2020-01-09,IS,0.2,143581.98920277707
2020-01-10,IS,0.2,143240.1419389211
2020-01-13,IS,0.2,144059.8041516304
2020-01-14,IS,0.2,143878.6939644702
2020-01-15,IS,0.2,144150.48821193722
2020-01-16,IS,0.2,145149.1017005801
2020-01-17,IS,0.2,145526.80767596592
2020-01-21,IS,0.2,145290.9014122586
2020-01-22,IS,0.2,145307.0049553741
2020-01-23,IS,0.2,145447.29203853826
2020-01-24,IS,0.2,144371.3022742388
2020-01-27,IS,0.2,142447.95282829928
2020-01-28,IS,0.2,143687.64822691013
2020-01-29,IS,0.2,143568.967126169
2020-01-30,IS,0.2,143957.63950357633
2020-01-31,IS,0.2,141785.92220513566
2020-02-03,IS,0.2,142660.37119939172
2020-02-04,IS,0.2,144466.19614916728
2020-02-05,IS,0.2,145855.64139635986
2020-02-06,IS,0.2,146266.22896984062
2020-02-07,IS,0.2,145617.59523820007
2020-02-10,IS,0.2,146524.92642839765
2020-02-11,IS,0.2,146738.2817492912
2020-02-12,IS,0.2,147528.73459035184
2020-02-13,IS,0.2,147398.7786666073
2020-02-14,IS,0.2,147597.53409322113
2020-02-18,IS,0.2,147281.29355083746
2020-02-19,IS,0.2,147870.8617847308
2020-02-20,IS,0.2,147364.6938067139
2020-02-21,IS,0.2,146098.79613579038
2020-02-24,IS,0.2,142060.65677553575
2020-02-25,IS,0.2,138493.68411702858
2020-02-26,IS,0.2,137984.27187735296
2020-02-27,IS,0.2,131787.16123990781
2020-02-28,IS,0.2,131233.45228373865
2020-03-02,IS,0.2,136916.72100985885
2020-03-03,IS,0.2,132996.46160018127
2020-03-04,IS,0.2,137606.5257191977
2020-03-05,IS,0.2,133808.5473225732
2020-03-06,IS,0.2,131982.7368652219
2020-03-09,IS,0.2,123498.390992887
2020-03-10,IS,0.2,128681.63120070148
2020-03-11,IS,0.2,122408.61360593738
2020-03-12,IS,0.2,112821.21162880195
2020-03-13,IS,0.2,120568.31399067373
2020-03-16,IS,0.2,107375.27889003082
2020-03-17,IS,0.2,112105.35635194136
2020-03-18,IS,0.2,106429.1357771595
2020-03-19,IS,0.2,106102.06636869066
2020-03-20,IS,0.2,102338.45393277927
2020-03-23,IS,0.2,100201.78303040126
2020-03-24,IS,0.2,109280.3926613235
2020-03-25,IS,0.2,110916.34013937086
2020-03-26,IS,0.2,116179.52686927366
2020-03-27,IS,0.2,113337.94211375894
2020-03-30,IS,0.2,116344.01099061553
2020-03-31,IS,0.2,114919.64448661178
2020-04-01,IS,0.2,110682.8716371454
2020-04-02,IS,0.2,112757.5399185978
2020-04-03,IS,0.2,111428.12898379468
2020-04-06,IS,0.2,117516.89407637296
2020-04-07,IS,0.2,117615.6257773058
2020-04-08,IS,0.2,120866.49155208176
2020-04-09,IS,0.2,122389.77115315253
2020-04-13,IS,0.2,121462.26212747164
2020-04-14,IS,0.2,124431.87243089911
2020-04-15,IS,0.2,122229.5578911825
2020-04-16,IS,0.2,122719.10221396593
2020-04-17,IS,0.2,125473.15174801133
2020-04-20,IS,0.2,123628.76124578419
2020-04-21,IS,0.2,120506.00347296867
2020-04-22,IS,0.2,123180.58002236136
2020-04-23,IS,0.2,123171.75303704984
2020-04-24,IS,0.2,124592.65892068433
2020-04-27,IS,0.2,126082.96143760276
2020-04-28,IS,0.2,125600.93017339609
2020-04-29,IS,0.2,128333.05031633502
2020-04-30,IS,0.2,127336.0061317252
2020-05-01,IS,0.2,124527.36987094299
2020-05-04,IS,0.2,124812.37088030088
2020-05-05,IS,0.2,125769.4234920992
2020-05-06,IS,0.2,125060.94848870207
2020-05-07,IS,0.2,126313.8330474968
2020-05-08,IS,0.2,128403.84224280437
2020-05-11,IS,0.2,128430.18689652675
2020-05-12,IS,0.2,126300.91741320748
2020-05-13,IS,0.2,124449.23446167224
2020-05-14,IS,0.2,125938.5594621546
2020-05-15,IS,0.2,126517.49588667444
2020-05-18,IS,0.2,129702.54934695389
2020-05-19,IS,0.2,128595.96893714738
2020-05-20,IS,0.2,130407.69084757651
2020-05-21,IS,0.2,129507.3582229258
2020-05-22,IS,0.2,129711.9994945182
2020-05-26,IS,0.2,131041.61401354724
2020-05-27,IS,0.2,132667.0859886332
2020-05-28,IS,0.2,132462.6783311251
2020-05-29,IS,0.2,132955.88080428322
2020-06-01,IS,0.2,133405.2538258181
2020-06-02,IS,0.2,134329.45456715193
2020-06-03,IS,0.2,135827.0992961022
2020-06-04,IS,0.2,135527.72782909687
2020-06-05,IS,0.2,138442.5161979192
2020-06-08,IS,0.2,139852.51067759737
2020-06-09,IS,0.2,138972.4335814941
2020-06-10,IS,0.2,138318.79135099388
2020-06-11,IS,0.2,131602.07488717744
2020-06-12,IS,0.2,132917.09690459966
2020-06-15,IS,0.2,134157.965236374
2020-06-16,IS,0.2,136740.1947577776
2020-06-17,IS,0.2,136265.527024852
2020-06-18,IS,0.2,135810.48598553846
2020-06-19,IS,0.2,135162.7617727411
2020-06-22,IS,0.2,135886.0901699807
2020-06-23,IS,0.2,136408.5335784337
2020-06-24,IS,0.2,133501.31344335276
2020-06-25,IS,0.2,134692.15600107508
2020-06-26,IS,0.2,132025.98895289644
2020-06-29,IS,0.2,133636.84595864837
2020-06-30,IS,0.2,135348.67575316568
2020-07-01,IS,0.2,136137.73212557053
2020-07-02,IS,0.2,136762.42805256593
2020-07-06,IS,0.2,138523.04630221138
2020-07-07,IS,0.2,137328.82897702593
2020-07-08,IS,0.2,138205.55327364136
2020-07-09,IS,0.2,137418.75462764045
2020-07-10,IS,0.2,138591.3090272103
2020-07-13,IS,0.2,137587.00959548375
2020-07-14,IS,0.2,139077.34545651067
2020-07-15,IS,0.2,140147.65803274987
2020-07-16,IS,0.2,139760.59649284754
2020-07-17,IS,0.2,140100.37337062112
2020-07-20,IS,0.2,141050.128058052
2020-07-21,IS,0.2,141302.26396370286
2020-07-22,IS,0.2,141978.08457548503
2020-07-23,IS,0.2,140553.7349661508
2020-07-24,IS,0.2,139794.12308458769
2020-07-27,IS,0.2,140648.8960296987
2020-07-28,IS,0.2,139900.2415120706
2020-07-29,IS,0.2,141343.0596096834
2020-07-30,IS,0.2,140919.45559866595
2020-07-31,IS,0.2,141854.56460911914
2020-08-03,IS,0.2,142683.76140959904
2020-08-04,IS,0.2,143147.70380847642
2020-08-05,IS,0.2,143896.54661375596
2020-08-06,IS,0.2,144707.48114347755
2020-08-07,IS,0.2,144795.2297106675
2020-08-10,IS,0.2,145160.57377571802
2020-08-11,IS,0.2,144148.94254822645
2020-08-12,IS,0.2,145843.78000045626
2020-08-13,IS,0.2,145621.06994874473
2020-08-14,IS,0.2,145624.81206758614
2020-08-17,IS,0.2,146015.71434873316
2020-08-18,IS,0.2,146282.42421554387
2020-08-19,IS,0.2,145767.52678313022
2020-08-20,IS,0.2,146151.13312321928
2020-08-21,IS,0.2,146589.5173124794
2020-08-24,IS,0.2,147846.0692116219
2020-08-25,IS,0.2,148284.46236837286
2020-08-26,IS,0.2,149544.65775610827
2020-08-27,IS,0.2,149822.34292196756
2020-08-28,IS,0.2,150644.2348207765
2020-08-31,IS,0.2,150180.47175278026
2020-09-01,IS,0.2,151382.23683937066
2020-09-02,IS,0.2,153245.09616527453
2020-09-03,IS,0.2,148749.02348739724
2020-09-04,IS,0.2,147719.12999570882
2020-09-08,IS,0.2,144300.54928843555
2020-09-09,IS,0.2,146703.97186133292
2020-09-10,IS,0.2,144156.65312334217
2020-09-11,IS,0.2,144218.84177338093
2020-09-14,IS,0.2,145826.01861728405
2020-09-15,IS,0.2,146450.68523930362
2020-09-16,IS,0.2,145957.70963975866
2020-09-17,IS,0.2,144380.2135530033
2020-09-18,IS,0.2,142718.10550426974
2020-09-21,IS,0.2,141129.71104409828
2020-09-22,IS,0.2,142567.03537898176
2020-09-23,IS,0.2,139260.75777982036
2020-09-24,IS,0.2,139574.95384655579
2020-09-25,IS,0.2,141831.4515548015
2020-09-28,IS,0.2,144187.183387884
2020-09-29,IS,0.2,143522.51571547912
2020-09-30,IS,0.2,144443.02201485116
2020-10-01,IS,0.2,145228.37872317494
2020-10-02,IS,0.2,144059.67235024166
2020-10-05,IS,0.2,146222.0131323151
2020-10-06,IS,0.2,144457.96547986844
2020-10-07,IS,0.2,146587.43417341658
2020-10-08,IS,0.2,147886.57154635855
2020-10-09,IS,0.2,149007.96361560174
2020-10-12,IS,0.2,151046.12172905868
2020-10-13,IS,0.2,150206.1546669531
2020-10-14,IS,0.2,149402.72100709516
2020-10-15,IS,0.2,149245.7629108281
2020-10-16,IS,0.2,149169.1588108628
2020-10-19,IS,0.2,147240.76035180807
2020-10-20,IS,0.2,147741.23518285988
2020-10-21,IS,0.2,147461.56891555001
2020-10-22,IS,0.2,148270.44981176927
2020-10-23,IS,0.2,148773.849092927
2020-10-26,IS,0.2,146024.5145573732
2020-10-27,IS,0.2,145597.26495250937
2020-10-28,IS,0.2,141375.1152700131
2020-10-29,IS,0.2,142587.80891702202
2020-10-30,IS,0.2,141101.34894164608
2020-11-02,IS,0.2,142682.8732177728
2020-11-03,IS,0.2,145202.07718766865
2020-11-04,IS,0.2,147945.1595718626
2020-11-05,IS,0.2,150392.393153411
2020-11-06,IS,0.2,150363.26268057743
2020-11-09,IS,0.2,151970.44067672794
2020-11-10,IS,0.2,151780.6022128847
2020-11-11,IS,0.2,152741.2868721707
2020-11-12,IS,0.2,151477.626827778
2020-11-13,IS,0.2,153263.7572563
2020-11-16,IS,0.2,154896.48460207193
2020-11-17,IS,0.2,154184.33625028335
2020-11-18,IS,0.2,152599.25130721528
2020-11-19,IS,0.2,153147.1818764941
2020-11-20,IS,0.2,152098.4631230774
2020-11-23,IS,0.2,153010.20636584374
2020-11-24,IS,0.2,155475.76555754984
2020-11-25,IS,0.2,155236.05841391176
2020-11-27,IS,0.2,155605.0376474596
2020-11-30,IS,0.2,155017.0648013109
2020-12-01,IS,0.2,156463.51807102255
2020-12-02,IS,0.2,156744.83840081724
2020-12-03,IS,0.2,156708.38616347517
2020-12-04,IS,0.2,157862.6430853847
2020-12-07,IS,0.2,157585.12886090128
2020-12-08,IS,0.2,157979.675276892
2020-12-09,IS,0.2,156767.13273724396
2020-12-10,IS,0.2,156723.37559239098
2020-12-11,IS,0.2,156566.392362669
2020-12-14,IS,0.2,155967.47119434425
2020-12-15,IS,0.2,157768.20350100732
2020-12-16,IS,0.2,157980.12720071117
2020-12-17,IS,0.2,158159.16977290236
2020-12-18,IS,0.2,157618.6788367937
2020-12-21,IS,0.2,157136.6362092813
2020-12-22,IS,0.2,156910.26538712066
2020-12-23,IS,0.2,157030.87772926217
2020-12-24,IS,0.2,157553.2600510761
2020-12-28,IS,0.2,158711.18750901066
2020-12-29,IS,0.2,158451.95363766156
2020-12-30,IS,0.2,158645.6060293795
2020-12-31,IS,0.2,159336.0012528889
2021-01-04,IS,0.2,157476.98333479287
2021-01-05,IS,0.2,158404.78809215443
2021-01-06,IS,0.2,159215.71431035004
2021-01-07,IS,0.2,161242.9078300559
2021-01-08,IS,0.2,162031.91028365152
2021-01-11,IS,0.2,161093.3018261345
2021-01-12,IS,0.2,161122.60281281202
2021-01-13,IS,0.2,161495.23450943368
2021-01-14,IS,0.2,161009.5394322118
2021-01-15,IS,0.2,160001.54338208403
2021-01-19,IS,0.2,161079.09877067467
2021-01-20,IS,0.2,162993.05716829
2021-01-21,IS,0.2,163120.97442434495
2021-01-22,IS,0.2,162624.31294615674
2021-01-25,IS,0.2,163175.91490829052
2021-01-26,IS,0.2,162956.8309224257
2021-01-27,IS,0.2,159530.9010497964
2021-01-28,IS,0.2,160707.05462907077
2021-01-29,IS,0.2,157945.85337112573
2021-02-01,IS,0.2,160195.82853198363
2021-02-02,IS,0.2,162138.9975269439
2021-02-03,IS,0.2,162248.60731578202
2021-02-04,IS,0.2,163833.8086653165
2021-02-05,IS,0.2,164389.0088463944
2021-02-08,IS,0.2,165411.74126445854
2021-02-09,IS,0.2,165316.81360947728
2021-02-10,IS,0.2,165254.7670833717
2021-02-11,IS,0.2,165484.91690599718
2021-02-12,IS,0.2,166189.8767556226
2021-02-16,IS,0.2,166065.7294660355
2021-02-17,IS,0.2,166098.63771390048
2021-02-18,IS,0.2,165488.70495513678
2021-02-19,IS,0.2,165236.7217631769
2021-02-22,IS,0.2,164141.01257487226
2021-02-23,IS,0.2,164312.71408854282
2021-02-24,IS,0.2,166123.33418959592
2021-02-25,IS,0.2,162675.45383297655
2021-02-26,IS,0.2,161955.9568818541
2021-03-01,IS,0.2,165323.56549677716
2021-03-02,IS,0.2,164213.25592947743
2021-03-03,IS,0.2,162343.24499516698
2021-03-04,IS,0.2,160619.3230958509
2021-03-05,IS,0.2,163574.1728676965
2021-03-08,IS,0.2,162759.777043133
2021-03-09,IS,0.2,164750.41097438196
2021-03-10,IS,0.2,165630.68951964122
2021-03-11,IS,0.2,167073.44603609393
2021-03-12,IS,0.2,167267.06316216363
2021-03-15,IS,0.2,168125.42698145122
2021-03-16,IS,0.2,167942.8227861565
2021-03-17,IS,0.2,168435.92264710972
2021-03-18,IS,0.2,165858.10632408044
2021-03-19,IS,0.2,165594.33167921155
2021-03-22,IS,0.2,166916.60335303907
2021-03-23,IS,0.2,165602.83503402717
2021-03-24,IS,0.2,164879.6675947412
2021-03-25,IS,0.2,165675.92116840507
2021-03-26,IS,0.2,168345.78204840914
2021-03-29,IS,0.2,168260.75463184848
2021-03-30,IS,0.2,167877.26573688848
2021-03-31,IS,0.2,168461.68665314128
2021-04-01,IS,0.2,170024.9559310418
2021-04-05,IS,0.2,172125.14540592776
2021-04-06,IS,0.2,172037.5053140418
2021-04-07,IS,0.2,172209.18948158997
2021-04-08,IS,0.2,172914.12257905546
2021-04-09,IS,0.2,173998.9203361303
2021-04-12,IS,0.2,174053.72596425927
2021-04-13,IS,0.2,174499.35361509782
2021-04-14,IS,0.2,173984.3763634134
2021-04-15,IS,0.2,175598.780002468
2021-04-16,IS,0.2,176106.4899710583
2021-04-19,IS,0.2,175357.75564050558
2021-04-20,IS,0.2,174247.43773495196
2021-04-21,IS,0.2,175671.9231538959
2021-04-22,IS,0.2,174284.01871720015
2021-04-23,IS,0.2,175916.69403461827
2021-04-26,IS,0.2,176234.48578318377
2021-04-27,IS,0.2,176201.62310044546
2021-04-28,IS,0.2,176157.80305463684
2021-04-29,IS,0.2,177129.36532036078
2021-04-30,IS,0.2,176121.29732404306
2021-05-03,IS,0.2,176450.0558422598
2021-05-04,IS,0.2,175507.74143091883
2021-05-05,IS,0.2,175555.2421506154
2021-05-06,IS,0.2,176767.8758105345
2021-05-07,IS,0.2,177881.89320280196
2021-05-10,IS,0.2,176355.18609423796
2021-05-11,IS,0.2,174992.83002524855
2021-05-12,IS,0.2,171275.06149184235
2021-05-13,IS,0.2,173332.5083961251
2021-05-14,IS,0.2,175994.09268708638
2021-05-17,IS,0.2,175606.95144588975
2021-05-18,IS,0.2,174299.39170648783
2021-05-19,IS,0.2,173904.93609621358
2021-05-20,IS,0.2,175775.79190487164
2021-05-21,IS,0.2,175631.87991959025
2021-05-24,IS,0.2,177176.88722171314
2021-05-25,IS,0.2,176837.22807511428
2021-05-26,IS,0.2,177140.40089554165
2021-05-27,IS,0.2,177220.7740001451
2021-05-28,IS,0.2,177494.7176313675
2021-06-01,IS,0.2,177359.5959288707
2021-06-02,IS,0.2,177600.6770252648
2021-06-03,IS,0.2,177030.91325419428
2021-06-04,IS,0.2,178429.8223821102
2021-06-07,IS,0.2,178280.09086224198
2021-06-08,IS,0.2,178312.9820602898
2021-06-09,IS,0.2,178082.90609899594
2021-06-10,IS,0.2,178798.81581646265
2021-06-11,IS,0.2,179054.51628485334
2021-06-14,IS,0.2,179401.52811222858
2021-06-15,IS,0.2,179116.66533570096
2021-06-16,IS,0.2,178251.07187076
2021-06-17,IS,0.2,177697.445489961
2021-06-18,IS,0.2,175625.04317785343
2021-06-21,IS,0.2,177794.64883914852
2021-06-22,IS,0.2,178745.17385907934
2021-06-23,IS,0.2,178558.94671495046
2021-06-24,IS,0.2,179472.10833268007
2021-06-25,IS,0.2,180023.68657472535
2021-06-28,IS,0.2,180337.84567794978
2021-06-29,IS,0.2,180421.89055100834
2021-06-30,IS,0.2,180553.42693650344
2021-07-01,IS,0.2,181419.10664805528
2021-07-02,IS,0.2,182620.81216064
2021-07-06,IS,0.2,182332.31629524898
2021-07-07,IS,0.2,182891.18984101326
2021-07-08,IS,0.2,181598.2786331747
2021-07-09,IS,0.2,183278.46527289937
2021-07-12,IS,0.2,183848.2961820617
2021-07-13,IS,0.2,183304.1285121241
2021-07-14,IS,0.2,183541.5956807979
2021-07-15,IS,0.2,182997.42801106995
2021-07-16,IS,0.2,181751.98910469795
2021-07-19,IS,0.2,179425.42370844822
2021-07-20,IS,0.2,181996.6659852782
2021-07-21,IS,0.2,183470.16935902808
2021-07-22,IS,0.2,183802.59181823707
2021-07-23,IS,0.2,185438.94048335563
2021-07-26,IS,0.2,185833.4546668458
2021-07-27,IS,0.2,185099.36045380615
2021-07-28,IS,0.2,185033.66538838102
2021-07-29,IS,0.2,185698.47101728016
2021-07-30,IS,0.2,184916.90472054482
2021-08-02,IS,0.2,184580.92803295772
2021-08-03,IS,0.2,185881.25089785983
2021-08-04,IS,0.2,185088.71741571554
2021-08-05,IS,0.2,186104.1488408872
2021-08-06,IS,0.2,186370.83694551082
2021-08-09,IS,0.2,186239.4075252509
2021-08-10,IS,0.2,186440.34162891604
2021-08-11,IS,0.2,186842.1607223696
2021-08-12,IS,0.2,187327.9960889888
2021-08-13,IS,0.2,187623.90382913142
2021-08-16,IS,0.2,188007.4704740068
2021-08-17,IS,0.2,186937.37010743565
2021-08-18,IS,0.2,185162.3460499581
2021-08-19,IS,0.2,185410.77188405464
2021-08-20,IS,0.2,186886.09971926172
2021-08-23,IS,0.2,188530.03644992103
2021-08-24,IS,0.2,188789.41065053633
2021-08-25,IS,0.2,189132.8012897442
2021-08-26,IS,0.2,188164.95082628372
2021-08-27,IS,0.2,189622.3300566458
2021-08-30,IS,0.2,190456.2050450126
2021-08-31,IS,0.2,190211.53073201212
2021-09-01,IS,0.2,190299.23979791751
2021-09-02,IS,0.2,190806.98111509442
2021-09-03,IS,0.2,190766.85427866827
2021-09-07,IS,0.2,190175.206834281
2021-09-08,IS,0.2,189974.37200630113
2021-09-09,IS,0.2,189269.48844465232
2021-09-10,IS,0.2,187976.56976380447
2021-09-13,IS,0.2,188457.6520409478
2021-09-14,IS,0.2,187440.62722698686
2021-09-15,IS,0.2,189006.25463769023
2021-09-16,IS,0.2,188103.963726808
2021-09-17,IS,0.2,186518.15203079733
2021-09-20,IS,0.2,183829.98578014848
2021-09-21,IS,0.2,183656.33751231636
2021-09-22,IS,0.2,185447.87939751134
2021-09-23,IS,0.2,187701.0715557235
2021-09-24,IS,0.2,188010.2501789368
2021-09-27,IS,0.2,187546.42954554598
2021-09-28,IS,0.2,184288.48132833725
2021-09-29,IS,0.2,184555.1515666803
2021-09-30,IS,0.2,182299.4538918752
2021-10-01,IS,0.2,184465.9431840609
2021-10-04,IS,0.2,182087.0529808766
2021-10-05,IS,0.2,183716.08814558305
2021-10-06,IS,0.2,184373.57045112122
2021-10-07,IS,0.2,185746.94394118496
2021-10-08,IS,0.2,185454.7982440933
2021-10-11,IS,0.2,184297.02086425212
2021-10-12,IS,0.2,183906.26903004514
2021-10-13,IS,0.2,184567.89390824927
2021-10-14,IS,0.2,187672.44141366862
2021-10-15,IS,0.2,188903.3702214793
2021-10-18,IS,0.2,189385.55622385128
2021-10-19,IS,0.2,190645.70466675173
2021-10-20,IS,0.2,191292.24077760783
2021-10-21,IS,0.2,191723.2924193614
2021-10-22,IS,0.2,191551.68909218983
2021-10-25,IS,0.2,192439.2975289909
2021-10-26,IS,0.2,192589.1101856202
2021-10-27,IS,0.2,191851.376433399
2021-10-28,IS,0.2,193451.21347045654
2021-10-29,IS,0.2,193843.7549884517
2021-11-01,IS,0.2,194132.35067795048
2021-11-02,IS,0.2,194811.75898385994
2021-11-03,IS,0.2,195841.8029082418
2021-11-04,IS,0.2,196641.7318490666
2021-11-05,IS,0.2,197233.48125067132
2021-11-08,IS,0.2,197379.64157984254
2021-11-09,IS,0.2,196813.55259101556
2021-11-10,IS,0.2,195440.2815483154
2021-11-11,IS,0.2,195495.1201597027
2021-11-12,IS,0.2,196773.53098112854
2021-11-15,IS,0.2,196832.02204707943
2021-11-16,IS,0.2,197507.777899638
2021-11-17,IS,0.2,197091.44989925218
2021-11-18,IS,0.2,197672.24193870783
2021-11-19,IS,0.2,197365.48756926807
2021-11-22,IS,0.2,196883.41539074626
2021-11-23,IS,0.2,197109.92971715043
2021-11-24,IS,0.2,197636.18489591638
2021-11-26,IS,0.2,193228.27151857264
2021-11-29,IS,0.2,195284.66425445504
2021-11-30,IS,0.2,191982.89629186058
2021-12-01,IS,0.2,190134.81531928855
2021-12-02,IS,0.2,193046.98008222546
2021-12-03,IS,0.2,191367.2096827343
2021-12-06,IS,0.2,193633.6335634548
2021-12-07,IS,0.2,197638.91524465356
2021-12-08,IS,0.2,198091.89347888817
2021-12-09,IS,0.2,196934.1287851502
2021-12-10,IS,0.2,198537.61958622406
2021-12-13,IS,0.2,196778.89529325013
2021-12-14,IS,0.2,195606.509758478
2021-12-15,IS,0.2,198662.8614734542
2021-12-16,IS,0.2,196220.13146598326
2021-12-17,IS,0.2,194414.567565283
2021-12-20,IS,0.2,192628.59085407094
2021-12-21,IS,0.2,195579.84744541132
2021-12-22,IS,0.2,197271.01777919213
2021-12-23,IS,0.2,198333.95546787488
2021-12-27,IS,0.2,200766.55304520336
2021-12-28,IS,0.2,200624.17030027966
2021-12-29,IS,0.2,200847.02249544274
2021-12-30,IS,0.2,200364.9509996127
2021-12-31,IS,0.2,199926.71945208937
2022-01-03,IS,0.2,200931.22836799573
2022-01-04,IS,0.2,200863.93022364276
2022-01-05,IS,0.2,197514.72400938507
2022-01-06,IS,0.2,197354.12094250054
2022-01-07,IS,0.2,196573.88175853755
2022-01-10,IS,0.2,196329.26623059245
2022-01-11,IS,0.2,198117.49009005347
2022-01-12,IS,0.2,198581.4781908865
2022-01-13,IS,0.2,196211.16171050008
2022-01-14,IS,0.2,196280.69527508516
2022-01-18,IS,0.2,193274.89387073123
2022-01-19,IS,0.2,191543.80957173067
2022-01-20,IS,0.2,189717.76146062964
2022-01-21,IS,0.2,185993.47546620388
2022-01-24,IS,0.2,186783.34684016416
2022-01-25,IS,0.2,184502.91174437554
2022-01-26,IS,0.2,184040.03013275363
2022-01-27,IS,0.2,183131.25339067026
2022-01-28,IS,0.2,187679.38372137723
2022-01-31,IS,0.2,191059.69347230418
2022-02-01,IS,0.2,192170.2411488357
2022-02-02,IS,0.2,193777.52261957718
2022-02-03,IS,0.2,189851.34634758608
2022-02-04,IS,0.2,190618.6057520151
2022-02-07,IS,0.2,190006.85894505522
2022-02-08,IS,0.2,191570.21189617497
2022-02-09,IS,0.2,194374.05142807445
2022-02-10,IS,0.2,191372.16663871653
2022-02-11,IS,0.2,188136.4815073336
2022-02-14,IS,0.2,187610.99323870958
2022-02-15,IS,0.2,190636.56344537457
2022-02-16,IS,0.2,190850.23365770964
2022-02-17,IS,0.2,187366.1883661902
2022-02-18,IS,0.2,186332.92894979072
2022-02-22,IS,0.2,184333.2710521189
2022-02-23,IS,0.2,181063.44418940233
2022-02-24,IS,0.2,183788.29990833282
2022-02-25,IS,0.2,187843.40015146555
2022-02-28,IS,0.2,187434.71355795965
2022-03-01,IS,0.2,185006.18642700743
2022-03-02,IS,0.2,187895.65503468874
2022-03-03,IS,0.2,187099.8415785234
2022-03-04,IS,0.2,185807.24995705253
2022-03-07,IS,0.2,181154.4447108666
2022-03-08,IS,0.2,179993.36364718247
2022-03-09,IS,0.2,184819.1316671286
2022-03-10,IS,0.2,183984.56784289057
2022-03-11,IS,0.2,182009.04368504163
2022-03-14,IS,0.2,180888.2505612994
2022-03-15,IS,0.2,184866.05693455387
2022-03-16,IS,0.2,188965.3230443963
2022-03-17,IS,0.2,190457.4556740784
2022-03-18,IS,0.2,192216.97897169087
2022-03-21,IS,0.2,192170.13688099055
2022-03-22,IS,0.2,194070.01743073133
2022-03-23,IS,0.2,191955.8388043034
2022-03-24,IS,0.2,194399.94692678066
2022-03-25,IS,0.2,195349.31291323746
2022-03-28,IS,0.2,196526.10574629606
2022-03-29,IS,0.2,198586.7449201904
2022-03-30,IS,0.2,197546.45035842192
2022-03-31,IS,0.2,194968.43680197353
2022-04-01,IS,0.2,195436.5821012178
2022-04-04,IS,0.2,197110.815825833
2022-04-05,IS,0.2,194621.04041577372
2022-04-06,IS,0.2,192974.5780456377
2022-04-07,IS,0.2,193797.18670184695
2022-04-08,IS,0.2,193359.72234534257
2022-04-11,IS,0.2,190566.50796992908
2022-04-12,IS,0.2,189972.0355653076
2022-04-13,IS,0.2,192147.8999896336
2022-04-14,IS,0.2,189755.3160011317
2022-04-18,IS,0.2,189822.01978904015
2022-04-19,IS,0.2,192886.25176819053
2022-04-20,IS,0.2,192743.22538161068
2022-04-21,IS,0.2,190315.3417013836
2022-04-22,IS,0.2,185926.09006378727
2022-04-25,IS,0.2,187004.0110159456
2022-04-26,IS,0.2,181588.22194052645
2022-04-27,IS,0.2,182098.81607575933
2022-04-28,IS,0.2,186698.52734529346
2022-04-29,IS,0.2,179798.9604409923
2022-05-02,IS,0.2,180705.81618752668
2022-05-03,IS,0.2,181534.18197298385
2022-05-04,IS,0.2,187062.43363592983
2022-05-05,IS,0.2,181493.46445792608
2022-05-06,IS,0.2,180592.33198399853
2022-05-09,IS,0.2,175783.15769339728
2022-05-10,IS,0.2,176120.25549871754
2022-05-11,IS,0.2,173322.38429206776
2022-05-12,IS,0.2,173141.4494033096
2022-05-13,IS,0.2,177280.88661440983
2022-05-16,IS,0.2,176561.56010544463
2022-05-17,IS,0.2,179568.81005576413
2022-05-18,IS,0.2,173558.1140216551
2022-05-19,IS,0.2,172682.7930189621
2022-05-20,IS,0.2,172758.16937292204
2022-05-23,IS,0.2,175990.48478684964
2022-05-24,IS,0.2,174647.0121250937
2022-05-25,IS,0.2,175919.3609764719
2022-05-26,IS,0.2,178820.71674097975
2022-05-27,IS,0.2,182456.22810245643
2022-05-31,IS,0.2,181606.6232971091
2022-06-01,IS,0.2,180388.1084502343
2022-06-02,IS,0.2,183238.45225661347
2022-06-03,IS,0.2,180737.9993657513
2022-06-06,IS,0.2,181196.09566741105
2022-06-07,IS,0.2,182640.35472271076
2022-06-08,IS,0.2,180991.00945281042
2022-06-09,IS,0.2,177420.497710342
2022-06-10,IS,0.2,173170.73952627057
2022-06-13,IS,0.2,166595.76019074259
2022-06-14,IS,0.2,166093.75163336782
2022-06-15,IS,0.2,168461.6327048789
2022-06-16,IS,0.2,162185.6949801701
2022-06-17,IS,0.2,162474.96138532026
2022-06-21,IS,0.2,166565.03516862207
2022-06-22,IS,0.2,166263.05360807426
2022-06-23,IS,0.2,167605.43713701348
2022-06-24,IS,0.2,171997.71389810744
2022-06-27,IS,0.2,171455.59525296916
2022-06-28,IS,0.2,168557.64369586715
2022-06-29,IS,0.2,168446.5032458493
2022-06-30,IS,0.2,167077.99166402867
2022-07-01,IS,0.2,168845.09885220486
2022-07-05,IS,0.2,169163.97533728927
2022-07-06,IS,0.2,169637.37782941354
2022-07-07,IS,0.2,171736.18152281578
2022-07-08,IS,0.2,171621.63336160177
2022-07-11,IS,0.2,170002.50959822253
2022-07-12,IS,0.2,168763.2883961743
2022-07-13,IS,0.2,168035.61116810658
2022-07-14,IS,0.2,167702.4110512379
2022-07-15,IS,0.2,170342.2737264932
2022-07-18,IS,0.2,169183.73721872273
2022-07-19,IS,0.2,172956.03794049792
2022-07-20,IS,0.2,173872.1078728278
2022-07-21,IS,0.2,175343.3158237432
2022-07-22,IS,0.2,173994.84107835285
2022-07-25,IS,0.2,174173.24570726947
2022-07-26,IS,0.2,172466.90172752299
2022-07-27,IS,0.2,176177.01823886755
2022-07-28,IS,0.2,178017.0548266871
2022-07-29,IS,0.2,180182.14833981235
2022-08-01,IS,0.2,179739.56652654632
2022-08-02,IS,0.2,178752.76932048745
2022-08-03,IS,0.2,181089.65872693917
2022-08-04,IS,0.2,180990.33779140864
2022-08-05,IS,0.2,180737.70840380638
2022-08-08,IS,0.2,180565.51587822736
2022-08-09,IS,0.2,179969.6625652957
2022-08-10,IS,0.2,183128.50907404532
2022-08-11,IS,0.2,183131.59995442818
2022-08-12,IS,0.2,185731.59800319467
2022-08-15,IS,0.2,186377.6394916681
2022-08-16,IS,0.2,186687.6319236587
2022-08-17,IS,0.2,185576.79634726772
2022-08-18,IS,0.2,186032.89943736224
2022-08-19,IS,0.2,183935.97268951664
2022-08-22,IS,0.2,180728.79461698077
2022-08-23,IS,0.2,180366.8552471489
2022-08-24,IS,0.2,180944.23914171962
2022-08-25,IS,0.2,183498.72546315368
2022-08-26,IS,0.2,177287.47447610504
2022-08-29,IS,0.2,176312.06401154006
2022-08-30,IS,0.2,174376.5417629967
2022-08-31,IS,0.2,173049.70185053372
2022-09-01,IS,0.2,173592.69904243274
2022-09-02,IS,0.2,171762.27302457957
2016-09-06,IS,0.3,100000.38095238095
2016-09-07,IS,0.3,99994.13825249394
2016-09-08,IS,0.3,99834.76005191014
2016-09-09,IS,0.3,98163.72230968912
2016-09-12,IS,0.3,99142.10746401093
2016-09-13,IS,0.3,97716.88811385342
2016-09-14,IS,0.3,97691.70816954742
2016-09-15,IS,0.3,98024.42181906216
2016-09-16,IS,0.3,97762.7102604448
2016-09-19,IS,0.3,97775.84589645921
2016-09-20,IS,0.3,97779.39384397483
2016-09-21,IS,0.3,98546.66743219698
2016-09-22,IS,0.3,98981.52073513118
2016-09-23,IS,0.3,98601.42016094162
2016-09-26,IS,0.3,98042.43147257551
2016-09-27,IS,0.3,98651.07800850963
2016-09-28,IS,0.3,99140.74101110324
2016-09-29,IS,0.3,98514.65363045773
2016-09-30,IS,0.3,99032.73318198347
2016-10-03,IS,0.3,98866.92626067957
2016-10-04,IS,0.3,98515.76915292881
2016-10-05,IS,0.3,98819.75918322013
2016-10-06,IS,0.3,98868.08928097897
2016-10-07,IS,0.3,98631.98450073578
2016-10-10,IS,0.3,98990.3166723885
2016-10-11,IS,0.3,98118.25202365803
2016-10-12,IS,0.3,98208.17628391448
2016-10-13,IS,0.3,97984.81950983661
2016-10-14,IS,0.3,98020.35417992796
2016-10-17,IS,0.3,97784.26129957198
2016-10-18,IS,0.3,98209.71922025645
2016-10-19,IS,0.3,98471.66082315544
2016-10-20,IS,0.3,98344.24144795592
2016-10-21,IS,0.3,98376.60505575855
2016-10-24,IS,0.3,98667.82447053828
2016-10-25,IS,0.3,98438.12448891134
2016-10-26,IS,0.3,98301.0936406554
2016-10-27,IS,0.3,98119.2845269198
2016-10-28,IS,0.3,97918.30003205517
2016-10-31,IS,0.3,97921.90059293971
2016-11-01,IS,0.3,97430.14893900086
2016-11-02,IS,0.3,97024.7103294324
2016-11-03,IS,0.3,96718.35645315413
2016-11-04,IS,0.3,96645.30310581446
2016-11-07,IS,0.3,98115.9039965181
2016-11-08,IS,0.3,98557.80532345528
2016-11-09,IS,0.3,99283.55644212918
2016-11-10,IS,0.3,99456.96450579131
2016-11-11,IS,0.3,99297.74356200069
2016-11-14,IS,0.3,99352.73146623786
2016-11-15,IS,0.3,99893.44798462543
2016-11-16,IS,0.3,99762.97819628185
2016-11-17,IS,0.3,100121.44487184031
2016-11-18,IS,0.3,99965.37204889981
2016-11-21,IS,0.3,100493.24523035974
2016-11-22,IS,0.3,100631.25479480966
2016-11-23,IS,0.3,100670.21546376865
2016-11-25,IS,0.3,100932.86505643888
2016-11-28,IS,0.3,100601.0657544733
2016-11-29,IS,0.3,100739.06340524188
2016-11-30,IS,0.3,100497.37356048712
2016-12-01,IS,0.3,100127.9985147298
2016-12-02,IS,0.3,100178.16055798081
2016-12-05,IS,0.3,100780.10507699271
2016-12-06,IS,0.3,101099.31807949902
2016-12-07,IS,0.3,102026.7525022083
2016-12-08,IS,0.3,102203.13900769378
2016-12-09,IS,0.3,102638.42923712719
2016-12-12,IS,0.3,102555.94806549425
2016-12-13,IS,0.3,103039.1767853836
2016-12-14,IS,0.3,102439.00824895156
2016-12-15,IS,0.3,102311.78455030134
2016-12-16,IS,0.3,102171.77727378793
2016-12-19,IS,0.3,102394.24515000617
2016-12-20,IS,0.3,102789.23913431205
2016-12-21,IS,0.3,102503.20900774573
2016-12-22,IS,0.3,102379.18321742752
2016-12-23,IS,0.3,102529.0861833595
2016-12-27,IS,0.3,102783.46697403198
2016-12-28,IS,0.3,102186.47496474862
2016-12-29,IS,0.3,102171.06377656772
2016-12-30,IS,0.3,101797.62819690743
2017-01-03,IS,0.3,102576.3780032722
2017-01-04,IS,0.3,103186.62638954632
2017-01-05,IS,0.3,103129.7352520301
2017-01-06,IS,0.3,103389.25019852928
2017-01-09,IS,0.3,103150.1685015555
2017-01-10,IS,0.3,103150.80355923755
2017-01-11,IS,0.3,103355.97607407294
2017-01-12,IS,0.3,103174.44499685786
2017-01-13,IS,0.3,103341.27898054739
2017-01-17,IS,0.3,103086.27892682122
2017-01-18,IS,0.3,103246.72114312639
2017-01-19,IS,0.3,102978.90088538457
2017-01-20,IS,0.3,103244.77110494181
2017-01-23,IS,0.3,103056.83609731136
2017-01-24,IS,0.3,103520.86420519426
2017-01-25,IS,0.3,104151.06678380167
2017-01-26,IS,0.3,104074.98822846093
2017-01-27,IS,0.3,103960.5711306315
2017-01-30,IS,0.3,103507.37668828909
2017-01-31,IS,0.3,103501.62013357409
2017-02-01,IS,0.3,103531.00624874931
2017-02-02,IS,0.3,103579.57997857427
2017-02-03,IS,0.3,104081.95895857841
2017-02-06,IS,0.3,103951.57466798648
2017-02-07,IS,0.3,103955.41808866993
2017-02-08,IS,0.3,104051.95476998092
2017-02-09,IS,0.3,104487.2566071356
2017-02-10,IS,0.3,104778.7552862792
2017-02-13,IS,0.3,105182.07373940996
2017-02-14,IS,0.3,105479.952023497
2017-02-15,IS,0.3,105870.51135105756
2017-02-16,IS,0.3,105807.24101953318
2017-02-17,IS,0.3,105926.13686273551
2017-02-21,IS,0.3,106374.21016857495
2017-02-22,IS,0.3,106307.73176033852
2017-02-23,IS,0.3,106359.4893547916
2017-02-24,IS,0.3,106456.00174825432
2017-02-27,IS,0.3,106574.86099624663
2017-02-28,IS,0.3,106370.97126548944
2017-03-01,IS,0.3,107429.58329846985
2017-03-02,IS,0.3,106947.82161147725
2017-03-03,IS,0.3,106996.62782932955
2017-03-06,IS,0.3,106677.99849555375
2017-03-07,IS,0.3,106359.36916177797
2017-03-08,IS,0.3,106161.90872957889
2017-03-09,IS,0.3,106296.54084244189
2017-03-10,IS,0.3,106669.0230213629
2017-03-13,IS,0.3,106722.87586650811
2017-03-14,IS,0.3,106433.00008364831
2017-03-15,IS,0.3,107089.04905222762
2017-03-16,IS,0.3,106607.35851406537
2017-03-17,IS,0.3,106477.21673364387
2017-03-20,IS,0.3,106360.42106916787
2017-03-21,IS,0.3,104994.8102229869
2017-03-22,IS,0.3,105241.87797476305
2017-03-23,IS,0.3,105129.57445122843
2017-03-24,IS,0.3,105053.20805522491
2017-03-27,IS,0.3,104945.39667263166
2017-03-28,IS,0.3,105709.06063266707
2017-03-29,IS,0.3,105807.88773337755
2017-03-30,IS,0.3,106048.52507994353
2017-03-31,IS,0.3,105873.67154026493
2017-04-03,IS,0.3,105743.59694374578
2017-04-04,IS,0.3,105792.49264077704
2017-04-05,IS,0.3,105569.74919219998
2017-04-06,IS,0.3,105781.63572535559
2017-04-07,IS,0.3,105673.80531177216
2017-04-10,IS,0.3,105736.7063863625
2017-04-11,IS,0.3,105610.90423718182
2017-04-12,IS,0.3,105148.13204555289
2017-04-13,IS,0.3,104465.20609285774
2017-04-17,IS,0.3,105390.75047611562
2017-04-18,IS,0.3,105076.24510316394
2017-04-19,IS,0.3,104939.79652258324
2017-04-20,IS,0.3,105547.96803037371
2017-04-21,IS,0.3,105309.2267137111
2017-04-24,IS,0.3,106134.74339214776
2017-04-25,IS,0.3,106576.7644330817
2017-04-26,IS,0.3,106529.82521809667
2017-04-27,IS,0.3,106594.71837166836
2017-04-28,IS,0.3,106429.49489210911
2017-05-01,IS,0.3,106622.24809112471
2017-05-02,IS,0.3,106651.99850662828
2017-05-03,IS,0.3,106560.34097013208
2017-05-04,IS,0.3,106650.86167076297
2017-05-05,IS,0.3,106952.35981354739
2017-05-08,IS,0.3,106940.67207617736
2017-05-09,IS,0.3,106871.45822224102
2017-05-10,IS,0.3,107009.96570628167
2017-05-11,IS,0.3,106854.43860957302
2017-05-12,IS,0.3,106727.66258472542
2017-05-15,IS,0.3,107150.60506674132
2017-05-16,IS,0.3,107081.37936272884
2017-05-17,IS,0.3,105721.01108187306
2017-05-18,IS,0.3,106025.74160752262
2017-05-19,IS,0.3,106715.35448954141
2017-05-22,IS,0.3,107257.19318255615
2017-05-23,IS,0.3,107427.69687763012
2017-05-24,IS,0.3,107607.80049290154
2017-05-25,IS,0.3,107976.47429325916
2017-05-26,IS,0.3,107961.64042875696
2017-05-30,IS,0.3,107895.66005803942
2017-05-31,IS,0.3,107877.6791345339
2017-06-01,IS,0.3,108492.48597500619
2017-06-02,IS,0.3,108752.54823240911
2017-06-05,IS,0.3,108696.19229788672
2017-06-06,IS,0.3,108448.0947444212
2017-06-07,IS,0.3,108593.12920897879
2017-06-08,IS,0.3,108646.61018864336
2017-06-09,IS,0.3,108529.59389902418
2017-06-12,IS,0.3,108514.80978764778
2017-06-13,IS,0.3,108896.34141698932
2017-06-14,IS,0.3,108798.50065892386
2017-06-15,IS,0.3,108271.42795178521
2017-06-16,IS,0.3,108289.65792871096
2017-06-19,IS,0.3,109191.17914951543
2017-06-20,IS,0.3,108454.78805331376
2017-06-21,IS,0.3,108436.82232541652
2017-06-22,IS,0.3,108387.72559581869
2017-06-23,IS,0.3,108517.1624283948
2017-06-26,IS,0.3,108588.5758532644
2017-06-27,IS,0.3,107713.76139861192
2017-06-28,IS,0.3,108677.84263435139
2017-06-29,IS,0.3,107722.68807672063
2017-06-30,IS,0.3,107867.75376037705
2017-07-03,IS,0.3,108000.07232268207
2017-07-05,IS,0.3,108180.31726278503
2017-07-06,IS,0.3,107472.09059312925
2017-07-07,IS,0.3,107971.92539527813
2017-07-10,IS,0.3,108087.8755856989
2017-07-11,IS,0.3,108031.62563399116
2017-07-12,IS,0.3,108614.55524811163
2017-07-13,IS,0.3,108746.86335898911
2017-07-14,IS,0.3,109112.45988931731
2017-07-17,IS,0.3,109104.17292596395
2017-07-18,IS,0.3,109147.02037885222
2017-07-19,IS,0.3,109573.42422408918
2017-07-20,IS,0.3,109609.97725771586
2017-07-21,IS,0.3,109541.07789403136
2017-07-24,IS,0.3,109523.32511531275
2017-07-25,IS,0.3,109716.51380141507
2017-07-26,IS,0.3,109721.08379764536
2017-07-27,IS,0.3,109648.92799255268
2017-07-28,IS,0.3,109557.56037779922
2017-07-31,IS,0.3,109514.1191210166
2017-08-01,IS,0.3,109691.20701363699
2017-08-02,IS,0.3,109730.871367331
2017-08-03,IS,0.3,109578.7819235255
2017-08-04,IS,0.3,109723.91100940248
2017-08-07,IS,0.3,109872.16306293111
2017-08-08,IS,0.3,109678.50278685654
2017-08-09,IS,0.3,109676.5964188177
2017-08-10,IS,0.3,108562.50558712018
2017-08-11,IS,0.3,108678.81103772241
2017-08-14,IS,0.3,109756.16120448994
2017-08-15,IS,0.3,109742.80562391019
2017-08-16,IS,0.3,109881.4823917293
2017-08-17,IS,0.3,108652.2904801883
2017-08-18,IS,0.3,108532.09964583768
2017-08-21,IS,0.3,108617.06153011399
2017-08-22,IS,0.3,109752.86777254501
2017-08-23,IS,0.3,109359.36009800198
2017-08-24,IS,0.3,109178.45681384335
2017-08-25,IS,0.3,109361.89828466107
2017-08-28,IS,0.3,109366.30763329292
2017-08-29,IS,0.3,109457.06817649912
2017-08-30,IS,0.3,109829.06775740253
2017-08-31,IS,0.3,110303.31134516741
2017-09-01,IS,0.3,110416.43094255641
2017-09-05,IS,0.3,109848.83679474391
2017-09-06,IS,0.3,110118.61740125055
2017-09-07,IS,0.3,110110.33020466758
2017-09-08,IS,0.3,110018.93733943382
2017-09-11,IS,0.3,110860.75900254022
2017-09-12,IS,0.3,111130.49028157287
2017-09-13,IS,0.3,111170.12937592652
2017-09-14,IS,0.3,110751.30703495386
2017-09-15,IS,0.3,110859.53299892806
2017-09-18,IS,0.3,111095.3191560348
2017-09-19,IS,0.3,111206.53904146251
2017-09-20,IS,0.3,111236.59463680009
2017-09-21,IS,0.3,111023.76207067151
2017-09-22,IS,0.3,111041.02175336573
2017-09-25,IS,0.3,110879.3360840115
2017-09-26,IS,0.3,110928.59213831463
2017-09-27,IS,0.3,111239.92427885318
2017-09-28,IS,0.3,111337.11890797544
2017-09-29,IS,0.3,111619.6756511942
2017-10-02,IS,0.3,111969.28413767664
2017-10-03,IS,0.3,112143.19290468816
2017-10-04,IS,0.3,112240.41261989124
2017-10-05,IS,0.3,112721.1276664763
2017-10-06,IS,0.3,112629.77710572667
2017-10-09,IS,0.3,112496.87993314667
2017-10-10,IS,0.3,112712.34808679888
2017-10-11,IS,0.3,112841.5519355503
2017-10-12,IS,0.3,112721.46339766138
2017-10-13,IS,0.3,112821.89185027151
2017-10-16,IS,0.3,112931.92049170118
2017-10-17,IS,0.3,112990.80239380199
2017-10-18,IS,0.3,113072.05563748704
2017-10-19,IS,0.3,113095.7952227896
2017-10-20,IS,0.3,113519.03450288309
2017-10-23,IS,0.3,113200.80072871364
2017-10-24,IS,0.3,113346.00948209326
2017-10-25,IS,0.3,112941.52391651855
2017-10-26,IS,0.3,113048.36958114902
2017-10-27,IS,0.3,113717.6808353506
2017-10-30,IS,0.3,113412.2682783764
2017-10-31,IS,0.3,113541.53518241861
2017-11-01,IS,0.3,113651.66409856267
2017-11-02,IS,0.3,113685.07909730477
2017-11-03,IS,0.3,113961.39482367584
2017-11-06,IS,0.3,114090.71177670402
2017-11-07,IS,0.3,114034.70408017193
2017-11-08,IS,0.3,114176.85455306782
2017-11-09,IS,0.3,113877.98368455983
2017-11-10,IS,0.3,113853.94763422993
2017-11-13,IS,0.3,113932.19282947868
2017-11-14,IS,0.3,113742.00760423667
2017-11-15,IS,0.3,113331.29307550535
2017-11-16,IS,0.3,114029.5799797683
2017-11-17,IS,0.3,113788.29798272152
2017-11-20,IS,0.3,113930.53622742745
2017-11-21,IS,0.3,114472.26175104856
2017-11-22,IS,0.3,114400.3625728115
2017-11-24,IS,0.3,114593.72297456123
2017-11-27,IS,0.3,114553.75802743726
2017-11-28,IS,0.3,115399.09415042735
2017-11-29,IS,0.3,115349.5665834638
2017-11-30,IS,0.3,116086.20498650515
2017-12-01,IS,0.3,115912.01266374189
2017-12-04,IS,0.3,115510.93660903878
2017-12-05,IS,0.3,115539.72131715855
2017-12-06,IS,0.3,115526.9594405056
2017-12-07,IS,0.3,115891.21782196593
2017-12-08,IS,0.3,116523.18417052361
2017-12-11,IS,0.3,116780.52739017204
2017-12-12,IS,0.3,116932.4186461365
2017-12-13,IS,0.3,116924.4648400534
2017-12-14,IS,0.3,116143.12904596177
2017-12-15,IS,0.3,116851.06903359208
2017-12-18,IS,0.3,117592.04800874037
2017-12-19,IS,0.3,117140.44543808786
2017-12-20,IS,0.3,117097.44187209626
2017-12-21,IS,0.3,117338.6267315864
2017-12-22,IS,0.3,117307.93047674221
2017-12-26,IS,0.3,117167.60474031158
2017-12-27,IS,0.3,117224.61207073653
2017-12-28,IS,0.3,117465.79693022667
2017-12-29,IS,0.3,117022.89382461751
2018-01-02,IS,0.3,117635.12381185548
2018-01-03,IS,0.3,118180.20226939055
2018-01-04,IS,0.3,118546.310562747
2018-01-05,IS,0.3,119126.51889972248
2018-01-08,IS,0.3,119288.14033412388
2018-01-09,IS,0.3,119488.1000467195
2018-01-10,IS,0.3,119355.66131962782
2018-01-11,IS,0.3,119996.64250274755
2018-01-12,IS,0.3,120573.70583683962
2018-01-16,IS,0.3,120271.92264432547
2018-01-17,IS,0.3,121117.45418090369
2018-01-18,IS,0.3,120969.074280966
2018-01-19,IS,0.3,121376.76805948353
2018-01-22,IS,0.3,122107.247595593
2018-01-23,IS,0.3,122300.81644478202
2018-01-24,IS,0.3,122267.46406583833
2018-01-25,IS,0.3,122307.60482756395
2018-01-26,IS,0.3,123357.63671386539
2018-01-29,IS,0.3,122752.23158280765
2018-01-30,IS,0.3,121820.84500403436
2018-01-31,IS,0.3,121867.42840021696
2018-02-01,IS,0.3,121767.025833455
2018-02-02,IS,0.3,119809.80689203565
2018-02-05,IS,0.3,116130.03710553733
2018-02-06,IS,0.3,118418.05359835284
2018-02-07,IS,0.3,117775.64896767771
2018-02-08,IS,0.3,113358.01712385702
2018-02-09,IS,0.3,115060.82939831779
2018-02-12,IS,0.3,116750.44157762769
2018-02-13,IS,0.3,117040.8436709466
2018-02-14,IS,0.3,118190.17912434174
2018-02-15,IS,0.3,119291.57624020061
2018-02-16,IS,0.3,119319.20274831839
2018-02-20,IS,0.3,118774.81457586121
2018-02-21,IS,0.3,118345.45342758717
2018-02-22,IS,0.3,118459.38228637933
2018-02-23,IS,0.3,120347.5477362843
2018-02-26,IS,0.3,121745.05302287285
2018-02-27,IS,0.3,120638.24583664082
2018-02-28,IS,0.3,119751.94265642866
2018-03-01,IS,0.3,118010.65727637014
2018-03-02,IS,0.3,118619.00508003615
2018-03-05,IS,0.3,119989.9917969936
2018-03-06,IS,0.3,120294.16569882663
2018-03-07,IS,0.3,120264.41235739346
2018-03-08,IS,0.3,120688.46348733599
2018-03-09,IS,0.3,122215.09942191163
2018-03-12,IS,0.3,122105.48847497388
2018-03-13,IS,0.3,121532.49879829686
2018-03-14,IS,0.3,121080.99278453989
2018-03-15,IS,0.3,120635.89186144373
2018-03-16,IS,0.3,120734.10682241053
2018-03-19,IS,0.3,119100.54177386516
2018-03-20,IS,0.3,119303.0862273236
2018-03-21,IS,0.3,119074.1229321097
2018-03-22,IS,0.3,116097.6000943289
2018-03-23,IS,0.3,113623.03524990167
2018-03-26,IS,0.3,116731.65229645972
2018-03-27,IS,0.3,114745.83602450835
2018-03-28,IS,0.3,114501.91171728612
2018-03-29,IS,0.3,115565.10966171163
2018-04-02,IS,0.3,113752.0498920292
2018-04-03,IS,0.3,114808.88131536018
2018-04-04,IS,0.3,115702.67216319188
2018-04-05,IS,0.3,116369.56691766431
2018-04-06,IS,0.3,114479.7562577194
2018-04-09,IS,0.3,114891.0294629741
2018-04-10,IS,0.3,116219.50043979763
2018-04-11,IS,0.3,115777.43182447327
2018-04-12,IS,0.3,116473.12787609737
2018-04-13,IS,0.3,116226.04679228163
2018-04-16,IS,0.3,116924.98902508117
2018-04-17,IS,0.3,117841.26494670828
2018-04-18,IS,0.3,117907.44477371642
2018-04-19,IS,0.3,117430.33467487825
2018-04-20,IS,0.3,116703.93223202624
2018-04-23,IS,0.3,116693.48600132266
2018-04-24,IS,0.3,115548.49630910688
2018-04-25,IS,0.3,115758.54235496721
2018-04-26,IS,0.3,116617.31826988686
2018-04-27,IS,0.3,116699.49124126523
2018-04-30,IS,0.3,116046.67045657513
2018-05-01,IS,0.3,116199.19102182714
2018-05-02,IS,0.3,115418.62433747792
2018-05-03,IS,0.3,115164.28238415066
2018-05-04,IS,0.3,116655.25245537946
2018-05-07,IS,0.3,117049.92100364593
2018-05-08,IS,0.3,117052.27668592641
2018-05-09,IS,0.3,117879.18671250211
2018-05-10,IS,0.3,118686.94672860469
2018-05-11,IS,0.3,118954.62543711477
2018-05-14,IS,0.3,118998.60410153313
2018-05-15,IS,0.3,118400.19494001413
2018-05-16,IS,0.3,118766.94702695015
2018-05-17,IS,0.3,118695.86133208187
2018-05-18,IS,0.3,118480.94782638196
2018-05-21,IS,0.3,119135.34385199986
2018-05-22,IS,0.3,118894.8887462345
2018-05-23,IS,0.3,119137.00175111931
2018-05-24,IS,0.3,118960.43975094103
2018-05-25,IS,0.3,118755.10224556003
2018-05-29,IS,0.3,117757.22015697307
2018-05-30,IS,0.3,118906.9940288831
2018-05-31,IS,0.3,118375.7133583168
2018-06-01,IS,0.3,119228.24390555709
2018-06-04,IS,0.3,119646.15779766862
2018-06-05,IS,0.3,119712.52314621728
2018-06-06,IS,0.3,120450.0397878834
2018-06-07,IS,0.3,120442.89987028421
2018-06-08,IS,0.3,120707.39881563366
2018-06-11,IS,0.3,120828.09517648778
2018-06-12,IS,0.3,120945.57058763424
2018-06-13,IS,0.3,120663.58423052588
2018-06-14,IS,0.3,120490.25857906621
2018-06-15,IS,0.3,120380.85106738396
2018-06-18,IS,0.3,120133.25216034247
2018-06-19,IS,0.3,119672.80507005478
2018-06-20,IS,0.3,119876.96557235217
2018-06-21,IS,0.3,119125.48117027889
2018-06-22,IS,0.3,119287.6871075589
2018-06-25,IS,0.3,118094.83266267106
2018-06-26,IS,0.3,118288.99794491092
2018-06-27,IS,0.3,117572.33260630505
2018-06-28,IS,0.3,118066.91262887552
2018-06-29,IS,0.3,118236.89341784986
2018-07-02,IS,0.3,118489.68536042712
2018-07-03,IS,0.3,118071.2711106441
2018-07-05,IS,0.3,119034.49558149876
2018-07-06,IS,0.3,120041.30487003912
2018-07-09,IS,0.3,120836.40331455748
2018-07-10,IS,0.3,121158.52182469203
2018-07-11,IS,0.3,120509.0622586672
2018-07-12,IS,0.3,121313.74898894345
2018-07-13,IS,0.3,121386.57537495246
2018-07-16,IS,0.3,121309.23290712325
2018-07-17,IS,0.3,121672.93721912766
2018-07-18,IS,0.3,121864.03784188906
2018-07-19,IS,0.3,121527.81556851062
2018-07-20,IS,0.3,121428.07720127808
2018-07-23,IS,0.3,121596.79442917748
2018-07-24,IS,0.3,122049.98489211798
2018-07-25,IS,0.3,122819.55670136357
2018-07-26,IS,0.3,122607.96272380394
2018-07-27,IS,0.3,121996.8944711147
2018-07-30,IS,0.3,121529.6926963108
2018-07-31,IS,0.3,121973.30921468574
2018-08-01,IS,0.3,121825.68489190385
2018-08-02,IS,0.3,122317.22756535237
2018-08-03,IS,0.3,122706.4889973057
2018-08-06,IS,0.3,123041.47128078649
2018-08-07,IS,0.3,123344.50752842634
2018-08-08,IS,0.3,123308.77884868813
2018-08-09,IS,0.3,123186.76114908731
2018-08-10,IS,0.3,122578.95450355494
2018-08-13,IS,0.3,122242.81209491829
2018-08-14,IS,0.3,122820.72206928287
2018-08-15,IS,0.3,122145.82768364107
2018-08-16,IS,0.3,122877.12844235607
2018-08-17,IS,0.3,123199.32905771567
2018-08-20,IS,0.3,123396.90261743299
2018-08-21,IS,0.3,123613.67725296578
2018-08-22,IS,0.3,123562.00945089945
2018-08-23,IS,0.3,123443.21528073652
2018-08-24,IS,0.3,123995.57255871865
2018-08-27,IS,0.3,124723.74265010524
2018-08-28,IS,0.3,124771.19953103548
2018-08-29,IS,0.3,125272.47409537359
2018-08-30,IS,0.3,124898.04746598584
2018-08-31,IS,0.3,124903.93287180075
2018-09-04,IS,0.3,124746.85322218582
2018-09-05,IS,0.3,124500.30141893028
2018-09-06,IS,0.3,124224.97401957444
2018-09-07,IS,0.3,124048.73242500977
2018-09-10,IS,0.3,124211.25620387153
2018-09-11,IS,0.3,124517.60835777548
2018-09-12,IS,0.3,124542.73451408617
2018-09-13,IS,0.3,125091.97535176779
2018-09-14,IS,0.3,125110.71018414291
2018-09-17,IS,0.3,124621.29754013127
2018-09-18,IS,0.3,125125.82203289942
2018-09-19,IS,0.3,125227.65091159091
2018-09-20,IS,0.3,125559.59741167468
2018-09-21,IS,0.3,125479.28612624621
2018-09-24,IS,0.3,125172.11740572265
2018-09-25,IS,0.3,125088.64900030055
2018-09-26,IS,0.3,124813.4142234142
2018-09-27,IS,0.3,125075.06494999652
2018-09-28,IS,0.3,125087.44867466715
2018-10-01,IS,0.3,125413.08167704166
2018-10-02,IS,0.3,125361.59901891861
2018-10-03,IS,0.3,125415.5812323734
2018-10-04,IS,0.3,124689.75192063497
2018-10-05,IS,0.3,124174.86487074531
2018-10-08,IS,0.3,124177.71347816147
2018-10-09,IS,0.3,124046.36019030899
2018-10-10,IS,0.3,121140.99362677682
2018-10-11,IS,0.3,119184.80890078426
2018-10-12,IS,0.3,120840.0926486072
2018-10-15,IS,0.3,120161.33873084911
2018-10-16,IS,0.3,122788.77325120296
2018-10-17,IS,0.3,122810.66853887257
2018-10-18,IS,0.3,121519.38485089286
2018-10-19,IS,0.3,121474.48832526244
2018-10-22,IS,0.3,121081.27875338773
2018-10-23,IS,0.3,120636.92193566902
2018-10-24,IS,0.3,117990.60515281651
2018-10-25,IS,0.3,119514.93497623823
2018-10-26,IS,0.3,117412.98021788096
2018-10-29,IS,0.3,116762.4805347683
2018-10-30,IS,0.3,118492.72118848974
2018-10-31,IS,0.3,119758.31921141644
2018-11-01,IS,0.3,120681.80045427251
2018-11-02,IS,0.3,120167.14127832708
2018-11-05,IS,0.3,120649.64203831434
2018-11-06,IS,0.3,121205.63552892614
2018-11-07,IS,0.3,123091.14910802226
2018-11-08,IS,0.3,122931.26212572645
2018-11-09,IS,0.3,122058.70348512691
2018-11-12,IS,0.3,120403.15023346424
2018-11-13,IS,0.3,120243.3037560487
2018-11-14,IS,0.3,119421.23309153994
2018-11-15,IS,0.3,120667.59829256932
2018-11-16,IS,0.3,120981.39946020443
2018-11-19,IS,0.3,119504.86278631733
2018-11-20,IS,0.3,117916.48329147273
2018-11-21,IS,0.3,118207.31845759554
2018-11-23,IS,0.3,117417.84236647058
2018-11-26,IS,0.3,119313.47704855032
2018-11-27,IS,0.3,119714.90556946133
2018-11-28,IS,0.3,121693.20236022312
2018-11-29,IS,0.3,121504.64050585385
2018-11-30,IS,0.3,122041.54769854569
2018-12-03,IS,0.3,123211.25637987768
2018-12-04,IS,0.3,120322.22934728944
2018-12-06,IS,0.3,120194.4446489994
2018-12-07,IS,0.3,117401.60753089526
2018-12-10,IS,0.3,117624.32181463562
2018-12-11,IS,0.3,117651.04752868449
2018-12-12,IS,0.3,118243.46752343384
2018-12-13,IS,0.3,118203.37895236057
2018-12-14,IS,0.3,116020.77897170502
2018-12-17,IS,0.3,113744.6389918785
2018-12-18,IS,0.3,113619.91899298389
2018-12-19,IS,0.3,111918.38186520753
2018-12-20,IS,0.3,109455.16188703908
2018-12-21,IS,0.3,107214.65619261103
2018-12-24,IS,0.3,104381.73050343362
2018-12-26,IS,0.3,109655.60474240541
2018-12-27,IS,0.3,110497.46473494399
2018-12-28,IS,0.3,110398.16904471791
2018-12-31,IS,0.3,111094.71407495203
2019-01-02,IS,0.3,111180.80579564696
2019-01-03,IS,0.3,109275.8412311612
2019-01-04,IS,0.3,111893.08439667987
2019-01-07,IS,0.3,112775.31918391153
2019-01-08,IS,0.3,113542.21156142652
2019-01-09,IS,0.3,113928.77993636286
2019-01-10,IS,0.3,114222.64259206074
2019-01-11,IS,0.3,114257.63783788914
2019-01-14,IS,0.3,113755.74757816005
2019-01-15,IS,0.3,114701.5992122413
2019-01-16,IS,0.3,114905.97791217745
2019-01-17,IS,0.3,115541.79057624361
2019-01-18,IS,0.3,116663.36745943755
2019-01-22,IS,0.3,115515.88236518604
2019-01-23,IS,0.3,115694.67004588114
2019-01-24,IS,0.3,115742.37619635521
2019-01-25,IS,0.3,116458.05022777445
2019-01-28,IS,0.3,115815.50559908993
2019-01-29,IS,0.3,115706.67615412797
2019-01-30,IS,0.3,117042.39269844703
2019-01-31,IS,0.3,117796.44366642299
2019-02-01,IS,0.3,117840.99315195889
2019-02-04,IS,0.3,118451.24181803525
2019-02-05,IS,0.3,118818.6025601
2019-02-06,IS,0.3,118706.57895849943
2019-02-07,IS,0.3,117878.67459357984
2019-02-08,IS,0.3,117987.1810233145
2019-02-11,IS,0.3,118038.18662811634
2019-02-12,IS,0.3,119153.40137935695
2019-02-13,IS,0.3,119440.8914764548
2019-02-14,IS,0.3,119248.98471230411
2019-02-15,IS,0.3,120207.60136435977
2019-02-19,IS,0.3,120364.07307148768
2019-02-20,IS,0.3,120546.11225746013
2019-02-21,IS,0.3,120232.78761949399
2019-02-22,IS,0.3,120785.56404821888
2019-02-25,IS,0.3,120910.10303420565
2019-02-26,IS,0.3,120849.25520266843
2019-02-27,IS,0.3,120813.97485012117
2019-02-28,IS,0.3,120650.8588935562
2019-03-01,IS,0.3,121210.00355007485
2019-03-04,IS,0.3,120887.10584721065
2019-03-05,IS,0.3,120768.7458894378
2019-03-06,IS,0.3,120231.73619036649
2019-03-07,IS,0.3,119493.36016907064
2019-03-08,IS,0.3,119320.67085602567
2019-03-11,IS,0.3,120595.72344029976
2019-03-12,IS,0.3,120934.37833972649
2019-03-13,IS,0.3,121528.69280089451
2019-03-14,IS,0.3,121077.94905767884
2019-03-15,IS,0.3,121525.2528285736
2019-03-18,IS,0.3,121965.89040948132
2019-03-19,IS,0.3,121996.13024346516
2019-03-20,IS,0.3,121727.60296161864
2019-03-21,IS,0.3,122747.03530326865
2019-03-22,IS,0.3,120998.7828671788
2019-03-25,IS,0.3,120934.76874949296
2019-03-26,IS,0.3,121836.23204865772
2019-03-27,IS,0.3,121199.14019780567
2019-03-28,IS,0.3,121540.97426219287
2019-03-29,IS,0.3,122109.6794579159
2019-04-01,IS,0.3,123183.37465252918
2019-04-02,IS,0.3,123231.1743923727
2019-04-03,IS,0.3,123378.07251858996
2019-04-04,IS,0.3,123624.0437677556
2019-04-05,IS,0.3,124071.35686192292
2019-04-08,IS,0.3,124144.7376018995
2019-04-09,IS,0.3,123674.8034132002
2019-04-10,IS,0.3,123991.07295905775
2019-04-11,IS,0.3,123968.57765939772
2019-04-12,IS,0.3,124594.86250400156
2019-04-15,IS,0.3,124537.21292482749
2019-04-16,IS,0.3,124601.00774933178
2019-04-17,IS,0.3,124377.18473581182
2019-04-18,IS,0.3,124562.41161398287
2019-04-22,IS,0.3,124645.39536166695
2019-04-23,IS,0.3,125482.6238831451
2019-04-24,IS,0.3,125277.9774490552
2019-04-25,IS,0.3,125223.52584684448
2019-04-26,IS,0.3,125661.23011214609
2019-04-29,IS,0.3,125811.32920066298
2019-04-30,IS,0.3,125862.34310755032
2019-05-01,IS,0.3,125159.12548606773
2019-05-02,IS,0.3,124960.91061051736
2019-05-03,IS,0.3,126183.99803149396
2019-05-06,IS,0.3,125664.7223194302
2019-05-07,IS,0.3,124105.02207580267
2019-05-08,IS,0.3,123980.28013639884
2019-05-09,IS,0.3,123705.33130986798
2019-05-10,IS,0.3,124168.63511882657
2019-05-13,IS,0.3,121857.87466919067
2019-05-14,IS,0.3,122672.7023299685
2019-05-15,IS,0.3,123206.30403722593
2019-05-16,IS,0.3,124053.07852231829
2019-05-17,IS,0.3,123461.68665421958
2019-05-20,IS,0.3,122860.7073822302
2019-05-21,IS,0.3,123681.9028147203
2019-05-22,IS,0.3,123403.69702976078
2019-05-23,IS,0.3,122291.349521514
2019-05-24,IS,0.3,122498.88249710374
2019-05-28,IS,0.3,121661.38274511391
2019-05-29,IS,0.3,121063.57559451569
2019-05-30,IS,0.3,121394.21963610058
2019-05-31,IS,0.3,119758.40174615422
2019-06-03,IS,0.3,119453.86118153653
2019-06-04,IS,0.3,122046.80656028133
2019-06-05,IS,0.3,123103.9973774541
2019-06-06,IS,0.3,123695.0634739453
2019-06-07,IS,0.3,124608.85067050715
2019-06-10,IS,0.3,125033.67877517293
2019-06-11,IS,0.3,125014.25145044591
2019-06-12,IS,0.3,124854.16598768362
2019-06-13,IS,0.3,125237.31851242614
2019-06-14,IS,0.3,125137.90372441457
2019-06-17,IS,0.3,125175.95170145594
2019-06-18,IS,0.3,126147.18904827953
2019-06-19,IS,0.3,126360.94702295386
2019-06-20,IS,0.3,126801.037934234
2019-06-21,IS,0.3,126666.8768401316
2019-06-24,IS,0.3,126554.58908938036
2019-06-25,IS,0.3,125636.92240609843
2019-06-26,IS,0.3,125511.61387845445
2019-06-27,IS,0.3,125956.67520077623
2019-06-28,IS,0.3,126604.8227575555
2019-07-01,IS,0.3,127754.20442491081
2019-07-02,IS,0.3,128003.19256321684
2019-07-03,IS,0.3,128763.53776644164
2019-07-05,IS,0.3,128657.82139073608
2019-07-08,IS,0.3,128136.6782031281
2019-07-09,IS,0.3,128257.91069335029
2019-07-10,IS,0.3,128714.63345956503
2019-07-11,IS,0.3,128941.21223351028
2019-07-12,IS,0.3,129372.28907352951
2019-07-15,IS,0.3,129407.1012744908
2019-07-16,IS,0.3,129077.56818729328
2019-07-17,IS,0.3,128450.80365739999
2019-07-18,IS,0.3,128801.86510714103
2019-07-19,IS,0.3,128086.37102663422
2019-07-22,IS,0.3,128401.01601384506
2019-07-23,IS,0.3,129319.08974365199
2019-07-24,IS,0.3,129926.8286915524
2019-07-25,IS,0.3,129469.4185834876
2019-07-26,IS,0.3,130114.62002871868
2019-07-29,IS,0.3,129941.67193549972
2019-07-30,IS,0.3,129707.94869595724
2019-07-31,IS,0.3,128659.27180667958
2019-08-01,IS,0.3,127834.29464094888
2019-08-02,IS,0.3,127127.55257590502
2019-08-05,IS,0.3,124317.89680182157
2019-08-06,IS,0.3,125592.59833600624
2019-08-07,IS,0.3,125649.62310356031
2019-08-08,IS,0.3,127457.99995177207
2019-08-09,IS,0.3,126821.48869750787
2019-08-12,IS,0.3,125689.61353270414
2019-08-13,IS,0.3,127124.0443229856
2019-08-14,IS,0.3,124362.20844662537
2019-08-15,IS,0.3,124604.44975563038
2019-08-16,IS,0.3,126442.9837060033
2019-08-19,IS,0.3,127966.34040774085
2019-08-20,IS,0.3,127253.11843665934
2019-08-21,IS,0.3,128010.05067239415
2019-08-22,IS,0.3,127970.65623040231
2019-08-23,IS,0.3,125573.23695119537
2019-08-26,IS,0.3,126582.69950785687
2019-08-27,IS,0.3,126224.27700711181
2019-08-28,IS,0.3,126872.57615979544
2019-08-29,IS,0.3,128054.59042095752
2019-08-30,IS,0.3,128015.7720283825
2019-09-03,IS,0.3,127471.98832524772
2019-09-04,IS,0.3,128529.3358025246
2019-09-05,IS,0.3,129740.08657400977
2019-09-06,IS,0.3,129816.28020749167
2019-09-09,IS,0.3,129866.90686953336
2019-09-10,IS,0.3,129847.21027789956
2019-09-11,IS,0.3,130527.42917701812
2019-09-12,IS,0.3,130862.47762992457
2019-09-13,IS,0.3,130801.24871154397
2019-09-16,IS,0.3,130506.7606420599
2019-09-17,IS,0.3,130752.37947638283
2019-09-18,IS,0.3,130812.5815765099
2019-09-19,IS,0.3,130366.64770608713
2019-09-20,IS,0.3,129916.60862342542
2019-09-23,IS,0.3,129896.90017340503
2019-09-24,IS,0.3,129151.69572752019
2019-09-25,IS,0.3,129713.57240168082
2019-09-26,IS,0.3,129517.93917349238
2019-09-27,IS,0.3,129009.06697633743
2019-09-30,IS,0.3,129449.4863804238
2019-10-01,IS,0.3,128323.8337786309
2019-10-02,IS,0.3,126670.81706019308
2019-10-03,IS,0.3,127708.59782899838
2019-10-04,IS,0.3,129436.76665162755
2019-10-07,IS,0.3,129033.3436001121
2019-10-08,IS,0.3,127581.62421366155
2019-10-09,IS,0.3,128459.67220798733
2019-10-10,IS,0.3,129328.50715236795
2019-10-11,IS,0.3,130302.43414540098
2019-10-14,IS,0.3,130199.34381788931
2019-10-15,IS,0.3,131138.1021206551
2019-10-16,IS,0.3,130987.04537619551
2019-10-17,IS,0.3,131270.6308549004
2019-10-18,IS,0.3,130854.31492182083
2019-10-21,IS,0.3,131502.24716925249
2019-10-22,IS,0.3,131191.38202756355
2019-10-23,IS,0.3,131471.7580878228
2019-10-24,IS,0.3,131686.58122195324
2019-10-25,IS,0.3,132225.83113007655
2019-10-28,IS,0.3,132771.4802227771
2019-10-29,IS,0.3,132745.0353609228
2019-10-30,IS,0.3,133044.55797736437
2019-10-31,IS,0.3,132787.8807737642
2019-11-01,IS,0.3,133688.090172152
2019-11-04,IS,0.3,134083.36211170827
2019-11-05,IS,0.3,133976.92094581068
2019-11-06,IS,0.3,134001.51171739542
2019-11-07,IS,0.3,134348.8882802668
2019-11-08,IS,0.3,134593.9820292663
2019-11-11,IS,0.3,134407.62974288288
2019-11-12,IS,0.3,134617.62581402384
2019-11-13,IS,0.3,134651.8191981502
2019-11-14,IS,0.3,134797.86913619802
2019-11-15,IS,0.3,135515.9848772862
2019-11-18,IS,0.3,135591.72534738254
2019-11-19,IS,0.3,135565.1972346877
2019-11-20,IS,0.3,135196.70822196535
2019-11-21,IS,0.3,135039.16282489116
2019-11-22,IS,0.3,135261.9293788844
2019-11-25,IS,0.3,136034.43317182933
2019-11-26,IS,0.3,136263.62028556602
2019-11-27,IS,0.3,136713.35295747008
2019-11-29,IS,0.3,136341.69737871265
2019-12-02,IS,0.3,135490.67155097597
2019-12-03,IS,0.3,134824.96519597684
2019-12-04,IS,0.3,135437.58951675068
2019-12-05,IS,0.3,135618.7535569831
2019-12-06,IS,0.3,136531.76402709365
2019-12-09,IS,0.3,136217.56421228583
2019-12-10,IS,0.3,136107.9304714261
2019-12-11,IS,0.3,136494.29240846424
2019-12-12,IS,0.3,137670.74280101858
2019-12-13,IS,0.3,137733.72760123265
2019-12-16,IS,0.3,138432.6961575091
2019-12-17,IS,0.3,138457.3160547241
2019-12-18,IS,0.3,138465.95660332267
2019-12-19,IS,0.3,138385.12977123467
2019-12-20,IS,0.3,138834.83010073812
2019-12-23,IS,0.3,139046.93706531695
2019-12-24,IS,0.3,139051.26577887975
2019-12-26,IS,0.3,139600.04582284886
2019-12-27,IS,0.3,139576.74590488107
2019-12-30,IS,0.3,139010.1435424123
2019-12-31,IS,0.3,139261.66221147796
2020-01-02,IS,0.3,140225.85173099654
2020-01-03,IS,0.3,139441.85652987545
2020-01-06,IS,0.3,139837.20544444994
2020-01-07,IS,0.3,139548.60352699156
2020-01-08,IS,0.3,140100.5228046295
2020-01-09,IS,0.3,140805.8453012701
2020-01-10,IS,0.3,140507.6560990197
2020-01-13,IS,0.3,141225.80580796124
2020-01-14,IS,0.3,141068.27972590894
2020-01-15,IS,0.3,141307.04508305114
2020-01-16,IS,0.3,142181.7652911788
2020-01-17,IS,0.3,142513.19750496018
2020-01-21,IS,0.3,142307.71906769363
2020-01-22,IS,0.3,142322.74324647186
2020-01-23,IS,0.3,142446.42808021518
2020-01-24,IS,0.3,141505.86470602543
2020-01-27,IS,0.3,139823.86769128806
2020-01-28,IS,0.3,140909.5470220994
2020-01-29,IS,0.3,140793.1605382793
2020-01-30,IS,0.3,141134.19400317164
2020-01-31,IS,0.3,139234.87451989827
2020-02-03,IS,0.3,140000.96264155355
2020-02-04,IS,0.3,141582.0047831791
2020-02-05,IS,0.3,142798.71474393882
2020-02-06,IS,0.3,143158.92429909878
2020-02-07,IS,0.3,142592.30924896736
2020-02-10,IS,0.3,143387.17560877107
2020-02-11,IS,0.3,143574.80711963327
2020-02-12,IS,0.3,144267.4050428919
2020-02-13,IS,0.3,144154.6513803305
2020-02-14,IS,0.3,144329.5141856682
2020-02-18,IS,0.3,144053.7555778098
2020-02-19,IS,0.3,144570.5797088744
2020-02-20,IS,0.3,144128.63471420176
2020-02-21,IS,0.3,143021.91424671147
2020-02-24,IS,0.3,139489.4642813089
2020-02-25,IS,0.3,136369.28523591245
2020-02-26,IS,0.3,135867.68703338152
2020-02-27,IS,0.3,129765.63585650509
2020-02-28,IS,0.3,129220.42041897147
2020-03-02,IS,0.3,134816.51166981668
2020-03-03,IS,0.3,130956.38637207856
2020-03-04,IS,0.3,134990.60917571717
2020-03-05,IS,0.3,131667.7369134916
2020-03-06,IS,0.3,130070.41321434506
2020-03-09,IS,0.3,122646.80157688895
2020-03-10,IS,0.3,127182.39142984414
2020-03-11,IS,0.3,120982.45930480563
2020-03-12,IS,0.3,112593.6642702245
2020-03-13,IS,0.3,119372.53300468558
2020-03-16,IS,0.3,106310.34472439418
2020-03-17,IS,0.3,110449.25567123979
2020-03-18,IS,0.3,104856.88829548084
2020-03-19,IS,0.3,104570.72118433168
2020-03-20,IS,0.3,101277.58357952253
2020-03-23,IS,0.3,99408.00585060558
2020-03-24,IS,0.3,108414.69666999215
2020-03-25,IS,0.3,110037.68452061426
2020-03-26,IS,0.3,114642.97290927923
2020-03-27,IS,0.3,112156.601707593
2020-03-30,IS,0.3,114786.9738124728
2020-03-31,IS,0.3,113540.70980623388
2020-04-01,IS,0.3,109833.57994159679
2020-04-02,IS,0.3,111648.9610666793
2020-04-03,IS,0.3,110485.77803092354
2020-04-06,IS,0.3,115813.52478553173
2020-04-07,IS,0.3,115899.98716963943
2020-04-08,IS,0.3,118744.60809515632
2020-04-09,IS,0.3,120077.60657970421
2020-04-13,IS,0.3,119266.17017051807
2020-04-14,IS,0.3,121864.68225499181
2020-04-15,IS,0.3,119937.72918159467
2020-04-16,IS,0.3,120366.15261328587
2020-04-17,IS,0.3,122776.00779813831
2020-04-20,IS,0.3,121162.22795154681
2020-04-21,IS,0.3,118429.87158988896
2020-04-22,IS,0.3,121058.36932587902
2020-04-23,IS,0.3,121049.69441585924
2020-04-24,IS,0.3,122293.05027551802
2020-04-27,IS,0.3,123597.12818960127
2020-04-28,IS,0.3,123175.40877782767
2020-04-29,IS,0.3,125566.06657986302
2020-04-30,IS,0.3,124693.700327785
2020-05-01,IS,0.3,122236.2068124337
2020-05-04,IS,0.3,122485.65117651722
2020-05-05,IS,0.3,123323.14069308936
2020-05-06,IS,0.3,122703.28827890324
2020-05-07,IS,0.3,123799.62021409541
2020-05-08,IS,0.3,125848.02883554665
2020-05-11,IS,0.3,125873.84911228763
2020-05-12,IS,0.3,124010.80794401126
2020-05-13,IS,0.3,122390.65499140511
2020-05-14,IS,0.3,123855.34429297128
2020-05-15,IS,0.3,124424.70422918838
2020-05-18,IS,0.3,127211.69679448816
2020-05-19,IS,0.3,126243.50972382791
2020-05-20,IS,0.3,127828.83173848627
2020-05-21,IS,0.3,126946.30351613119
2020-05-22,IS,0.3,127125.42952098913
2020-05-26,IS,0.3,128288.9179330838
2020-05-27,IS,0.3,129711.28702738919
2020-05-28,IS,0.3,129532.51144365761
2020-05-29,IS,0.3,129964.13931693711
2020-06-01,IS,0.3,130357.41642046688
2020-06-02,IS,0.3,131166.17318710612
2020-06-03,IS,0.3,132476.69885128964
2020-06-04,IS,0.3,132214.82993663
2020-06-05,IS,0.3,134765.35087880245
2020-06-08,IS,0.3,135999.187984448
2020-06-09,IS,0.3,135229.22327796943
2020-06-10,IS,0.3,134657.3782635223
2020-06-11,IS,0.3,128780.34329554366
2020-06-12,IS,0.3,129931.07409112318
2020-06-15,IS,0.3,131144.06594023659
2020-06-16,IS,0.3,133668.28489384937
2020-06-17,IS,0.3,133253.04521104984
2020-06-18,IS,0.3,132854.97332202553
2020-06-19,IS,0.3,132288.2980929593
2020-06-22,IS,0.3,132921.29946201405
2020-06-23,IS,0.3,133378.52646644574
2020-06-24,IS,0.3,130834.79230693793
2020-06-25,IS,0.3,131876.8685680754
2020-06-26,IS,0.3,129544.05029665281
2020-06-29,IS,0.3,130953.6280728522
2020-06-30,IS,0.3,132631.0870148614
2020-07-01,IS,0.3,133321.59023513642
2020-07-02,IS,0.3,133868.2780661164
2020-07-06,IS,0.3,135408.90356523189
2020-07-07,IS,0.3,134364.0479368735
2020-07-08,IS,0.3,135131.266228094
2020-07-09,IS,0.3,134361.96937436963
2020-07-10,IS,0.3,135388.02731814724
2020-07-13,IS,0.3,134509.3437633416
2020-07-14,IS,0.3,135813.47169358758
2020-07-15,IS,0.3,136750.08485363444
2020-07-16,IS,0.3,136411.46764499962
2020-07-17,IS,0.3,136708.83405210025
2020-07-20,IS,0.3,137539.9422500688
2020-07-21,IS,0.3,137760.6340143556
2020-07-22,IS,0.3,138352.04989688305
2020-07-23,IS,0.3,137105.81123264847
2020-07-24,IS,0.3,136441.212476846
2020-07-27,IS,0.3,137189.2004446525
2020-07-28,IS,0.3,136534.18938283136
2020-07-29,IS,0.3,137796.716859615
2020-07-30,IS,0.3,137426.11378404513
2020-07-31,IS,0.3,138244.38460244212
2020-08-03,IS,0.3,138969.98784111824
2020-08-04,IS,0.3,139375.9878747667
2020-08-05,IS,0.3,140031.28136806499
2020-08-06,IS,0.3,140740.90512047254
2020-08-07,IS,0.3,140817.74115588726
2020-08-10,IS,0.3,141137.47885608685
2020-08-11,IS,0.3,140252.36317558135
2020-08-12,IS,0.3,141735.40759010098
2020-08-13,IS,0.3,141540.59233493314
2020-08-14,IS,0.3,141543.92272922146
2020-08-17,IS,0.3,141886.0182657496
2020-08-18,IS,0.3,142119.43983588114
2020-08-19,IS,0.3,141668.96622756092
2020-08-20,IS,0.3,142004.68342044964
2020-08-21,IS,0.3,142388.32562748852
2020-08-24,IS,0.3,143487.8757892286
2020-08-25,IS,0.3,143871.53144750374
2020-08-26,IS,0.3,144974.26405815937
2020-08-27,IS,0.3,145217.3002249425
2020-08-28,IS,0.3,145936.5116790597
2020-08-31,IS,0.3,145530.78064173294
2020-09-01,IS,0.3,146582.39234425128
2020-09-02,IS,0.3,148212.4615064891
2020-09-03,IS,0.3,144278.45956137267
2020-09-04,IS,0.3,143377.36440444057
2020-09-08,IS,0.3,140386.17914297074
2020-09-09,IS,0.3,142489.2411475822
2020-09-10,IS,0.3,140015.10558511497
2020-09-11,IS,0.3,140069.58123261918
2020-09-14,IS,0.3,141475.92155001912
2020-09-15,IS,0.3,142022.56542353542
2020-09-16,IS,0.3,141591.27786067565
2020-09-17,IS,0.3,140211.0183500573
2020-09-18,IS,0.3,138596.90616400485
2020-09-21,IS,0.3,137054.37897609157
2020-09-22,IS,0.3,138450.19841515442
2020-09-23,IS,0.3,135239.3945403131
2020-09-24,IS,0.3,135514.3692186728
2020-09-25,IS,0.3,137705.2197627645
2020-09-28,IS,0.3,139992.41746271486
2020-09-29,IS,0.3,139410.88263733205
2020-09-30,IS,0.3,140216.38052500234
2020-10-01,IS,0.3,140903.61703312944
2020-10-02,IS,0.3,139881.04834533302
2020-10-05,IS,0.3,141773.1514059768
2020-10-06,IS,0.3,140229.66458663324
2020-10-07,IS,0.3,142093.0045702529
2020-10-08,IS,0.3,143352.30986959016
2020-10-09,IS,0.3,144333.58329351034
2020-10-12,IS,0.3,146117.02700633727
2020-10-13,IS,0.3,145382.11672714385
2020-10-14,IS,0.3,144679.17871158433
2020-10-15,IS,0.3,144541.90127805548
2020-10-16,IS,0.3,144474.9335915565
2020-10-19,IS,0.3,142787.6458411201
2020-10-20,IS,0.3,143225.6166832925
2020-10-21,IS,0.3,142954.49824062217
2020-10-22,IS,0.3,143738.65619788406
2020-10-23,IS,0.3,144226.66939469063
2020-10-26,IS,0.3,141561.36655059305
2020-10-27,IS,0.3,141187.57786822735
2020-10-28,IS,0.3,137493.2516181504
2020-10-29,IS,0.3,138554.40780937517
2020-10-30,IS,0.3,137109.99553328496
2020-11-02,IS,0.3,138646.7830130786
2020-11-03,IS,0.3,141094.72591121987
2020-11-04,IS,0.3,143494.97872321645
2020-11-05,IS,0.3,145636.36383311928
2020-11-06,IS,0.3,145610.9303956591
2020-11-09,IS,0.3,147017.27244143008
2020-11-10,IS,0.3,146851.21951230077
2020-11-11,IS,0.3,147691.87431613068
2020-11-12,IS,0.3,146586.22750446288
2020-11-13,IS,0.3,148149.14178407693
2020-11-16,IS,0.3,149577.82836646368
2020-11-17,IS,0.3,148954.74871366422
2020-11-18,IS,0.3,147567.84954367424
2020-11-19,IS,0.3,148047.32780152836
2020-11-20,IS,0.3,147033.53174497472
2020-11-23,IS,0.3,147914.91362271315
2020-11-24,IS,0.3,150298.36884138614
2020-11-25,IS,0.3,150066.6440284596
2020-11-27,IS,0.3,150389.55169743148
2020-11-30,IS,0.3,149875.12064798397
2020-12-01,IS,0.3,151140.81809894217
2020-12-02,IS,0.3,151387.02422765462
2020-12-03,IS,0.3,151355.17371137915
2020-12-04,IS,0.3,152365.19935853506
2020-12-07,IS,0.3,152122.4196038157
2020-12-08,IS,0.3,152467.69855863563
2020-12-09,IS,0.3,151406.76902845214
2020-12-10,IS,0.3,151368.5267188578
2020-12-11,IS,0.3,151231.21158514655
2020-12-14,IS,0.3,150707.2064043562
2020-12-15,IS,0.3,152282.89236528668
2020-12-16,IS,0.3,152468.3764443644
2020-12-17,IS,0.3,152625.0838879369
2020-12-18,IS,0.3,152152.19951189053
2020-12-21,IS,0.3,151730.46305515833
2020-12-22,IS,0.3,151532.43942829053
2020-12-23,IS,0.3,151638.02607036868
2020-12-24,IS,0.3,152095.1614448418
2020-12-28,IS,0.3,153108.41011206148
2020-12-29,IS,0.3,152881.6369671748
2020-12-30,IS,0.3,153051.12800414243
2020-12-31,IS,0.3,153655.27466836575
2021-01-04,IS,0.3,152028.6848338659
2021-01-05,IS,0.3,152840.56484057303
2021-01-06,IS,0.3,153550.17612569156
2021-01-07,IS,0.3,155324.02129981312
2021-01-08,IS,0.3,156014.4436418742
2021-01-11,IS,0.3,155193.20643685522
2021-01-12,IS,0.3,155218.8956450814
2021-01-13,IS,0.3,155544.99922469028
2021-01-14,IS,0.3,155120.0668773677
2021-01-15,IS,0.3,154238.121178934
2021-01-19,IS,0.3,155181.0329895605
2021-01-20,IS,0.3,156855.79178373286
2021-01-21,IS,0.3,156967.77022873366
2021-01-22,IS,0.3,156533.2366318828
2021-01-25,IS,0.3,157015.9391950456
2021-01-26,IS,0.3,156824.28025467403
2021-01-27,IS,0.3,153826.63681311763
2021-01-28,IS,0.3,154855.8107424783
2021-01-29,IS,0.3,152439.79353972385
2021-02-01,IS,0.3,154408.56135317407
2021-02-02,IS,0.3,156108.87377157368
2021-02-03,IS,0.3,156204.80493561804
2021-02-04,IS,0.3,157591.87871530763
2021-02-05,IS,0.3,158077.69582291285
2021-02-08,IS,0.3,158972.614937356
2021-02-09,IS,0.3,158889.5758382019
2021-02-10,IS,0.3,158835.3133765975
2021-02-11,IS,0.3,159036.72272018882
2021-02-12,IS,0.3,159653.58518769106
2021-02-16,IS,0.3,159544.97890841824
2021-02-17,IS,0.3,159573.79622445191
2021-02-18,IS,0.3,159040.12200992447
2021-02-19,IS,0.3,158819.6593161741
2021-02-22,IS,0.3,157860.93072584536
2021-02-23,IS,0.3,158011.19214958444
2021-02-24,IS,0.3,159752.37354436825
2021-02-25,IS,0.3,156735.50108066935
2021-02-26,IS,0.3,156105.96409681652
2021-03-01,IS,0.3,159052.6501953937
2021-03-02,IS,0.3,158081.15217246735
2021-03-03,IS,0.3,156444.92116556724
2021-03-04,IS,0.3,154936.51235220817
2021-03-05,IS,0.3,157786.8177161604
2021-03-08,IS,0.3,157001.23571830348
2021-03-09,IS,0.3,158743.06934947724
2021-03-10,IS,0.3,159513.33622968983
2021-03-11,IS,0.3,160775.7713347334
2021-03-12,IS,0.3,160945.20947322858
2021-03-15,IS,0.3,161696.3009683262
2021-03-16,IS,0.3,161536.53387407222
2021-03-17,IS,0.3,161968.00782904428
2021-03-18,IS,0.3,159712.4243347173
2021-03-19,IS,0.3,159481.62730878292
2021-03-22,IS,0.3,160755.0890036846
2021-03-23,IS,0.3,159489.81677305882
2021-03-24,IS,0.3,158857.05684093447
2021-03-25,IS,0.3,159553.79029515045
2021-03-26,IS,0.3,162124.9932796348
2021-03-29,IS,0.3,162043.107834269
2021-03-30,IS,0.3,161707.5668090739
2021-03-31,IS,0.3,162218.9527476514
2021-04-01,IS,0.3,163586.82512373253
2021-04-05,IS,0.3,165424.50855114905
2021-04-06,IS,0.3,165347.83522869035
2021-04-07,IS,0.3,165498.0706332459
2021-04-08,IS,0.3,166114.89297250824
2021-04-09,IS,0.3,167064.1027679136
2021-04-12,IS,0.3,167112.06945050065
2021-04-13,IS,0.3,167502.01128195968
2021-04-14,IS,0.3,167051.41794473332
2021-04-15,IS,0.3,168464.03288691293
2021-04-16,IS,0.3,168908.2908674456
2021-04-19,IS,0.3,168253.1600862375
2021-04-20,IS,0.3,167281.64955593034
2021-04-21,IS,0.3,168528.09193457954
2021-04-22,IS,0.3,167313.693189565
2021-04-23,IS,0.3,168742.30172942113
2021-04-26,IS,0.3,169020.38714655218
2021-04-27,IS,0.3,168991.63817820858
2021-04-28,IS,0.3,168953.3015171808
2021-04-29,IS,0.3,169803.4243787463
2021-04-30,IS,0.3,168921.37076102773
2021-05-03,IS,0.3,169209.05798071434
2021-05-04,IS,0.3,168384.5446289332
2021-05-05,IS,0.3,168426.1195168192
2021-05-06,IS,0.3,169487.18572740917
2021-05-07,IS,0.3,170461.9627038134
2021-05-10,IS,0.3,169126.10574199934
2021-05-11,IS,0.3,167934.05006072807
2021-05-12,IS,0.3,164366.24715752824
2021-05-13,IS,0.3,166340.70171873085
2021-05-14,IS,0.3,168894.92425170346
2021-05-17,IS,0.3,168556.18749112717
2021-05-18,IS,0.3,167412.08454463063
2021-05-19,IS,0.3,167066.94179838544
2021-05-20,IS,0.3,168864.2349949703
2021-05-21,IS,0.3,168725.98167215608
2021-05-24,IS,0.3,170077.8750044396
2021-05-25,IS,0.3,169780.68519410107
2021-05-26,IS,0.3,170045.9733549199
2021-05-27,IS,0.3,170116.31176440237
2021-05-28,IS,0.3,170356.01841320394
2021-06-01,IS,0.3,170237.79886648786
2021-06-02,IS,0.3,170448.75676881082
2021-06-03,IS,0.3,169950.2254121117
2021-06-04,IS,0.3,171174.28284203523
2021-06-07,IS,0.3,171043.2797051571
2021-06-08,IS,0.3,171072.07144646498
2021-06-09,IS,0.3,170870.7728948711
2021-06-10,IS,0.3,171497.21181221408
2021-06-11,IS,0.3,171720.96763663684
2021-06-14,IS,0.3,172024.6209001924
2021-06-15,IS,0.3,171775.38388535433
2021-06-16,IS,0.3,171018.0134897242
2021-06-17,IS,0.3,170533.61429275622
2021-06-18,IS,0.3,168720.29212749834
2021-06-21,IS,0.3,170618.7269390271
2021-06-22,IS,0.3,171530.88807482715
2021-06-23,IS,0.3,171367.96934129563
2021-06-24,IS,0.3,172167.0157744498
2021-06-25,IS,0.3,172649.6827574799
2021-06-28,IS,0.3,172924.60199057308
2021-06-29,IS,0.3,172998.16526876442
2021-06-30,IS,0.3,173113.28962395168
2021-07-01,IS,0.3,173870.78938949815
2021-07-02,IS,0.3,174922.31173100797
2021-07-06,IS,0.3,174669.90786684852
2021-07-07,IS,0.3,175158.95223750954
2021-07-08,IS,0.3,174027.690952463
2021-07-09,IS,0.3,175497.89028412008
2021-07-12,IS,0.3,175996.5223479569
2021-07-13,IS,0.3,175520.40565514078
2021-07-14,IS,0.3,175728.2254498571
2021-07-15,IS,0.3,175252.1087573555
2021-07-16,IS,0.3,174162.37973284995
2021-07-19,IS,0.3,172126.66502976092
2021-07-20,IS,0.3,174593.31300498563
2021-07-21,IS,0.3,176006.8764587679
2021-07-22,IS,0.3,176297.77680596916
2021-07-23,IS,0.3,177729.6125834022
2021-07-26,IS,0.3,178074.84318947134
2021-07-27,IS,0.3,177432.5414486377
2021-07-28,IS,0.3,177375.08896202772
2021-07-29,IS,0.3,177956.830722152
2021-07-30,IS,0.3,177272.99704743372
2021-08-02,IS,0.3,176979.04814163913
2021-08-03,IS,0.3,178116.86134433345
2021-08-04,IS,0.3,177423.42524342306
2021-08-05,IS,0.3,178311.95843647505
2021-08-06,IS,0.3,178545.34736332597
2021-08-09,IS,0.3,178430.38345599148
2021-08-10,IS,0.3,178606.2314929324
2021-08-11,IS,0.3,178957.853895999
2021-08-12,IS,0.3,179382.99667741763
2021-08-13,IS,0.3,179641.95278575696
2021-08-16,IS,0.3,179977.61043582513
2021-08-17,IS,0.3,179041.31559028028
2021-08-18,IS,0.3,177488.21251531175
2021-08-19,IS,0.3,177705.62195624076
2021-08-20,IS,0.3,179119.63931823513
2021-08-23,IS,0.3,180695.25866445742
2021-08-24,IS,0.3,180922.2423032434
2021-08-25,IS,0.3,181222.74656852166
2021-08-26,IS,0.3,180375.90862637752
2021-08-27,IS,0.3,181651.1466663901
2021-08-30,IS,0.3,182449.9679221357
2021-08-31,IS,0.3,182235.90297887693
2021-09-01,IS,0.3,182312.67976236477
2021-09-02,IS,0.3,182756.98476577736
2021-09-03,IS,0.3,182721.90513484948
2021-09-07,IS,0.3,182204.24497201788
2021-09-08,IS,0.3,182028.54584860493
2021-09-09,IS,0.3,181411.79781306747
2021-09-10,IS,0.3,180280.525318507
2021-09-13,IS,0.3,180741.9113612133
2021-09-14,IS,0.3,179766.52507794823
2021-09-15,IS,0.3,181268.05333973805
2021-09-16,IS,0.3,180402.70358041243
2021-09-17,IS,0.3,179015.14344439565
2021-09-20,IS,0.3,176663.02307311035
2021-09-21,IS,0.3,176496.14481428635
2021-09-22,IS,0.3,178217.840021178
2021-09-23,IS,0.3,180383.18718445548
2021-09-24,IS,0.3,180680.3118891909
2021-09-27,IS,0.3,180274.49450377232
2021-09-28,IS,0.3,177423.81548255382
2021-09-29,IS,0.3,177657.17760998386
2021-09-30,IS,0.3,175485.7893878432
2021-10-01,IS,0.3,177571.30349950373
2021-10-04,IS,0.3,175281.32722003333
2021-10-05,IS,0.3,176706.7583147957
2021-10-06,IS,0.3,177282.08065782604
2021-10-07,IS,0.3,178483.8141187876
2021-10-08,IS,0.3,178228.218291051
2021-10-11,IS,0.3,177215.19474097132
2021-10-12,IS,0.3,176873.3248748533
2021-10-13,IS,0.3,177509.6478922528
2021-10-14,IS,0.3,180495.47128158892
2021-10-15,IS,0.3,181572.56629414755
2021-10-18,IS,0.3,181994.51781316914
2021-10-19,IS,0.3,183097.18000657228
2021-10-20,IS,0.3,183662.93140950083
2021-10-21,IS,0.3,184040.1403632274
2021-10-22,IS,0.3,183890.02621923678
2021-10-25,IS,0.3,184666.72236881458
2021-10-26,IS,0.3,184797.8472108343
2021-10-27,IS,0.3,184152.3689452022
2021-10-28,IS,0.3,185552.26512028126
2021-10-29,IS,0.3,185928.7784877142
2021-11-01,IS,0.3,186181.33208803536
2021-11-02,IS,0.3,186775.84672777998
2021-11-03,IS,0.3,187677.16753375225
2021-11-04,IS,0.3,188377.13125473584
2021-11-05,IS,0.3,188894.94435339374
2021-11-08,IS,0.3,189022.8734882001
2021-11-09,IS,0.3,188527.57152089255
2021-11-10,IS,0.3,187325.99173097633
2021-11-11,IS,0.3,187374.00788845087
2021-11-12,IS,0.3,188492.6497297734
2021-11-15,IS,0.3,188543.86178511957
2021-11-16,IS,0.3,189135.18052881167
2021-11-17,IS,0.3,188770.92590124166
2021-11-18,IS,0.3,189279.15130859718
2021-11-19,IS,0.3,189010.77360823346
2021-11-22,IS,0.3,188588.99282498716
2021-11-23,IS,0.3,188787.2317082202
2021-11-24,IS,0.3,189291.26647964906
2021-11-26,IS,0.3,185069.471234161
2021-11-29,IS,0.3,186868.85296075724
2021-11-30,IS,0.3,183979.83772914534
2021-12-01,IS,0.3,182362.8049610102
2021-12-02,IS,0.3,185155.93116352064
2021-12-03,IS,0.3,183544.82358584073
2021-12-06,IS,0.3,185718.6044130119
2021-12-07,IS,0.3,189560.16494371108
2021-12-08,IS,0.3,189956.56708231667
2021-12-09,IS,0.3,188943.56256139185
2021-12-10,IS,0.3,190346.6565985217
2021-12-13,IS,0.3,188660.49107611898
2021-12-14,IS,0.3,187634.68642953804
2021-12-15,IS,0.3,190566.47840499954
2021-12-16,IS,0.3,188223.30036072194
2021-12-17,IS,0.3,186643.46474658808
2021-12-20,IS,0.3,185080.78104293896
2021-12-21,IS,0.3,187663.1764791508
2021-12-22,IS,0.3,189143.00299997083
2021-12-23,IS,0.3,190073.1193966306
2021-12-27,IS,0.3,192201.6816360986
2021-12-28,IS,0.3,192077.13609368968
2021-12-29,IS,0.3,192272.164564035
2021-12-30,IS,0.3,191850.38480482626
2021-12-31,IS,0.3,191466.97156039262
2022-01-03,IS,0.3,192345.96934146798
2022-01-04,IS,0.3,192281.54666851865
2022-01-05,IS,0.3,189351.05025107073
2022-01-06,IS,0.3,189210.5881455894
2022-01-07,IS,0.3,188462.54440479068
2022-01-10,IS,0.3,188228.02258335112
2022-01-11,IS,0.3,189942.4579676681
2022-01-12,IS,0.3,190348.52655425007
2022-01-13,IS,0.3,188274.57863264118
2022-01-14,IS,0.3,188335.50608401728
2022-01-18,IS,0.3,185705.53518789154
2022-01-19,IS,0.3,184190.94834295328
2022-01-20,IS,0.3,182593.26816318213
2022-01-21,IS,0.3,179008.84071653165
2022-01-24,IS,0.3,179769.0499583526
2022-01-25,IS,0.3,177574.2523085792
2022-01-26,IS,0.3,177128.75334428623
2022-01-27,IS,0.3,176254.104001546
2022-01-28,IS,0.3,180631.4378617087
2022-01-31,IS,0.3,183884.80644498553
2022-02-01,IS,0.3,184856.66163175955
2022-02-02,IS,0.3,186263.158889417
2022-02-03,IS,0.3,182827.8872532232
2022-02-04,IS,0.3,183499.391725377
2022-02-07,IS,0.3,182910.49240715872
2022-02-08,IS,0.3,184415.45733149434
2022-02-09,IS,0.3,187114.57920666147
2022-02-10,IS,0.3,184488.20044905593
2022-02-11,IS,0.3,181657.21935273358
2022-02-14,IS,0.3,181197.70784201912
2022-02-15,IS,0.3,184119.85209859398
2022-02-16,IS,0.3,184326.21821840858
2022-02-17,IS,0.3,181277.92619209716
2022-02-18,IS,0.3,180374.06493207222
2022-02-22,IS,0.3,178438.35541733704
2022-02-23,IS,0.3,175273.0965112679
2022-02-24,IS,0.3,177910.81226632552
2022-02-25,IS,0.3,181836.23177582066
2022-02-28,IS,0.3,181478.8736906231
2022-03-01,IS,0.3,179354.1343367456
2022-03-02,IS,0.3,181882.6551250228
2022-03-03,IS,0.3,181186.58184705468
2022-03-04,IS,0.3,180055.79994155964
2022-03-07,IS,0.3,175984.85885485203
2022-03-08,IS,0.3,174969.1625629817
2022-03-09,IS,0.3,179660.22767818384
2022-03-10,IS,0.3,178848.9592487627
2022-03-11,IS,0.3,177120.65914179382
2022-03-14,IS,0.3,176140.28413612506
2022-03-15,IS,0.3,180013.68079206816
2022-03-16,IS,0.3,184005.34910162783
2022-03-17,IS,0.3,185311.26135405104
2022-03-18,IS,0.3,186851.1552559226
2022-03-21,IS,0.3,186810.5683115311
2022-03-22,IS,0.3,188473.3414697866
2022-03-23,IS,0.3,186623.8054509522
2022-03-24,IS,0.3,188762.78515622215
2022-03-25,IS,0.3,189684.62166167994
2022-03-28,IS,0.3,190714.75447171688
2022-03-29,IS,0.3,192518.22307135735
2022-03-30,IS,0.3,191608.37466122644
2022-03-31,IS,0.3,189352.99981202898
2022-04-01,IS,0.3,189763.02141225393
2022-04-04,IS,0.3,191388.65181735758
2022-04-05,IS,0.3,188971.15505512865
2022-04-06,IS,0.3,187530.99707209074
2022-04-07,IS,0.3,188251.2836623084
2022-04-08,IS,0.3,187869.02120440314
2022-04-11,IS,0.3,185425.5293812099
2022-04-12,IS,0.3,184905.91456200066
2022-04-13,IS,0.3,187023.75364366174
2022-04-14,IS,0.3,184694.97441442483
2022-04-18,IS,0.3,184753.9399847598
2022-04-19,IS,0.3,187736.35968403658
2022-04-20,IS,0.3,187597.1519753009
2022-04-21,IS,0.3,185473.37779751114
2022-04-22,IS,0.3,181633.40667757712
2022-04-25,IS,0.3,182686.44046429577
2022-04-26,IS,0.3,177395.69176260408
2022-04-27,IS,0.3,177894.49724052343
2022-04-28,IS,0.3,182388.00983648078
2022-04-29,IS,0.3,175647.74094254477
2022-05-02,IS,0.3,176441.89413685366
2022-05-03,IS,0.3,177250.7138600249
2022-05-04,IS,0.3,182648.5212757152
2022-05-05,IS,0.3,177776.31306869476
2022-05-06,IS,0.3,176988.46199932238
2022-05-09,IS,0.3,172781.12705686342
2022-05-10,IS,0.3,173076.7576392578
2022-05-11,IS,0.3,170327.23586864743
2022-05-12,IS,0.3,170149.42767843444
2022-05-13,IS,0.3,174217.33212769713
2022-05-16,IS,0.3,173510.43615197236
2022-05-17,IS,0.3,176142.5798670465
2022-05-18,IS,0.3,170883.9982366932
2022-05-19,IS,0.3,170118.8848863563
2022-05-20,IS,0.3,170193.14208974224
2022-05-23,IS,0.3,173377.465693762
2022-05-24,IS,0.3,172053.94024517768
2022-05-25,IS,0.3,173168.05469937617
2022-05-26,IS,0.3,175707.5578709719
2022-05-27,IS,0.3,178889.45485929496
2022-05-31,IS,0.3,178146.9363171602
2022-06-01,IS,0.3,177081.61389408415
2022-06-02,IS,0.3,179576.55810411947
2022-06-03,IS,0.3,177389.58578985237
2022-06-06,IS,0.3,177791.3822456219
2022-06-07,IS,0.3,179056.071158936
2022-06-08,IS,0.3,177613.87161022532
2022-06-09,IS,0.3,174490.6667228607
2022-06-10,IS,0.3,170773.1899922111
2022-06-13,IS,0.3,164289.24127008504
2022-06-14,IS,0.3,163794.18302305785
2022-06-15,IS,0.3,166129.28077231
2022-06-16,IS,0.3,159940.233428787
2022-06-17,IS,0.3,160194.50761396895
2022-06-21,IS,0.3,164227.17424908796
2022-06-22,IS,0.3,163929.431218482
2022-06-23,IS,0.3,165105.22479352064
2022-06-24,IS,0.3,168949.7335987011
2022-06-27,IS,0.3,168476.69044308402
2022-06-28,IS,0.3,165942.29358259708
2022-06-29,IS,0.3,165846.3492107569
2022-06-30,IS,0.3,164498.96208591797
2022-07-01,IS,0.3,166238.79206265174
2022-07-05,IS,0.3,166552.7463441676
2022-07-06,IS,0.3,166968.37094973886
2022-07-07,IS,0.3,168806.25848890355
2022-07-08,IS,0.3,168707.48533424284
2022-07-11,IS,0.3,167292.3557735238
2022-07-12,IS,0.3,166209.6705215301
2022-07-13,IS,0.3,165574.71147418066
2022-07-14,IS,0.3,165284.92742446365
2022-07-15,IS,0.3,167596.55140829133
2022-07-18,IS,0.3,166584.67195029155
2022-07-19,IS,0.3,169887.2899720332
2022-07-20,IS,0.3,170690.6988770879
2022-07-21,IS,0.3,171979.83164600914
2022-07-22,IS,0.3,170801.74959821507
2022-07-25,IS,0.3,170959.78291084946
2022-07-26,IS,0.3,169468.60984094982
2022-07-27,IS,0.3,172716.75887459947
2022-07-28,IS,0.3,174328.5734175271
2022-07-29,IS,0.3,176224.80557474864
2022-08-01,IS,0.3,175839.4324996484
2022-08-02,IS,0.3,174977.87114744924
2022-08-03,IS,0.3,177024.5062978937
2022-08-04,IS,0.3,176939.44284586323
2022-08-05,IS,0.3,176720.29364262306
2022-08-08,IS,0.3,176571.5784849951
2022-08-09,IS,0.3,176052.1750872943
2022-08-10,IS,0.3,178818.11949708944
2022-08-11,IS,0.3,178822.75581766374
2022-08-12,IS,0.3,181099.69348546953
2022-08-15,IS,0.3,181666.98573879778
2022-08-16,IS,0.3,181940.22053298785
2022-08-17,IS,0.3,180970.2162803984
2022-08-18,IS,0.3,181371.30570279388
2022-08-19,IS,0.3,179538.51636593786
2022-08-22,IS,0.3,176734.31637006984
2022-08-23,IS,0.3,176419.68571269803
2022-08-24,IS,0.3,176984.43407001768
2022-08-25,IS,0.3,179483.01771149252
2022-08-26,IS,0.3,173407.69447365985
2022-08-29,IS,0.3,172556.3648817802
2022-08-30,IS,0.3,170662.07202536744
2022-08-31,IS,0.3,169363.49570072253
2022-09-01,IS,0.3,169894.92627582475
2022-09-02,IS,0.3,168103.49095007696
2016-09-06,IS,0.5,100000.63492063491
2016-09-07,IS,0.5,99996.56134171049
2016-09-08,IS,0.5,99883.11660565485
2016-09-09,IS,0.5,98689.9150596557
2016-09-12,IS,0.5,99389.18112223096
2016-09-13,IS,0.5,97960.40995975459
2016-09-14,IS,0.5,97942.79308163136
2016-09-15,IS,0.5,98180.76978646111
2016-09-16,IS,0.5,97994.16823656335
2016-09-19,IS,0.5,98003.88611539397
2016-09-20,IS,0.5,98006.75564928833
2016-09-21,IS,0.5,98555.05409138845
2016-09-22,IS,0.5,98865.86476903685
2016-09-23,IS,0.5,98594.56553589094
2016-09-26,IS,0.5,98195.56731582494
2016-09-27,IS,0.5,98805.16451770156
2016-09-28,IS,0.5,99295.5923417677
2016-09-29,IS,0.5,98848.68091916801
2016-09-30,IS,0.5,99219.06550004524
2016-10-03,IS,0.5,99100.99365338616
2016-10-04,IS,0.5,98850.54012328647
2016-10-05,IS,0.5,99068.03753709563
2016-10-06,IS,0.5,99102.93202055183
2016-10-07,IS,0.5,98934.6587388909
2016-10-10,IS,0.5,99190.98328489716
2016-10-11,IS,0.5,98568.47557012865
2016-10-12,IS,0.5,98633.1254022023
2016-10-13,IS,0.5,98473.92394962355
2016-10-14,IS,0.5,98499.66756816063
2016-10-17,IS,0.5,98331.41411964505
2016-10-18,IS,0.5,98635.69696277226
2016-10-19,IS,0.5,98898.77471893145
2016-10-20,IS,0.5,98808.15757219947
2016-10-21,IS,0.5,98831.65979888708
2016-10-24,IS,0.5,99040.04770137028
2016-10-25,IS,0.5,98876.36166013975
2016-10-26,IS,0.5,98778.85652754213
2016-10-27,IS,0.5,98649.33291998864
2016-10-28,IS,0.5,98506.11261567683
2016-10-31,IS,0.5,98509.06983851935
2016-11-01,IS,0.5,98158.21539123348
2016-11-02,IS,0.5,97869.0357948429
2016-11-03,IS,0.5,97650.64234968714
2016-11-04,IS,0.5,97598.892145983
2016-11-07,IS,0.5,98649.7861265825
2016-11-08,IS,0.5,99094.09198950308
2016-11-09,IS,0.5,99612.99806819185
2016-11-10,IS,0.5,99737.40756456075
2016-11-11,IS,0.5,99624.22492316044
2016-11-14,IS,0.5,99664.12832681715
2016-11-15,IS,0.5,100050.93520204231
2016-11-16,IS,0.5,99958.27774536864
2016-11-17,IS,0.5,100214.82646455111
2016-11-18,IS,0.5,100103.8469792693
2016-11-21,IS,0.5,100481.4231408085
2016-11-22,IS,0.5,100580.55946706275
2016-11-23,IS,0.5,100608.96937174757
2016-11-25,IS,0.5,100797.13431173345
2016-11-28,IS,0.5,100560.68151948563
2016-11-29,IS,0.5,100659.79798960431
2016-11-30,IS,0.5,100418.29831582545
2016-12-01,IS,0.5,100049.21390872945
2016-12-02,IS,0.5,100099.33648253261
2016-12-05,IS,0.5,100700.80736817056
2016-12-06,IS,0.5,101019.76920146338
2016-12-07,IS,0.5,101682.81676945805
2016-12-08,IS,0.5,101809.39012052468
2016-12-09,IS,0.5,102120.92900900509
2016-12-12,IS,0.5,102062.59690070723
2016-12-13,IS,0.5,102408.3775938057
2016-12-14,IS,0.5,101980.31454917497
2016-12-15,IS,0.5,101890.02353002518
2016-12-16,IS,0.5,101790.6013956301
2016-12-19,IS,0.5,102012.23930304151
2016-12-20,IS,0.5,102405.75966926171
2016-12-21,IS,0.5,102120.79664544706
2016-12-22,IS,0.5,102032.7917615523
2016-12-23,IS,0.5,102182.18754326012
2016-12-27,IS,0.5,102435.70765767345
2016-12-28,IS,0.5,102009.89511299219
2016-12-29,IS,0.5,101999.42835918244
2016-12-30,IS,0.5,101626.62010754648
2017-01-03,IS,0.5,102404.06170547027
2017-01-04,IS,0.5,103013.28494594857
2017-01-05,IS,0.5,102973.2531987918
2017-01-06,IS,0.5,103159.23744045761
2017-01-09,IS,0.5,102989.0463428774
2017-01-10,IS,0.5,102990.10477234746
2017-01-11,IS,0.5,103137.26139797886
2017-01-12,IS,0.5,103008.20118462622
2017-01-13,IS,0.5,103127.984801928
2017-01-17,IS,0.5,102946.48166958557
2017-01-18,IS,0.5,103061.69976517676
2017-01-19,IS,0.5,102871.00447400163
2017-01-20,IS,0.5,103061.49341350082
2017-01-23,IS,0.5,102927.84740671926
2017-01-24,IS,0.5,103259.88935159703
2017-01-25,IS,0.5,103710.61572550148
2017-01-26,IS,0.5,103656.86722042729
2017-01-27,IS,0.5,103575.74568811878
2017-01-30,IS,0.5,103252.62871658012
2017-01-31,IS,0.5,103249.12188265183
2017-02-01,IS,0.5,103270.70533359206
2017-02-02,IS,0.5,103306.00587049182
2017-02-03,IS,0.5,103665.44139199144
2017-02-06,IS,0.5,103572.92643157043
2017-02-07,IS,0.5,103576.28842074452
2017-02-08,IS,0.5,103645.87153064575
2017-02-09,IS,0.5,103957.42976532827
2017-02-10,IS,0.5,104166.28310841796
2017-02-13,IS,0.5,104454.97282271073
2017-02-14,IS,0.5,104668.37141677616
2017-02-15,IS,0.5,104947.97076964533
2017-02-16,IS,0.5,104903.394456405
2017-02-17,IS,0.5,104988.93685236998
2017-02-21,IS,0.5,105309.60602033374
2017-02-22,IS,0.5,105262.72662453832
2017-02-23,IS,0.5,105300.2898905199
2017-02-24,IS,0.5,105369.83252067395
2017-02-27,IS,0.5,105455.31392462229
2017-02-28,IS,0.5,105310.29527245456
2017-03-01,IS,0.5,106067.1800003355
2017-03-02,IS,0.5,105723.84436206499
2017-03-03,IS,0.5,105759.53237901028
2017-03-06,IS,0.5,105444.58703889999
2017-03-07,IS,0.5,105129.6416987897
2017-03-08,IS,0.5,104934.46430491851
2017-03-09,IS,0.5,105067.53980073977
2017-03-10,IS,0.5,105435.71533917855
2017-03-13,IS,0.5,105488.94553750707
2017-03-14,IS,0.5,105282.79702155707
2017-03-15,IS,0.5,105752.25101636132
2017-03-16,IS,0.5,105409.03395947476
2017-03-17,IS,0.5,105316.92318267116
2017-03-20,IS,0.5,105201.4002529682
2017-03-21,IS,0.5,103850.67061336426
2017-03-22,IS,0.5,104095.04604158209
2017-03-23,IS,0.5,103983.96630148307
2017-03-24,IS,0.5,103908.43207821576
2017-03-27,IS,0.5,103801.79552772071
2017-03-28,IS,0.5,104557.13776039395
2017-03-29,IS,0.5,104654.88793168109
2017-03-30,IS,0.5,104827.67177858166
2017-03-31,IS,0.5,104703.65337052639
2017-04-03,IS,0.5,104611.65456689343
2017-04-04,IS,0.5,104647.49171580367
2017-04-05,IS,0.5,104489.31247239286
2017-04-06,IS,0.5,104641.57170462798
2017-04-07,IS,0.5,104534.90343581593
2017-04-10,IS,0.5,104597.12659262297
2017-04-11,IS,0.5,104472.68027900888
2017-04-12,IS,0.5,104014.89562535712
2017-04-13,IS,0.5,103339.32992288077
2017-04-17,IS,0.5,104254.89923018427
2017-04-18,IS,0.5,103943.78344614911
2017-04-19,IS,0.5,103847.24875967692
2017-04-20,IS,0.5,104282.56266597498
2017-04-21,IS,0.5,104112.93886891339
2017-04-24,IS,0.5,104703.52231266742
2017-04-25,IS,0.5,105020.19179638538
2017-04-26,IS,0.5,104987.61545088548
2017-04-27,IS,0.5,105034.89646753803
2017-04-28,IS,0.5,104917.79702378671
2017-05-01,IS,0.5,105056.42963757849
2017-05-02,IS,0.5,105078.62025573269
2017-05-03,IS,0.5,105014.12534189112
2017-05-04,IS,0.5,105079.76924125549
2017-05-05,IS,0.5,105296.15722118484
2017-05-08,IS,0.5,105288.8525067615
2017-05-09,IS,0.5,105240.45774676459
2017-05-10,IS,0.5,105340.4239390034
2017-05-11,IS,0.5,105230.35399744139
2017-05-12,IS,0.5,105140.80910129593
2017-05-15,IS,0.5,105443.94325860722
2017-05-16,IS,0.5,105395.5287484834
2017-05-17,IS,0.5,104424.86957748653
2017-05-18,IS,0.5,104643.60115022612
2017-05-19,IS,0.5,105324.22431097852
2017-05-22,IS,0.5,105858.99965156971
2017-05-23,IS,0.5,105981.85574254724
2017-05-24,IS,0.5,106111.58056462549
2017-05-25,IS,0.5,106376.0100225782
2017-05-26,IS,0.5,106366.50547489959
2017-05-30,IS,0.5,106320.45614163559
2017-05-31,IS,0.5,106308.75020758319
2017-06-01,IS,0.5,106749.03557775424
2017-06-02,IS,0.5,106935.93200425967
2017-06-05,IS,0.5,106896.79226209261
2017-06-06,IS,0.5,106720.70587292116
2017-06-07,IS,0.5,106825.46294209147
2017-06-08,IS,0.5,106878.07336461899
2017-06-09,IS,0.5,106795.66355795923
2017-06-12,IS,0.5,106786.24193215692
2017-06-13,IS,0.5,107059.9262572228
2017-06-14,IS,0.5,106991.21339802911
2017-06-15,IS,0.5,106615.91795477986
2017-06-16,IS,0.5,106630.13609540995
2017-06-19,IS,0.5,107517.8416464845
2017-06-20,IS,0.5,106792.7356270424
2017-06-21,IS,0.5,106781.05501900372
2017-06-22,IS,0.5,106732.70796795582
2017-06-23,IS,0.5,106860.16837526395
2017-06-26,IS,0.5,106930.49135860638
2017-06-27,IS,0.5,106069.03481266175
2017-06-28,IS,0.5,107018.39508778442
2017-06-29,IS,0.5,106077.82518557955
2017-06-30,IS,0.5,106182.63428658126
2017-07-03,IS,0.5,106278.37303319071
2017-07-05,IS,0.5,106408.33339665485
2017-07-06,IS,0.5,105903.65967012839
2017-07-07,IS,0.5,106261.89860716763
2017-07-10,IS,0.5,106376.01241344519
2017-07-11,IS,0.5,106337.04930930257
2017-07-12,IS,0.5,106754.64308853741
2017-07-13,IS,0.5,106850.36441610096
2017-07-14,IS,0.5,107112.7088026363
2017-07-17,IS,0.5,107108.02833294241
2017-07-18,IS,0.5,107139.87249887768
2017-07-19,IS,0.5,107445.7318829257
2017-07-20,IS,0.5,107473.17277402169
2017-07-21,IS,0.5,107425.3021644445
2017-07-24,IS,0.5,107413.97647170359
2017-07-25,IS,0.5,107553.33489730656
2017-07-26,IS,0.5,107557.90784572539
2017-07-27,IS,0.5,107507.65354576624
2017-07-28,IS,0.5,107443.64183482919
2017-07-31,IS,0.5,107413.85170770172
2017-08-01,IS,0.5,107541.59403732659
2017-08-02,IS,0.5,107571.17674990308
2017-08-03,IS,0.5,107463.79251788127
2017-08-04,IS,0.5,107568.70728925061
2017-08-07,IS,0.5,107675.78329474099
2017-08-08,IS,0.5,107538.68259781592
2017-08-09,IS,0.5,107538.54902971622
2017-08-10,IS,0.5,106743.986452677
2017-08-11,IS,0.5,106828.25523960688
2017-08-14,IS,0.5,107887.26055535261
2017-08-15,IS,0.5,107874.13239028139
2017-08-16,IS,0.5,107974.38072215098
2017-08-17,IS,0.5,107097.55664277982
2017-08-18,IS,0.5,107012.89964019934
2017-08-21,IS,0.5,107096.67225332459
2017-08-22,IS,0.5,108216.57981826263
2017-08-23,IS,0.5,107828.58034694551
2017-08-24,IS,0.5,107700.56645535365
2017-08-25,IS,0.5,107832.81065804402
2017-08-28,IS,0.5,107837.1158604654
2017-08-29,IS,0.5,107903.15949745533
2017-08-30,IS,0.5,108170.08821101939
2017-08-31,IS,0.5,108510.02481980539
2017-09-01,IS,0.5,108592.02756334488
2017-09-05,IS,0.5,108187.81804676325
2017-09-06,IS,0.5,108381.78058587977
2017-09-07,IS,0.5,108377.09972746992
2017-09-08,IS,0.5,108313.045932399
2017-09-11,IS,0.5,108915.58579077758
2017-09-12,IS,0.5,109109.46611743743
2017-09-13,IS,0.5,109139.00673111336
2017-09-14,IS,0.5,108841.08673994384
2017-09-15,IS,0.5,108919.629875354
2017-09-18,IS,0.5,109151.29006971949
2017-09-19,IS,0.5,109260.56374630697
2017-09-20,IS,0.5,109283.26299751783
2017-09-21,IS,0.5,109132.47075562613
2017-09-22,IS,0.5,109146.01833362476
2017-09-25,IS,0.5,109031.77152825014
2017-09-26,IS,0.5,109068.20927261344
2017-09-27,IS,0.5,109291.85611290466
2017-09-28,IS,0.5,109362.53580249129
2017-09-29,IS,0.5,109565.61705493464
2017-10-02,IS,0.5,109816.53326155215
2017-10-03,IS,0.5,109942.02076046054
2017-10-04,IS,0.5,110012.74226018194
2017-10-05,IS,0.5,110357.37720973823
2017-10-06,IS,0.5,110293.39392214088
2017-10-09,IS,0.5,110199.7345370382
2017-10-10,IS,0.5,110354.91942480257
2017-10-11,IS,0.5,110448.51069412101
2017-10-12,IS,0.5,110364.02418564337
2017-10-13,IS,0.5,110437.04986907817
2017-10-16,IS,0.5,110516.94473131713
2017-10-17,IS,0.5,110560.2944194482
2017-10-18,IS,0.5,110619.62369313126
2017-10-19,IS,0.5,110637.88368488043
2017-10-20,IS,0.5,110941.5125056544
2017-10-23,IS,0.5,110715.49407854002
2017-10-24,IS,0.5,110820.54162908044
2017-10-25,IS,0.5,110532.95043934605
2017-10-26,IS,0.5,110610.58405221804
2017-10-27,IS,0.5,111089.96700853271
2017-10-30,IS,0.5,110873.14242888372
2017-10-31,IS,0.5,110966.83879035349
2017-11-01,IS,0.5,111046.90077711643
2017-11-02,IS,0.5,111072.15532203647
2017-11-03,IS,0.5,111270.92230366368
2017-11-06,IS,0.5,111364.70208011007
2017-11-07,IS,0.5,111326.14273459351
2017-11-08,IS,0.5,111429.13686295936
2017-11-09,IS,0.5,111217.12767349074
2017-11-10,IS,0.5,111201.41728532771
2017-11-13,IS,0.5,111258.77685691527
2017-11-14,IS,0.5,111124.42419941278
2017-11-15,IS,0.5,110832.5388283474
2017-11-16,IS,0.5,111332.82112707921
2017-11-17,IS,0.5,111162.00657467563
2017-11-20,IS,0.5,111265.14698939158
2017-11-21,IS,0.5,111653.635540006
2017-11-22,IS,0.5,111603.8089514729
2017-11-24,IS,0.5,111743.45356982156
2017-11-27,IS,0.5,111716.41358016018
2017-11-28,IS,0.5,112321.76715971318
2017-11-29,IS,0.5,112287.92060621417
2017-11-30,IS,0.5,112815.59752599646
2017-12-01,IS,0.5,112692.68114613349
2017-12-04,IS,0.5,112407.72876255341
2017-12-05,IS,0.5,112429.83172438374
2017-12-06,IS,0.5,112422.25863380471
2017-12-07,IS,0.5,112776.7278431424
2017-12-08,IS,0.5,113391.7105677765
2017-12-11,IS,0.5,113577.11897665607
2017-12-12,IS,0.5,113687.21660757446
2017-12-13,IS,0.5,113683.09139999772
2017-12-14,IS,0.5,113126.57450794017
2017-12-15,IS,0.5,113633.81414305582
2017-12-18,IS,0.5,114354.3917795489
2017-12-19,IS,0.5,113915.22316085787
2017-12-20,IS,0.5,113886.16251838206
2017-12-21,IS,0.5,114120.73312612319
2017-12-22,IS,0.5,114090.87868513797
2017-12-26,IS,0.5,113954.40124063403
2017-12-27,IS,0.5,114009.84520246375
2017-12-28,IS,0.5,114244.41581020485
2017-12-29,IS,0.5,113813.65887598938
2018-01-02,IS,0.5,114252.69320273492
2018-01-03,IS,0.5,114643.72626457426
2018-01-04,IS,0.5,114906.92358949003
2018-01-05,IS,0.5,115323.02561878155
2018-01-08,IS,0.5,115440.20907786652
2018-01-09,IS,0.5,115584.76512369502
2018-01-10,IS,0.5,115491.86981440615
2018-01-11,IS,0.5,115951.4293932695
2018-01-12,IS,0.5,116365.33346305371
2018-01-16,IS,0.5,116151.51411220648
2018-01-17,IS,0.5,116757.19338107307
2018-01-18,IS,0.5,116652.94801019925
2018-01-19,IS,0.5,116945.88622150497
2018-01-22,IS,0.5,117469.38578699746
2018-01-23,IS,0.5,117609.37781774497
2018-01-24,IS,0.5,117587.27135112065
2018-01-25,IS,0.5,117617.6480770832
2018-01-26,IS,0.5,118369.36369639424
2018-01-29,IS,0.5,117938.66041798407
2018-01-30,IS,0.5,117275.11334714609
2018-01-31,IS,0.5,117310.14037327356
2018-02-01,IS,0.5,117240.20154488408
2018-02-02,IS,0.5,115843.96541040562
2018-02-05,IS,0.5,113217.3719499383
2018-02-06,IS,0.5,115448.00254949002
2018-02-07,IS,0.5,114821.71011192359
2018-02-08,IS,0.5,110514.87718509683
2018-02-09,IS,0.5,112174.98111207089
2018-02-12,IS,0.5,113822.2160163552
2018-02-13,IS,0.5,114105.33451552909
2018-02-14,IS,0.5,114928.20100908083
2018-02-15,IS,0.5,115716.82595288071
2018-02-16,IS,0.5,115738.5204373569
2018-02-20,IS,0.5,115351.68156261237
2018-02-21,IS,0.5,115046.98076409927
2018-02-22,IS,0.5,115130.33227664403
2018-02-23,IS,0.5,116965.4348362311
2018-02-26,IS,0.5,118323.66619703911
2018-02-27,IS,0.5,117535.15560517904
2018-02-28,IS,0.5,116904.13556443276
2018-03-01,IS,0.5,115204.25949051592
2018-03-02,IS,0.5,115798.14024545393
2018-03-05,IS,0.5,117136.52368593027
2018-03-06,IS,0.5,117433.46406339925
2018-03-07,IS,0.5,117414.31228066082
2018-03-08,IS,0.5,117719.29418451648
2018-03-09,IS,0.5,118811.83680149734
2018-03-12,IS,0.5,118735.68180870992
2018-03-13,IS,0.5,118328.56716795081
2018-03-14,IS,0.5,118008.26424405458
2018-03-15,IS,0.5,117692.54904732967
2018-03-16,IS,0.5,117764.92928999054
2018-03-19,IS,0.5,116171.53801476858
2018-03-20,IS,0.5,116369.10135347533
2018-03-21,IS,0.5,116145.76888363293
2018-03-22,IS,0.5,113242.44677568127
2018-03-23,IS,0.5,110828.7381593073
2018-03-26,IS,0.5,113860.90592293725
2018-03-27,IS,0.5,111923.92623257308
2018-03-28,IS,0.5,111751.75154184215
2018-03-29,IS,0.5,112513.23574349991
2018-04-02,IS,0.5,111220.297856824
2018-04-03,IS,0.5,111977.25861392092
2018-04-04,IS,0.5,112617.71438873472
2018-04-05,IS,0.5,113096.11355746583
2018-04-06,IS,0.5,111748.30660751279
2018-04-09,IS,0.5,112044.16681808209
2018-04-10,IS,0.5,112995.14464730707
2018-04-11,IS,0.5,112681.43958490345
2018-04-12,IS,0.5,113180.44750786877
2018-04-13,IS,0.5,113006.05523478038
2018-04-16,IS,0.5,113507.42974773982
2018-04-17,IS,0.5,114164.0546617909
2018-04-18,IS,0.5,114213.48013417085
2018-04-19,IS,0.5,113874.8534308594
2018-04-20,IS,0.5,113358.14902079596
2018-04-23,IS,0.5,113352.91348415005
2018-04-24,IS,0.5,112537.28992589725
2018-04-25,IS,0.5,112689.52539127186
2018-04-26,IS,0.5,113305.10377618077
2018-04-27,IS,0.5,113365.96592935271
2018-04-30,IS,0.5,112901.89224103044
2018-05-01,IS,0.5,113013.03872076147
2018-05-02,IS,0.5,112253.87497661867
2018-05-03,IS,0.5,112006.50701504406
2018-05-04,IS,0.5,113456.59506565386
2018-05-07,IS,0.5,113840.44190258
2018-05-08,IS,0.5,113844.36803971414
2018-05-09,IS,0.5,114437.27373036658
2018-05-10,IS,0.5,115016.52500868728
2018-05-11,IS,0.5,115210.02809644121
2018-05-14,IS,0.5,115243.75761492664
2018-05-15,IS,0.5,114818.62686181765
2018-05-16,IS,0.5,115082.89717603273
2018-05-17,IS,0.5,115034.42639311428
2018-05-18,IS,0.5,114883.20963056874
2018-05-21,IS,0.5,115352.9524324023
2018-05-22,IS,0.5,115183.51603213447
2018-05-23,IS,0.5,115358.7593095664
2018-05-24,IS,0.5,115234.93717931006
2018-05-25,IS,0.5,115090.54928140104
2018-05-29,IS,0.5,114380.09431213891
2018-05-30,IS,0.5,115203.69150321544
2018-05-31,IS,0.5,114826.5236170957
2018-06-01,IS,0.5,115437.78047980233
2018-06-04,IS,0.5,115738.6210778697
2018-06-05,IS,0.5,115788.35575281717
2018-06-06,IS,0.5,116317.49640364075
2018-06-07,IS,0.5,116314.72767687046
2018-06-08,IS,0.5,116505.97487132168
2018-06-11,IS,0.5,116594.51813003971
2018-06-12,IS,0.5,116680.73685120995
2018-06-13,IS,0.5,116481.64995424896
2018-06-14,IS,0.5,116360.17802655863
2018-06-15,IS,0.5,116284.36209253041
2018-06-18,IS,0.5,116045.18882946708
2018-06-19,IS,0.5,115600.41048061245
2018-06-20,IS,0.5,115797.62352208576
2018-06-21,IS,0.5,115071.71168857772
2018-06-22,IS,0.5,115189.86931912707
2018-06-25,IS,0.5,114340.1268525627
2018-06-26,IS,0.5,114481.11293839492
2018-06-27,IS,0.5,113971.50589951334
2018-06-28,IS,0.5,114327.07429451865
2018-06-29,IS,0.5,114491.67084284034
2018-07-02,IS,0.5,114736.4554531649
2018-07-03,IS,0.5,114331.29471883459
2018-07-05,IS,0.5,115264.0084926575
2018-07-06,IS,0.5,116238.92650963979
2018-07-09,IS,0.5,116809.25001651353
2018-07-10,IS,0.5,117041.74300356965
2018-07-11,IS,0.5,116580.22763439118
2018-07-12,IS,0.5,117157.40048163301
2018-07-13,IS,0.5,117211.81612841769
2018-07-16,IS,0.5,117159.0048144944
2018-07-17,IS,0.5,117421.23921578845
2018-07-18,IS,0.5,117560.16124778826
2018-07-19,IS,0.5,117322.42426044907
2018-07-20,IS,0.5,117253.59243127526
2018-07-23,IS,0.5,117376.51478892686
2018-07-24,IS,0.5,117702.66884009399
2018-07-25,IS,0.5,118254.79765056657
2018-07-26,IS,0.5,118106.06972295647
2018-07-27,IS,0.5,117672.01533242382
2018-07-30,IS,0.5,117340.77136660776
2018-07-31,IS,0.5,117660.09997939401
2018-08-01,IS,0.5,117557.11390377983
2018-08-02,IS,0.5,117910.66376221355
2018-08-03,IS,0.5,118191.14366770232
2018-08-06,IS,0.5,118432.90142914218
2018-08-07,IS,0.5,118651.85291716394
2018-08-08,IS,0.5,118628.8296611804
2018-08-09,IS,0.5,118544.1715951479
2018-08-10,IS,0.5,118112.50950457838
2018-08-13,IS,0.5,117874.90562514216
2018-08-14,IS,0.5,118290.22076204723
2018-08-15,IS,0.5,117810.66372256057
2018-08-16,IS,0.5,118335.53199239564
2018-08-17,IS,0.5,118568.1618214935
2018-08-20,IS,0.5,118711.7846578232
2018-08-21,IS,0.5,118869.14701538853
2018-08-22,IS,0.5,118834.7771153499
2018-08-23,IS,0.5,118752.44788641555
2018-08-24,IS,0.5,119149.52489173664
2018-08-27,IS,0.5,119672.21909465606
2018-08-28,IS,0.5,119708.70192869623
2018-08-29,IS,0.5,120069.34046938416
2018-08-30,IS,0.5,119804.45409894295
2018-08-31,IS,0.5,119811.21939666946
2018-09-04,IS,0.5,119701.60557889528
2018-09-05,IS,0.5,119528.09544007384
2018-09-06,IS,0.5,119334.01938210368
2018-09-07,IS,0.5,119210.73126120339
2018-09-10,IS,0.5,119329.41862772223
2018-09-11,IS,0.5,119550.85291421914
2018-09-12,IS,0.5,119571.42385764854
2018-09-13,IS,0.5,119966.3505077671
2018-09-14,IS,0.5,119982.35666856724
2018-09-17,IS,0.5,119635.40057116005
2018-09-18,IS,0.5,119998.41194726634
2018-09-19,IS,0.5,120073.77167417009
2018-09-20,IS,0.5,120313.51350857991
2018-09-21,IS,0.5,120258.79787728946
2018-09-24,IS,0.5,120042.09007035661
2018-09-25,IS,0.5,119985.15628437515
2018-09-26,IS,0.5,119791.23459718747
2018-09-27,IS,0.5,119980.7784723252
2018-09-28,IS,0.5,119992.28687754786
2018-10-01,IS,0.5,120227.59363970559
2018-10-02,IS,0.5,120193.5323129058
2018-10-03,IS,0.5,120234.80327722349
2018-10-04,IS,0.5,119719.05408568271
2018-10-05,IS,0.5,119353.99034086562
2018-10-08,IS,0.5,119358.73801989254
2018-10-09,IS,0.5,119267.65177600239
2018-10-10,IS,0.5,117195.15205827849
2018-10-11,IS,0.5,115800.63961617806
2018-10-12,IS,0.5,117408.92273977415
2018-10-15,IS,0.5,116749.44156475457
2018-10-16,IS,0.5,119302.27191966902
2018-10-17,IS,0.5,119323.54550595998
2018-10-18,IS,0.5,118404.10937182464
2018-10-19,IS,0.5,118374.93750858247
2018-10-22,IS,0.5,118097.00850578638
2018-10-23,IS,0.5,117782.53348469056
2018-10-24,IS,0.5,115895.24273226662
2018-10-25,IS,0.5,116986.98554262263
2018-10-26,IS,0.5,114929.490795409
2018-10-29,IS,0.5,114292.75031574501
2018-10-30,IS,0.5,115986.39336029348
2018-10-31,IS,0.5,117225.22177651053
2018-11-01,IS,0.5,117887.76813534647
2018-11-02,IS,0.5,117523.08418043646
2018-11-05,IS,0.5,117870.69531899638
2018-11-06,IS,0.5,118270.78896673524
2018-11-07,IS,0.5,119620.56525116865
2018-11-08,IS,0.5,119509.31625755805
2018-11-09,IS,0.5,118889.02893497271
2018-11-12,IS,0.5,117709.46002537741
2018-11-13,IS,0.5,117598.27853990057
2018-11-14,IS,0.5,116794.29119121199
2018-11-15,IS,0.5,118013.23975212692
2018-11-16,IS,0.5,118320.13814866937
2018-11-19,IS,0.5,117268.48233199253
2018-11-20,IS,0.5,116136.95173249536
2018-11-21,IS,0.5,116347.74293251542
2018-11-23,IS,0.5,115570.68646511466
2018-11-26,IS,0.5,117436.50001678319
2018-11-27,IS,0.5,117831.61347478357
2018-11-28,IS,0.5,119247.76079834097
2018-11-29,IS,0.5,119116.11375895972
2018-11-30,IS,0.5,119502.65918195542
2018-12-03,IS,0.5,120341.21878361184
2018-12-04,IS,0.5,118280.73305763608
2018-12-06,IS,0.5,118192.55075105163
2018-12-07,IS,0.5,115446.22962294205
2018-12-10,IS,0.5,115665.23449759191
2018-12-11,IS,0.5,115691.51508254993
2018-12-12,IS,0.5,116274.06804911859
2018-12-13,IS,0.5,116234.64717168166
2018-12-14,IS,0.5,114088.39940011274
2018-12-17,IS,0.5,111850.16958119087
2018-12-18,IS,0.5,111727.52685138697
2018-12-19,IS,0.5,110054.32960906178
2018-12-20,IS,0.5,107632.13569543404
2018-12-21,IS,0.5,105428.94665645614
2018-12-24,IS,0.5,102643.2046509096
2018-12-26,IS,0.5,107829.24008261894
2018-12-27,IS,0.5,108657.07850879552
2018-12-28,IS,0.5,108588.98447463248
2018-12-31,IS,0.5,109089.40736194792
2019-01-02,IS,0.5,109153.75705201576
2019-01-03,IS,0.5,107795.91215431977
2019-01-04,IS,0.5,109668.22770946911
2019-01-07,IS,0.5,110532.920340484
2019-01-08,IS,0.5,111083.62714337057
2019-01-09,IS,0.5,111362.66233246274
2019-01-10,IS,0.5,111575.45563647624
2019-01-11,IS,0.5,111603.34392654008
2019-01-14,IS,0.5,111247.76665079723
2019-01-15,IS,0.5,111926.29101125337
2019-01-16,IS,0.5,112075.16832401772
2019-01-17,IS,0.5,112532.20112838851
2019-01-18,IS,0.5,113336.1967459567
2019-01-22,IS,0.5,112519.457896276
2019-01-23,IS,0.5,112650.0332060254
2019-01-24,IS,0.5,112686.93148930531
2019-01-25,IS,0.5,113200.97377347249
2019-01-28,IS,0.5,112744.89587593122
2019-01-29,IS,0.5,112670.0433864368
2019-01-30,IS,0.5,113627.00973755754
2019-01-31,IS,0.5,114168.48903907245
2019-02-01,IS,0.5,114203.16992608708
2019-02-04,IS,0.5,114641.94576286164
2019-02-05,IS,0.5,114907.23050229126
2019-02-06,IS,0.5,114830.09813036413
2019-02-07,IS,0.5,114241.62263306856
2019-02-08,IS,0.5,114322.02418778083
2019-02-11,IS,0.5,114361.37784964204
2019-02-12,IS,0.5,115160.8573378847
2019-02-13,IS,0.5,115369.11713482821
2019-02-14,IS,0.5,115234.93895777626
2019-02-15,IS,0.5,115922.56350032972
2019-02-19,IS,0.5,116037.25150455555
2019-02-20,IS,0.5,116170.20227780216
2019-02-21,IS,0.5,115949.32203239501
2019-02-22,IS,0.5,116347.09762228739
2019-02-25,IS,0.5,116439.00154426148
2019-02-26,IS,0.5,116398.4627309997
2019-02-27,IS,0.5,116376.18668700111
2019-02-28,IS,0.5,116262.59978157356
2019-03-01,IS,0.5,116664.9016605255
2019-03-04,IS,0.5,116437.19744284997
2019-03-05,IS,0.5,116355.59190123243
2019-03-06,IS,0.5,115974.96305820098
2019-03-07,IS,0.5,115450.47753192454
2019-03-08,IS,0.5,115330.06616825877
2019-03-11,IS,0.5,116243.75644663986
2019-03-12,IS,0.5,116488.59152269125
2019-03-13,IS,0.5,116916.0289111103
2019-03-14,IS,0.5,116596.99643811618
2019-03-15,IS,0.5,116919.42675980383
2019-03-18,IS,0.5,117343.36410755187
2019-03-19,IS,0.5,117372.4578471032
2019-03-20,IS,0.5,117183.6278943852
2019-03-21,IS,0.5,117914.78139226061
2019-03-22,IS,0.5,116668.98148893876
2019-03-25,IS,0.5,116626.20924406096
2019-03-26,IS,0.5,117495.55598727928
2019-03-27,IS,0.5,116881.16189471631
2019-03-28,IS,0.5,117128.25186707012
2019-03-29,IS,0.5,117537.35684213434
2019-04-01,IS,0.5,118307.20532487665
2019-04-02,IS,0.5,118344.25959043893
2019-04-03,IS,0.5,118452.12276237542
2019-04-04,IS,0.5,118630.75273497701
2019-04-05,IS,0.5,118953.19859545224
2019-04-08,IS,0.5,119008.53816551622
2019-04-09,IS,0.5,118675.7838885062
2019-04-10,IS,0.5,118904.61602569737
2019-04-11,IS,0.5,118891.47355531744
2019-04-12,IS,0.5,119341.75779647937
2019-04-15,IS,0.5,119303.50569185783
2019-04-16,IS,0.5,119351.99987202973
2019-04-17,IS,0.5,119195.06506567915
2019-04-18,IS,0.5,119330.28494729174
2019-04-22,IS,0.5,119392.4983943065
2019-04-23,IS,0.5,119993.47044056801
2019-04-24,IS,0.5,119850.2343281441
2019-04-25,IS,0.5,119814.26847316319
2019-04-26,IS,0.5,120129.83075475723
2019-04-29,IS,0.5,120239.98515189471
2019-04-30,IS,0.5,120279.35265056507
2019-05-01,IS,0.5,119779.98362569559
2019-05-02,IS,0.5,119641.37935357422
2019-05-03,IS,0.5,120812.40047850614
2019-05-06,IS,0.5,120315.23010616662
2019-05-07,IS,0.5,119204.10485101276
2019-05-08,IS,0.5,119117.95009727357
2019-05-09,IS,0.5,118924.50499401175
2019-05-10,IS,0.5,119258.38348598065
2019-05-13,IS,0.5,117610.76353259121
2019-05-14,IS,0.5,118195.70679477396
2019-05-15,IS,0.5,118579.78678734395
2019-05-16,IS,0.5,119187.53763706742
2019-05-17,IS,0.5,118768.01494906224
2019-05-20,IS,0.5,118341.64439046769
2019-05-21,IS,0.5,118931.11318157418
2019-05-22,IS,0.5,118735.28352622957
2019-05-23,IS,0.5,117943.62648827494
2019-05-24,IS,0.5,118094.71721516362
2019-05-28,IS,0.5,117499.38054197932
2019-05-29,IS,0.5,117075.25314040497
2019-05-30,IS,0.5,117395.00443370537
2019-05-31,IS,0.5,115813.07698264017
2019-06-03,IS,0.5,115518.56921249501
2019-06-04,IS,0.5,118026.09251258778
2019-06-05,IS,0.5,119048.45520037728
2019-06-06,IS,0.5,119473.52235963331
2019-06-07,IS,0.5,120129.0431105406
2019-06-10,IS,0.5,120435.31997226835
2019-06-11,IS,0.5,120424.24708147843
2019-06-12,IS,0.5,120312.66728709036
2019-06-13,IS,0.5,120589.05310449118
2019-06-14,IS,0.5,120520.76057401902
2019-06-17,IS,0.5,120550.69303747281
2019-06-18,IS,0.5,121247.17722344607
2019-06-19,IS,0.5,121402.55552487902
2019-06-20,IS,0.5,121719.55100656788
2019-06-21,IS,0.5,121626.32962879725
2019-06-24,IS,0.5,121548.75700828568
2019-06-25,IS,0.5,120895.90158207329
2019-06-26,IS,0.5,120775.32168298539
2019-06-27,IS,0.5,121203.5882211252
2019-06-28,IS,0.5,121827.27735433854
2019-07-01,IS,0.5,122933.28608390354
2019-07-02,IS,0.5,123113.90049310749
2019-07-03,IS,0.5,123659.78276277376
2019-07-05,IS,0.5,123587.07501007493
2019-07-08,IS,0.5,123217.6717929907
2019-07-09,IS,0.5,123307.10860065545
2019-07-10,IS,0.5,123636.10611198132
2019-07-11,IS,0.5,123800.67756433906
2019-07-12,IS,0.5,124111.28156105927
2019-07-15,IS,0.5,124138.86477634458
2019-07-16,IS,0.5,123906.18900871018
2019-07-17,IS,0.5,123461.19271599587
2019-07-18,IS,0.5,123714.53052804437
2019-07-19,IS,0.5,123027.29658005873
2019-07-22,IS,0.5,123329.51391863074
2019-07-23,IS,0.5,124211.32615309425
2019-07-24,IS,0.5,124795.06101252786
2019-07-25,IS,0.5,124471.00535538193
2019-07-26,IS,0.5,124934.55499246587
2019-07-29,IS,0.5,124813.71232851007
2019-07-30,IS,0.5,124649.40828135033
2019-07-31,IS,0.5,123902.99470237727
2019-08-01,IS,0.5,123316.35415843154
2019-08-02,IS,0.5,122814.15477292494
2019-08-05,IS,0.5,120809.86167866513
2019-08-06,IS,0.5,121722.9668735639
2019-08-07,IS,0.5,121766.26504941544
2019-08-08,IS,0.5,123060.52920286857
2019-08-09,IS,0.5,122608.41950543111
2019-08-12,IS,0.5,121802.47864500497
2019-08-13,IS,0.5,122829.61366848099
2019-08-14,IS,0.5,120859.36472428474
2019-08-15,IS,0.5,121034.82184191696
2019-08-16,IS,0.5,122820.68606723247
2019-08-19,IS,0.5,124300.40213963669
2019-08-20,IS,0.5,123793.4903346641
2019-08-21,IS,0.5,124336.72803714537
2019-08-22,IS,0.5,124298.46404151079
2019-08-23,IS,0.5,122588.59292855836
2019-08-26,IS,0.5,123312.26125401464
2019-08-27,IS,0.5,123058.82987148616
2019-08-28,IS,0.5,123524.49864235932
2019-08-29,IS,0.5,124371.39269587249
2019-08-30,IS,0.5,124346.26363045929
2019-09-03,IS,0.5,123960.43220458546
2019-09-04,IS,0.5,124718.25305159217
2019-09-05,IS,0.5,125585.64788129205
2019-09-06,IS,0.5,125642.63189523324
2019-09-09,IS,0.5,125681.35398582745
2019-09-10,IS,0.5,125669.8323168596
2019-09-11,IS,0.5,126158.26354547412
2019-09-12,IS,0.5,126400.13158929009
2019-09-13,IS,0.5,126358.95763128939
2019-09-16,IS,0.5,126151.20939489554
2019-09-17,IS,0.5,126329.252009426
2019-09-18,IS,0.5,126374.80202760085
2019-09-19,IS,0.5,126058.80040906294
2019-09-20,IS,0.5,125739.84054659413
2019-09-23,IS,0.5,125728.29911364858
2019-09-24,IS,0.5,125198.5203036539
2019-09-25,IS,0.5,125602.33183337744
2019-09-26,IS,0.5,125464.98659489425
2019-09-27,IS,0.5,125103.86018070494
2019-09-30,IS,0.5,125420.90398164194
2019-10-01,IS,0.5,124619.24663563714
2019-10-02,IS,0.5,123440.86156945156
2019-10-03,IS,0.5,124452.18016038368
2019-10-04,IS,0.5,126136.28272918165
2019-10-07,IS,0.5,125850.46239621275
2019-10-08,IS,0.5,124815.81902954335
2019-10-09,IS,0.5,125445.25527500572
2019-10-10,IS,0.5,126293.70225853223
2019-10-11,IS,0.5,126991.62547622295
2019-10-14,IS,0.5,126920.25075854895
2019-10-15,IS,0.5,127593.04032407605
2019-10-16,IS,0.5,127487.3772576308
2019-10-17,IS,0.5,127692.17306921768
2019-10-18,IS,0.5,127397.03944816861
2019-10-21,IS,0.5,127862.09671028845
2019-10-22,IS,0.5,127642.27191337831
2019-10-23,IS,0.5,127844.76240618747
2019-10-24,IS,0.5,128053.65907678583
2019-10-25,IS,0.5,128578.03235196129
2019-10-28,IS,0.5,128970.01647240976
2019-10-29,IS,0.5,128953.3351103377
2019-10-30,IS,0.5,129169.4742583273
2019-10-31,IS,0.5,128988.2195881598
2019-11-01,IS,0.5,129633.28552330381
2019-11-04,IS,0.5,129917.69551753411
2019-11-05,IS,0.5,129843.779781182
2019-11-06,IS,0.5,129863.4584167348
2019-11-07,IS,0.5,130113.69846263225
2019-11-08,IS,0.5,130290.86593495701
2019-11-11,IS,0.5,130159.85779692045
2019-11-12,IS,0.5,130312.00997109611
2019-11-13,IS,0.5,130338.56182498988
2019-11-14,IS,0.5,130445.01134997729
2019-11-15,IS,0.5,130960.07943829431
2019-11-18,IS,0.5,131016.30817992632
2019-11-19,IS,0.5,130999.48806645334
2019-11-20,IS,0.5,130738.41029985777
2019-11-21,IS,0.5,130628.02023631819
2019-11-22,IS,0.5,130789.28170072092
2019-11-25,IS,0.5,131343.25343872732
2019-11-26,IS,0.5,131509.12841210578
2019-11-27,IS,0.5,131832.56319017714
2019-11-29,IS,0.5,131569.25152548816
2019-12-02,IS,0.5,130963.54624058586
2019-12-03,IS,0.5,130490.17144960864
2019-12-04,IS,0.5,130929.86299891399
2019-12-05,IS,0.5,131061.35519592722
2019-12-06,IS,0.5,131715.58140274903
2019-12-09,IS,0.5,131493.24252927242
2019-12-10,IS,0.5,131417.04954661505
2019-12-11,IS,0.5,131790.095743459
2019-12-12,IS,0.5,132926.00045519735
2019-12-13,IS,0.5,132973.1445948855
2019-12-16,IS,0.5,133474.56298030648
2019-12-17,IS,0.5,133494.29015857633
2019-12-18,IS,0.5,133502.6036489773
2019-12-19,IS,0.5,133447.02572954237
2019-12-20,IS,0.5,133770.4096473247
2019-12-23,IS,0.5,133974.7793686704
2019-12-24,IS,0.5,133978.9501793101
2019-12-26,IS,0.5,134373.10883990777
2019-12-27,IS,0.5,134358.62533901495
2019-12-30,IS,0.5,133956.0687980062
2019-12-31,IS,0.5,134137.85704651117
2020-01-02,IS,0.5,134828.68227757278
2020-01-03,IS,0.5,134270.7767524312
2020-01-06,IS,0.5,134555.3150383586
2020-01-07,IS,0.5,134351.28963141094
2020-01-08,IS,0.5,134747.6366361584
2020-01-09,IS,0.5,135253.5574982562
2020-01-10,IS,0.5,135042.68441921688
2020-01-13,IS,0.5,135557.80912062293
2020-01-14,IS,0.5,135447.45124878647
2020-01-15,IS,0.5,135620.15882527904
2020-01-16,IS,0.5,136247.09247237624
2020-01-17,IS,0.5,136485.9771629487
2020-01-21,IS,0.5,136341.3543785638
2020-01-22,IS,0.5,136354.21982866744
2020-01-23,IS,0.5,136444.700163569
2020-01-24,IS,0.5,135774.9895695987
2020-01-27,IS,0.5,134575.69741726565
2020-01-28,IS,0.5,135353.34461247807
2020-01-29,IS,0.5,135241.5473624999
2020-01-30,IS,0.5,135487.30300236226
2020-01-31,IS,0.5,134132.77914942353
2020-02-03,IS,0.5,134682.14552587728
2020-02-04,IS,0.5,135813.62205120272
2020-02-05,IS,0.5,136684.86143909683
2020-02-06,IS,0.5,136944.31495761513
2020-02-07,IS,0.5,136541.737270502
2020-02-10,IS,0.5,137111.67396951796
2020-02-11,IS,0.5,137247.85786031745
2020-02-12,IS,0.5,137744.74594797211
2020-02-13,IS,0.5,137666.39680777694
2020-02-14,IS,0.5,137793.4743705623
2020-02-18,IS,0.5,137598.67963175455
2020-02-19,IS,0.5,137970.01555716156
2020-02-20,IS,0.5,137656.51652917752
2020-02-21,IS,0.5,136868.15046855365
2020-02-24,IS,0.5,134347.07929285528
2020-02-25,IS,0.5,132120.48747368023
2020-02-26,IS,0.5,131634.51734543865
2020-02-27,IS,0.5,125722.58508969969
2020-02-28,IS,0.5,125194.3566894371
2020-03-02,IS,0.5,130616.09298973238
2020-03-03,IS,0.5,126876.23591587323
2020-03-04,IS,0.5,129758.7760887561
2020-03-05,IS,0.5,127386.11609532841
2020-03-06,IS,0.5,126245.76591259133
2020-03-09,IS,0.5,120943.62274489285
2020-03-10,IS,0.5,124183.91188812947
2020-03-11,IS,0.5,118130.15070254213
2020-03-12,IS,0.5,112138.56955306962
2020-03-13,IS,0.5,116980.97103270932
2020-03-16,IS,0.5,104180.47639312096
2020-03-17,IS,0.5,107137.05430983673
2020-03-18,IS,0.5,101712.39333212348
2020-03-19,IS,0.5,101508.03081561373
2020-03-20,IS,0.5,99155.84287300905
2020-03-23,IS,0.5,97820.4514910142
2020-03-24,IS,0.5,106683.3046873295
2020-03-25,IS,0.5,108280.37328310111
2020-03-26,IS,0.5,111569.8649892904
2020-03-27,IS,0.5,109793.92089526118
2020-03-30,IS,0.5,111672.89945618738
2020-03-31,IS,0.5,110782.84044547808
2020-04-01,IS,0.5,108134.99655049958
2020-04-02,IS,0.5,109431.80336284226
2020-04-03,IS,0.5,108601.07612518124
2020-04-06,IS,0.5,112406.78620384927
2020-04-07,IS,0.5,112468.70995430677
2020-04-08,IS,0.5,114500.84118130546
2020-04-09,IS,0.5,115453.27743280765
2020-04-13,IS,0.5,114873.98625661105
2020-04-14,IS,0.5,116730.30190317721
2020-04-15,IS,0.5,115354.07176241899
2020-04-16,IS,0.5,115660.25341192576
2020-04-17,IS,0.5,117381.71989839234
2020-04-20,IS,0.5,116229.16136307207
2020-04-21,IS,0.5,114277.60782372962
2020-04-22,IS,0.5,116813.94793291435
2020-04-23,IS,0.5,116805.57717347809
2020-04-24,IS,0.5,117693.83298518545
2020-04-27,IS,0.5,118625.46169359834
2020-04-28,IS,0.5,118324.36598669087
2020-04-29,IS,0.5,120032.0991069191
2020-04-30,IS,0.5,119409.08871990458
2020-05-01,IS,0.5,117653.88069541518
2020-05-04,IS,0.5,117832.21176894991
2020-05-05,IS,0.5,118430.57509506974
2020-05-06,IS,0.5,117987.96785930563
2020-05-07,IS,0.5,118771.19454729266
2020-05-08,IS,0.5,120736.40202103122
2020-05-11,IS,0.5,120761.17354380945
2020-05-12,IS,0.5,119430.58900561887
2020-05-13,IS,0.5,118273.49605087088
2020-05-14,IS,0.5,119688.91395460466
2020-05-15,IS,0.5,120239.12091421631
2020-05-18,IS,0.5,122229.99168955674
2020-05-19,IS,0.5,121538.591297189
2020-05-20,IS,0.5,122671.11352030584
2020-05-21,IS,0.5,121824.19410254197
2020-05-22,IS,0.5,121952.28957393108
2020-05-26,IS,0.5,122783.52577215694
2020-05-27,IS,0.5,123799.68910490122
2020-05-28,IS,0.5,123672.17766872271
2020-05-29,IS,0.5,123980.65634224493
2020-06-01,IS,0.5,124261.74160976449
2020-06-02,IS,0.5,124839.61042701459
2020-06-03,IS,0.5,125775.89796166452
2020-06-04,IS,0.5,125589.03415169631
2020-06-05,IS,0.5,127411.02024056896
2020-06-08,IS,0.5,128292.54259814935
2020-06-09,IS,0.5,127742.80267092015
2020-06-10,IS,0.5,127334.55208857918
2020-06-11,IS,0.5,123136.88011227621
2020-06-12,IS,0.5,123959.02846417025
2020-06-15,IS,0.5,125116.26734796187
2020-06-16,IS,0.5,127524.46516599297
2020-06-17,IS,0.5,127228.08158344563
2020-06-18,IS,0.5,126943.9479949997
2020-06-19,IS,0.5,126539.37073339571
2020-06-22,IS,0.5,126991.7180460808
2020-06-23,IS,0.5,127318.51224246986
2020-06-24,IS,0.5,125501.75003410832
2020-06-25,IS,0.5,126246.29370207607
2020-06-26,IS,0.5,124580.17298416558
2020-06-29,IS,0.5,125587.1923012599
2020-06-30,IS,0.5,127195.90953825299
2020-07-01,IS,0.5,127689.30645426821
2020-07-02,IS,0.5,128079.97809321743
2020-07-06,IS,0.5,129180.61809127299
2020-07-07,IS,0.5,128434.48585656869
2020-07-08,IS,0.5,128982.69213699942
2020-07-09,IS,0.5,128248.39886782806
2020-07-10,IS,0.5,128981.46390002112
2020-07-13,IS,0.5,128354.01209905732
2020-07-14,IS,0.5,129285.72416774143
2020-07-15,IS,0.5,129954.93849540365
2020-07-16,IS,0.5,129713.20994930378
2020-07-17,IS,0.5,129925.75541505853
2020-07-20,IS,0.5,130519.57063410233
2020-07-21,IS,0.5,130677.37411566105
2020-07-22,IS,0.5,131099.98053967918
2020-07-23,IS,0.5,130209.96376564376
2020-07-24,IS,0.5,129735.39126136266
2020-07-27,IS,0.5,130269.80927456009
2020-07-28,IS,0.5,129802.08512435279
2020-07-29,IS,0.5,130704.03135947823
2020-07-30,IS,0.5,130439.4301548034
2020-07-31,IS,0.5,131024.02458908809
2020-08-03,IS,0.5,131542.4407041567
2020-08-04,IS,0.5,131832.55600734727
2020-08-05,IS,0.5,132300.75087668322
2020-08-06,IS,0.5,132807.75307446255
2020-08-07,IS,0.5,132862.76404632677
2020-08-10,IS,0.5,133091.28901682468
2020-08-11,IS,0.5,132459.20443029108
2020-08-12,IS,0.5,133518.66276939053
2020-08-13,IS,0.5,133379.63710731
2020-08-14,IS,0.5,133382.1440524922
2020-08-17,IS,0.5,133626.62609978253
2020-08-18,IS,0.5,133793.47107655578
2020-08-19,IS,0.5,133471.8451164224
2020-08-20,IS,0.5,133711.78401491043
2020-08-21,IS,0.5,133985.9422575068
2020-08-24,IS,0.5,134771.488944442
2020-08-25,IS,0.5,135045.66960576555
2020-08-26,IS,0.5,135833.47666226162
2020-08-27,IS,0.5,136007.2148308924
2020-08-28,IS,0.5,136521.06539562618
2020-08-31,IS,0.5,136231.39841963843
2020-09-01,IS,0.5,136982.70335401257
2020-09-02,IS,0.5,138147.19218891833
2020-09-03,IS,0.5,135337.33170932357
2020-09-04,IS,0.5,134693.83322190415
2020-09-08,IS,0.5,132557.43885204117
2020-09-09,IS,0.5,134059.7797200808
2020-09-10,IS,0.5,131732.01050866058
2020-09-11,IS,0.5,131771.06015109565
2020-09-14,IS,0.5,132775.72741548927
2020-09-15,IS,0.5,133166.32579199897
2020-09-16,IS,0.5,132858.41430250963
2020-09-17,IS,0.5,131872.6279441653
2020-09-18,IS,0.5,130354.50748347506
2020-09-21,IS,0.5,128903.71484007816
2020-09-22,IS,0.5,130216.52448749983
2020-09-23,IS,0.5,127196.66806129864
2020-09-24,IS,0.5,127393.19996290687
2020-09-25,IS,0.5,129452.7561786905
2020-09-28,IS,0.5,131602.88561237667
2020-09-29,IS,0.5,131187.6164810379
2020-09-30,IS,0.5,131763.09754530474
2020-10-01,IS,0.5,132254.0936530385
2020-10-02,IS,0.5,131523.80033551573
2020-10-05,IS,0.5,132875.4279533002
2020-10-06,IS,0.5,131773.0628001629
2020-10-07,IS,0.5,133104.14536392564
2020-10-08,IS,0.5,134283.78651605337
2020-10-09,IS,0.5,134984.82264932757
2020-10-12,IS,0.5,136258.8375608945
2020-10-13,IS,0.5,135734.04084752544
2020-10-14,IS,0.5,135232.0941205627
2020-10-15,IS,0.5,135134.17801251024
2020-10-16,IS,0.5,135086.48315294387
2020-10-19,IS,0.5,133881.41681974416
2020-10-20,IS,0.5,134194.37968415787
2020-10-21,IS,0.5,133940.35689076656
2020-10-22,IS,0.5,134675.06897011367
2020-10-23,IS,0.5,135132.309998218
2020-10-26,IS,0.5,132635.0705370328
2020-10-27,IS,0.5,132368.20369966334
2020-10-28,IS,0.5,129729.52431442501
2020-10-29,IS,0.5,130487.60559408153
2020-10-30,IS,0.5,129127.28871656278
2020-11-02,IS,0.5,130574.60260369029
2020-11-03,IS,0.5,132880.02335832236
2020-11-04,IS,0.5,134594.6170259242
2020-11-05,IS,0.5,136124.30519253595
2020-11-06,IS,0.5,136106.26582582243
2020-11-09,IS,0.5,137110.93597083443
2020-11-10,IS,0.5,136992.45411113297
2020-11-11,IS,0.5,137593.04920405074
2020-11-12,IS,0.5,136803.4288578327
2020-11-13,IS,0.5,137919.91083963073
2020-11-16,IS,0.5,138940.51589524728
2020-11-17,IS,0.5,138495.57364042592
2020-11-18,IS,0.5,137505.04601659227
2020-11-19,IS,0.5,137847.61965159694
2020-11-20,IS,0.5,136903.66898876944
2020-11-23,IS,0.5,137724.3281364521
2020-11-24,IS,0.5,139943.57540905874
2020-11-25,IS,0.5,139727.8152575553
2020-11-27,IS,0.5,139958.5797973754
2020-11-30,IS,0.5,139591.23234133012
2020-12-01,IS,0.5,140495.41815478145
2020-12-02,IS,0.5,140671.39588132943
2020-12-03,IS,0.5,140648.74880718708
2020-12-04,IS,0.5,141370.31190483572
2020-12-07,IS,0.5,141197.00108964465
2020-12-08,IS,0.5,141443.74512212296
2020-12-09,IS,0.5,140686.04161086856
2020-12-10,IS,0.5,140658.82897179146
2020-12-11,IS,0.5,140560.85003010166
2020-12-14,IS,0.5,140186.67682438015
2020-12-15,IS,0.5,141312.27009384558
2020-12-16,IS,0.5,141444.87493167087
2020-12-17,IS,0.5,141556.91211800603
2020-12-18,IS,0.5,141219.24086208417
2020-12-21,IS,0.5,140918.11674691245
2020-12-22,IS,0.5,140776.78751063033
2020-12-23,IS,0.5,140852.32275258173
2020-12-24,IS,0.5,141178.96423237323
2020-12-28,IS,0.5,141902.85531816314
2020-12-29,IS,0.5,141741.00362620142
2020-12-30,IS,0.5,141862.1719536683
2020-12-31,IS,0.5,142293.8214993195
2021-01-04,IS,0.5,141132.087832012
2021-01-05,IS,0.5,141712.1183374103
2021-01-06,IS,0.5,142219.09975637464
2021-01-07,IS,0.5,143486.24823932763
2021-01-08,IS,0.5,143979.51035831962
2021-01-11,IS,0.5,143393.01565829667
2021-01-12,IS,0.5,143411.48130962017
2021-01-13,IS,0.5,143644.52865520355
2021-01-14,IS,0.5,143341.12176767946
2021-01-15,IS,0.5,142711.27677263395
2021-01-19,IS,0.5,143384.90142733225
2021-01-20,IS,0.5,144581.26101461862
2021-01-21,IS,0.5,144661.36183751113
2021-01-22,IS,0.5,144351.08400333498
2021-01-25,IS,0.5,144695.98776855576
2021-01-26,IS,0.5,144559.1789191707
2021-01-27,IS,0.5,142418.10833976022
2021-01-28,IS,0.5,143153.3229692933
2021-01-29,IS,0.5,141427.6738769201
2021-02-01,IS,0.5,142834.02699555497
2021-02-02,IS,0.5,144048.62626083335
2021-02-03,IS,0.5,144117.20017529023
2021-02-04,IS,0.5,145108.0188152899
2021-02-05,IS,0.5,145455.06977594979
2021-02-08,IS,0.5,146094.36228315107
2021-02-09,IS,0.5,146035.10029565127
2021-02-10,IS,0.5,145996.40596304915
2021-02-11,IS,0.5,146140.33434857207
2021-02-12,IS,0.5,146581.00205182808
2021-02-16,IS,0.5,146503.47779318388
2021-02-17,IS,0.5,146524.11324555485
2021-02-18,IS,0.5,146142.95611949978
2021-02-19,IS,0.5,145985.53442216854
2021-02-22,IS,0.5,145300.76702779162
2021-02-23,IS,0.5,145408.1482716677
2021-02-24,IS,0.5,147010.45225391292
2021-02-25,IS,0.5,144855.59557605503
2021-02-26,IS,0.5,144405.9785267415
2021-03-01,IS,0.5,146510.81959262688
2021-03-02,IS,0.5,145816.94465844732
2021-03-03,IS,0.5,144648.27350636778
2021-03-04,IS,0.5,143570.89086492284
2021-03-05,IS,0.5,146212.10741308826
2021-03-08,IS,0.5,145484.1530686444
2021-03-09,IS,0.5,146728.38609966784
2021-03-10,IS,0.5,147278.62964978704
2021-03-11,IS,0.5,148180.42193201237
2021-03-12,IS,0.5,148301.50209535856
2021-03-15,IS,0.5,148838.0489420762
2021-03-16,IS,0.5,148723.9560499036
2021-03-17,IS,0.5,149032.17819291344
2021-03-18,IS,0.5,147421.06035599104
2021-03-19,IS,0.5,147256.2185679257
2021-03-22,IS,0.5,148432.06030497572
2021-03-23,IS,0.5,147263.78025112217
2021-03-24,IS,0.5,146811.83533332107
2021-03-25,IS,0.5,147309.52854864125
2021-03-26,IS,0.5,149683.41574208613
2021-03-29,IS,0.5,149607.81423911016
2021-03-30,IS,0.5,149368.16895344478
2021-03-31,IS,0.5,149733.48493667168
2021-04-01,IS,0.5,150710.56350911406
2021-04-05,IS,0.5,152023.23484159168
2021-04-06,IS,0.5,151968.49505798751
2021-04-07,IS,0.5,152075.8329365577
2021-04-08,IS,0.5,152516.4337594139
2021-04-09,IS,0.5,153194.46763148028
2021-04-12,IS,0.5,153228.75642298342
2021-04-13,IS,0.5,153507.32661568336
2021-04-14,IS,0.5,153185.50110737316
2021-04-15,IS,0.5,154194.5386558028
2021-04-16,IS,0.5,154511.8926602203
2021-04-19,IS,0.5,154043.96897770138
2021-04-20,IS,0.5,153350.07319788716
2021-04-21,IS,0.5,154240.42949594688
2021-04-22,IS,0.5,153373.04213429484
2021-04-23,IS,0.5,154393.5171190269
2021-04-26,IS,0.5,154592.18987328908
2021-04-27,IS,0.5,154571.6683337349
2021-04-28,IS,0.5,154544.29844226874
2021-04-29,IS,0.5,155151.54249551744
2021-04-30,IS,0.5,154521.51763499712
2021-05-03,IS,0.5,154727.06225762356
2021-05-04,IS,0.5,154138.1510249619
2021-05-05,IS,0.5,154167.87424922676
2021-05-06,IS,0.5,154925.80556115866
2021-05-07,IS,0.5,155622.10170583628
2021-05-10,IS,0.5,154667.9450375222
2021-05-11,IS,0.5,153816.4901316871
2021-05-12,IS,0.5,150548.61848889999
2021-05-13,IS,0.5,152357.0883639424
2021-05-14,IS,0.5,154696.5873809377
2021-05-17,IS,0.5,154454.65958160209
2021-05-18,IS,0.5,153637.47022091632
2021-05-19,IS,0.5,153390.9532027292
2021-05-20,IS,0.5,155041.12117516762
2021-05-21,IS,0.5,154914.18517728776
2021-05-24,IS,0.5,155879.8505698925
2021-05-25,IS,0.5,155667.5994320746
2021-05-26,IS,0.5,155857.11827367655
2021-05-27,IS,0.5,155907.38729291697
2021-05-28,IS,0.5,156078.61997687683
2021-06-01,IS,0.5,155994.20474172226
2021-06-02,IS,0.5,156144.91625590294
2021-06-03,IS,0.5,155788.84972794665
2021-06-04,IS,0.5,156663.20376188532
2021-06-07,IS,0.5,156569.65739098736
2021-06-08,IS,0.5,156590.25021881534
2021-06-09,IS,0.5,156446.50648662148
2021-06-10,IS,0.5,156894.00380371697
2021-06-11,IS,0.5,157053.8703402039
2021-06-14,IS,0.5,157270.80647612017
2021-06-15,IS,0.5,157092.82098466114
2021-06-16,IS,0.5,156551.89672765264
2021-06-17,IS,0.5,156205.9518983466
2021-06-18,IS,0.5,154910.79002678825
2021-06-21,IS,0.5,156266.88313878427
2021-06-22,IS,0.5,157102.3165063228
2021-06-23,IS,0.5,156986.01459398595
2021-06-24,IS,0.5,157556.83065798937
2021-06-25,IS,0.5,157901.675122989
2021-06-28,IS,0.5,158098.11461581974
2021-06-29,IS,0.5,158150.7147042767
2021-06-30,IS,0.5,158233.0149988483
2021-07-01,IS,0.5,158774.15487238395
2021-07-02,IS,0.5,159525.31087174392
2021-07-06,IS,0.5,159345.09101004765
2021-07-07,IS,0.5,159694.47703050217
2021-07-08,IS,0.5,158886.51559103967
2021-07-09,IS,0.5,159936.74030656152
2021-07-12,IS,0.5,160292.97467974733
2021-07-13,IS,0.5,159952.95994117434
2021-07-14,IS,0.5,160101.4849879755
2021-07-15,IS,0.5,159761.47024992667
2021-07-16,IS,0.5,158983.16098915398
2021-07-19,IS,0.5,157529.14767238637
2021-07-20,IS,0.5,159786.60704440047
2021-07-21,IS,0.5,161080.29065824763
2021-07-22,IS,0.5,161288.1467814334
2021-07-23,IS,0.5,162310.9567834954
2021-07-26,IS,0.5,162557.6202347224
2021-07-27,IS,0.5,162098.90343830088
2021-07-28,IS,0.5,162057.9361093212
2021-07-29,IS,0.5,162473.55013189564
2021-07-30,IS,0.5,161985.18170121164
2021-08-02,IS,0.5,161775.28835900195
2021-08-03,IS,0.5,162588.08223728073
2021-08-04,IS,0.5,162092.84089883819
2021-08-05,IS,0.5,162727.57762765087
2021-08-06,IS,0.5,162894.36819895636
2021-08-09,IS,0.5,162812.33531747275
2021-08-10,IS,0.5,162938.01122096507
2021-08-11,IS,0.5,163189.24024325784
2021-08-12,IS,0.5,163492.99785427537
2021-08-13,IS,0.5,163678.05069900805
2021-08-16,IS,0.5,163917.89035946186
2021-08-17,IS,0.5,163249.20655596963
2021-08-18,IS,0.5,162139.94544601906
2021-08-19,IS,0.5,162295.3221006131
2021-08-20,IS,0.5,163586.71851618204
2021-08-23,IS,0.5,165025.70309353023
2021-08-24,IS,0.5,165187.90560865751
2021-08-25,IS,0.5,165402.6371260766
2021-08-26,IS,0.5,164797.82422656522
2021-08-27,IS,0.5,165708.77988587873
2021-08-30,IS,0.5,166437.49367638186
2021-08-31,IS,0.5,166284.6474726066
2021-09-01,IS,0.5,166339.55969125932
2021-09-02,IS,0.5,166656.9920671433
2021-09-03,IS,0.5,166632.006847212
2021-09-07,IS,0.5,166262.32124749167
2021-09-08,IS,0.5,166136.8935332125
2021-09-09,IS,0.5,165696.4165498979
2021-09-10,IS,0.5,164888.43642791218
2021-09-13,IS,0.5,165310.4300017444
2021-09-14,IS,0.5,164418.32077987105
2021-09-15,IS,0.5,165791.65074383374
2021-09-16,IS,0.5,165000.18328762136
2021-09-17,IS,0.5,164009.1262715924
2021-09-20,IS,0.5,162329.0976590341
2021-09-21,IS,0.5,162175.75941822634
2021-09-22,IS,0.5,163757.76126851136
2021-09-23,IS,0.5,165747.41844191952
2021-09-24,IS,0.5,166020.43530969918
2021-09-27,IS,0.5,165730.6244202251
2021-09-28,IS,0.5,163694.483790987
2021-09-29,IS,0.5,163861.22969659104
2021-09-30,IS,0.5,161858.46037977922
2021-10-01,IS,0.5,163782.02413038947
2021-10-04,IS,0.5,161669.87569834682
2021-10-05,IS,0.5,162688.09865322104
2021-10-06,IS,0.5,163099.10107123567
2021-10-07,IS,0.5,163957.55447399284
2021-10-08,IS,0.5,163775.05838496634
2021-10-11,IS,0.5,163051.54249440978
2021-10-12,IS,0.5,162807.43656446962
2021-10-13,IS,0.5,163393.1558602599
2021-10-14,IS,0.5,166141.53101742957
2021-10-15,IS,0.5,166910.95843948412
2021-10-18,IS,0.5,167212.44099180485
2021-10-19,IS,0.5,168000.13068621352
2021-10-20,IS,0.5,168404.31267328683
2021-10-21,IS,0.5,168673.83625095943
2021-10-22,IS,0.5,168566.70047333077
2021-10-25,IS,0.5,169121.5720484619
2021-10-26,IS,0.5,169215.3212612626
2021-10-27,IS,0.5,168754.35396880863
2021-10-28,IS,0.5,169754.36841993075
2021-10-29,IS,0.5,170098.8254862393
2021-11-01,IS,0.5,170279.29490820508
2021-11-02,IS,0.5,170704.02221562018
2021-11-03,IS,0.5,171347.89678477324
2021-11-04,IS,0.5,171847.9300660744
2021-11-05,IS,0.5,172217.8705588386
2021-11-08,IS,0.5,172309.3373049153
2021-11-09,IS,0.5,171955.60938064655
2021-11-10,IS,0.5,171097.41209629824
2021-11-11,IS,0.5,171131.78334594733
2021-11-12,IS,0.5,171930.88722706315
2021-11-15,IS,0.5,171967.54126119983
2021-11-16,IS,0.5,172389.98578715904
2021-11-17,IS,0.5,172129.87790522067
2021-11-18,IS,0.5,172492.97004837592
2021-11-19,IS,0.5,172301.34568616422
2021-11-22,IS,0.5,172000.14769346896
2021-11-23,IS,0.5,172141.83569035985
2021-11-24,IS,0.5,172601.42964711445
2021-11-26,IS,0.5,168751.8706653377
2021-11-29,IS,0.5,170037.2303733617
2021-11-30,IS,0.5,167973.7206037148
2021-12-01,IS,0.5,166818.78424445356
2021-12-02,IS,0.5,169373.83332611108
2021-12-03,IS,0.5,167900.05139205354
2021-12-06,IS,0.5,169888.54611212615
2021-12-07,IS,0.5,173402.6643418262
2021-12-08,IS,0.5,173685.9142891737
2021-12-09,IS,0.5,172962.43011387525
2021-12-10,IS,0.5,173964.73062311695
2021-12-13,IS,0.5,172423.68264185678
2021-12-14,IS,0.5,171691.0397716581
2021-12-15,IS,0.5,174373.71226809025
2021-12-16,IS,0.5,172229.6381501994
2021-12-17,IS,0.5,171101.25910919823
2021-12-20,IS,0.5,169985.16142067508
2021-12-21,IS,0.5,171829.83454662986
2021-12-22,IS,0.5,172886.97344152824
2021-12-23,IS,0.5,173551.447254142
2021-12-27,IS,0.5,175071.93881788917
2021-12-28,IS,0.5,174983.06768050985
2021-12-29,IS,0.5,175122.44870121943
2021-12-30,IS,0.5,174821.2524152535
2021-12-31,IS,0.5,174547.47577699914
2022-01-03,IS,0.5,175175.45128841244
2022-01-04,IS,0.5,175116.77955827044
2022-01-05,IS,0.5,173023.7027344421
2022-01-06,IS,0.5,172923.52255176718
2022-01-07,IS,0.5,172239.86969729696
2022-01-10,IS,0.5,172025.53528886853
2022-01-11,IS,0.5,173592.3937228974
2022-01-12,IS,0.5,173882.6232809772
2022-01-13,IS,0.5,172401.41247692335
2022-01-14,IS,0.5,172445.1277018816
2022-01-18,IS,0.5,170566.8178222122
2022-01-19,IS,0.5,169485.22588539857
2022-01-20,IS,0.5,168344.28156828717
2022-01-21,IS,0.5,165039.5712171873
2022-01-24,IS,0.5,165740.45619472954
2022-01-25,IS,0.5,163716.93343698655
2022-01-26,IS,0.5,163306.19976735156
2022-01-27,IS,0.5,162499.80522329753
2022-01-28,IS,0.5,166535.5461423716
2022-01-31,IS,0.5,169535.03239034826
2022-02-01,IS,0.5,170229.50259760724
2022-02-02,IS,0.5,171234.43142909673
2022-02-03,IS,0.5,168780.96906449748
2022-02-04,IS,0.5,169260.96367210083
2022-02-07,IS,0.5,168717.75933136576
2022-02-08,IS,0.5,170105.94820213315
2022-02-09,IS,0.5,172595.63476383555
2022-02-10,IS,0.5,170720.26806973483
2022-02-11,IS,0.5,168698.69504353363
2022-02-14,IS,0.5,168371.13704863822
2022-02-15,IS,0.5,171086.42940503283
2022-02-16,IS,0.5,171278.18733980646
2022-02-17,IS,0.5,169101.40184391112
2022-02-18,IS,0.5,168456.33689663527
2022-02-22,IS,0.5,166648.5241477733
2022-02-23,IS,0.5,163692.40115499907
2022-02-24,IS,0.5,166155.83698231092
2022-02-25,IS,0.5,169821.89502453097
2022-02-28,IS,0.5,169567.19395594994
2022-03-01,IS,0.5,168050.03015622203
2022-03-02,IS,0.5,169856.65530569098
2022-03-03,IS,0.5,169360.06238411725
2022-03-04,IS,0.5,168552.8999105739
2022-03-07,IS,0.5,165645.68714282286
2022-03-08,IS,0.5,164920.76039458025
2022-03-09,IS,0.5,169342.4197002944
2022-03-10,IS,0.5,168577.74206050692
2022-03-11,IS,0.5,167343.8900552983
2022-03-14,IS,0.5,166644.3512857764
2022-03-15,IS,0.5,170308.92850709675
2022-03-16,IS,0.5,174085.40121609095
2022-03-17,IS,0.5,175018.87271399642
2022-03-18,IS,0.5,176119.5078243862
2022-03-21,IS,0.5,176091.4311726121
2022-03-22,IS,0.5,177279.9895478972
2022-03-23,IS,0.5,175959.73874424986
2022-03-24,IS,0.5,177488.46161510513
2022-03-25,IS,0.5,178355.23915856495
2022-03-28,IS,0.5,179092.0519225586
2022-03-29,IS,0.5,180381.17937369127
2022-03-30,IS,0.5,179732.2232668355
2022-03-31,IS,0.5,178122.1258321399
2022-04-01,IS,0.5,178415.9000343263
2022-04-04,IS,0.5,179944.32380040683
2022-04-05,IS,0.5,177671.3843338386
2022-04-06,IS,0.5,176643.8351249968
2022-04-07,IS,0.5,177159.47758323138
2022-04-08,IS,0.5,176887.61892252433
2022-04-11,IS,0.5,175143.57220377153
2022-04-12,IS,0.5,174773.67255538685
2022-04-13,IS,0.5,176775.46095171812
2022-04-14,IS,0.5,174574.29124101123
2022-04-18,IS,0.5,174617.7803761992
2022-04-19,IS,0.5,177436.57551572868
2022-04-20,IS,0.5,177305.00516268134
2022-04-21,IS,0.5,175789.44998976632
2022-04-22,IS,0.5,173048.03990515688
2022-04-25,IS,0.5,174051.29936099608
2022-04-26,IS,0.5,169010.6314067594
2022-04-27,IS,0.5,169485.85957005163
2022-04-28,IS,0.5,173766.9748188554
2022-04-29,IS,0.5,167345.3019456498
2022-05-02,IS,0.5,167914.0500355077
2022-05-03,IS,0.5,168683.77763410707
2022-05-04,IS,0.5,173820.69655528598
2022-05-05,IS,0.5,170342.01029023217
2022-05-06,IS,0.5,169780.72202997006
2022-05-09,IS,0.5,166777.06578379576
2022-05-10,IS,0.5,166989.76192033835
2022-05-11,IS,0.5,164336.93902180687
2022-05-12,IS,0.5,164165.38422868415
2022-05-13,IS,0.5,168090.2231542718
2022-05-16,IS,0.5,167408.18824502788
2022-05-17,IS,0.5,169290.1194896113
2022-05-18,IS,0.5,165535.7666667694
2022-05-19,IS,0.5,164991.06862114475
2022-05-20,IS,0.5,165063.0875233827
2022-05-23,IS,0.5,168151.42750758684
2022-05-24,IS,0.5,166867.7964853456
2022-05-25,IS,0.5,167665.44214518482
2022-05-26,IS,0.5,169481.24013095626
2022-05-27,IS,0.5,171755.9083729721
2022-05-31,IS,0.5,171227.5623572625
2022-06-01,IS,0.5,170468.62478178387
2022-06-02,IS,0.5,172252.76979913158
2022-06-03,IS,0.5,170692.75863805454
2022-06-06,IS,0.5,170981.95540204362
2022-06-07,IS,0.5,171887.50403138643
2022-06-08,IS,0.5,170859.59592505515
2022-06-09,IS,0.5,168631.00474789817
2022-06-10,IS,0.5,165978.09092409216
2022-06-13,IS,0.5,159676.20342877004
2022-06-14,IS,0.5,159195.045802438
2022-06-15,IS,0.5,161464.57690717228
2022-06-16,IS,0.5,155449.31032602082
2022-06-17,IS,0.5,155633.60007126626
2022-06-21,IS,0.5,159551.4524100198
2022-06-22,IS,0.5,159262.18643929748
2022-06-23,IS,0.5,160104.80010653497
2022-06-24,IS,0.5,162853.7729998885
2022-06-27,IS,0.5,162518.88082331384
2022-06-28,IS,0.5,160711.593356057
2022-06-29,IS,0.5,160646.04114057214
2022-06-30,IS,0.5,159340.9029296967
2022-07-01,IS,0.5,161026.17848354558
2022-07-05,IS,0.5,161330.2883579243
2022-07-06,IS,0.5,161630.35719038954
2022-07-07,IS,0.5,162946.4124210791
2022-07-08,IS,0.5,162879.18927952508
2022-07-11,IS,0.5,161872.0481241263
2022-07-12,IS,0.5,161102.43477224172
2022-07-13,IS,0.5,160652.91208632893
2022-07-14,IS,0.5,160449.96017091515
2022-07-15,IS,0.5,162105.10677188763
2022-07-18,IS,0.5,161386.5414134292
2022-07-19,IS,0.5,163749.79403510387
2022-07-20,IS,0.5,164327.88088560803
2022-07-21,IS,0.5,165252.86329054102
2022-07-22,IS,0.5,164415.56663793963
2022-07-25,IS,0.5,164532.85731800954
2022-07-26,IS,0.5,163472.0260678035
2022-07-27,IS,0.5,165796.24014606336
2022-07-28,IS,0.5,166951.61059920717
2022-07-29,IS,0.5,168310.12004462126
2022-08-01,IS,0.5,168039.1644458526
2022-08-02,IS,0.5,167428.07480137292
2022-08-03,IS,0.5,168894.20143980286
2022-08-04,IS,0.5,168837.65295477243
2022-08-05,IS,0.5,168685.4641202565
2022-08-08,IS,0.5,168583.70369853053
2022-08-09,IS,0.5,168217.2001312916
2022-08-10,IS,0.5,170197.34034317776
2022-08-11,IS,0.5,170205.06754413494
2022-08-12,IS,0.5,171835.88445001937
2022-08-15,IS,0.5,172245.6782330573
2022-08-16,IS,0.5,172445.39775164615
2022-08-17,IS,0.5,171757.0561466598
2022-08-18,IS,0.5,172048.11823365715
2022-08-19,IS,0.5,170743.60371878036
2022-08-22,IS,0.5,168745.3598762479
2022-08-23,IS,0.5,168525.34664379637
2022-08-24,IS,0.5,169064.82392661393
2022-08-25,IS,0.5,171451.60220817028
2022-08-26,IS,0.5,165648.1344687695
2022-08-29,IS,0.5,165044.96662226066
2022-08-30,IS,0.5,163233.13255010906
2022-08-31,IS,0.5,161991.0834011002
2022-09-01,IS,0.5,162499.38074260877
2022-09-02,IS,0.5,160785.92680107176
2016-09-06,IS,1.0,100001.26984126985
2016-09-07,IS,1.0,100002.61906475182
2016-09-08,IS,1.0,100004.00799001663
2016-09-09,IS,1.0,100005.39693457207
2016-09-12,IS,1.0,100006.86526778102
2016-09-13,IS,1.0,98569.21457450747
2016-09-14,IS,1.0,98570.50536184118
2016-09-15,IS,1.0,98571.63970495843
2016-09-16,IS,1.0,98572.81317685968
2016-09-19,IS,1.0,98573.98666273084
2016-09-20,IS,1.0,98575.16016257207
2016-09-21,IS,1.0,98576.02073936713
2016-09-22,IS,1.0,98576.72485380099
2016-09-23,IS,1.0,98577.42897326424
2016-09-26,IS,1.0,98578.4069239485
2016-09-27,IS,1.0,99190.38079068136
2016-09-28,IS,1.0,99682.72066842885
2016-09-29,IS,1.0,99683.74914094369
2016-09-30,IS,1.0,99684.89629519968
2016-10-03,IS,1.0,99686.16213515264
2016-10-04,IS,1.0,99687.4675491806
2016-10-05,IS,1.0,99688.7334217844
2016-10-06,IS,1.0,99690.03886948398
2016-10-07,IS,1.0,99691.34433427869
2016-10-10,IS,1.0,99692.64981616879
2016-10-11,IS,1.0,99694.03443630514
2016-10-12,IS,1.0,99695.49819792186
2016-10-13,IS,1.0,99696.68504909087
2016-10-14,IS,1.0,99697.95103874229
2016-10-17,IS,1.0,99699.29616982774
2016-10-18,IS,1.0,99700.64131906176
2016-10-19,IS,1.0,99966.55945837141
2016-10-20,IS,1.0,99967.94788280835
2016-10-21,IS,1.0,99969.29665670835
2016-10-24,IS,1.0,99970.60577845028
2016-10-25,IS,1.0,99971.95458821078
2016-10-26,IS,1.0,99973.26374475895
2016-10-27,IS,1.0,99974.45390266068
2016-10-28,IS,1.0,99975.64407473094
2016-10-31,IS,1.0,99976.99295246844
2016-11-01,IS,1.0,99978.38152181501
2016-11-02,IS,1.0,99979.8494583691
2016-11-03,IS,1.0,99981.35709101966
2016-11-04,IS,1.0,99982.86474640436
2016-11-07,IS,1.0,99984.49145174347
2016-11-08,IS,1.0,100434.80865462254
2016-11-09,IS,1.0,100436.60213334851
2016-11-10,IS,1.0,100438.51521148437
2016-11-11,IS,1.0,100440.42832605982
2016-11-14,IS,1.0,100442.62047826535
2016-11-15,IS,1.0,100444.65324558456
2016-11-16,IS,1.0,100446.52661808557
2016-11-17,IS,1.0,100448.28044632812
2016-11-18,IS,1.0,100450.03430519305
2016-11-21,IS,1.0,100451.8679169304
2016-11-22,IS,1.0,100453.82114769543
2016-11-23,IS,1.0,100455.85414169484
2016-11-25,IS,1.0,100457.80744996981
2016-11-28,IS,1.0,100459.72093201647
2016-11-29,IS,1.0,100461.63445051042
2016-11-30,IS,1.0,100220.61020417132
2016-12-01,IS,1.0,99852.25239372853
2016-12-02,IS,1.0,99902.27629391213
2016-12-05,IS,1.0,100502.56309611516
2016-12-06,IS,1.0,100820.89700637436
2016-12-07,IS,1.0,100822.97743758242
2016-12-08,IS,1.0,100825.01790260199
2016-12-09,IS,1.0,100827.1784386999
2016-12-12,IS,1.0,100829.21898873974
2016-12-13,IS,1.0,100831.37961486093
2016-12-14,IS,1.0,100833.58029973348
2016-12-15,IS,1.0,100835.62097933478
2016-12-16,IS,1.0,100837.66170023556
2016-12-19,IS,1.0,101057.22468562979
2016-12-20,IS,1.0,101447.06100663585
2016-12-21,IS,1.0,101164.76573970044
2016-12-22,IS,1.0,101166.81312186422
2016-12-23,IS,1.0,101314.94094301168
2016-12-27,IS,1.0,101566.30936677709
2016-12-28,IS,1.0,101568.44548360108
2016-12-29,IS,1.0,101570.33981571923
2016-12-30,IS,1.0,101199.09988414409
2017-01-03,IS,1.0,101973.27096096547
2017-01-04,IS,1.0,102579.93133695418
2017-01-05,IS,1.0,102582.04806569604
2017-01-06,IS,1.0,102584.20554527838
2017-01-09,IS,1.0,102586.24094618208
2017-01-10,IS,1.0,102588.35780512223
2017-01-11,IS,1.0,102590.4747077436
2017-01-12,IS,1.0,102592.59165404708
2017-01-13,IS,1.0,102594.7493553795
2017-01-17,IS,1.0,102596.9885264964
2017-01-18,IS,1.0,102599.14632030271
2017-01-19,IS,1.0,102601.26344554423
2017-01-20,IS,1.0,102603.29918489832
2017-01-23,IS,1.0,102605.37568023897
2017-01-24,IS,1.0,102607.45221760392
2017-01-25,IS,1.0,102609.4880797511
2017-01-26,IS,1.0,102611.56470034318
2017-01-27,IS,1.0,102613.68208183699
2017-01-30,IS,1.0,102615.75878730768
2017-01-31,IS,1.0,102617.87625534616
2017-02-01,IS,1.0,102619.95304569893
2017-02-02,IS,1.0,102622.07060028559
2017-02-03,IS,1.0,102624.14747552393
2017-02-06,IS,1.0,102626.30584053036
2017-02-07,IS,1.0,102628.46425093099
2017-02-08,IS,1.0,102630.6634323078
2017-02-09,IS,1.0,102632.86266080993
2017-02-10,IS,1.0,102635.10266376483
2017-02-13,IS,1.0,102637.22053096264
2017-02-14,IS,1.0,102639.41989997403
2017-02-15,IS,1.0,102641.61931611475
2017-02-16,IS,1.0,102643.77804858451
2017-02-17,IS,1.0,102645.93682645618
2017-02-21,IS,1.0,102648.09564973072
2017-02-22,IS,1.0,102650.21378503778
2017-02-23,IS,1.0,102652.29122984056
2017-02-24,IS,1.0,102654.40945172308
2017-02-27,IS,1.0,102656.44624556143
2017-02-28,IS,1.0,102658.6052898674
2017-03-01,IS,1.0,102661.17175499962
2017-03-02,IS,1.0,102663.90123853437
2017-03-03,IS,1.0,102666.7937532121
2017-03-06,IS,1.0,102361.05839726554
2017-03-07,IS,1.0,102055.32304131897
2017-03-08,IS,1.0,101865.85324326759
2017-03-09,IS,1.0,101995.03719648444
2017-03-10,IS,1.0,102352.44613371775
2017-03-13,IS,1.0,102404.11971500449
2017-03-14,IS,1.0,102407.28936632899
2017-03-15,IS,1.0,102410.25592669555
2017-03-16,IS,1.0,102413.22257299819
2017-03-17,IS,1.0,102416.18930523939
2017-03-20,IS,1.0,102303.84821246903
2017-03-21,IS,1.0,100990.3215893077
2017-03-22,IS,1.0,101227.96620862964
2017-03-23,IS,1.0,101119.94592711965
2017-03-24,IS,1.0,101046.49213569288
2017-03-27,IS,1.0,100942.79266544331
2017-03-28,IS,1.0,101677.33057971114
2017-03-29,IS,1.0,101772.38842743992
2017-03-30,IS,1.0,101775.53852517696
2017-03-31,IS,1.0,101778.6079461801
2017-04-03,IS,1.0,101781.79862476255
2017-04-04,IS,1.0,101784.98940337024
2017-04-05,IS,1.0,101788.22067287512
2017-04-06,IS,1.0,101791.41165280892
2017-04-07,IS,1.0,101687.64874592533
2017-04-10,IS,1.0,101748.17710827409
2017-04-11,IS,1.0,101627.12038357658
2017-04-12,IS,1.0,101181.80457486778
2017-04-13,IS,1.0,100524.63949793833
2017-04-17,IS,1.0,101415.27111535589
2017-04-18,IS,1.0,101112.62930361206
2017-04-19,IS,1.0,101115.87935241111
2017-04-20,IS,1.0,101119.04925497812
2017-04-21,IS,1.0,101122.21925691907
2017-04-24,IS,1.0,101125.4696139666
2017-04-25,IS,1.0,101128.7602046445
2017-04-26,IS,1.0,101132.09103285758
2017-04-27,IS,1.0,101135.34170721221
2017-04-28,IS,1.0,101138.55235298071
2017-05-01,IS,1.0,101141.88350371298
2017-05-02,IS,1.0,101145.17462849364
2017-05-03,IS,1.0,101148.58627128864
2017-05-04,IS,1.0,101152.0381674868
2017-05-05,IS,1.0,101155.6507402785
2017-05-08,IS,1.0,101159.30358322189
2017-05-09,IS,1.0,101162.9565580735
2017-05-10,IS,1.0,101166.56952080774
2017-05-11,IS,1.0,101170.14246711222
2017-05-12,IS,1.0,101173.67539272217
2017-05-15,IS,1.0,101177.28873827192
2017-05-16,IS,1.0,101180.90221286973
2017-05-17,IS,1.0,101184.51581652019
2017-05-18,IS,1.0,101188.25000698483
2017-05-19,IS,1.0,101846.39886457134
2017-05-22,IS,1.0,102363.5158241036
2017-05-23,IS,1.0,102367.25290484002
2017-05-24,IS,1.0,102371.0307439353
2017-05-25,IS,1.0,102374.84934587576
2017-05-26,IS,1.0,102378.6680902561
2017-05-30,IS,1.0,102382.4463506261
2017-05-31,IS,1.0,102386.4278902064
2017-06-01,IS,1.0,102390.40958462436
2017-06-02,IS,1.0,102394.39143388598
2017-06-05,IS,1.0,102398.29217260725
2017-06-06,IS,1.0,102402.23369417105
2017-06-07,IS,1.0,102406.2972748732
2017-06-08,IS,1.0,102456.73130455795
2017-06-09,IS,1.0,102460.83770529674
2017-06-12,IS,1.0,102464.82229342972
2017-06-13,IS,1.0,102468.88835780643
2017-06-14,IS,1.0,102472.9952457922
2017-06-15,IS,1.0,102477.14296226644
2017-06-16,IS,1.0,102481.33151215735
2017-06-19,IS,1.0,103334.49788890709
2017-06-20,IS,1.0,102637.60456136399
2017-06-21,IS,1.0,102641.63675297175
2017-06-22,IS,1.0,102595.16389829866
2017-06-23,IS,1.0,102717.6832424368
2017-06-26,IS,1.0,102785.2801219613
2017-06-27,IS,1.0,101957.21834778629
2017-06-28,IS,1.0,102869.77622136692
2017-06-29,IS,1.0,101965.66795772684
2017-06-30,IS,1.0,101969.83560209176
2017-07-03,IS,1.0,101974.12480946233
2017-07-05,IS,1.0,101978.37373132938
2017-07-06,IS,1.0,101982.58236262623
2017-07-07,IS,1.0,101986.83163689135
2017-07-10,IS,1.0,102096.35448281093
2017-07-11,IS,1.0,102100.60849758107
2017-07-12,IS,1.0,102104.86268960181
2017-07-13,IS,1.0,102109.11705888055
2017-07-14,IS,1.0,102113.33108593377
2017-07-17,IS,1.0,102117.66685038859
2017-07-18,IS,1.0,102122.00279894135
2017-07-19,IS,1.0,102126.50103001701
2017-07-20,IS,1.0,102131.16156478625
2017-07-21,IS,1.0,102135.86284047733
2017-07-24,IS,1.0,102140.60486268064
2017-07-25,IS,1.0,102145.38763703531
2017-07-26,IS,1.0,102149.96796592539
2017-07-27,IS,1.0,102154.46742880008
2017-07-28,IS,1.0,102158.84547740417
2017-07-31,IS,1.0,102163.1831744145
2017-08-01,IS,1.0,102167.56159655056
2017-08-02,IS,1.0,102171.9402063333
2017-08-03,IS,1.0,102176.31900377071
2017-08-04,IS,1.0,102180.69798887089
2017-08-07,IS,1.0,102184.83387426566
2017-08-08,IS,1.0,102189.13212521434
2017-08-09,IS,1.0,102193.43055696246
2017-08-10,IS,1.0,102197.68861656901
2017-08-11,IS,1.0,102201.86574431803
2017-08-14,IS,1.0,103215.00893250928
2017-08-15,IS,1.0,103202.44930620938
2017-08-16,IS,1.0,103206.62654820511
2017-08-17,IS,1.0,103210.7220492586
2017-08-18,IS,1.0,103214.89962610346
2017-08-21,IS,1.0,103295.69906135112
2017-08-22,IS,1.0,104375.85993255668
2017-08-23,IS,1.0,104001.63096930437
2017-08-24,IS,1.0,104005.84055912931
2017-08-25,IS,1.0,104010.09159150136
2017-08-28,IS,1.0,104014.13642839658
2017-08-29,IS,1.0,104018.38779984585
2017-08-30,IS,1.0,104022.63934506146
2017-08-31,IS,1.0,104026.8085064003
2017-09-01,IS,1.0,104031.01911531603
2017-09-05,IS,1.0,104035.27117681161
2017-09-06,IS,1.0,104039.68854745285
2017-09-07,IS,1.0,104044.02353447567
2017-09-08,IS,1.0,104048.317414812
2017-09-11,IS,1.0,104052.65276137095
2017-09-12,IS,1.0,104056.9057070989
2017-09-13,IS,1.0,104061.20011908044
2017-09-14,IS,1.0,104065.53600241874
2017-09-15,IS,1.0,104069.87206641884
2017-09-18,IS,1.0,104291.21735393119
2017-09-19,IS,1.0,104395.62550841815
2017-09-20,IS,1.0,104399.93389931212
2017-09-21,IS,1.0,104404.24246801272
2017-09-22,IS,1.0,104408.50978427232
2017-09-25,IS,1.0,104412.86013884668
2017-09-26,IS,1.0,104417.25210836045
2017-09-27,IS,1.0,104421.68569803331
2017-09-28,IS,1.0,104426.07803878092
2017-09-29,IS,1.0,104430.47056428574
2017-10-02,IS,1.0,104434.6560712409
2017-10-03,IS,1.0,104439.09039989152
2017-10-04,IS,1.0,104443.56636090868
2017-10-05,IS,1.0,104448.00106789304
2017-10-06,IS,1.0,104452.43596317648
2017-10-09,IS,1.0,104456.87104676697
2017-10-10,IS,1.0,104461.34776981184
2017-10-11,IS,1.0,104465.90759054781
2017-10-12,IS,1.0,104470.42615559837
2017-10-13,IS,1.0,104474.94491609477
2017-10-16,IS,1.0,104479.50533035697
2017-10-17,IS,1.0,104484.02448356373
2017-10-18,IS,1.0,104488.5438322418
2017-10-19,IS,1.0,104493.1048401075
2017-10-20,IS,1.0,104497.70751258258
2017-10-23,IS,1.0,104502.22745310595
2017-10-24,IS,1.0,104506.87199654833
2017-10-25,IS,1.0,104511.51674641485
2017-10-26,IS,1.0,104516.12022989058
2017-10-27,IS,1.0,104520.68244148791
2017-10-30,IS,1.0,104525.32780515197
2017-10-31,IS,1.0,104530.09781019071
2017-11-01,IS,1.0,104534.99247350087
2017-11-02,IS,1.0,104539.84588386571
2017-11-03,IS,1.0,104544.74100363329
2017-11-06,IS,1.0,104549.67783862514
2017-11-07,IS,1.0,104554.73937064748
2017-11-08,IS,1.0,104559.84263768818
2017-11-09,IS,1.0,104564.98764581796
2017-11-10,IS,1.0,104570.09141307212
2017-11-13,IS,1.0,104575.23692550672
2017-11-14,IS,1.0,104580.465687353
2017-11-15,IS,1.0,104585.65321045257
2017-11-16,IS,1.0,104590.92399535644
2017-11-17,IS,1.0,104596.27805456096
2017-11-20,IS,1.0,104601.67389430189
2017-11-21,IS,1.0,104607.07001239962
2017-11-22,IS,1.0,104612.42489812644
2017-11-24,IS,1.0,104617.7800579724
2017-11-27,IS,1.0,104623.0524619674
2017-11-28,IS,1.0,104628.44968292775
2017-11-29,IS,1.0,104633.80566309008
2017-11-30,IS,1.0,104639.0788747247
2017-12-01,IS,1.0,104644.35235211244
2017-12-04,IS,1.0,104649.70914634
2017-12-05,IS,1.0,104655.10774244675
2017-12-06,IS,1.0,104660.50661705252
2017-12-07,IS,1.0,104990.50289608365
2017-12-08,IS,1.0,105563.02656090872
2017-12-11,IS,1.0,105568.59794286611
2017-12-12,IS,1.0,105574.21151116941
2017-12-13,IS,1.0,105579.6577998585
2017-12-14,IS,1.0,105585.18816288612
2017-12-15,IS,1.0,105590.67691671522
2017-12-18,IS,1.0,106260.25120657019
2017-12-19,IS,1.0,105852.16746778286
2017-12-20,IS,1.0,105857.96413409656
2017-12-21,IS,1.0,106075.99911246513
2017-12-22,IS,1.0,106048.2492061273
2017-12-26,IS,1.0,105921.39249144014
2017-12-27,IS,1.0,105972.92803178182
2017-12-28,IS,1.0,106190.96301015036
2017-12-29,IS,1.0,105790.57150441904
2018-01-02,IS,1.0,105796.61667993356
2018-01-03,IS,1.0,105802.53625253354
2018-01-04,IS,1.0,105808.45615634766
2018-01-05,IS,1.0,105814.2924164293
2018-01-08,IS,1.0,105820.3809372231
2018-01-09,IS,1.0,105826.42781613379
2018-01-10,IS,1.0,105832.39105135201
2018-01-11,IS,1.0,105838.39661957434
2018-01-12,IS,1.0,105844.40252858886
2018-01-16,IS,1.0,105850.49278190896
2018-01-17,IS,1.0,105856.5413814965
2018-01-18,IS,1.0,105862.63233328235
2018-01-19,IS,1.0,105868.68162655851
2018-01-22,IS,1.0,105874.7312655086
2018-01-23,IS,1.0,105880.78125015233
2018-01-24,IS,1.0,105886.78956432645
2018-01-25,IS,1.0,105892.75620088125
2018-01-26,IS,1.0,105898.68115271632
2018-01-29,IS,1.0,105904.73250592504
2018-01-30,IS,1.0,105910.78420492537
2018-01-31,IS,1.0,105916.92030591502
2018-02-01,IS,1.0,105923.1408234568
2018-02-02,IS,1.0,105929.36170633056
2018-02-05,IS,1.0,105935.70906094075
2018-02-06,IS,1.0,108022.87492733293
2018-02-07,IS,1.0,107436.8629725382
2018-02-08,IS,1.0,103407.02733819633
2018-02-09,IS,1.0,104960.36039645362
2018-02-12,IS,1.0,106501.652113174
2018-02-13,IS,1.0,106766.56162698532
2018-02-14,IS,1.0,106773.25572092859
2018-02-15,IS,1.0,106779.95023458093
2018-02-16,IS,1.0,106786.81465995315
2018-02-20,IS,1.0,106793.84902949024
2018-02-21,IS,1.0,106800.79910537947
2018-02-22,IS,1.0,106807.70725230574
2018-02-23,IS,1.0,108510.15258609806
2018-02-26,IS,1.0,109770.19913245476
2018-02-27,IS,1.0,109777.43002652458
2018-02-28,IS,1.0,109784.617834443
2018-03-01,IS,1.0,108188.26502588032
2018-03-02,IS,1.0,108745.97815899842
2018-03-05,IS,1.0,110002.85340827183
2018-03-06,IS,1.0,110281.70997483087
2018-03-07,IS,1.0,110289.06208882919
2018-03-08,IS,1.0,110296.37092746762
2018-03-09,IS,1.0,110303.68025046162
2018-03-12,IS,1.0,110311.16514305006
2018-03-13,IS,1.0,110318.73809208565
2018-03-14,IS,1.0,110326.44289284128
2018-03-15,IS,1.0,110334.19201204447
2018-03-16,IS,1.0,110341.98545894056
2018-03-19,IS,1.0,108849.02861702713
2018-03-20,IS,1.0,109034.13916885464
2018-03-21,IS,1.0,108824.88376244092
2018-03-22,IS,1.0,106104.56347906223
2018-03-23,IS,1.0,103842.99543282136
2018-03-26,IS,1.0,106684.03998913105
2018-03-27,IS,1.0,104869.15175273492
2018-03-28,IS,1.0,104876.35110323223
2018-03-29,IS,1.0,104883.55094797067
2018-04-02,IS,1.0,104890.91776881104
2018-04-03,IS,1.0,104898.20186032275
2018-04-04,IS,1.0,104905.31995259185
2018-04-05,IS,1.0,104912.48015696957
2018-04-06,IS,1.0,104919.6824819962
2018-04-09,IS,1.0,104927.01020585209
2018-04-10,IS,1.0,104934.25516608059
2018-04-11,IS,1.0,104941.45898597888
2018-04-12,IS,1.0,104948.74658729736
2018-04-13,IS,1.0,104956.07634102726
2018-04-16,IS,1.0,104963.5315543864
2018-04-17,IS,1.0,104971.02894949741
2018-04-18,IS,1.0,104978.5685353069
2018-04-19,IS,1.0,104986.15032081222
2018-04-20,IS,1.0,104993.6909927202
2018-04-23,IS,1.0,105001.48219121847
2018-04-24,IS,1.0,105009.27396787315
2018-04-25,IS,1.0,105016.98298203349
2018-04-26,IS,1.0,105024.56754191552
2018-04-27,IS,1.0,105032.15264957133
2018-04-30,IS,1.0,105039.94670216875
2018-05-01,IS,1.0,105047.65796809728
2018-05-02,IS,1.0,104342.00157447053
2018-05-03,IS,1.0,104112.06859227754
2018-05-04,IS,1.0,105459.95159133985
2018-05-07,IS,1.0,105816.74414991518
2018-05-08,IS,1.0,105824.59642418344
2018-05-09,IS,1.0,105832.4912750278
2018-05-10,IS,1.0,105840.47070889377
2018-05-11,IS,1.0,105848.53474475733
2018-05-14,IS,1.0,105856.6413984104
2018-05-15,IS,1.0,105864.70666632648
2018-05-16,IS,1.0,105872.77254873917
2018-05-17,IS,1.0,105880.83904569528
2018-05-18,IS,1.0,105888.86414103565
2018-05-21,IS,1.0,105896.97388340835
2018-05-22,IS,1.0,105905.08424688433
2018-05-23,IS,1.0,105913.15320568411
2018-05-24,IS,1.0,105921.18075023263
2018-05-25,IS,1.0,105929.16687100347
2018-05-29,IS,1.0,105937.2797000535
2018-05-30,IS,1.0,105945.43518904629
2018-05-31,IS,1.0,105953.54926404293
2018-06-01,IS,1.0,105961.62191541542
2018-06-04,IS,1.0,105969.77927837241
2018-06-05,IS,1.0,105977.93726931686
2018-06-06,IS,1.0,105986.1379430341
2018-06-07,IS,1.0,105994.29719333607
2018-06-08,IS,1.0,106002.41501054175
2018-06-11,IS,1.0,106010.57551391955
2018-06-12,IS,1.0,106018.65251014919
2018-06-13,IS,1.0,106026.8142635567
2018-06-14,IS,1.0,106034.97664528969
2018-06-15,IS,1.0,106043.13965539652
2018-06-18,IS,1.0,105825.03050227858
2018-06-19,IS,1.0,105419.42400700662
2018-06-20,IS,1.0,105599.26839641966
2018-06-21,IS,1.0,104937.28798432485
2018-06-22,IS,1.0,104945.32484804746
2018-06-25,IS,1.0,104953.36232729178
2018-06-26,IS,1.0,104961.40042210494
2018-06-27,IS,1.0,104969.4391325341
2018-06-28,IS,1.0,104977.4784586264
2018-06-29,IS,1.0,105128.61440531642
2018-07-02,IS,1.0,105353.38068500932
2018-07-03,IS,1.0,104981.35373931074
2018-07-05,IS,1.0,105837.7907705543
2018-07-06,IS,1.0,106732.98060864145
2018-07-09,IS,1.0,106741.36677140355
2018-07-10,IS,1.0,106749.79595076368
2018-07-11,IS,1.0,106758.1410737011
2018-07-12,IS,1.0,106766.52921335687
2018-07-13,IS,1.0,106774.91801208077
2018-07-16,IS,1.0,106783.43458292221
2018-07-17,IS,1.0,106791.99420744037
2018-07-18,IS,1.0,106800.46976253622
2018-07-19,IS,1.0,106808.94599029515
2018-07-20,IS,1.0,106817.38050626821
2018-07-23,IS,1.0,106825.81568830028
2018-07-24,IS,1.0,106834.37871003401
2018-07-25,IS,1.0,106842.90002357397
2018-07-26,IS,1.0,106851.33722083776
2018-07-27,IS,1.0,106859.81748569655
2018-07-30,IS,1.0,106868.46804235016
2018-07-31,IS,1.0,106877.07689116467
2018-08-01,IS,1.0,106885.6864334698
2018-08-02,IS,1.0,106894.25425436645
2018-08-03,IS,1.0,106902.78034369387
2018-08-06,IS,1.0,106911.47680003135
2018-08-07,IS,1.0,106920.21638900784
2018-08-08,IS,1.0,106928.95669241105
2018-08-09,IS,1.0,106937.6977102994
2018-08-10,IS,1.0,106946.39700713693
2018-08-13,IS,1.0,106955.13945070178
2018-08-14,IS,1.0,106963.96749395804
2018-08-15,IS,1.0,106972.75381985934
2018-08-16,IS,1.0,106981.54086749454
2018-08-17,IS,1.0,106990.24373093813
2018-08-20,IS,1.0,106998.98975879866
2018-08-21,IS,1.0,107007.82142144542
2018-08-22,IS,1.0,107016.69627647601
2018-08-23,IS,1.0,107025.52940061312
2018-08-24,IS,1.0,107034.40572428165
2018-08-27,IS,1.0,107043.41020603305
2018-08-28,IS,1.0,107052.45792284807
2018-08-29,IS,1.0,107061.50640441058
2018-08-30,IS,1.0,107070.47068133573
2018-08-31,IS,1.0,107079.43570884119
2018-09-04,IS,1.0,107088.48647066896
2018-09-05,IS,1.0,107097.58049293274
2018-09-06,IS,1.0,107106.63278842678
2018-09-07,IS,1.0,107115.72835168739
2018-09-10,IS,1.0,107124.82468734901
2018-09-11,IS,1.0,107133.96430532829
2018-09-12,IS,1.0,107143.14721655444
2018-09-13,IS,1.0,107152.28839776538
2018-09-14,IS,1.0,107161.47287962805
2018-09-17,IS,1.0,107170.658148732
2018-09-18,IS,1.0,107179.88673318371
2018-09-19,IS,1.0,107189.07358061797
2018-09-20,IS,1.0,107198.30375084296
2018-09-21,IS,1.0,107207.5772548976
2018-09-24,IS,1.0,107217.0217319415
2018-09-25,IS,1.0,107226.42449456165
2018-09-26,IS,1.0,107235.7855316207
2018-09-27,IS,1.0,107245.06227814686
2018-09-28,IS,1.0,107254.38238474961
2018-10-01,IS,1.0,107263.8735463654
2018-10-02,IS,1.0,107273.36554787366
2018-10-03,IS,1.0,107282.85838934872
2018-10-04,IS,1.0,107292.30949830209
2018-10-05,IS,1.0,107301.80401616642
2018-10-08,IS,1.0,107311.29937422024
2018-10-09,IS,1.0,107320.8807402358
2018-10-10,IS,1.0,107330.54813703265
2018-10-11,IS,1.0,107340.21640466245
2018-10-12,IS,1.0,108830.99796769151
2018-10-15,IS,1.0,108219.69864951822
2018-10-16,IS,1.0,110586.01859083421
2018-10-17,IS,1.0,110605.73792367852
2018-10-18,IS,1.0,110615.92067415404
2018-10-19,IS,1.0,110626.0604668825
2018-10-22,IS,1.0,110636.33288678301
2018-10-23,IS,1.0,110646.56235724437
2018-10-24,IS,1.0,110656.83668089184
2018-10-25,IS,1.0,110667.11195858363
2018-10-26,IS,1.0,108720.7672392291
2018-10-29,IS,1.0,108118.42476818676
2018-10-30,IS,1.0,109720.5737898028
2018-10-31,IS,1.0,110892.47818924574
2018-11-01,IS,1.0,110902.68733803144
2018-11-02,IS,1.0,110912.94143570992
2018-11-05,IS,1.0,110923.32852070153
2018-11-06,IS,1.0,110933.672561258
2018-11-07,IS,1.0,110944.10560903461
2018-11-08,IS,1.0,110954.45158713701
2018-11-09,IS,1.0,110964.84255958725
2018-11-12,IS,1.0,110975.23450516029
2018-11-13,IS,1.0,110985.71549953023
2018-11-14,IS,1.0,110226.93644039208
2018-11-15,IS,1.0,111377.34340102087
2018-11-16,IS,1.0,111666.98486983171
2018-11-19,IS,1.0,111677.53119618051
2018-11-20,IS,1.0,111688.1228350519
2018-11-21,IS,1.0,111698.8041198151
2018-11-23,IS,1.0,110952.79671172489
2018-11-26,IS,1.0,112744.05743736526
2018-11-27,IS,1.0,113123.38323808911
2018-11-28,IS,1.0,113134.15689363559
2018-11-29,IS,1.0,113144.79689172441
2018-11-30,IS,1.0,113155.4378904797
2018-12-03,IS,1.0,113166.12479294714
2018-12-04,IS,1.0,113176.99233350264
2018-12-06,IS,1.0,113187.81600618215
2018-12-07,IS,1.0,110557.78485305895
2018-12-10,IS,1.0,110767.51620498266
2018-12-11,IS,1.0,110792.68396721351
2018-12-12,IS,1.0,111350.56936333055
2018-12-13,IS,1.0,111312.81771998429
2018-12-14,IS,1.0,109257.45047113205
2018-12-17,IS,1.0,107113.99605447183
2018-12-18,IS,1.0,106996.54649739456
2018-12-19,IS,1.0,105394.19896869748
2018-12-20,IS,1.0,103074.57021642137
2018-12-21,IS,1.0,100964.67281606895
2018-12-24,IS,1.0,98296.89001959951
2018-12-26,IS,1.0,103263.32843315271
2018-12-27,IS,1.0,104056.11294342429
2018-12-28,IS,1.0,104066.02304941892
2018-12-31,IS,1.0,104076.14057943762
2019-01-02,IS,1.0,104086.1351929377
2019-01-03,IS,1.0,104096.08946221607
2019-01-04,IS,1.0,104106.0859914422
2019-01-07,IS,1.0,104926.92323191516
2019-01-08,IS,1.0,104937.16609823065
2019-01-09,IS,1.0,104947.36832271241
2019-01-10,IS,1.0,104957.48824751496
2019-01-11,IS,1.0,104967.60914816741
2019-01-14,IS,1.0,104977.81433239015
2019-01-15,IS,1.0,104988.02050878358
2019-01-16,IS,1.0,104998.14435361837
2019-01-17,IS,1.0,105008.22750875072
2019-01-18,IS,1.0,105018.26996225453
2019-01-22,IS,1.0,105028.39672400091
2019-01-23,IS,1.0,105038.44110638603
2019-01-24,IS,1.0,105048.31972168056
2019-01-25,IS,1.0,105058.28263771764
2019-01-28,IS,1.0,105068.37156803443
2019-01-29,IS,1.0,105078.46146720882
2019-01-30,IS,1.0,105088.55233533385
2019-01-31,IS,1.0,105098.60247069609
2019-02-01,IS,1.0,105108.61186140758
2019-02-04,IS,1.0,105118.7056249276
2019-02-05,IS,1.0,105128.80035776935
2019-02-06,IS,1.0,105138.89606002592
2019-02-07,IS,1.0,105148.9927317904
2019-02-08,IS,1.0,105159.13209894668
2019-02-11,IS,1.0,105169.35590345628
2019-02-12,IS,1.0,105179.49723420413
2019-02-13,IS,1.0,105189.68128076171
2019-02-14,IS,1.0,105199.82457145664
2019-02-15,IS,1.0,105209.96884025462
2019-02-19,IS,1.0,105220.19758722521
2019-02-20,IS,1.0,105230.42732865729
2019-02-21,IS,1.0,105240.65806464758
2019-02-22,IS,1.0,105250.93155745864
2019-02-25,IS,1.0,105261.24781940099
2019-02-26,IS,1.0,105271.48155182786
2019-02-27,IS,1.0,105281.71627920095
2019-02-28,IS,1.0,105291.95200161698
2019-03-01,IS,1.0,105302.14693665208
2019-03-04,IS,1.0,105312.42643194828
2019-03-05,IS,1.0,105322.706930719
2019-03-06,IS,1.0,105333.03022778721
2019-03-07,IS,1.0,105343.27093905935
2019-03-08,IS,1.0,105353.55444884149
2019-03-11,IS,1.0,105363.83896249006
2019-03-12,IS,1.0,105374.12448010306
2019-03-13,IS,1.0,105384.36918664972
2019-03-14,IS,1.0,105394.61488920954
2019-03-15,IS,1.0,105404.86158787932
2019-03-18,IS,1.0,105787.04835272819
2019-03-19,IS,1.0,105813.27685619821
2019-03-20,IS,1.0,105823.6902263015
2019-03-21,IS,1.0,105834.14661474053
2019-03-22,IS,1.0,105844.47804333863
2019-03-25,IS,1.0,105854.81048048096
2019-03-26,IS,1.0,106643.86583383316
2019-03-27,IS,1.0,106086.21613699287
2019-03-28,IS,1.0,106096.44587926324
2019-03-29,IS,1.0,106106.5503026803
2019-04-01,IS,1.0,106116.78200574522
2019-04-02,IS,1.0,106126.97258560448
2019-04-03,IS,1.0,106137.24837183897
2019-04-04,IS,1.0,106147.52515303054
2019-04-05,IS,1.0,106157.80292927552
2019-04-08,IS,1.0,106168.039574558
2019-04-09,IS,1.0,106178.2350767711
2019-04-10,IS,1.0,106188.47369229638
2019-04-11,IS,1.0,106198.71329511672
2019-04-12,IS,1.0,106208.99602767386
2019-04-15,IS,1.0,106219.23760943368
2019-04-16,IS,1.0,106229.48017877461
2019-04-17,IS,1.0,106239.76589034747
2019-04-18,IS,1.0,106249.96828056392
2019-04-22,IS,1.0,106260.25597590538
2019-04-23,IS,1.0,106270.58683412526
2019-04-24,IS,1.0,106280.87652586635
2019-04-25,IS,1.0,106291.12503895992
2019-04-26,IS,1.0,106301.3323612851
2019-04-29,IS,1.0,106311.62502997405
2019-04-30,IS,1.0,106321.87650810194
2019-05-01,IS,1.0,106332.12897476523
2019-05-02,IS,1.0,106342.55121121634
2019-05-03,IS,1.0,107383.4065960366
2019-05-06,IS,1.0,106941.49957300765
2019-05-07,IS,1.0,106951.81178903792
2019-05-08,IS,1.0,106962.12499946044
2019-05-09,IS,1.0,106972.43920437111
2019-05-10,IS,1.0,106982.75440386584
2019-05-13,IS,1.0,106992.98569109257
2019-05-14,IS,1.0,107003.21795678762
2019-05-15,IS,1.0,107013.49366263901
2019-05-16,IS,1.0,107023.68542394023
2019-05-17,IS,1.0,107033.83568616891
2019-05-20,IS,1.0,107043.98691106137
2019-05-21,IS,1.0,107054.13909870887
2019-05-22,IS,1.0,107064.24976740152
2019-05-23,IS,1.0,107074.31890517726
2019-05-24,IS,1.0,107084.30401031325
2019-05-28,IS,1.0,107094.37503414281
2019-05-29,IS,1.0,107104.44700512815
2019-05-30,IS,1.0,107396.96642771734
2019-05-31,IS,1.0,105949.76507385499
2019-06-03,IS,1.0,105680.33928989124
2019-06-04,IS,1.0,107974.30739335394
2019-06-05,IS,1.0,108909.5997576852
2019-06-06,IS,1.0,108919.66957385326
2019-06-07,IS,1.0,108929.52421062422
2019-06-10,IS,1.0,108939.42296500687
2019-06-11,IS,1.0,108949.23615905967
2019-06-12,IS,1.0,108958.92053560715
2019-06-13,IS,1.0,108968.38958465369
2019-06-14,IS,1.0,108977.90269803011
2019-06-17,IS,1.0,108987.54637751491
2019-06-18,IS,1.0,108997.14766136245
2019-06-19,IS,1.0,109006.5767796919
2019-06-20,IS,1.0,109015.83368740257
2019-06-21,IS,1.0,109024.96160046133
2019-06-24,IS,1.0,109034.17680554898
2019-06-25,IS,1.0,109043.34952201041
2019-06-26,IS,1.0,108934.5911943127
2019-06-27,IS,1.0,109320.87077199764
2019-06-28,IS,1.0,109883.41384629607
2019-07-01,IS,1.0,110880.99023138534
2019-07-02,IS,1.0,110890.67031783411
2019-07-03,IS,1.0,110900.39525360405
2019-07-05,IS,1.0,110910.20905842213
2019-07-08,IS,1.0,110920.1557676472
2019-07-09,IS,1.0,110930.10336891843
2019-07-10,IS,1.0,110939.78774302204
2019-07-11,IS,1.0,110949.34089141102
2019-07-12,IS,1.0,110958.76277988355
2019-07-15,IS,1.0,110968.27353097896
2019-07-16,IS,1.0,110977.74106225245
2019-07-17,IS,1.0,110987.16536248552
2019-07-18,IS,1.0,110996.1940803027
2019-07-19,IS,1.0,110379.61046361997
2019-07-22,IS,1.0,110650.75868059491
2019-07-23,IS,1.0,111441.91717669986
2019-07-24,IS,1.0,111965.64181496653
2019-07-25,IS,1.0,111974.9722851178
2019-07-26,IS,1.0,111984.39240183384
2019-07-29,IS,1.0,111993.8133110359
2019-07-30,IS,1.0,112003.05724483302
2019-07-31,IS,1.0,112012.30194162148
2019-08-01,IS,1.0,112021.50295213814
2019-08-02,IS,1.0,112030.66026547468
2019-08-05,IS,1.0,112039.77387077404
2019-08-06,IS,1.0,112048.88821745798
2019-08-07,IS,1.0,112057.86991405318
2019-08-08,IS,1.0,112066.85233060978
2019-08-09,IS,1.0,112075.7465252392
2019-08-12,IS,1.0,112084.64142575707
2019-08-13,IS,1.0,112093.53703221942
2019-08-14,IS,1.0,112102.25541843307
2019-08-15,IS,1.0,112110.7520576334
2019-08-16,IS,1.0,113764.94197030536
2019-08-19,IS,1.0,115135.55646937634
2019-08-20,IS,1.0,115144.42007967595
2019-08-21,IS,1.0,115153.42144902346
2019-08-22,IS,1.0,115117.98356928193
2019-08-23,IS,1.0,115126.98287196572
2019-08-26,IS,1.0,115136.16561940908
2019-08-27,IS,1.0,115145.212032422
2019-08-28,IS,1.0,115154.30484876902
2019-08-29,IS,1.0,115163.39838315987
2019-08-30,IS,1.0,115172.49263565126
2019-09-03,IS,1.0,115181.54190292978
2019-09-04,IS,1.0,115190.54617426108
2019-09-05,IS,1.0,115199.55114949771
2019-09-06,IS,1.0,115208.51111458712
2019-09-09,IS,1.0,115217.4717765627
2019-09-10,IS,1.0,115226.38741425968
2019-09-11,IS,1.0,115235.34946661413
2019-09-12,IS,1.0,115244.2664877038
2019-09-13,IS,1.0,115253.22993065286
2019-09-16,IS,1.0,115262.33127698468
2019-09-17,IS,1.0,115271.43334203395
2019-09-18,IS,1.0,115280.35315532828
2019-09-19,IS,1.0,115289.18216650248
2019-09-20,IS,1.0,115297.9203545159
2019-09-23,IS,1.0,115306.79646425748
2019-09-24,IS,1.0,115315.5817439881
2019-09-25,IS,1.0,115324.2304126189
2019-09-26,IS,1.0,115332.60514839887
2019-09-27,IS,1.0,115340.84319162375
2019-09-30,IS,1.0,115349.44798468724
2019-10-01,IS,1.0,115357.7787781528
2019-10-02,IS,1.0,115365.97284259775
2019-10-03,IS,1.0,116311.1359888469
2019-10-04,IS,1.0,117885.0729230669
2019-10-07,IS,1.0,117893.25938646433
2019-10-08,IS,1.0,117901.30606924785
2019-10-09,IS,1.0,117909.21294255168
2019-10-10,IS,1.0,118706.69002394294
2019-10-11,IS,1.0,118714.60380327787
2019-10-14,IS,1.0,118722.5181101981
2019-10-15,IS,1.0,118730.38583262842
2019-10-16,IS,1.0,118738.20696121897
2019-10-17,IS,1.0,118746.02860501084
2019-10-18,IS,1.0,118753.850764038
2019-10-21,IS,1.0,118761.72056287833
2019-10-22,IS,1.0,118769.49662791518
2019-10-23,IS,1.0,118777.27320209914
2019-10-24,IS,1.0,118971.35371386728
2019-10-25,IS,1.0,119458.53540667302
2019-10-28,IS,1.0,119466.35709649131
2019-10-29,IS,1.0,119474.08448387495
2019-10-30,IS,1.0,119481.76496073461
2019-10-31,IS,1.0,119489.0666241489
2019-11-01,IS,1.0,119496.27390118336
2019-11-04,IS,1.0,119503.5290320988
2019-11-05,IS,1.0,119510.92686961031
2019-11-06,IS,1.0,119518.32516508321
2019-11-07,IS,1.0,119525.72391854582
2019-11-08,IS,1.0,119533.07569918365
2019-11-11,IS,1.0,119540.42793201434
2019-11-12,IS,1.0,119547.97036377674
2019-11-13,IS,1.0,119555.41839208908
2019-11-14,IS,1.0,119562.86688442541
2019-11-15,IS,1.0,119570.31584081464
2019-11-18,IS,1.0,119577.76526128568
2019-11-19,IS,1.0,119585.21514586742
2019-11-20,IS,1.0,119592.6654945888
2019-11-21,IS,1.0,119600.16376488567
2019-11-22,IS,1.0,119607.66250531218
2019-11-25,IS,1.0,119615.30410597226
2019-11-26,IS,1.0,119622.89872845517
2019-11-27,IS,1.0,119630.58877194485
2019-11-29,IS,1.0,119638.1368924269
2019-12-02,IS,1.0,119645.73296461056
2019-12-03,IS,1.0,119653.18708368813
2019-12-04,IS,1.0,119660.54670432223
2019-12-05,IS,1.0,119667.85929328749
2019-12-06,IS,1.0,119675.12484188745
2019-12-09,IS,1.0,119682.43832173888
2019-12-10,IS,1.0,119689.84723458737
2019-12-11,IS,1.0,120029.6040809459
2019-12-12,IS,1.0,121064.14459064427
2019-12-13,IS,1.0,121071.68707901759
2019-12-16,IS,1.0,121079.2300372999
2019-12-17,IS,1.0,121086.72541820697
2019-12-18,IS,1.0,121094.22126311382
2019-12-19,IS,1.0,121101.76562531156
2019-12-20,IS,1.0,121109.35851379123
2019-12-23,IS,1.0,121294.38512705397
2019-12-24,IS,1.0,121298.16118038588
2019-12-26,IS,1.0,121305.76638255513
2019-12-27,IS,1.0,121313.32392434959
2019-12-30,IS,1.0,121320.8819369909
2019-12-31,IS,1.0,121328.34413409416
2020-01-02,IS,1.0,121335.75864401348
2020-01-03,IS,1.0,121343.07730882058
2020-01-06,IS,1.0,121350.58902313016
2020-01-07,IS,1.0,121358.00489245936
2020-01-08,IS,1.0,121365.42121498055
2020-01-09,IS,1.0,121372.83799072147
2020-01-10,IS,1.0,121380.25521970978
2020-01-13,IS,1.0,121387.81740227704
2020-01-14,IS,1.0,121395.38005598028
2020-01-15,IS,1.0,121402.94318084883
2020-01-16,IS,1.0,121410.41042536986
2020-01-17,IS,1.0,121417.92630792
2020-01-21,IS,1.0,121425.44265573907
2020-01-22,IS,1.0,121432.91128415636
2020-01-23,IS,1.0,121440.3803719536
2020-01-24,IS,1.0,121447.80172853186
2020-01-27,IS,1.0,121455.2717322096
2020-01-28,IS,1.0,121462.83858842465
2020-01-29,IS,1.0,121362.51442305137
2020-01-30,IS,1.0,121370.07550033885
2020-01-31,IS,1.0,121377.54072323667
2020-02-03,IS,1.0,121385.1027366865
2020-02-04,IS,1.0,121392.66522126175
2020-02-05,IS,1.0,121400.2281769918
2020-02-06,IS,1.0,121407.79160390601
2020-02-07,IS,1.0,121415.30732433863
2020-02-10,IS,1.0,121422.91987138514
2020-02-11,IS,1.0,121430.48471202792
2020-02-12,IS,1.0,121438.09821067256
2020-02-13,IS,1.0,121445.76037639301
2020-02-14,IS,1.0,121453.37483279755
2020-02-18,IS,1.0,121460.98976661642
2020-02-19,IS,1.0,121468.60517787954
2020-02-20,IS,1.0,121476.22106661688
2020-02-21,IS,1.0,121483.7410231591
2020-02-24,IS,1.0,121491.11682172123
2020-02-25,IS,1.0,121498.49306809968
2020-02-26,IS,1.0,121051.5931255815
2020-02-27,IS,1.0,115614.9581726862
2020-02-28,IS,1.0,115129.19736560118
2020-03-02,IS,1.0,120115.0462895216
2020-03-03,IS,1.0,116675.85977535983
2020-03-04,IS,1.0,116679.19337135342
2020-03-05,IS,1.0,116682.0640499205
2020-03-06,IS,1.0,116684.14765820709
2020-03-09,IS,1.0,116685.67566490262
2020-03-10,IS,1.0,116687.7130338428
2020-03-11,IS,1.0,110999.37919688341
2020-03-12,IS,1.0,111000.83276018243
2020-03-13,IS,1.0,111002.06610276866
2020-03-16,IS,1.0,98855.80556493787
2020-03-17,IS,1.0,98856.55090632902
2020-03-18,IS,1.0,93851.15592373008
2020-03-19,IS,1.0,93851.30489381884
2020-03-20,IS,1.0,93851.49110672537
2020-03-23,IS,1.0,93851.56559203578
2020-03-24,IS,1.0,102354.82473067282
2020-03-25,IS,1.0,103887.09518931826
2020-03-26,IS,1.0,103887.09518931826
2020-03-27,IS,1.0,103887.21886443159
2020-03-30,IS,1.0,103887.7135654738
2020-03-31,IS,1.0,103888.16704358856
2020-04-01,IS,1.0,103888.53807275658
2020-04-02,IS,1.0,103888.90910324968
2020-04-03,IS,1.0,103889.32136082549
2020-04-06,IS,1.0,103889.93974964312
2020-04-07,IS,1.0,103890.51691597507
2020-04-08,IS,1.0,103891.42389667829
2020-04-09,IS,1.0,103892.45456556615
2020-04-13,IS,1.0,103893.5264718434
2020-04-14,IS,1.0,103894.35102364077
2020-04-15,IS,1.0,103894.9282144798
2020-04-16,IS,1.0,103895.50540852545
2020-04-17,IS,1.0,103896.0001490274
2020-04-20,IS,1.0,103896.49489188523
2020-04-21,IS,1.0,103896.9484083312
2020-04-22,IS,1.0,106202.89445050262
2020-04-23,IS,1.0,106195.28406752514
2020-04-24,IS,1.0,106195.78975935403
2020-04-27,IS,1.0,106196.29545359097
2020-04-28,IS,1.0,106196.75900884891
2020-04-29,IS,1.0,106197.18042455925
2020-04-30,IS,1.0,106197.55970020361
2020-05-01,IS,1.0,106198.06540286884
2020-05-04,IS,1.0,106198.61325003166
2020-05-05,IS,1.0,106199.16110002066
2020-05-06,IS,1.0,106199.66681031161
2020-05-07,IS,1.0,106200.13038028577
2020-05-08,IS,1.0,107957.33498474267
2020-05-11,IS,1.0,107979.48462261398
2020-05-12,IS,1.0,107980.04165963783
2020-05-13,IS,1.0,107980.59869953529
2020-05-14,IS,1.0,109272.83810868811
2020-05-15,IS,1.0,109775.16262678608
2020-05-18,IS,1.0,109775.72892722822
2020-05-19,IS,1.0,109776.29523059174
2020-05-20,IS,1.0,109776.81797485473
2020-05-21,IS,1.0,109018.92056856888
2020-05-22,IS,1.0,109019.43970628588
2020-05-26,IS,1.0,109020.0453698398
2020-05-27,IS,1.0,109020.6942986813
2020-05-28,IS,1.0,109021.34323138544
2020-05-29,IS,1.0,109021.94890551451
2020-06-01,IS,1.0,109022.55458300843
2020-06-02,IS,1.0,109023.2035267857
2020-06-03,IS,1.0,109023.89573760174
2020-06-04,IS,1.0,109024.54468936207
2020-06-05,IS,1.0,109025.19364498522
2020-06-08,IS,1.0,109025.92913240267
2020-06-09,IS,1.0,109026.75115329692
2020-06-10,IS,1.0,109027.48665122138
2020-06-11,IS,1.0,109028.22215410753
2020-06-12,IS,1.0,109028.91439678786
2020-06-15,IS,1.0,110046.77086727494
2020-06-16,IS,1.0,112164.91584635196
2020-06-17,IS,1.0,112165.67251443505
2020-06-18,IS,1.0,112166.38467743514
2020-06-19,IS,1.0,112167.05233448678
2020-06-22,IS,1.0,112167.76450624764
2020-06-23,IS,1.0,112168.4766825302
2020-06-24,IS,1.0,112169.14435203427
2020-06-25,IS,1.0,112169.85653707777
2020-06-26,IS,1.0,112170.47970294743
2020-06-29,IS,1.0,112171.10287227911
2020-06-30,IS,1.0,113607.9658467319
2020-07-01,IS,1.0,113608.59700209771
2020-07-02,IS,1.0,113609.22816096994
2020-07-06,IS,1.0,113609.90440637566
2020-07-07,IS,1.0,113610.58065580665
2020-07-08,IS,1.0,113611.25690926293
2020-07-09,IS,1.0,112964.47260147409
2020-07-10,IS,1.0,112965.05535470578
2020-07-13,IS,1.0,112965.68293834664
2020-07-14,IS,1.0,112966.35535312603
2020-07-15,IS,1.0,112967.07259982667
2020-07-16,IS,1.0,112967.56571006421
2020-07-17,IS,1.0,112968.05882245422
2020-07-20,IS,1.0,112968.64159418625
2020-07-21,IS,1.0,112969.22436892465
2020-07-22,IS,1.0,112969.80714666942
2020-07-23,IS,1.0,112970.34509813202
2020-07-24,IS,1.0,112970.83822265427
2020-07-27,IS,1.0,112971.33134932906
2020-07-28,IS,1.0,112971.82447815638
2020-07-29,IS,1.0,112972.31760913627
2020-07-30,IS,1.0,112972.72108169913
2020-07-31,IS,1.0,112973.12455570299
2020-08-03,IS,1.0,112973.57286175282
2020-08-04,IS,1.0,112973.97633879875
2020-08-05,IS,1.0,112974.42464822867
2020-08-06,IS,1.0,112974.8729594376
2020-08-07,IS,1.0,112975.32127242553
2020-08-10,IS,1.0,112975.81441866918
2020-08-11,IS,1.0,112976.30756706545
2020-08-12,IS,1.0,112976.80071761436
2020-08-13,IS,1.0,112977.24903825212
2020-08-14,IS,1.0,112977.69736066896
2020-08-17,IS,1.0,112978.14568486484
2020-08-18,IS,1.0,112978.54917824228
2020-08-19,IS,1.0,112979.04233857598
2020-08-20,IS,1.0,112979.53550106239
2020-08-21,IS,1.0,112979.98383255248
2020-08-24,IS,1.0,112980.52183247548
2020-08-25,IS,1.0,112981.01500141999
2020-08-26,IS,1.0,112981.50817251722
2020-08-27,IS,1.0,112982.00134576717
2020-08-28,IS,1.0,112982.44968704236
2020-08-31,IS,1.0,112982.94286440211
2020-09-01,IS,1.0,112983.48087841574
2020-09-02,IS,1.0,112984.01889499134
2020-09-03,IS,1.0,112984.51207920081
2020-09-04,IS,1.0,112985.00526556307
2020-09-08,IS,1.0,112985.58812471724
2020-09-09,IS,1.0,112986.12615132735
2020-09-10,IS,1.0,111024.2728175246
2020-09-11,IS,1.0,111024.7574472869
2020-09-14,IS,1.0,111025.24207916464
2020-09-15,IS,1.0,111025.72671315784
2020-09-16,IS,1.0,111026.25540709456
2020-09-17,IS,1.0,111026.65192943528
2020-09-18,IS,1.0,109748.51078215055
2020-09-21,IS,1.0,108527.05450004467
2020-09-22,IS,1.0,109632.33966836332
2020-09-23,IS,1.0,107089.85186376245
2020-09-24,IS,1.0,107090.27682349208
2020-09-25,IS,1.0,108821.59721850557
2020-09-28,IS,1.0,110629.05598653112
2020-09-29,IS,1.0,110629.4510903025
2020-09-30,IS,1.0,110629.89009606079
2020-10-01,IS,1.0,110630.28520281112
2020-10-02,IS,1.0,110630.68031097256
2020-10-05,IS,1.0,110631.11932160871
2020-10-06,IS,1.0,110631.55833398699
2020-10-07,IS,1.0,110631.99734810738
2020-10-08,IS,1.0,111612.4781322114
2020-10-09,IS,1.0,111612.92103887066
2020-10-12,IS,1.0,111613.3639472875
2020-10-13,IS,1.0,111613.85114847933
2020-10-14,IS,1.0,111614.3826430086
2020-10-15,IS,1.0,111614.86984864713
2020-10-16,IS,1.0,111615.35705641235
2020-10-19,IS,1.0,111615.84426630427
2020-10-20,IS,1.0,111616.28718632119
2020-10-21,IS,1.0,111405.0035161275
2020-10-22,IS,1.0,112016.10090068771
2020-10-23,IS,1.0,112396.41150703635
2020-10-26,IS,1.0,110319.33050313222
2020-10-27,IS,1.0,110319.76827825326
2020-10-28,IS,1.0,110320.20605511153
2020-10-29,IS,1.0,110320.60005584743
2020-10-30,IS,1.0,109170.52167475731
2020-11-02,IS,1.0,110394.15158021946
2020-11-03,IS,1.0,112343.26697607856
2020-11-04,IS,1.0,112343.71278269358
2020-11-05,IS,1.0,112344.15859107765
2020-11-06,IS,1.0,112344.6044012308
2020-11-09,IS,1.0,112345.09479434525
2020-11-10,IS,1.0,112345.54060821349
2020-11-11,IS,1.0,112345.98642385083
2020-11-12,IS,1.0,112346.4322412573
2020-11-13,IS,1.0,112346.83347851528
2020-11-16,IS,1.0,112347.23471720627
2020-11-17,IS,1.0,112347.63595733023
2020-11-18,IS,1.0,112348.03719888722
2020-11-19,IS,1.0,112348.34927676833
2020-11-20,IS,1.0,111579.01209825616
2020-11-23,IS,1.0,112247.8644207994
2020-11-24,IS,1.0,114056.59182824026
2020-11-25,IS,1.0,113880.74333029462
2020-11-27,IS,1.0,113881.15004723507
2020-11-30,IS,1.0,113881.51157469553
2020-12-01,IS,1.0,113881.9182943797
2020-12-02,IS,1.0,113882.32501551646
2020-12-03,IS,1.0,113882.68654670697
2020-12-04,IS,1.0,113883.09327058747
2020-12-07,IS,1.0,113883.4548042169
2020-12-08,IS,1.0,113883.8615308412
2020-12-09,IS,1.0,113884.22306690954
2020-12-10,IS,1.0,113884.58460412563
2020-12-11,IS,1.0,113884.94614248945
2020-12-14,IS,1.0,113885.35287443995
2020-12-15,IS,1.0,113885.7144152427
2020-12-16,IS,1.0,113886.12114993704
2020-12-17,IS,1.0,113886.48269317878
2020-12-18,IS,1.0,113886.84423756828
2020-12-21,IS,1.0,113887.25097629768
2020-12-22,IS,1.0,113887.65771647973
2020-12-23,IS,1.0,113888.06445811442
2020-12-24,IS,1.0,113888.47120120176
2020-12-28,IS,1.0,113888.96833341733
2020-12-29,IS,1.0,113889.42027376787
2020-12-30,IS,1.0,113889.78182748302
2020-12-31,IS,1.0,113890.1885767038
2021-01-04,IS,1.0,113890.59532737729
2021-01-05,IS,1.0,113891.00207950345
2021-01-06,IS,1.0,113891.40883308229
2021-01-07,IS,1.0,113891.81558811384
2021-01-08,IS,1.0,113892.17714943316
2021-01-11,IS,1.0,113892.5387119003
2021-01-12,IS,1.0,113892.94547096711
2021-01-13,IS,1.0,113893.35223148664
2021-01-14,IS,1.0,113893.75899345888
2021-01-15,IS,1.0,113894.16575688384
2021-01-19,IS,1.0,113894.57252176154
2021-01-20,IS,1.0,113894.93409183303
2021-01-21,IS,1.0,113895.34085945477
2021-01-22,IS,1.0,113895.70243196543
2021-01-25,IS,1.0,113896.10920233124
2021-01-26,IS,1.0,113896.42558041235
2021-01-27,IS,1.0,113896.78715636657
2021-01-28,IS,1.0,113897.10353633089
2021-01-29,IS,1.0,113897.37471991075
2021-02-01,IS,1.0,113897.6911015072
2021-02-02,IS,1.0,113898.0074839825
2021-02-03,IS,1.0,113898.18827447055
2021-02-04,IS,1.0,113898.3690652456
2021-02-05,IS,1.0,113898.5046585421
2021-02-08,IS,1.0,113898.73064763863
2021-02-09,IS,1.0,113898.91143927457
2021-02-10,IS,1.0,113899.13742917821
2021-02-11,IS,1.0,113899.36341953024
2021-02-12,IS,1.0,113899.54421217059
2021-02-16,IS,1.0,113899.7250050979
2021-02-17,IS,1.0,113899.90579831219
2021-02-18,IS,1.0,113900.04139343815
2021-02-19,IS,1.0,113900.22218715464
2021-02-22,IS,1.0,113900.35778265723
2021-02-23,IS,1.0,113900.53857687594
2021-02-24,IS,1.0,115155.64902777469
2021-02-25,IS,1.0,115155.83181451919
2021-02-26,IS,1.0,115156.0146015538
2021-03-01,IS,1.0,115156.24308570975
2021-03-02,IS,1.0,115156.42587339718
2021-03-03,IS,1.0,115156.65435836915
2021-03-04,IS,1.0,115156.8371467094
2021-03-05,IS,1.0,117275.33165540782
2021-03-08,IS,1.0,116691.44644449672
2021-03-09,IS,1.0,116691.67797514441
2021-03-10,IS,1.0,116691.86320003009
2021-03-11,IS,1.0,116692.04842520977
2021-03-12,IS,1.0,116692.23365068347
2021-03-15,IS,1.0,116692.41887645116
2021-03-16,IS,1.0,116692.51148948203
2021-03-17,IS,1.0,116692.6041025864
2021-03-18,IS,1.0,116692.65040917532
2021-03-19,IS,1.0,116692.69671578261
2021-03-22,IS,1.0,117624.48855820349
2021-03-23,IS,1.0,116698.6889462805
2021-03-24,IS,1.0,116698.78156428761
2021-03-25,IS,1.0,116698.87418236824
2021-03-26,IS,1.0,118579.47189821447
2021-03-29,IS,1.0,118519.58025121299
2021-03-30,IS,1.0,118519.67431437194
2021-03-31,IS,1.0,118519.81540922231
2021-04-01,IS,1.0,118519.9094725679
2021-04-05,IS,1.0,118520.05056769823
2021-04-06,IS,1.0,118520.14463123043
2021-04-07,IS,1.0,118520.2386948373
2021-04-08,IS,1.0,118520.28572667805
2021-04-09,IS,1.0,118520.3797903969
2021-04-12,IS,1.0,118520.47385419038
2021-04-13,IS,1.0,118520.6149499926
2021-04-14,IS,1.0,118520.70901397274
2021-04-15,IS,1.0,118520.80307802753
2021-04-16,IS,1.0,118520.89714215697
2021-04-19,IS,1.0,118520.99120636105
2021-04-20,IS,1.0,118521.13230277917
2021-04-21,IS,1.0,118521.27339936525
2021-04-22,IS,1.0,118521.41449611931
2021-04-23,IS,1.0,118521.55559304131
2021-04-26,IS,1.0,118521.69669013131
2021-04-27,IS,1.0,118521.74372255061
2021-04-28,IS,1.0,118521.79075498861
2021-04-29,IS,1.0,118521.83778744526
2021-04-30,IS,1.0,118521.88481992057
2021-05-03,IS,1.0,118522.07294989648
2021-05-04,IS,1.0,118522.16701503376
2021-05-05,IS,1.0,118522.26108024568
2021-05-06,IS,1.0,118522.35514553226
2021-05-07,IS,1.0,118522.4492108935
2021-05-10,IS,1.0,118522.54327632938
2021-05-11,IS,1.0,118522.59030908466
2021-05-12,IS,1.0,116004.5468173294
2021-05-13,IS,1.0,117398.05497697122
2021-05-14,IS,1.0,119200.74520402329
2021-05-17,IS,1.0,119200.83980778932
2021-05-18,IS,1.0,119200.93441163047
2021-05-19,IS,1.0,119200.98171358855
2021-05-20,IS,1.0,120483.33662566093
2021-05-21,IS,1.0,120384.69394011691
2021-05-24,IS,1.0,120384.7894835248
2021-05-25,IS,1.0,120384.88502700852
2021-05-26,IS,1.0,120384.98057056808
2021-05-27,IS,1.0,120385.07611420346
2021-05-28,IS,1.0,120385.12388605904
2021-06-01,IS,1.0,120385.21942980817
2021-06-02,IS,1.0,120385.31497363314
2021-06-03,IS,1.0,120385.41051753394
2021-06-04,IS,1.0,120385.50606151055
2021-06-07,IS,1.0,120385.601605563
2021-06-08,IS,1.0,120385.69714969127
2021-06-09,IS,1.0,120385.8404659974
2021-06-10,IS,1.0,120385.98378247416
2021-06-11,IS,1.0,120386.12709912153
2021-06-14,IS,1.0,120386.27041593952
2021-06-15,IS,1.0,120386.41373292811
2021-06-16,IS,1.0,120386.60482247372
2021-06-17,IS,1.0,120386.79591232265
2021-06-18,IS,1.0,120387.03477501293
2021-06-21,IS,1.0,120387.27363817717
2021-06-22,IS,1.0,121030.88758506186
2021-06-23,IS,1.0,121031.12772571183
2021-06-24,IS,1.0,121031.36786683826
2021-06-25,IS,1.0,121031.65603676176
2021-06-28,IS,1.0,121031.89617893641
2021-06-29,IS,1.0,121032.08829305734
2021-06-30,IS,1.0,121032.32843608967
2021-07-01,IS,1.0,121032.56857959846
2021-07-02,IS,1.0,121032.80872358373
2021-07-06,IS,1.0,121033.04886804547
2021-07-07,IS,1.0,121033.28901298369
2021-07-08,IS,1.0,121033.57718748135
2021-07-09,IS,1.0,121033.86536266514
2021-07-12,IS,1.0,121034.10550922337
2021-07-13,IS,1.0,121034.3456562581
2021-07-14,IS,1.0,121034.63383327158
2021-07-15,IS,1.0,121034.87398135457
2021-07-16,IS,1.0,121035.11412991406
2021-07-19,IS,1.0,121035.35427895002
2021-07-20,IS,1.0,122769.84214293762
2021-07-21,IS,1.0,123763.82615694692
2021-07-22,IS,1.0,123764.07172009404
2021-07-23,IS,1.0,123764.31728372841
2021-07-26,IS,1.0,123764.56284785
2021-07-27,IS,1.0,123764.80841245882
2021-07-28,IS,1.0,123765.05397755487
2021-07-29,IS,1.0,123765.34865625482
2021-07-30,IS,1.0,123765.64333565638
2021-08-02,IS,1.0,123765.88890240903
2021-08-03,IS,1.0,123766.1344696489
2021-08-04,IS,1.0,123766.38003737602
2021-08-05,IS,1.0,123766.62560559035
2021-08-06,IS,1.0,123766.92028803228
2021-08-09,IS,1.0,123767.21497117584
2021-08-10,IS,1.0,123767.46054104682
2021-08-11,IS,1.0,123767.70611140502
2021-08-12,IS,1.0,123768.00079641958
2021-08-13,IS,1.0,123768.29548213577
2021-08-16,IS,1.0,123768.5901685536
2021-08-17,IS,1.0,123768.93397019296
2021-08-18,IS,1.0,123769.27777278732
2021-08-19,IS,1.0,123769.57246154394
2021-08-20,IS,1.0,124754.41651104923
2021-08-23,IS,1.0,125851.8141662123
2021-08-24,IS,1.0,125852.06387219277
2021-08-25,IS,1.0,125852.3635199639
2021-08-26,IS,1.0,125852.61322703437
2021-08-27,IS,1.0,125852.86293460027
2021-08-30,IS,1.0,126406.30806199729
2021-08-31,IS,1.0,126406.5087069307
2021-09-01,IS,1.0,126406.7595134956
2021-09-02,IS,1.0,126407.01032055813
2021-09-03,IS,1.0,126407.26112811826
2021-09-07,IS,1.0,126407.51193617606
2021-09-08,IS,1.0,126407.76274473147
2021-09-09,IS,1.0,126407.96339197391
2021-09-10,IS,1.0,126408.21420142507
2021-09-13,IS,1.0,126731.72660307203
2021-09-14,IS,1.0,126047.81003467803
2021-09-15,IS,1.0,127100.64425407298
2021-09-16,IS,1.0,126493.88255564365
2021-09-17,IS,1.0,126494.0833395842
2021-09-20,IS,1.0,126494.28412384346
2021-09-21,IS,1.0,126374.79592807632
2021-09-22,IS,1.0,127607.56438684478
2021-09-23,IS,1.0,129157.99658557956
2021-09-24,IS,1.0,129370.74386096987
2021-09-27,IS,1.0,129370.94921135694
2021-09-28,IS,1.0,129371.15456206998
2021-09-29,IS,1.0,129371.35991310897
2021-09-30,IS,1.0,127790.13785961925
2021-10-01,IS,1.0,129308.82570760374
2021-10-04,IS,1.0,127641.24689413059
2021-10-05,IS,1.0,127641.44949928438
2021-10-06,IS,1.0,127641.65210475978
2021-10-07,IS,1.0,127641.90536200599
2021-10-08,IS,1.0,127642.15861975471
2021-10-11,IS,1.0,127642.41187800594
2021-10-12,IS,1.0,127642.71578851041
2021-10-13,IS,1.0,128101.92578027757
2021-10-14,IS,1.0,130256.68035703117
2021-10-15,IS,1.0,130256.93880282552
2021-10-18,IS,1.0,130257.2489383941
2021-10-19,IS,1.0,130257.50738531658
2021-10-20,IS,1.0,130257.76583275186
2021-10-21,IS,1.0,130258.07597028957
2021-10-22,IS,1.0,130258.38610856571
2021-10-25,IS,1.0,130258.69624758026
2021-10-26,IS,1.0,130259.00638733325
2021-10-27,IS,1.0,130259.31652782466
2021-10-28,IS,1.0,130259.62666905449
2021-10-29,IS,1.0,130523.9429825521
2021-11-01,IS,1.0,130524.20195862943
2021-11-02,IS,1.0,130524.4609352206
2021-11-03,IS,1.0,130524.71991232564
2021-11-04,IS,1.0,130524.92709442074
2021-11-05,IS,1.0,130525.18607245067
2021-11-08,IS,1.0,130525.49684670323
2021-11-09,IS,1.0,130525.70403003154
2021-11-10,IS,1.0,130525.96300960302
2021-11-11,IS,1.0,130526.22198968835
2021-11-12,IS,1.0,130526.48097028752
2021-11-15,IS,1.0,130526.73995140054
2021-11-16,IS,1.0,130526.99893302741
2021-11-17,IS,1.0,130527.25791516814
2021-11-18,IS,1.0,130527.51689782273
2021-11-19,IS,1.0,130527.77588099118
2021-11-22,IS,1.0,130528.03486467348
2021-11-23,IS,1.0,130528.34564570888
2021-11-24,IS,1.0,130876.83756577793
2021-11-26,IS,1.0,127957.86924327945
2021-11-29,IS,1.0,127958.17390487289
2021-11-30,IS,1.0,127958.42779013858
2021-12-01,IS,1.0,127958.73245306188
2021-12-02,IS,1.0,129918.58873258713
2021-12-03,IS,1.0,128788.12090758562
2021-12-06,IS,1.0,130313.40035991179
2021-12-07,IS,1.0,133008.91283711392
2021-12-08,IS,1.0,133009.28230631622
2021-12-09,IS,1.0,133009.59899508365
2021-12-10,IS,1.0,133009.91568460508
2021-12-13,IS,1.0,131831.66155620126
2021-12-14,IS,1.0,131831.92312695834
2021-12-15,IS,1.0,133891.79692581706
2021-12-16,IS,1.0,132245.482623893
2021-12-17,IS,1.0,132245.7450157236
2021-12-20,IS,1.0,132246.11236501535
2021-12-21,IS,1.0,132246.47971532747
2021-12-22,IS,1.0,132246.8995454218
2021-12-23,IS,1.0,132247.26689792052
2021-12-27,IS,1.0,132247.58177236552
2021-12-28,IS,1.0,132247.89664756024
2021-12-29,IS,1.0,132248.15904418056
2021-12-30,IS,1.0,132248.4214413215
2021-12-31,IS,1.0,132248.7363185154
2022-01-03,IS,1.0,132249.15615577358
2022-01-04,IS,1.0,132204.86178264988
2022-01-05,IS,1.0,132205.3339428705
2022-01-06,IS,1.0,132205.85856721157
2022-01-07,IS,1.0,131683.18292856272
2022-01-10,IS,1.0,131519.317052662
2022-01-11,IS,1.0,132717.2331109707
2022-01-12,IS,1.0,132717.86509779503
2022-01-13,IS,1.0,132718.49708762884
2022-01-14,IS,1.0,132719.1817465424
2022-01-18,IS,1.0,132720.0244080138
2022-01-19,IS,1.0,132720.9197415118
2022-01-20,IS,1.0,132721.81508104978
2022-01-21,IS,1.0,130116.39746882637
2022-01-24,IS,1.0,130668.97178567192
2022-01-25,IS,1.0,129073.63625800492
2022-01-26,IS,1.0,128749.81582501477
2022-01-27,IS,1.0,128114.05827767632
2022-01-28,IS,1.0,131295.81684402894
2022-01-31,IS,1.0,133660.5972537551
2022-02-01,IS,1.0,133661.60501222647
2022-02-02,IS,1.0,133662.612778296
2022-02-03,IS,1.0,133663.67359268313
2022-02-04,IS,1.0,133664.89353891034
2022-02-07,IS,1.0,133235.9266418833
2022-02-08,IS,1.0,134332.17537873017
2022-02-09,IS,1.0,136298.27365677076
2022-02-10,IS,1.0,136300.43712143198
2022-02-11,IS,1.0,136302.38427053372
2022-02-14,IS,1.0,136304.71006518597
2022-02-15,IS,1.0,138502.87267112994
2022-02-16,IS,1.0,138658.1101433011
2022-02-17,IS,1.0,138660.09097344603
2022-02-18,IS,1.0,138662.01680804288
2022-02-22,IS,1.0,137173.94597386403
2022-02-23,IS,1.0,134740.66276432696
2022-02-24,IS,1.0,136768.39877227452
2022-02-25,IS,1.0,139786.05314630672
2022-02-28,IS,1.0,139787.9946192671
2022-03-01,IS,1.0,139789.76970491305
2022-03-02,IS,1.0,139791.65575736144
2022-03-03,IS,1.0,139793.76372677364
2022-03-04,IS,1.0,139795.64983310964
2022-03-07,IS,1.0,139797.75786274998
2022-03-08,IS,1.0,139799.7549735766
2022-03-09,IS,1.0,143547.89975557086
2022-03-10,IS,1.0,142899.69908986756
2022-03-11,IS,1.0,142901.96733905945
2022-03-14,IS,1.0,142904.5191599048
2022-03-15,IS,1.0,146047.04779466818
2022-03-16,IS,1.0,149285.53150224875
2022-03-17,IS,1.0,149287.9011138599
2022-03-18,IS,1.0,149290.38924554514
2022-03-21,IS,1.0,149293.5883253147
2022-03-22,IS,1.0,149296.60974317367
2022-03-23,IS,1.0,149299.57197749396
2022-03-24,IS,1.0,149302.65276231253
2022-03-25,IS,1.0,150031.7829007775
2022-03-28,IS,1.0,150035.29554966287
2022-03-29,IS,1.0,150038.57012952605
2022-03-30,IS,1.0,150041.84478085823
2022-03-31,IS,1.0,150044.94088241717
2022-04-01,IS,1.0,150048.0965895072
2022-04-04,IS,1.0,151333.50375802987
2022-04-05,IS,1.0,149421.95753061338
2022-04-06,IS,1.0,149425.93025726202
2022-04-07,IS,1.0,149429.96238553882
2022-04-08,IS,1.0,149434.11321782728
2022-04-11,IS,1.0,149438.6792601756
2022-04-12,IS,1.0,149443.06753885228
2022-04-13,IS,1.0,151154.72922185904
2022-04-14,IS,1.0,149272.5833074771
2022-04-18,IS,1.0,149277.3813547977
2022-04-19,IS,1.0,151687.11509495892
2022-04-20,IS,1.0,151574.63813113247
2022-04-21,IS,1.0,151579.63047040423
2022-04-22,IS,1.0,151584.62297410626
2022-04-25,IS,1.0,152463.44660274682
2022-04-26,IS,1.0,148047.9805171477
2022-04-27,IS,1.0,148464.2653938722
2022-04-28,IS,1.0,152214.387274792
2022-04-29,IS,1.0,146589.20445341227
2022-05-02,IS,1.0,146594.43978214278
2022-05-03,IS,1.0,147266.4370693124
2022-05-04,IS,1.0,151751.13475421292
2022-05-05,IS,1.0,151756.25334407567
2022-05-06,IS,1.0,151761.37210658926
2022-05-09,IS,1.0,151766.9126011265
2022-05-10,IS,1.0,151772.27262303975
2022-05-11,IS,1.0,149361.1969047054
2022-05-12,IS,1.0,149205.27560430835
2022-05-13,IS,1.0,152772.45072070847
2022-05-16,IS,1.0,152152.56847766665
2022-05-17,IS,1.0,152158.96854602324
2022-05-18,IS,1.0,152165.18774195985
2022-05-19,IS,1.0,152171.52795811574
2022-05-20,IS,1.0,152237.95110748382
2022-05-23,IS,1.0,155086.3320421489
2022-05-24,IS,1.0,153902.43708576544
2022-05-25,IS,1.0,153908.91075970637
2022-05-26,IS,1.0,153915.4457809172
2022-05-27,IS,1.0,153922.04215716495
2022-05-31,IS,1.0,153929.12745751822
2022-06-01,IS,1.0,153936.15200103313
2022-06-02,IS,1.0,153943.29903666175
2022-06-03,IS,1.0,153950.69075855994
2022-06-06,IS,1.0,153958.3882930979
2022-06-07,IS,1.0,153966.08621251254
2022-06-08,IS,1.0,153973.90671212968
2022-06-09,IS,1.0,153981.84981049184
2022-06-10,IS,1.0,153990.34325379485
2022-06-13,IS,1.0,148143.6088254825
2022-06-14,IS,1.0,147697.20275088836
2022-06-15,IS,1.0,149802.8172443279
2022-06-16,IS,1.0,144222.00256910536
2022-06-17,IS,1.0,144231.33121450964
2022-06-21,IS,1.0,147862.1478123493
2022-06-22,IS,1.0,147594.07449133619
2022-06-23,IS,1.0,147603.73838907073
2022-06-24,IS,1.0,147613.87150285693
2022-06-27,IS,1.0,147624.35677388828
2022-06-28,IS,1.0,147634.84278970674
2022-06-29,IS,1.0,147645.27096511016
2022-06-30,IS,1.0,146445.75503914343
2022-07-01,IS,1.0,147994.6445357801
2022-07-05,IS,1.0,148274.143392316
2022-07-06,IS,1.0,148285.32279201623
2022-07-07,IS,1.0,148296.797251518
2022-07-08,IS,1.0,148308.4491427306
2022-07-11,IS,1.0,148321.27900063264
2022-07-12,IS,1.0,148334.3453990208
2022-07-13,IS,1.0,148348.41361669952
2022-07-14,IS,1.0,148362.54203704395
2022-07-15,IS,1.0,148376.49518087838
2022-07-18,IS,1.0,148391.21507127333
2022-07-19,IS,1.0,148406.05419278046
2022-07-20,IS,1.0,148420.8359069084
2022-07-21,IS,1.0,148435.44240187068
2022-07-22,IS,1.0,148450.10923725087
2022-07-25,IS,1.0,148465.54333590966
2022-07-26,IS,1.0,148480.5666349377
2022-07-27,IS,1.0,148494.94332472302
2022-07-28,IS,1.0,148509.20355340737
2022-07-29,IS,1.0,148523.40621930273
2022-08-01,IS,1.0,148538.4943113631
2022-08-02,IS,1.0,148553.58393618203
2022-08-03,IS,1.0,148568.43929457563
2022-08-04,IS,1.0,148583.17822704537
2022-08-05,IS,1.0,148598.39031434007
2022-08-08,IS,1.0,148614.01673236917
2022-08-09,IS,1.0,148629.76274128485
2022-08-10,IS,1.0,148645.39245839854
2022-08-11,IS,1.0,148660.84686031286
2022-08-12,IS,1.0,148676.36186139393
2022-08-15,IS,1.0,148692.40946870597
2022-08-16,IS,1.0,148708.3407982919
2022-08-17,IS,1.0,148724.15581231329
2022-08-18,IS,1.0,148740.1495608153
2022-08-19,IS,1.0,148756.3221008866
2022-08-22,IS,1.0,148772.96864169312
2022-08-23,IS,1.0,148789.4989715422
2022-08-24,IS,1.0,149265.79856810445
2022-08-25,IS,1.0,151373.0634498646
2022-08-26,IS,1.0,146249.23445654367
2022-08-29,IS,1.0,146266.47097346172
2022-08-30,IS,1.0,144660.78386196305
2022-08-31,IS,1.0,143560.0526520443
2022-09-01,IS,1.0,144010.51690956883
2022-09-02,IS,1.0,142492.0164285588
2022-09-06,Validation,0.0,100000.0
2022-09-07,Validation,0.0,101796.4991299007
2022-09-08,Validation,0.0,102461.86917801207
2022-09-09,Validation,0.0,104053.63906234007
2022-09-12,Validation,0.0,105171.9725662811
2022-09-13,Validation,0.0,100598.83304330024
2022-09-14,Validation,0.0,100982.7003787491
2022-09-15,Validation,0.0,99427.67939400143
2022-09-16,Validation,0.0,98669.25990377726
2022-09-19,Validation,0.0,99434.43545910534
2022-09-20,Validation,0.0,98293.06991503735
2022-09-21,Validation,0.0,96578.46248336574
2022-09-22,Validation,0.0,95767.22284778382
2022-09-23,Validation,0.0,94162.65738560753
2022-09-26,Validation,0.0,93231.1393182516
2022-09-27,Validation,0.0,92993.14157027332
2022-09-28,Validation,0.0,94822.90920257958
2022-09-29,Validation,0.0,92842.15375166344
2022-09-30,Validation,0.0,91406.48991708465
2022-10-03,Validation,0.0,93819.73589927322
2022-10-04,Validation,0.0,96726.89118640598
2022-10-05,Validation,0.0,96501.68901627597
2022-10-06,Validation,0.0,95506.19305967858
2022-10-07,Validation,0.0,92842.15375166344
2022-10-10,Validation,0.0,92133.27873886784
2022-10-11,Validation,0.0,91549.80038898558
2022-10-12,Validation,0.0,91247.82475176579
2022-10-13,Validation,0.0,93655.95250281504
2022-10-14,Validation,0.0,91521.65011771933
2022-10-17,Validation,0.0,93873.47732623605
2022-10-18,Validation,0.0,94976.45613675914
2022-10-19,Validation,0.0,94303.4087419388
2022-10-20,Validation,0.0,93512.64203091412
2022-10-21,Validation,0.0,95785.13665677143
2022-10-24,Validation,0.0,96957.21158767531
2022-10-25,Validation,0.0,98505.47650731908
2022-10-26,Validation,0.0,97763.33299211792
2022-10-27,Validation,0.0,97241.27341590748
2022-10-28,Validation,0.0,99554.71389087931
2022-10-31,Validation,0.0,98835.60241580509
2022-11-01,Validation,0.0,98403.1118845327
2022-11-02,Validation,0.0,95933.56535981166
2022-11-03,Validation,0.0,94945.74674992322
2022-11-04,Validation,0.0,96312.31446412121
2022-11-07,Validation,0.0,97233.59606919848
2022-11-08,Validation,0.0,97758.21476097862
2022-11-09,Validation,0.0,95744.19080765687
2022-11-10,Validation,0.0,101005.73241887605
2022-11-11,Validation,0.0,101983.31456648582
2022-11-14,Validation,0.0,101115.77438837138
2022-11-15,Validation,0.0,101978.19633534651
2022-11-16,Validation,0.0,101200.22520217014
2022-11-17,Validation,0.0,100890.57221824139
2022-11-18,Validation,0.0,101348.65390521035
2022-11-21,Validation,0.0,100980.14126317945
2022-11-22,Validation,0.0,102339.03163066844
2022-11-23,Validation,0.0,102983.92875422255
2022-11-25,Validation,0.0,102960.89671409561
2022-11-28,Validation,0.0,101317.94451837445
2022-11-29,Validation,0.0,101143.92465963765
2022-11-30,Validation,0.0,104330.02354386325
2022-12-01,Validation,0.0,104253.25007677346
2022-12-02,Validation,0.0,104132.9716449995
2022-12-05,Validation,0.0,102259.699048009
2022-12-06,Validation,0.0,100785.64847988536
2022-12-07,Validation,0.0,100614.1877367182
2022-12-08,Validation,0.0,101402.39533217321
2022-12-09,Validation,0.0,100644.8971235541
2022-12-12,Validation,0.0,102095.91565155082
2022-12-13,Validation,0.0,102868.76855358788
2022-12-14,Validation,0.0,102211.07585218547
2022-12-15,Validation,0.0,99254.93909304944
2022-12-16,Validation,0.0,98083.22243832532
2022-12-19,Validation,0.0,97251.50987818609
2022-12-20,Validation,0.0,97384.58388780839
2022-12-21,Validation,0.0,98840.72064694442
2022-12-22,Validation,0.0,97430.64796806224
2022-12-23,Validation,0.0,97991.0942778176
2022-12-27,Validation,0.0,97604.66782679905
2022-12-28,Validation,0.0,96391.64704678064
2022-12-29,Validation,0.0,98126.72740300951
2022-12-30,Validation,0.0,97868.25673047396
2023-01-03,Validation,0.0,97456.23912375883
2023-01-04,Validation,0.0,98208.61910123861
2023-01-05,Validation,0.0,97087.72648172792
2023-01-06,Validation,0.0,99314.15702733136
2023-01-09,Validation,0.0,99257.85648479886
2023-01-10,Validation,0.0,99953.93591974613
2023-01-11,Validation,0.0,101218.13901115775
2023-01-12,Validation,0.0,101586.65165318866
2023-01-13,Validation,0.0,101980.75545091616
2023-01-17,Validation,0.0,101793.94001433105
2023-01-18,Validation,0.0,100186.81543658512
2023-01-19,Validation,0.0,99457.46749923227
2023-01-20,Validation,0.0,101310.26717166547
2023-01-23,Validation,0.0,102525.84706725356
2023-01-24,Validation,0.0,102415.8050977582
2023-01-25,Validation,0.0,102454.1918313031
2023-01-26,Validation,0.0,103580.20268195312
2023-01-27,Validation,0.0,103818.20042993141
2023-01-30,Validation,0.0,102515.61060497492
2023-01-31,Validation,0.0,104022.92967550414
2023-02-01,Validation,0.0,105128.46760159689
2023-02-02,Validation,0.0,106658.81871225305
2023-02-03,Validation,0.0,105525.13051489404
2023-02-06,Validation,0.0,104880.23339133996
2023-02-07,Validation,0.0,106251.91933667724
2023-02-08,Validation,0.0,105090.080868052
2023-02-09,Validation,0.0,104179.03572525336
2023-02-10,Validation,0.0,104422.15170437098
2023-02-13,Validation,0.0,105647.96806223769
2023-02-14,Validation,0.0,105599.34486641416
2023-02-15,Validation,0.0,105942.2663527485
2023-02-16,Validation,0.0,104483.57047804278
2023-02-17,Validation,0.0,104222.54068993755
2023-02-21,Validation,0.0,102131.74326952605
2023-02-22,Validation,0.0,101990.99191319481
2023-02-23,Validation,0.0,102533.52441396256
2023-02-24,Validation,0.0,101438.22295014844
2023-02-27,Validation,0.0,101783.70355205242
2023-02-28,Validation,0.0,101407.51356331252
2023-03-01,Validation,0.0,101018.52799672433
2023-03-02,Validation,0.0,101804.17647660969
2023-03-03,Validation,0.0,103436.89221005222
2023-03-06,Validation,0.0,103508.54744600266
2023-03-07,Validation,0.0,101921.89579281402
2023-03-08,Validation,0.0,102088.23830484186
2023-03-09,Validation,0.0,100204.72924557273
2023-03-10,Validation,0.0,98758.82894871534
2023-03-13,Validation,0.0,98618.07759238408
2023-03-14,Validation,0.0,100248.23421025695
2023-03-15,Validation,0.0,99621.25089569045
2023-03-16,Validation,0.0,100983.67284266556
2023-03-17,Validation,0.0,99802.94810113625
2023-03-20,Validation,0.0,100762.61643975844
2023-03-21,Validation,0.0,102085.67918927221
2023-03-22,Validation,0.0,100345.48060190398
2023-03-23,Validation,0.0,100616.74685228785
2023-03-24,Validation,0.0,101276.9986692599
2023-03-27,Validation,0.0,101466.37322141467
2023-03-28,Validation,0.0,101238.61193571502
2023-03-29,Validation,0.0,102710.10338826902
2023-03-30,Validation,0.0,103311.4955471389
2023-03-31,Validation,0.0,104767.63230627494
2023-04-03,Validation,0.0,105166.85433514178
2023-04-04,Validation,0.0,104583.37598525951
2023-04-05,Validation,0.0,104309.55061930598
2023-04-06,Validation,0.0,104716.44999488177
2023-04-10,Validation,0.0,104823.93284880747
2023-04-11,Validation,0.0,104852.0831200737
2023-04-12,Validation,0.0,104424.71081994062
2023-04-13,Validation,0.0,105811.75145869589
2023-04-14,Validation,0.0,105553.2807861603
2023-04-17,Validation,0.0,105932.02989046986
2023-04-18,Validation,0.0,106001.12601085065
2023-04-19,Validation,0.0,105983.21220186305
2023-04-20,Validation,0.0,105404.85208312007
2023-04-21,Validation,0.0,105486.74378134917
2023-04-24,Validation,0.0,105596.7857508445
2023-04-25,Validation,0.0,103920.56505271778
2023-04-26,Validation,0.0,103480.39717473643
2023-04-27,Validation,0.0,105540.485208312
2023-04-28,Validation,0.0,106441.29388883204
2023-05-01,Validation,0.0,106333.81103490634
2023-05-02,Validation,0.0,105138.70406387551
2023-05-03,Validation,0.0,104417.03347323166
2023-05-04,Validation,0.0,103677.44907360018
2023-05-05,Validation,0.0,105596.7857508445
2023-05-08,Validation,0.0,105624.93602211076
2023-05-09,Validation,0.0,105161.73610400246
2023-05-10,Validation,0.0,105653.08629337703
2023-05-11,Validation,0.0,105468.82997236155
2023-05-12,Validation,0.0,105330.63773159996
2023-05-15,Validation,0.0,105694.03214249156
2023-05-16,Validation,0.0,104987.71624526563
2023-05-17,Validation,0.0,106262.15579895588
2023-05-18,Validation,0.0,107285.80202681954
2023-05-19,Validation,0.0,107129.69597707034
2023-05-22,Validation,0.0,107173.20094175453
2023-05-23,Validation,0.0,105970.41662401475
2023-05-24,Validation,0.0,105202.68195311699
2023-05-25,Validation,0.0,106113.72709591564
2023-05-26,Validation,0.0,107487.9721568226
2023-05-30,Validation,0.0,107528.91800593716
2023-05-31,Validation,0.0,106932.64407820658
2023-06-01,Validation,0.0,107948.61295936124
2023-06-02,Validation,0.0,109509.67345685331
2023-06-05,Validation,0.0,109299.82598014128
2023-06-06,Validation,0.0,109537.82372811956
2023-06-07,Validation,0.0,109159.07462381003
2023-06-08,Validation,0.0,109819.32644078207
2023-06-09,Validation,0.0,110016.37833964582
2023-06-12,Validation,0.0,111014.43341181288
2023-06-13,Validation,0.0,111746.34046473539
2023-06-14,Validation,0.0,111879.41447435768
2023-06-15,Validation,0.0,112847.17729552666
2023-06-16,Validation,0.0,112462.89282423994
2023-06-20,Validation,0.0,111879.41447435768
2023-06-21,Validation,0.0,111306.17258675401
2023-06-22,Validation,0.0,111707.95373119049
2023-06-23,Validation,0.0,110863.44559320298
2023-06-26,Validation,0.0,110410.48213737333
2023-06-27,Validation,0.0,111620.9438018221
2023-06-28,Validation,0.0,111677.24434435459
2023-06-29,Validation,0.0,112117.41222233597
2023-06-30,Validation,0.0,113440.47497184972
2023-07-03,Validation,0.0,113570.98986590235
2023-07-05,Validation,0.0,113402.08823830484
2023-07-06,Validation,0.0,112514.07513563315
2023-07-07,Validation,0.0,112230.01330740096
2023-07-10,Validation,0.0,112514.07513563315
2023-07-11,Validation,0.0,113230.62749513768
2023-07-12,Validation,0.0,114141.67263793632
2023-07-13,Validation,0.0,115047.59954959567
2023-07-14,Validation,0.0,114975.94431364519
2023-07-17,Validation,0.0,115375.16634251202
2023-07-18,Validation,0.0,116232.47005834784
2023-07-19,Validation,0.0,116490.94073088339
2023-07-20,Validation,0.0,115718.08782884636
2023-07-21,Validation,0.0,115718.08782884636
2023-07-24,Validation,0.0,116235.0291739175
2023-07-25,Validation,0.0,116552.35950455522
2023-07-26,Validation,0.0,116570.27331354284
2023-07-27,Validation,0.0,115797.42041150578
2023-07-28,Validation,0.0,116931.10860886477
2023-07-31,Validation,0.0,117153.75166342512
2023-08-01,Validation,0.0,116818.50752379978
2023-08-02,Validation,0.0,115193.46913706623
2023-08-03,Validation,0.0,114863.34322858021
2023-08-04,Validation,0.0,114343.84276793941
2023-08-07,Validation,0.0,115341.89784010647
2023-08-08,Validation,0.0,114840.31118845328
2023-08-09,Validation,0.0,114072.57651755553
2023-08-10,Validation,0.0,114113.52236667009
2023-08-11,Validation,0.0,114046.98536185893
2023-08-14,Validation,0.0,114676.52779199509
2023-08-15,Validation,0.0,113340.66946463301
2023-08-16,Validation,0.0,112508.95690449381
2023-08-17,Validation,0.0,111651.65318865802
2023-08-18,Validation,0.0,111705.39461562084
2023-08-21,Validation,0.0,112432.18343740402
2023-08-22,Validation,0.0,112127.6486846146
2023-08-23,Validation,0.0,113376.49708260824
2023-08-24,Validation,0.0,111805.20012283754
2023-08-25,Validation,0.0,112593.40771829255
2023-08-28,Validation,0.0,113307.40096222745
2023-08-29,Validation,0.0,114945.23492680931
2023-08-30,Validation,0.0,115418.67130719623
2023-08-31,Validation,0.0,115249.76967959874
2023-09-01,Validation,0.0,115464.7353874501
2023-09-05,Validation,0.0,114965.70785136658
2023-09-06,Validation,0.0,114192.85494932951
2023-09-07,Validation,0.0,113842.25611628623
2023-09-08,Validation,0.0,114013.71685945336
2023-09-11,Validation,0.0,114763.5377213635
2023-09-12,Validation,0.0,114133.99529122736
2023-09-13,Validation,0.0,114267.06930084962
2023-09-14,Validation,0.0,114847.17729552666
2023-09-15,Validation,0.0,113463.50701197668
2023-09-18,Validation,0.0,113530.0440167878
2023-09-19,Validation,0.0,113294.60538437916
2023-09-20,Validation,0.0,112253.04534752789
2023-09-21,Validation,0.0,110397.68655952503
2023-09-22,Validation,0.0,110149.45234926809
2023-09-25,Validation,0.0,110612.6522673764
2023-09-26,Validation,0.0,108987.61388064284
2023-09-27,Validation,0.0,109031.11884532706
2023-09-28,Validation,0.0,109663.22039103287
2023-09-29,Validation,0.0,109397.07237178831
2023-10-02,Validation,0.0,109353.56740710411
2023-10-03,Validation,0.0,107889.75330125907
2023-10-04,Validation,0.0,108675.40178114445
2023-10-05,Validation,0.0,108634.4559320299
2023-10-06,Validation,0.0,109924.2501791381
2023-10-09,Validation,0.0,110628.00696079436
2023-10-10,Validation,0.0,111203.80796396767
2023-10-11,Validation,0.0,111659.33053536699
2023-10-12,Validation,0.0,110978.60579383765
2023-10-13,Validation,0.0,110425.83683079128
2023-10-16,Validation,0.0,111587.67529941653
2023-10-17,Validation,0.0,111582.5570682772
2023-10-18,Validation,0.0,110095.71092230525
2023-10-19,Validation,0.0,109128.36523697412
2023-10-20,Validation,0.0,107787.38867847272
2023-10-23,Validation,0.0,107600.57324188761
2023-10-24,Validation,0.0,108411.81287746955
2023-10-25,Validation,0.0,106855.87061111681
2023-10-26,Validation,0.0,105576.31282628723
2023-10-27,Validation,0.0,105097.75821476098
2023-10-30,Validation,0.0,106354.2839594636
2023-10-31,Validation,0.0,107022.21312314464
2023-11-01,Validation,0.0,108163.57866721263
2023-11-02,Validation,0.0,110236.4622786365
2023-11-03,Validation,0.0,111242.19469751253
2023-11-06,Validation,0.0,111498.10625447845
2023-11-07,Validation,0.0,111815.43658511619
2023-11-08,Validation,0.0,111897.32828334528
2023-11-09,Validation,0.0,111024.66987409152
2023-11-10,Validation,0.0,112757.19111475075
2023-11-13,Validation,0.0,112649.70826082505
2023-11-14,Validation,0.0,114835.19295731396
2023-11-15,Validation,0.0,115078.30893643158
2023-11-16,Validation,0.0,115219.06029276284
2023-11-17,Validation,0.0,115362.37076466373
2023-11-20,Validation,0.0,116250.38386733543
2023-11-21,Validation,0.0,115997.0314259392
2023-11-22,Validation,0.0,116444.87665062955
2023-11-24,Validation,0.0,116516.53188657999
2023-11-27,Validation,0.0,116306.68440986796
2023-11-28,Validation,0.0,116421.84461050262
2023-11-29,Validation,0.0,116339.95291227353
2023-11-30,Validation,0.0,116798.0345992425
2023-12-01,Validation,0.0,117488.99580305048
2023-12-04,Validation,0.0,116872.24895076263
2023-12-05,Validation,0.0,116849.2169106357
2023-12-06,Validation,0.0,116378.33964581841
2023-12-07,Validation,0.0,117266.35274849013
2023-12-08,Validation,0.0,117770.49851571297
2023-12-11,Validation,0.0,118228.58020268196
2023-12-12,Validation,0.0,118768.55358788003
2023-12-13,Validation,0.0,120406.38755246186
2023-12-14,Validation,0.0,120305.02866209438
2023-12-15,Validation,0.0,120106.97103081176
2023-12-18,Validation,0.0,120782.57754120177
2023-12-19,Validation,0.0,121517.04370969391
2023-12-20,Validation,0.0,119833.14566485822
2023-12-21,Validation,0.0,120969.39297778688
2023-12-22,Validation,0.0,121212.5089569045
2023-12-26,Validation,0.0,121724.3320708363
2023-12-27,Validation,0.0,121944.416009827
2023-12-28,Validation,0.0,121990.48009008086
2023-12-29,Validation,0.0,121637.32214146791
2024-01-02,Validation,0.0,120956.59739993858
2024-01-03,Validation,0.0,119968.77879005017
2024-01-04,Validation,0.0,119582.35233903163
2024-01-05,Validation,0.0,119746.13573548982
2024-01-08,Validation,0.0,121455.62493602211
2024-01-09,Validation,0.0,121271.36861500665
2024-01-10,Validation,0.0,121957.2115876753
2024-01-11,Validation,0.0,121903.47016071246
2024-01-12,Validation,0.0,121987.92097451122
2024-01-16,Validation,0.0,121540.07574982087
2024-01-17,Validation,0.0,120864.46923943087
2024-01-18,Validation,0.0,121939.29777868769
2024-01-19,Validation,0.0,123459.41242706522
2024-01-22,Validation,0.0,123720.44221517045
2024-01-23,Validation,0.0,124081.27751049238
2024-01-24,Validation,0.0,124216.9106356843
2024-01-25,Validation,0.0,124892.51714607431
2024-01-26,Validation,0.0,124733.85198075545
2024-01-29,Validation,0.0,125721.67059064387
2024-01-30,Validation,0.0,125624.42419899681
2024-01-31,Validation,0.0,123574.57262769986
2024-02-01,Validation,0.0,125191.93366772443
2024-02-02,Validation,0.0,126509.8781860989
2024-02-05,Validation,0.0,126049.23738356025
2024-02-06,Validation,0.0,126415.19091002151
2024-02-07,Validation,0.0,127469.54652472107
2024-02-08,Validation,0.0,127525.84706725356
2024-02-09,Validation,0.0,128262.8723513154
2024-02-12,Validation,0.0,128206.5718087829
2024-02-13,Validation,0.0,126440.7820657181
2024-02-14,Validation,0.0,127589.82495649505
2024-02-15,Validation,0.0,128470.16071245779
2024-02-16,Validation,0.0,127830.38182004301
2024-02-20,Validation,0.0,127126.62503838674
2024-02-21,Validation,0.0,127241.78523902138
2024-02-22,Validation,0.0,129875.11516020063
2024-02-23,Validation,0.0,129964.68420513872
2024-02-26,Validation,0.0,129488.68870918211
2024-02-27,Validation,0.0,129729.24557273007
2024-02-28,Validation,0.0,129557.78482956291
2024-02-29,Validation,0.0,130023.54386324086
2024-03-01,Validation,0.0,131244.24198996826
2024-03-04,Validation,0.0,131103.490633637
2024-03-05,Validation,0.0,129793.22346197155
2024-03-06,Validation,0.0,130450.91616337394
2024-03-07,Validation,0.0,131745.82864162145
2024-03-08,Validation,0.0,130955.0619305968
2024-03-11,Validation,0.0,130842.46084553176
2024-03-12,Validation,0.0,132249.97440884428
2024-03-13,Validation,0.0,132042.68604770192
2024-03-14,Validation,0.0,131373.49268092946
2024-03-15,Validation,0.0,130471.38908793121
2024-03-18,Validation,0.0,131246.80110553792
2024-03-19,Validation,0.0,131976.1490428908
2024-03-20,Validation,0.0,133196.84716961818
2024-03-21,Validation,0.0,133637.01504759956
2024-03-22,Validation,0.0,133383.66260620332
2024-03-25,Validation,0.0,133015.1499641724
2024-03-26,Validation,0.0,132769.4748694851
2024-03-27,Validation,0.0,133885.24925785649
2024-03-28,Validation,0.0,133859.6581021599
2024-04-01,Validation,0.0,133626.7785853209
2024-04-02,Validation,0.0,132777.1522161941
2024-04-03,Validation,0.0,132923.02180366465
2024-04-04,Validation,0.0,131300.54253250078
2024-04-05,Validation,0.0,132672.22847783804
2024-04-08,Validation,0.0,132746.4428293582
2024-04-09,Validation,0.0,132899.98976353774
2024-04-10,Validation,0.0,131569.249667315
2024-04-11,Validation,0.0,132562.18650834274
2024-04-12,Validation,0.0,130732.41887603646
2024-04-15,Validation,0.0,129094.5849114546
2024-04-16,Validation,0.0,128859.14627904595
2024-04-17,Validation,0.0,128096.52983928754
2024-04-18,Validation,0.0,127832.94093561266
2024-04-19,Validation,0.0,126717.16654724127
2024-04-22,Validation,0.0,127884.12324700585
2024-04-23,Validation,0.0,129401.6787798137
2024-04-24,Validation,0.0,129340.26000614189
2024-04-25,Validation,0.0,128848.90981676734
2024-04-26,Validation,0.0,130069.60794349473
2024-04-29,Validation,0.0,130530.24874603338
2024-04-30,Validation,0.0,128462.48336574882
2024-05-01,Validation,0.0,128045.34752789437
2024-05-02,Validation,0.0,129243.01361449482
2024-05-03,Validation,0.0,130845.01996110145
2024-05-06,Validation,0.0,132196.23298188148
2024-05-07,Validation,0.0,132342.10256935205
2024-05-08,Validation,0.0,132354.89814720035
2024-05-09,Validation,0.0,133117.51458695874
2024-05-10,Validation,0.0,133288.97533012592
2024-05-13,Validation,0.0,133306.88913911354
2024-05-14,Validation,0.0,133918.51776026204
2024-05-15,Validation,0.0,135576.82464940118
2024-05-16,Validation,0.0,135297.88105230834
2024-05-17,Validation,0.0,135492.37383560243
2024-05-20,Validation,0.0,135648.4798853516
2024-05-21,Validation,0.0,135981.16490940732
2024-05-22,Validation,0.0,135589.62022724948
2024-05-23,Validation,0.0,134599.2425017914
2024-05-24,Validation,0.0,135489.81472003277
2024-05-28,Validation,0.0,135584.50199611014
2024-05-29,Validation,0.0,134635.0701197666
2024-05-30,Validation,0.0,133741.93878595557
2024-05-31,Validation,0.0,134960.0777971133
2024-06-03,Validation,0.0,135070.11976660867
2024-06-04,Validation,0.0,135221.10758521856
2024-06-05,Validation,0.0,136828.23216296447
2024-06-06,Validation,0.0,136825.6730473948
2024-06-07,Validation,0.0,136659.330535367
2024-06-10,Validation,0.0,137081.58460436072
2024-06-11,Validation,0.0,137411.71051284677
2024-06-12,Validation,0.0,138540.28047906642
2024-06-13,Validation,0.0,138819.2240761593
2024-06-14,Validation,0.0,138903.67488995803
2024-06-17,Validation,0.0,140009.2128160508
2024-06-18,Validation,0.0,140364.9298802334
2024-06-20,Validation,0.0,139533.46811342004
2024-06-21,Validation,0.0,139346.40188350907
2024-06-24,Validation,0.0,138893.43842767942
2024-06-25,Validation,0.0,139428.29358173817
2024-06-26,Validation,0.0,139602.31344047497
2024-06-27,Validation,0.0,139822.39737946566
2024-06-28,Validation,0.0,139272.18753198895
2024-07-01,Validation,0.0,139558.80847579078
2024-07-02,Validation,0.0,140498.00388985567
2024-07-03,Validation,0.0,141124.98720442216
2024-07-05,Validation,0.0,141938.78595557375
2024-07-08,Validation,0.0,142102.56935203195
2024-07-09,Validation,0.0,142240.76159279354
2024-07-10,Validation,0.0,143648.27515610607
2024-07-11,Validation,0.0,142409.66322039103
2024-07-12,Validation,0.0,143307.91278534138
2024-07-15,Validation,0.0,143702.01658306888
2024-07-16,Validation,0.0,144554.20206776538
2024-07-17,Validation,0.0,142527.38253659537
2024-07-18,Validation,0.0,141432.08107278123
2024-07-19,Validation,0.0,140492.88565871635
2024-07-22,Validation,0.0,141941.3450711434
2024-07-23,Validation,0.0,141718.70201658306
2024-07-24,Validation,0.0,138507.01197666087
2024-07-25,Validation,0.0,137785.34138601698
2024-07-26,Validation,0.0,139328.48807452148
2024-07-29,Validation,0.0,139410.37977275054
2024-07-30,Validation,0.0,138704.06387552462
2024-07-31,Validation,0.0,140958.6446923943
2024-08-01,Validation,0.0,138962.5345480602
2024-08-02,Validation,0.0,136375.26870713482
2024-08-05,Validation,0.0,132403.52134302384
2024-08-06,Validation,0.0,133624.21946975126
2024-08-07,Validation,0.0,132731.0881359402
2024-08-08,Validation,0.0,135799.4677039615
2024-08-09,Validation,0.0,136398.30074726176
2024-08-12,Validation,0.0,136469.95598321222
2024-08-13,Validation,0.0,138714.30033780326
2024-08-14,Validation,0.0,139151.90910021498
2024-08-15,Validation,0.0,141537.0048111373
2024-08-16,Validation,0.0,141854.335141775
2024-08-19,Validation,0.0,143210.66639369435
2024-08-20,Validation,0.0,142977.7868768554
2024-08-21,Validation,0.0,143469.13706622992
2024-08-22,Validation,0.0,142343.1262155799
2024-08-23,Validation,0.0,143855.56351724843
2024-08-26,Validation,0.0,143512.6420309141
2024-08-27,Validation,0.0,143709.69392977786
2024-08-28,Validation,0.0,142875.422254069
2024-08-29,Validation,0.0,142888.2178319173
2024-08-30,Validation,0.0,144252.22643054562
2022-09-06,Validation,0.2,100002.4126984127
2022-09-07,Validation,0.2,101442.0488041977
2022-09-08,Validation,0.2,101976.77400298328
2022-09-09,Validation,0.2,103252.63524450418
2022-09-12,Validation,0.2,104149.81914388968
2022-09-13,Validation,0.2,100493.91229339299
2022-09-14,Validation,0.2,100803.57949907679
2022-09-15,Validation,0.2,99251.31677614675
2022-09-16,Validation,0.2,98494.24255363418
2022-09-19,Validation,0.2,99258.06085749186
2022-09-20,Validation,0.2,98118.71984237303
2022-09-21,Validation,0.2,96749.59313963667
2022-09-22,Validation,0.2,96103.14554419387
2022-09-23,Validation,0.2,94492.95174759801
2022-09-26,Validation,0.2,93558.16619423137
2022-09-27,Validation,0.2,93319.33362153056
2022-09-28,Validation,0.2,95155.51952992931
2022-09-29,Validation,0.2,93167.81618293542
2022-09-30,Validation,0.2,92021.78183472854
2022-10-03,Validation,0.2,93954.9731522674
2022-10-04,Validation,0.2,96866.31898301329
2022-10-05,Validation,0.2,96688.83254170601
2022-10-06,Validation,0.2,95895.11143854703
2022-10-07,Validation,0.2,93766.54828743722
2022-10-10,Validation,0.2,93202.1169378054
2022-10-11,Validation,0.2,92738.17348261326
2022-10-12,Validation,0.2,92499.45582334275
2022-10-13,Validation,0.2,94428.8909421553
2022-10-14,Validation,0.2,92724.39787262083
2022-10-17,Validation,0.2,94608.93277827471
2022-10-18,Validation,0.2,95494.44364453865
2022-10-19,Validation,0.2,94959.15727806538
2022-10-20,Validation,0.2,94329.7114568593
2022-10-21,Validation,0.2,96150.87521925678
2022-10-24,Validation,0.2,97327.42551048602
2022-10-25,Validation,0.2,98569.28400401195
2022-10-26,Validation,0.2,97978.79275337882
2022-10-27,Validation,0.2,97564.38486867497
2022-10-28,Validation,0.2,99418.41678478134
2022-10-31,Validation,0.2,98700.28982173256
2022-11-01,Validation,0.2,98357.59273589603
2022-11-02,Validation,0.2,96385.24361673917
2022-11-03,Validation,0.2,95598.30075911207
2022-11-04,Validation,0.2,96974.26077650691
2022-11-07,Validation,0.2,97901.87427137981
2022-11-08,Validation,0.2,98324.98558150792
2022-11-09,Validation,0.2,96717.19133929041
2022-11-10,Validation,0.2,100929.84214690093
2022-11-11,Validation,0.2,101906.68979189108
2022-11-14,Validation,0.2,101216.15721152342
2022-11-15,Validation,0.2,101909.57073924203
2022-11-16,Validation,0.2,101290.67846361594
2022-11-17,Validation,0.2,101046.44130475326
2022-11-18,Validation,0.2,101416.40861815863
2022-11-21,Validation,0.2,101125.15756449536
2022-11-22,Validation,0.2,102215.82146944042
2022-11-23,Validation,0.2,102735.29139936013
2022-11-25,Validation,0.2,102720.42669322787
2022-11-28,Validation,0.2,101409.62648578228
2022-11-29,Validation,0.2,101273.94853872995
2022-11-30,Validation,0.2,103826.35812208283
2022-12-01,Validation,0.2,103768.43811543928
2022-12-02,Validation,0.2,103675.7228199072
2022-12-05,Validation,0.2,102180.62896240992
2022-12-06,Validation,0.2,101004.92142222423
2022-12-07,Validation,0.2,100871.22166766347
2022-12-08,Validation,0.2,101505.24908727856
2022-12-09,Validation,0.2,100902.73671738568
2022-12-12,Validation,0.2,102067.09496308868
2022-12-13,Validation,0.2,102839.7296962345
2022-12-14,Validation,0.2,102317.10563889491
2022-12-15,Validation,0.2,99955.73509599538
2022-12-16,Validation,0.2,99021.87677968714
2022-12-19,Validation,0.2,98182.2047481324
2022-12-20,Validation,0.2,98316.55227318118
2022-12-21,Validation,0.2,99786.6242299647
2022-12-22,Validation,0.2,98363.05718569805
2022-12-23,Validation,0.2,98814.93075963094
2022-12-27,Validation,0.2,98509.4039784512
2022-12-28,Validation,0.2,97542.60237375941
2022-12-29,Validation,0.2,98934.27421100746
2022-12-30,Validation,0.2,98673.67642008029
2023-01-03,Validation,0.2,98347.72571533485
2023-01-04,Validation,0.2,98953.30991325495
2023-01-05,Validation,0.2,98060.36568638394
2023-01-06,Validation,0.2,99845.28878007384
2023-01-09,Validation,0.2,99788.6871424434
2023-01-10,Validation,0.2,100349.3764348951
2023-01-11,Validation,0.2,101364.55728083152
2023-01-12,Validation,0.2,101663.13793472192
2023-01-13,Validation,0.2,101982.20030320468
2023-01-17,Validation,0.2,101836.56036174964
2023-01-18,Validation,0.2,100554.65762832921
2023-01-19,Validation,0.2,99974.99310848123
2023-01-20,Validation,0.2,101837.43379936586
2023-01-23,Validation,0.2,103059.33894877222
2023-01-24,Validation,0.2,102975.24594783118
2023-01-25,Validation,0.2,103009.89664739823
2023-01-26,Validation,0.2,103914.63902706064
2023-01-27,Validation,0.2,104108.9883665405
2023-01-30,Validation,0.2,103070.86003436365
2023-01-31,Validation,0.2,104280.64284421112
2023-02-01,Validation,0.2,105388.91970183508
2023-02-02,Validation,0.2,106617.13683792317
2023-02-03,Validation,0.2,105714.1570492733
2023-02-06,Validation,0.2,105202.21931026819
2023-02-07,Validation,0.2,106303.54877024963
2023-02-08,Validation,0.2,105378.06789625343
2023-02-09,Validation,0.2,104653.26470404914
2023-02-10,Validation,0.2,104851.80808547947
2023-02-13,Validation,0.2,105836.52945578606
2023-02-14,Validation,0.2,105801.69150008073
2023-02-15,Validation,0.2,106080.08160235288
2023-02-16,Validation,0.2,104917.22090019296
2023-02-17,Validation,0.2,104712.49385400505
2023-02-21,Validation,0.2,102611.86753473182
2023-02-22,Validation,0.2,102470.45450222261
2023-02-23,Validation,0.2,103015.53746389449
2023-02-24,Validation,0.2,101915.08695636822
2023-02-27,Validation,0.2,102195.5007413452
2023-02-28,Validation,0.2,101898.57059420053
2023-03-01,Validation,0.2,101591.421249769
2023-03-02,Validation,0.2,102381.52527580336
2023-03-03,Validation,0.2,104023.50041785513
2023-03-06,Validation,0.2,104084.98654130533
2023-03-07,Validation,0.2,102819.92084847132
2023-03-08,Validation,0.2,102957.26822973344
2023-03-09,Validation,0.2,101057.72572955585
2023-03-10,Validation,0.2,99599.51715265324
2023-03-13,Validation,0.2,99457.56764516713
2023-03-14,Validation,0.2,101101.60103186974
2023-03-15,Validation,0.2,100469.28049852257
2023-03-16,Validation,0.2,101563.12522301402
2023-03-17,Validation,0.2,100622.27195221158
2023-03-20,Validation,0.2,101393.97294786316
2023-03-21,Validation,0.2,102456.36548657835
2023-03-22,Validation,0.2,101068.15795271662
2023-03-23,Validation,0.2,101289.07353590144
2023-03-24,Validation,0.2,101953.73719213823
2023-03-27,Validation,0.2,102144.377155555
2023-03-28,Validation,0.2,101915.09395631053
2023-03-29,Validation,0.2,103096.27268109804
2023-03-30,Validation,0.2,103581.51391232702
2023-03-31,Validation,0.2,104750.4519601022
2023-04-03,Validation,0.2,105073.90053938472
2023-04-04,Validation,0.2,104611.17298786413
2023-04-05,Validation,0.2,104396.15198616838
2023-04-06,Validation,0.2,104725.75312120916
2023-04-10,Validation,0.2,104815.96318105911
2023-04-11,Validation,0.2,104842.67476145251
2023-04-12,Validation,0.2,104504.95248727826
2023-04-13,Validation,0.2,105618.8279521531
2023-04-14,Validation,0.2,105416.32851149271
2023-04-17,Validation,0.2,105723.66402498909
2023-04-18,Validation,0.2,105783.26972322172
2023-04-19,Validation,0.2,105773.235065857
2023-04-20,Validation,0.2,105314.81092825778
2023-04-21,Validation,0.2,105384.60577003178
2023-04-24,Validation,0.2,105476.97169070238
2023-04-25,Validation,0.2,104140.26170603519
2023-04-26,Validation,0.2,103792.42818372411
2023-04-27,Validation,0.2,105858.72813149089
2023-04-28,Validation,0.2,106762.25307759513
2023-05-01,Validation,0.2,106680.78586503727
2023-05-02,Validation,0.2,105729.19457321554
2023-05-03,Validation,0.2,105156.37047755581
2023-05-04,Validation,0.2,104569.21627657507
2023-05-05,Validation,0.2,106505.06186212617
2023-05-08,Validation,0.2,106533.45426404758
2023-05-09,Validation,0.2,106167.51961701376
2023-05-10,Validation,0.2,106565.18230045967
2023-05-11,Validation,0.2,106379.33530698423
2023-05-12,Validation,0.2,106273.36573756851
2023-05-15,Validation,0.2,106568.63150983049
2023-05-16,Validation,0.2,106008.14744730025
2023-05-17,Validation,0.2,107032.29490555453
2023-05-18,Validation,0.2,108063.36004926336
2023-05-19,Validation,0.2,107943.14273567365
2023-05-22,Validation,0.2,107982.71229012543
2023-05-23,Validation,0.2,107025.19847756875
2023-05-24,Validation,0.2,106415.75186807309
2023-05-25,Validation,0.2,107337.30208007131
2023-05-26,Validation,0.2,108727.39327064161
2023-05-30,Validation,0.2,108765.15750692834
2023-05-31,Validation,0.2,108293.11995075672
2023-06-01,Validation,0.2,109110.85967971956
2023-06-02,Validation,0.2,110364.67378530119
2023-06-05,Validation,0.2,110201.72647318587
2023-06-06,Validation,0.2,110397.03834416169
2023-06-07,Validation,0.2,110098.93572516408
2023-06-08,Validation,0.2,110631.99875084568
2023-06-09,Validation,0.2,110794.49384163918
2023-06-12,Validation,0.2,111597.81962605209
2023-06-13,Validation,0.2,112188.19187246652
2023-06-14,Validation,0.2,112299.49871510576
2023-06-15,Validation,0.2,113078.53050001051
2023-06-16,Validation,0.2,112775.93451867411
2023-06-20,Validation,0.2,112314.02970754598
2023-06-21,Validation,0.2,111860.32416134766
2023-06-22,Validation,0.2,112186.63808820223
2023-06-23,Validation,0.2,111515.93069242766
2023-06-26,Validation,0.2,111158.54161261307
2023-06-27,Validation,0.2,112131.83935877966
2023-06-28,Validation,0.2,112188.39759217245
2023-06-29,Validation,0.2,112545.48199168281
2023-06-30,Validation,0.2,113608.85615671132
2023-07-03,Validation,0.2,113718.20216839848
2023-07-05,Validation,0.2,113588.01602790378
2023-07-06,Validation,0.2,112882.55992061117
2023-07-07,Validation,0.2,112660.26590631806
2023-07-10,Validation,0.2,112892.49004663502
2023-07-11,Validation,0.2,113470.71677361801
2023-07-12,Validation,0.2,114204.52064955668
2023-07-13,Validation,0.2,114934.23101890356
2023-07-14,Validation,0.2,114881.89492026508
2023-07-17,Validation,0.2,115206.2617201715
2023-07-18,Validation,0.2,115897.09495658094
2023-07-19,Validation,0.2,116108.86284551474
2023-07-20,Validation,0.2,115495.57296219193
2023-07-21,Validation,0.2,115500.57558381277
2023-07-24,Validation,0.2,115919.14147099337
2023-07-25,Validation,0.2,116178.0196426824
2023-07-26,Validation,0.2,116197.36569334612
2023-07-27,Validation,0.2,115584.09947172456
2023-07-28,Validation,0.2,116496.0763320144
2023-07-31,Validation,0.2,116679.24550190946
2023-08-01,Validation,0.2,116416.09692007859
2023-08-02,Validation,0.2,115121.10493841725
2023-08-03,Validation,0.2,114862.05315869761
2023-08-04,Validation,0.2,114342.55853274593
2023-08-07,Validation,0.2,115340.60239541173
2023-08-08,Validation,0.2,114839.02137725148
2023-08-09,Validation,0.2,114071.295329047
2023-08-10,Validation,0.2,114112.24071828461
2023-08-11,Validation,0.2,114045.70446077352
2023-08-14,Validation,0.2,114675.23982030118
2023-08-15,Validation,0.2,113339.39649642541
2023-08-16,Validation,0.2,112679.0275493752
2023-08-17,Validation,0.2,111998.18678118527
2023-08-18,Validation,0.2,112052.09500558657
2023-08-21,Validation,0.2,112781.13956415669
2023-08-22,Validation,0.2,112475.65962588262
2023-08-23,Validation,0.2,113479.77201973696
2023-08-24,Validation,0.2,112227.77827909871
2023-08-25,Validation,0.2,112863.41642284345
2023-08-28,Validation,0.2,113579.12188416974
2023-08-29,Validation,0.2,115220.883515886
2023-08-30,Validation,0.2,115604.76562445721
2023-08-31,Validation,0.2,115474.77845916085
2023-09-01,Validation,0.2,115651.85858670452
2023-09-05,Validation,0.2,115257.76371617244
2023-09-06,Validation,0.2,114644.60968207315
2023-09-07,Validation,0.2,114292.62385610293
2023-09-08,Validation,0.2,114464.76290967957
2023-09-11,Validation,0.2,115217.55011412689
2023-09-12,Validation,0.2,114585.51717114385
2023-09-13,Validation,0.2,114697.1031519054
2023-09-14,Validation,0.2,115166.31744982155
2023-09-15,Validation,0.2,114064.5194960137
2023-09-18,Validation,0.2,114122.87926303997
2023-09-19,Validation,0.2,113886.21120875602
2023-09-20,Validation,0.2,112839.21231643452
2023-09-21,Validation,0.2,110974.16514952283
2023-09-22,Validation,0.2,110724.6347009843
2023-09-25,Validation,0.2,111190.2533729995
2023-09-26,Validation,0.2,109556.72930266993
2023-09-27,Validation,0.2,109600.46144313547
2023-09-28,Validation,0.2,110235.86371931089
2023-09-29,Validation,0.2,109968.32591881596
2023-10-02,Validation,0.2,109938.52880239718
2023-10-03,Validation,0.2,108772.48548965795
2023-10-04,Validation,0.2,109406.00444939088
2023-10-05,Validation,0.2,109378.24905905826
2023-10-06,Validation,0.2,110415.10469296246
2023-10-09,Validation,0.2,110983.13147608965
2023-10-10,Validation,0.2,111448.77691641959
2023-10-11,Validation,0.2,111818.20072545805
2023-10-12,Validation,0.2,111278.64564832002
2023-10-13,Validation,0.2,110841.44738966443
2023-10-16,Validation,0.2,111775.92726631703
2023-10-17,Validation,0.2,111776.85182914723
2023-10-18,Validation,0.2,110592.3862466014
2023-10-19,Validation,0.2,109823.5132133384
2023-10-20,Validation,0.2,108755.71871976399
2023-10-23,Validation,0.2,108567.22498851341
2023-10-24,Validation,0.2,109385.75256120424
2023-10-25,Validation,0.2,107815.83216941867
2023-10-26,Validation,0.2,106797.13955458891
2023-10-27,Validation,0.2,106313.05119931784
2023-10-30,Validation,0.2,107584.1067203772
2023-10-31,Validation,0.2,108259.75945153092
2023-11-01,Validation,0.2,109177.85648513722
2023-11-02,Validation,0.2,110841.14211809677
2023-11-03,Validation,0.2,111650.69890267347
2023-11-06,Validation,0.2,111860.42706109876
2023-11-07,Validation,0.2,112119.2823485621
2023-11-08,Validation,0.2,112189.77883449719
2023-11-09,Validation,0.2,111496.63632994304
2023-11-10,Validation,0.2,112887.62964228715
2023-11-13,Validation,0.2,112780.02245123437
2023-11-14,Validation,0.2,114533.37388351484
2023-11-15,Validation,0.2,114732.84042331419
2023-11-16,Validation,0.2,114850.3983641308
2023-11-17,Validation,0.2,114969.99568314814
2023-11-20,Validation,0.2,115685.39218706549
2023-11-21,Validation,0.2,115487.68834984396
2023-11-22,Validation,0.2,115850.95274190491
2023-11-24,Validation,0.2,115913.26623958886
2023-11-27,Validation,0.2,115750.33362423549
2023-11-28,Validation,0.2,115847.39020831254
2023-11-29,Validation,0.2,115786.78831933773
2023-11-30,Validation,0.2,116158.16620072412
2023-12-01,Validation,0.2,116715.83072647572
2023-12-04,Validation,0.2,116227.35691536363
2023-12-05,Validation,0.2,116213.84700110985
2023-12-06,Validation,0.2,115842.06197022529
2023-12-07,Validation,0.2,116557.38127311581
2023-12-08,Validation,0.2,117058.47906485367
2023-12-11,Validation,0.2,117429.90259613442
2023-12-12,Validation,0.2,117866.83149595356
2023-12-13,Validation,0.2,119182.03179532236
2023-12-14,Validation,0.2,119105.8698054538
2023-12-15,Validation,0.2,118952.35895626119
2023-12-18,Validation,0.2,119497.79863403505
2023-12-19,Validation,0.2,120090.29988350115
2023-12-20,Validation,0.2,118748.11990228109
2023-12-21,Validation,0.2,119662.03911334892
2023-12-22,Validation,0.2,119902.52766244492
2023-12-26,Validation,0.2,120408.81934475226
2023-12-27,Validation,0.2,120589.85791197907
2023-12-28,Validation,0.2,120631.6908060162
2023-12-29,Validation,0.2,120354.10144142597
2024-01-02,Validation,0.2,119814.51456767696
2024-01-03,Validation,0.2,119029.27197408486
2024-01-04,Validation,0.2,118725.14419756377
2024-01-05,Validation,0.2,118861.1762387353
2024-01-08,Validation,0.2,120558.03180651343
2024-01-09,Validation,0.2,120375.13719441759
2024-01-10,Validation,0.2,120928.87248171805
2024-01-11,Validation,0.2,120890.94134584359
2024-01-12,Validation,0.2,120963.5558262649
2024-01-16,Validation,0.2,120610.33456888581
2024-01-17,Validation,0.2,120074.92393035995
2024-01-18,Validation,0.2,120939.84387484225
2024-01-19,Validation,0.2,122160.99380032218
2024-01-22,Validation,0.2,122374.8862146424
2024-01-23,Validation,0.2,122668.61484779723
2024-01-24,Validation,0.2,122782.17355211926
2024-01-25,Validation,0.2,123327.71205523434
2024-01-26,Validation,0.2,123205.83430865231
2024-01-29,Validation,0.2,124001.12608702987
2024-01-30,Validation,0.2,123928.36694751028
2024-01-31,Validation,0.2,122293.52474783496
2024-02-01,Validation,0.2,123592.45372101413
2024-02-02,Validation,0.2,124893.5598875375
2024-02-05,Validation,0.2,124530.14154164845
2024-02-06,Validation,0.2,124828.01855682117
2024-02-07,Validation,0.2,125676.60894347963
2024-02-08,Validation,0.2,125726.76577775076
2024-02-09,Validation,0.2,126321.50350973808
2024-02-12,Validation,0.2,126281.57227597256
2024-02-13,Validation,0.2,124874.06960516427
2024-02-14,Validation,0.2,125798.41532416134
2024-02-15,Validation,0.2,126507.7964366934
2024-02-16,Validation,0.2,126001.09634947567
2024-02-20,Validation,0.2,125443.21505678799
2024-02-21,Validation,0.2,125540.46845609497
2024-02-22,Validation,0.2,127652.26816166709
2024-02-23,Validation,0.2,127729.0697024248
2024-02-26,Validation,0.2,127353.43015300835
2024-02-27,Validation,0.2,127551.01475144838
2024-02-28,Validation,0.2,127382.43293564841
2024-02-29,Validation,0.2,127840.37159946322
2024-03-01,Validation,0.2,129040.57348209871
2024-03-04,Validation,0.2,128933.20126948597
2024-03-05,Validation,0.2,127890.20799786519
2024-03-06,Validation,0.2,128421.58375787118
2024-03-07,Validation,0.2,129462.73647277175
2024-03-08,Validation,0.2,128835.33741988993
2024-03-11,Validation,0.2,128750.49110174098
2024-03-12,Validation,0.2,129881.73764060094
2024-03-13,Validation,0.2,129721.14377845143
2024-03-14,Validation,0.2,129191.02705059982
2024-03-15,Validation,0.2,128474.58328081724
2024-03-18,Validation,0.2,129100.15313881602
2024-03-19,Validation,0.2,129688.87287215677
2024-03-20,Validation,0.2,130670.66433014185
2024-03-21,Validation,0.2,131028.04229373876
2024-03-22,Validation,0.2,130830.58600051048
2024-03-25,Validation,0.2,130541.00267900077
2024-03-26,Validation,0.2,130299.89726204357
2024-03-27,Validation,0.2,131394.91769739083
2024-03-28,Validation,0.2,131369.80254979114
2024-04-01,Validation,0.2,131188.7407813124
2024-04-02,Validation,0.2,130514.26338692718
2024-04-03,Validation,0.2,130636.18388133011
2024-04-04,Validation,0.2,129343.41677060664
2024-04-05,Validation,0.2,130446.00224101548
2024-04-08,Validation,0.2,130518.97128341252
2024-04-09,Validation,0.2,130669.94171595814
2024-04-10,Validation,0.2,129610.61579878081
2024-04-11,Validation,0.2,130410.23257031548
2024-04-12,Validation,0.2,128951.68690234076
2024-04-15,Validation,0.2,127646.68930794983
2024-04-16,Validation,0.2,127463.60911894808
2024-04-17,Validation,0.2,126709.25177147232
2024-04-18,Validation,0.2,126448.51752049917
2024-04-19,Validation,0.2,125344.82690472926
2024-04-22,Validation,0.2,126499.14553039687
2024-04-23,Validation,0.2,128000.26602386372
2024-04-24,Validation,0.2,127939.51241198649
2024-04-25,Validation,0.2,127551.7432190228
2024-04-26,Validation,0.2,128533.60412040062
2024-04-29,Validation,0.2,128907.41059782132
2024-04-30,Validation,0.2,127258.50298944055
2024-05-01,Validation,0.2,126930.10016435465
2024-05-02,Validation,0.2,128117.3348376217
2024-05-03,Validation,0.2,129705.38805442766
2024-05-06,Validation,0.2,131044.83230119053
2024-05-07,Validation,0.2,131166.99696958924
2024-05-08,Validation,0.2,131182.7036130695
2024-05-09,Validation,0.2,131798.27816831353
2024-05-10,Validation,0.2,131940.93939529764
2024-05-13,Validation,0.2,131960.7441800776
2024-05-14,Validation,0.2,132455.5119526633
2024-05-15,Validation,0.2,133787.63356725665
2024-05-16,Validation,0.2,133569.9559771804
2024-05-17,Validation,0.2,133731.0387282283
2024-05-20,Validation,0.2,133861.40322720012
2024-05-21,Validation,0.2,134133.03209070215
2024-05-22,Validation,0.2,133825.27837457467
2024-05-23,Validation,0.2,133038.46947034996
2024-05-24,Validation,0.2,133756.42171129465
2024-05-28,Validation,0.2,133837.66718897584
2024-05-29,Validation,0.2,133083.618535446
2024-05-30,Validation,0.2,132374.61150692575
2024-05-31,Validation,0.2,133354.62194562223
2024-06-03,Validation,0.2,133448.2163866783
2024-06-04,Validation,0.2,133574.56872512042
2024-06-05,Validation,0.2,134865.82161078698
2024-06-06,Validation,0.2,134869.3287560178
2024-06-07,Validation,0.2,134741.8204814176
2024-06-10,Validation,0.2,135085.19069079566
2024-06-11,Validation,0.2,135354.85959119562
2024-06-12,Validation,0.2,136263.274867997
2024-06-13,Validation,0.2,136491.99026504316
2024-06-14,Validation,0.2,136565.11265126598
2024-06-17,Validation,0.2,137455.11603950214
2024-06-18,Validation,0.2,137745.24376234927
2024-06-20,Validation,0.2,137085.6296325978
2024-06-21,Validation,0.2,136941.52304211064
2024-06-24,Validation,0.2,136496.37695519847
2024-06-25,Validation,0.2,137022.00143070493
2024-06-26,Validation,0.2,137193.01800646778
2024-06-27,Validation,0.2,137409.30367581494
2024-06-28,Validation,0.2,136974.69221029518
2024-07-01,Validation,0.2,137209.5364444537
2024-07-02,Validation,0.2,137966.44145897788
2024-07-03,Validation,0.2,138473.5779983199
2024-07-05,Validation,0.2,139130.1579433587
2024-07-08,Validation,0.2,139266.7268051807
2024-07-09,Validation,0.2,139382.82394324342
2024-07-10,Validation,0.2,140514.37934040508
2024-07-11,Validation,0.2,139529.0152255684
2024-07-12,Validation,0.2,140253.13134481624
2024-07-15,Validation,0.2,140638.83434356804
2024-07-16,Validation,0.2,141472.8544642456
2024-07-17,Validation,0.2,139489.23904209354
2024-07-18,Validation,0.2,138618.48547494144
2024-07-19,Validation,0.2,137697.97405436996
2024-07-22,Validation,0.2,139117.61837056465
2024-07-23,Validation,0.2,138899.4044915736
2024-07-24,Validation,0.2,136335.5219831098
2024-07-25,Validation,0.2,135763.64607519173
2024-07-26,Validation,0.2,137284.15049716274
2024-07-29,Validation,0.2,137364.84061574165
2024-07-30,Validation,0.2,136668.8883429987
2024-07-31,Validation,0.2,138890.38817012377
2024-08-01,Validation,0.2,136923.5665297633
2024-08-02,Validation,0.2,134859.16005625852
2024-08-05,Validation,0.2,131687.2308298997
2024-08-06,Validation,0.2,132669.2489332441
2024-08-07,Validation,0.2,131960.20462507338
2024-08-08,Validation,0.2,134420.37019552937
2024-08-09,Validation,0.2,135013.1218515315
2024-08-12,Validation,0.2,135075.92292858876
2024-08-13,Validation,0.2,136876.86618120273
2024-08-14,Validation,0.2,137232.42211437997
2024-08-15,Validation,0.2,139145.9893251184
2024-08-16,Validation,0.2,139405.33511084237
2024-08-19,Validation,0.2,140495.8622200666
2024-08-20,Validation,0.2,140315.00128798294
2024-08-21,Validation,0.2,140713.4943910539
2024-08-22,Validation,0.2,139818.12037781233
2024-08-23,Validation,0.2,141033.47513985663
2024-08-26,Validation,0.2,140764.53370029188
2024-08-27,Validation,0.2,140927.56179148584
2024-08-28,Validation,0.2,140265.51153792805
2024-08-29,Validation,0.2,140281.1265004803
2024-08-30,Validation,0.2,141377.7026879998
2022-09-06,Validation,0.3,100003.61904761905
2022-09-07,Validation,0.3,101264.82364134621
2022-09-08,Validation,0.3,101734.22641546886
2022-09-09,Validation,0.3,102852.13333558623
2022-09-12,Validation,0.3,103638.74243269394
2022-09-13,Validation,0.3,100441.45191843936
2022-09-14,Validation,0.3,100714.0190592406
2022-09-15,Validation,0.3,99163.1354672194
2022-09-16,Validation,0.3,98406.73387856262
2022-09-19,Validation,0.3,99169.8735566851
2022-09-20,Validation,0.3,98031.54480604087
2022-09-21,Validation,0.3,96835.15846777211
2022-09-22,Validation,0.3,96271.10689239888
2022-09-23,Validation,0.3,94658.09892859323
2022-09-26,Validation,0.3,93721.67963222123
2022-09-27,Validation,0.3,93482.42964715917
2022-09-28,Validation,0.3,95321.82469360417
2022-09-29,Validation,0.3,93330.6473985714
2022-09-30,Validation,0.3,92329.42779355047
2022-10-03,Validation,0.3,94022.59177876446
2022-10-04,Validation,0.3,96936.03288131693
2022-10-05,Validation,0.3,96782.404304421
2022-10-06,Validation,0.3,96089.57062798124
2022-10-07,Validation,0.3,94228.74555532412
2022-10-10,Validation,0.3,93736.53603727417
2022-10-11,Validation,0.3,93332.36002942707
2022-10-12,Validation,0.3,93125.27135913122
2022-10-13,Validation,0.3,94815.36016182542
2022-10-14,Validation,0.3,93325.77175007157
2022-10-17,Validation,0.3,94976.660504294
2022-10-18,Validation,0.3,95753.43739842837
2022-10-19,Validation,0.3,95287.03154612867
2022-10-20,Validation,0.3,94738.24616983187
2022-10-21,Validation,0.3,96333.74450049944
2022-10-24,Validation,0.3,97512.53247189138
2022-10-25,Validation,0.3,98601.18775235838
2022-10-26,Validation,0.3,98086.52263400926
2022-10-27,Validation,0.3,97725.9405950587
2022-10-28,Validation,0.3,99350.26823173235
2022-10-31,Validation,0.3,98632.63352469628
2022-11-01,Validation,0.3,98334.83316157767
2022-11-02,Validation,0.3,96611.08274520292
2022-11-03,Validation,0.3,95924.57776370646
2022-11-04,Validation,0.3,97305.23393269975
2022-11-07,Validation,0.3,98236.01337247048
2022-11-08,Validation,0.3,98608.37099177255
2022-11-09,Validation,0.3,97203.69160510716
2022-11-10,Validation,0.3,100891.89701091335
2022-11-11,Validation,0.3,101868.37740459369
2022-11-14,Validation,0.3,101266.3486230994
2022-11-15,Validation,0.3,101875.25794118976
2022-11-16,Validation,0.3,101335.90509433883
2022-11-17,Validation,0.3,101124.3758480092
2022-11-18,Validation,0.3,101450.28597463277
2022-11-21,Validation,0.3,101197.66571515331
2022-11-22,Validation,0.3,102154.2163888264
2022-11-23,Validation,0.3,102610.97272192889
2022-11-25,Validation,0.3,102600.191682794
2022-11-28,Validation,0.3,101455.46746948619
2022-11-29,Validation,0.3,101338.9604782761
2022-11-30,Validation,0.3,103574.5254111926
2022-12-01,Validation,0.3,103526.03213477218
2022-12-02,Validation,0.3,103447.09840736103
2022-12-05,Validation,0.3,102141.09391961034
2022-12-06,Validation,0.3,101114.55789339368
2022-12-07,Validation,0.3,100999.73863313609
2022-12-08,Validation,0.3,101556.67596483123
2022-12-09,Validation,0.3,101031.65651430146
2022-12-12,Validation,0.3,102052.68461885757
2022-12-13,Validation,0.3,102825.21026755779
2022-12-14,Validation,0.3,102370.12053224962
2022-12-15,Validation,0.3,100306.13309746834
2022-12-16,Validation,0.3,99491.20395036806
2022-12-19,Validation,0.3,98647.55218310555
2022-12-20,Validation,0.3,98782.53646586757
2022-12-21,Validation,0.3,100259.57602147482
2022-12-22,Validation,0.3,98829.26179451594
2022-12-23,Validation,0.3,99226.8490005376
2022-12-27,Validation,0.3,98961.77205427727
2022-12-28,Validation,0.3,98118.08003724877
2022-12-29,Validation,0.3,99338.04761500642
2022-12-30,Validation,0.3,99076.38626488345
2023-01-03,Validation,0.3,98793.46901112283
2023-01-04,Validation,0.3,99325.65531926311
2023-01-05,Validation,0.3,98546.68528871196
2023-01-06,Validation,0.3,100110.85465644505
2023-01-09,Validation,0.3,100054.10247126567
2023-01-10,Validation,0.3,100547.09669246955
2023-01-11,Validation,0.3,101437.76641566839
2023-01-12,Validation,0.3,101701.38107548853
2023-01-13,Validation,0.3,101982.92272934892
2023-01-17,Validation,0.3,101857.87053545892
2023-01-18,Validation,0.3,100738.57872420122
2023-01-19,Validation,0.3,100233.75591310568
2023-01-20,Validation,0.3,102101.01711321605
2023-01-23,Validation,0.3,103326.08488953153
2023-01-24,Validation,0.3,103254.96637286764
2023-01-25,Validation,0.3,103287.74905544578
2023-01-26,Validation,0.3,104081.8571996144
2023-01-27,Validation,0.3,104254.38233484502
2023-01-30,Validation,0.3,103348.484749058
2023-01-31,Validation,0.3,104409.4994285646
2023-02-01,Validation,0.3,105519.14575195417
2023-02-02,Validation,0.3,106596.29590075822
2023-02-03,Validation,0.3,105808.6703164629
2023-02-06,Validation,0.3,105363.2122697323
2023-02-07,Validation,0.3,106329.36348703584
2023-02-08,Validation,0.3,105522.06141035412
2023-02-09,Validation,0.3,104890.37919344702
2023-02-10,Validation,0.3,105066.63627603369
2023-02-13,Validation,0.3,105930.81015256021
2023-02-14,Validation,0.3,105902.86481691402
2023-02-15,Validation,0.3,106148.98922715505
2023-02-16,Validation,0.3,105134.04611126805
2023-02-17,Validation,0.3,104957.47043603878
2023-02-21,Validation,0.3,102851.92966733467
2023-02-22,Validation,0.3,102710.18579673648
2023-02-23,Validation,0.3,103256.54398886045
2023-02-24,Validation,0.3,102153.51895947813
2023-02-27,Validation,0.3,102401.39933599159
2023-02-28,Validation,0.3,102144.09910964455
2023-03-01,Validation,0.3,101877.86787629133
2023-03-02,Validation,0.3,102670.19967540016
2023-03-03,Validation,0.3,104316.8045217566
2023-03-06,Validation,0.3,104373.20608895666
2023-03-07,Validation,0.3,103268.93337629994
2023-03-08,Validation,0.3,103391.78319217921
2023-03-09,Validation,0.3,101484.2239715474
2023-03-10,Validation,0.3,100019.86125462217
2023-03-13,Validation,0.3,99877.31267155864
2023-03-14,Validation,0.3,101528.28444267611
2023-03-15,Validation,0.3,100893.29529993862
2023-03-16,Validation,0.3,101852.85141318825
2023-03-17,Validation,0.3,101031.93387774922
2023-03-20,Validation,0.3,101709.6512019155
2023-03-21,Validation,0.3,102641.7086352314
2023-03-22,Validation,0.3,101429.4966281229
2023-03-23,Validation,0.3,101625.23687770822
2023-03-24,Validation,0.3,102292.10645357738
2023-03-27,Validation,0.3,102483.37912262515
2023-03-28,Validation,0.3,102253.33496660825
2023-03-29,Validation,0.3,103289.35732751257
2023-03-30,Validation,0.3,103716.52309492108
2023-03-31,Validation,0.3,104741.86178701583
2023-04-03,Validation,0.3,105027.42364150618
2023-04-04,Validation,0.3,104625.07148916642
2023-04-05,Validation,0.3,104439.45266959957
2023-04-06,Validation,0.3,104730.40468437283
2023-04-10,Validation,0.3,104811.9783471849
2023-04-11,Validation,0.3,104837.97058214186
2023-04-12,Validation,0.3,104545.07332094706
2023-04-13,Validation,0.3,105522.36619888169
2023-04-14,Validation,0.3,105347.85237415892
2023-04-17,Validation,0.3,105619.48109224871
2023-04-18,Validation,0.3,105674.34157940725
2023-04-19,Validation,0.3,105668.24649785395
2023-04-20,Validation,0.3,105269.79035082665
2023-04-21,Validation,0.3,105333.53676437304
2023-04-24,Validation,0.3,105417.06466063132
2023-04-25,Validation,0.3,104250.11003269385
2023-04-26,Validation,0.3,103948.44368821794
2023-04-27,Validation,0.3,106017.84959308032
2023-04-28,Validation,0.3,106922.73267197667
2023-05-01,Validation,0.3,106854.2732801027
2023-05-02,Validation,0.3,106024.43982788557
2023-05-03,Validation,0.3,105526.03897971787
2023-05-04,Validation,0.3,105015.09987806252
2023-05-05,Validation,0.3,106959.199917767
2023-05-08,Validation,0.3,106987.71338501599
2023-05-09,Validation,0.3,106670.41137351943
2023-05-10,Validation,0.3,107021.23030400097
2023-05-11,Validation,0.3,106834.58797429554
2023-05-12,Validation,0.3,106744.72974055278
2023-05-15,Validation,0.3,107005.93119349994
2023-05-16,Validation,0.3,106518.36304831752
2023-05-17,Validation,0.3,107417.36445885383
2023-05-18,Validation,0.3,108452.13906048528
2023-05-19,Validation,0.3,108349.8661149753
2023-05-22,Validation,0.3,108387.46796431087
2023-05-23,Validation,0.3,107552.58940434575
2023-05-24,Validation,0.3,107022.28682555113
2023-05-25,Validation,0.3,107949.08957214911
2023-05-26,Validation,0.3,109347.10382755111
2023-05-30,Validation,0.3,109383.27725742389
2023-05-31,Validation,0.3,108973.3578870318
2023-06-01,Validation,0.3,109691.98303989868
2023-06-02,Validation,0.3,110792.17394952512
2023-06-05,Validation,0.3,110652.67671970815
2023-06-06,Validation,0.3,110826.64565218275
2023-06-07,Validation,0.3,110568.86627584108
2023-06-08,Validation,0.3,111038.33490587749
2023-06-09,Validation,0.3,111183.55159263582
2023-06-12,Validation,0.3,111889.51273317166
2023-06-13,Validation,0.3,112409.11757633208
2023-06-14,Validation,0.3,112509.5408354798
2023-06-15,Validation,0.3,113194.2071022524
2023-06-16,Validation,0.3,112932.4553658912
2023-06-20,Validation,0.3,112531.33732414013
2023-06-21,Validation,0.3,112137.39994864445
2023-06-22,Validation,0.3,112425.98026670811
2023-06-23,Validation,0.3,111842.17324203998
2023-06-26,Validation,0.3,111532.57135023293
2023-06-27,Validation,0.3,112387.28713725843
2023-06-28,Validation,0.3,112443.97421608135
2023-06-29,Validation,0.3,112759.51687635624
2023-06-30,Validation,0.3,113693.04674914212
2023-07-03,Validation,0.3,113791.8083196465
2023-07-05,Validation,0.3,113680.97992270325
2023-07-06,Validation,0.3,113066.80231310015
2023-07-07,Validation,0.3,112875.39220577659
2023-07-10,Validation,0.3,113081.69750213595
2023-07-11,Validation,0.3,113590.76141285818
2023-07-12,Validation,0.3,114235.94465536682
2023-07-13,Validation,0.3,114877.5467535575
2023-07-14,Validation,0.3,114834.87022357501
2023-07-17,Validation,0.3,115121.80940900123
2023-07-18,Validation,0.3,115729.40740569746
2023-07-19,Validation,0.3,115917.82390283041
2023-07-20,Validation,0.3,115384.3155288647
2023-07-21,Validation,0.3,115391.81946129595
2023-07-24,Validation,0.3,115761.19761953132
2023-07-25,Validation,0.3,115990.84971174598
2023-07-26,Validation,0.3,116010.91188324773
2023-07-27,Validation,0.3,115477.43900183393
2023-07-28,Validation,0.3,116278.5601935892
2023-07-31,Validation,0.3,116441.99242115165
2023-08-01,Validation,0.3,116214.89161821797
2023-08-02,Validation,0.3,115084.92283909275
2023-08-03,Validation,0.3,114861.4081237563
2023-08-04,Validation,0.3,114341.91641514917
2023-08-07,Validation,0.3,115339.95467306435
2023-08-08,Validation,0.3,114838.37647165058
2023-08-09,Validation,0.3,114070.65473479274
2023-08-10,Validation,0.3,114111.59989409184
2023-08-11,Validation,0.3,114045.0640102308
2023-08-14,Validation,0.3,114674.59583445423
2023-08-15,Validation,0.3,113338.7600123216
2023-08-16,Validation,0.3,112764.06287181591
2023-08-17,Validation,0.3,112171.4535774489
2023-08-18,Validation,0.3,112225.44520056943
2023-08-21,Validation,0.3,112955.61762753304
2023-08-22,Validation,0.3,112649.66509651659
2023-08-23,Validation,0.3,113531.40948830129
2023-08-24,Validation,0.3,112439.06735722926
2023-08-25,Validation,0.3,112998.42077511888
2023-08-28,Validation,0.3,113714.98234514087
2023-08-29,Validation,0.3,115358.70781042434
2023-08-30,Validation,0.3,115697.81278308766
2023-08-31,Validation,0.3,115587.2828489419
2023-09-01,Validation,0.3,115745.4201863317
2023-09-05,Validation,0.3,115403.79164857537
2023-09-06,Validation,0.3,114870.48704844493
2023-09-07,Validation,0.3,114517.80772601123
2023-09-08,Validation,0.3,114690.28593479267
2023-09-11,Validation,0.3,115444.55631050856
2023-09-12,Validation,0.3,114811.27811110206
2023-09-13,Validation,0.3,114912.12007743328
2023-09-14,Validation,0.3,115325.88752696895
2023-09-15,Validation,0.3,114365.0257380322
2023-09-18,Validation,0.3,114419.29688616603
2023-09-19,Validation,0.3,114182.01412094443
2023-09-20,Validation,0.3,113132.29580088783
2023-09-21,Validation,0.3,111262.40444452172
2023-09-22,Validation,0.3,111012.22587684238
2023-09-25,Validation,0.3,111479.05392581104
2023-09-26,Validation,0.3,109841.28701368345
2023-09-27,Validation,0.3,109885.13274203964
2023-09-28,Validation,0.3,110522.18538344989
2023-09-29,Validation,0.3,110253.95269232978
2023-10-02,Validation,0.3,110231.00950004371
2023-10-03,Validation,0.3,109213.85158385737
2023-10-04,Validation,0.3,109771.30578351408
2023-10-05,Validation,0.3,109750.14562257244
2023-10-06,Validation,0.3,110660.53194987464
2023-10-09,Validation,0.3,111160.69373373727
2023-10-10,Validation,0.3,111571.26139264555
2023-10-11,Validation,0.3,111897.63582050356
2023-10-12,Validation,0.3,111428.66557556119
2023-10-13,Validation,0.3,111049.25266910101
2023-10-16,Validation,0.3,111870.05324976722
2023-10-17,Validation,0.3,111873.99920958224
2023-10-18,Validation,0.3,110840.72390874944
2023-10-19,Validation,0.3,110171.08720152055
2023-10-20,Validation,0.3,109239.8837404096
2023-10-23,Validation,0.3,109050.55086182631
2023-10-24,Validation,0.3,109872.7224030716
2023-10-25,Validation,0.3,108295.8129485696
2023-10-26,Validation,0.3,107407.55291873976
2023-10-27,Validation,0.3,106920.69769159627
2023-10-30,Validation,0.3,108199.01810083394
2023-10-31,Validation,0.3,108878.53261572406
2023-11-01,Validation,0.3,109684.99539409953
2023-11-02,Validation,0.3,111143.48203782686
2023-11-03,Validation,0.3,111854.95100525393
2023-11-06,Validation,0.3,112041.58746440889
2023-11-07,Validation,0.3,112271.20523028502
2023-11-08,Validation,0.3,112336.00411007312
2023-11-09,Validation,0.3,111732.61955786878
2023-11-10,Validation,0.3,112952.84890605535
2023-11-13,Validation,0.3,112845.17954643902
2023-11-14,Validation,0.3,114382.46434661525
2023-11-15,Validation,0.3,114560.10616675549
2023-11-16,Validation,0.3,114666.06739981477
2023-11-17,Validation,0.3,114773.80814239033
2023-11-20,Validation,0.3,115402.8963469305
2023-11-21,Validation,0.3,115233.01681179632
2023-11-22,Validation,0.3,115553.99078754256
2023-11-24,Validation,0.3,115611.63341609326
2023-11-27,Validation,0.3,115472.1582314192
2023-11-28,Validation,0.3,115560.16300721747
2023-11-29,Validation,0.3,115510.20602286981
2023-11-30,Validation,0.3,115838.23200146493
2023-12-01,Validation,0.3,116329.2481881883
2023-12-04,Validation,0.3,115904.91089766413
2023-12-05,Validation,0.3,115896.1620463469
2023-12-06,Validation,0.3,115573.92313242871
2023-12-07,Validation,0.3,116202.89553542864
2023-12-08,Validation,0.3,116702.469339424
2023-12-11,Validation,0.3,117030.56379286063
2023-12-12,Validation,0.3,117415.97044999033
2023-12-13,Validation,0.3,118569.85391675259
2023-12-14,Validation,0.3,118506.2903771335
2023-12-15,Validation,0.3,118375.0529189859
2023-12-18,Validation,0.3,118855.40918045168
2023-12-19,Validation,0.3,119376.92797040475
2023-12-20,Validation,0.3,118205.6070209925
2023-12-21,Validation,0.3,119008.36218112991
2023-12-22,Validation,0.3,119247.53701521512
2023-12-26,Validation,0.3,119751.06298171026
2023-12-27,Validation,0.3,119912.57886305511
2023-12-28,Validation,0.3,119952.29616398385
2023-12-29,Validation,0.3,119712.49109140498
2024-01-02,Validation,0.3,119243.47315154615
2024-01-03,Validation,0.3,118559.51856610218
2024-01-04,Validation,0.3,118296.54012682984
2024-01-05,Validation,0.3,118418.69649035801
2024-01-08,Validation,0.3,120109.23524175909
2024-01-09,Validation,0.3,119927.02148412305
2024-01-10,Validation,0.3,120414.70292873937
2024-01-11,Validation,0.3,120384.67693840915
2024-01-12,Validation,0.3,120451.37325214173
2024-01-16,Validation,0.3,120145.46397841828
2024-01-17,Validation,0.3,119680.15127582448
2024-01-18,Validation,0.3,120440.11692291952
2024-01-19,Validation,0.3,121511.78448695064
2024-01-22,Validation,0.3,121702.10821437837
2024-01-23,Validation,0.3,121962.28351644965
2024-01-24,Validation,0.3,122064.80501033674
2024-01-25,Validation,0.3,122545.30950981435
2024-01-26,Validation,0.3,122441.8254726007
2024-01-29,Validation,0.3,123140.85383522286
2024-01-30,Validation,0.3,123080.33832176699
2024-01-31,Validation,0.3,121653.00080790251
2024-02-01,Validation,0.3,122792.71374765897
2024-02-02,Validation,0.3,124085.40073825678
2024-02-05,Validation,0.3,123770.59362069255
2024-02-06,Validation,0.3,124034.43238022098
2024-02-07,Validation,0.3,124780.14015285892
2024-02-08,Validation,0.3,124827.22513299933
2024-02-09,Validation,0.3,125350.8190889494
2024-02-12,Validation,0.3,125319.07250956737
2024-02-13,Validation,0.3,124090.71337488735
2024-02-14,Validation,0.3,124902.71050799446
2024-02-15,Validation,0.3,125526.6142988112
2024-02-16,Validation,0.3,125086.45361419197
2024-02-20,Validation,0.3,124601.51006598856
2024-02-21,Validation,0.3,124689.81006463173
2024-02-22,Validation,0.3,126540.84466240028
2024-02-23,Validation,0.3,126611.26245106784
2024-02-26,Validation,0.3,126285.80087492145
2024-02-27,Validation,0.3,126461.89934080752
2024-02-28,Validation,0.3,126294.75698869117
2024-02-29,Validation,0.3,126748.78546757437
2024-03-01,Validation,0.3,127938.73922816392
2024-03-04,Validation,0.3,127848.05658741048
2024-03-05,Validation,0.3,126938.700265812
2024-03-06,Validation,0.3,127406.9175551198
2024-03-07,Validation,0.3,128321.1903883469
2024-03-08,Validation,0.3,127775.47516453647
2024-03-11,Validation,0.3,127704.50622984555
2024-03-12,Validation,0.3,128697.61925647924
2024-03-13,Validation,0.3,128560.37264382614
2024-03-14,Validation,0.3,128099.79423543497
2024-03-15,Validation,0.3,127476.18037726026
2024-03-18,Validation,0.3,128026.82915545502
2024-03-19,Validation,0.3,128545.23478678976
2024-03-20,Validation,0.3,129407.57291040366
2024-03-21,Validation,0.3,129723.55591680836
2024-03-22,Validation,0.3,129554.04769766403
2024-03-25,Validation,0.3,129303.92903641495
2024-03-26,Validation,0.3,129065.1084583228
2024-03-27,Validation,0.3,130149.75191715799
2024-03-28,Validation,0.3,130124.87477360675
2024-04-01,Validation,0.3,129969.72187930813
2024-04-02,Validation,0.3,129382.81897229371
2024-04-03,Validation,0.3,129492.76492016284
2024-04-04,Validation,0.3,128364.85388965954
2024-04-05,Validation,0.3,129332.88912260416
2024-04-08,Validation,0.3,129405.23551043967
2024-04-09,Validation,0.3,129554.9176921683
2024-04-10,Validation,0.3,128631.29886451372
2024-04-11,Validation,0.3,129334.25560130183
2024-04-12,Validation,0.3,128061.32091549292
2024-04-15,Validation,0.3,126922.7415061974
2024-04-16,Validation,0.3,126765.84053889912
2024-04-17,Validation,0.3,126015.61273756469
2024-04-18,Validation,0.3,125756.30581294242
2024-04-19,Validation,0.3,124658.65708347326
2024-04-22,Validation,0.3,125806.65667209239
2024-04-23,Validation,0.3,127299.5596458887
2024-04-24,Validation,0.3,127239.13861490876
2024-04-25,Validation,0.3,126903.15992015053
2024-04-26,Validation,0.3,127765.60220885355
2024-04-29,Validation,0.3,128095.99152371529
2024-04-30,Validation,0.3,126656.5128012864
2024-05-01,Validation,0.3,126372.47648258477
2024-05-02,Validation,0.3,127554.49544918514
2024-05-03,Validation,0.3,129135.57210109077
2024-05-06,Validation,0.3,130469.13196084504
2024-05-07,Validation,0.3,130579.44416970779
2024-05-08,Validation,0.3,130596.60634600409
2024-05-09,Validation,0.3,131138.65995899093
2024-05-10,Validation,0.3,131266.92142788344
2024-05-13,Validation,0.3,131287.6717005596
2024-05-14,Validation,0.3,131724.00904886395
2024-05-15,Validation,0.3,132893.03802618437
2024-05-16,Validation,0.3,132705.9934396164
2024-05-17,Validation,0.3,132850.37117454127
2024-05-20,Validation,0.3,132967.86489812436
2024-05-21,Validation,0.3,133208.96568134954
2024-05-22,Validation,0.3,132943.10744823722
2024-05-23,Validation,0.3,132258.0829546292
2024-05-24,Validation,0.3,132889.7252069256
2024-05-28,Validation,0.3,132964.2497854087
2024-05-29,Validation,0.3,132307.89274328566
2024-05-30,Validation,0.3,131690.9478674108
2024-05-31,Validation,0.3,132551.89401987666
2024-06-03,Validation,0.3,132637.26469671313
2024-06-04,Validation,0.3,132751.29929507134
2024-06-05,Validation,0.3,133884.61633469822
2024-06-06,Validation,0.3,133891.1566103293
2024-06-07,Validation,0.3,133783.06545444287
2024-06-10,Validation,0.3,134086.9937340131
2024-06-11,Validation,0.3,134326.43413037003
2024-06-12,Validation,0.3,135124.7720624623
2024-06-13,Validation,0.3,135328.3733594851
2024-06-14,Validation,0.3,135395.83153191995
2024-06-17,Validation,0.3,136178.0676512278
2024-06-18,Validation,0.3,136435.4007034072
2024-06-20,Validation,0.3,135861.71039218665
2024-06-21,Validation,0.3,135739.0836214114
2024-06-24,Validation,0.3,135297.84621895803
2024-06-25,Validation,0.3,135818.8553551883
2024-06-26,Validation,0.3,135988.3702894642
2024-06-27,Validation,0.3,136202.75682398953
2024-06-28,Validation,0.3,135825.94454944824
2024-07-01,Validation,0.3,136034.90042878516
2024-07-02,Validation,0.3,136700.66024353897
2024-07-03,Validation,0.3,137147.87339526875
2024-07-05,Validation,0.3,137725.84393725116
2024-07-08,Validation,0.3,137848.80553175506
2024-07-09,Validation,0.3,137953.85511846835
2024-07-10,Validation,0.3,138947.43143255453
2024-07-11,Validation,0.3,138088.6912281571
2024-07-12,Validation,0.3,138725.74062455364
2024-07-15,Validation,0.3,139107.24322381758
2024-07-16,Validation,0.3,139932.1806624857
2024-07-17,Validation,0.3,137970.16729484263
2024-07-18,Validation,0.3,137211.6876760215
2024-07-19,Validation,0.3,136300.51825219675
2024-07-22,Validation,0.3,137705.75502027528
2024-07-23,Validation,0.3,137489.7557290689
2024-07-24,Validation,0.3,135249.7769863342
2024-07-25,Validation,0.3,134752.79841977908
2024-07-26,Validation,0.3,136261.98170848336
2024-07-29,Validation,0.3,136342.07103723715
2024-07-30,Validation,0.3,135651.3005767357
2024-07-31,Validation,0.3,137856.25990898852
2024-08-01,Validation,0.3,135904.08252061484
2024-08-02,Validation,0.3,134101.10573082036
2024-08-05,Validation,0.3,131329.0855733376
2024-08-06,Validation,0.3,132191.7636649905
2024-08-07,Validation,0.3,131574.76286963993
2024-08-08,Validation,0.3,133730.82144131325
2024-08-09,Validation,0.3,134320.53240366635
2024-08-12,Validation,0.3,134378.90640127702
2024-08-13,Validation,0.3,135958.14910290242
2024-08-14,Validation,0.3,136272.67862146243
2024-08-15,Validation,0.3,137950.4815821089
2024-08-16,Validation,0.3,138180.835095376
2024-08-19,Validation,0.3,139138.4601332527
2024-08-20,Validation,0.3,138983.60849354672
2024-08-21,Validation,0.3,139335.67305346587
2024-08-22,Validation,0.3,138555.61745892852
2024-08-23,Validation,0.3,139622.43095116067
2024-08-26,Validation,0.3,139390.47953498072
2024-08-27,Validation,0.3,139536.49572233984
2024-08-28,Validation,0.3,138960.55617985758
2024-08-29,Validation,0.3,138977.5808347618
2024-08-30,Validation,0.3,139940.44081672686
2022-09-06,Validation,0.5,100006.03174603176
2022-09-07,Validation,0.5,100910.37331564321
2022-09-08,Validation,0.5,101249.13124044007
2022-09-09,Validation,0.5,102051.12951775033
2022-09-12,Validation,0.5,102616.5890103025
2022-09-13,Validation,0.5,100336.53116853212
2022-09-14,Validation,0.5,100534.89817956829
2022-09-15,Validation,0.5,98986.77284936472
2022-09-16,Validation,0.5,98231.71652841954
2022-09-19,Validation,0.5,98993.49895507161
2022-09-20,Validation,0.5,97857.19473337653
2022-09-21,Validation,0.5,97006.28912404303
2022-09-22,Validation,0.5,96607.02958880892
2022-09-23,Validation,0.5,94988.39329058371
2022-09-26,Validation,0.5,94048.706508201
2022-09-27,Validation,0.5,93808.62169841639
2022-09-28,Validation,0.5,95654.4350209539
2022-09-29,Validation,0.5,93656.30982984339
2022-09-30,Validation,0.5,92944.71971119434
2022-10-03,Validation,0.5,94157.82903175862
2022-10-04,Validation,0.5,97075.46067792425
2022-10-05,Validation,0.5,96969.54782985103
2022-10-06,Validation,0.5,96478.48900684969
2022-10-07,Validation,0.5,95153.1400910979
2022-10-10,Validation,0.5,94805.37423621172
2022-10-11,Validation,0.5,94520.73312305476
2022-10-12,Validation,0.5,94376.9024307082
2022-10-13,Validation,0.5,95588.29860116566
2022-10-14,Validation,0.5,94528.51950497307
2022-10-17,Validation,0.5,95712.11595633267
2022-10-18,Validation,0.5,96271.42490620787
2022-10-19,Validation,0.5,95942.78008225525
2022-10-20,Validation,0.5,95555.315595777
2022-10-21,Validation,0.5,96699.48306298477
2022-10-24,Validation,0.5,97882.74639470207
2022-10-25,Validation,0.5,98664.99524905125
2022-10-26,Validation,0.5,98301.98239527016
2022-10-27,Validation,0.5,98049.05204782619
2022-10-28,Validation,0.5,99213.97112563437
2022-10-31,Validation,0.5,98497.32093062374
2022-11-01,Validation,0.5,98289.314012941
2022-11-02,Validation,0.5,97062.76100213043
2022-11-03,Validation,0.5,96577.13177289531
2022-11-04,Validation,0.5,97967.18024508544
2022-11-07,Validation,0.5,98904.29157465181
2022-11-08,Validation,0.5,99175.14181230185
2022-11-09,Validation,0.5,98176.69213674069
2022-11-10,Validation,0.5,100816.00673893825
2022-11-11,Validation,0.5,101791.75262999893
2022-11-14,Validation,0.5,101366.73144625143
2022-11-15,Validation,0.5,101806.6323450853
2022-11-16,Validation,0.5,101426.35835578466
2022-11-17,Validation,0.5,101280.24493452108
2022-11-18,Validation,0.5,101518.04068758103
2022-11-21,Validation,0.5,101342.6820164692
2022-11-22,Validation,0.5,102031.00622759838
2022-11-23,Validation,0.5,102362.3353670665
2022-11-25,Validation,0.5,102359.72166192626
2022-11-28,Validation,0.5,101547.14943689402
2022-11-29,Validation,0.5,101468.98435736842
2022-11-30,Validation,0.5,103070.85998941219
2022-12-01,Validation,0.5,103041.22017343799
2022-12-02,Validation,0.5,102989.84958226871
2022-12-05,Validation,0.5,102062.02383401126
2022-12-06,Validation,0.5,101333.83083573256
2022-12-07,Validation,0.5,101256.77256408136
2022-12-08,Validation,0.5,101659.52971993657
2022-12-09,Validation,0.5,101289.49610813303
2022-12-12,Validation,0.5,102023.86393039543
2022-12-13,Validation,0.5,102796.1714102044
2022-12-14,Validation,0.5,102476.15031895907
2022-12-15,Validation,0.5,101006.92910041427
2022-12-16,Validation,0.5,100429.85829172988
2022-12-19,Validation,0.5,99578.24705305186
2022-12-20,Validation,0.5,99714.50485124036
2022-12-21,Validation,0.5,101205.47960449509
2022-12-22,Validation,0.5,99761.67101215175
2022-12-23,Validation,0.5,100050.68548235095
2022-12-27,Validation,0.5,99866.50820592944
2022-12-28,Validation,0.5,99269.03536422756
2022-12-29,Validation,0.5,100145.59442300435
2022-12-30,Validation,0.5,99881.80595448978
2023-01-03,Validation,0.5,99684.95560269886
2023-01-04,Validation,0.5,100070.34613127945
2023-01-05,Validation,0.5,99519.32449336798
2023-01-06,Validation,0.5,100641.98640918754
2023-01-09,Validation,0.5,100584.93312891024
2023-01-10,Validation,0.5,100942.53720761852
2023-01-11,Validation,0.5,101584.18468534216
2023-01-12,Validation,0.5,101777.86735702181
2023-01-13,Validation,0.5,101984.36758163743
2023-01-17,Validation,0.5,101900.49088287751
2023-01-18,Validation,0.5,101106.4209159453
2023-01-19,Validation,0.5,100751.28152235463
2023-01-20,Validation,0.5,102628.18374091643
2023-01-23,Validation,0.5,103859.57677105018
2023-01-24,Validation,0.5,103814.4072229406
2023-01-25,Validation,0.5,103843.45387154089
2023-01-26,Validation,0.5,104416.29354472192
2023-01-27,Validation,0.5,104545.17027145412
2023-01-30,Validation,0.5,103903.73417844674
2023-01-31,Validation,0.5,104667.21259727156
2023-02-01,Validation,0.5,105779.59785219237
2023-02-02,Validation,0.5,106554.61402642836
2023-02-03,Validation,0.5,105997.69685084216
2023-02-06,Validation,0.5,105685.19818866054
2023-02-07,Validation,0.5,106380.99292060823
2023-02-08,Validation,0.5,105810.04843855555
2023-02-09,Validation,0.5,105364.6081722428
2023-02-10,Validation,0.5,105496.2926571422
2023-02-13,Validation,0.5,106119.37154610858
2023-02-14,Validation,0.5,106105.21145058062
2023-02-15,Validation,0.5,106286.80447675943
2023-02-16,Validation,0.5,105567.69653341822
2023-02-17,Validation,0.5,105447.42360010628
2023-02-21,Validation,0.5,103332.05393254044
2023-02-22,Validation,0.5,103189.6483857643
2023-02-23,Validation,0.5,103738.5570387924
2023-02-24,Validation,0.5,102630.3829656979
2023-02-27,Validation,0.5,102813.1965252844
2023-02-28,Validation,0.5,102635.15614053256
2023-03-01,Validation,0.5,102450.76112933602
2023-03-02,Validation,0.5,103247.54847459383
2023-03-03,Validation,0.5,104903.41272955952
2023-03-06,Validation,0.5,104949.64518425931
2023-03-07,Validation,0.5,104166.95843195725
2023-03-08,Validation,0.5,104260.81311707076
2023-03-09,Validation,0.5,102337.22045553049
2023-03-10,Validation,0.5,100860.54945856007
2023-03-13,Validation,0.5,100716.80272434169
2023-03-14,Validation,0.5,102381.65126428891
2023-03-15,Validation,0.5,101741.32490277072
2023-03-16,Validation,0.5,102432.30379353672
2023-03-17,Validation,0.5,101851.25772882455
2023-03-20,Validation,0.5,102341.00771002023
2023-03-21,Validation,0.5,103012.39493253757
2023-03-22,Validation,0.5,102152.17397893555
2023-03-23,Validation,0.5,102297.56356132177
2023-03-24,Validation,0.5,102968.84497645573
2023-03-27,Validation,0.5,103161.38305676548
2023-03-28,Validation,0.5,102929.81698720375
2023-03-29,Validation,0.5,103675.52662034161
2023-03-30,Validation,0.5,103986.54146010919
2023-03-31,Validation,0.5,104724.68144084308
2023-04-03,Validation,0.5,104934.4698457491
2023-04-04,Validation,0.5,104652.86849177105
2023-04-05,Validation,0.5,104526.05403646195
2023-04-06,Validation,0.5,104739.70781070022
2023-04-10,Validation,0.5,104804.00867943653
2023-04-11,Validation,0.5,104828.56222352064
2023-04-12,Validation,0.5,104625.3149882847
2023-04-13,Validation,0.5,105329.44269233888
2023-04-14,Validation,0.5,105210.90009949132
2023-04-17,Validation,0.5,105411.11522676796
2023-04-18,Validation,0.5,105456.48529177833
2023-04-19,Validation,0.5,105458.26936184792
2023-04-20,Validation,0.5,105179.74919596438
2023-04-21,Validation,0.5,105231.39875305565
2023-04-24,Validation,0.5,105297.2506004892
2023-04-25,Validation,0.5,104469.80668601124
2023-04-26,Validation,0.5,104260.47469720563
2023-04-27,Validation,0.5,106336.09251625922
2023-04-28,Validation,0.5,107243.69186073978
2023-05-01,Validation,0.5,107201.24811023362
2023-05-02,Validation,0.5,106614.9303372256
2023-05-03,Validation,0.5,106265.375984042
2023-05-04,Validation,0.5,105906.86708103743
2023-05-05,Validation,0.5,107867.47602904864
2023-05-08,Validation,0.5,107896.23162695281
2023-05-09,Validation,0.5,107676.19488653073
2023-05-10,Validation,0.5,107933.32631108361
2023-05-11,Validation,0.5,107745.09330891822
2023-05-12,Validation,0.5,107687.45774652131
2023-05-15,Validation,0.5,107880.53056083889
2023-05-16,Validation,0.5,107538.79425035213
2023-05-17,Validation,0.5,108187.50356545248
2023-05-18,Validation,0.5,109229.6970829291
2023-05-19,Validation,0.5,109163.31287357859
2023-05-22,Validation,0.5,109196.97931268177
2023-05-23,Validation,0.5,108607.37125789978
2023-05-24,Validation,0.5,108235.35674050721
2023-05-25,Validation,0.5,109172.66455630475
2023-05-26,Validation,0.5,110586.52494137014
2023-05-30,Validation,0.5,110619.51675841508
2023-05-31,Validation,0.5,110333.83375958192
2023-06-01,Validation,0.5,110854.229760257
2023-06-02,Validation,0.5,111647.174277973
2023-06-05,Validation,0.5,111554.57721275273
2023-06-06,Validation,0.5,111685.86026822487
2023-06-07,Validation,0.5,111508.72737719513
2023-06-08,Validation,0.5,111851.0072159411
2023-06-09,Validation,0.5,111961.66709462919
2023-06-12,Validation,0.5,112472.89894741088
2023-06-13,Validation,0.5,112850.96898406319
2023-06-14,Validation,0.5,112929.62507622785
2023-06-15,Validation,0.5,113425.56030673627
2023-06-16,Validation,0.5,113245.49706032539
2023-06-20,Validation,0.5,112965.95255732846
2023-06-21,Validation,0.5,112691.55152323809
2023-06-22,Validation,0.5,112904.66462371986
2023-06-23,Validation,0.5,112494.65834126466
2023-06-26,Validation,0.5,112280.63082547268
2023-06-27,Validation,0.5,112898.18269421598
2023-06-28,Validation,0.5,112955.12746389917
2023-06-29,Validation,0.5,113187.5866457031
2023-06-30,Validation,0.5,113861.42793400372
2023-07-03,Validation,0.5,113939.02062214263
2023-07-05,Validation,0.5,113866.90771230219
2023-07-06,Validation,0.5,113435.2870980782
2023-07-07,Validation,0.5,113305.64480469367
2023-07-10,Validation,0.5,113460.1124131378
2023-07-11,Validation,0.5,113830.85069133854
2023-07-12,Validation,0.5,114298.79266698717
2023-07-13,Validation,0.5,114764.1782228654
2023-07-14,Validation,0.5,114740.8208301949
2023-07-17,Validation,0.5,114952.90478666071
2023-07-18,Validation,0.5,115394.03230393055
2023-07-19,Validation,0.5,115535.74601746174
2023-07-20,Validation,0.5,115161.80066221027
2023-07-21,Validation,0.5,115174.30721626236
2023-07-24,Validation,0.5,115445.30991660719
2023-07-25,Validation,0.5,115616.50984987315
2023-07-26,Validation,0.5,115638.00426305097
2023-07-27,Validation,0.5,115264.11806205272
2023-07-28,Validation,0.5,115843.52791673882
2023-07-31,Validation,0.5,115967.486259636
2023-08-01,Validation,0.5,115812.48101449678
2023-08-02,Validation,0.5,115012.55864044375
2023-08-03,Validation,0.5,114860.11805387371
2023-08-04,Validation,0.5,114340.63217995569
2023-08-07,Validation,0.5,115338.65922836961
2023-08-08,Validation,0.5,114837.08666044877
2023-08-09,Validation,0.5,114069.37354628419
2023-08-10,Validation,0.5,114110.31824570634
2023-08-11,Validation,0.5,114043.78310914538
2023-08-14,Validation,0.5,114673.30786276034
2023-08-15,Validation,0.5,113337.487044114
2023-08-16,Validation,0.5,112934.1335166973
2023-08-17,Validation,0.5,112517.98716997616
2023-08-18,Validation,0.5,112572.14559053516
2023-08-21,Validation,0.5,113304.57375428571
2023-08-22,Validation,0.5,112997.67603778461
2023-08-23,Validation,0.5,113634.68442543
2023-08-24,Validation,0.5,112861.64551349042
2023-08-25,Validation,0.5,113268.42947966975
2023-08-28,Validation,0.5,113986.70326708315
2023-08-29,Validation,0.5,115634.35639950103
2023-08-30,Validation,0.5,115883.90710034866
2023-08-31,Validation,0.5,115812.29162850404
2023-09-01,Validation,0.5,115932.54338558612
2023-09-05,Validation,0.5,115695.84751338125
2023-09-06,Validation,0.5,115322.24178118857
2023-09-07,Validation,0.5,114968.17546582791
2023-09-08,Validation,0.5,115141.33198501889
2023-09-11,Validation,0.5,115898.56870327196
2023-09-12,Validation,0.5,115262.79999101853
2023-09-13,Validation,0.5,115342.15392848908
2023-09-14,Validation,0.5,115645.02768126383
2023-09-15,Validation,0.5,114966.03822206923
2023-09-18,Validation,0.5,115012.1321324182
2023-09-19,Validation,0.5,114773.61994532128
2023-09-20,Validation,0.5,113718.46276979447
2023-09-21,Validation,0.5,111838.88303451952
2023-09-22,Validation,0.5,111587.40822855859
2023-09-25,Validation,0.5,112056.65503143414
2023-09-26,Validation,0.5,110410.40243571054
2023-09-27,Validation,0.5,110454.47533984802
2023-09-28,Validation,0.5,111094.82871172791
2023-09-29,Validation,0.5,110825.20623935743
2023-10-02,Validation,0.5,110815.97089533677
2023-10-03,Validation,0.5,110096.58377225624
2023-10-04,Validation,0.5,110501.90845176054
2023-10-05,Validation,0.5,110493.93874960081
2023-10-06,Validation,0.5,111151.386463699
2023-10-09,Validation,0.5,111515.81824903256
2023-10-10,Validation,0.5,111816.23034509747
2023-10-11,Validation,0.5,112056.50601059463
2023-10-12,Validation,0.5,111728.70543004354
2023-10-13,Validation,0.5,111464.86322797417
2023-10-16,Validation,0.5,112058.30521666771
2023-10-17,Validation,0.5,112068.29397045226
2023-10-18,Validation,0.5,111337.39923304558
2023-10-19,Validation,0.5,110866.23517788485
2023-10-20,Validation,0.5,110208.21378170088
2023-10-23,Validation,0.5,110017.20260845213
2023-10-24,Validation,0.5,110846.66208680629
2023-10-25,Validation,0.5,109255.7745068715
2023-10-26,Validation,0.5,108628.37964704144
2023-10-27,Validation,0.5,108135.99067615312
2023-10-30,Validation,0.5,109428.84086174754
2023-10-31,Validation,0.5,110116.07894411033
2023-11-01,Validation,0.5,110699.27321202413
2023-11-02,Validation,0.5,111748.16187728713
2023-11-03,Validation,0.5,112263.45521041488
2023-11-06,Validation,0.5,112403.9082710292
2023-11-07,Validation,0.5,112575.05099373093
2023-11-08,Validation,0.5,112628.45466122501
2023-11-09,Validation,0.5,112204.5860137203
2023-11-10,Validation,0.5,113083.28743359174
2023-11-13,Validation,0.5,112975.49373684834
2023-11-14,Validation,0.5,114080.64527281612
2023-11-15,Validation,0.5,114214.63765363811
2023-11-16,Validation,0.5,114297.40547118276
2023-11-17,Validation,0.5,114381.43306087474
2023-11-20,Validation,0.5,114837.90466666056
2023-11-21,Validation,0.5,114723.67373570109
2023-11-22,Validation,0.5,114960.06687881792
2023-11-24,Validation,0.5,115008.36776910214
2023-11-27,Validation,0.5,114915.80744578673
2023-11-28,Validation,0.5,114985.7086050274
2023-11-29,Validation,0.5,114957.04142993402
2023-11-30,Validation,0.5,115198.36360294656
2023-12-01,Validation,0.5,115556.08311161354
2023-12-04,Validation,0.5,115260.01886226513
2023-12-05,Validation,0.5,115260.79213682105
2023-12-06,Validation,0.5,115037.64545683558
2023-12-07,Validation,0.5,115493.92406005433
2023-12-08,Validation,0.5,115990.4498885647
2023-12-11,Validation,0.5,116231.88618631309
2023-12-12,Validation,0.5,116514.24835806385
2023-12-13,Validation,0.5,117345.49815961305
2023-12-14,Validation,0.5,117307.1315204929
2023-12-15,Validation,0.5,117220.44084443533
2023-12-18,Validation,0.5,117570.63027328499
2023-12-19,Validation,0.5,117950.18414421199
2023-12-20,Validation,0.5,117120.58125841533
2023-12-21,Validation,0.5,117701.00831669192
2023-12-22,Validation,0.5,117937.55572075551
2023-12-26,Validation,0.5,118435.55025562622
2023-12-27,Validation,0.5,118558.02076520718
2023-12-28,Validation,0.5,118593.50687991918
2023-12-29,Validation,0.5,118429.27039136304
2024-01-02,Validation,0.5,118101.3903192845
2024-01-03,Validation,0.5,117620.01175013688
2024-01-04,Validation,0.5,117439.33198536199
2024-01-05,Validation,0.5,117533.7369936035
2024-01-08,Validation,0.5,119211.64211225041
2024-01-09,Validation,0.5,119030.79006353399
2024-01-10,Validation,0.5,119386.36382278212
2024-01-11,Validation,0.5,119372.1481235403
2024-01-12,Validation,0.5,119427.00810389544
2024-01-16,Validation,0.5,119215.72279748322
2024-01-17,Validation,0.5,118890.60596675356
2024-01-18,Validation,0.5,119440.66301907408
2024-01-19,Validation,0.5,120213.36586020759
2024-01-22,Validation,0.5,120356.55221385031
2024-01-23,Validation,0.5,120549.62085375449
2024-01-24,Validation,0.5,120630.0679267717
2024-01-25,Validation,0.5,120980.50441897436
2024-01-26,Validation,0.5,120913.80780049757
2024-01-29,Validation,0.5,121420.30933160885
2024-01-30,Validation,0.5,121384.28107028046
2024-01-31,Validation,0.5,120371.9529280376
2024-02-01,Validation,0.5,121193.23380094867
2024-02-02,Validation,0.5,122469.08243969537
2024-02-05,Validation,0.5,122251.49777878077
2024-02-06,Validation,0.5,122447.26002702066
2024-02-07,Validation,0.5,122987.2025716175
2024-02-08,Validation,0.5,123028.14384349654
2024-02-09,Validation,0.5,123409.45024737211
2024-02-12,Validation,0.5,123394.07297675704
2024-02-13,Validation,0.5,122524.00091433353
2024-02-14,Validation,0.5,123111.30087566076
2024-02-15,Validation,0.5,123564.2500230468
2024-02-16,Validation,0.5,123257.16814362466
2024-02-20,Validation,0.5,122918.1000843898
2024-02-21,Validation,0.5,122988.49328170532
2024-02-22,Validation,0.5,124317.99766386673
2024-02-23,Validation,0.5,124375.64794835392
2024-02-26,Validation,0.5,124150.54231874771
2024-02-27,Validation,0.5,124283.66851952583
2024-02-28,Validation,0.5,124119.4050947767
2024-02-29,Validation,0.5,124565.61320379675
2024-03-01,Validation,0.5,125735.07072029437
2024-03-04,Validation,0.5,125677.76722325948
2024-03-05,Validation,0.5,125035.68480170566
2024-03-06,Validation,0.5,125377.58514961704
2024-03-07,Validation,0.5,126038.0982194972
2024-03-08,Validation,0.5,125655.75065382959
2024-03-11,Validation,0.5,125612.53648605476
2024-03-12,Validation,0.5,126329.38248823589
2024-03-13,Validation,0.5,126238.83037457561
2024-03-14,Validation,0.5,125917.32860510531
2024-03-15,Validation,0.5,125479.37457014629
2024-03-18,Validation,0.5,125880.18118873311
2024-03-19,Validation,0.5,126257.95861605578
2024-03-20,Validation,0.5,126881.39007092731
2024-03-21,Validation,0.5,127114.58316294753
2024-03-22,Validation,0.5,127000.97109197121
2024-03-25,Validation,0.5,126829.78175124332
2024-03-26,Validation,0.5,126595.53085088126
2024-03-27,Validation,0.5,127659.42035669234
2024-03-28,Validation,0.5,127635.01922123796
2024-04-01,Validation,0.5,127531.68407529965
2024-04-02,Validation,0.5,127119.93014302681
2024-04-03,Validation,0.5,127205.92699782833
2024-04-04,Validation,0.5,126407.72812776541
2024-04-05,Validation,0.5,127106.66288578158
2024-04-08,Validation,0.5,127177.76396449404
2024-04-09,Validation,0.5,127324.86964458869
2024-04-10,Validation,0.5,126672.66499597956
2024-04-11,Validation,0.5,127182.30166327457
2024-04-12,Validation,0.5,126280.58894179724
2024-04-15,Validation,0.5,125474.84590269263
2024-04-16,Validation,0.5,125370.30337880121
2024-04-17,Validation,0.5,124628.33466974947
2024-04-18,Validation,0.5,124371.8823978289
2024-04-19,Validation,0.5,123286.31744096125
2024-04-22,Validation,0.5,124421.67895548341
2024-04-23,Validation,0.5,125898.14688993873
2024-04-24,Validation,0.5,125838.39102075336
2024-04-25,Validation,0.5,125605.99332240602
2024-04-26,Validation,0.5,126229.59838575944
2024-04-29,Validation,0.5,126473.15337550323
2024-04-30,Validation,0.5,125452.53242497814
2024-05-01,Validation,0.5,125257.22911904505
2024-05-02,Validation,0.5,126428.81667231201
2024-05-03,Validation,0.5,127995.94019441698
2024-05-06,Validation,0.5,129317.7312801541
2024-05-07,Validation,0.5,129404.33856994496
2024-05-08,Validation,0.5,129424.41181187326
2024-05-09,Validation,0.5,129819.42354034577
2024-05-10,Validation,0.5,129918.88549305518
2024-05-13,Validation,0.5,129941.52674152366
2024-05-14,Validation,0.5,130261.00324126522
2024-05-15,Validation,0.5,131103.84694403986
2024-05-16,Validation,0.5,130978.06836448847
2024-05-17,Validation,0.5,131089.03606716718
2024-05-20,Validation,0.5,131180.78823997287
2024-05-21,Validation,0.5,131360.83286264437
2024-05-22,Validation,0.5,131178.7655955624
2024-05-23,Validation,0.5,130697.3099231878
2024-05-24,Validation,0.5,131156.33219818748
2024-05-28,Validation,0.5,131217.41497827444
2024-05-29,Validation,0.5,130756.44115896506
2024-05-30,Validation,0.5,130323.620588381
2024-05-31,Validation,0.5,130946.43816838556
2024-06-03,Validation,0.5,131015.36131678282
2024-06-04,Validation,0.5,131104.7604349732
2024-06-05,Validation,0.5,131922.20578252073
2024-06-06,Validation,0.5,131934.8123189523
2024-06-07,Validation,0.5,131865.5554004935
2024-06-10,Validation,0.5,132090.59982044803
2024-06-11,Validation,0.5,132269.58320871883
2024-06-12,Validation,0.5,132847.76645139288
2024-06-13,Validation,0.5,133001.13954836893
2024-06-14,Validation,0.5,133057.2692932279
2024-06-17,Validation,0.5,133623.97087467913
2024-06-18,Validation,0.5,133815.7145855231
2024-06-20,Validation,0.5,133413.8719113644
2024-06-21,Validation,0.5,133334.20478001298
2024-06-24,Validation,0.5,132900.78474647712
2024-06-25,Validation,0.5,133412.56320415507
2024-06-26,Validation,0.5,133579.07485545697
2024-06-27,Validation,0.5,133789.66312033884
2024-06-28,Validation,0.5,133528.44922775443
2024-07-01,Validation,0.5,133685.62839744805
2024-07-02,Validation,0.5,134169.09781266114
2024-07-03,Validation,0.5,134496.46418916647
2024-07-05,Validation,0.5,134917.21592503611
2024-07-08,Validation,0.5,135012.9629849038
2024-07-09,Validation,0.5,135095.9174689182
2024-07-10,Validation,0.5,135813.5356168535
2024-07-11,Validation,0.5,135208.04323333452
2024-07-12,Validation,0.5,135670.95918402853
2024-07-15,Validation,0.5,136044.06098431672
2024-07-16,Validation,0.5,136850.83305896595
2024-07-17,Validation,0.5,134932.0238003408
2024-07-18,Validation,0.5,134398.0920781817
2024-07-19,Validation,0.5,133505.6066478504
2024-07-22,Validation,0.5,134882.02831969655
2024-07-23,Validation,0.5,134670.45820405943
2024-07-24,Validation,0.5,133078.28699278313
2024-07-25,Validation,0.5,132731.10310895383
2024-07-26,Validation,0.5,134217.64413112466
2024-07-29,Validation,0.5,134296.53188022823
2024-07-30,Validation,0.5,133616.12504420974
2024-07-31,Validation,0.5,135788.00338671802
2024-08-01,Validation,0.5,133865.11450231797
2024-08-02,Validation,0.5,132584.99707994406
2024-08-05,Validation,0.5,130612.79506021344
2024-08-06,Validation,0.5,131236.79312848332
2024-08-07,Validation,0.5,130803.87935877309
2024-08-08,Validation,0.5,132351.72393288108
2024-08-09,Validation,0.5,132935.35350793612
2024-08-12,Validation,0.5,132984.87334665362
2024-08-13,Validation,0.5,134120.71494630186
2024-08-14,Validation,0.5,134353.1916356274
2024-08-15,Validation,0.5,135559.46609609
2024-08-16,Validation,0.5,135731.83506444338
2024-08-19,Validation,0.5,136423.65595962494
2024-08-20,Validation,0.5,136320.82290467428
2024-08-21,Validation,0.5,136580.03037828984
2024-08-22,Validation,0.5,136030.61162116096
2024-08-23,Validation,0.5,136800.34257376884
2024-08-26,Validation,0.5,136642.3712043585
2024-08-27,Validation,0.5,136754.36358404782
2024-08-28,Validation,0.5,136350.64546371662
2024-08-29,Validation,0.5,136370.48950332482
2024-08-30,Validation,0.5,137065.91707418102
2022-09-06,Validation,1.0,100012.06349206349
2022-09-07,Validation,1.0,100024.24750138572
2022-09-08,Validation,1.0,100036.39330286805
2022-09-09,Validation,1.0,100048.61997316062
2022-09-12,Validation,1.0,100061.2054543239
2022-09-13,Validation,1.0,100074.229293764
2022-09-14,Validation,1.0,100087.09598038747
2022-09-15,Validation,1.0,98545.86630472798
2022-09-16,Validation,1.0,97794.17315306181
2022-09-19,Validation,1.0,98552.56245103788
2022-09-20,Validation,1.0,97421.3195517157
2022-09-21,Validation,1.0,97434.11576472032
2022-09-22,Validation,1.0,97446.83632983403
2022-09-23,Validation,1.0,95814.1291955599
2022-09-26,Validation,1.0,94866.27369815038
2022-09-27,Validation,1.0,94624.10182655948
2022-09-28,Validation,1.0,96485.9608393282
2022-09-29,Validation,1.0,94470.46590802333
2022-09-30,Validation,1.0,94482.94950530403
2022-10-03,Validation,1.0,94495.92216424404
2022-10-04,Validation,1.0,97424.03016944251
2022-10-05,Validation,1.0,97437.4066434261
2022-10-06,Validation,1.0,97450.7849540208
2022-10-07,Validation,1.0,97464.12643053237
2022-10-10,Validation,1.0,97477.46973355561
2022-10-11,Validation,1.0,97491.66585712395
2022-10-12,Validation,1.0,97505.9801096506
2022-10-13,Validation,1.0,97520.64469951628
2022-10-14,Validation,1.0,97535.38889222681
2022-10-17,Validation,1.0,97550.75458642928
2022-10-18,Validation,1.0,97566.39367565664
2022-10-19,Validation,1.0,97582.15142257173
2022-10-20,Validation,1.0,97597.9891606399
2022-10-21,Validation,1.0,97613.82946919813
2022-10-24,Validation,1.0,98808.28120172885
2022-10-25,Validation,1.0,98824.51399078341
2022-10-26,Validation,1.0,98840.6317984224
2022-10-27,Validation,1.0,98856.83067974492
2022-10-28,Validation,1.0,98873.22836038943
2022-10-31,Validation,1.0,98159.0394454424
2022-11-01,Validation,1.0,98175.51614134932
2022-11-02,Validation,1.0,98191.95664444918
2022-11-03,Validation,1.0,98208.51679586738
2022-11-04,Validation,1.0,99622.04602604968
2022-11-07,Validation,1.0,100574.98708010514
2022-11-08,Validation,1.0,100592.0688636251
2022-11-09,Validation,1.0,100609.19346582452
2022-11-10,Validation,1.0,100626.28105900044
2022-11-11,Validation,1.0,101600.19069351205
2022-11-14,Validation,1.0,101617.68850413148
2022-11-15,Validation,1.0,101635.06835482405
2022-11-16,Validation,1.0,101652.49150939917
2022-11-17,Validation,1.0,101669.91765080078
2022-11-18,Validation,1.0,101687.42746995174
2022-11-21,Validation,1.0,101705.222769759
2022-11-22,Validation,1.0,101722.98082452833
2022-11-23,Validation,1.0,101740.74197991041
2022-11-25,Validation,1.0,101758.5466097569
2022-11-28,Validation,1.0,101776.35435541361
2022-11-29,Validation,1.0,101794.04405509919
2022-11-30,Validation,1.0,101811.69643496112
2022-12-01,Validation,1.0,101829.19027010254
2022-12-02,Validation,1.0,101846.72751953793
2022-12-05,Validation,1.0,101864.34862001352
2022-12-06,Validation,1.0,101882.01319157977
2022-12-07,Validation,1.0,101899.35739144453
2022-12-08,Validation,1.0,101916.66410769991
2022-12-09,Validation,1.0,101934.09509271198
2022-12-12,Validation,1.0,101951.81220924002
2022-12-13,Validation,1.0,102723.57426682093
2022-12-14,Validation,1.0,102741.22478573266
2022-12-15,Validation,1.0,102758.9191077791
2022-12-16,Validation,1.0,102776.49414513443
2022-12-19,Validation,1.0,101904.98422791762
2022-12-20,Validation,1.0,102044.42581467233
2022-12-21,Validation,1.0,103570.23856204575
2022-12-22,Validation,1.0,102092.69405624126
2022-12-23,Validation,1.0,102110.27668688429
2022-12-27,Validation,1.0,102128.34858505981
2022-12-28,Validation,1.0,102146.42368167445
2022-12-29,Validation,1.0,102164.46144299919
2022-12-30,Validation,1.0,101895.3551785056
2023-01-03,Validation,1.0,101913.67208163888
2023-01-04,Validation,1.0,101932.0731613203
2023-01-05,Validation,1.0,101950.92250500806
2023-01-06,Validation,1.0,101969.81579104371
2023-01-09,Validation,1.0,101912.0097730216
2023-01-10,Validation,1.0,101931.13849549092
2023-01-11,Validation,1.0,101950.23035952657
2023-01-12,Validation,1.0,101969.08306085497
2023-01-13,Validation,1.0,101987.9797123587
2023-01-17,Validation,1.0,102007.04175142398
2023-01-18,Validation,1.0,102026.02639530551
2023-01-19,Validation,1.0,102045.095545477
2023-01-20,Validation,1.0,103946.10031016736
2023-01-23,Validation,1.0,105193.30647484677
2023-01-24,Validation,1.0,105213.00934812301
2023-01-25,Validation,1.0,105232.71591177868
2023-01-26,Validation,1.0,105252.38440749077
2023-01-27,Validation,1.0,105272.14011297679
2023-01-30,Validation,1.0,105291.85775191858
2023-01-31,Validation,1.0,105311.49551903897
2023-02-01,Validation,1.0,106430.72810278786
2023-02-02,Validation,1.0,106450.4093406037
2023-02-03,Validation,1.0,106470.26318679025
2023-02-06,Validation,1.0,106490.16298598111
2023-02-07,Validation,1.0,106510.06650453921
2023-02-08,Validation,1.0,106530.0160090591
2023-02-09,Validation,1.0,106550.18061923225
2023-02-10,Validation,1.0,106570.43360991342
2023-02-13,Validation,1.0,106590.77502997944
2023-02-14,Validation,1.0,106611.07803474707
2023-02-15,Validation,1.0,106631.34260077034
2023-02-16,Validation,1.0,106651.82258879367
2023-02-17,Validation,1.0,106672.30651027501
2023-02-21,Validation,1.0,104532.36459555481
2023-02-22,Validation,1.0,104388.30485833377
2023-02-23,Validation,1.0,104943.58966362223
2023-02-24,Validation,1.0,103822.54298124737
2023-02-27,Validation,1.0,103842.68949851637
2023-02-28,Validation,1.0,103862.7987177526
2023-03-01,Validation,1.0,103882.99426194771
2023-03-02,Validation,1.0,104690.92047257796
2023-03-03,Validation,1.0,106369.93324906685
2023-03-06,Validation,1.0,106390.74292251599
2023-03-07,Validation,1.0,106412.02107110048
2023-03-08,Validation,1.0,106433.38792929969
2023-03-09,Validation,1.0,104469.71166548826
2023-03-10,Validation,1.0,102962.26996840478
2023-03-13,Validation,1.0,102815.5278562993
2023-03-14,Validation,1.0,104515.06831832087
2023-03-15,Validation,1.0,103861.39890985102
2023-03-16,Validation,1.0,103880.93474440787
2023-03-17,Validation,1.0,103899.56735651282
2023-03-20,Validation,1.0,103919.39898028206
2023-03-21,Validation,1.0,103939.11067580292
2023-03-22,Validation,1.0,103958.86735596709
2023-03-23,Validation,1.0,103978.38027035573
2023-03-24,Validation,1.0,104660.69128365157
2023-03-27,Validation,1.0,104856.39289211626
2023-03-28,Validation,1.0,104621.0220386925
2023-03-29,Validation,1.0,104640.94985241417
2023-03-30,Validation,1.0,104661.58737307948
2023-03-31,Validation,1.0,104681.73057541122
2023-04-03,Validation,1.0,104702.08535635643
2023-04-04,Validation,1.0,104722.36099828259
2023-04-05,Validation,1.0,104742.55745361796
2023-04-06,Validation,1.0,104762.96562651865
2023-04-10,Validation,1.0,104784.08451006557
2023-04-11,Validation,1.0,104805.04132696759
2023-04-12,Validation,1.0,104825.91915662878
2023-04-13,Validation,1.0,104847.1339259819
2023-04-14,Validation,1.0,104868.51941282235
2023-04-17,Validation,1.0,104890.20056306604
2023-04-18,Validation,1.0,104911.84457270602
2023-04-19,Validation,1.0,104933.3265218328
2023-04-20,Validation,1.0,104954.64630880866
2023-04-21,Validation,1.0,104976.05372476213
2023-04-24,Validation,1.0,104997.7154501339
2023-04-25,Validation,1.0,105019.04831930471
2023-04-26,Validation,1.0,105040.55221967484
2023-04-27,Validation,1.0,107131.6998242064
2023-04-28,Validation,1.0,108046.08983264751
2023-05-01,Validation,1.0,108068.68518556091
2023-05-02,Validation,1.0,108091.15661057571
2023-05-03,Validation,1.0,108113.71849485236
2023-05-04,Validation,1.0,108136.2850884747
2023-05-05,Validation,1.0,110138.16630725279
2023-05-08,Validation,1.0,110167.52723179485
2023-05-09,Validation,1.0,110190.653669059
2023-05-10,Validation,1.0,110213.5663287902
2023-05-11,Validation,1.0,110021.35664547488
2023-05-12,Validation,1.0,110044.27776144267
2023-05-15,Validation,1.0,110067.02897918622
2023-05-16,Validation,1.0,110089.87225543862
2023-05-17,Validation,1.0,110112.85133194907
2023-05-18,Validation,1.0,111173.59213903864
2023-05-19,Validation,1.0,111196.92977008686
2023-05-22,Validation,1.0,111220.75768360902
2023-05-23,Validation,1.0,111244.32589178481
2023-05-24,Validation,1.0,111268.03152789746
2023-05-25,Validation,1.0,112231.60201669387
2023-05-26,Validation,1.0,113685.07772591765
2023-05-30,Validation,1.0,113710.11551089301
2023-05-31,Validation,1.0,113735.02344095729
2023-06-01,Validation,1.0,113759.84656115275
2023-06-02,Validation,1.0,113784.6750990927
2023-06-05,Validation,1.0,113809.32844536418
2023-06-06,Validation,1.0,113833.89680833016
2023-06-07,Validation,1.0,113858.38013058023
2023-06-08,Validation,1.0,113882.68799110015
2023-06-09,Validation,1.0,113906.95584961254
2023-06-12,Validation,1.0,113931.36448300889
2023-06-13,Validation,1.0,113955.59750339099
2023-06-14,Validation,1.0,113979.83567809807
2023-06-15,Validation,1.0,114003.94331794586
2023-06-16,Validation,1.0,114028.10129641084
2023-06-20,Validation,1.0,114052.49064029923
2023-06-21,Validation,1.0,114076.93045972216
2023-06-22,Validation,1.0,114101.37551624923
2023-06-23,Validation,1.0,114125.87108932632
2023-06-26,Validation,1.0,114150.77951357202
2023-06-27,Validation,1.0,114175.42158660987
2023-06-28,Validation,1.0,114233.01058344377
2023-06-29,Validation,1.0,114257.7610690702
2023-06-30,Validation,1.0,114282.3808961577
2023-07-03,Validation,1.0,114307.05137838291
2023-07-05,Validation,1.0,114331.72718629951
2023-07-06,Validation,1.0,114356.49906052323
2023-07-07,Validation,1.0,114381.27630198636
2023-07-10,Validation,1.0,114406.14969064249
2023-07-11,Validation,1.0,114431.07388753937
2023-07-12,Validation,1.0,114455.91269603798
2023-07-13,Validation,1.0,114480.7568961351
2023-07-14,Validation,1.0,114505.69734674461
2023-07-17,Validation,1.0,114530.64323080941
2023-07-18,Validation,1.0,114555.59454951325
2023-07-19,Validation,1.0,114580.5513040401
2023-07-20,Validation,1.0,114605.51349557417
2023-07-21,Validation,1.0,114630.52660367839
2023-07-24,Validation,1.0,114655.5906592969
2023-07-25,Validation,1.0,114680.66019519106
2023-07-26,Validation,1.0,114705.73521255913
2023-07-27,Validation,1.0,114730.81571259967
2023-07-28,Validation,1.0,114755.94722461289
2023-07-31,Validation,1.0,114781.22085584687
2023-08-01,Validation,1.0,114806.45450519376
2023-08-02,Validation,1.0,114831.6481438213
2023-08-03,Validation,1.0,114856.89287916721
2023-08-04,Validation,1.0,114337.42159197197
2023-08-07,Validation,1.0,115335.42061663275
2023-08-08,Validation,1.0,114833.86213244426
2023-08-09,Validation,1.0,114066.17057501287
2023-08-10,Validation,1.0,114107.11412474257
2023-08-11,Validation,1.0,114040.58085643183
2023-08-14,Validation,1.0,114670.08793352557
2023-08-15,Validation,1.0,113334.30462359494
2023-08-16,Validation,1.0,113359.31012890079
2023-08-17,Validation,1.0,113384.32115129431
2023-08-18,Validation,1.0,113438.8965654495
2023-08-21,Validation,1.0,114176.96407116741
2023-08-22,Validation,1.0,113867.70339095462
2023-08-23,Validation,1.0,113892.87176825176
2023-08-24,Validation,1.0,113918.0909041433
2023-08-25,Validation,1.0,113943.45124104696
2023-08-28,Validation,1.0,114666.00557193889
2023-08-29,Validation,1.0,116323.47787219277
2023-08-30,Validation,1.0,116349.14289350106
2023-08-31,Validation,1.0,116374.81357740931
2023-09-01,Validation,1.0,116400.35138372214
2023-09-05,Validation,1.0,116425.98717539592
2023-09-06,Validation,1.0,116451.62861304764
2023-09-07,Validation,1.0,116094.09481536964
2023-09-08,Validation,1.0,116268.9471105844
2023-09-11,Validation,1.0,117033.59968518041
2023-09-12,Validation,1.0,116391.60469080972
2023-09-13,Validation,1.0,116417.2385561285
2023-09-14,Validation,1.0,116442.878067001
2023-09-15,Validation,1.0,116468.56943216179
2023-09-18,Validation,1.0,116494.22024804863
2023-09-19,Validation,1.0,116252.63450626335
2023-09-20,Validation,1.0,115183.88019206107
2023-09-21,Validation,1.0,113280.07950951399
2023-09-22,Validation,1.0,113025.36410784909
2023-09-25,Validation,1.0,113500.65779549188
2023-09-26,Validation,1.0,111833.19099077824
2023-09-27,Validation,1.0,111877.83183436902
2023-09-28,Validation,1.0,112526.43703242295
2023-09-29,Validation,1.0,112253.34010692655
2023-10-02,Validation,1.0,112278.37438356945
2023-10-03,Validation,1.0,112303.41424325341
2023-10-04,Validation,1.0,112328.41512237661
2023-10-05,Validation,1.0,112353.42156717172
2023-10-06,Validation,1.0,112378.52274825993
2023-10-09,Validation,1.0,112403.62953727074
2023-10-10,Validation,1.0,112428.65272622726
2023-10-11,Validation,1.0,112453.68148582226
2023-10-12,Validation,1.0,112478.80506624945
2023-10-13,Validation,1.0,112503.8896251571
2023-10-16,Validation,1.0,112528.93513391889
2023-10-17,Validation,1.0,112554.03087262732
2023-10-18,Validation,1.0,112579.08754378588
2023-10-19,Validation,1.0,112604.10511879559
2023-10-20,Validation,1.0,112629.03888492903
2023-10-23,Validation,1.0,112433.83197501664
2023-10-24,Validation,1.0,113281.51129614303
2023-10-25,Validation,1.0,111655.67840262616
2023-10-26,Validation,1.0,111680.44646779563
2023-10-27,Validation,1.0,111174.22313754528
2023-10-30,Validation,1.0,112503.39776403147
2023-10-31,Validation,1.0,113209.94476507604
2023-11-01,Validation,1.0,113234.96775683564
2023-11-02,Validation,1.0,113259.86147593774
2023-11-03,Validation,1.0,113284.7157233172
2023-11-06,Validation,1.0,113309.71028757995
2023-11-07,Validation,1.0,113334.66540234566
2023-11-08,Validation,1.0,113359.58103910476
2023-11-09,Validation,1.0,113384.50215334908
2023-11-10,Validation,1.0,113409.38375243274
2023-11-13,Validation,1.0,113301.27921287162
2023-11-14,Validation,1.0,113326.09758831827
2023-11-15,Validation,1.0,113350.9663708446
2023-11-16,Validation,1.0,113375.75064960268
2023-11-17,Validation,1.0,113400.49535708575
2023-11-20,Validation,1.0,113425.42546598568
2023-11-21,Validation,1.0,113450.31604546297
2023-11-22,Validation,1.0,113475.2571070063
2023-11-24,Validation,1.0,113500.20365162428
2023-11-27,Validation,1.0,113524.93048170551
2023-11-28,Validation,1.0,113549.57259955214
2023-11-29,Validation,1.0,113574.1299475945
2023-11-30,Validation,1.0,113598.69260665063
2023-12-01,Validation,1.0,113623.1704201766
2023-12-04,Validation,1.0,113647.78877376765
2023-12-05,Validation,1.0,113672.36736300641
2023-12-06,Validation,1.0,113696.95126785277
2023-12-07,Validation,1.0,113721.49537161853
2023-12-08,Validation,1.0,114210.40126141641
2023-12-11,Validation,1.0,114235.1921699442
2023-12-12,Validation,1.0,114259.9431282477
2023-12-13,Validation,1.0,114284.60876676427
2023-12-14,Validation,1.0,114309.2343788914
2023-12-15,Validation,1.0,114333.91065805891
2023-12-18,Validation,1.0,114358.68300536818
2023-12-19,Validation,1.0,114383.32457873005
2023-12-20,Validation,1.0,114408.01685197245
2023-12-21,Validation,1.0,114432.62365559698
2023-12-22,Validation,1.0,114662.60248460654
2023-12-26,Validation,1.0,115146.76844041614
2023-12-27,Validation,1.0,115171.62552058739
2023-12-28,Validation,1.0,115196.53366975751
2023-12-29,Validation,1.0,115221.21864125817
2024-01-02,Validation,1.0,115246.18323863044
2024-01-03,Validation,1.0,115271.2447102236
2024-01-04,Validation,1.0,115296.31163169234
2024-01-05,Validation,1.0,115321.33825171716
2024-01-08,Validation,1.0,116967.65928847872
2024-01-09,Validation,1.0,116790.2115120613
2024-01-10,Validation,1.0,116815.51605788893
2024-01-11,Validation,1.0,116840.82608636815
2024-01-12,Validation,1.0,116866.09523327966
2024-01-16,Validation,1.0,116891.36984514559
2024-01-17,Validation,1.0,116916.74269407625
2024-01-18,Validation,1.0,116942.0282594605
2024-01-19,Validation,1.0,116967.31929334994
2024-01-22,Validation,1.0,116992.66221253018
2024-01-23,Validation,1.0,117017.9641970166
2024-01-24,Validation,1.0,117043.22521785913
2024-01-25,Validation,1.0,117068.49169187441
2024-01-26,Validation,1.0,117093.76362023964
2024-01-29,Validation,1.0,117118.94807257385
2024-01-30,Validation,1.0,117144.13794156408
2024-01-31,Validation,1.0,117169.33322837536
2024-02-01,Validation,1.0,117194.5339341729
2024-02-02,Validation,1.0,118428.28669329186
2024-02-05,Validation,1.0,118453.7581740013
2024-02-06,Validation,1.0,118479.32914401982
2024-02-07,Validation,1.0,118504.85861851394
2024-02-08,Validation,1.0,118530.44061973951
2024-02-09,Validation,1.0,118556.02814342885
2024-02-12,Validation,1.0,118581.57414473119
2024-02-13,Validation,1.0,118607.219762949
2024-02-14,Validation,1.0,118632.7767948265
2024-02-15,Validation,1.0,118658.33933363586
2024-02-16,Validation,1.0,118683.9544672063
2024-02-20,Validation,1.0,118709.57513039287
2024-02-21,Validation,1.0,118735.20132438926
2024-02-22,Validation,1.0,118760.88016753281
2024-02-23,Validation,1.0,118786.61169156912
2024-02-26,Validation,1.0,118812.3959283133
2024-02-27,Validation,1.0,118838.09146632161
2024-02-28,Validation,1.0,118681.02535999048
2024-02-29,Validation,1.0,119107.68254435262
2024-03-01,Validation,1.0,120225.89945062048
2024-03-04,Validation,1.0,120252.04381288195
2024-03-05,Validation,1.0,120278.14614143975
2024-03-06,Validation,1.0,120304.25413586012
2024-03-07,Validation,1.0,120330.36779737294
2024-03-08,Validation,1.0,120356.43937706237
2024-03-11,Validation,1.0,120382.6121265777
2024-03-12,Validation,1.0,120408.79056762745
2024-03-13,Validation,1.0,120434.9747014493
2024-03-14,Validation,1.0,120461.16452928119
2024-03-15,Validation,1.0,120487.36005236136
2024-03-18,Validation,1.0,120513.5612719283
2024-03-19,Validation,1.0,120539.76818922076
2024-03-20,Validation,1.0,120565.93297223643
2024-03-21,Validation,1.0,120592.15127829548
2024-03-22,Validation,1.0,120618.27957773911
2024-03-25,Validation,1.0,120644.4135383143
2024-03-26,Validation,1.0,120421.58683227743
2024-03-27,Validation,1.0,121433.59145552819
2024-03-28,Validation,1.0,121410.38034031604
2024-04-01,Validation,1.0,121436.58956527838
2024-04-02,Validation,1.0,121462.70806985951
2024-04-03,Validation,1.0,121488.832191992
2024-04-04,Validation,1.0,121514.91372303005
2024-04-05,Validation,1.0,121541.09729372514
2024-04-08,Validation,1.0,121609.08509962987
2024-04-09,Validation,1.0,121749.74952563962
2024-04-10,Validation,1.0,121776.08032464415
2024-04-11,Validation,1.0,121802.41681820643
2024-04-12,Validation,1.0,121828.75900755798
2024-04-15,Validation,1.0,121855.10689393064
2024-04-16,Validation,1.0,121881.4604785565
2024-04-17,Validation,1.0,121160.13950021143
2024-04-18,Validation,1.0,120910.82386004517
2024-04-19,Validation,1.0,119855.46833468124
2024-04-22,Validation,1.0,120959.23466396098
2024-04-23,Validation,1.0,122394.61500006374
2024-04-24,Validation,1.0,122336.52203536482
2024-04-25,Validation,1.0,122363.07682804472
2024-04-26,Validation,1.0,122389.58882802415
2024-04-29,Validation,1.0,122416.05800497306
2024-04-30,Validation,1.0,122442.58148420748
2024-05-01,Validation,1.0,122469.11071019573
2024-05-02,Validation,1.0,123614.6197301292
2024-05-03,Validation,1.0,125146.86042773254
2024-05-06,Validation,1.0,126439.2295784267
2024-05-07,Validation,1.0,126466.5745705379
2024-05-08,Validation,1.0,126493.92547654618
2024-05-09,Validation,1.0,126521.33249373279
2024-05-10,Validation,1.0,126548.7956559844
2024-05-13,Validation,1.0,126576.1643439338
2024-05-14,Validation,1.0,126603.48872226836
2024-05-15,Validation,1.0,126630.86923867853
2024-05-16,Validation,1.0,126658.25567666862
2024-05-17,Validation,1.0,126685.6982987319
2024-05-20,Validation,1.0,126713.09659459413
2024-05-21,Validation,1.0,126740.50081588145
2024-05-22,Validation,1.0,126767.91096387534
2024-05-23,Validation,1.0,126795.3773445842
2024-05-24,Validation,1.0,126822.84967634219
2024-05-28,Validation,1.0,126850.32796043874
2024-05-29,Validation,1.0,126877.81219816349
2024-05-30,Validation,1.0,126905.30239080644
2024-05-31,Validation,1.0,126932.7985396578
2024-06-03,Validation,1.0,126960.60286695696
2024-06-04,Validation,1.0,126988.41328472781
2024-06-05,Validation,1.0,127016.17940207697
2024-06-06,Validation,1.0,127043.95159050972
2024-06-07,Validation,1.0,127071.78026562001
2024-06-10,Validation,1.0,127099.61503653532
2024-06-11,Validation,1.0,127127.45590459094
2024-06-12,Validation,1.0,127155.25242371928
2024-06-13,Validation,1.0,127183.05502057858
2024-06-14,Validation,1.0,127210.86369649776
2024-06-17,Validation,1.0,127238.72893330747
2024-06-18,Validation,1.0,127266.49929081278
2024-06-20,Validation,1.0,127294.2757093088
2024-06-21,Validation,1.0,127322.00767651689
2024-06-24,Validation,1.0,126908.1310652748
2024-06-25,Validation,1.0,127396.83282657198
2024-06-26,Validation,1.0,127555.83627043899
2024-06-27,Validation,1.0,127756.928861212
2024-06-28,Validation,1.0,127784.7109235199
2024-07-01,Validation,1.0,127812.4483191053
2024-07-02,Validation,1.0,127840.19173546664
2024-07-03,Validation,1.0,127867.9411739108
2024-07-05,Validation,1.0,127895.64589449849
2024-07-08,Validation,1.0,127923.35661777566
2024-07-09,Validation,1.0,127951.07334504285
2024-07-10,Validation,1.0,127978.79607760097
2024-07-11,Validation,1.0,128006.42324627802
2024-07-12,Validation,1.0,128034.00558271563
2024-07-15,Validation,1.0,128386.10538556456
2024-07-16,Validation,1.0,129147.46405016653
2024-07-17,Validation,1.0,127336.66506408624
2024-07-18,Validation,1.0,127364.10308358219
2024-07-19,Validation,1.0,126518.32763698438
2024-07-22,Validation,1.0,127822.71156824967
2024-07-23,Validation,1.0,127622.21439153576
2024-07-24,Validation,1.0,127649.56200890538
2024-07-25,Validation,1.0,127676.86483189065
2024-07-26,Validation,1.0,129106.80018772784
2024-07-29,Validation,1.0,129182.68398770591
2024-07-30,Validation,1.0,128528.18621289489
2024-07-31,Validation,1.0,130617.36208104173
2024-08-01,Validation,1.0,128767.69445657571
2024-08-02,Validation,1.0,128794.72545275332
2024-08-05,Validation,1.0,128822.06877740304
2024-08-06,Validation,1.0,128849.36678721537
2024-08-07,Validation,1.0,128876.67058160598
2024-08-08,Validation,1.0,128903.98016180065
2024-08-09,Validation,1.0,129472.40626861043
2024-08-12,Validation,1.0,129499.79071009501
2024-08-13,Validation,1.0,129527.12955480049
2024-08-14,Validation,1.0,129554.47417103982
2024-08-15,Validation,1.0,129581.92738104273
2024-08-16,Validation,1.0,129609.3349871118
2024-08-19,Validation,1.0,129636.64552555549
2024-08-20,Validation,1.0,129663.8589324932
2024-08-21,Validation,1.0,129690.92369034974
2024-08-22,Validation,1.0,129718.09702674202
2024-08-23,Validation,1.0,129745.12163028926
2024-08-26,Validation,1.0,129772.10037780287
2024-08-27,Validation,1.0,129799.03323831779
2024-08-28,Validation,1.0,129825.86867336427
2024-08-29,Validation,1.0,129852.76117473232
2024-08-30,Validation,1.0,129879.60771781649
2024-09-03,OOS,0.0,100000.0
2024-09-04,OOS,0.0,99795.31951891031
2024-09-05,OOS,0.0,99552.60107230836
2024-09-06,OOS,0.0,97877.11925807854
2024-09-09,OOS,0.0,98972.97493116937
2024-09-10,OOS,0.0,99404.07187364149
2024-09-11,OOS,0.0,100423.85161570786
2024-09-12,OOS,0.0,101269.74351543254
2024-09-13,OOS,0.0,101798.65236922185
2024-09-16,OOS,0.0,101948.99289957977
2024-09-17,OOS,0.0,101990.65352847414
2024-09-18,OOS,0.0,101688.16113606723
2024-09-19,OOS,0.0,103107.24351543255
2024-09-20,OOS,0.0,102928.92334444284
2024-09-23,OOS,0.0,103186.13244457325
2024-09-24,OOS,0.0,103481.3795102159
2024-09-25,OOS,0.0,103253.15171714242
2024-09-26,OOS,0.0,103662.51267932182
2024-09-27,OOS,0.0,103512.17214896392
2024-09-30,OOS,0.0,103926.96710621647
2024-10-01,OOS,0.0,102995.94261701201
2024-10-02,OOS,0.0,103039.41457759745
2024-10-03,OOS,0.0,102851.0360817273
2024-10-04,OOS,0.0,103785.68323431385
2024-10-07,OOS,0.0,102847.41341834515
2024-10-08,OOS,0.0,103820.09853644398
2024-10-09,OOS,0.0,104539.19721779453
2024-10-10,OOS,0.0,104356.25271699754
2024-10-11,OOS,0.0,104981.16215041297
2024-10-14,OOS,0.0,105839.73337197507
2024-10-15,OOS,0.0,105017.38878423416
2024-10-16,OOS,0.0,105473.84437038109
2024-10-17,OOS,0.0,105482.9010288364
2024-10-18,OOS,0.0,105888.63932763369
2024-10-21,OOS,0.0,105714.75148529197
2024-10-22,OOS,0.0,105658.60020286914
2024-10-23,OOS,0.0,104693.16041153455
2024-10-24,OOS,0.0,104919.57687291695
2024-10-25,OOS,0.0,104883.35023909576
2024-10-28,OOS,0.0,105207.5786117954
2024-10-29,OOS,0.0,105377.84379075494
2024-10-30,OOS,0.0,105059.04941312851
2024-10-31,OOS,0.0,102999.56528039413
2024-11-01,OOS,0.0,103434.28488624835
2024-11-04,OOS,0.0,103211.49108824805
2024-11-05,OOS,0.0,104459.49862338793
2024-11-06,OOS,0.0,107056.94826836689
2024-11-07,OOS,0.0,107884.72685118098
2024-11-08,OOS,0.0,108352.05042747429
2024-11-11,OOS,0.0,108455.29633386464
2024-11-12,OOS,0.0,108118.38863932762
2024-11-13,OOS,0.0,108170.91725836835
2024-11-14,OOS,0.0,107475.3658890016
2024-11-15,OOS,0.0,106098.75380379654
2024-11-18,OOS,0.0,106533.47340965076
2024-11-19,OOS,0.0,106922.90972322851
2024-11-20,OOS,0.0,106959.1363570497
2024-11-21,OOS,0.0,107533.32850311548
2024-11-22,OOS,0.0,107866.61353427038
2024-11-25,OOS,0.0,108232.50253586436
2024-11-26,OOS,0.0,108797.63802347484
2024-11-27,OOS,0.0,108467.97565570207
2024-11-29,OOS,0.0,109141.79104477611
2024-12-02,OOS,0.0,109337.41486741051
2024-12-03,OOS,0.0,109388.13215476017
2024-12-04,OOS,0.0,110067.38153890739
2024-12-05,OOS,0.0,109886.24836980145
2024-12-06,OOS,0.0,110094.55151427328
2024-12-09,OOS,0.0,109527.60469497174
2024-12-10,OOS,0.0,109187.07433705259
2024-12-11,OOS,0.0,110031.15490508621
2024-12-12,OOS,0.0,109464.20808578467
2024-12-13,OOS,0.0,109442.47210549196
2024-12-16,OOS,0.0,109909.79568178522
2024-12-17,OOS,0.0,109456.96275902042
2024-12-18,OOS,0.0,106194.75438342267
2024-12-19,OOS,0.0,105806.12411244748
2024-12-20,OOS,0.0,107076.87291696854
2024-12-23,OOS,0.0,107718.08433560355
2024-12-24,OOS,0.0,108915.37458339368
2024-12-26,OOS,0.0,108922.61991015794
2024-12-27,OOS,0.0,107776.04694971743
2024-12-30,OOS,0.0,106546.1527314882
2024-12-31,OOS,0.0,106158.5277496015
2025-01-02,OOS,0.0,105897.69598608896
2025-01-03,OOS,0.0,107221.77945225331
2025-01-06,OOS,0.0,107839.44355890449
2025-01-07,OOS,0.0,106620.41733082161
2025-01-08,OOS,0.0,106776.19185625271
2025-01-10,OOS,0.0,105145.99333429938
2025-01-13,OOS,0.0,105309.0131864947
2025-01-14,OOS,0.0,105453.91972177944
2025-01-15,OOS,0.0,107372.1199826112
2025-01-16,OOS,0.0,107165.62816983044
2025-01-17,OOS,0.0,108241.55919431966
2025-01-21,OOS,0.0,109232.35762932905
2025-01-22,OOS,0.0,109846.39907259817
2025-01-23,OOS,0.0,110445.94986233878
2025-01-24,OOS,0.0,110123.53282133023
2025-01-27,OOS,0.0,108565.78756701927
2025-01-28,OOS,0.0,109498.62338791479
2025-01-29,OOS,0.0,109007.75249963772
2025-01-30,OOS,0.0,109592.81263584986
2025-01-31,OOS,0.0,109009.56383132881
2025-02-03,OOS,0.0,108275.9744964498
2025-02-04,OOS,0.0,109002.31850456454
2025-02-05,OOS,0.0,109444.28343718302
2025-02-06,OOS,0.0,109824.66309230548
2025-02-07,OOS,0.0,108819.37400376756
2025-02-10,OOS,0.0,109558.39733371975
2025-02-11,OOS,0.0,109641.71859150847
2025-02-12,OOS,0.0,109288.50891175192
2025-02-13,OOS,0.0,110442.32719895666
2025-02-14,OOS,0.0,110436.8932038835
2025-02-18,OOS,0.0,110761.12157658309
2025-02-19,OOS,0.0,111021.95334009561
2025-02-20,OOS,0.0,110560.06375887552
2025-02-21,OOS,0.0,108669.03347340965
2025-02-24,OOS,0.0,108174.53992175047
2025-02-25,OOS,0.0,107636.57440950588
2025-02-26,OOS,0.0,107690.91436023763
2025-02-27,OOS,0.0,105971.96058542238
2025-02-28,OOS,0.0,107625.70641935949
2025-03-03,OOS,0.0,105740.1101289668
2025-03-04,OOS,0.0,104488.47993044485
2025-03-05,OOS,0.0,105611.5055789016
2025-03-06,OOS,0.0,103736.77727865527
2025-03-07,OOS,0.0,104318.21475148528
2025-03-10,OOS,0.0,101539.6319374004
2025-03-11,OOS,0.0,100695.55136936675
2025-03-12,OOS,0.0,101229.89421822924
2025-03-13,OOS,0.0,99880.45210839008
2025-03-14,OOS,0.0,101943.55890450657
2025-03-17,OOS,0.0,102729.6768584263
2025-03-18,OOS,0.0,101619.33053180699
2025-03-19,OOS,0.0,102726.0541950442
2025-03-20,OOS,0.0,102121.8790754963
2025-03-21,OOS,0.0,102155.48471236053
2025-03-24,OOS,0.0,103984.92972033037
2025-03-25,OOS,0.0,104234.89349369657
2025-03-26,OOS,0.0,102990.50862193883
2025-03-27,OOS,0.0,102716.9975365889
2025-03-28,OOS,0.0,100648.45674539919
2025-03-31,OOS,0.0,101324.0834661643
2025-04-01,OOS,0.0,101610.27387335169
2025-04-02,OOS,0.0,102253.29662367773
2025-04-03,OOS,0.0,97214.17185915084
2025-04-04,OOS,0.0,91522.96768584261
2025-04-07,OOS,0.0,91359.9478336473
2025-04-08,OOS,0.0,89928.99579771048
2025-04-09,OOS,0.0,99373.27923489349
2025-04-10,OOS,0.0,95018.83784958701
2025-04-11,OOS,0.0,96714.2443124185
2025-04-14,OOS,0.0,97652.51412838718
2025-04-15,OOS,0.0,97379.00304303724
2025-04-16,OOS,0.0,95214.46167222141
2025-04-17,OOS,0.0,95350.31154905085
2025-04-21,OOS,0.0,93080.7129401536
2025-04-22,OOS,0.0,95502.46341109983
2025-04-23,OOS,0.0,96982.32140269525
2025-04-24,OOS,0.0,99023.69221851905
2025-04-25,OOS,0.0,99739.16823648746
2025-04-28,OOS,0.0,99777.2062019997
2025-04-29,OOS,0.0,100405.73829879728
2025-04-30,OOS,0.0,100445.58759600058
2025-05-01,OOS,0.0,101157.44095058687
2025-05-02,OOS,0.0,102659.034922475
2025-05-05,OOS,0.0,102070.35212288074
2025-05-06,OOS,0.0,101217.21489639182
2025-05-07,OOS,0.0,101642.87784379073
2025-05-08,OOS,0.0,102351.10853499491
2025-05-09,OOS,0.0,102220.69265323866
2025-05-12,OOS,0.0,105598.82625706418
2025-05-13,OOS,0.0,106296.188958122
2025-05-14,OOS,0.0,106432.03883495145
2025-05-15,OOS,0.0,106951.89103028546
2025-05-16,OOS,0.0,107629.32908274163
2025-05-19,OOS,0.0,107747.06564266048
2025-05-20,OOS,0.0,107384.79930444862
2025-05-21,OOS,0.0,105575.27894508041
2025-05-22,OOS,0.0,105616.93957397477
2025-05-23,OOS,0.0,104896.0295609332
2025-05-27,OOS,0.0,107076.87291696854
2025-05-28,OOS,0.0,106457.39747862628
2025-05-29,OOS,0.0,106877.62643095202
2025-05-30,OOS,0.0,106758.07853934211
2025-06-02,OOS,0.0,107359.4406607738
2025-06-03,OOS,0.0,107971.67077235183
2025-06-04,OOS,0.0,107942.68946529485
2025-06-05,OOS,0.0,107421.02593826981
2025-06-06,OOS,0.0,108524.1269381249
2025-06-09,OOS,0.0,108621.93884944209
2025-06-10,OOS,0.0,109237.79162440226
2025-06-11,OOS,0.0,108926.24257354006
2025-06-12,OOS,0.0,109359.15084770322
2025-06-13,OOS,0.0,108136.50195623822
2025-06-16,OOS,0.0,109165.33835675988
2025-06-17,OOS,0.0,108232.50253586436
2025-06-18,OOS,0.0,107897.203303869
2025-06-20,OOS,0.0,107643.81973627009
2025-06-23,OOS,0.0,108707.07143892189
2025-06-24,OOS,0.0,109907.98435009416
2025-06-25,OOS,0.0,109969.56962759019
2025-06-26,OOS,0.0,110829.95218084335
2025-06-27,OOS,0.0,111380.59701492536
2025-06-30,OOS,0.0,111913.12853209679
2025-07-01,OOS,0.0,111876.9018982756
2025-07-02,OOS,0.0,112384.07477177221
2025-07-03,OOS,0.0,113269.81596870019
2025-07-07,OOS,0.0,112425.73540066656
2025-07-08,OOS,0.0,112364.15012317056
2025-07-09,OOS,0.0,113037.96551224458
2025-07-10,OOS,0.0,113356.75988987104
2025-07-11,OOS,0.0,112958.26691783799
2025-07-14,OOS,0.0,113173.81538907402
2025-07-15,OOS,0.0,112690.1898275612
2025-07-16,OOS,0.0,113066.94681930153
2025-07-17,OOS,0.0,113758.87552528619
2025-07-18,OOS,0.0,113675.55426749747
2025-07-21,OOS,0.0,113891.1027387335
2025-07-22,OOS,0.0,113907.40472395305
2025-07-23,OOS,0.0,114876.46717866974
2025-07-24,OOS,0.0,114914.50514418198
2025-07-25,OOS,0.0,115399.94203738589
2025-07-28,OOS,0.0,115370.96073032894
2025-07-29,OOS,0.0,115066.65700623098
2025-07-30,OOS,0.0,114921.75047094624
2025-07-31,OOS,0.0,114490.65352847414
2025-08-01,OOS,0.0,112614.11389653673
2025-08-04,OOS,0.0,114325.82234458772
2025-08-05,OOS,0.0,113746.19620344877
2025-08-06,OOS,0.0,114617.44674684826
2025-08-07,OOS,0.0,114521.44616722212
2025-08-08,OOS,0.0,115414.43269091434
2025-08-11,OOS,0.0,115186.20489784089
2025-08-12,OOS,0.0,116412.47645268802
2025-08-13,OOS,0.0,116810.96942472104
2025-08-14,OOS,0.0,116821.8374148674
2025-08-15,OOS,0.0,116548.32632951745
2025-08-18,OOS,0.0,116522.96768584261
2025-08-19,OOS,0.0,115890.81292566292
2025-08-20,OOS,0.0,115582.88653818287
2025-08-21,OOS,0.0,115119.18562527168
2025-08-22,OOS,0.0,116887.04535574552
2025-08-25,OOS,0.0,116372.6271554847
2025-08-26,OOS,0.0,116859.87538037963
2025-08-27,OOS,0.0,117126.14113896535
2025-08-28,OOS,0.0,117540.93609621792
2025-08-29,OOS,0.0,116839.950731778
2025-09-02,OOS,0.0,115974.13418345166
2025-09-03,OOS,0.0,116602.66628024922
2025-09-04,OOS,0.0,117577.16273003911
2025-09-05,OOS,0.0,117236.63237211999
2025-09-08,OOS,0.0,117524.6341109984
2025-09-09,OOS,0.0,117796.33386465728
2025-09-10,OOS,0.0,118136.86422257643
2025-09-11,OOS,0.0,119118.60599913055
2025-09-12,OOS,0.0,119078.75670192724
2025-09-15,OOS,0.0,119712.72279379799
2025-09-16,OOS,0.0,119547.89160991159
2025-09-17,OOS,0.0,119399.36241124474
2025-09-18,OOS,0.0,119625.57781480945
2025-09-19,OOS,0.0,120218.08433560352
2025-09-22,OOS,0.0,120786.84248659614
2025-09-23,OOS,0.0,120129.32908274163
2025-09-24,OOS,0.0,119747.13809592812
2025-09-25,OOS,0.0,119194.68193015503
2025-09-26,OOS,0.0,119877.55397768441
2025-09-29,OOS,0.0,120214.46167222141
2025-09-30,OOS,0.0,120667.29459498622
2025-10-01,OOS,0.0,121078.46688885668
2025-10-02,OOS,0.0,121217.93942906824
2025-10-03,OOS,0.0,121216.12809737718
2025-10-06,OOS,0.0,121650.8477032314
2025-10-07,OOS,0.0,121199.82611215765
2025-10-08,OOS,0.0,121922.5474568903
2025-10-09,OOS,0.0,121569.33777713373
2025-10-10,OOS,0.0,118283.58208955223
2025-10-13,OOS,0.0,120098.5364439936
2025-10-14,OOS,0.0,119951.81857701782
2025-10-15,OOS,0.0,120484.35009418923
2025-10-16,OOS,0.0,119663.81683813938
2025-10-17,OOS,0.0,120343.06622228661
2025-10-20,OOS,0.0,121594.69642080856
2025-10-21,OOS,0.0,121592.8850891175
2025-10-22,OOS,0.0,120960.73032893782
2025-10-23,OOS,0.0,121678.0176785973
2025-10-24,OOS,0.0,122672.43877698884
2025-10-27,OOS,0.0,124119.69279814519
2025-10-28,OOS,0.0,124449.35516591798
2025-10-29,OOS,0.0,124509.12911172291
2025-10-30,OOS,0.0,123139.76235328212
2025-10-31,OOS,0.0,123543.68932038832
2025-11-03,OOS,0.0,123775.53977684393
2025-11-04,OOS,0.0,122308.36110708592
2025-11-05,OOS,0.0,122732.2127227938
2025-11-06,OOS,0.0,121415.37458339368
2025-11-07,OOS,0.0,121534.92247500361
2025-11-10,OOS,0.0,123431.38675554268
2025-11-11,OOS,0.0,123713.95449934792
2025-11-12,OOS,0.0,123782.78510360816
2025-11-13,OOS,0.0,121728.73496594693
2025-11-14,OOS,0.0,121708.81031734528
2025-11-17,OOS,0.0,120574.9166787422
2025-11-18,OOS,0.0,119562.38226344007
2025-11-19,OOS,0.0,120024.27184466018
2025-11-20,OOS,0.0,118194.82683669032
2025-11-21,OOS,0.0,119372.19243587884
2025-11-24,OOS,0.0,121129.18417620636
2025-11-25,OOS,0.0,122268.5118098826
2025-11-26,OOS,0.0,123112.59237791623
2025-11-28,OOS,0.0,123784.59643529922
2025-12-01,OOS,0.0,123219.46094768871
2025-12-02,OOS,0.0,123447.6887407622
2025-12-03,OOS,0.0,123875.16301985217
2025-12-04,OOS,0.0,123965.72960440515
2025-12-05,OOS,0.0,124201.20272424286
2025-12-08,OOS,0.0,123828.06839588465
2025-12-09,OOS,0.0,123721.19982611213
2025-12-10,OOS,0.0,124541.73308216201
2025-12-11,OOS,0.0,124831.54615273146
2025-12-12,OOS,0.0,123489.34936965657
2025-12-15,OOS,0.0,123302.78220547746
2025-12-16,OOS,0.0,122965.87451094043
2025-12-17,OOS,0.0,121612.80973771916
2025-12-18,OOS,0.0,122170.08947978554
2025-12-19,OOS,0.0,123277.42356180263
2025-12-22,OOS,0.0,124045.42819881177
2025-12-23,OOS,0.0,124612.37501811331
2025-12-24,OOS,0.0,125050.71728734965
2025-12-26,OOS,0.0,125038.03796551222
2025-12-29,OOS,0.0,124592.45036951166
2025-12-30,OOS,0.0,124440.29850746268
2025-12-31,OOS,0.0,123518.33067671349
2026-01-02,OOS,0.0,123744.74713809592
2026-01-05,OOS,0.0,124568.90305752787
2026-01-06,OOS,0.0,125309.73771917111
2026-01-07,OOS,0.0,124905.8107520649
2026-01-08,OOS,0.0,124893.13143022748
2026-01-09,OOS,0.0,125719.09868135054
2026-01-12,OOS,0.0,125916.53383567597
2026-01-13,OOS,0.0,125664.75873061873
2026-01-14,OOS,0.0,125047.09462396752
2026-01-15,OOS,0.0,125387.62498188666
2026-01-16,OOS,0.0,125282.56774380524
2026-01-20,OOS,0.0,122732.2127227938
2026-01-21,OOS,0.0,124148.67410520214
2026-01-22,OOS,0.0,124797.13085060136
2026-01-23,OOS,0.0,124842.41414287784
2026-01-26,OOS,0.0,125476.38023474859
2026-01-27,OOS,0.0,125976.30778148095
2026-01-28,OOS,0.0,125963.6284596435
2026-01-29,OOS,0.0,125713.66468627733
2026-01-30,OOS,0.0,125338.71902622808
2026-02-02,OOS,0.0,125961.81712795245
2026-02-03,OOS,0.0,124896.7540936096
2026-02-04,OOS,0.0,124291.76930879582
2026-02-05,OOS,0.0,122739.45804955803
2026-02-06,OOS,0.0,125094.18924793508
2026-02-09,OOS,0.0,125697.36270105782
2026-02-10,OOS,0.0,125365.88900159395
2026-02-11,OOS,0.0,125336.90769453703
2026-02-12,OOS,0.0,123400.59411679464
2026-02-13,OOS,0.0,123487.53803796551
2026-02-17,OOS,0.0,123686.78452398203
2026-02-18,OOS,0.0,124309.8826257064
2026-02-19,OOS,0.0,123982.03158962469
2026-02-20,OOS,0.0,124878.64077669902
2026-02-23,OOS,0.0,123603.4632661933
2026-02-24,OOS,0.0,124501.8837849587
2026-02-25,OOS,0.0,125552.45616577307
2026-02-26,OOS,0.0,124855.09346471523
2026-02-27,OOS,0.0,124255.54267497463
2026-03-02,OOS,0.0,124326.18461092595
2026-03-03,OOS,0.0,123230.3289378351
2026-03-04,OOS,0.0,124099.76814954354
2026-03-05,OOS,0.0,123407.83944355889
2026-03-06,OOS,0.0,121790.32024344295
2026-03-09,OOS,0.0,122857.19460947688
2026-03-10,OOS,0.0,122659.75945515142
2026-03-11,OOS,0.0,122505.79626141138
2026-03-12,OOS,0.0,120645.55861469351
2026-03-13,OOS,0.0,119962.68656716416
2026-03-16,OOS,0.0,121183.52412693811
2026-03-17,OOS,0.0,121502.31850456454
2026-03-18,OOS,0.0,119806.91204173306
2026-03-19,OOS,0.0,119186.16867120707
2026-03-20,OOS,0.0,117477.53948703085
2026-03-23,OOS,0.0,118711.05636864221
2026-03-24,OOS,0.0,118312.56339660916
2026-03-25,OOS,0.0,118971.88813215475
2026-03-26,OOS,0.0,116847.19605854223
2026-03-27,OOS,0.0,114854.73119837703
2026-03-30,OOS,0.0,114470.72887987249
2026-03-31,OOS,0.0,117798.14519634834
2026-04-01,OOS,0.0,118685.6977249674
2026-04-02,OOS,0.0,118792.56629473988
2026-04-06,OOS,0.0,119354.07911896825
2026-04-07,OOS,0.0,119406.60773800897
2026-04-08,OOS,0.0,122447.83364729748
2026-04-09,OOS,0.0,123154.2530068106
2026-04-10,OOS,0.0,123072.74308071294
2026-04-13,OOS,0.0,124275.46732357629
2026-04-14,OOS,0.0,125789.74061730184
2026-04-15,OOS,0.0,126782.35038400232
2026-04-16,OOS,0.0,127093.89943486449
2026-04-17,OOS,0.0,128629.90870888275
2026-04-20,OOS,0.0,128372.69960875234
2026-04-21,OOS,0.0,127532.24170410084
2026-04-22,OOS,0.0,128823.7211998261
2026-04-23,OOS,0.0,128323.79365309374
2026-04-24,OOS,0.0,129318.21475148528
2026-04-27,OOS,0.0,129541.00854948556
2026-04-28,OOS,0.0,128910.66512099696
2026-04-29,OOS,0.0,128890.74047239531
2026-04-30,OOS,0.0,130173.16330966524
2026-05-01,OOS,0.0,130533.61831618604
2026-05-04,OOS,0.0,130055.42674974639
2026-05-05,OOS,0.0,131098.75380379654
2026-05-06,OOS,0.0,132920.95348500216
2026-05-07,OOS,0.0,132513.40385451383
2026-05-08,OOS,0.0,133607.44819591363
2026-05-11,OOS,0.0,133911.75192001156
2026-05-12,OOS,0.0,133708.88277061292
2026-05-13,OOS,0.0,134456.96275902042
2026-05-14,OOS,0.0,135518.40312998113
2026-05-15,OOS,0.0,133888.2046080278
2026-05-18,OOS,0.0,133794.01536009272
2026-05-19,OOS,0.0,132902.84016809158
2026-05-20,OOS,0.0,134264.96159976814
2026-05-21,OOS,0.0,134531.22735835385
2026-05-22,OOS,0.0,135060.13621214314
2026-05-26,OOS,0.0,135956.7453992175
2026-05-27,OOS,0.0,135933.19808723373
2026-05-28,OOS,0.0,136683.08940733227
2026-05-29,OOS,0.0,137023.6197652514
2026-06-01,OOS,0.0,137396.7540936096
2026-06-02,OOS,0.0,137583.32125778872
2026-06-03,OOS,0.0,136617.88146645413
2026-06-04,OOS,0.0,137134.11099840602
2026-06-05,OOS,0.0,133594.7688740762
2026-06-08,OOS,0.0,133897.2612664831
2026-06-09,OOS,0.0,133504.20228952324
2026-06-10,OOS,0.0,131399.43486451238
2026-06-11,OOS,0.0,133632.80683958845
2026-06-12,OOS,0.0,134355.5281843211
2026-06-15,OOS,0.0,136724.75003622664
2026-06-16,OOS,0.0,135909.65077524996
2026-06-17,OOS,0.0,133867.6423706709
2026-06-18,OOS,0.0,135259.38269815966
2026-06-22,OOS,0.0,134833.71975076076
2026-06-23,OOS,0.0,132875.6701927257
2026-06-24,OOS,0.0,132814.08491522964
2026-06-25,OOS,0.0,133006.08607448195
2026-06-26,OOS,0.0,132044.26894652948
2026-06-29,OOS,0.0,134219.67830749167
2026-06-30,OOS,0.0,135264.81669323286
2026-07-01,OOS,0.0,135081.87219243587
2026-07-02,OOS,0.0,134904.36168671204
2026-07-06,OOS,0.0,136081.7272859006
2026-07-07,OOS,0.0,135435.08187219244
2026-07-08,OOS,0.0,135016.66425155773
2026-07-09,OOS,0.0,136159.61454861614
2026-07-10,OOS,0.0,136746.48601651934
2026-07-13,OOS,0.0,135699.53629908708
2026-07-14,OOS,0.0,136181.35052890886
2026-07-15,OOS,0.0,136721.1273728445
2026-07-16,OOS,0.0,135980.29271120127
2026-07-17,OOS,0.0,134634.4732647442
2026-07-20,OOS,0.0,134417.11346181712
2026-07-21,OOS,0.0,135538.32777858278
2026-07-22,OOS,0.0,135380.74192146063
2026-07-23,OOS,0.0,133708.88277061292
2026-07-24,OOS,0.0,133844.73264744238
2026-07-27,OOS,0.0,133873.71395449934
2026-07-28,OOS,0.0,134194.31966381683
2026-07-29,OOS,0.0,132129.40153600927
2026-07-30,OOS,0.0,134344.66019417474
2026-07-31,OOS,0.0,135311.9113172004
2026-08-03,OOS,0.0,137239.16823648746
2026-08-04,OOS,0.0,139713.44732647442
2026-08-05,OOS,0.0,139434.50224605127
2026-08-06,OOS,0.0,139211.708448051
2026-08-07,OOS,0.0,140063.03434284887
2026-08-10,OOS,0.0,140021.3737139545
2026-08-11,OOS,0.0,139573.97478626284
2026-08-12,OOS,0.0,139923.5618026373
2026-08-13,OOS,0.0,140899.86958411825
2026-08-14,OOS,0.0,140620.92450369513
2026-08-17,OOS,0.0,139956.16577307635
2026-08-18,OOS,0.0,139010.65063034344
2026-08-19,OOS,0.0,139302.27503260394
2026-08-20,OOS,0.0,138132.1547601797
2026-08-21,OOS,0.0,138697.29024779017
2026-08-24,OOS,0.0,138289.74061730184
2026-08-25,OOS,0.0,138731.7055499203
2026-08-26,OOS,0.0,138762.4981886683
2026-08-27,OOS,0.0,139671.78669758004
2026-08-28,OOS,0.0,139354.80365164467
2026-08-31,OOS,0.0,138938.19736270103
2026-09-01,OOS,0.0,137983.6255615128
2026-09-02,OOS,0.0,138595.85567309085
2026-09-03,OOS,0.0,140046.7323576293
2024-09-03,OOS,0.2,100004.11904761905
2024-09-04,OOS,0.2,99844.48662055153
2024-09-05,OOS,0.2,99654.40084698735
2024-09-06,OOS,0.2,98318.0893321727
2024-09-09,OOS,0.2,99198.83275052476
2024-09-10,OOS,0.2,99630.91346271204
2024-09-11,OOS,0.2,100653.02035750801
2024-09-12,OOS,0.2,101333.8127872746
2024-09-13,OOS,0.2,101760.94703496221
2024-09-16,OOS,0.2,101885.21934991093
2024-09-17,OOS,0.2,101922.54046508593
2024-09-18,OOS,0.2,101684.45120534251
2024-09-19,OOS,0.2,102823.59023689122
2024-09-20,OOS,0.2,102645.76063377442
2024-09-23,OOS,0.2,102855.33062719791
2024-09-24,OOS,0.2,103095.30753097036
2024-09-25,OOS,0.2,102916.50525113054
2024-09-26,OOS,0.2,103247.76661787987
2024-09-27,OOS,0.2,103131.2674912245
2024-09-30,OOS,0.2,103466.91777590835
2024-10-01,OOS,0.2,102725.89708814275
2024-10-02,OOS,0.2,102764.45813600175
2024-10-03,OOS,0.2,102617.5314542222
2024-10-04,OOS,0.2,103369.06634308689
2024-10-07,OOS,0.2,102622.30066012284
2024-10-08,OOS,0.2,103404.28350686959
2024-10-09,OOS,0.2,103983.39792703808
2024-10-10,OOS,0.2,103840.87852444517
2024-10-11,OOS,0.2,104344.62683685766
2024-10-14,OOS,0.2,105035.30529693914
2024-10-15,OOS,0.2,104381.25182686446
2024-10-16,OOS,0.2,104750.23113104286
2024-10-17,OOS,0.2,104761.30817517648
2024-10-18,OOS,0.2,105089.72316699907
2024-10-21,OOS,0.2,104954.43796373538
2024-10-22,OOS,0.2,104913.33463801857
2024-10-23,OOS,0.2,104144.80931009655
2024-10-24,OOS,0.2,104329.745428433
2024-10-25,OOS,0.2,104304.59205855818
2024-10-28,OOS,0.2,104567.77912916933
2024-10-29,OOS,0.2,104707.79635433404
2024-10-30,OOS,0.2,104456.54235162072
2024-10-31,OOS,0.2,102812.7129488098
2024-11-01,OOS,0.2,103164.2229275384
2024-11-04,OOS,0.2,102942.0108334629
2024-11-05,OOS,0.2,104186.75988076389
2024-11-06,OOS,0.2,106777.42770925383
2024-11-07,OOS,0.2,107443.5331371681
2024-11-08,OOS,0.2,107821.27527320942
2024-11-11,OOS,0.2,107907.75598680311
2024-11-12,OOS,0.2,107642.11453326071
2024-11-13,OOS,0.2,107687.997668837
2024-11-14,OOS,0.2,107135.42591169296
2024-11-15,OOS,0.2,106037.99789482742
2024-11-18,OOS,0.2,106389.66112499348
2024-11-19,OOS,0.2,106705.09003762851
2024-11-20,OOS,0.2,106737.95191776629
2024-11-21,OOS,0.2,107201.19532018687
2024-11-22,OOS,0.2,107471.71374533133
2024-11-25,OOS,0.2,107768.30765747478
2024-11-26,OOS,0.2,108224.29106458495
2024-11-27,OOS,0.2,107964.42848905605
2024-11-29,OOS,0.2,108507.33200744534
2024-12-02,OOS,0.2,108667.62410068238
2024-12-03,OOS,0.2,108711.97482095927
2024-12-04,OOS,0.2,109259.13506505736
2024-12-05,OOS,0.2,109117.98151886227
2024-12-06,OOS,0.2,109288.34402269678
2024-12-09,OOS,0.2,108838.50720798674
2024-12-10,OOS,0.2,108569.79579575552
2024-12-11,OOS,0.2,109248.74851197244
2024-12-12,OOS,0.2,108798.8546929184
2024-12-13,OOS,0.2,108785.1217538784
2024-12-16,OOS,0.2,109249.63841882105
2024-12-17,OOS,0.2,108799.52537139598
2024-12-18,OOS,0.2,106193.43248220811
2024-12-19,OOS,0.2,105886.19428471537
2024-12-20,OOS,0.2,107157.90474506252
2024-12-23,OOS,0.2,107799.60140884928
2024-12-24,OOS,0.2,108997.79772173912
2024-12-26,OOS,0.2,109007.3683846005
2024-12-27,OOS,0.2,108093.85035610077
2024-12-30,OOS,0.2,107113.72803968881
2024-12-31,OOS,0.2,106807.42177011532
2025-01-02,OOS,0.2,106602.54205034209
2025-01-03,OOS,0.2,107665.57780073526
2025-01-06,OOS,0.2,108163.48739839508
2025-01-07,OOS,0.2,107192.04538047631
2025-01-08,OOS,0.2,107320.44461769
2025-01-10,OOS,0.2,106020.07475970425
2025-01-13,OOS,0.2,106154.2889483654
2025-01-14,OOS,0.2,106274.00444888766
2025-01-15,OOS,0.2,107812.34689083563
2025-01-16,OOS,0.2,107650.92763048907
2025-01-17,OOS,0.2,108515.44728995785
2025-01-21,OOS,0.2,109311.87892652547
2025-01-22,OOS,0.2,109806.90562593077
2025-01-23,OOS,0.2,110290.34045885675
2025-01-24,OOS,0.2,110036.1929798386
2025-01-27,OOS,0.2,108793.75746782802
2025-01-28,OOS,0.2,109543.77875387597
2025-01-29,OOS,0.2,109154.83531440464
2025-01-30,OOS,0.2,109626.62862667805
2025-01-31,OOS,0.2,109163.78413668869
2025-02-03,OOS,0.2,108580.69400281447
2025-02-04,OOS,0.2,109165.54248031329
2025-02-05,OOS,0.2,109522.88834575885
2025-02-06,OOS,0.2,109830.97535490946
2025-02-07,OOS,0.2,109030.53673944551
2025-02-10,OOS,0.2,109625.54871345819
2025-02-11,OOS,0.2,109708.92104115628
2025-02-12,OOS,0.2,109355.49486939264
2025-02-13,OOS,0.2,110282.32541760054
2025-02-14,OOS,0.2,110281.75479028319
2025-02-18,OOS,0.2,110544.9147075931
2025-02-19,OOS,0.2,110757.35798807442
2025-02-20,OOS,0.2,110391.6161371348
2025-02-21,OOS,0.2,108882.55366278441
2025-02-24,OOS,0.2,108490.71251109477
2025-02-25,OOS,0.2,107951.17463303186
2025-02-26,OOS,0.2,108005.67340859375
2025-02-27,OOS,0.2,106281.69547498532
2025-02-28,OOS,0.2,107940.27487791944
2025-03-03,OOS,0.2,106049.16736592117
2025-03-04,OOS,0.2,105051.55859297664
2025-03-05,OOS,0.2,105953.68365022304
2025-03-06,OOS,0.2,104457.59767033043
2025-03-07,OOS,0.2,104926.44494554593
2025-03-10,OOS,0.2,102707.26810740163
2025-03-11,OOS,0.2,102035.70222208185
2025-03-12,OOS,0.2,102466.88423077106
2025-03-13,OOS,0.2,101391.0303875361
2025-03-14,OOS,0.2,103045.20777980526
2025-03-17,OOS,0.2,103677.80326060962
2025-03-18,OOS,0.2,102793.22795439744
2025-03-19,OOS,0.2,103682.30074673641
2025-03-20,OOS,0.2,103202.65514754658
2025-03-21,OOS,0.2,103233.23478829478
2025-03-24,OOS,0.2,104700.48656084485
2025-03-25,OOS,0.2,104904.15398073848
2025-03-26,OOS,0.2,103912.3431196686
2025-03-27,OOS,0.2,103697.23192296967
2025-03-28,OOS,0.2,102046.09759695282
2025-03-31,OOS,0.2,102590.28937337073
2025-04-01,OOS,0.2,102880.05618580915
2025-04-02,OOS,0.2,103531.11453021193
2025-04-03,OOS,0.2,99503.5309779899
2025-04-04,OOS,0.2,94954.25866268219
2025-04-07,OOS,0.2,94785.1270271605
2025-04-08,OOS,0.2,93300.52711535874
2025-04-09,OOS,0.2,103098.8865332503
2025-04-10,OOS,0.2,98581.19262442573
2025-04-11,OOS,0.2,99941.40418242807
2025-04-14,OOS,0.2,100695.89813590984
2025-04-15,OOS,0.2,100480.96803469288
2025-04-16,OOS,0.2,98753.21437157392
2025-04-17,OOS,0.2,98865.78333412664
2025-04-21,OOS,0.2,97053.99417788073
2025-04-22,OOS,0.2,98995.27599135065
2025-04-23,OOS,0.2,100183.0444882693
2025-04-24,OOS,0.2,101820.01494447682
2025-04-25,OOS,0.2,102396.27022648061
2025-04-28,OOS,0.2,102430.57573071394
2025-04-29,OOS,0.2,102937.26823253355
2025-04-30,OOS,0.2,102973.01515602745
2025-05-01,OOS,0.2,103546.3659868906
2025-05-02,OOS,0.2,104751.52792588007
2025-05-05,OOS,0.2,104284.46911552797
2025-05-06,OOS,0.2,103605.84743161927
2025-05-07,OOS,0.2,103950.275535877
2025-05-08,OOS,0.2,104520.7585064575
2025-05-09,OOS,0.2,104420.32489006378
2025-05-12,OOS,0.2,107126.80341863184
2025-05-13,OOS,0.2,107688.65693440035
2025-05-14,OOS,0.2,107801.3008843733
2025-05-15,OOS,0.2,108221.12041182288
2025-05-16,OOS,0.2,108767.00031748456
2025-05-19,OOS,0.2,108865.13769746944
2025-05-20,OOS,0.2,108579.26445170563
2025-05-21,OOS,0.2,107135.57068060136
2025-05-22,OOS,0.2,107172.83137691853
2025-05-23,OOS,0.2,106441.30130629457
2025-05-27,OOS,0.2,108654.27167069472
2025-05-28,OOS,0.2,108025.67045422891
2025-05-29,OOS,0.2,108365.80871612024
2025-05-30,OOS,0.2,108274.12618715815
2025-06-02,OOS,0.2,108759.24494879952
2025-06-03,OOS,0.2,109253.04973637231
2025-06-04,OOS,0.2,109233.89517351428
2025-06-05,OOS,0.2,108820.59554481447
2025-06-06,OOS,0.2,109707.09916701356
2025-06-09,OOS,0.2,109789.38130802831
2025-06-10,OOS,0.2,110286.10593452488
2025-06-11,OOS,0.2,110040.90981420122
2025-06-12,OOS,0.2,110391.28935512975
2025-06-13,OOS,0.2,109417.21479198203
2025-06-16,OOS,0.2,110244.31099567695
2025-06-17,OOS,0.2,109502.06103809433
2025-06-18,OOS,0.2,109237.8410564989
2025-06-20,OOS,0.2,109039.12702560368
2025-06-23,OOS,0.2,110116.16087436234
2025-06-24,OOS,0.2,111332.6403321596
2025-06-25,OOS,0.2,111385.97678381878
2025-06-26,OOS,0.2,112078.36105299072
2025-06-27,OOS,0.2,112522.95585727869
2025-06-30,OOS,0.2,112953.07930470875
2025-07-01,OOS,0.2,112928.18765386243
2025-07-02,OOS,0.2,113338.0256192334
2025-07-03,OOS,0.2,114050.72825871404
2025-07-07,OOS,0.2,113379.57420705057
2025-07-08,OOS,0.2,113334.41710876877
2025-07-09,OOS,0.2,113877.58126482106
2025-07-10,OOS,0.2,114136.7293329198
2025-07-11,OOS,0.2,113822.03893654206
2025-07-14,OOS,0.2,113998.59172068477
2025-07-15,OOS,0.2,113615.8060002122
2025-07-16,OOS,0.2,113921.31773307863
2025-07-17,OOS,0.2,114618.47487918155
2025-07-18,OOS,0.2,114534.5240186561
2025-07-21,OOS,0.2,114711.09175975074
2025-07-22,OOS,0.2,114728.26303460091
2025-07-23,OOS,0.2,115507.64340774395
2025-07-24,OOS,0.2,115542.21427999178
2025-07-25,OOS,0.2,115934.70502062346
2025-07-28,OOS,0.2,115915.6431855382
2025-07-29,OOS,0.2,115676.32413674575
2025-07-30,OOS,0.2,115564.53293326103
2025-07-31,OOS,0.2,115223.79012748077
2025-08-01,OOS,0.2,113726.637628787
2025-08-04,OOS,0.2,115100.08429823274
2025-08-05,OOS,0.2,114640.45461987214
2025-08-06,OOS,0.2,115341.50822561866
2025-08-07,OOS,0.2,115268.76162777402
2025-08-08,OOS,0.2,115987.20540753244
2025-08-11,OOS,0.2,115808.69720327869
2025-08-12,OOS,0.2,116793.77979021688
2025-08-13,OOS,0.2,117116.60264784785
2025-08-14,OOS,0.2,117129.33559776511
2025-08-15,OOS,0.2,116914.56597640432
2025-08-18,OOS,0.2,116898.3471832213
2025-08-19,OOS,0.2,116396.66400539695
2025-08-20,OOS,0.2,116154.36421520493
2025-08-21,OOS,0.2,115787.46429430188
2025-08-22,OOS,0.2,117205.76657607942
2025-08-25,OOS,0.2,116798.26599995611
2025-08-26,OOS,0.2,117192.08984586805
2025-08-27,OOS,0.2,117409.10958954008
2025-08-28,OOS,0.2,117744.95336954252
2025-08-29,OOS,0.2,117188.14534088755
2025-09-02,OOS,0.2,116499.44479968572
2025-09-03,OOS,0.2,117006.20500786003
2025-09-04,OOS,0.2,117789.7185224321
2025-09-05,OOS,0.2,117521.12649453082
2025-09-08,OOS,0.2,117755.38901517511
2025-09-09,OOS,0.2,117976.61057584338
2025-09-10,OOS,0.2,118252.88782776799
2025-09-11,OOS,0.2,119042.12541796028
2025-09-12,OOS,0.2,119014.0907715359
2025-09-15,OOS,0.2,119525.090208793
2025-09-16,OOS,0.2,119397.0335888416
2025-09-17,OOS,0.2,119282.0003114799
2025-09-18,OOS,0.2,119466.77275007936
2025-09-19,OOS,0.2,119944.5786901792
2025-09-22,OOS,0.2,120403.35824450057
2025-09-23,OOS,0.2,119881.12115383842
2025-09-24,OOS,0.2,119579.1614669554
2025-09-25,OOS,0.2,119141.00911616234
2025-09-26,OOS,0.2,119691.10107004138
2025-09-29,OOS,0.2,119964.44102701491
2025-09-30,OOS,0.2,120330.50289475813
2025-10-01,OOS,0.2,120663.22742174132
2025-10-02,OOS,0.2,120778.60219298677
2025-10-03,OOS,0.2,120780.95991851165
2025-10-06,OOS,0.2,121132.53355521531
2025-10-07,OOS,0.2,120775.50539109141
2025-10-08,OOS,0.2,121357.47217856208
2025-10-09,OOS,0.2,121078.71365379961
2025-10-10,OOS,0.2,118453.90947828192
2025-10-13,OOS,0.2,119909.67394263273
2025-10-14,OOS,0.2,119763.18679872961
2025-10-15,OOS,0.2,120294.88087660023
2025-10-16,OOS,0.2,119642.26807141198
2025-10-17,OOS,0.2,120189.46300961879
2025-10-20,OOS,0.2,121194.53473152468
2025-10-21,OOS,0.2,121196.84433122248
2025-10-22,OOS,0.2,120694.87977877673
2025-10-23,OOS,0.2,121272.46001038076
2025-10-24,OOS,0.2,122071.72883672333
2025-10-27,OOS,0.2,123233.22659316036
2025-10-28,OOS,0.2,123500.6515971984
2025-10-29,OOS,0.2,123552.20443591123
2025-10-30,OOS,0.2,122460.43579155917
2025-10-31,OOS,0.2,122787.27419678326
2025-11-03,OOS,0.2,123017.70511337693
2025-11-04,OOS,0.2,121559.50946930758
2025-11-05,OOS,0.2,121980.7659887054
2025-11-06,OOS,0.2,120671.99039211473
2025-11-07,OOS,0.2,120790.80633348336
2025-11-10,OOS,0.2,122675.6592215582
2025-11-11,OOS,0.2,122956.49690115673
2025-11-12,OOS,0.2,123015.32099038009
2025-11-13,OOS,0.2,121375.85059485085
2025-11-14,OOS,0.2,121363.67166197576
2025-11-17,OOS,0.2,120460.33717152705
2025-11-18,OOS,0.2,119654.06208337599
2025-11-19,OOS,0.2,120027.33630459322
2025-11-20,OOS,0.2,118567.5339172723
2025-11-21,OOS,0.2,119513.14248878771
2025-11-24,OOS,0.2,121272.20881678679
2025-11-25,OOS,0.2,122412.88172432434
2025-11-26,OOS,0.2,123091.97254554978
2025-11-28,OOS,0.2,123633.36370283457
2025-12-01,OOS,0.2,123184.97545821336
2025-12-02,OOS,0.2,123371.23933803957
2025-12-03,OOS,0.2,123716.85212197207
2025-12-04,OOS,0.2,123792.92951808784
2025-12-05,OOS,0.2,123984.93267598365
2025-12-08,OOS,0.2,123690.06995178726
2025-12-09,OOS,0.2,123608.22037393854
2025-12-10,OOS,0.2,124268.25369906786
2025-12-11,OOS,0.2,124503.68207671685
2025-12-12,OOS,0.2,123433.47375961846
2025-12-15,OOS,0.2,123287.78920601579
2025-12-16,OOS,0.2,123021.82296510552
2025-12-17,OOS,0.2,121942.93157545774
2025-12-18,OOS,0.2,122392.29674670222
2025-12-19,OOS,0.2,123501.6448869964
2025-12-22,OOS,0.2,124271.04639792204
2025-12-23,OOS,0.2,124728.2299116574
2025-12-24,OOS,0.2,125082.57005392425
2025-12-26,OOS,0.2,125076.04377368669
2025-12-29,OOS,0.2,124723.23115154165
2025-12-30,OOS,0.2,124605.13783010186
2025-12-31,OOS,0.2,123871.21214246356
2026-01-02,OOS,0.2,124055.97453374186
2026-01-05,OOS,0.2,124882.20326762734
2026-01-06,OOS,0.2,125624.90118446061
2026-01-07,OOS,0.2,125305.40505291268
2026-01-08,OOS,0.2,125298.90756125041
2026-01-09,OOS,0.2,125963.32785170242
2026-01-12,OOS,0.2,126124.97336165038
2026-01-13,OOS,0.2,125927.25120256076
2026-01-14,OOS,0.2,125436.81838074299
2026-01-15,OOS,0.2,125712.9517482318
2026-01-16,OOS,0.2,125632.60550006703
2026-01-20,OOS,0.2,123596.05181023519
2026-01-21,OOS,0.2,124732.95179084591
2026-01-22,OOS,0.2,125384.46035141089
2026-01-23,OOS,0.2,125424.43789777104
2026-01-26,OOS,0.2,125935.33181726611
2026-01-27,OOS,0.2,126338.9954425647
2026-01-28,OOS,0.2,126332.58425704397
2026-01-29,OOS,0.2,126136.33591180602
2026-01-30,OOS,0.2,125840.10259937285
2026-02-02,OOS,0.2,126342.32513154706
2026-02-03,OOS,0.2,125494.01930310349
2026-02-04,OOS,0.2,125013.77662259943
2026-02-05,OOS,0.2,123775.65300907884
2026-02-06,OOS,0.2,125663.17405661283
2026-02-09,OOS,0.2,126149.45960742884
2026-02-10,OOS,0.2,125888.02798481242
2026-02-11,OOS,0.2,125868.60098171051
2026-02-12,OOS,0.2,124323.3087138363
2026-02-13,OOS,0.2,124396.60267724073
2026-02-17,OOS,0.2,124597.31593421903
2026-02-18,OOS,0.2,125225.00102876939
2026-02-19,OOS,0.2,124894.73648774144
2026-02-20,OOS,0.2,125615.78838582896
2026-02-23,OOS,0.2,124599.4114770899
2026-02-24,OOS,0.2,125321.9135430859
2026-02-25,OOS,0.2,126166.13765011997
2026-02-26,OOS,0.2,125612.00403513087
2026-02-27,OOS,0.2,125136.11028827474
2026-03-02,OOS,0.2,125196.42232256244
2026-03-03,OOS,0.2,124323.52661785531
2026-03-04,OOS,0.2,125022.86737878814
2026-03-05,OOS,0.2,124473.10414795193
2026-03-06,OOS,0.2,123182.85885977463
2026-03-09,OOS,0.2,124040.14941354968
2026-03-10,OOS,0.2,123885.99290916562
2026-03-11,OOS,0.2,123766.61453146052
2026-03-12,OOS,0.2,122282.22737267283
2026-03-13,OOS,0.2,121739.7332546251
2026-03-16,OOS,0.2,122978.65548225376
2026-03-17,OOS,0.2,123302.17226572949
2026-03-18,OOS,0.2,121581.6511899722
2026-03-19,OOS,0.2,120951.71254396577
2026-03-20,OOS,0.2,119217.77287434843
2026-03-23,OOS,0.2,120469.56224677438
2026-03-24,OOS,0.2,120065.16626742974
2026-03-25,OOS,0.2,120734.2577968909
2026-03-26,OOS,0.2,118578.09196156688
2026-03-27,OOS,0.2,116556.11206484355
2026-03-30,OOS,0.2,116166.4213938387
2026-03-31,OOS,0.2,119543.12782136662
2026-04-01,OOS,0.2,120443.82795717973
2026-04-02,OOS,0.2,120533.06616609993
2026-04-06,OOS,0.2,120986.04056551616
2026-04-07,OOS,0.2,121031.81803629133
2026-04-08,OOS,0.2,123468.53364874239
2026-04-09,OOS,0.2,124037.39444514534
2026-04-10,OOS,0.2,123975.92248167304
2026-04-13,OOS,0.2,124941.85865258846
2026-04-14,OOS,0.2,126157.03461727464
2026-04-15,OOS,0.2,126954.88031350319
2026-04-16,OOS,0.2,127207.86785974943
2026-04-17,OOS,0.2,128440.42413486697
2026-04-20,OOS,0.2,128238.41639462346
2026-04-21,OOS,0.2,127569.78989420587
2026-04-22,OOS,0.2,128606.71386170665
2026-04-23,OOS,0.2,128210.51274293853
2026-04-24,OOS,0.2,129009.79108804691
2026-04-27,OOS,0.2,129191.75799973983
2026-04-28,OOS,0.2,128691.21567521362
2026-04-29,OOS,0.2,128679.00891964849
2026-04-30,OOS,0.2,129708.68069791181
2026-05-01,OOS,0.2,130000.77875678657
2026-05-04,OOS,0.2,129621.98039931676
2026-05-05,OOS,0.2,130460.3873396961
2026-05-06,OOS,0.2,131921.89293021834
2026-05-07,OOS,0.2,131599.59961988422
2026-05-08,OOS,0.2,132478.5820356397
2026-05-11,OOS,0.2,132725.78266201614
2026-05-12,OOS,0.2,132567.24554131334
2026-05-13,OOS,0.2,133169.45812386906
2026-05-14,OOS,0.2,134022.35956136827
2026-05-15,OOS,0.2,132721.95043351757
2026-05-18,OOS,0.2,132650.33911069448
2026-05-19,OOS,0.2,131941.12941405544
2026-05-20,OOS,0.2,133034.53722721693
2026-05-21,OOS,0.2,133251.2915424207
2026-05-22,OOS,0.2,133678.1608801955
2026-05-26,OOS,0.2,134399.19103108638
2026-05-27,OOS,0.2,134384.0965292985
2026-05-28,OOS,0.2,134987.76365345035
2026-05-29,OOS,0.2,135263.9425575615
2026-06-01,OOS,0.2,135566.29677725985
2026-06-02,OOS,0.2,135719.38766449614
2026-06-03,OOS,0.2,134950.8837410272
2026-06-04,OOS,0.2,135367.71585337393
2026-06-05,OOS,0.2,131873.96323773387
2026-06-08,OOS,0.2,132119.72671368025
2026-06-09,OOS,0.2,131731.8857367469
2026-06-10,OOS,0.2,129655.05986026497
2026-06-11,OOS,0.2,131858.783014914
2026-06-12,OOS,0.2,132571.90997250122
2026-06-15,OOS,0.2,134471.06053249154
2026-06-16,OOS,0.2,133822.75476963512
2026-06-17,OOS,0.2,132192.96209282873
2026-06-18,OOS,0.2,133567.29178965988
2026-06-22,OOS,0.2,133146.95387324222
2026-06-23,OOS,0.2,131213.39945772116
2026-06-24,OOS,0.2,131152.58461023943
2026-06-25,OOS,0.2,131342.18384062356
2026-06-26,OOS,0.2,130392.39901671819
2026-06-29,OOS,0.2,132540.59407041
2026-06-30,OOS,0.2,133572.65780561412
2026-07-01,OOS,0.2,133430.17677232323
2026-07-02,OOS,0.2,133292.0133309922
2026-07-06,OOS,0.2,134237.80169081164
2026-07-07,OOS,0.2,133724.3717701891
2026-07-08,OOS,0.2,133393.53474928744
2026-07-09,OOS,0.2,134311.7523749827
2026-07-10,OOS,0.2,134785.1276696955
2026-07-13,OOS,0.2,133951.48690694617
2026-07-14,OOS,0.2,134340.8075262882
2026-07-15,OOS,0.2,134776.48874884963
2026-07-16,OOS,0.2,134187.6914327694
2026-07-17,OOS,0.2,133114.9169593524
2026-07-20,OOS,0.2,132944.92087597985
2026-07-21,OOS,0.2,133845.7947683016
2026-07-22,OOS,0.2,133723.6492915563
2026-07-23,OOS,0.2,132390.14630699836
2026-07-24,OOS,0.2,132502.82125761904
2026-07-27,OOS,0.2,132530.0019802151
2026-07-28,OOS,0.2,132790.42230243832
2026-07-29,OOS,0.2,131142.35351138152
2026-07-30,OOS,0.2,132918.41664185515
2026-07-31,OOS,0.2,133875.39913436212
2026-08-03,OOS,0.2,135421.18074725269
2026-08-04,OOS,0.2,137404.56037247853
2026-08-05,OOS,0.2,137185.36127209914
2026-08-06,OOS,0.2,137011.09398218914
2026-08-07,OOS,0.2,137696.0925347082
2026-08-10,OOS,0.2,137666.72282671512
2026-08-11,OOS,0.2,137312.76309078396
2026-08-12,OOS,0.2,137596.372361313
2026-08-13,OOS,0.2,138381.35884894608
2026-08-14,OOS,0.2,138162.13346904732
2026-08-17,OOS,0.2,137634.26795575317
2026-08-18,OOS,0.2,136881.78773182086
2026-08-19,OOS,0.2,137168.94608513147
2026-08-20,OOS,0.2,136016.74548737583
2026-08-21,OOS,0.2,136573.2262714312
2026-08-24,OOS,0.2,136171.91801369897
2026-08-25,OOS,0.2,136607.11452430635
2026-08-26,OOS,0.2,136637.43559266836
2026-08-27,OOS,0.2,137368.77153306123
2026-08-28,OOS,0.2,137119.15185164957
2026-08-31,OOS,0.2,136789.84436247553
2026-09-01,OOS,0.2,136030.17525497617
2026-09-02,OOS,0.2,136523.9482980973
2026-09-03,OOS,0.2,137688.63922009067
2024-09-03,OOS,0.3,100006.17857142857
2024-09-04,OOS,0.3,99869.07017137212
2024-09-05,OOS,0.3,99705.30073432683
2024-09-06,OOS,0.3,98538.57436921977
2024-09-09,OOS,0.3,99311.76166020244
2024-09-10,OOS,0.3,99744.3342572473
2024-09-11,OOS,0.3,100767.60472840804
2024-09-12,OOS,0.3,101365.84742319559
2024-09-13,OOS,0.3,101742.09436783237
2024-09-16,OOS,0.3,101853.33257507649
2024-09-17,OOS,0.3,101888.48393339182
2024-09-18,OOS,0.3,101682.59623998012
2024-09-19,OOS,0.3,102681.76359762058
2024-09-20,OOS,0.3,102504.1792784402
2024-09-23,OOS,0.3,102689.9297185102
2024-09-24,OOS,0.3,102902.27154134755
2024-09-25,OOS,0.3,102748.18201812457
2024-09-26,OOS,0.3,103040.39358715886
2024-09-27,OOS,0.3,102940.81516235476
2024-09-30,OOS,0.3,103236.8931107543
2024-10-01,OOS,0.3,102590.8743237081
2024-10-02,OOS,0.3,102626.97991520386
2024-10-03,OOS,0.3,102500.77914046965
2024-10-04,OOS,0.3,103160.7578974734
2024-10-07,OOS,0.3,102509.74428101165
2024-10-08,OOS,0.3,103196.37599208238
2024-10-09,OOS,0.3,103705.49828165982
2024-10-10,OOS,0.3,103583.19142816897
2024-10-11,OOS,0.3,104026.35918007999
2024-10-14,OOS,0.3,104633.09125942115
2024-10-15,OOS,0.3,104063.1833481796
2024-10-16,OOS,0.3,104388.42451137373
2024-10-17,OOS,0.3,104400.51174834653
2024-10-18,OOS,0.3,104690.26508668173
2024-10-21,OOS,0.3,104574.28120295709
2024-10-22,OOS,0.3,104540.70185559326
2024-10-23,OOS,0.3,103870.63375937751
2024-10-24,OOS,0.3,104034.82970619104
2024-10-25,OOS,0.3,104015.21296828937
2024-10-28,OOS,0.3,104247.87938785629
2024-10-29,OOS,0.3,104372.77263612361
2024-10-30,OOS,0.3,104155.2888208668
2024-10-31,OOS,0.3,102719.28678301761
2024-11-01,OOS,0.3,103029.1919481834
2024-11-04,OOS,0.3,102807.2707060703
2024-11-05,OOS,0.3,104050.39050945186
2024-11-06,OOS,0.3,106637.66742969726
2024-11-07,OOS,0.3,107222.93628016164
2024-11-08,OOS,0.3,107555.88769607698
2024-11-11,OOS,0.3,107633.98581327235
2024-11-12,OOS,0.3,107403.97748022727
2024-11-13,OOS,0.3,107446.5378740713
2024-11-14,OOS,0.3,106965.45592303864
2024-11-15,OOS,0.3,106007.61994034285
2024-11-18,OOS,0.3,106317.75498266483
2024-11-19,OOS,0.3,106596.1801948285
2024-11-20,OOS,0.3,106627.35969812458
2024-11-21,OOS,0.3,107035.12872872259
2024-11-22,OOS,0.3,107274.26385086178
2024-11-25,OOS,0.3,107536.21021827999
2024-11-26,OOS,0.3,107937.61758513997
2024-11-27,OOS,0.3,107712.65490573301
2024-11-29,OOS,0.3,108190.10248877991
2024-12-02,OOS,0.3,108332.7287173183
2024-12-03,OOS,0.3,108373.89615405879
2024-12-04,OOS,0.3,108855.01182813234
2024-12-05,OOS,0.3,108733.84809339266
2024-12-06,OOS,0.3,108885.24027690852
2024-12-09,OOS,0.3,108493.95846449421
2024-12-10,OOS,0.3,108261.15652510696
2024-12-11,OOS,0.3,108857.54531541551
2024-12-12,OOS,0.3,108466.17799648523
2024-12-13,OOS,0.3,108456.44657807163
2024-12-16,OOS,0.3,108919.55978733896
2024-12-17,OOS,0.3,108470.80667758378
2024-12-18,OOS,0.3,106192.77153160081
2024-12-19,OOS,0.3,105926.22937084932
2024-12-20,OOS,0.3,107198.42065910951
2024-12-23,OOS,0.3,107840.35994547213
2024-12-24,OOS,0.3,109039.00929091184
2024-12-26,OOS,0.3,109049.74262182179
2024-12-27,OOS,0.3,108252.75205929244
2024-12-30,OOS,0.3,107397.5156937891
2024-12-31,OOS,0.3,107131.86878037226
2025-01-02,OOS,0.3,106954.96508246864
2025-01-03,OOS,0.3,107887.47697497625
2025-01-06,OOS,0.3,108325.50931814038
2025-01-07,OOS,0.3,107477.85940530368
2025-01-08,OOS,0.3,107592.57099840864
2025-01-10,OOS,0.3,106457.11547240669
2025-01-13,OOS,0.3,106576.92682930073
2025-01-14,OOS,0.3,106684.04681244175
2025-01-15,OOS,0.3,108032.46034494785
2025-01-16,OOS,0.3,107893.57736081837
2025-01-17,OOS,0.3,108652.39133777693
2025-01-21,OOS,0.3,109351.63957512366
2025-01-22,OOS,0.3,109787.15890259708
2025-01-23,OOS,0.3,110212.53575711572
2025-01-24,OOS,0.3,109992.52305909275
2025-01-27,OOS,0.3,108907.74241823237
2025-01-28,OOS,0.3,109566.35643685657
2025-01-29,OOS,0.3,109228.3767217881
2025-01-30,OOS,0.3,109643.53662209211
2025-01-31,OOS,0.3,109240.8942893686
2025-02-03,OOS,0.3,108733.0537559968
2025-02-04,OOS,0.3,109247.15446818764
2025-02-05,OOS,0.3,109562.19080004677
2025-02-06,OOS,0.3,109834.13148621147
2025-02-07,OOS,0.3,109136.11810728448
2025-02-10,OOS,0.3,109659.12440332741
2025-02-11,OOS,0.3,109742.52226598015
2025-02-12,OOS,0.3,109388.98784821299
2025-02-13,OOS,0.3,110202.32452692247
2025-02-14,OOS,0.3,110204.18558348302
2025-02-18,OOS,0.3,110436.81127309808
2025-02-19,OOS,0.3,110625.06031206381
2025-02-20,OOS,0.3,110307.39232626442
2025-02-21,OOS,0.3,108989.31375747174
2025-02-24,OOS,0.3,108648.7988057669
2025-02-25,OOS,0.3,108108.47474479482
2025-02-26,OOS,0.3,108163.05293277178
2025-02-27,OOS,0.3,106436.56291976676
2025-02-28,OOS,0.3,108097.5591071994
2025-03-03,OOS,0.3,106203.69598439833
2025-03-04,OOS,0.3,105333.09792424252
2025-03-05,OOS,0.3,106124.77268588374
2025-03-06,OOS,0.3,104818.007866168
2025-03-07,OOS,0.3,105230.56004257625
2025-03-10,OOS,0.3,103291.08619240223
2025-03-11,OOS,0.3,102705.77764843938
2025-03-12,OOS,0.3,103085.37923704197
2025-03-13,OOS,0.3,102146.31952710907
2025-03-14,OOS,0.3,103596.03221745459
2025-03-17,OOS,0.3,104151.86646170125
2025-03-18,OOS,0.3,103380.17666569263
2025-03-19,OOS,0.3,104160.42402258252
2025-03-20,OOS,0.3,103743.04318357173
2025-03-21,OOS,0.3,103772.10982626188
2025-03-24,OOS,0.3,105058.2649811021
2025-03-25,OOS,0.3,105238.78422425943
2025-03-26,OOS,0.3,104373.26036853345
2025-03-27,OOS,0.3,104187.34911616004
2025-03-28,OOS,0.3,102744.9180227296
2025-03-31,OOS,0.3,103223.3923269739
2025-04-01,OOS,0.3,103514.94734203788
2025-04-02,OOS,0.3,104170.02348347902
2025-04-03,OOS,0.3,100648.2105374094
2025-04-04,OOS,0.3,96669.90415110198
2025-04-07,OOS,0.3,96497.71662391709
2025-04-08,OOS,0.3,94986.29277418286
2025-04-09,OOS,0.3,104961.69018242869
2025-04-10,OOS,0.3,100362.3700118451
2025-04-11,OOS,0.3,101554.98411743285
2025-04-14,OOS,0.3,102217.59013967116
2025-04-15,OOS,0.3,102031.9505305207
2025-04-16,OOS,0.3,100522.59072125016
2025-04-17,OOS,0.3,100623.5192266645
2025-04-21,OOS,0.3,99040.63479674427
2025-04-22,OOS,0.3,100741.68228147602
2025-04-23,OOS,0.3,101783.40603105629
2025-04-24,OOS,0.3,103218.17630745567
2025-04-25,OOS,0.3,103724.82122147718
2025-04-28,OOS,0.3,103757.26049507105
2025-04-29,OOS,0.3,104203.03319940167
2025-04-30,OOS,0.3,104236.72893604088
2025-05-01,OOS,0.3,104740.82850504245
2025-05-02,OOS,0.3,105797.7744275826
2025-05-05,OOS,0.3,105391.5276118516
2025-05-06,OOS,0.3,104800.16369923297
2025-05-07,OOS,0.3,105103.97438192012
2025-05-08,OOS,0.3,105605.58349218879
2025-05-09,OOS,0.3,105520.14100847633
2025-05-12,OOS,0.3,107890.79199941564
2025-05-13,OOS,0.3,108384.89092253952
2025-05-14,OOS,0.3,108485.93190908422
2025-05-15,OOS,0.3,108855.73510259159
2025-05-16,OOS,0.3,109335.835934856
2025-05-19,OOS,0.3,109424.17372487392
2025-05-20,OOS,0.3,109176.49702533412
2025-05-21,OOS,0.3,107915.71654836183
2025-05-22,OOS,0.3,107950.7772783904
2025-05-23,OOS,0.3,107213.93717897523
2025-05-27,OOS,0.3,109442.97104755782
2025-05-28,OOS,0.3,108809.80694203019
2025-05-29,OOS,0.3,109109.89985870435
2025-05-30,OOS,0.3,109032.15001106616
2025-06-02,OOS,0.3,109459.14709281235
2025-06-03,OOS,0.3,109893.73921838253
2025-06-04,OOS,0.3,109879.49802762398
2025-06-05,OOS,0.3,109520.38034808678
2025-06-06,OOS,0.3,110298.58528145787
2025-06-09,OOS,0.3,110373.10253732139
2025-06-10,OOS,0.3,110810.26308958617
2025-06-11,OOS,0.3,110598.24343453179
2025-06-12,OOS,0.3,110907.35860884297
2025-06-13,OOS,0.3,110057.57120985394
2025-06-16,OOS,0.3,110783.79731513548
2025-06-17,OOS,0.3,110136.84028920929
2025-06-18,OOS,0.3,109908.15993281383
2025-06-20,OOS,0.3,109736.78067027045
2025-06-23,OOS,0.3,110820.70559208257
2025-06-24,OOS,0.3,112044.96832319228
2025-06-25,OOS,0.3,112094.18036193309
2025-06-26,OOS,0.3,112702.56548906441
2025-06-27,OOS,0.3,113094.13527845533
2025-06-30,OOS,0.3,113473.05469101474
2025-07-01,OOS,0.3,113453.83053165585
2025-07-02,OOS,0.3,113815.00104296398
2025-07-03,OOS,0.3,114441.18440372095
2025-07-07,OOS,0.3,113856.49361024254
2025-07-08,OOS,0.3,113819.55060156785
2025-07-09,OOS,0.3,114297.38914110928
2025-07-10,OOS,0.3,114526.7140544442
2025-07-11,OOS,0.3,114253.92494589406
2025-07-14,OOS,0.3,114410.97988649011
2025-07-15,OOS,0.3,114078.61408653768
2025-07-16,OOS,0.3,114348.50318996719
2025-07-17,OOS,0.3,115048.27455612922
2025-07-18,OOS,0.3,114964.00889423538
2025-07-21,OOS,0.3,115121.08627025931
2025-07-22,OOS,0.3,115138.69218992481
2025-07-23,OOS,0.3,115823.23152228104
2025-07-24,OOS,0.3,115856.06884789668
2025-07-25,OOS,0.3,116202.08651224224
2025-07-28,OOS,0.3,116187.98441314283
2025-07-29,OOS,0.3,115981.15770200314
2025-07-30,OOS,0.3,115885.92416441844
2025-07-31,OOS,0.3,115590.35842698404
2025-08-01,OOS,0.3,114282.89949491211
2025-08-04,OOS,0.3,115487.21527505525
2025-08-05,OOS,0.3,115087.58382808379
2025-08-06,OOS,0.3,115703.53896500386
2025-08-07,OOS,0.3,115642.41935804993
2025-08-08,OOS,0.3,116273.59176584151
2025-08-11,OOS,0.3,116119.94335599757
2025-08-12,OOS,0.3,116984.43145898127
2025-08-13,OOS,0.3,117269.41925941121
2025-08-14,OOS,0.3,117283.08468921395
2025-08-15,OOS,0.3,117097.68579984776
2025-08-18,OOS,0.3,117086.03693191062
2025-08-19,OOS,0.3,116649.58954526392
2025-08-20,OOS,0.3,116440.10305371592
2025-08-21,OOS,0.3,116121.603628817
2025-08-22,OOS,0.3,117365.12718624636
2025-08-25,OOS,0.3,117011.08542219178
2025-08-26,OOS,0.3,117358.19707861224
2025-08-27,OOS,0.3,117550.59381482744
2025-08-28,OOS,0.3,117846.96200620482
2025-08-29,OOS,0.3,117362.24264544233
2025-09-02,OOS,0.3,116762.10010780275
2025-09-03,OOS,0.3,117207.97437166542
2025-09-04,OOS,0.3,117895.99641862858
2025-09-05,OOS,0.3,117663.37355573622
2025-09-08,OOS,0.3,117870.76646726344
2025-09-09,OOS,0.3,118066.74893143642
2025-09-10,OOS,0.3,118310.89963036377
2025-09-11,OOS,0.3,119003.88512737516
2025-09-12,OOS,0.3,118981.75780634023
2025-09-15,OOS,0.3,119431.27391629049
2025-09-16,OOS,0.3,119321.60457830658
2025-09-17,OOS,0.3,119223.31926159748
2025-09-18,OOS,0.3,119387.37021771431
2025-09-19,OOS,0.3,119807.82586746704
2025-09-22,OOS,0.3,120211.61612345277
2025-09-23,OOS,0.3,119757.01718938678
2025-09-24,OOS,0.3,119495.17315246903
2025-09-25,OOS,0.3,119114.172709166
2025-09-26,OOS,0.3,119597.87461621985
2025-09-29,OOS,0.3,119839.43070441166
2025-09-30,OOS,0.3,120162.1070446441
2025-10-01,OOS,0.3,120455.60768818359
2025-10-02,OOS,0.3,120558.93357494603
2025-10-03,OOS,0.3,120563.37582907885
2025-10-06,OOS,0.3,120873.37648120723
2025-10-07,OOS,0.3,120563.34503055825
2025-10-08,OOS,0.3,121074.93453939795
2025-10-09,OOS,0.3,120833.40159213253
2025-10-10,OOS,0.3,118539.07317264673
2025-10-13,OOS,0.3,119815.24269195227
2025-10-14,OOS,0.3,119668.87090958549
2025-10-15,OOS,0.3,120200.14626780573
2025-10-16,OOS,0.3,119631.49368804826
2025-10-17,OOS,0.3,120112.66140328487
2025-10-20,OOS,0.3,120994.45388688275
2025-10-21,OOS,0.3,120998.82395227495
2025-10-22,OOS,0.3,120561.95450369615
2025-10-23,OOS,0.3,121069.68117627248
2025-10-24,OOS,0.3,121771.37386659055
2025-10-27,OOS,0.3,122789.99349066793
2025-10-28,OOS,0.3,123026.29981283861
2025-10-29,OOS,0.3,123073.74209800539
2025-10-30,OOS,0.3,122120.77251069769
2025-10-31,OOS,0.3,122409.06663498069
2025-11-03,OOS,0.3,122638.7877816434
2025-11-04,OOS,0.3,121185.08365041838
2025-11-05,OOS,0.3,121605.04262166118
2025-11-06,OOS,0.3,120300.29829647524
2025-11-07,OOS,0.3,120418.74826272322
2025-11-10,OOS,0.3,122297.79545456596
2025-11-11,OOS,0.3,122577.76810206113
2025-11-12,OOS,0.3,122631.58893376602
2025-11-13,OOS,0.3,121199.4084093028
2025-11-14,OOS,0.3,121191.102334291
2025-11-17,OOS,0.3,120403.04741791946
2025-11-18,OOS,0.3,119699.90199334393
2025-11-19,OOS,0.3,120028.86853455972
2025-11-20,OOS,0.3,118753.8874575633
2025-11-21,OOS,0.3,119583.61751524212
2025-11-24,OOS,0.3,121343.72113707701
2025-11-25,OOS,0.3,122485.06668154517
2025-11-26,OOS,0.3,123081.66262936655
2025-11-28,OOS,0.3,123557.74733660225
2025-12-01,OOS,0.3,123167.73271347565
2025-12-02,OOS,0.3,123333.01463667823
2025-12-03,OOS,0.3,123637.696673032
2025-12-04,OOS,0.3,123706.52947492918
2025-12-05,OOS,0.3,123876.79765185404
2025-12-08,OOS,0.3,123621.07072973854
2025-12-09,OOS,0.3,123551.73064785177
2025-12-10,OOS,0.3,124131.51400752079
2025-12-11,OOS,0.3,124339.75003870952
2025-12-12,OOS,0.3,123405.53595459941
2025-12-15,OOS,0.3,123280.29270628493
2025-12-16,OOS,0.3,123049.79719218805
2025-12-17,OOS,0.3,122107.99249432702
2025-12-18,OOS,0.3,122503.40038016057
2025-12-19,OOS,0.3,123613.75554959329
2025-12-22,OOS,0.3,124383.85549747715
2025-12-23,OOS,0.3,124786.15735842942
2025-12-24,OOS,0.3,125098.49643721154
2025-12-26,OOS,0.3,125095.04667777392
2025-12-29,OOS,0.3,124788.62154255663
2025-12-30,OOS,0.3,124687.5574914214
2025-12-31,OOS,0.3,124047.65287533856
2026-01-02,OOS,0.3,124211.58823156483
2026-01-05,OOS,0.3,125038.85337267704
2026-01-06,OOS,0.3,125782.48291710534
2026-01-07,OOS,0.3,125505.20220333654
2026-01-08,OOS,0.3,125501.79562676187
2026-01-09,OOS,0.3,126085.44243687834
2026-01-12,OOS,0.3,126229.19312463756
2026-01-13,OOS,0.3,126058.49743853175
2026-01-14,OOS,0.3,125631.68025913069
2026-01-15,OOS,0.3,125875.61513140432
2026-01-16,OOS,0.3,125807.62437819788
2026-01-20,OOS,0.3,124027.97135395587
2026-01-21,OOS,0.3,125025.0906336678
2026-01-22,OOS,0.3,125678.12510181565
2026-01-23,OOS,0.3,125715.44977521765
2026-01-26,OOS,0.3,126164.80760852486
2026-01-27,OOS,0.3,126520.33927310657
2026-01-28,OOS,0.3,126517.06215574419
2026-01-29,OOS,0.3,126347.67152457035
2026-01-30,OOS,0.3,126090.79438594524
2026-02-02,OOS,0.3,126532.57913334435
2026-02-03,OOS,0.3,125792.6519078504
2026-02-04,OOS,0.3,125374.78027950124
2026-02-05,OOS,0.3,124293.75048883921
2026-02-06,OOS,0.3,125947.66646095167
2026-02-09,OOS,0.3,126375.50806061435
2026-02-10,OOS,0.3,126149.09747642165
2026-02-11,OOS,0.3,126134.44762529722
2026-02-12,OOS,0.3,124784.66601235709
2026-02-13,OOS,0.3,124851.13499687832
2026-02-17,OOS,0.3,125052.58163933753
2026-02-18,OOS,0.3,125682.5602303009
2026-02-19,OOS,0.3,125351.08893679983
2026-02-20,OOS,0.3,125984.36219039393
2026-02-23,OOS,0.3,125097.38558253818
2026-02-24,OOS,0.3,125731.9284221495
2026-02-25,OOS,0.3,126472.97839229341
2026-02-26,OOS,0.3,125990.45932033868
2026-02-27,OOS,0.3,125576.3940949248
2026-03-02,OOS,0.3,125631.54117838069
2026-03-03,OOS,0.3,124870.1254578654
2026-03-04,OOS,0.3,125484.4169934104
2026-03-05,OOS,0.3,125005.73650014846
2026-03-06,OOS,0.3,123879.12816794045
2026-03-09,OOS,0.3,124631.62681558605
2026-03-10,OOS,0.3,124499.10963617273
2026-03-11,OOS,0.3,124397.02366648504
2026-03-12,OOS,0.3,123100.56175166249
2026-03-13,OOS,0.3,122628.25659835557
2026-03-16,OOS,0.3,123876.22115991157
2026-03-17,OOS,0.3,124202.09914631193
2026-03-18,OOS,0.3,122469.02076409177
2026-03-19,OOS,0.3,121834.48448034513
2026-03-20,OOS,0.3,120087.88956800717
2026-03-23,OOS,0.3,121348.81518584046
2026-03-24,OOS,0.3,120941.46770283997
2026-03-25,OOS,0.3,121615.44262925896
2026-03-26,OOS,0.3,119443.53991307916
2026-03-27,OOS,0.3,117406.80249807682
2026-03-30,OOS,0.3,117014.26765082181
2026-03-31,OOS,0.3,120415.61913387575
2026-04-01,OOS,0.3,121322.89307328592
2026-04-02,OOS,0.3,121403.31610177997
2026-04-06,OOS,0.3,121802.0212887901
2026-04-07,OOS,0.3,121844.42318543248
2026-04-08,OOS,0.3,123978.88364946486
2026-04-09,OOS,0.3,124478.96516431271
2026-04-10,OOS,0.3,124427.51218215306
2026-04-13,OOS,0.3,125275.05431709453
2026-04-14,OOS,0.3,126340.68161726101
2026-04-15,OOS,0.3,127041.14527825364
2026-04-16,OOS,0.3,127264.85207219188
2026-04-17,OOS,0.3,128345.68184785904
2026-04-20,OOS,0.3,128171.27478755898
2026-04-21,OOS,0.3,127588.56398925836
2026-04-22,OOS,0.3,128498.21019264693
2026-04-23,OOS,0.3,128153.87228786093
2026-04-24,OOS,0.3,128855.57925632774
2026-04-27,OOS,0.3,129017.13272486694
2026-04-28,OOS,0.3,128581.49095232192
2026-04-29,OOS,0.3,128573.14314327508
2026-04-30,OOS,0.3,129476.43939203508
2026-05-01,OOS,0.3,129734.3589770868
2026-05-04,OOS,0.3,129405.25722410192
2026-05-05,OOS,0.3,130141.20410764584
2026-05-06,OOS,0.3,131422.36265282638
2026-05-07,OOS,0.3,131142.69750256935
2026-05-08,OOS,0.3,131914.14895550272
2026-05-11,OOS,0.3,132132.7980330184
2026-05-12,OOS,0.3,131996.42692666352
2026-05-13,OOS,0.3,132525.70580629332
2026-05-14,OOS,0.3,133274.33777706182
2026-05-15,OOS,0.3,132138.82334626245
2026-05-18,OOS,0.3,132078.50098599534
2026-05-19,OOS,0.3,131460.27403703734
2026-05-20,OOS,0.3,132419.32504094133
2026-05-21,OOS,0.3,132611.32363445408
2026-05-22,OOS,0.3,132987.17321422166
2026-05-26,OOS,0.3,133620.41384702077
2026-05-27,OOS,0.3,133609.54575033087
2026-05-28,OOS,0.3,134140.10077650938
2026-05-29,OOS,0.3,134384.10395371652
2026-06-01,OOS,0.3,134651.06811908496
2026-06-02,OOS,0.3,134787.42086784984
2026-06-03,OOS,0.3,134117.38487831375
2026-06-04,OOS,0.3,134484.51828085785
2026-06-05,OOS,0.3,131013.56041956267
2026-06-08,OOS,0.3,131230.95943727883
2026-06-09,OOS,0.3,130845.72746035867
2026-06-10,OOS,0.3,128782.87235814123
2026-06-11,OOS,0.3,130971.77110257678
2026-06-12,OOS,0.3,131680.10086659124
2026-06-15,OOS,0.3,133344.21578062396
2026-06-16,OOS,0.3,132779.3067668277
2026-06-17,OOS,0.3,131355.62195390763
2026-06-18,OOS,0.3,132721.24633540993
2026-06-22,OOS,0.3,132303.57093448294
2026-06-23,OOS,0.3,130382.26409021884
2026-06-24,OOS,0.3,130321.8344577443
2026-06-25,OOS,0.3,130510.23272369435
2026-06-26,OOS,0.3,129566.46405181254
2026-06-29,OOS,0.3,131701.05195186916
2026-06-30,OOS,0.3,132726.57836180474
2026-07-01,OOS,0.3,132604.3290622669
2026-07-02,OOS,0.3,132485.83915313226
2026-07-06,OOS,0.3,133315.83889326715
2026-07-07,OOS,0.3,132869.01671918738
2026-07-08,OOS,0.3,132581.9699981523
2026-07-09,OOS,0.3,133387.82128816596
2026-07-10,OOS,0.3,133804.44849628356
2026-07-13,OOS,0.3,133077.4622108757
2026-07-14,OOS,0.3,133420.53602497786
2026-07-15,OOS,0.3,133804.16943685216
2026-07-16,OOS,0.3,133291.39079355344
2026-07-17,OOS,0.3,132355.13880665647
2026-07-20,OOS,0.3,132208.82458306118
2026-07-21,OOS,0.3,132999.52826316096
2026-07-22,OOS,0.3,132895.10297660413
2026-07-23,OOS,0.3,131730.77807519108
2026-07-24,OOS,0.3,131831.86556270733
2026-07-27,OOS,0.3,131858.14599307298
2026-07-28,OOS,0.3,132088.47362174906
2026-07-29,OOS,0.3,130648.8294990676
2026-07-30,OOS,0.3,132205.29486569532
2026-07-31,OOS,0.3,133157.14304294297
2026-08-03,OOS,0.3,134512.18700263527
2026-08-04,OOS,0.3,136250.1168954806
2026-08-05,OOS,0.3,136060.79078512304
2026-08-06,OOS,0.3,135910.78674925817
2026-08-07,OOS,0.3,136512.62163063788
2026-08-10,OOS,0.3,136489.39738309543
2026-08-11,OOS,0.3,136182.15724304452
2026-08-12,OOS,0.3,136432.77764065086
2026-08-13,OOS,0.3,137122.10348135998
2026-08-14,OOS,0.3,136932.7379517234
2026-08-17,OOS,0.3,136473.31904709156
2026-08-18,OOS,0.3,135817.35628255957
2026-08-19,OOS,0.3,136102.2816113952
2026-08-20,OOS,0.3,134959.04085097392
2026-08-21,OOS,0.3,135511.19428325168
2026-08-24,OOS,0.3,135113.00671189753
2026-08-25,OOS,0.3,135544.81901149938
2026-08-26,OOS,0.3,135574.90429466838
2026-08-27,OOS,0.3,136217.26395080186
2026-08-28,OOS,0.3,136001.325951652
2026-08-31,OOS,0.3,135715.66786236272
2026-09-01,OOS,0.3,135053.45010170783
2026-09-02,OOS,0.3,135487.9946106005
2026-09-03,OOS,0.3,136509.59265132132
2024-09-03,OOS,0.5,100010.2976190476
2024-09-04,OOS,0.5,99918.23727301335
2024-09-05,OOS,0.5,99807.1005090058
2024-09-06,OOS,0.5,98979.54444331395
2024-09-09,OOS,0.5,99537.61947955782
2024-09-10,OOS,0.5,99971.17584631786
2024-09-11,OOS,0.5,100996.7734702082
2024-09-12,OOS,0.5,101429.91669503765
2024-09-13,OOS,0.5,101704.3890335727
2024-09-16,OOS,0.5,101789.55902540765
2024-09-17,OOS,0.5,101820.37087000362
2024-09-18,OOS,0.5,101678.88630925541
2024-09-19,OOS,0.5,102398.11031907926
2024-09-20,OOS,0.5,102221.01656777179
2024-09-23,OOS,0.5,102359.12790113488
2024-09-24,OOS,0.5,102516.199562102
2024-09-25,OOS,0.5,102411.53555211269
2024-09-26,OOS,0.5,102625.64752571691
2024-09-27,OOS,0.5,102559.91050461534
2024-09-30,OOS,0.5,102776.84378044619
2024-10-01,OOS,0.5,102320.82879483882
2024-10-02,OOS,0.5,102352.02347360816
2024-10-03,OOS,0.5,102267.27451296456
2024-10-04,OOS,0.5,102744.14100624644
2024-10-07,OOS,0.5,102284.63152278932
2024-10-08,OOS,0.5,102780.56096250797
2024-10-09,OOS,0.5,103149.6989909034
2024-10-10,OOS,0.5,103067.81723561657
2024-10-11,OOS,0.5,103389.82386652466
2024-10-14,OOS,0.5,103828.66318438522
2024-10-15,OOS,0.5,103427.04639080989
2024-10-16,OOS,0.5,103664.81127203548
2024-10-17,OOS,0.5,103678.91889468663
2024-10-18,OOS,0.5,103891.34892604713
2024-10-21,OOS,0.5,103813.96768140049
2024-10-22,OOS,0.5,103795.43629074268
2024-10-23,OOS,0.5,103322.2826579395
2024-10-24,OOS,0.5,103444.9982617071
2024-10-25,OOS,0.5,103436.4547877518
2024-10-28,OOS,0.5,103608.07990523022
2024-10-29,OOS,0.5,103702.72519970273
2024-10-30,OOS,0.5,103552.781759359
2024-10-31,OOS,0.5,102532.43445143328
2024-11-01,OOS,0.5,102759.12998947345
2024-11-04,OOS,0.5,102537.79045128515
2024-11-05,OOS,0.5,103777.65176682782
2024-11-06,OOS,0.5,106358.14687058418
2024-11-07,OOS,0.5,106781.74256614877
2024-11-08,OOS,0.5,107025.11254181211
2024-11-11,OOS,0.5,107086.44546621082
2024-11-12,OOS,0.5,106927.70337416038
2024-11-13,OOS,0.5,106963.61828453993
2024-11-14,OOS,0.5,106625.51594572997
2024-11-15,OOS,0.5,105946.8640313737
2024-11-18,OOS,0.5,106173.94269800755
2024-11-19,OOS,0.5,106378.36050922851
2024-11-20,OOS,0.5,106406.17525884118
2024-11-21,OOS,0.5,106702.995545794
2024-11-22,OOS,0.5,106879.36406192274
2024-11-25,OOS,0.5,107072.01533989044
2024-11-26,OOS,0.5,107364.27062625009
2024-11-27,OOS,0.5,107209.107739087
2024-11-29,OOS,0.5,107555.64345144914
2024-12-02,OOS,0.5,107662.93795059016
2024-12-03,OOS,0.5,107697.73882025789
2024-12-04,OOS,0.5,108046.76535428231
2024-12-05,OOS,0.5,107965.58124245348
2024-12-06,OOS,0.5,108079.03278533202
2024-12-09,OOS,0.5,107804.8609775092
2024-12-10,OOS,0.5,107643.8779838099
2024-12-11,OOS,0.5,108075.13892230173
2024-12-12,OOS,0.5,107800.82460361897
2024-12-13,OOS,0.5,107799.09622645807
2024-12-16,OOS,0.5,108259.40252437477
2024-12-17,OOS,0.5,107813.36928995934
2024-12-18,OOS,0.5,106191.44963038625
2024-12-19,OOS,0.5,106006.29954311722
2024-12-20,OOS,0.5,107279.45248720348
2024-12-23,OOS,0.5,107921.87701871785
2024-12-24,OOS,0.5,109121.43242925729
2024-12-26,OOS,0.5,109134.49109626435
2024-12-27,OOS,0.5,108570.55546567577
2024-12-30,OOS,0.5,107965.09100198973
2024-12-31,OOS,0.5,107780.76280088609
2025-01-02,OOS,0.5,107659.81114672178
2025-01-03,OOS,0.5,108331.2753234582
2025-01-06,OOS,0.5,108649.55315763096
2025-01-07,OOS,0.5,108049.48745495838
2025-01-08,OOS,0.5,108136.82375984592
2025-01-10,OOS,0.5,107331.19689781156
2025-01-13,OOS,0.5,107422.20259117146
2025-01-14,OOS,0.5,107504.13153954997
2025-01-15,OOS,0.5,108472.68725317228
2025-01-16,OOS,0.5,108378.876821477
2025-01-17,OOS,0.5,108926.27943341513
2025-01-21,OOS,0.5,109431.16087232005
2025-01-22,OOS,0.5,109747.66545592967
2025-01-23,OOS,0.5,110056.9263536337
2025-01-24,OOS,0.5,109905.18321760114
2025-01-27,OOS,0.5,109135.71231904111
2025-01-28,OOS,0.5,109611.51180281777
2025-01-29,OOS,0.5,109375.45953655499
2025-01-30,OOS,0.5,109677.35261292031
2025-01-31,OOS,0.5,109395.11459472851
2025-02-03,OOS,0.5,109037.77326236149
2025-02-04,OOS,0.5,109410.37844393638
2025-02-05,OOS,0.5,109640.7957086226
2025-02-06,OOS,0.5,109840.44374881545
2025-02-07,OOS,0.5,109347.28084296244
2025-02-10,OOS,0.5,109726.27578306584
2025-02-11,OOS,0.5,109809.72471562798
2025-02-12,OOS,0.5,109455.9738058537
2025-02-13,OOS,0.5,110042.32274556633
2025-02-14,OOS,0.5,110049.0471698827
2025-02-18,OOS,0.5,110220.60440410807
2025-02-19,OOS,0.5,110360.46496004263
2025-02-20,OOS,0.5,110138.9447045237
2025-02-21,OOS,0.5,109202.83394684648
2025-02-24,OOS,0.5,108964.97139511116
2025-02-25,OOS,0.5,108423.0749683208
2025-02-26,OOS,0.5,108477.81198112789
2025-02-27,OOS,0.5,106746.2978093297
2025-02-28,OOS,0.5,108412.12756575935
2025-03-03,OOS,0.5,106512.7532213527
2025-03-04,OOS,0.5,105896.17658677431
2025-03-05,OOS,0.5,106466.95075720518
2025-03-06,OOS,0.5,105538.82825784315
2025-03-07,OOS,0.5,105838.7902366369
2025-03-10,OOS,0.5,104458.72236240348
2025-03-11,OOS,0.5,104045.92850115449
2025-03-12,OOS,0.5,104322.3692495838
2025-03-13,OOS,0.5,103656.89780625509
2025-03-14,OOS,0.5,104697.68109275326
2025-03-17,OOS,0.5,105099.99286388456
2025-03-18,OOS,0.5,104554.0740882831
2025-03-19,OOS,0.5,105116.67057427476
2025-03-20,OOS,0.5,104823.81925562203
2025-03-21,OOS,0.5,104849.85990219613
2025-03-24,OOS,0.5,105773.82182161657
2025-03-25,OOS,0.5,105908.04471130135
2025-03-26,OOS,0.5,105295.0948662632
2025-03-27,OOS,0.5,105167.5835025408
2025-03-28,OOS,0.5,104142.55887428323
2025-03-31,OOS,0.5,104489.59823418033
2025-04-01,OOS,0.5,104784.72965449534
2025-04-02,OOS,0.5,105447.8413900132
2025-04-03,OOS,0.5,102937.56965624845
2025-04-04,OOS,0.5,100101.19512794155
2025-04-07,OOS,0.5,99922.89581743028
2025-04-08,OOS,0.5,98357.82409183113
2025-04-09,OOS,0.5,108687.29748078552
2025-04-10,OOS,0.5,103924.7247866838
2025-04-11,OOS,0.5,104782.14398744244
2025-04-14,OOS,0.5,105260.9741471938
2025-04-15,OOS,0.5,105133.91552217635
2025-04-16,OOS,0.5,104061.34342060267
2025-04-17,OOS,0.5,104138.99101174029
2025-04-21,OOS,0.5,103013.9160344714
2025-04-22,OOS,0.5,104234.49486172682
2025-04-23,OOS,0.5,104984.12911663033
2025-04-24,OOS,0.5,106014.49903341342
2025-04-25,OOS,0.5,106381.92321147033
2025-04-28,OOS,0.5,106410.6300237853
2025-04-29,OOS,0.5,106734.56313313794
2025-04-30,OOS,0.5,106764.15649606774
2025-05-01,OOS,0.5,107129.75354134614
2025-05-02,OOS,0.5,107890.26743098769
2025-05-05,OOS,0.5,107605.64460449886
2025-05-06,OOS,0.5,107188.79623446043
2025-05-07,OOS,0.5,107411.3720740064
2025-05-08,OOS,0.5,107775.23346365134
2025-05-09,OOS,0.5,107719.77324530146
2025-05-12,OOS,0.5,109418.76916098327
2025-05-13,OOS,0.5,109777.35889881788
2025-05-14,OOS,0.5,109855.19395850605
2025-05-15,OOS,0.5,110124.96448412901
2025-05-16,OOS,0.5,110473.50716959893
2025-05-19,OOS,0.5,110542.24577968288
2025-05-20,OOS,0.5,110370.96217259114
2025-05-21,OOS,0.5,109476.00828388278
2025-05-22,OOS,0.5,109506.66908133416
2025-05-23,OOS,0.5,108759.20892433659
2025-05-27,OOS,0.5,111020.36980128397
2025-05-28,OOS,0.5,110378.07991763281
2025-05-29,OOS,0.5,110598.08214387257
2025-05-30,OOS,0.5,110548.1976588822
2025-06-02,OOS,0.5,110858.95138083806
2025-06-03,OOS,0.5,111175.11818240299
2025-06-04,OOS,0.5,111170.70373584339
2025-06-05,OOS,0.5,110919.94995463143
2025-06-06,OOS,0.5,111481.5575103465
2025-06-09,OOS,0.5,111540.54499590762
2025-06-10,OOS,0.5,111858.57739970881
2025-06-11,OOS,0.5,111712.91067519298
2025-06-12,OOS,0.5,111939.4971162695
2025-06-13,OOS,0.5,111338.28404559774
2025-06-16,OOS,0.5,111862.76995405255
2025-06-17,OOS,0.5,111406.39879143928
2025-06-18,OOS,0.5,111248.79768544371
2025-06-20,OOS,0.5,111132.08795960405
2025-06-23,OOS,0.5,112229.79502752301
2025-06-24,OOS,0.5,113469.6243052577
2025-06-25,OOS,0.5,113510.58751816167
2025-06-26,OOS,0.5,113950.97436121176
2025-06-27,OOS,0.5,114236.49412080867
2025-06-30,OOS,0.5,114513.0054636267
2025-07-01,OOS,0.5,114505.1162872427
2025-07-02,OOS,0.5,114768.95189042517
2025-07-03,OOS,0.5,115222.0966937348
2025-07-07,OOS,0.5,114810.33241662652
2025-07-08,OOS,0.5,114789.8175871661
2025-07-09,OOS,0.5,115137.00489368575
2025-07-10,OOS,0.5,115306.68349749295
2025-07-11,OOS,0.5,115117.69696459813
2025-07-14,OOS,0.5,115235.75621810087
2025-07-15,OOS,0.5,115004.23025918867
2025-07-16,OOS,0.5,115202.87410374428
2025-07-17,OOS,0.5,115907.87391002459
2025-07-18,OOS,0.5,115822.97864539399
2025-07-21,OOS,0.5,115941.07529127655
2025-07-22,OOS,0.5,115959.55050057264
2025-07-23,OOS,0.5,116454.40775135528
2025-07-24,OOS,0.5,116483.77798370646
2025-07-25,OOS,0.5,116736.84949547982
2025-07-28,OOS,0.5,116732.66686835207
2025-07-29,OOS,0.5,116590.82483251794
2025-07-30,OOS,0.5,116528.70662673323
2025-07-31,OOS,0.5,116323.49502599065
2025-08-01,OOS,0.5,115395.42322716235
2025-08-04,OOS,0.5,116261.47722870029
2025-08-05,OOS,0.5,115981.84224450718
2025-08-06,OOS,0.5,116427.60044377425
2025-08-07,OOS,0.5,116389.73481860182
2025-08-08,OOS,0.5,116846.36448245961
2025-08-11,OOS,0.5,116742.43566143536
2025-08-12,OOS,0.5,117365.73479651015
2025-08-13,OOS,0.5,117575.05248253801
2025-08-14,OOS,0.5,117590.58287211166
2025-08-15,OOS,0.5,117463.92544673463
2025-08-18,OOS,0.5,117461.41642928931
2025-08-19,OOS,0.5,117155.44062499794
2025-08-20,OOS,0.5,117011.58073073796
2025-08-21,OOS,0.5,116789.88229784722
2025-08-22,OOS,0.5,117683.84840658026
2025-08-25,OOS,0.5,117436.72426666318
2025-08-26,OOS,0.5,117690.41154410064
2025-08-27,OOS,0.5,117833.56226540216
2025-08-28,OOS,0.5,118050.9792795294
2025-08-29,OOS,0.5,117710.43725455189
2025-09-02,OOS,0.5,117287.41072403683
2025-09-03,OOS,0.5,117611.51309927623
2025-09-04,OOS,0.5,118108.55221102154
2025-09-05,OOS,0.5,117947.86767814704
2025-09-08,OOS,0.5,118101.52137144012
2025-09-09,OOS,0.5,118247.02564262255
2025-09-10,OOS,0.5,118426.92323555535
2025-09-11,OOS,0.5,118927.4045462049
2025-09-12,OOS,0.5,118917.0918759489
2025-09-15,OOS,0.5,119243.64133128551
2025-09-16,OOS,0.5,119170.74655723656
2025-09-17,OOS,0.5,119105.95716183266
2025-09-18,OOS,0.5,119228.56515298421
2025-09-19,OOS,0.5,119534.32022204273
2025-09-22,OOS,0.5,119828.13188135717
2025-09-23,OOS,0.5,119508.8092604836
2025-09-24,OOS,0.5,119327.1965234963
2025-09-25,OOS,0.5,119060.49989517329
2025-09-26,OOS,0.5,119411.42170857683
2025-09-29,OOS,0.5,119589.41005920515
2025-09-30,OOS,0.5,119825.31534441601
2025-10-01,OOS,0.5,120040.36822106823
2025-10-02,OOS,0.5,120119.59633886455
2025-10-03,OOS,0.5,120128.2076502133
2025-10-06,OOS,0.5,120355.06233319113
2025-10-07,OOS,0.5,120139.02430949202
2025-10-08,OOS,0.5,120509.8592610697
2025-10-09,OOS,0.5,120342.7774687984
2025-10-10,OOS,0.5,118709.40056137642
2025-10-13,OOS,0.5,119626.38019059142
2025-10-14,OOS,0.5,119480.23913129729
2025-10-15,OOS,0.5,120010.67705021673
2025-10-16,OOS,0.5,119609.94492132087
2025-10-17,OOS,0.5,119959.05819061706
2025-10-20,OOS,0.5,120594.2921975989
2025-10-21,OOS,0.5,120602.78319437994
2025-10-22,OOS,0.5,120296.10395353507
2025-10-23,OOS,0.5,120664.12350805596
2025-10-24,OOS,0.5,121170.66392632507
2025-10-27,OOS,0.5,121903.5272856831
2025-10-28,OOS,0.5,122077.59624411905
2025-10-29,OOS,0.5,122116.8174221937
2025-10-30,OOS,0.5,121441.44594897472
2025-10-31,OOS,0.5,121652.6515113756
2025-11-03,OOS,0.5,121880.95311817642
2025-11-04,OOS,0.5,120436.23201264006
2025-11-05,OOS,0.5,120853.59588757281
2025-11-06,OOS,0.5,119556.9141051963
2025-11-07,OOS,0.5,119674.63212120297
2025-11-10,OOS,0.5,121542.06792058148
2025-11-11,OOS,0.5,121820.31050386997
2025-11-12,OOS,0.5,121864.12482053794
2025-11-13,OOS,0.5,120846.5240382067
2025-11-14,OOS,0.5,120845.96367892149
2025-11-17,OOS,0.5,120288.46791070429
2025-11-18,OOS,0.5,119791.58181327984
2025-11-19,OOS,0.5,120031.93299449277
2025-11-20,OOS,0.5,119126.59453814532
2025-11-21,OOS,0.5,119724.56756815095
2025-11-24,OOS,0.5,121486.74577765747
2025-11-25,OOS,0.5,122629.43659598693
2025-11-26,OOS,0.5,123061.04279700012
2025-11-28,OOS,0.5,123406.51460413761
2025-12-01,OOS,0.5,123133.2472240003
2025-12-02,OOS,0.5,123256.56523395561
2025-12-03,OOS,0.5,123479.3857751519
2025-12-04,OOS,0.5,123533.72938861187
2025-12-05,OOS,0.5,123660.52760359483
2025-12-08,OOS,0.5,123483.07228564114
2025-12-09,OOS,0.5,123438.75119567818
2025-12-10,OOS,0.5,123858.03462442664
2025-12-11,OOS,0.5,124011.8859626949
2025-12-12,OOS,0.5,123349.66034456131
2025-12-15,OOS,0.5,123265.29970682327
2025-12-16,OOS,0.5,123105.74564635313
2025-12-17,OOS,0.5,122438.11433206561
2025-12-18,OOS,0.5,122725.60764707725
2025-12-19,OOS,0.5,123837.97687478705
2025-12-22,OOS,0.5,124609.47369658742
2025-12-23,OOS,0.5,124902.0122519735
2025-12-24,OOS,0.5,125130.34920378616
2025-12-26,OOS,0.5,125133.05248594837
2025-12-29,OOS,0.5,124919.40232458663
2025-12-30,OOS,0.5,124852.39681406057
2025-12-31,OOS,0.5,124400.53434108863
2026-01-02,OOS,0.5,124522.81562721077
2026-01-05,OOS,0.5,125352.15358277649
2026-01-06,OOS,0.5,126097.64638239484
2026-01-07,OOS,0.5,125904.79650418431
2026-01-08,OOS,0.5,125907.5717577848
2026-01-09,OOS,0.5,126329.67160723024
2026-01-12,OOS,0.5,126437.63265061194
2026-01-13,OOS,0.5,126320.98991047376
2026-01-14,OOS,0.5,126021.40401590614
2026-01-15,OOS,0.5,126200.94189774944
2026-01-16,OOS,0.5,126157.66213445965
2026-01-20,OOS,0.5,124891.81044139723
2026-01-21,OOS,0.5,125609.36831931157
2026-01-22,OOS,0.5,126265.45460262518
2026-01-23,OOS,0.5,126297.47353011087
2026-01-26,OOS,0.5,126623.75919104241
2026-01-27,OOS,0.5,126883.02693419033
2026-01-28,OOS,0.5,126886.01795314462
2026-01-29,OOS,0.5,126770.34275009904
2026-01-30,OOS,0.5,126592.17795909004
2026-02-02,OOS,0.5,126913.08713693896
2026-02-03,OOS,0.5,126389.91711734429
2026-02-04,OOS,0.5,126096.78759330488
2026-02-05,OOS,0.5,125329.94544836003
2026-02-06,OOS,0.5,126516.65126962945
2026-02-09,OOS,0.5,126827.60496698537
2026-02-10,OOS,0.5,126671.23645964012
2026-02-11,OOS,0.5,126666.1409124707
2026-02-12,OOS,0.5,125707.38060939877
2026-02-13,OOS,0.5,125760.19963615353
2026-02-17,OOS,0.5,125963.11304957455
2026-02-18,OOS,0.5,126597.67863336384
2026-02-19,OOS,0.5,126263.79383491658
2026-02-20,OOS,0.5,126721.50979952388
2026-02-23,OOS,0.5,126093.33379343481
2026-02-24,OOS,0.5,126551.95818027672
2026-02-25,OOS,0.5,127086.65987664029
2026-02-26,OOS,0.5,126747.36989075429
2026-02-27,OOS,0.5,126456.96170822492
2026-03-02,OOS,0.5,126501.77889001722
2026-03-03,OOS,0.5,125963.32313788561
2026-03-04,OOS,0.5,126407.516222655
2026-03-05,OOS,0.5,126071.00120454154
2026-03-06,OOS,0.5,125271.6667842721
2026-03-09,OOS,0.5,125814.58161965884
2026-03-10,OOS,0.5,125725.34309018693
2026-03-11,OOS,0.5,125657.84193653417
2026-03-12,OOS,0.5,124737.23050964183
2026-03-13,OOS,0.5,124405.30328581651
2026-03-16,OOS,0.5,125671.35251522723
2026-03-17,OOS,0.5,126001.9529074769
2026-03-18,OOS,0.5,124243.7599123309
2026-03-19,OOS,0.5,123600.02835310384
2026-03-20,OOS,0.5,121828.12295532477
2026-03-23,OOS,0.5,123107.32106397265
2026-03-24,OOS,0.5,122694.07057366055
2026-03-25,OOS,0.5,123377.81229399511
2026-03-26,OOS,0.5,121174.43581610381
2026-03-27,OOS,0.5,119108.18336454334
2026-03-30,OOS,0.5,118709.96016478805
2026-03-31,OOS,0.5,122160.60175889404
2026-04-01,OOS,0.5,123081.02330549824
2026-04-02,OOS,0.5,123143.81597314001
2026-04-06,OOS,0.5,123433.982735338
2026-04-07,OOS,0.5,123469.63348371483
2026-04-08,OOS,0.5,124999.58365090977
2026-04-09,OOS,0.5,125362.10660264749
2026-04-10,OOS,0.5,125330.69158311316
2026-04-13,OOS,0.5,125941.4456461067
2026-04-14,OOS,0.5,126707.97561723384
2026-04-15,OOS,0.5,127213.67520775452
2026-04-16,OOS,0.5,127378.82049707681
2026-04-17,OOS,0.5,128156.19727384324
2026-04-20,OOS,0.5,128036.99157343007
2026-04-21,OOS,0.5,127626.11217936336
2026-04-22,OOS,0.5,128281.20285452748
2026-04-23,OOS,0.5,128040.59137770576
2026-04-24,OOS,0.5,128547.15559288936
2026-04-27,OOS,0.5,128667.88217512122
2026-04-28,OOS,0.5,128362.04150653856
2026-04-29,OOS,0.5,128361.41159052827
2026-04-30,OOS,0.5,129011.95678028166
2026-05-01,OOS,0.5,129201.51941768733
2026-05-04,OOS,0.5,128971.8108736723
2026-05-05,OOS,0.5,129502.83764354543
2026-05-06,OOS,0.5,130423.30209804254
2026-05-07,OOS,0.5,130228.89326793971
2026-05-08,OOS,0.5,130785.28279522879
2026-05-11,OOS,0.5,130946.82877502298
2026-05-12,OOS,0.5,130854.78969736397
2026-05-13,OOS,0.5,131238.201171142
2026-05-14,OOS,0.5,131778.29420844896
2026-05-15,OOS,0.5,130972.56917175221
2026-05-18,OOS,0.5,130934.82473659712
2026-05-19,OOS,0.5,130498.56328300122
2026-05-20,OOS,0.5,131188.90066839012
2026-05-21,OOS,0.5,131331.38781852095
2026-05-22,OOS,0.5,131605.19788227402
2026-05-26,OOS,0.5,132062.85947888964
2026-05-27,OOS,0.5,132060.4441923957
2026-05-28,OOS,0.5,132444.77502262747
2026-05-29,OOS,0.5,132624.42674602658
2026-06-01,OOS,0.5,132820.6108027352
2026-06-02,OOS,0.5,132923.48727455726
2026-06-03,OOS,0.5,132450.38715288686
2026-06-04,OOS,0.5,132718.12313582574
2026-06-05,OOS,0.5,129292.75478322033
2026-06-08,OOS,0.5,129453.42488447597
2026-06-09,OOS,0.5,129073.41090758234
2026-06-10,OOS,0.5,127038.49735389384
2026-06-11,OOS,0.5,129197.74727790237
2026-06-12,OOS,0.5,129896.48265477132
2026-06-15,OOS,0.5,131090.52627688885
2026-06-16,OOS,0.5,130692.41076121286
2026-06-17,OOS,0.5,129680.94167606543
2026-06-18,OOS,0.5,131029.15542691012
2026-06-22,OOS,0.5,130616.80505696444
2026-06-23,OOS,0.5,128719.99335521432
2026-06-24,OOS,0.5,128660.33415275409
2026-06-25,OOS,0.5,128846.33048983596
2026-06-26,OOS,0.5,127914.59412200126
2026-06-29,OOS,0.5,130021.96771478749
2026-06-30,OOS,0.5,131034.41947418604
2026-07-01,OOS,0.5,130952.63364215427
2026-07-02,OOS,0.5,130873.49079741242
2026-07-06,OOS,0.5,131471.91329817817
2026-07-07,OOS,0.5,131158.30661718402
2026-07-08,OOS,0.5,130958.84049588197
2026-07-09,OOS,0.5,131539.9591145325
2026-07-10,OOS,0.5,131843.0901494597
2026-07-13,OOS,0.5,131329.41281873483
2026-07-14,OOS,0.5,131579.9930223572
2026-07-15,OOS,0.5,131859.53081285727
2026-07-16,OOS,0.5,131498.78951512158
2026-07-17,OOS,0.5,130835.58250126464
2026-07-20,OOS,0.5,130736.63199722387
2026-07-21,OOS,0.5,131306.99525287974
2026-07-22,OOS,0.5,131238.0103466998
2026-07-23,OOS,0.5,130412.04161157651
2026-07-24,OOS,0.5,130489.95417288394
2026-07-27,OOS,0.5,130514.43401878873
2026-07-28,OOS,0.5,130684.57626037055
2026-07-29,OOS,0.5,129661.78147443985
2026-07-30,OOS,0.5,130779.0513133757
2026-07-31,OOS,0.5,131720.6308601047
2026-08-03,OOS,0.5,132694.19951340053
2026-08-04,OOS,0.5,133941.22994148475
2026-08-05,OOS,0.5,133811.6498111709
2026-08-06,OOS,0.5,133710.1722833963
2026-08-07,OOS,0.5,134145.67982249724
2026-08-10,OOS,0.5,134134.74649585612
2026-08-11,OOS,0.5,133920.94554756567
2026-08-12,OOS,0.5,134105.5881993266
2026-08-13,OOS,0.5,134603.59274618785
2026-08-14,OOS,0.5,134473.9469170756
2026-08-17,OOS,0.5,134151.42122976837
2026-08-18,OOS,0.5,133688.49338403702
2026-08-19,OOS,0.5,133968.9526639227
2026-08-20,OOS,0.5,132843.63157817008
2026-08-21,OOS,0.5,133387.13030689274
2026-08-24,OOS,0.5,132995.18410829466
2026-08-25,OOS,0.5,133420.22798588546
2026-08-26,OOS,0.5,133449.84169866843
2026-08-27,OOS,0.5,133914.24878628305
2026-08-28,OOS,0.5,133765.6741516569
2026-08-31,OOS,0.5,133567.3148621372
2026-09-01,OOS,0.5,133099.99979517123
2026-09-02,OOS,0.5,133416.08723560692
2026-09-03,OOS,0.5,134151.49951378268
2024-09-03,OOS,1.0,100020.59523809524
2024-09-04,OOS,1.0,100041.15502711639
2024-09-05,OOS,1.0,100061.59994570327
2024-09-06,OOS,1.0,100081.96962854936
2024-09-09,OOS,1.0,100102.26402794626
2024-09-10,OOS,1.0,100538.27981899421
2024-09-11,OOS,1.0,101569.6953247085
2024-09-12,OOS,1.0,101590.08987464276
2024-09-13,OOS,1.0,101610.12569792358
2024-09-16,OOS,1.0,101630.12515123555
2024-09-17,OOS,1.0,101650.08821153312
2024-09-18,OOS,1.0,101669.6114824436
2024-09-19,OOS,1.0,101688.97712272598
2024-09-20,OOS,1.0,101513.10979110072
2024-09-23,OOS,1.0,101532.12335769653
2024-09-24,OOS,1.0,101551.01961398812
2024-09-25,OOS,1.0,101569.91938708295
2024-09-26,OOS,1.0,101588.78237211198
2024-09-27,OOS,1.0,101607.64886026678
2024-09-30,OOS,1.0,101626.72045467589
2024-10-01,OOS,1.0,101645.71497266564
2024-10-02,OOS,1.0,101664.63236961889
2024-10-03,OOS,1.0,101683.51294420181
2024-10-04,OOS,1.0,101702.59877817905
2024-10-07,OOS,1.0,101721.84962723349
2024-10-08,OOS,1.0,101741.02338857196
2024-10-09,OOS,1.0,101760.20076401226
2024-10-10,OOS,1.0,101779.38175423564
2024-10-11,OOS,1.0,101798.48558263635
2024-10-14,OOS,1.0,101817.59299679534
2024-10-15,OOS,1.0,101836.70399738563
2024-10-16,OOS,1.0,101855.77817368989
2024-10-17,OOS,1.0,101874.93676053685
2024-10-18,OOS,1.0,101894.05852446056
2024-10-21,OOS,1.0,101913.183877509
2024-10-22,OOS,1.0,101932.27237861622
2024-10-23,OOS,1.0,101951.40490434444
2024-10-24,OOS,1.0,101970.41965049725
2024-10-25,OOS,1.0,101989.55933640785
2024-10-28,OOS,1.0,102008.58119866505
2024-10-29,OOS,1.0,102027.60660865052
2024-10-30,OOS,1.0,102046.5141055895
2024-10-31,OOS,1.0,102065.30362247242
2024-11-01,OOS,1.0,102083.97509269857
2024-11-04,OOS,1.0,101864.08981432224
2024-11-05,OOS,1.0,103095.80491026773
2024-11-06,OOS,1.0,105659.34547280149
2024-11-07,OOS,1.0,105678.75828111655
2024-11-08,OOS,1.0,105698.17465614995
2024-11-11,OOS,1.0,105717.59459855701
2024-11-12,OOS,1.0,105737.01810899316
2024-11-13,OOS,1.0,105756.31931071148
2024-11-14,OOS,1.0,105775.66600245838
2024-11-15,OOS,1.0,105794.97425895088
2024-11-18,OOS,1.0,105814.41198636434
2024-11-19,OOS,1.0,105833.81129522853
2024-11-20,OOS,1.0,105853.21416063266
2024-11-21,OOS,1.0,105872.66258847249
2024-11-22,OOS,1.0,105892.11458957505
2024-11-25,OOS,1.0,105911.52814391648
2024-11-26,OOS,1.0,105930.90322902534
2024-11-27,OOS,1.0,105950.2398224719
2024-11-29,OOS,1.0,105969.49585812219
2024-12-02,OOS,1.0,105988.46103376983
2024-12-03,OOS,1.0,106007.34548575559
2024-12-04,OOS,1.0,106026.14916965722
2024-12-05,OOS,1.0,106044.91411510551
2024-12-06,OOS,1.0,106063.51405639076
2024-12-09,OOS,1.0,106082.11726004668
2024-12-10,OOS,1.0,106100.68163056718
2024-12-11,OOS,1.0,106119.12293951726
2024-12-12,OOS,1.0,106137.44112145324
2024-12-13,OOS,1.0,106155.72034742418
2024-12-16,OOS,1.0,106609.00936696431
2024-12-17,OOS,1.0,106169.77582089829
2024-12-18,OOS,1.0,106188.14487734983
2024-12-19,OOS,1.0,106206.47497378697
2024-12-20,OOS,1.0,107482.03205743842
2024-12-23,OOS,1.0,108125.66970183213
2024-12-24,OOS,1.0,109327.4902751209
2024-12-26,OOS,1.0,109346.36228237076
2024-12-27,OOS,1.0,109365.06398163413
2024-12-30,OOS,1.0,109384.02927249127
2024-12-31,OOS,1.0,109402.99785217067
2025-01-02,OOS,1.0,109421.92630735462
2025-01-03,OOS,1.0,109440.77119466312
2025-01-06,OOS,1.0,109459.66275635743
2025-01-07,OOS,1.0,109478.55757909513
2025-01-08,OOS,1.0,109497.45566343913
2025-01-10,OOS,1.0,109516.40046132376
2025-01-13,OOS,1.0,109535.39199584821
2025-01-14,OOS,1.0,109554.34335732051
2025-01-15,OOS,1.0,109573.25452373337
2025-01-16,OOS,1.0,109592.12547312355
2025-01-17,OOS,1.0,109610.9996725106
2025-01-21,OOS,1.0,109629.96411531107
2025-01-22,OOS,1.0,109648.93183926116
2025-01-23,OOS,1.0,109667.90284492858
2025-01-24,OOS,1.0,109686.83361387203
2025-01-27,OOS,1.0,109705.63707106297
2025-01-28,OOS,1.0,109724.40021772076
2025-01-29,OOS,1.0,109743.16657347228
2025-01-30,OOS,1.0,109761.89258999076
2025-01-31,OOS,1.0,109780.66535812819
2025-02-03,OOS,1.0,109799.57202827319
2025-02-04,OOS,1.0,109818.43838330822
2025-02-05,OOS,1.0,109837.30798006219
2025-02-06,OOS,1.0,109856.22440532543
2025-02-07,OOS,1.0,109875.1876821573
2025-02-10,OOS,1.0,109894.15423241195
2025-02-11,OOS,1.0,109977.73083974748
2025-02-12,OOS,1.0,109623.43869995548
2025-02-13,OOS,1.0,109642.31829217603
2025-02-14,OOS,1.0,109661.20113588191
2025-02-18,OOS,1.0,109680.0872316331
2025-02-19,OOS,1.0,109698.97657998966
2025-02-20,OOS,1.0,109717.82565017187
2025-02-21,OOS,1.0,109736.63442028331
2025-02-24,OOS,1.0,109755.40286847188
2025-02-25,OOS,1.0,109209.57552713573
2025-02-26,OOS,1.0,109264.70960201815
2025-02-27,OOS,1.0,107520.63503323699
2025-02-28,OOS,1.0,109198.54871215922
2025-03-03,OOS,1.0,107285.39631373859
2025-03-04,OOS,1.0,107303.87324310374
2025-03-05,OOS,1.0,107322.39593550879
2025-03-06,OOS,1.0,107340.87923703101
2025-03-07,OOS,1.0,107359.3657217885
2025-03-10,OOS,1.0,107377.81278740658
2025-03-11,OOS,1.0,107396.3056329422
2025-03-12,OOS,1.0,107414.84428093837
2025-03-13,OOS,1.0,107433.34350412009
2025-03-14,OOS,1.0,107451.80328099997
2025-03-17,OOS,1.0,107470.30886934281
2025-03-18,OOS,1.0,107488.8176447592
2025-03-19,OOS,1.0,107507.2869535053
2025-03-20,OOS,1.0,107525.75943574774
2025-03-21,OOS,1.0,107544.23509203175
2025-03-24,OOS,1.0,107562.71392290274
2025-03-25,OOS,1.0,107581.19592890616
2025-03-26,OOS,1.0,107599.6811105876
2025-03-27,OOS,1.0,107618.16946849272
2025-03-28,OOS,1.0,107636.66100316726
2025-03-31,OOS,1.0,107655.11300219636
2025-04-01,OOS,1.0,107959.18543563901
2025-04-02,OOS,1.0,108642.38615634869
2025-04-03,OOS,1.0,108660.96745334606
2025-04-04,OOS,1.0,108679.42257004051
2025-04-07,OOS,1.0,108485.84380121327
2025-04-08,OOS,1.0,106786.65238595179
2025-04-09,OOS,1.0,118001.31572667754
2025-04-10,OOS,1.0,112830.61172378059
2025-04-11,OOS,1.0,112850.04366246636
2025-04-14,OOS,1.0,112869.43416600044
2025-04-15,OOS,1.0,112888.82800131547
2025-04-16,OOS,1.0,112908.22516898396
2025-04-17,OOS,1.0,112927.67047442973
2025-04-21,OOS,1.0,112947.11912878921
2025-04-22,OOS,1.0,112966.5263123538
2025-04-23,OOS,1.0,112985.93683056542
2025-04-24,OOS,1.0,113005.30584830779
2025-04-25,OOS,1.0,113024.67818645321
2025-04-28,OOS,1.0,113044.05384557087
2025-04-29,OOS,1.0,113063.38796747859
2025-04-30,OOS,1.0,113082.72539613493
2025-05-01,OOS,1.0,113102.06613210545
2025-05-02,OOS,1.0,113121.49993950038
2025-05-05,OOS,1.0,113140.93708611699
2025-05-06,OOS,1.0,113160.37757252902
2025-05-07,OOS,1.0,113179.86630422206
2025-05-08,OOS,1.0,113199.3583923078
2025-05-09,OOS,1.0,113218.85383736425
2025-05-12,OOS,1.0,113238.71206490239
2025-05-13,OOS,1.0,113258.52883951375
2025-05-14,OOS,1.0,113278.34908206067
2025-05-15,OOS,1.0,113298.03793797255
2025-05-16,OOS,1.0,113317.68525645624
2025-05-19,OOS,1.0,113337.42591670528
2025-05-20,OOS,1.0,113357.12504073365
2025-05-21,OOS,1.0,113376.73762268515
2025-05-22,OOS,1.0,113396.39858869353
2025-05-23,OOS,1.0,112622.38828773999
2025-05-27,OOS,1.0,114963.86668559944
2025-05-28,OOS,1.0,114298.76235663936
2025-05-29,OOS,1.0,114318.53785679312
2025-05-30,OOS,1.0,114338.3167784223
2025-06-02,OOS,1.0,114358.46210090232
2025-06-03,OOS,1.0,114378.56559245418
2025-06-04,OOS,1.0,114398.71800639192
2025-06-05,OOS,1.0,114418.87397099307
2025-06-06,OOS,1.0,114438.98808256812
2025-06-09,OOS,1.0,114459.15114237316
2025-06-10,OOS,1.0,114479.36317501534
2025-06-11,OOS,1.0,114499.57877684587
2025-06-12,OOS,1.0,114519.84338483574
2025-06-13,OOS,1.0,114540.06613495726
2025-06-16,OOS,1.0,114560.20155134525
2025-06-17,OOS,1.0,114580.29504701417
2025-06-18,OOS,1.0,114600.39206701845
2025-06-20,OOS,1.0,114620.35618293805
2025-06-23,OOS,1.0,115752.51861612417
2025-06-24,OOS,1.0,117031.26426042126
2025-06-25,OOS,1.0,117051.60540873319
2025-06-26,OOS,1.0,117071.99654158019
2025-06-27,OOS,1.0,117092.39122669197
2025-06-30,OOS,1.0,117112.88239515664
2025-07-01,OOS,1.0,117133.3306762098
2025-07-02,OOS,1.0,117153.82900907814
2025-07-03,OOS,1.0,117174.37741876942
2025-07-07,OOS,1.0,117194.92943258652
2025-07-08,OOS,1.0,117215.4850511616
2025-07-09,OOS,1.0,117236.0442751269
2025-07-10,OOS,1.0,117256.60710511485
2025-07-11,OOS,1.0,117277.12701135826
2025-07-14,OOS,1.0,117297.69704712772
2025-07-15,OOS,1.0,117318.27069081613
2025-07-16,OOS,1.0,117338.80138818701
2025-07-17,OOS,1.0,118056.872294763
2025-07-18,OOS,1.0,117970.40302329052
2025-07-21,OOS,1.0,117991.0478438196
2025-07-22,OOS,1.0,118011.69627719228
2025-07-23,OOS,1.0,118032.3483240408
2025-07-24,OOS,1.0,118053.05082323097
2025-07-25,OOS,1.0,118073.75695357376
2025-07-28,OOS,1.0,118094.3730063752
2025-07-29,OOS,1.0,118114.9926588049
2025-07-30,OOS,1.0,118135.66278252019
2025-07-31,OOS,1.0,118156.33652350714
2025-08-01,OOS,1.0,118176.73255778798
2025-08-04,OOS,1.0,118197.13211281282
2025-08-05,OOS,1.0,118217.48828556557
2025-08-06,OOS,1.0,118237.75414070023
2025-08-07,OOS,1.0,118258.02346998149
2025-08-08,OOS,1.0,118278.2962740049
2025-08-11,OOS,1.0,118298.66642502986
2025-08-12,OOS,1.0,118318.99314033227
2025-08-13,OOS,1.0,118339.13554035498
2025-08-14,OOS,1.0,118359.32832935592
2025-08-15,OOS,1.0,118379.5245639518
2025-08-18,OOS,1.0,118399.86517273601
2025-08-19,OOS,1.0,118420.06832433295
2025-08-20,OOS,1.0,118440.27492329308
2025-08-21,OOS,1.0,118460.57897042276
2025-08-22,OOS,1.0,118480.65145741498
2025-08-25,OOS,1.0,118500.82137784165
2025-08-26,OOS,1.0,118520.94770782169
2025-08-27,OOS,1.0,118540.98339183896
2025-08-28,OOS,1.0,118561.02246284092
2025-08-29,OOS,1.0,118580.92377732576
2025-09-02,OOS,1.0,118600.68726462199
2025-09-03,OOS,1.0,118620.35991830319
2025-09-04,OOS,1.0,118639.94169200401
2025-09-05,OOS,1.0,118659.1029841741
2025-09-08,OOS,1.0,118678.40863188184
2025-09-09,OOS,1.0,118697.71742058781
2025-09-10,OOS,1.0,118716.98224853424
2025-09-11,OOS,1.0,118736.20309327925
2025-09-12,OOS,1.0,118755.42704997055
2025-09-15,OOS,1.0,118774.55986877304
2025-09-16,OOS,1.0,118793.60150456153
2025-09-17,OOS,1.0,118812.55191242059
2025-09-18,OOS,1.0,118831.55249115896
2025-09-19,OOS,1.0,118850.55610848193
2025-09-22,OOS,1.0,118869.42127611821
2025-09-23,OOS,1.0,118888.28943822553
2025-09-24,OOS,1.0,118907.25495106449
2025-09-25,OOS,1.0,118926.31786019157
2025-09-26,OOS,1.0,118945.28943946924
2025-09-29,OOS,1.0,118964.35844618891
2025-09-30,OOS,1.0,118983.33609384579
2025-10-01,OOS,1.0,119002.26955327977
2025-10-02,OOS,1.0,119021.25324866088
2025-10-03,OOS,1.0,119040.28720304945
2025-10-06,OOS,1.0,119059.27696315089
2025-10-07,OOS,1.0,119078.22250682638
2025-10-08,OOS,1.0,119097.1710652491
2025-10-09,OOS,1.0,119116.2171604631
2025-10-10,OOS,1.0,119135.21903320058
2025-10-13,OOS,1.0,119154.22393718922
2025-10-14,OOS,1.0,119008.65968557677
2025-10-15,OOS,1.0,119537.00400624421
2025-10-16,OOS,1.0,119556.07300450235
2025-10-17,OOS,1.0,119575.05015894752
2025-10-20,OOS,1.0,119593.88797438923
2025-10-21,OOS,1.0,119612.68129964238
2025-10-22,OOS,1.0,119631.47757813233
2025-10-23,OOS,1.0,119650.22933751461
2025-10-24,OOS,1.0,119668.88907566131
2025-10-27,OOS,1.0,119687.36177322101
2025-10-28,OOS,1.0,119705.83732232013
2025-10-29,OOS,1.0,119724.50573266446
2025-10-30,OOS,1.0,119743.1295446673
2025-10-31,OOS,1.0,119761.61370236288
2025-11-03,OOS,1.0,119986.36645950894
2025-11-04,OOS,1.0,118564.10291819418
2025-11-05,OOS,1.0,118974.97905235179
2025-11-06,OOS,1.0,117698.45362699889
2025-11-07,OOS,1.0,117814.34176740234
2025-11-10,OOS,1.0,119652.7490856203
2025-11-11,OOS,1.0,119926.66650839201
2025-11-12,OOS,1.0,119945.46453746773
2025-11-13,OOS,1.0,119964.3131104665
2025-11-14,OOS,1.0,119983.11704049769
2025-11-17,OOS,1.0,120002.01914266637
2025-11-18,OOS,1.0,120020.78136311962
2025-11-19,OOS,1.0,120039.59414432534
2025-11-20,OOS,1.0,120058.36223960029
2025-11-21,OOS,1.0,120076.94270042308
2025-11-24,OOS,1.0,121844.30737910859
2025-11-25,OOS,1.0,122990.36138209123
2025-11-26,OOS,1.0,123009.49321608398
2025-11-28,OOS,1.0,123028.43277297597
2025-12-01,OOS,1.0,123047.03350031188
2025-12-02,OOS,1.0,123065.44172714901
2025-12-03,OOS,1.0,123083.60853045159
2025-12-04,OOS,1.0,123101.72917281858
2025-12-05,OOS,1.0,123119.85248294681
2025-12-08,OOS,1.0,123138.07617539765
2025-12-09,OOS,1.0,123156.30256524423
2025-12-10,OOS,1.0,123174.33616669128
2025-12-11,OOS,1.0,123192.22577265836
2025-12-12,OOS,1.0,123209.97131946607
2025-12-15,OOS,1.0,123227.81720816909
2025-12-16,OOS,1.0,123245.61678176583
2025-12-17,OOS,1.0,123263.41892641208
2025-12-18,OOS,1.0,123281.12581436896
2025-12-19,OOS,1.0,124398.5301877715
2025-12-22,OOS,1.0,125173.51919436306
2025-12-23,OOS,1.0,125191.64948583368
2025-12-24,OOS,1.0,125209.98112022268
2025-12-26,OOS,1.0,125228.06700638449
2025-12-29,OOS,1.0,125246.35427966162
2025-12-30,OOS,1.0,125264.49512065847
2025-12-31,OOS,1.0,125282.73800546375
2026-01-02,OOS,1.0,125300.88411632564
2026-01-05,OOS,1.0,126135.40410802509
2026-01-06,OOS,1.0,126885.55504561857
2026-01-07,OOS,1.0,126903.7822563037
2026-01-08,OOS,1.0,126922.01208534211
2026-01-09,OOS,1.0,126940.24453310993
2026-01-12,OOS,1.0,126958.7314655479
2026-01-13,OOS,1.0,126977.2210903288
2026-01-14,OOS,1.0,126995.71340784474
2026-01-15,OOS,1.0,127014.25881361224
2026-01-16,OOS,1.0,127032.75652511408
2026-01-20,OOS,1.0,127051.40816000069
2026-01-21,OOS,1.0,127070.06253342099
2026-01-22,OOS,1.0,127733.77835464897
2026-01-23,OOS,1.0,127752.53291734388
2026-01-26,OOS,1.0,127771.1381473362
2026-01-27,OOS,1.0,127789.74608689974
2026-01-28,OOS,1.0,127808.40744664577
2026-01-29,OOS,1.0,127827.02081392074
2026-01-30,OOS,1.0,127845.63689195199
2026-02-02,OOS,1.0,127864.35714592546
2026-02-03,OOS,1.0,127883.08014107896
2026-02-04,OOS,1.0,127901.8058778139
2026-02-05,OOS,1.0,127920.432847162
2026-02-06,OOS,1.0,127939.11329132381
2026-02-09,OOS,1.0,127957.8472329129
2026-02-10,OOS,1.0,127976.5839176863
2026-02-11,OOS,1.0,127995.37413040437
2026-02-12,OOS,1.0,128014.16710200286
2026-02-13,OOS,1.0,128032.86123434157
2026-02-17,OOS,1.0,128239.44157516705
2026-02-18,OOS,1.0,128885.4746410213
2026-02-19,OOS,1.0,128545.55608020845
2026-02-20,OOS,1.0,128564.37882234876
2026-02-23,OOS,1.0,128583.20432067632
2026-02-24,OOS,1.0,128602.0325755947
2026-02-25,OOS,1.0,128620.86358750756
2026-02-26,OOS,1.0,128639.64631679334
2026-02-27,OOS,1.0,128658.3807414752
2026-03-02,OOS,1.0,128677.37316910845
2026-03-03,OOS,1.0,128696.31733793614
2026-03-04,OOS,1.0,128715.26429576645
2026-03-05,OOS,1.0,128734.16296552416
2026-03-06,OOS,1.0,128753.01332510124
2026-03-09,OOS,1.0,128771.96862984079
2026-03-10,OOS,1.0,128790.92672522241
2026-03-11,OOS,1.0,128809.88761165697
2026-03-12,OOS,1.0,128828.90240459013
2026-03-13,OOS,1.0,128847.92000446889
2026-03-16,OOS,1.0,130159.18090351633
2026-03-17,OOS,1.0,130501.58731038924
2026-03-18,OOS,1.0,128680.60778292871
2026-03-19,OOS,1.0,128013.88803500062
2026-03-20,OOS,1.0,126178.70642361866
2026-03-23,OOS,1.0,127503.58575930307
2026-03-24,OOS,1.0,127075.57775071192
2026-03-25,OOS,1.0,127783.73645583547
2026-03-26,OOS,1.0,125501.67557366539
2026-03-27,OOS,1.0,123361.63553070965
2026-03-30,OOS,1.0,122949.19144970362
2026-03-31,OOS,1.0,126523.05832143973
2026-04-01,OOS,1.0,127476.3488860291
2026-04-02,OOS,1.0,127495.06565154014
2026-04-06,OOS,1.0,127513.88635170776
2026-04-07,OOS,1.0,127532.65922942065
2026-04-08,OOS,1.0,127551.3336545221
2026-04-09,OOS,1.0,127569.96019848435
2026-04-10,OOS,1.0,127588.6400855134
2026-04-13,OOS,1.0,127607.42396863711
2026-04-14,OOS,1.0,127626.21061716584
2026-04-15,OOS,1.0,127645.00003150672
2026-04-16,OOS,1.0,127663.7415592891
2026-04-17,OOS,1.0,127682.48583880375
2026-04-20,OOS,1.0,127701.28353810782
2026-04-21,OOS,1.0,127719.9826546259
2026-04-22,OOS,1.0,127738.6845092289
2026-04-23,OOS,1.0,127757.38910231776
2026-04-24,OOS,1.0,127776.09643429345
2026-04-27,OOS,1.0,127794.75580075687
2026-04-28,OOS,1.0,127813.41789208016
2026-04-29,OOS,1.0,127832.08270866123
2026-04-30,OOS,1.0,127850.75025089805
2026-05-01,OOS,1.0,127869.42051918866
2026-05-04,OOS,1.0,127888.1949975982
2026-05-05,OOS,1.0,127906.92148329428
2026-05-06,OOS,1.0,127925.65071108291
2026-05-07,OOS,1.0,127944.38268136559
2026-05-08,OOS,1.0,127963.11739454394
2026-05-11,OOS,1.0,127981.9056300344
2026-05-12,OOS,1.0,128000.696624115
2026-05-13,OOS,1.0,128019.43958326352
2026-05-14,OOS,1.0,128038.18528691678
2026-05-15,OOS,1.0,128056.93373547665
2026-05-18,OOS,1.0,128075.6341131015
2026-05-19,OOS,1.0,128094.28639791085
2026-05-20,OOS,1.0,128112.83973701212
2026-05-21,OOS,1.0,128131.54827868802
2026-05-22,OOS,1.0,128150.25955240491
2026-05-26,OOS,1.0,128168.97355856179
2026-05-27,OOS,1.0,128187.69029755764
2026-05-28,OOS,1.0,128206.46063792263
2026-05-29,OOS,1.0,128225.23372680174
2026-06-01,OOS,1.0,128244.46751186078
2026-06-02,OOS,1.0,128263.65329132586
2026-06-03,OOS,1.0,128282.89283931957
2026-06-04,OOS,1.0,128302.13527324548
2026-06-05,OOS,1.0,124990.74069236444
2026-06-08,OOS,1.0,125009.58850246883
2026-06-09,OOS,1.0,124642.61952564142
2026-06-10,OOS,1.0,122677.55984327529
2026-06-11,OOS,1.0,124762.68771621629
2026-06-12,OOS,1.0,125437.43712522154
2026-06-15,OOS,1.0,125456.30251755108
2026-06-16,OOS,1.0,125475.17074717575
2026-06-17,OOS,1.0,125494.24098145995
2026-06-18,OOS,1.0,126798.92815566059
2026-06-22,OOS,1.0,126399.89036316815
2026-06-23,OOS,1.0,124564.31651770294
2026-06-24,OOS,1.0,124506.58339027851
2026-06-25,OOS,1.0,124686.57490518998
2026-06-26,OOS,1.0,123784.91929747304
2026-06-29,OOS,1.0,125824.25712208332
2026-06-30,OOS,1.0,126804.02225513922
2026-07-01,OOS,1.0,126823.39509187263
2026-07-02,OOS,1.0,126842.61990811277
2026-07-06,OOS,1.0,126862.0993104558
2026-07-07,OOS,1.0,126881.53136217559
2026-07-08,OOS,1.0,126901.01674020622
2026-07-09,OOS,1.0,126920.30368044888
2026-07-10,OOS,1.0,126939.69428240006
2026-07-13,OOS,1.0,126959.28933838256
2026-07-14,OOS,1.0,126978.63551580555
2026-07-15,OOS,1.0,126997.93425287005
2026-07-16,OOS,1.0,127017.2863190419
2026-07-17,OOS,1.0,127036.69173778506
2026-07-20,OOS,1.0,127056.15053263062
2026-07-21,OOS,1.0,127075.66272717669
2026-07-22,OOS,1.0,127095.27877193896
2026-07-23,OOS,1.0,127115.2004525401
2026-07-24,OOS,1.0,127135.1756983255
2026-07-27,OOS,1.0,127155.15408307812
2026-07-28,OOS,1.0,127174.8328569243
2026-07-29,OOS,1.0,127194.16141287041
2026-07-30,OOS,1.0,127213.44243257666
2026-07-31,OOS,1.0,128129.35040300897
2026-08-03,OOS,1.0,128149.23079031355
2026-08-04,OOS,1.0,128169.01255649509
2026-08-05,OOS,1.0,128188.79737629052
2026-08-06,OOS,1.0,128208.63611874162
2026-08-07,OOS,1.0,128228.32530214559
2026-08-10,OOS,1.0,128248.11927775772
2026-08-11,OOS,1.0,128267.91630886847
2026-08-12,OOS,1.0,128287.6145960159
2026-08-13,OOS,1.0,128307.31590825744
2026-08-14,OOS,1.0,128326.9693304561
2026-08-17,OOS,1.0,128346.6766864604
2026-08-18,OOS,1.0,128366.33613773063
2026-08-19,OOS,1.0,128635.63029524153
2026-08-20,OOS,1.0,127555.1083961605
2026-08-21,OOS,1.0,128076.97036599531
2026-08-24,OOS,1.0,127700.6275992875
2026-08-25,OOS,1.0,128108.75042185061
2026-08-26,OOS,1.0,128137.18520866855
2026-08-27,OOS,1.0,128156.71087498606
2026-08-28,OOS,1.0,128176.5446516691
2026-08-31,OOS,1.0,128196.43236157339
2026-09-01,OOS,1.0,128216.37402882961
2026-09-02,OOS,1.0,128236.31879812299
2026-09-03,OOS,1.0,128256.26666993601
