date,equity,in_position
1994-11-18,100000.0,False
1994-11-21,100000.0,True
1994-11-22,97826.08695652174,True
1994-11-23,98369.56521739131,True
1994-11-25,98845.10869565218,False
1994-11-28,98845.10869565218,False
1994-11-29,98845.10869565218,False
1994-11-30,98845.10869565218,False
1994-12-01,98845.10869565218,False
1994-12-02,98845.10869565218,False
1994-12-05,98845.10869565218,False
1994-12-06,98845.10869565218,False
1994-12-07,98845.10869565218,False
1994-12-08,98845.10869565218,False
1994-12-09,98845.10869565218,False
1994-12-12,98845.10869565218,False
1994-12-13,98845.10869565218,False
1994-12-14,98845.10869565218,False
1994-12-15,98845.10869565218,False
1994-12-16,98845.10869565218,False
1994-12-19,98845.10869565218,False
1994-12-20,98845.10869565218,False
1994-12-21,98845.10869565218,False
1994-12-22,98845.10869565218,False
1994-12-23,98845.10869565218,False
1994-12-27,98845.10869565218,False
1994-12-28,98845.10869565218,False
1994-12-29,98845.10869565218,False
1994-12-30,98845.10869565219,True
1995-01-03,99319.67368938988,True
1995-01-04,99794.23868312758,False
1995-01-05,99794.23868312758,False
1995-01-06,99794.23868312758,False
1995-01-09,99794.23868312758,False
1995-01-10,99794.23868312758,False
1995-01-11,99794.23868312758,False
1995-01-12,99794.23868312758,False
1995-01-13,99794.23868312758,False
1995-01-16,99794.23868312758,False
1995-01-17,99794.23868312758,False
1995-01-18,99794.23868312758,False
1995-01-19,99794.23868312757,True
1995-01-20,99427.11336829212,True
1995-01-23,99727.48668400843,False
1995-01-24,99727.48668400843,False
1995-01-25,99727.48668400843,False
1995-01-26,99727.48668400843,False
1995-01-27,99727.48668400843,False
1995-01-30,99727.48668400843,False
1995-01-31,99727.48668400843,False
1995-02-01,99727.48668400843,False
1995-02-02,99727.48668400843,False
1995-02-03,99727.48668400843,False
1995-02-06,99727.48668400843,False
1995-02-07,99727.48668400843,False
1995-02-08,99727.48668400843,False
1995-02-09,99727.48668400843,False
1995-02-10,99727.48668400843,False
1995-02-13,99727.48668400843,False
1995-02-14,99727.48668400843,False
1995-02-15,99727.48668400843,False
1995-02-16,99727.48668400843,False
1995-02-17,99727.48668400843,True
1995-02-21,99695.31661332629,True
1995-02-22,100435.00183416752,False
1995-02-23,100435.00183416752,False
1995-02-24,100435.00183416752,False
1995-02-27,100435.00183416752,False
1995-02-28,100435.00183416752,False
1995-03-01,100435.00183416752,False
1995-03-02,100435.00183416752,False
1995-03-03,100435.00183416752,False
1995-03-06,100435.00183416752,False
1995-03-07,100435.00183416752,False
1995-03-08,100435.00183416752,False
1995-03-09,100435.00183416752,False
1995-03-10,100435.00183416752,False
1995-03-13,100435.00183416752,False
1995-03-14,100435.00183416752,False
1995-03-15,100435.00183416752,False
1995-03-16,100435.00183416752,False
1995-03-17,100435.00183416752,False
1995-03-20,100435.00183416752,False
1995-03-21,100435.00183416752,False
1995-03-22,100435.00183416752,False
1995-03-23,100435.00183416752,False
1995-03-24,100435.00183416752,False
1995-03-27,100435.00183416752,False
1995-03-28,100435.00183416752,False
1995-03-29,100435.00183416752,False
1995-03-30,100435.00183416752,False
1995-03-31,100435.00183416752,False
1995-04-03,100435.00183416752,False
1995-04-04,100435.00183416752,False
1995-04-05,100435.00183416752,False
1995-04-06,100435.00183416752,False
1995-04-07,100435.00183416752,False
1995-04-10,100435.00183416752,False
1995-04-11,100435.00183416752,True
1995-04-12,100775.99478459235,True
1995-04-13,101333.96701700438,False
1995-04-17,101333.96701700438,False
1995-04-18,101333.96701700438,False
1995-04-19,101333.96701700438,False
1995-04-20,101333.96701700438,False
1995-04-21,101333.96701700438,False
1995-04-24,101333.96701700438,False
1995-04-25,101333.96701700438,False
1995-04-26,101333.96701700438,False
1995-04-27,101333.96701700438,False
1995-04-28,101333.96701700438,False
1995-05-01,101333.96701700438,False
1995-05-02,101333.96701700438,False
1995-05-03,101333.96701700438,False
1995-05-04,101333.96701700438,False
1995-05-05,101333.96701700438,False
1995-05-08,101333.96701700438,False
1995-05-09,101333.96701700438,False
1995-05-10,101333.96701700438,False
1995-05-11,101333.96701700438,False
1995-05-12,101333.96701700438,False
1995-05-15,101333.96701700438,False
1995-05-16,101333.96701700438,False
1995-05-17,101333.96701700438,False
1995-05-18,101333.96701700438,True
1995-05-19,101394.79172709862,True
1995-05-22,102520.05859579568,False
1995-05-23,102520.05859579568,False
1995-05-24,102520.05859579568,False
1995-05-25,102520.05859579568,False
1995-05-26,102520.05859579568,False
1995-05-30,102520.05859579568,False
1995-05-31,102520.05859579568,False
1995-06-01,102520.05859579568,False
1995-06-02,102520.05859579568,False
1995-06-05,102520.05859579568,False
1995-06-06,102520.05859579568,False
1995-06-07,102520.05859579568,False
1995-06-08,102520.05859579568,True
1995-06-09,101919.82406069149,True
1995-06-12,102490.05647279303,False
1995-06-13,102490.05647279303,False
1995-06-14,102490.05647279303,False
1995-06-15,102490.05647279303,False
1995-06-16,102490.05647279303,False
1995-06-19,102490.05647279303,False
1995-06-20,102490.05647279303,False
1995-06-21,102490.05647279303,True
1995-06-22,103844.03194601201,False
1995-06-23,103844.03194601201,False
1995-06-26,103844.03194601201,True
1995-06-27,103635.08069943312,True
1995-06-28,104172.35934361222,True
1995-06-29,103993.2664622192,True
1995-06-30,103933.56883508818,True
1995-07-03,104321.61296306009,False
1995-07-05,104321.61296306009,False
1995-07-06,104321.61296306009,False
1995-07-07,104321.61296306009,False
1995-07-10,104321.61296306009,False
1995-07-11,104321.61296306009,False
1995-07-12,104321.61296306009,False
1995-07-13,104321.61296306009,False
1995-07-14,104321.61296306009,False
1995-07-17,104321.61296306009,False
1995-07-18,104321.61296306009,True
1995-07-19,103183.88658648203,True
1995-07-20,103563.12248849646,False
1995-07-21,103563.12248849646,False
1995-07-24,103563.12248849646,False
1995-07-25,103563.12248849646,False
1995-07-26,103563.12248849646,False
1995-07-27,103563.12248849646,False
1995-07-28,103563.12248849646,False
1995-07-31,103563.12248849646,False
1995-08-01,103563.12248849646,False
1995-08-02,103563.12248849646,False
1995-08-03,103563.12248849646,False
1995-08-04,103563.12248849646,False
1995-08-07,103563.12248849646,False
1995-08-08,103563.12248849646,False
1995-08-09,103563.12248849646,False
1995-08-10,103563.12248849646,False
1995-08-11,103563.12248849646,False
1995-08-14,103563.12248849646,False
1995-08-15,103563.12248849646,False
1995-08-16,103563.12248849646,False
1995-08-17,103563.12248849646,False
1995-08-18,103563.12248849646,False
1995-08-21,103563.12248849646,True
1995-08-22,103765.32852824942,True
1995-08-23,103389.79510231342,True
1995-08-24,103505.34669310212,True
1995-08-25,104083.1046470456,False
1995-08-28,104083.1046470456,False
1995-08-29,104083.1046470456,False
1995-08-30,104083.1046470456,False
1995-08-31,104083.1046470456,False
1995-09-01,104083.1046470456,False
1995-09-05,104083.1046470456,False
1995-09-06,104083.1046470456,False
1995-09-07,104083.1046470456,False
1995-09-08,104083.1046470456,False
1995-09-11,104083.1046470456,False
1995-09-12,104083.1046470456,False
1995-09-13,104083.1046470456,False
1995-09-14,104083.1046470456,False
1995-09-15,104083.1046470456,False
1995-09-18,104083.1046470456,False
1995-09-19,104083.1046470456,False
1995-09-20,104083.1046470456,False
1995-09-21,104083.1046470456,False
1995-09-22,104083.1046470456,False
1995-09-25,104083.1046470456,False
1995-09-26,104083.1046470456,False
1995-09-27,104083.1046470456,False
1995-09-28,104083.1046470456,False
1995-09-29,104083.1046470456,False
1995-10-02,104083.1046470456,False
1995-10-03,104083.1046470456,False
1995-10-04,104083.1046470456,False
1995-10-05,104083.1046470456,False
1995-10-06,104083.1046470456,False
1995-10-09,104083.1046470456,False
1995-10-10,104083.1046470456,False
1995-10-11,104083.1046470456,False
1995-10-12,104083.1046470456,False
1995-10-13,104083.1046470456,False
1995-10-16,104083.1046470456,True
1995-10-17,104779.97420322387,False
1995-10-18,104779.97420322387,False
1995-10-19,104779.97420322387,False
1995-10-20,104779.97420322387,True
1995-10-23,104557.33417071895,True
1995-10-24,104668.65418697141,False
1995-10-25,104668.65418697141,True
1995-10-26,103714.5699396907,True
1995-10-27,104500.28637862776,False
1995-10-30,104500.28637862776,False
1995-10-31,104500.28637862776,True
1995-11-01,105340.32083504759,False
1995-11-02,105340.32083504759,False
1995-11-03,105340.32083504759,False
1995-11-06,105340.32083504759,True
1995-11-07,104949.96496112205,True
1995-11-08,105897.97208351264,False
1995-11-09,105897.97208351264,False
1995-11-10,105897.97208351264,False
1995-11-13,105897.97208351264,False
1995-11-14,105897.97208351264,True
1995-11-15,106962.27322040687,False
1995-11-16,106962.27322040687,False
1995-11-17,106962.27322040687,False
1995-11-20,106962.27322040687,True
1995-11-21,107827.58237953007,False
1995-11-22,107827.58237953007,False
1995-11-24,107827.58237953007,False
1995-11-27,107827.58237953007,False
1995-11-28,107827.58237953007,False
1995-11-29,107827.58237953007,False
1995-11-30,107827.58237953007,False
1995-12-01,107827.58237953007,False
1995-12-04,107827.58237953007,False
1995-12-05,107827.58237953007,False
1995-12-06,107827.58237953007,False
1995-12-07,107827.58237953007,True
1995-12-08,108181.10670562836,False
1995-12-11,108181.10670562836,False
1995-12-12,108181.10670562836,False
1995-12-13,108181.10670562836,False
1995-12-14,108181.10670562836,False
1995-12-15,108181.10670562836,False
1995-12-18,108181.10670562836,True
1995-12-19,109324.26649760902,False
1995-12-20,109324.26649760902,False
1995-12-21,109324.26649760902,False
1995-12-22,109324.26649760902,False
1995-12-26,109324.26649760902,False
1995-12-27,109324.26649760902,False
1995-12-28,109324.26649760902,False
1995-12-29,109324.26649760902,False
1996-01-02,109324.26649760902,False
1996-01-03,109324.26649760902,False
1996-01-04,109324.26649760902,False
1996-01-05,109324.26649760902,False
1996-01-08,109324.26649760902,False
1996-01-09,109324.26649760902,True
1996-01-10,107890.58891561712,True
1996-01-11,108537.15433251332,True
1996-01-12,108368.48743999282,True
1996-01-15,108143.59824996548,True
1996-01-16,109464.8132458085,False
1996-01-17,109464.8132458085,False
1996-01-18,109464.8132458085,False
1996-01-19,109464.8132458085,False
1996-01-22,109464.8132458085,False
1996-01-23,109464.8132458085,False
1996-01-24,109464.8132458085,False
1996-01-25,109464.8132458085,False
1996-01-26,109464.8132458085,False
1996-01-29,109464.8132458085,False
1996-01-30,109464.8132458085,False
1996-01-31,109464.8132458085,False
1996-02-01,109464.8132458085,False
1996-02-02,109464.8132458085,False
1996-02-05,109464.8132458085,False
1996-02-06,109464.8132458085,False
1996-02-07,109464.8132458085,False
1996-02-08,109464.8132458085,False
1996-02-09,109464.8132458085,False
1996-02-12,109464.8132458085,False
1996-02-13,109464.8132458085,False
1996-02-14,109464.8132458085,True
1996-02-15,108787.01259625032,True
1996-02-16,108343.82690630044,True
1996-02-20,107274.99576262053,True
1996-02-21,108604.51946382281,False
1996-02-22,108604.51946382281,False
1996-02-23,108604.51946382281,False
1996-02-26,108604.51946382281,True
1996-02-27,108265.13869469217,True
1996-02-28,107769.10008333187,True
1996-02-29,106724.82585771818,True
1996-03-01,108421.77982853423,False
1996-03-04,108421.77982853423,False
1996-03-05,108421.77982853423,False
1996-03-06,108421.77982853423,False
1996-03-07,108421.77982853423,False
1996-03-08,108421.77982853423,False
1996-03-11,108421.77982853423,False
1996-03-12,108421.77982853423,False
1996-03-13,108421.77982853423,False
1996-03-14,108421.77982853423,False
1996-03-15,108421.77982853423,False
1996-03-18,108421.77982853423,False
1996-03-19,108421.77982853423,False
1996-03-20,108421.77982853423,False
1996-03-21,108421.77982853423,False
1996-03-22,108421.77982853423,False
1996-03-25,108421.77982853423,False
1996-03-26,108421.77982853423,False
1996-03-27,108421.77982853423,True
1996-03-28,108840.39673906911,True
1996-03-29,108317.1256009005,True
1996-04-01,109572.97633250515,False
1996-04-02,109572.97633250515,False
1996-04-03,109572.97633250515,False
1996-04-04,109572.97633250515,False
1996-04-08,109572.97633250515,False
1996-04-09,109572.97633250515,False
1996-04-10,109572.97633250515,False
1996-04-11,109572.97633250515,False
1996-04-12,109572.97633250515,False
1996-04-15,109572.97633250515,False
1996-04-16,109572.97633250515,False
1996-04-17,109572.97633250515,False
1996-04-18,109572.97633250515,False
1996-04-19,109572.97633250515,False
1996-04-22,109572.97633250515,False
1996-04-23,109572.97633250515,False
1996-04-24,109572.97633250515,False
1996-04-25,109572.97633250515,False
1996-04-26,109572.97633250515,False
1996-04-29,109572.97633250515,False
1996-04-30,109572.97633250515,False
1996-05-01,109572.97633250515,False
1996-05-02,109572.97633250515,False
1996-05-03,109572.97633250515,False
1996-05-06,109572.97633250515,False
1996-05-07,109572.97633250515,False
1996-05-08,109572.97633250515,False
1996-05-09,109572.97633250515,False
1996-05-10,109572.97633250515,False
1996-05-13,109572.97633250515,False
1996-05-14,109572.97633250515,False
1996-05-15,109572.97633250515,False
1996-05-16,109572.97633250515,False
1996-05-17,109572.97633250515,False
1996-05-20,109572.97633250515,False
1996-05-21,109572.97633250515,False
1996-05-22,109572.97633250515,False
1996-05-23,109572.97633250515,False
1996-05-24,109572.97633250515,False
1996-05-28,109572.97633250515,False
1996-05-29,109572.97633250515,False
1996-05-30,109572.97633250515,False
1996-05-31,109572.97633250515,False
1996-06-03,109572.97633250515,False
1996-06-04,109572.97633250515,False
1996-06-05,109572.97633250515,False
1996-06-06,109572.97633250515,False
1996-06-07,109572.97633250515,False
1996-06-10,109572.97633250515,False
1996-06-11,109572.97633250515,True
1996-06-12,109369.59261773483,True
1996-06-13,109369.59261773483,True
1996-06-14,108911.97925950163,True
1996-06-17,108835.71850181135,True
1996-06-18,107945.90661434266,True
1996-06-19,108428.95107227073,True
1996-06-20,108352.67404388328,True
1996-06-21,108708.59554473132,False
1996-06-24,108708.59554473132,False
1996-06-25,108708.59554473132,False
1996-06-26,108708.59554473132,True
1996-06-27,109475.95033681177,False
1996-06-28,109475.95033681177,False
1996-07-01,109475.95033681177,False
1996-07-02,109475.95033681177,False
1996-07-03,109475.95033681177,False
1996-07-05,109475.95033681177,True
1996-07-08,109032.50834345259,True
1996-07-09,109475.95033681177,True
1996-07-10,109919.37563619838,False
1996-07-11,109919.37563619838,False
1996-07-12,109919.37563619838,False
1996-07-15,109919.37563619838,True
1996-07-16,110193.48879239839,True
1996-07-17,111509.23194215837,False
1996-07-18,111509.23194215837,False
1996-07-19,111509.23194215837,False
1996-07-22,111509.23194215837,False
1996-07-23,111509.23194215837,True
1996-07-24,111731.58335181372,True
1996-07-25,112732.1646952628,False
1996-07-26,112732.1646952628,False
1996-07-29,112732.1646952628,True
1996-07-30,113822.30057425587,False
1996-07-31,113822.30057425587,False
1996-08-01,113822.30057425587,False
1996-08-02,113822.30057425587,False
1996-08-05,113822.30057425587,False
1996-08-06,113822.30057425587,False
1996-08-07,113822.30057425587,False
1996-08-08,113822.30057425587,False
1996-08-09,113822.30057425587,False
1996-08-12,113822.30057425587,False
1996-08-13,113822.30057425587,False
1996-08-14,113822.30057425587,False
1996-08-15,113822.30057425587,False
1996-08-16,113822.30057425587,False
1996-08-19,113822.30057425587,False
1996-08-20,113822.30057425587,False
1996-08-21,113822.30057425587,False
1996-08-22,113822.30057425587,False
1996-08-23,113822.30057425587,False
1996-08-26,113822.30057425587,False
1996-08-27,113822.30057425587,False
1996-08-28,113822.30057425587,False
1996-08-29,113822.30057425587,False
1996-08-30,113822.30057425587,False
1996-09-03,113822.30057425587,False
1996-09-04,113822.30057425587,False
1996-09-05,113822.30057425587,True
1996-09-06,115436.21040225246,False
1996-09-09,115436.21040225246,False
1996-09-10,115436.21040225246,False
1996-09-11,115436.21040225246,False
1996-09-12,115436.21040225246,False
1996-09-13,115436.21040225246,False
1996-09-16,115436.21040225246,False
1996-09-17,115436.21040225246,False
1996-09-18,115436.21040225246,False
1996-09-19,115436.21040225246,False
1996-09-20,115436.21040225246,False
1996-09-23,115436.21040225246,False
1996-09-24,115436.21040225246,False
1996-09-25,115436.21040225246,False
1996-09-26,115436.21040225246,False
1996-09-27,115436.21040225246,False
1996-09-30,115436.21040225246,False
1996-10-01,115436.21040225246,False
1996-10-02,115436.21040225246,False
1996-10-03,115436.21040225246,False
1996-10-04,115436.21040225246,False
1996-10-07,115436.21040225246,False
1996-10-08,115436.21040225246,False
1996-10-09,115436.21040225246,True
1996-10-10,115202.96187193523,True
1996-10-11,116628.41194659544,False
1996-10-14,116628.41194659544,False
1996-10-15,116628.41194659544,False
1996-10-16,116628.41194659544,False
1996-10-17,116628.41194659544,False
1996-10-18,116628.41194659544,False
1996-10-21,116628.41194659544,False
1996-10-22,116628.41194659544,True
1996-10-23,117015.46139356242,False
1996-10-24,117015.46139356242,True
1996-10-25,117119.56767594104,True
1996-10-28,116338.77055810143,True
1996-10-29,117275.72709950895,True
1996-10-30,116885.33686909174,True
1996-10-31,118004.47107615926,False
1996-11-01,118004.47107615926,False
1996-11-04,118004.47107615926,False
1996-11-05,118004.47107615926,False
1996-11-06,118004.47107615926,False
1996-11-07,118004.47107615926,False
1996-11-08,118004.47107615926,False
1996-11-11,118004.47107615926,False
1996-11-12,118004.47107615926,False
1996-11-13,118004.47107615926,False
1996-11-14,118004.47107615926,False
1996-11-15,118004.47107615926,False
1996-11-18,118004.47107615926,False
1996-11-19,118004.47107615926,False
1996-11-20,118004.47107615926,False
1996-11-21,118004.47107615926,False
1996-11-22,118004.47107615926,False
1996-11-25,118004.47107615926,False
1996-11-26,118004.47107615926,False
1996-11-27,118004.47107615926,False
1996-11-29,118004.47107615926,False
1996-12-02,118004.47107615926,False
1996-12-03,118004.47107615926,True
1996-12-04,118325.14329301142,True
1996-12-05,118004.47107615926,True
1996-12-06,117313.80945614829,True
1996-12-09,119040.4635061757,False
1996-12-10,119040.4635061757,False
1996-12-11,119040.4635061757,False
1996-12-12,119040.4635061757,True
1996-12-13,119345.69546388384,True
1996-12-16,117819.53567534313,True
1996-12-17,118760.67568446211,True
1996-12-18,119701.79941454335,False
1996-12-19,119701.79941454335,False
1996-12-20,119701.79941454335,False
1996-12-23,119701.79941454335,False
1996-12-24,119701.79941454335,False
1996-12-26,119701.79941454335,False
1996-12-27,119701.79941454335,False
1996-12-30,119701.79941454335,True
1996-12-31,117513.64853201743,True
1997-01-02,117812.03274327096,True
1997-01-03,119502.87660704099,False
1997-01-06,119502.87660704099,False
1997-01-07,119502.87660704099,False
1997-01-08,119502.87660704099,False
1997-01-09,119502.87660704099,False
1997-01-10,119502.87660704099,False
1997-01-13,119502.87660704099,False
1997-01-14,119502.87660704099,False
1997-01-15,119502.87660704099,False
1997-01-16,119502.87660704099,False
1997-01-17,119502.87660704099,False
1997-01-20,119502.87660704099,False
1997-01-21,119502.87660704099,False
1997-01-22,119502.87660704099,False
1997-01-23,119502.87660704099,False
1997-01-24,119502.87660704099,True
1997-01-27,119162.2739457017,True
1997-01-28,119502.87660704099,True
1997-01-29,120670.65716020425,False
1997-01-30,120670.65716020425,False
1997-01-31,120670.65716020425,False
1997-02-03,120670.65716020425,False
1997-02-04,120670.65716020425,False
1997-02-05,120670.65716020425,False
1997-02-06,120670.65716020425,False
1997-02-07,120670.65716020425,False
1997-02-10,120670.65716020425,False
1997-02-11,120670.65716020425,False
1997-02-12,120670.65716020425,False
1997-02-13,120670.65716020425,False
1997-02-14,120670.65716020425,False
1997-02-18,120670.65716020425,False
1997-02-19,120670.65716020425,False
1997-02-20,120670.65716020425,False
1997-02-21,120670.65716020425,False
1997-02-24,120670.65716020425,False
1997-02-25,120670.65716020425,False
1997-02-26,120670.65716020425,False
1997-02-27,120670.65716020425,True
1997-02-28,120314.40871343907,True
1997-03-03,121121.8879665494,False
1997-03-04,121121.8879665494,False
1997-03-05,121121.8879665494,False
1997-03-06,121121.8879665494,False
1997-03-07,121121.8879665494,False
1997-03-10,121121.8879665494,False
1997-03-11,121121.8879665494,False
1997-03-12,121121.8879665494,False
1997-03-13,121121.8879665494,True
1997-03-14,121742.53619026448,True
1997-03-17,122076.73138764952,False
1997-03-18,122076.73138764952,False
1997-03-19,122076.73138764952,False
1997-03-20,122076.73138764952,False
1997-03-21,122076.73138764952,False
1997-03-24,122076.73138764952,False
1997-03-25,122076.73138764952,False
1997-03-26,122076.73138764952,False
1997-03-27,122076.73138764952,False
1997-03-31,122076.73138764952,True
1997-04-01,122861.22926028036,True
1997-04-02,120659.58856888743,True
1997-04-03,121317.54773474125,True
1997-04-04,122835.91504055778,False
1997-04-07,122835.91504055778,False
1997-04-08,122835.91504055778,False
1997-04-09,122835.91504055778,False
1997-04-10,122835.9150405578,True
1997-04-11,118935.55815061019,True
1997-04-14,120531.16680113554,True
1997-04-15,122582.64511263912,False
1997-04-16,122582.64511263912,False
1997-04-17,122582.64511263912,False
1997-04-18,122582.64511263912,False
1997-04-21,122582.64511263912,False
1997-04-22,122582.64511263912,False
1997-04-23,122582.64511263912,False
1997-04-24,122582.64511263912,False
1997-04-25,122582.64511263912,True
1997-04-28,123783.94502391038,False
1997-04-29,123783.94502391038,False
1997-04-30,123783.94502391038,False
1997-05-01,123783.94502391038,False
1997-05-02,123783.94502391038,False
1997-05-05,123783.94502391038,False
1997-05-06,123783.94502391038,False
1997-05-07,123783.94502391038,True
1997-05-08,124638.28206778705,True
1997-05-09,125492.61911166373,False
1997-05-12,125492.61911166373,False
1997-05-13,125492.61911166373,False
1997-05-14,125492.61911166373,False
1997-05-15,125492.61911166373,False
1997-05-16,125492.61911166373,False
1997-05-19,125492.61911166373,False
1997-05-20,125492.61911166373,False
1997-05-21,125492.61911166373,False
1997-05-22,125492.61911166373,False
1997-05-23,125492.61911166373,False
1997-05-27,125492.61911166373,False
1997-05-28,125492.61911166373,False
1997-05-29,125492.61911166373,False
1997-05-30,125492.61911166373,False
1997-06-02,125492.61911166373,False
1997-06-03,125492.61911166373,False
1997-06-04,125492.61911166373,False
1997-06-05,125492.61911166373,False
1997-06-06,125492.61911166373,False
1997-06-09,125492.61911166373,False
1997-06-10,125492.61911166373,False
1997-06-11,125492.61911166373,False
1997-06-12,125492.61911166373,False
1997-06-13,125492.61911166373,False
1997-06-16,125492.61911166373,False
1997-06-17,125492.61911166373,False
1997-06-18,125492.61911166373,False
1997-06-19,125492.61911166373,False
1997-06-20,125492.61911166373,False
1997-06-23,125492.61911166373,True
1997-06-24,128678.1664684489,False
1997-06-25,128678.1664684489,False
1997-06-26,128678.1664684489,False
1997-06-27,128678.1664684489,False
1997-06-30,128678.1664684489,False
1997-07-01,128678.1664684489,False
1997-07-02,128678.1664684489,False
1997-07-03,128678.1664684489,False
1997-07-07,128678.1664684489,False
1997-07-08,128678.1664684489,False
1997-07-09,128678.1664684489,False
1997-07-10,128678.1664684489,False
1997-07-11,128678.1664684489,False
1997-07-14,128678.1664684489,False
1997-07-15,128678.1664684489,False
1997-07-16,128678.1664684489,False
1997-07-17,128678.1664684489,False
1997-07-18,128678.1664684489,True
1997-07-21,128700.18203962983,True
1997-07-22,132113.69494178603,False
1997-07-23,132113.69494178603,False
1997-07-24,132113.69494178603,False
1997-07-25,132113.69494178603,False
1997-07-28,132113.69494178603,False
1997-07-29,132113.69494178603,False
1997-07-30,132113.69494178603,False
1997-07-31,132113.69494178603,False
1997-08-01,132113.69494178603,False
1997-08-04,132113.69494178603,False
1997-08-05,132113.69494178603,False
1997-08-06,132113.69494178603,False
1997-08-07,132113.69494178603,False
1997-08-08,132113.69494178603,False
1997-08-11,132113.69494178603,False
1997-08-12,132113.69494178603,True
1997-08-13,131712.26913001153,True
1997-08-14,132202.90067773592,True
1997-08-15,128144.03969201597,True
1997-08-18,130998.62324241242,False
1997-08-19,130998.62324241242,False
1997-08-20,130998.62324241242,False
1997-08-21,130998.62324241242,False
1997-08-22,130998.62324241242,False
1997-08-25,130998.62324241242,False
1997-08-26,130998.62324241242,True
1997-08-27,131787.0857775142,True
1997-08-28,129782.12706600458,True
1997-08-29,130300.2571174602,True
1997-09-02,134535.46602791708,False
1997-09-03,134535.46602791708,False
1997-09-04,134535.46602791708,False
1997-09-05,134535.46602791708,False
1997-09-08,134535.46602791708,False
1997-09-09,134535.46602791708,False
1997-09-10,134535.46602791708,True
1997-09-11,133847.4223898609,True
1997-09-12,136003.29245577025,False
1997-09-15,136003.29245577025,False
1997-09-16,136003.29245577025,False
1997-09-17,136003.29245577025,False
1997-09-18,136003.29245577025,False
1997-09-19,136003.29245577025,False
1997-09-22,136003.29245577025,False
1997-09-23,136003.29245577025,False
1997-09-24,136003.29245577025,True
1997-09-25,135057.26094150357,True
1997-09-26,136183.4889346782,False
1997-09-29,136183.4889346782,False
1997-09-30,136183.4889346782,False
1997-10-01,136183.4889346782,False
1997-10-02,136183.4889346782,False
1997-10-03,136183.4889346782,False
1997-10-06,136183.4889346782,False
1997-10-07,136183.4889346782,False
1997-10-08,136183.4889346782,False
1997-10-09,136183.4889346782,False
1997-10-10,136183.4889346782,False
1997-10-13,136183.4889346782,False
1997-10-14,136183.4889346782,False
1997-10-15,136183.4889346782,False
1997-10-16,136183.4889346782,False
1997-10-17,136183.4889346782,False
1997-10-20,136183.4889346782,False
1997-10-21,136183.4889346782,False
1997-10-22,136183.4889346782,False
1997-10-23,136183.4889346782,False
1997-10-24,136183.4889346782,False
1997-10-27,136183.4889346782,True
1997-10-28,144042.10603807718,False
1997-10-29,144042.10603807718,False
1997-10-30,144042.10603807718,True
1997-10-31,147445.46365120757,False
1997-11-03,147445.46365120757,False
1997-11-04,147445.46365120757,False
1997-11-05,147445.46365120757,False
1997-11-06,147445.46365120757,False
1997-11-07,147445.46365120757,False
1997-11-10,147445.46365120757,False
1997-11-11,147445.46365120757,False
1997-11-12,147445.46365120757,True
1997-11-13,149583.83018206072,True
1997-11-14,151620.36973525418,False
1997-11-17,151620.36973525418,False
1997-11-18,151620.36973525418,False
1997-11-19,151620.36973525418,False
1997-11-20,151620.36973525418,False
1997-11-21,151620.36973525418,False
1997-11-24,151620.36973525418,False
1997-11-25,151620.36973525418,False
1997-11-26,151620.36973525418,False
1997-11-28,151620.36973525418,False
1997-12-01,151620.36973525418,False
1997-12-02,151620.36973525418,False
1997-12-03,151620.36973525418,False
1997-12-04,151620.36973525418,False
1997-12-05,151620.36973525418,False
1997-12-08,151620.36973525418,False
1997-12-09,151620.36973525418,False
1997-12-10,151620.36973525418,False
1997-12-11,151620.36973525418,True
1997-12-12,151917.85901531027,True
1997-12-15,153454.88696226673,False
1997-12-16,153454.88696226673,False
1997-12-17,153454.88696226673,True
1997-12-18,151968.88095553077,True
1997-12-19,150235.20728100548,True
1997-12-22,151201.11911074925,False
1997-12-23,151201.11911074925,True
1997-12-24,150747.2131494428,True
1997-12-26,151352.4210978514,True
1997-12-29,154328.0268441937,False
1997-12-30,154328.0268441937,False
1997-12-31,154328.0268441937,False
1998-01-02,154328.0268441937,False
1998-01-05,154328.0268441937,False
1998-01-06,154328.0268441937,True
1998-01-07,154729.00905099898,True
1998-01-08,153375.69410303107,True
1998-01-09,148062.6798628607,True
1998-01-12,150769.30975879656,True
1998-01-13,152874.46634452444,False
1998-01-14,152874.46634452444,False
1998-01-15,152874.46634452444,False
1998-01-16,152874.46634452444,False
1998-01-20,152874.46634452444,False
1998-01-21,152874.46634452444,False
1998-01-22,152874.46634452444,False
1998-01-23,152874.46634452444,False
1998-01-26,152874.46634452444,False
1998-01-27,152874.46634452444,False
1998-01-28,152874.46634452444,False
1998-01-29,152874.46634452444,False
1998-01-30,152874.46634452444,False
1998-02-02,152874.46634452444,False
1998-02-03,152874.46634452444,False
1998-02-04,152874.46634452444,False
1998-02-05,152874.46634452444,False
1998-02-06,152874.46634452444,False
1998-02-09,152874.46634452444,False
1998-02-10,152874.46634452444,False
1998-02-11,152874.46634452444,False
1998-02-12,152874.46634452444,False
1998-02-13,152874.46634452444,False
1998-02-17,152874.46634452444,False
1998-02-18,152874.46634452444,False
1998-02-19,152874.46634452444,False
1998-02-20,152874.46634452444,False
1998-02-23,152874.46634452444,False
1998-02-24,152874.46634452444,False
1998-02-25,152874.46634452444,False
1998-02-26,152874.46634452444,False
1998-02-27,152874.46634452444,False
1998-03-02,152874.46634452444,False
1998-03-03,152874.46634452444,False
1998-03-04,152874.46634452444,False
1998-03-05,152874.46634452444,False
1998-03-06,152874.46634452444,False
1998-03-09,152874.46634452444,False
1998-03-10,152874.46634452444,False
1998-03-11,152874.46634452444,False
1998-03-12,152874.46634452444,False
1998-03-13,152874.46634452444,False
1998-03-16,152874.46634452444,False
1998-03-17,152874.46634452444,False
1998-03-18,152874.46634452444,False
1998-03-19,152874.46634452444,False
1998-03-20,152874.46634452444,False
1998-03-23,152874.46634452444,False
1998-03-24,152874.46634452444,False
1998-03-25,152874.46634452444,False
1998-03-26,152874.46634452444,False
1998-03-27,152874.46634452444,False
1998-03-30,152874.46634452444,False
1998-03-31,152874.46634452444,False
1998-04-01,152874.46634452444,False
1998-04-02,152874.46634452444,False
1998-04-03,152874.46634452444,False
1998-04-06,152874.46634452444,True
1998-04-07,151847.88906632952,True
1998-04-08,150992.40800116712,True
1998-04-09,152190.0814923945,False
1998-04-13,152190.0814923945,False
1998-04-14,152190.0814923945,False
1998-04-15,152190.0814923945,False
1998-04-16,152190.0814923945,False
1998-04-17,152190.0814923945,False
1998-04-20,152190.0814923945,False
1998-04-21,152190.0814923945,False
1998-04-22,152190.0814923945,False
1998-04-23,152190.0814923945,False
1998-04-24,152190.0814923945,False
1998-04-27,152190.0814923945,False
1998-04-28,152190.0814923945,False
1998-04-29,152190.0814923945,False
1998-04-30,152190.0814923945,False
1998-05-01,152190.0814923945,False
1998-05-04,152190.0814923945,False
1998-05-05,152190.0814923945,False
1998-05-06,152190.0814923945,True
1998-05-07,150981.881242384,True
1998-05-08,153441.43175133396,False
1998-05-11,153441.43175133396,False
1998-05-12,153441.43175133396,False
1998-05-13,153441.43175133396,False
1998-05-14,153441.43175133396,False
1998-05-15,153441.43175133396,False
1998-05-18,153441.43175133396,False
1998-05-19,153441.43175133396,False
1998-05-20,153441.43175133396,False
1998-05-21,153441.43175133396,False
1998-05-22,153441.43175133396,False
1998-05-26,153441.43175133396,True
1998-05-27,153660.44607013403,True
1998-05-28,154361.2918902943,False
1998-05-29,154361.2918902943,True
1998-06-01,155069.1682646837,True
1998-06-02,155201.89508488172,True
1998-06-03,152724.32777451875,True
1998-06-04,155555.83327207644,False
1998-06-05,155555.83327207644,False
1998-06-08,155555.83327207644,False
1998-06-09,155555.83327207644,False
1998-06-10,155555.83327207644,False
1998-06-11,155555.83327207644,True
1998-06-12,157022.0836285399,True
1998-06-15,152889.923533052,True
1998-06-16,155244.81046919027,False
1998-06-17,155244.81046919027,False
1998-06-18,155244.81046919027,False
1998-06-19,155244.81046919027,False
1998-06-22,155244.81046919027,False
1998-06-23,155244.81046919027,False
1998-06-24,155244.81046919027,False
1998-06-25,155244.81046919027,False
1998-06-26,155244.81046919027,False
1998-06-29,155244.81046919027,False
1998-06-30,155244.81046919027,False
1998-07-01,155244.81046919027,False
1998-07-02,155244.81046919027,False
1998-07-06,155244.81046919027,False
1998-07-07,155244.81046919027,False
1998-07-08,155244.81046919027,False
1998-07-09,155244.81046919027,False
1998-07-10,155244.81046919027,False
1998-07-13,155244.81046919027,False
1998-07-14,155244.81046919027,False
1998-07-15,155244.81046919027,False
1998-07-16,155244.81046919027,False
1998-07-17,155244.81046919027,False
1998-07-20,155244.81046919027,False
1998-07-21,155244.81046919027,True
1998-07-22,155244.81046919027,True
1998-07-23,152163.23429571386,True
1998-07-24,152038.30553192427,True
1998-07-27,153121.02148476732,False
1998-07-28,153121.02148476732,False
1998-07-29,153121.02148476732,False
1998-07-30,153121.02148476732,False
1998-07-31,153121.02148476732,False
1998-08-03,153121.02148476732,True
1998-08-04,147188.76405498126,True
1998-08-05,149209.1705709229,True
1998-08-06,149853.98116111703,False
1998-08-07,149853.98116111703,False
1998-08-10,149853.98116111703,False
1998-08-11,149853.98116111703,False
1998-08-12,149853.98116111703,False
1998-08-13,149853.98116111703,True
1998-08-14,148109.46450033569,True
1998-08-17,151249.5944897421,False
1998-08-18,151249.5944897421,False
1998-08-19,151249.5944897421,False
1998-08-20,151249.5944897421,False
1998-08-21,151249.5944897421,False
1998-08-24,151249.5944897421,False
1998-08-25,151249.5944897421,False
1998-08-26,151249.5944897421,False
1998-08-27,151249.5944897421,True
1998-08-28,150702.90920845387,True
1998-08-31,139951.43200978547,True
1998-09-01,145873.8558904079,True
1998-09-02,144826.04243460548,False
1998-09-03,144826.04243460548,False
1998-09-04,144826.04243460548,False
1998-09-08,144826.04243460548,False
1998-09-09,144826.04243460548,False
1998-09-10,144826.04243460548,False
1998-09-11,144826.04243460548,False
1998-09-14,144826.04243460548,False
1998-09-15,144826.04243460548,False
1998-09-16,144826.04243460548,False
1998-09-17,144826.04243460548,True
1998-09-18,144959.1546059608,True
1998-09-21,144870.41315839058,True
1998-09-22,146068.4227005886,False
1998-09-23,146068.4227005886,False
1998-09-24,146068.4227005886,False
1998-09-25,146068.4227005886,False
1998-09-28,146068.4227005886,False
1998-09-29,146068.4227005886,False
1998-09-30,146068.4227005886,True
1998-10-01,141851.45963736522,True
1998-10-02,144587.9994975421,False
1998-10-05,144587.9994975421,False
1998-10-06,144587.9994975421,False
1998-10-07,144587.9994975421,False
1998-10-08,144587.9994975421,False
1998-10-09,144587.9994975421,False
1998-10-12,144587.9994975421,False
1998-10-13,144587.9994975421,False
1998-10-14,144587.9994975421,False
1998-10-15,144587.9994975421,False
1998-10-16,144587.9994975421,False
1998-10-19,144587.9994975421,False
1998-10-20,144587.9994975421,False
1998-10-21,144587.9994975421,False
1998-10-22,144587.9994975421,False
1998-10-23,144587.9994975421,False
1998-10-26,144587.9994975421,False
1998-10-27,144587.9994975421,False
1998-10-28,144587.9994975421,False
1998-10-29,144587.9994975421,False
1998-10-30,144587.9994975421,False
1998-11-02,144587.9994975421,False
1998-11-03,144587.9994975421,False
1998-11-04,144587.9994975421,False
1998-11-05,144587.9994975421,False
1998-11-06,144587.9994975421,False
1998-11-09,144587.9994975421,False
1998-11-10,144587.9994975421,False
1998-11-11,144587.9994975421,False
1998-11-12,144587.9994975421,False
1998-11-13,144587.9994975421,False
1998-11-16,144587.9994975421,False
1998-11-17,144587.9994975421,False
1998-11-18,144587.9994975421,False
1998-11-19,144587.9994975421,False
1998-11-20,144587.9994975421,False
1998-11-23,144587.9994975421,False
1998-11-24,144587.9994975421,False
1998-11-25,144587.9994975421,False
1998-11-27,144587.9994975421,False
1998-11-30,144587.9994975421,True
1998-12-01,146455.6593403521,True
1998-12-02,146027.65395970814,False
1998-12-03,146027.65395970814,True
1998-12-04,149865.28127861675,False
1998-12-07,149865.28127861675,False
1998-12-08,149865.28127861675,False
1998-12-09,149865.28127861675,False
1998-12-10,149865.28127861675,True
1998-12-11,150165.7666637436,True
1998-12-14,145838.68480683744,True
1998-12-15,149604.84864525576,False
1998-12-16,149604.84864525576,False
1998-12-17,149604.84864525576,False
1998-12-18,149604.84864525576,False
1998-12-21,149604.84864525576,False
1998-12-22,149604.84864525576,False
1998-12-23,149604.84864525576,False
1998-12-24,149604.84864525576,False
1998-12-28,149604.84864525576,False
1998-12-29,149604.84864525576,False
1998-12-30,149604.84864525576,False
1998-12-31,149604.84864525576,False
1999-01-04,149604.84864525576,False
1999-01-05,149604.84864525576,False
1999-01-06,149604.84864525576,False
1999-01-07,149604.84864525576,False
1999-01-08,149604.84864525576,False
1999-01-11,149604.84864525576,False
1999-01-12,149604.84864525576,False
1999-01-13,149604.84864525576,False
1999-01-14,149604.84864525576,False
1999-01-15,149604.84864525576,False
1999-01-19,149604.84864525576,False
1999-01-20,149604.84864525576,False
1999-01-21,149604.84864525576,True
1999-01-22,149262.32927669628,True
1999-01-25,150784.63758140506,False
1999-01-26,150784.63758140506,False
1999-01-27,150784.63758140506,False
1999-01-28,150784.63758140506,False
1999-01-29,150784.63758140506,False
1999-02-01,150784.63758140506,False
1999-02-02,150784.63758140506,False
1999-02-03,150784.63758140506,False
1999-02-04,150784.63758140506,False
1999-02-05,150784.63758140506,False
1999-02-08,150784.63758140506,False
1999-02-09,150784.63758140506,True
1999-02-10,151753.93970008215,True
1999-02-11,155243.4273273196,False
1999-02-12,155243.4273273196,False
1999-02-16,155243.4273273196,True
1999-02-17,155085.49912047593,True
1999-02-18,156309.4427235143,True
1999-02-19,156980.6376025999,True
1999-02-22,161165.7350839569,False
1999-02-23,161165.7350839569,False
1999-02-24,161165.7350839569,True
1999-02-25,159637.71663755213,True
1999-02-26,158994.34044959222,True
1999-03-01,159436.66157881467,True
1999-03-02,158029.27616765237,True
1999-03-03,158873.70741434974,True
1999-03-04,160884.25800172446,False
1999-03-05,160884.25800172446,False
1999-03-08,160884.25800172446,False
1999-03-09,160884.25800172446,False
1999-03-10,160884.25800172446,False
1999-03-11,160884.25800172446,False
1999-03-12,160884.25800172446,False
1999-03-15,160884.25800172446,False
1999-03-16,160884.25800172446,False
1999-03-17,160884.25800172446,False
1999-03-18,160884.25800172446,False
1999-03-19,160884.25800172446,True
1999-03-22,161194.3963304025,True
1999-03-23,156542.32140023215,True
1999-03-24,157433.96909518147,True
1999-03-25,160651.65425521595,False
1999-03-26,160651.65425521595,False
1999-03-29,160651.65425521595,False
1999-03-30,160651.65425521595,False
1999-03-31,160651.65425521595,True
1999-04-01,161863.97199667452,True
1999-04-05,165696.46034064022,False
1999-04-06,165696.46034064022,False
1999-04-07,165696.46034064022,False
1999-04-08,165696.46034064022,False
1999-04-09,165696.46034064022,False
1999-04-12,165696.46034064022,False
1999-04-13,165696.46034064022,False
1999-04-14,165696.46034064022,False
1999-04-15,165696.46034064022,False
1999-04-16,165696.46034064022,False
1999-04-19,165696.46034064022,False
1999-04-20,165696.46034064022,False
1999-04-21,165696.46034064022,False
1999-04-22,165696.46034064022,False
1999-04-23,165696.46034064022,False
1999-04-26,165696.46034064022,False
1999-04-27,165696.46034064022,False
1999-04-28,165696.46034064022,False
1999-04-29,165696.46034064022,False
1999-04-30,165696.46034064022,False
1999-05-03,165696.46034064022,False
1999-05-04,165696.46034064022,False
1999-05-05,165696.46034064022,False
1999-05-06,165696.46034064022,False
1999-05-07,165696.46034064022,False
1999-05-10,165696.46034064022,False
1999-05-11,165696.46034064022,False
1999-05-12,165696.46034064022,False
1999-05-13,165696.46034064022,False
1999-05-14,165696.46034064022,True
1999-05-17,166199.62641969378,True
1999-05-18,165889.9857556608,True
1999-05-19,167089.84332878856,False
1999-05-20,167089.84332878856,False
1999-05-21,167089.84332878856,False
1999-05-24,167089.84332878856,False
1999-05-25,167089.84332878856,False
1999-05-26,167089.84332878856,False
1999-05-27,167089.84332878856,False
1999-05-28,167089.84332878856,False
1999-06-01,167089.84332878856,False
1999-06-02,167089.84332878856,False
1999-06-03,167089.84332878856,False
1999-06-04,167089.84332878856,False
1999-06-07,167089.84332878856,False
1999-06-08,167089.84332878856,False
1999-06-09,167089.84332878856,False
1999-06-10,167089.84332878856,False
1999-06-11,167089.84332878856,False
1999-06-14,167089.84332878856,False
1999-06-15,167089.84332878856,False
1999-06-16,167089.84332878856,False
1999-06-17,167089.84332878856,False
1999-06-18,167089.84332878856,False
1999-06-21,167089.84332878856,False
1999-06-22,167089.84332878856,False
1999-06-23,167089.84332878856,False
1999-06-24,167089.84332878856,False
1999-06-25,167089.84332878856,False
1999-06-28,167089.84332878856,False
1999-06-29,167089.84332878856,False
1999-06-30,167089.84332878856,False
1999-07-01,167089.84332878856,False
1999-07-02,167089.84332878856,False
1999-07-06,167089.84332878856,False
1999-07-07,167089.84332878856,False
1999-07-08,167089.84332878856,False
1999-07-09,167089.84332878856,False
1999-07-12,167089.84332878856,False
1999-07-13,167089.84332878856,False
1999-07-14,167089.84332878856,False
1999-07-15,167089.84332878856,False
1999-07-16,167089.84332878856,False
1999-07-19,167089.84332878856,False
1999-07-20,167089.84332878856,True
1999-07-21,166900.6350428933,True
1999-07-22,164705.81892650801,True
1999-07-23,164384.1587858209,True
1999-07-26,163173.2257560911,True
1999-07-27,164535.52541453711,True
1999-07-28,165065.3086150439,True
1999-07-29,162756.96752712148,True
1999-07-30,160751.3596966315,True
1999-08-02,161129.77626842205,True
1999-08-03,160372.9431248409,True
1999-08-04,158178.12700845566,True
1999-08-05,159616.1099812598,True
1999-08-06,157875.3937510232,True
1999-08-09,157534.8188364117,True
1999-08-10,155794.1026061751,True
1999-08-11,157686.18546512793,False
1999-08-12,157686.18546512793,False
1999-08-13,157686.18546512793,False
1999-08-16,157686.18546512793,False
1999-08-17,157686.18546512793,False
1999-08-18,157686.18546512793,False
1999-08-19,157686.18546512793,False
1999-08-20,157686.18546512793,False
1999-08-23,157686.18546512793,False
1999-08-24,157686.18546512793,False
1999-08-25,157686.18546512793,False
1999-08-26,157686.18546512793,False
1999-08-27,157686.18546512793,True
1999-08-30,154767.4221987674,True
1999-08-31,154183.66954549527,True
1999-09-01,156080.86566862962,False
1999-09-02,156080.86566862962,False
1999-09-03,156080.86566862962,False
1999-09-07,156080.86566862962,False
1999-09-08,156080.86566862962,False
1999-09-09,156080.86566862962,False
1999-09-10,156080.86566862962,False
1999-09-13,156080.86566862962,False
1999-09-14,156080.86566862962,False
1999-09-15,156080.86566862962,True
1999-09-16,156690.85128124704,True
1999-09-17,158225.0367270807,False
1999-09-20,158225.0367270807,False
1999-09-21,158225.0367270807,False
1999-09-22,158225.0367270807,False
1999-09-23,158225.0367270807,True
1999-09-24,158070.36904699556,True
1999-09-27,159114.37588757015,False
1999-09-28,159114.37588757015,False
1999-09-29,159114.37588757015,False
1999-09-30,159114.37588757015,False
1999-10-01,159114.37588757015,False
1999-10-04,159114.37588757015,False
1999-10-05,159114.37588757015,False
1999-10-06,159114.37588757015,False
1999-10-07,159114.37588757015,False
1999-10-08,159114.37588757015,False
1999-10-11,159114.37588757015,False
1999-10-12,159114.37588757015,False
1999-10-13,159114.37588757015,True
1999-10-14,159075.58642489644,True
1999-10-15,155002.69284415658,True
1999-10-18,156127.58726169428,False
1999-10-19,156127.58726169428,False
1999-10-20,156127.58726169428,False
1999-10-21,156127.58726169428,False
1999-10-22,156127.58726169428,False
1999-10-25,156127.58726169428,False
1999-10-26,156127.58726169428,True
1999-10-27,158952.38957400856,False
1999-10-28,158952.38957400856,False
1999-10-29,158952.38957400856,False
1999-11-01,158952.38957400856,True
1999-11-02,157816.49190761984,True
1999-11-03,158879.10585359638,True
1999-11-04,160088.28724039727,False
1999-11-05,160088.28724039727,False
1999-11-08,160088.28724039727,False
1999-11-09,160088.28724039727,False
1999-11-10,160088.28724039727,False
1999-11-11,160088.28724039727,False
1999-11-12,160088.28724039727,False
1999-11-15,160088.28724039727,False
1999-11-16,160088.28724039727,False
1999-11-17,160088.28724039727,False
1999-11-18,160088.28724039727,False
1999-11-19,160088.28724039727,False
1999-11-22,160088.28724039727,False
1999-11-23,160088.28724039727,False
1999-11-24,160088.28724039727,False
1999-11-26,160088.28724039727,False
1999-11-29,160088.28724039727,False
1999-11-30,160088.28724039727,True
1999-12-01,161381.34946625645,True
1999-12-02,162351.1461356508,False
1999-12-03,162351.1461356508,False
1999-12-06,162351.1461356508,False
1999-12-07,162351.1461356508,False
1999-12-08,162351.1461356508,True
1999-12-09,163144.33405814343,False
1999-12-10,163144.33405814343,False
1999-12-13,163144.33405814343,False
1999-12-14,163144.33405814343,True
1999-12-15,164013.66443500743,True
1999-12-16,164738.10641572744,False
1999-12-17,164738.10641572744,False
1999-12-20,164738.10641572744,False
1999-12-21,164738.10641572744,False
1999-12-22,164738.10641572744,False
1999-12-23,164738.10641572744,False
1999-12-27,164738.10641572744,False
1999-12-28,164738.10641572744,False
1999-12-29,164738.10641572744,False
1999-12-30,164738.10641572744,False
1999-12-31,164738.10641572744,False
2000-01-03,164738.10641572744,False
2000-01-04,164738.10641572744,True
2000-01-05,165032.8078583316,True
2000-01-06,162380.49487489412,True
2000-01-07,171810.94103822735,False
2000-01-10,171810.94103822735,False
2000-01-11,171810.94103822735,False
2000-01-12,171810.94103822735,True
2000-01-13,174137.78209204343,False
2000-01-14,174137.78209204343,False
2000-01-18,174137.78209204343,False
2000-01-19,174137.78209204343,False
2000-01-20,174137.78209204343,False
2000-01-21,174137.78209204343,False
2000-01-24,174137.78209204343,False
2000-01-25,174137.78209204343,False
2000-01-26,174137.78209204343,False
2000-01-27,174137.78209204343,False
2000-01-28,174137.78209204343,True
2000-01-31,178863.6924616067,False
2000-02-01,178863.6924616067,False
2000-02-02,178863.6924616067,False
2000-02-03,178863.6924616067,False
2000-02-04,178863.6924616067,False
2000-02-07,178863.6924616067,False
2000-02-08,178863.6924616067,False
2000-02-09,178863.6924616067,True
2000-02-10,179219.7582063876,True
2000-02-11,175579.97503751615,True
2000-02-14,176608.60941132766,True
2000-02-15,178606.5401982115,False
2000-02-16,178606.5401982115,False
2000-02-17,178606.5401982115,True
2000-02-18,174772.04950469057,True
2000-02-22,174328.05584544077,True
2000-02-23,176386.57190196254,False
2000-02-24,176386.57190196254,False
2000-02-25,176386.57190196254,True
2000-02-28,180086.693634379,False
2000-02-29,180086.693634379,False
2000-03-01,180086.693634379,False
2000-03-02,180086.693634379,False
2000-03-03,180086.693634379,False
2000-03-06,180086.693634379,False
2000-03-07,180086.693634379,False
2000-03-08,180086.693634379,False
2000-03-09,180086.693634379,False
2000-03-10,180086.693634379,False
2000-03-13,180086.693634379,False
2000-03-14,180086.693634379,False
2000-03-15,180086.693634379,False
2000-03-16,180086.693634379,False
2000-03-17,180086.693634379,False
2000-03-20,180086.693634379,False
2000-03-21,180086.693634379,False
2000-03-22,180086.693634379,False
2000-03-23,180086.693634379,False
2000-03-24,180086.693634379,False
2000-03-27,180086.693634379,True
2000-03-28,179049.5839219638,True
2000-03-29,179234.78208489507,True
2000-03-30,176234.5718454083,True
2000-03-31,178234.71200506616,True
2000-04-03,179271.82171748133,False
2000-04-04,179271.82171748133,False
2000-04-05,179271.82171748133,False
2000-04-06,179271.82171748133,False
2000-04-07,179271.82171748133,False
2000-04-10,179271.82171748133,False
2000-04-11,179271.82171748133,False
2000-04-12,179271.82171748133,True
2000-04-13,176782.46721809308,True
2000-04-14,166671.85817442398,True
2000-04-17,172493.11792683954,False
2000-04-18,172493.11792683954,False
2000-04-19,172493.11792683954,False
2000-04-20,172493.11792683954,False
2000-04-24,172493.11792683954,False
2000-04-25,172493.11792683954,False
2000-04-26,172493.11792683954,False
2000-04-27,172493.11792683954,False
2000-04-28,172493.11792683954,False
2000-05-01,172493.11792683954,False
2000-05-02,172493.11792683954,True
2000-05-03,168453.81681320147,True
2000-05-04,169725.44864527273,True
2000-05-05,171782.50013832914,False
2000-05-08,171782.50013832914,False
2000-05-09,171782.50013832914,False
2000-05-10,171782.50013832914,True
2000-05-11,175707.84686094706,False
2000-05-12,175707.84686094706,False
2000-05-15,175707.84686094706,False
2000-05-16,175707.84686094706,False
2000-05-17,175707.84686094706,False
2000-05-18,175707.84686094706,True
2000-05-19,172950.44385877004,True
2000-05-22,171648.3368855198,True
2000-05-23,169120.71746685752,True
2000-05-24,171878.12046903453,False
2000-05-25,171878.12046903453,False
2000-05-26,171878.12046903453,False
2000-05-30,171878.12046903453,False
2000-05-31,171878.12046903453,False
2000-06-01,171878.12046903453,False
2000-06-02,171878.12046903453,False
2000-06-05,171878.12046903453,False
2000-06-06,171878.12046903453,False
2000-06-07,171878.12046903453,False
2000-06-08,171878.12046903453,False
2000-06-09,171878.12046903453,False
2000-06-12,171878.12046903453,True
2000-06-13,175103.6158272757,False
2000-06-14,175103.6158272757,False
2000-06-15,175103.6158272757,False
2000-06-16,175103.6158272757,False
2000-06-19,175103.6158272757,False
2000-06-20,175103.6158272757,False
2000-06-21,175103.6158272757,False
2000-06-22,175103.6158272757,False
2000-06-23,175103.6158272757,False
2000-06-26,175103.6158272757,False
2000-06-27,175103.6158272757,False
2000-06-28,175103.6158272757,False
2000-06-29,175103.6158272757,False
2000-06-30,175103.6158272757,False
2000-07-03,175103.6158272757,False
2000-07-05,175103.6158272757,True
2000-07-06,176465.70099792868,True
2000-07-07,179303.378436789,False
2000-07-10,179303.378436789,False
2000-07-11,179303.378436789,False
2000-07-12,179303.378436789,False
2000-07-13,179303.378436789,False
2000-07-14,179303.378436789,False
2000-07-17,179303.378436789,False
2000-07-18,179303.378436789,False
2000-07-19,179303.378436789,False
2000-07-20,179303.378436789,False
2000-07-21,179303.37843678897,True
2000-07-24,178279.00450158093,True
2000-07-25,178848.10113225208,True
2000-07-26,177102.87146486057,True
2000-07-27,176495.83505881132,True
2000-07-28,172512.1586441133,True
2000-07-31,173612.41213007754,True
2000-08-01,174674.72584066368,True
2000-08-02,175547.34067435944,True
2000-08-03,176761.41348645787,False
2000-08-04,176761.41348645787,False
2000-08-07,176761.41348645787,False
2000-08-08,176761.41348645787,False
2000-08-09,176761.41348645787,True
2000-08-10,175899.71096204317,True
2000-08-11,176723.9481593094,False
2000-08-14,176723.9481593094,False
2000-08-15,176723.9481593094,False
2000-08-16,176723.9481593094,False
2000-08-17,176723.9481593094,False
2000-08-18,176723.9481593094,False
2000-08-21,176723.9481593094,False
2000-08-22,176723.9481593094,False
2000-08-23,176723.9481593094,False
2000-08-24,176723.9481593094,False
2000-08-25,176723.9481593094,False
2000-08-28,176723.9481593094,False
2000-08-29,176723.9481593094,False
2000-08-30,176723.9481593094,True
2000-08-31,179074.8799161574,False
2000-09-01,179074.8799161574,False
2000-09-05,179074.8799161574,False
2000-09-06,179074.8799161574,True
2000-09-07,180608.95222634595,True
2000-09-08,179374.2110986332,True
2000-09-11,179112.29631396686,True
2000-09-12,177802.72239063517,True
2000-09-13,178270.43334987728,True
2000-09-14,179168.42689730471,False
2000-09-15,179168.42689730471,True
2000-09-18,177519.40242029613,True
2000-09-19,179130.07749086266,True
2000-09-20,177807.0291045166,True
2000-09-21,175103.38981444636,True
2000-09-22,178286.39054913734,False
2000-09-25,178286.39054913734,False
2000-09-26,178286.39054913734,True
2000-09-27,179225.3577146364,True
2000-09-28,181533.6519964883,False
2000-09-29,181533.6519964883,False
2000-10-02,181533.6519964883,False
2000-10-03,181533.65199648833,True
2000-10-04,183046.4324297924,True
2000-10-05,183683.3926122362,False
2000-10-06,183683.3926122362,False
2000-10-09,183683.3926122362,False
2000-10-10,183683.39261223623,True
2000-10-11,182140.88568380845,True
2000-10-12,177596.74365141313,True
2000-10-13,183516.63510646025,False
2000-10-16,183516.63510646025,False
2000-10-17,183516.63510646025,True
2000-10-18,182835.6828426144,True
2000-10-19,189730.32451405376,False
2000-10-20,189730.32451405376,False
2000-10-23,189730.32451405376,False
2000-10-24,189730.32451405376,False
2000-10-25,189730.32451405376,True
2000-10-26,190252.27863926438,True
2000-10-27,193862.4613386377,False
2000-10-30,193862.4613386377,False
2000-10-31,193862.4613386377,False
2000-11-01,193862.4613386377,False
2000-11-02,193862.4613386377,False
2000-11-03,193862.4613386377,False
2000-11-06,193862.4613386377,False
2000-11-07,193862.4613386377,False
2000-11-08,193862.46133863772,True
2000-11-09,193129.7663980515,True
2000-11-10,188431.89883782214,True
2000-11-13,186966.5089566497,True
2000-11-14,191879.87502881614,False
2000-11-15,191879.87502881614,False
2000-11-16,191879.87502881614,True
2000-11-17,190854.13654783406,True
2000-11-20,188126.08311514958,True
2000-11-21,189086.3554651573,True
2000-11-22,184568.71752960168,True
2000-11-24,188344.32683106043,False
2000-11-27,188344.32683106043,False
2000-11-28,188344.32683106043,True
2000-11-29,187992.11677621037,True
2000-11-30,186363.14527252893,True
2000-12-01,186275.09275881643,True
2000-12-04,187860.0380056416,False
2000-12-05,187860.0380056416,False
2000-12-06,187860.0380056416,False
2000-12-07,187860.0380056416,True
2000-12-08,188299.27120182032,True
2000-12-11,194843.84582488335,False
2000-12-12,194843.84582488335,False
2000-12-13,194843.84582488335,True
2000-12-14,192361.60911625522,True
2000-12-15,187441.87486775764,True
2000-12-18,189946.46684881096,False
2000-12-19,189946.46684881096,True
2000-12-20,184445.06587140626,True
2000-12-21,185723.3980111091,True
2000-12-22,191293.27376267136,False
2000-12-26,191293.27376267136,False
2000-12-27,191293.27376267136,False
2000-12-28,191293.27376267136,False
2000-12-29,191293.27376267136,True
2001-01-02,187830.12731056014,True
2001-01-03,196852.53517263944,False
2001-01-04,196852.53517263944,False
2001-01-05,196852.53517263944,True
2001-01-08,198376.3090298055,True
2001-01-09,197852.51176640467,True
2001-01-10,201328.6208780647,False
2001-01-11,201328.6208780647,False
2001-01-12,201328.6208780647,False
2001-01-16,201328.6208780647,False
2001-01-17,201328.6208780647,False
2001-01-18,201328.6208780647,False
2001-01-19,201328.6208780647,False
2001-01-22,201328.6208780647,False
2001-01-23,201328.6208780647,False
2001-01-24,201328.6208780647,False
2001-01-25,201328.6208780647,False
2001-01-26,201328.6208780647,False
2001-01-29,201328.6208780647,False
2001-01-30,201328.6208780647,False
2001-01-31,201328.6208780647,False
2001-02-01,201328.6208780647,False
2001-02-02,201328.6208780647,True
2001-02-05,202807.20634826555,True
2001-02-06,202209.806978347,True
2001-02-07,201164.33194411377,True
2001-02-08,198819.48079590485,True
2001-02-09,196907.75501902116,True
2001-02-12,199163.00895679626,False
2001-02-13,199163.00895679626,False
2001-02-14,199163.00895679626,False
2001-02-15,199163.00895679626,False
2001-02-16,199163.00895679626,False
2001-02-20,199163.00895679626,True
2001-02-21,194866.0891436463,True
2001-02-22,195160.82371566741,True
2001-02-23,193842.2743145203,True
2001-02-26,197968.55832281595,False
2001-02-27,197968.55832281595,False
2001-02-28,197968.55832281595,False
2001-03-01,197968.55832281595,False
2001-03-02,197968.55832281595,False
2001-03-05,197968.55832281595,False
2001-03-06,197968.55832281595,False
2001-03-07,197968.55832281595,False
2001-03-08,197968.55832281595,False
2001-03-09,197968.55832281595,True
2001-03-12,189495.19590432965,True
2001-03-13,192608.51467172801,True
2001-03-14,188805.13040433932,True
2001-03-15,188853.2745089898,True
2001-03-16,184568.44919509615,True
2001-03-19,188323.68935783437,False
2001-03-20,188323.68935783437,True
2001-03-21,185124.49533546835,True
2001-03-22,183244.5565800574,True
2001-03-23,188785.42870126865,False
2001-03-26,188785.42870126865,False
2001-03-27,188785.42870126865,False
2001-03-28,188785.42870126865,True
2001-03-29,189507.48701688545,True
2001-03-30,191493.14738483168,False
2001-04-02,191493.14738483168,False
2001-04-03,191493.14738483168,True
2001-04-04,192291.10777795626,True
2001-04-05,199576.83310648505,False
2001-04-06,199576.83310648505,False
2001-04-09,199576.83310648505,False
2001-04-10,199576.83310648505,False
2001-04-11,199576.83310648505,False
2001-04-12,199576.83310648505,False
2001-04-16,199576.83310648505,False
2001-04-17,199576.83310648505,False
2001-04-18,199576.83310648505,False
2001-04-19,199576.83310648505,False
2001-04-20,199576.83310648505,False
2001-04-23,199576.83310648505,True
2001-04-24,198499.27494344284,True
2001-04-25,201095.21051804454,False
2001-04-26,201095.21051804454,False
2001-04-27,201095.21051804454,False
2001-04-30,201095.21051804454,False
2001-05-01,201095.21051804454,False
2001-05-02,201095.21051804454,False
2001-05-03,201095.21051804454,False
2001-05-04,201095.21051804454,False
2001-05-07,201095.21051804454,False
2001-05-08,201095.21051804454,False
2001-05-09,201095.21051804454,False
2001-05-10,201095.21051804454,False
2001-05-11,201095.21051804454,False
2001-05-14,201095.21051804454,False
2001-05-15,201095.21051804454,False
2001-05-16,201095.21051804454,False
2001-05-17,201095.21051804454,False
2001-05-18,201095.21051804454,False
2001-05-21,201095.21051804454,False
2001-05-22,201095.21051804454,False
2001-05-23,201095.21051804454,True
2001-05-24,201686.43821627938,True
2001-05-25,199305.98435832578,True
2001-05-29,197718.98918865065,True
2001-05-30,194949.55418112944,True
2001-05-31,195960.8647175838,True
2001-06-01,197174.43736132907,False
2001-06-04,197174.43736132907,False
2001-06-05,197174.43736132907,False
2001-06-06,197174.43736132907,False
2001-06-07,197174.43736132907,False
2001-06-08,197174.43736132907,False
2001-06-11,197174.43736132907,False
2001-06-12,197174.43736132907,False
2001-06-13,197174.43736132907,False
2001-06-14,197174.43736132907,True
2001-06-15,196932.00977440938,True
2001-06-18,195978.4612658587,True
2001-06-19,196835.03873964155,True
2001-06-20,197869.3964438321,False
2001-06-21,197869.3964438321,False
2001-06-22,197869.3964438321,False
2001-06-25,197869.3964438321,False
2001-06-26,197869.3964438321,False
2001-06-27,197869.3964438321,False
2001-06-28,197869.3964438321,False
2001-06-29,197869.3964438321,False
2001-07-02,197869.3964438321,False
2001-07-03,197869.3964438321,False
2001-07-05,197869.3964438321,True
2001-07-06,193592.63351938044,True
2001-07-09,194649.62815850347,True
2001-07-10,192307.9784964463,True
2001-07-11,192503.11596828437,True
2001-07-12,197072.5851004932,False
2001-07-13,197072.5851004932,False
2001-07-16,197072.5851004932,False
2001-07-17,197072.5851004932,False
2001-07-18,197072.5851004932,False
2001-07-19,197072.5851004932,False
2001-07-20,197072.5851004932,False
2001-07-23,197072.5851004932,True
2001-07-24,195167.3015959487,True
2001-07-25,197321.10034021636,False
2001-07-26,197321.10034021636,False
2001-07-27,197321.10034021636,False
2001-07-30,197321.10034021636,False
2001-07-31,197321.10034021636,False
2001-08-01,197321.10034021636,False
2001-08-02,197321.10034021636,False
2001-08-03,197321.10034021636,False
2001-08-06,197321.10034021636,True
2001-08-07,198092.0140323186,True
2001-08-08,194417.87218059722,True
2001-08-09,194991.95684492867,True
2001-08-10,195664.45602314555,False
2001-08-13,195664.45602314555,False
2001-08-14,195664.45602314555,False
2001-08-15,195664.45602314555,True
2001-08-16,196342.92715786723,True
2001-08-17,193198.79263110828,True
2001-08-20,194985.98488842387,False
2001-08-21,194985.98488842387,True
2001-08-22,197006.216125396,True
2001-08-23,196299.13519245575,True
2001-08-24,200373.26818701616,False
2001-08-27,200373.26818701616,False
2001-08-28,200373.26818701616,True
2001-08-29,198585.75575851646,True
2001-08-30,194770.10422844972,True
2001-08-31,196196.67664734856,True
2001-09-04,194941.9804234978,True
2001-09-05,195423.23376963232,True
2001-09-06,190387.26125472446,True
2001-09-07,186863.79925623946,True
2001-09-10,189149.7526503785,True
2001-09-17,179266.87143511567,True
2001-09-18,178837.18094749554,True
2001-09-19,175227.78085148652,True
2001-09-20,169658.9921319297,True
2001-09-21,167201.1625427426,True
2001-09-24,173079.3284133859,False
2001-09-25,173079.3284133859,False
2001-09-26,173079.3284133859,False
2001-09-27,173079.3284133859,False
2001-09-28,173079.3284133859,False
2001-10-01,173079.3284133859,False
2001-10-02,173079.3284133859,False
2001-10-03,173079.3284133859,False
2001-10-04,173079.3284133859,False
2001-10-05,173079.3284133859,False
2001-10-08,173079.3284133859,False
2001-10-09,173079.3284133859,False
2001-10-10,173079.3284133859,False
2001-10-11,173079.3284133859,False
2001-10-12,173079.3284133859,False
2001-10-15,173079.3284133859,False
2001-10-16,173079.3284133859,False
2001-10-17,173079.3284133859,True
2001-10-18,172709.535143204,True
2001-10-19,172596.98936532257,True
2001-10-22,176005.51863830333,False
2001-10-23,176005.51863830333,False
2001-10-24,176005.51863830333,False
2001-10-25,176005.51863830333,False
2001-10-26,176005.51863830333,False
2001-10-29,176005.51863830333,True
2001-10-30,173892.46960113803,True
2001-10-31,173302.78149774307,True
2001-11-01,177741.82249829962,False
2001-11-02,177741.82249829962,False
2001-11-05,177741.82249829962,False
2001-11-06,177741.82249829962,False
2001-11-07,177741.82249829962,False
2001-11-08,177741.82249829962,False
2001-11-09,177741.82249829962,False
2001-11-12,177741.82249829962,False
2001-11-13,177741.82249829962,False
2001-11-14,177741.82249829962,False
2001-11-15,177741.82249829962,False
2001-11-16,177741.82249829962,False
2001-11-19,177741.82249829962,False
2001-11-20,177741.82249829962,False
2001-11-21,177741.82249829962,False
2001-11-23,177741.82249829962,False
2001-11-26,177741.82249829962,False
2001-11-27,177741.82249829962,False
2001-11-28,177741.82249829962,True
2001-11-29,180141.19596241115,False
2001-11-30,180141.19596241115,False
2001-12-03,180141.19596241115,False
2001-12-04,180141.19596241115,False
2001-12-05,180141.19596241115,False
2001-12-06,180141.19596241115,False
2001-12-07,180141.19596241115,False
2001-12-10,180141.19596241115,True
2001-12-11,179778.96064966984,True
2001-12-12,179983.7023481758,True
2001-12-13,176487.3441121507,True
2001-12-14,178172.5257844691,True
2001-12-17,180015.20107102286,False
2001-12-18,180015.20107102286,False
2001-12-19,180015.20107102286,False
2001-12-20,180015.20107102286,False
2001-12-21,180015.20107102286,False
2001-12-24,180015.20107102286,False
2001-12-26,180015.20107102286,False
2001-12-27,180015.20107102286,False
2001-12-28,180015.20107102286,False
2001-12-31,180015.20107102286,True
2002-01-02,181952.37252611786,True
2002-01-03,184015.53887260117,False
2002-01-04,184015.53887260117,False
2002-01-07,184015.53887260117,False
2002-01-08,184015.53887260117,False
2002-01-09,184015.53887260117,True
2002-01-10,184827.58287039498,True
2002-01-11,183012.42569885595,True
2002-01-14,181866.01064314708,True
2002-01-15,183346.79675677104,False
2002-01-16,183346.79675677104,True
2002-01-17,184728.15447032588,True
2002-01-18,183883.08857497468,True
2002-01-22,182615.48973194792,True
2002-01-23,184013.09871272102,True
2002-01-24,184581.89306536125,False
2002-01-25,184581.89306536125,False
2002-01-28,184581.89306536125,False
2002-01-29,184581.89306536125,True
2002-01-30,187243.1662787628,True
2002-01-31,189435.7876055276,False
2002-02-01,189435.7876055276,False
2002-02-04,189435.7876055276,False
2002-02-05,189435.7876055276,False
2002-02-06,189435.7876055276,False
2002-02-07,189435.7876055276,True
2002-02-08,193065.96794568168,False
2002-02-11,193065.96794568168,False
2002-02-12,193065.96794568168,False
2002-02-13,193065.96794568168,False
2002-02-14,193065.96794568168,False
2002-02-15,193065.96794568168,True
2002-02-19,189357.5135158476,True
2002-02-20,192543.65042035293,False
2002-02-21,192543.65042035293,False
2002-02-22,192543.65042035293,False
2002-02-25,192543.65042035293,False
2002-02-26,192543.65042035293,False
2002-02-27,192543.65042035293,False
2002-02-28,192543.65042035293,False
2002-03-01,192543.65042035293,False
2002-03-04,192543.65042035293,False
2002-03-05,192543.65042035293,False
2002-03-06,192543.65042035293,False
2002-03-07,192543.65042035293,False
2002-03-08,192543.65042035293,False
2002-03-11,192543.65042035293,False
2002-03-12,192543.65042035293,False
2002-03-13,192543.65042035293,False
2002-03-14,192543.65042035293,False
2002-03-15,192543.65042035293,False
2002-03-18,192543.65042035293,False
2002-03-19,192543.65042035293,False
2002-03-20,192543.65042035293,True
2002-03-21,192627.19070602648,True
2002-03-22,192209.48927765884,True
2002-03-25,189820.23710739586,True
2002-03-26,190922.96887828645,True
2002-03-27,191424.21059232764,False
2002-03-28,191424.21059232764,False
2002-04-01,191424.21059232764,False
2002-04-02,191424.21059232764,False
2002-04-03,191424.21059232764,False
2002-04-04,191424.21059232764,False
2002-04-05,191424.21059232764,False
2002-04-08,191424.21059232764,False
2002-04-09,191424.21059232764,False
2002-04-10,191424.21059232764,False
2002-04-11,191424.21059232764,True
2002-04-12,192860.88745996152,True
2002-04-15,191389.5918726256,True
2002-04-16,195941.95351344143,False
2002-04-17,195941.95351344143,False
2002-04-18,195941.95351344143,False
2002-04-19,195941.95351344143,False
2002-04-22,195941.95351344143,True
2002-04-23,195094.63695770764,True
2002-04-24,193135.21742257322,True
2002-04-25,193241.13199203994,True
2002-04-26,189569.4269171935,True
2002-04-29,188633.8482202374,True
2002-04-30,190399.09104468283,True
2002-05-01,192729.2115729508,False
2002-05-02,192729.2115729508,False
2002-05-03,192729.2115729508,False
2002-05-06,192729.2115729508,True
2002-05-07,192053.09695948733,True
2002-05-08,199197.98382068236,False
2002-05-09,199197.98382068236,False
2002-05-10,199197.98382068236,True
2002-05-13,203249.0211382615,False
2002-05-14,203249.0211382615,False
2002-05-15,203249.0211382615,False
2002-05-16,203249.0211382615,False
2002-05-17,203249.0211382615,False
2002-05-20,203249.0211382615,False
2002-05-21,203249.0211382615,False
2002-05-22,203249.0211382615,False
2002-05-23,203249.0211382615,False
2002-05-24,203249.0211382615,False
2002-05-28,203249.0211382615,False
2002-05-29,203249.0211382615,True
2002-05-30,202680.75733265592,True
2002-05-31,203097.48412343336,True
2002-06-03,197698.9779701804,True
2002-06-04,198191.47326837186,True
2002-06-05,200047.80170001675,False
2002-06-06,200047.80170001675,False
2002-06-07,200047.80170001675,False
2002-06-10,200047.80170001675,False
2002-06-11,200047.80170001675,True
2002-06-12,201264.25557461474,True
2002-06-13,199243.37252487938,True
2002-06-14,198949.06916812182,True
2002-06-17,204285.77003732586,False
2002-06-18,204285.77003732586,False
2002-06-19,204285.77003732586,False
2002-06-20,204285.77003732586,True
2002-06-21,200390.19117978177,True
2002-06-24,201439.77719321335,True
2002-06-25,196918.48359689274,True
2002-06-26,197241.43313948705,True
2002-06-27,200692.956375964,False
2002-06-28,200692.956375964,False
2002-07-01,200692.956375964,True
2002-07-02,196432.13508219415,True
2002-07-03,197549.04940192023,True
2002-07-05,205408.81683702962,False
2002-07-08,205408.81683702962,False
2002-07-09,205408.81683702962,False
2002-07-10,205408.81683702962,True
2002-07-11,207081.16391288472,True
2002-07-12,204806.77188972174,True
2002-07-15,205899.37197928043,False
2002-07-16,205899.37197928043,False
2002-07-17,205899.37197928043,False
2002-07-18,205899.37197928043,True
2002-07-19,198653.02733900736,True
2002-07-22,192766.838003381,True
2002-07-23,187490.37345949287,True
2002-07-24,198676.47829253576,False
2002-07-25,198676.47829253576,False
2002-07-26,198676.47829253576,False
2002-07-29,198676.47829253576,False
2002-07-30,198676.47829253576,False
2002-07-31,198676.47829253576,False
2002-08-01,198676.47829253576,False
2002-08-02,198676.47829253576,False
2002-08-05,198676.47829253576,True
2002-08-06,205364.6443279297,True
2002-08-07,208945.89635397398,False
2002-08-08,208945.89635397398,False
2002-08-09,208945.89635397398,False
2002-08-12,208945.89635397398,False
2002-08-13,208945.89635397398,False
2002-08-14,208945.89635397398,False
2002-08-15,208945.89635397398,False
2002-08-16,208945.89635397398,False
2002-08-19,208945.89635397398,False
2002-08-20,208945.89635397398,False
2002-08-21,208945.89635397398,False
2002-08-22,208945.89635397398,False
2002-08-23,208945.89635397398,False
2002-08-26,208945.89635397398,False
2002-08-27,208945.89635397398,False
2002-08-28,208945.89635397398,True
2002-08-29,209036.64375738506,True
2002-08-30,208219.9171266855,True
2002-09-03,200279.51932821743,True
2002-09-04,203138.06253566593,True
2002-09-05,201413.8618708557,True
2002-09-06,204181.65767489315,False
2002-09-09,204181.65767489315,False
2002-09-10,204181.65767489315,False
2002-09-11,204181.65767489315,False
2002-09-12,204181.65767489315,False
2002-09-13,204181.65767489315,False
2002-09-16,204181.65767489315,False
2002-09-17,204181.65767489315,True
2002-09-18,202135.88904510942,True
2002-09-19,196905.2306166851,True
2002-09-20,196091.57263893017,True
2002-09-23,194487.50405421338,True
2002-09-24,191349.1089971588,True
2002-09-25,196091.57263893017,False
2002-09-26,196091.57263893017,False
2002-09-27,196091.5726389302,True
2002-09-30,193816.67342765076,True
2002-10-01,203129.54207382593,False
2002-10-02,203129.54207382593,False
2002-10-03,203129.54207382593,False
2002-10-04,203129.54207382593,False
2002-10-07,203129.54207382593,False
2002-10-08,203129.54207382593,False
2002-10-09,203129.54207382593,True
2002-10-10,209709.79484523158,False
2002-10-11,209709.79484523158,False
2002-10-14,209709.79484523158,False
2002-10-15,209709.79484523158,False
2002-10-16,209709.79484523158,False
2002-10-17,209709.79484523158,False
2002-10-18,209709.79484523158,False
2002-10-21,209709.79484523158,False
2002-10-22,209709.79484523158,False
2002-10-23,209709.79484523158,False
2002-10-24,209709.79484523158,False
2002-10-25,209709.79484523158,False
2002-10-28,209709.79484523158,False
2002-10-29,209709.79484523158,False
2002-10-30,209709.79484523158,False
2002-10-31,209709.79484523158,False
2002-11-01,209709.79484523158,False
2002-11-04,209709.79484523158,False
2002-11-05,209709.79484523158,False
2002-11-06,209709.79484523158,False
2002-11-07,209709.79484523158,False
2002-11-08,209709.79484523158,True
2002-11-11,206458.2988626898,True
2002-11-12,208095.74288267485,True
2002-11-13,208306.27139953006,True
2002-11-14,212236.13704749427,False
2002-11-15,212236.13704749427,False
2002-11-18,212236.13704749427,False
2002-11-19,212236.13704749427,False
2002-11-20,212236.13704749427,False
2002-11-21,212236.13704749427,False
2002-11-22,212236.13704749427,False
2002-11-25,212236.13704749427,False
2002-11-26,212236.13704749427,True
2002-11-27,218207.4482097902,False
2002-11-29,218207.4482097902,False
2002-12-02,218207.4482097902,False
2002-12-03,218207.4482097902,False
2002-12-04,218207.4482097902,False
2002-12-05,218207.4482097902,False
2002-12-06,218207.4482097902,False
2002-12-09,218207.4482097902,True
2002-12-10,221133.1346662343,True
2002-12-11,221328.18042999724,True
2002-12-12,221303.79970952688,True
2002-12-13,217817.3566822643,True
2002-12-16,223449.30311091925,False
2002-12-17,223449.30311091925,False
2002-12-18,223449.30311091925,False
2002-12-19,223449.30311091925,False
2002-12-20,223449.30311091925,False
2002-12-23,223449.30311091925,False
2002-12-24,223449.30311091925,True
2002-12-26,223549.336374763,True
2002-12-27,218522.6648666158,True
2002-12-30,220348.2719317638,True
2002-12-31,220648.371723295,False
2003-01-02,220648.371723295,False
2003-01-03,220648.371723295,False
2003-01-06,220648.371723295,False
2003-01-07,220648.371723295,False
2003-01-08,220648.371723295,False
2003-01-09,220648.371723295,False
2003-01-10,220648.371723295,False
2003-01-13,220648.371723295,False
2003-01-14,220648.371723295,False
2003-01-15,220648.371723295,False
2003-01-16,220648.371723295,False
2003-01-17,220648.371723295,False
2003-01-21,220648.371723295,True
2003-01-22,217978.34100664334,True
2003-01-23,219313.35636496914,True
2003-01-24,213553.0123188596,True
2003-01-27,210635.75653585134,True
2003-01-28,212193.27445389814,True
2003-01-29,213800.23738521626,False
2003-01-30,213800.23738521626,True
2003-01-31,217927.8506380636,True
2003-02-03,218358.33790983298,False
2003-02-04,218358.33790983298,False
2003-02-05,218358.33790983298,False
2003-02-06,218358.33790983298,False
2003-02-07,218358.33790983298,False
2003-02-10,218358.33790983298,False
2003-02-11,218358.33790983298,False
2003-02-12,218358.33790983298,True
2003-02-13,219023.2536769153,True
2003-02-14,223810.647199908,False
2003-02-18,223810.647199908,False
2003-02-19,223810.647199908,False
2003-02-20,223810.647199908,False
2003-02-21,223810.647199908,False
2003-02-24,223810.647199908,False
2003-02-25,223810.647199908,False
2003-02-26,223810.647199908,False
2003-02-27,223810.647199908,False
2003-02-28,223810.647199908,False
2003-03-03,223810.647199908,False
2003-03-04,223810.647199908,True
2003-03-05,225703.90947229395,True
2003-03-06,223810.647199908,True
2003-03-07,225352.30362170798,False
2003-03-10,225352.30362170798,True
2003-03-11,223135.36015272906,True
2003-03-12,224631.79699428985,True
2003-03-13,232391.09913571607,False
2003-03-14,232391.09913571607,False
2003-03-17,232391.09913571607,False
2003-03-18,232391.09913571607,False
2003-03-19,232391.09913571607,False
2003-03-20,232391.09913571607,False
2003-03-21,232391.09913571607,False
2003-03-24,232391.09913571607,True
2003-03-25,234616.09177941942,True
2003-03-26,233436.5776068538,True
2003-03-27,233624.2275888529,True
2003-03-28,232444.7134162872,True
2003-03-31,227163.70678002745,True
2003-04-01,230648.63501715322,False
2003-04-02,230648.63501715322,False
2003-04-03,230648.63501715322,False
2003-04-04,230648.63501715322,False
2003-04-07,230648.63501715322,False
2003-04-08,230648.63501715322,False
2003-04-09,230648.63501715322,False
2003-04-10,230648.63501715322,False
2003-04-11,230648.63501715322,False
2003-04-14,230648.63501715322,False
2003-04-15,230648.63501715322,False
2003-04-16,230648.63501715322,False
2003-04-17,230648.63501715322,False
2003-04-21,230648.63501715322,False
2003-04-22,230648.63501715322,False
2003-04-23,230648.63501715322,False
2003-04-24,230648.63501715322,False
2003-04-25,230648.63501715322,False
2003-04-28,230648.63501715322,False
2003-04-29,230648.63501715322,False
2003-04-30,230648.63501715322,False
2003-05-01,230648.63501715322,False
2003-05-02,230648.63501715322,False
2003-05-05,230648.63501715322,False
2003-05-06,230648.63501715322,False
2003-05-07,230648.63501715322,False
2003-05-08,230648.63501715322,True
2003-05-09,233842.03959067358,False
2003-05-12,233842.03959067358,False
2003-05-13,233842.03959067358,False
2003-05-14,233842.03959067358,False
2003-05-15,233842.03959067358,False
2003-05-16,233842.03959067358,False
2003-05-19,233842.03959067358,False
2003-05-20,233842.03959067358,False
2003-05-21,233842.03959067358,False
2003-05-22,233842.03959067358,False
2003-05-23,233842.03959067358,False
2003-05-27,233842.03959067358,False
2003-05-28,233842.03959067358,False
2003-05-29,233842.03959067358,False
2003-05-30,233842.03959067358,False
2003-06-02,233842.03959067358,False
2003-06-03,233842.03959067358,False
2003-06-04,233842.03959067358,False
2003-06-05,233842.03959067358,False
2003-06-06,233842.03959067358,False
2003-06-09,233842.03959067358,False
2003-06-10,233842.03959067358,False
2003-06-11,233842.03959067358,False
2003-06-12,233842.03959067358,False
2003-06-13,233842.03959067358,False
2003-06-16,233842.03959067358,False
2003-06-17,233842.03959067358,False
2003-06-18,233842.03959067358,False
2003-06-19,233842.03959067355,True
2003-06-20,232486.02696357307,True
2003-06-23,230101.3151021205,True
2003-06-24,230335.11038265505,True
2003-06-25,228020.53710536286,True
2003-06-26,230989.73716815186,False
2003-06-27,230989.73716815186,False
2003-06-30,230989.73716815183,True
2003-07-01,233119.1109615692,False
2003-07-02,233119.1109615692,False
2003-07-03,233119.1109615692,False
2003-07-07,233119.1109615692,False
2003-07-08,233119.1109615692,False
2003-07-09,233119.1109615692,False
2003-07-10,233119.1109615692,False
2003-07-11,233119.1109615692,False
2003-07-14,233119.1109615692,False
2003-07-15,233119.1109615692,False
2003-07-16,233119.1109615692,False
2003-07-17,233119.1109615692,False
2003-07-18,233119.1109615692,False
2003-07-21,233119.1109615692,False
2003-07-22,233119.1109615692,False
2003-07-23,233119.1109615692,False
2003-07-24,233119.1109615692,False
2003-07-25,233119.1109615692,False
2003-07-28,233119.1109615692,False
2003-07-29,233119.1109615692,False
2003-07-30,233119.1109615692,False
2003-07-31,233119.1109615692,False
2003-08-01,233119.1109615692,False
2003-08-04,233119.1109615692,False
2003-08-05,233119.11096156918,True
2003-08-06,234473.04896342027,True
2003-08-07,236939.15032393468,False
2003-08-08,236939.15032393468,False
2003-08-11,236939.15032393468,False
2003-08-12,236939.15032393468,False
2003-08-13,236939.15032393468,False
2003-08-14,236939.15032393468,False
2003-08-15,236939.15032393468,False
2003-08-18,236939.15032393468,False
2003-08-19,236939.15032393468,False
2003-08-20,236939.15032393468,False
2003-08-21,236939.15032393468,False
2003-08-22,236939.15032393468,True
2003-08-25,237319.12691060232,True
2003-08-26,237746.6005706034,True
2003-08-27,237817.84618060358,False
2003-08-28,237817.84618060358,False
2003-08-29,237817.84618060358,False
2003-09-02,237817.84618060358,False
2003-09-03,237817.84618060358,False
2003-09-04,237817.84618060358,False
2003-09-05,237817.84618060358,False
2003-09-08,237817.84618060358,False
2003-09-09,237817.84618060358,False
2003-09-10,237817.84618060358,False
2003-09-11,237817.84618060358,False
2003-09-12,237817.84618060358,False
2003-09-15,237817.84618060358,False
2003-09-16,237817.84618060358,False
2003-09-17,237817.84618060358,False
2003-09-18,237817.84618060358,False
2003-09-19,237817.84618060358,False
2003-09-22,237817.84618060358,False
2003-09-23,237817.84618060358,False
2003-09-24,237817.84618060358,True
2003-09-25,235865.62768263207,True
2003-09-26,235089.44442440243,True
2003-09-29,237394.47349429654,False
2003-09-30,237394.47349429654,False
2003-10-01,237394.47349429654,False
2003-10-02,237394.47349429654,False
2003-10-03,237394.47349429654,False
2003-10-06,237394.47349429654,False
2003-10-07,237394.47349429654,False
2003-10-08,237394.47349429654,False
2003-10-09,237394.47349429654,False
2003-10-10,237394.47349429654,False
2003-10-13,237394.47349429654,False
2003-10-14,237394.47349429654,False
2003-10-15,237394.47349429654,False
2003-10-16,237394.47349429654,False
2003-10-17,237394.47349429654,False
2003-10-20,237394.47349429654,False
2003-10-21,237394.47349429654,False
2003-10-22,237394.47349429654,False
2003-10-23,237394.47349429654,False
2003-10-24,237394.47349429654,False
2003-10-27,237394.47349429654,False
2003-10-28,237394.47349429654,False
2003-10-29,237394.47349429654,False
2003-10-30,237394.47349429654,False
2003-10-31,237394.47349429654,False
2003-11-03,237394.47349429654,False
2003-11-04,237394.47349429654,False
2003-11-05,237394.47349429654,False
2003-11-06,237394.47349429654,False
2003-11-07,237394.47349429654,False
2003-11-10,237394.47349429654,True
2003-11-11,237326.7625777266,True
2003-11-12,239990.0586294785,False
2003-11-13,239990.0586294785,False
2003-11-14,239990.0586294785,False
2003-11-17,239990.0586294785,False
2003-11-18,239990.05862947847,True
2003-11-19,242023.8726856605,True
2003-11-20,239851.38948928425,True
2003-11-21,240845.18499400953,True
2003-11-24,244034.57521847682,False
2003-11-25,244034.57521847682,False
2003-11-26,244034.57521847682,False
2003-11-28,244034.57521847682,False
2003-12-01,244034.57521847682,False
2003-12-02,244034.57521847682,False
2003-12-03,244034.57521847682,True
2003-12-04,245036.58355270722,True
2003-12-05,243328.61480117813,True
2003-12-08,244968.26480264607,False
2003-12-09,244968.26480264607,False
2003-12-10,244968.26480264607,False
2003-12-11,244968.26480264607,False
2003-12-12,244968.26480264607,False
2003-12-15,244968.26480264607,False
2003-12-16,244968.26480264607,False
2003-12-17,244968.26480264607,False
2003-12-18,244968.26480264607,False
2003-12-19,244968.26480264607,False
2003-12-22,244968.26480264607,False
2003-12-23,244968.26480264607,False
2003-12-24,244968.26480264607,False
2003-12-26,244968.26480264607,False
2003-12-29,244968.26480264607,False
2003-12-30,244968.26480264607,False
2003-12-31,244968.26480264607,False
2004-01-02,244968.26480264607,False
2004-01-05,244968.26480264607,False
2004-01-06,244968.26480264607,False
2004-01-07,244968.26480264607,False
2004-01-08,244968.26480264607,False
2004-01-09,244968.26480264607,True
2004-01-12,246777.35511126957,False
2004-01-13,246777.35511126957,False
2004-01-14,246777.35511126957,False
2004-01-15,246777.35511126957,False
2004-01-16,246777.35511126957,False
2004-01-20,246777.35511126957,False
2004-01-21,246777.35511126957,False
2004-01-22,246777.35511126957,False
2004-01-23,246777.35511126957,False
2004-01-26,246777.35511126957,False
2004-01-27,246777.35511126957,False
2004-01-28,246777.35511126957,False
2004-01-29,246777.35511126957,False
2004-01-30,246777.35511126957,False
2004-02-02,246777.35511126957,False
2004-02-03,246777.35511126957,False
2004-02-04,246777.35511126957,True
2004-02-05,247498.99026578196,True
2004-02-06,250276.19222405675,False
2004-02-09,250276.19222405675,False
2004-02-10,250276.19222405675,False
2004-02-11,250276.19222405675,False
2004-02-12,250276.19222405675,False
2004-02-13,250276.19222405675,False
2004-02-17,250276.19222405675,False
2004-02-18,250276.19222405675,False
2004-02-19,250276.19222405675,False
2004-02-20,250276.19222405675,False
2004-02-23,250276.19222405675,False
2004-02-24,250276.19222405675,False
2004-02-25,250276.19222405675,False
2004-02-26,250276.19222405675,False
2004-02-27,250276.19222405675,False
2004-03-01,250276.19222405675,False
2004-03-02,250276.19222405675,False
2004-03-03,250276.19222405675,False
2004-03-04,250276.19222405675,False
2004-03-05,250276.19222405675,False
2004-03-08,250276.19222405678,True
2004-03-09,249274.73912364736,True
2004-03-10,245094.7609654168,True
2004-03-11,241916.2359075956,True
2004-03-12,245094.7609654168,True
2004-03-15,242090.40166418854,True
2004-03-16,243374.8741190615,True
2004-03-17,246096.2140658262,False
2004-03-18,246096.2140658262,False
2004-03-19,246096.2140658262,True
2004-03-22,242971.81588616825,True
2004-03-23,242550.7976917462,True
2004-03-24,242750.22736278822,True
2004-03-25,245963.2609517982,False
2004-03-26,245963.2609517982,False
2004-03-29,245963.2609517982,False
2004-03-30,245963.2609517982,False
2004-03-31,245963.2609517982,False
2004-04-01,245963.2609517982,False
2004-04-02,245963.2609517982,False
2004-04-05,245963.2609517982,False
2004-04-06,245963.2609517982,False
2004-04-07,245963.2609517982,False
2004-04-08,245963.2609517982,False
2004-04-12,245963.2609517982,False
2004-04-13,245963.2609517982,True
2004-04-14,246354.33406346082,True
2004-04-15,245420.1038522668,True
2004-04-16,247310.29055863607,False
2004-04-19,247310.29055863607,False
2004-04-20,247310.2905586361,True
2004-04-21,248967.5700253889,True
2004-04-22,252458.90543534822,False
2004-04-23,252458.90543534822,False
2004-04-26,252458.90543534822,False
2004-04-27,252458.90543534822,False
2004-04-28,252458.90543534822,False
2004-04-29,252458.90543534822,False
2004-04-30,252458.90543534822,True
2004-05-03,255166.42253581746,False
2004-05-04,255166.42253581746,False
2004-05-05,255166.42253581746,False
2004-05-06,255166.42253581746,False
2004-05-07,255166.42253581746,True
2004-05-10,252544.21393755014,True
2004-05-11,254679.1094334846,False
2004-05-12,254679.1094334846,False
2004-05-13,254679.1094334846,False
2004-05-14,254679.1094334846,False
2004-05-17,254679.1094334846,False
2004-05-18,254679.1094334846,False
2004-05-19,254679.1094334846,True
2004-05-20,255494.86570969693,True
2004-05-21,255937.70483106934,True
2004-05-24,257009.84165123408,True
2004-05-25,260692.39855527823,False
2004-05-26,260692.39855527823,False
2004-05-27,260692.39855527823,False
2004-05-28,260692.39855527823,False
2004-06-01,260692.39855527823,False
2004-06-02,260692.39855527823,False
2004-06-03,260692.3985552782,True
2004-06-04,262762.30875881284,True
2004-06-07,266762.5846577787,False
2004-06-08,266762.5846577787,False
2004-06-09,266762.5846577787,True
2004-06-10,268075.4157273661,True
2004-06-14,265426.3101762343,True
2004-06-15,267301.7831327878,False
2004-06-16,267301.7831327878,False
2004-06-17,267301.7831327878,False
2004-06-18,267301.7831327878,False
2004-06-21,267301.7831327878,True
2004-06-22,268647.7373411419,False
2004-06-23,268647.7373411419,False
2004-06-24,268647.7373411419,False
2004-06-25,268647.7373411419,False
2004-06-28,268647.7373411419,True
2004-06-29,269760.6896245296,True
2004-06-30,271205.159609352,False
2004-07-01,271205.159609352,False
2004-07-02,271205.159609352,False
2004-07-06,271205.159609352,False
2004-07-07,271205.159609352,False
2004-07-08,271205.159609352,False
2004-07-09,271205.159609352,False
2004-07-12,271205.159609352,False
2004-07-13,271205.159609352,False
2004-07-14,271205.159609352,False
2004-07-15,271205.159609352,True
2004-07-16,270984.86660966935,True
2004-07-19,269834.4476113264,True
2004-07-20,273261.2276063904,False
2004-07-21,273261.2276063904,True
2004-07-22,274009.34193639515,True
2004-07-23,271715.12465771404,True
2004-07-26,271191.4446267107,True
2004-07-27,273735.03334872675,False
2004-07-28,273735.03334872675,False
2004-07-29,273735.03334872675,False
2004-07-30,273735.03334872675,False
2004-08-02,273735.03334872675,False
2004-08-03,273735.03334872675,False
2004-08-04,273735.03334872675,False
2004-08-05,273735.03334872675,True
2004-08-06,269820.9253995521,True
2004-08-09,270199.7100397948,True
2004-08-10,273684.52873002767,False
2004-08-11,273684.52873002767,False
2004-08-12,273684.52873002767,False
2004-08-13,273684.52873002767,False
2004-08-16,273684.52873002767,False
2004-08-17,273684.52873002767,False
2004-08-18,273684.52873002767,False
2004-08-19,273684.52873002767,False
2004-08-20,273684.52873002767,False
2004-08-23,273684.52873002767,False
2004-08-24,273684.52873002767,False
2004-08-25,273684.52873002767,False
2004-08-26,273684.52873002767,False
2004-08-27,273684.52873002767,False
2004-08-30,273684.52873002767,True
2004-08-31,275120.6730045542,False
2004-09-01,275120.6730045542,False
2004-09-02,275120.6730045542,False
2004-09-03,275120.6730045542,False
2004-09-07,275120.6730045542,False
2004-09-08,275120.6730045542,False
2004-09-09,275120.6730045542,False
2004-09-10,275120.6730045542,False
2004-09-13,275120.6730045542,False
2004-09-14,275120.6730045542,False
2004-09-15,275120.6730045542,False
2004-09-16,275120.6730045542,False
2004-09-17,275120.6730045542,False
2004-09-20,275120.6730045542,False
2004-09-21,275120.6730045542,False
2004-09-22,275120.6730045542,True
2004-09-23,273640.86660560546,True
2004-09-24,274898.70204471186,True
2004-09-27,273147.59780595585,True
2004-09-28,274454.7601250273,False
2004-09-29,274454.7601250273,False
2004-09-30,274454.7601250273,False
2004-10-01,274454.7601250273,False
2004-10-04,274454.7601250273,False
2004-10-05,274454.7601250273,False
2004-10-06,274454.7601250273,False
2004-10-07,274454.7601250273,True
2004-10-08,272180.74095783883,True
2004-10-11,273293.5588481651,True
2004-10-12,272229.12434437475,True
2004-10-13,269834.1467108466,True
2004-10-14,267656.89431673,True
2004-10-15,269156.7792993436,True
2004-10-18,270172.830416598,False
2004-10-19,270172.830416598,True
2004-10-20,269636.0955178112,True
2004-10-21,271392.6824592953,False
2004-10-22,271392.6824592953,True
2004-10-25,271071.91649221006,True
2004-10-26,275217.19975915813,False
2004-10-27,275217.19975915813,False
2004-10-28,275217.19975915813,False
2004-10-29,275217.19975915813,False
2004-11-01,275217.19975915813,False
2004-11-02,275217.19975915813,False
2004-11-03,275217.19975915813,False
2004-11-04,275217.19975915813,False
2004-11-05,275217.19975915813,False
2004-11-08,275217.19975915813,False
2004-11-09,275217.19975915813,False
2004-11-10,275217.19975915813,False
2004-11-11,275217.19975915813,False
2004-11-12,275217.19975915813,False
2004-11-15,275217.19975915813,False
2004-11-16,275217.19975915813,False
2004-11-17,275217.19975915813,False
2004-11-18,275217.19975915813,False
2004-11-19,275217.19975915813,False
2004-11-22,275217.19975915813,False
2004-11-23,275217.19975915813,False
2004-11-24,275217.19975915813,False
2004-11-26,275217.19975915813,False
2004-11-29,275217.19975915813,False
2004-11-30,275217.19975915813,False
2004-12-01,275217.19975915813,False
2004-12-02,275217.19975915813,False
2004-12-03,275217.19975915813,False
2004-12-06,275217.19975915813,False
2004-12-07,275217.19975915813,True
2004-12-08,276825.15799653175,True
2004-12-09,277803.91518449824,False
2004-12-10,277803.91518449824,False
2004-12-13,277803.91518449824,False
2004-12-14,277803.91518449824,False
2004-12-15,277803.91518449824,False
2004-12-16,277803.91518449824,False
2004-12-17,277803.91518449824,False
2004-12-20,277803.91518449824,False
2004-12-21,277803.91518449824,False
2004-12-22,277803.91518449824,False
2004-12-23,277803.91518449824,False
2004-12-27,277803.91518449824,False
2004-12-28,277803.91518449824,False
2004-12-29,277803.91518449824,False
2004-12-30,277803.91518449824,False
2004-12-31,277803.91518449824,True
2005-01-03,276493.8445991159,True
2005-01-04,273115.2415104982,True
2005-01-05,271230.57856310613,True
2005-01-06,272609.6002319296,True
2005-01-07,272218.87742576294,True
2005-01-10,273505.9643166649,True
2005-01-11,271621.3013692728,True
2005-01-12,272517.66545400803,False
2005-01-13,272517.66545400803,True
2005-01-14,273954.1639456037,True
2005-01-18,276803.9915982855,False
2005-01-19,276803.9915982855,False
2005-01-20,276803.9915982855,True
2005-01-21,275107.8309689173,True
2005-01-24,274566.0018789802,True
2005-01-25,275343.4088341073,True
2005-01-26,276167.9313622724,True
2005-01-27,276639.0870926525,True
2005-01-28,276639.0870926525,False
2005-01-31,276639.0870926525,False
2005-02-01,276639.0870926525,False
2005-02-02,276639.0870926525,False
2005-02-03,276639.0870926525,False
2005-02-04,276639.0870926525,False
2005-02-07,276639.0870926525,False
2005-02-08,276639.0870926525,False
2005-02-09,276639.0870926525,True
2005-02-10,277636.11003666255,True
2005-02-11,280024.327786268,False
2005-02-14,280024.327786268,False
2005-02-15,280024.327786268,False
2005-02-16,280024.327786268,False
2005-02-17,280024.327786268,True
2005-02-18,280396.97930789995,True
2005-02-22,276227.9404096431,True
2005-02-23,278207.6516183126,True
2005-02-24,280047.61850637,False
2005-02-25,280047.61850637,False
2005-02-28,280047.61850637,False
2005-03-01,280047.61850637,False
2005-03-02,280047.61850637,False
2005-03-03,280047.61850637,False
2005-03-04,280047.61850637,False
2005-03-07,280047.61850637,False
2005-03-08,280047.61850637,False
2005-03-09,280047.61850637,True
2005-03-10,280672.67312319,True
2005-03-11,278704.9085887566,True
2005-03-14,280441.17141325667,True
2005-03-15,278126.1543139232,True
2005-03-16,275764.83687260305,True
2005-03-17,276320.44097644306,True
2005-03-18,274422.1269549897,True
2005-03-21,273403.5194312829,True
2005-03-22,270625.49891208275,True
2005-03-23,270857.0006220161,True
2005-03-24,271181.10301592277,True
2005-03-28,271574.6559228095,True
2005-03-29,269768.94258532935,True
2005-03-30,273588.72079922963,False
2005-03-31,273588.72079922963,False
2005-04-01,273588.72079922963,False
2005-04-04,273588.72079922963,False
2005-04-05,273588.72079922963,False
2005-04-06,273588.72079922963,False
2005-04-07,273588.72079922963,False
2005-04-08,273588.72079922963,True
2005-04-11,273797.3901625511,True
2005-04-12,275211.7047361742,False
2005-04-13,275211.7047361742,False
2005-04-14,275211.7047361742,True
2005-04-15,271360.595107837,True
2005-04-18,272192.6249658111,True
2005-04-19,274355.9025965437,False
2005-04-20,274355.9025965437,False
2005-04-21,274355.9025965437,False
2005-04-22,274355.9025965437,False
2005-04-25,274355.9025965437,False
2005-04-26,274355.9025965437,True
2005-04-27,275427.6053410615,True
2005-04-28,271974.3409420598,True
2005-04-29,275665.76150650985,False
2005-05-02,275665.76150650985,False
2005-05-03,275665.76150650985,False
2005-05-04,275665.76150650985,False
2005-05-05,275665.76150650985,False
2005-05-06,275665.76150650985,False
2005-05-09,275665.76150650985,False
2005-05-10,275665.76150650985,False
2005-05-11,275665.76150650985,False
2005-05-12,275665.76150650985,True
2005-05-13,275118.9471456086,True
2005-05-16,277686.5971881013,False
2005-05-17,277686.5971881013,False
2005-05-18,277686.5971881013,False
2005-05-19,277686.5971881013,False
2005-05-20,277686.5971881013,False
2005-05-23,277686.5971881013,False
2005-05-24,277686.5971881013,False
2005-05-25,277686.5971881013,False
2005-05-26,277686.5971881013,False
2005-05-27,277686.5971881013,False
2005-05-31,277686.5971881013,True
2005-06-01,280057.2059019602,False
2005-06-02,280057.2059019602,False
2005-06-03,280057.2059019602,False
2005-06-06,280057.2059019602,False
2005-06-07,280057.2059019602,False
2005-06-08,280057.2059019602,False
2005-06-09,280057.2059019602,False
2005-06-10,280057.2059019602,False
2005-06-13,280057.2059019602,False
2005-06-14,280057.2059019602,False
2005-06-15,280057.2059019602,False
2005-06-16,280057.2059019602,False
2005-06-17,280057.2059019602,False
2005-06-20,280057.2059019602,False
2005-06-21,280057.2059019602,False
2005-06-22,280057.2059019602,False
2005-06-23,280057.2059019602,True
2005-06-24,278001.0542150444,True
2005-06-27,278398.26533638046,True
2005-06-28,280734.80134423927,False
2005-06-29,280734.80134423927,False
2005-06-30,280734.80134423927,False
2005-07-01,280734.80134423927,False
2005-07-05,280734.80134423927,False
2005-07-06,280734.80134423927,False
2005-07-07,280734.80134423927,False
2005-07-08,280734.80134423927,False
2005-07-11,280734.80134423927,False
2005-07-12,280734.80134423927,False
2005-07-13,280734.80134423927,False
2005-07-14,280734.80134423927,False
2005-07-15,280734.80134423927,False
2005-07-18,280734.80134423927,False
2005-07-19,280734.80134423927,False
2005-07-20,280734.80134423927,False
2005-07-21,280734.80134423927,False
2005-07-22,280734.80134423927,False
2005-07-25,280734.80134423927,False
2005-07-26,280734.80134423927,False
2005-07-27,280734.80134423927,False
2005-07-28,280734.80134423927,False
2005-07-29,280734.80134423927,False
2005-08-01,280734.80134423927,False
2005-08-02,280734.80134423927,False
2005-08-03,280734.80134423927,False
2005-08-04,280734.80134423927,False
2005-08-05,280734.80134423927,False
2005-08-08,280734.80134423927,False
2005-08-09,280734.80134423927,False
2005-08-10,280734.80134423927,False
2005-08-11,280734.80134423927,False
2005-08-12,280734.80134423927,False
2005-08-15,280734.80134423927,False
2005-08-16,280734.80134423927,True
2005-08-17,280711.82983606943,True
2005-08-18,280688.8583278995,True
2005-08-19,281332.06055665645,True
2005-08-22,281332.06055665645,True
2005-08-23,280803.71586874896,True
2005-08-24,278299.8214782308,True
2005-08-25,279310.56783770607,True
2005-08-26,277403.9326596051,True
2005-08-29,279540.28291940497,False
2005-08-30,279540.28291940497,False
2005-08-31,279540.28291940497,False
2005-09-01,279540.28291940497,False
2005-09-02,279540.28291940497,False
2005-09-06,279540.28291940497,False
2005-09-07,279540.28291940497,False
2005-09-08,279540.28291940497,False
2005-09-09,279540.28291940497,False
2005-09-12,279540.28291940497,False
2005-09-13,279540.28291940497,False
2005-09-14,279540.28291940497,False
2005-09-15,279540.28291940497,False
2005-09-16,279540.28291940497,False
2005-09-19,279540.28291940497,False
2005-09-20,279540.28291940497,False
2005-09-21,279540.28291940497,True
2005-09-22,280534.4299846216,True
2005-09-23,280765.62697653245,True
2005-09-26,281089.3027652076,True
2005-09-27,281019.9436676344,True
2005-09-28,281297.3800579274,True
2005-09-29,283586.23027784476,False
2005-09-30,283586.23027784476,False
2005-10-03,283586.23027784476,False
2005-10-04,283586.23027784476,True
2005-10-05,279866.5296827138,True
2005-10-06,278860.57291799283,True
2005-10-07,279819.7409959826,True
2005-10-10,277456.9123160566,True
2005-10-11,277059.2084788414,True
2005-10-12,274883.5345458403,True
2005-10-13,274719.77414228104,True
2005-10-14,277620.67271961586,False
2005-10-17,277620.67271961586,False
2005-10-18,277620.67271961586,True
2005-10-19,282239.0441211644,False
2005-10-20,282239.0441211644,False
2005-10-21,282239.0441211644,False
2005-10-24,282239.0441211644,False
2005-10-25,282239.0441211644,False
2005-10-26,282239.0441211644,False
2005-10-27,282239.0441211644,True
2005-10-28,286301.75686465285,False
2005-10-31,286301.75686465285,False
2005-11-01,286301.75686465285,False
2005-11-02,286301.75686465285,False
2005-11-03,286301.75686465285,False
2005-11-04,286301.75686465285,False
2005-11-07,286301.75686465285,False
2005-11-08,286301.75686465285,False
2005-11-09,286301.75686465285,False
2005-11-10,286301.75686465285,False
2005-11-11,286301.75686465285,False
2005-11-14,286301.75686465285,False
2005-11-15,286301.75686465285,False
2005-11-16,286301.75686465285,False
2005-11-17,286301.75686465285,False
2005-11-18,286301.75686465285,False
2005-11-21,286301.75686465285,False
2005-11-22,286301.75686465285,False
2005-11-23,286301.75686465285,False
2005-11-25,286301.75686465285,False
2005-11-28,286301.75686465285,False
2005-11-29,286301.75686465285,True
2005-11-30,284757.73914185195,True
2005-12-01,287664.12544359476,False
2005-12-02,287664.12544359476,False
2005-12-05,287664.12544359476,False
2005-12-06,287664.12544359476,False
2005-12-07,287664.12544359476,False
2005-12-08,287664.12544359476,False
2005-12-09,287664.12544359476,False
2005-12-12,287664.12544359476,False
2005-12-13,287664.12544359476,False
2005-12-14,287664.12544359476,False
2005-12-15,287664.12544359476,False
2005-12-16,287664.12544359476,True
2005-12-19,286184.371711889,True
2005-12-20,286457.55701620394,True
2005-12-21,286912.86585672875,True
2005-12-22,288415.3850304607,False
2005-12-23,288415.3850304607,False
2005-12-27,288415.3850304607,True
2005-12-28,289059.0154425794,True
2005-12-29,287771.7546183421,True
2005-12-30,286208.65218891104,True
2006-01-03,291242.7614836963,False
2006-01-04,291242.7614836963,False
2006-01-05,291242.7614836963,False
2006-01-06,291242.7614836963,False
2006-01-09,291242.7614836963,False
2006-01-10,291242.7614836963,False
2006-01-11,291242.7614836963,False
2006-01-12,291242.7614836963,False
2006-01-13,291242.7614836963,False
2006-01-17,291242.7614836963,False
2006-01-18,291242.7614836963,False
2006-01-19,291242.7614836963,False
2006-01-20,291242.7614836963,True
2006-01-23,292283.16191766993,True
2006-01-24,292583.7220430401,True
2006-01-25,292838.0421491226,True
2006-01-26,294456.4428241927,False
2006-01-27,294456.4428241927,False
2006-01-30,294456.4428241927,False
2006-01-31,294456.4428241927,True
2006-02-01,296511.8642682203,False
2006-02-02,296511.8642682203,True
2006-02-03,295039.8195519951,True
2006-02-06,295810.89059382735,True
2006-02-07,293193.922209427,True
2006-02-08,295857.62217212026,True
2006-02-09,295366.94060004514,True
2006-02-10,295904.3537504131,True
2006-02-13,295366.94060004514,True
2006-02-14,298497.956345667,False
2006-02-15,298497.956345667,False
2006-02-16,298497.956345667,False
2006-02-17,298497.956345667,False
2006-02-21,298497.956345667,False
2006-02-22,298497.956345667,False
2006-02-23,298497.956345667,False
2006-02-24,298497.956345667,False
2006-02-27,298497.956345667,False
2006-02-28,298497.956345667,True
2006-03-01,301151.6853500659,True
2006-03-02,301128.4070254659,False
2006-03-03,301128.4070254659,False
2006-03-06,301128.4070254659,False
2006-03-07,301128.4070254659,False
2006-03-08,301128.4070254659,False
2006-03-09,301128.4070254659,False
2006-03-10,301128.4070254659,False
2006-03-13,301128.4070254659,False
2006-03-14,301128.4070254659,False
2006-03-15,301128.4070254659,False
2006-03-16,301128.4070254659,False
2006-03-17,301128.4070254659,False
2006-03-20,301128.4070254659,False
2006-03-21,301128.4070254659,True
2006-03-22,302964.1307815437,True
2006-03-23,302336.73152313737,True
2006-03-24,302569.124855853,True
2006-03-27,302127.5984370019,True
2006-03-28,300268.6376713535,True
2006-03-29,302150.8354465725,True
2006-03-30,301616.3842264486,True
2006-03-31,301686.0952551604,True
2006-04-03,301453.72515945433,True
2006-04-04,303382.39695381455,False
2006-04-05,303382.39695381455,False
2006-04-06,303382.39695381455,False
2006-04-07,303382.39695381455,True
2006-04-10,303850.8433929312,True
2006-04-11,301274.62217758934,True
2006-04-12,301836.70169657737,True
2006-04-13,301438.58545727417,True
2006-04-17,301321.462137505,True
2006-04-18,306099.1380489033,False
2006-04-19,306099.1380489033,False
2006-04-20,306099.1380489033,False
2006-04-21,306099.1380489033,False
2006-04-24,306099.1380489033,False
2006-04-25,306099.1380489033,False
2006-04-26,306099.1380489033,False
2006-04-27,306099.1380489033,False
2006-04-28,306099.1380489033,False
2006-05-01,306099.1380489033,True
2006-05-02,308399.6000066021,False
2006-05-03,308399.6000066021,False
2006-05-04,308399.6000066021,False
2006-05-05,308399.6000066021,False
2006-05-08,308399.6000066021,False
2006-05-09,308399.6000066021,False
2006-05-10,308399.6000066021,False
2006-05-11,308399.6000066021,False
2006-05-12,308399.6000066021,True
2006-05-15,309020.00240370585,True
2006-05-16,308566.6139831908,True
2006-05-17,302696.4270649428,True
2006-05-18,301169.22396426037,True
2006-05-19,303292.9907761468,True
2006-05-22,300978.32357667503,True
2006-05-23,298687.51892565144,True
2006-05-24,301073.7737704677,True
2006-05-25,304796.3313283811,False
2006-05-26,304796.3313283811,False
2006-05-30,304796.3313283811,True
2006-05-31,308204.4425668666,False
2006-06-01,308204.4425668666,False
2006-06-02,308204.4425668666,False
2006-06-05,308204.4425668666,False
2006-06-06,308204.4425668666,False
2006-06-07,308204.4425668666,True
2006-06-08,307935.07590007526,True
2006-06-09,306955.5607481068,True
2006-06-12,303625.2092314142,True
2006-06-13,300098.9546843278,True
2006-06-14,302425.3031702528,True
2006-06-15,308841.1274156461,False
2006-06-16,308841.1274156461,False
2006-06-19,308841.1274156461,True
2006-06-20,309889.99353931856,True
2006-06-21,312187.5098102201,False
2006-06-22,312187.5098102201,False
2006-06-23,312187.5098102201,False
2006-06-26,312187.5098102201,False
2006-06-27,312187.5098102201,True
2006-06-28,314303.86448894325,True
2006-06-29,320652.9285251127,False
2006-06-30,320652.9285251127,False
2006-07-03,320652.9285251127,False
2006-07-05,320652.9285251127,False
2006-07-06,320652.9285251127,False
2006-07-07,320652.9285251127,False
2006-07-10,320652.9285251127,False
2006-07-11,320652.9285251127,False
2006-07-12,320652.9285251127,False
2006-07-13,320652.9285251127,True
2006-07-14,319411.69138243486,True
2006-07-17,318946.22745393065,True
2006-07-18,320575.35120369535,False
2006-07-19,320575.35120369535,False
2006-07-20,320575.35120369535,False
2006-07-21,320575.35120369535,True
2006-07-24,326420.4524035368,False
2006-07-25,326420.4524035368,False
2006-07-26,326420.4524035368,False
2006-07-27,326420.4524035368,False
2006-07-28,326420.4524035368,False
2006-07-31,326420.4524035368,False
2006-08-01,326420.4524035368,False
2006-08-02,326420.4524035368,False
2006-08-03,326420.4524035368,False
2006-08-04,326420.4524035368,False
2006-08-07,326420.4524035368,False
2006-08-08,326420.4524035368,False
2006-08-09,326420.4524035368,False
2006-08-10,326420.4524035368,False
2006-08-11,326420.4524035368,False
2006-08-14,326420.4524035368,False
2006-08-15,326420.4524035368,False
2006-08-16,326420.4524035368,False
2006-08-17,326420.4524035368,False
2006-08-18,326420.4524035368,False
2006-08-21,326420.4524035368,False
2006-08-22,326420.4524035368,False
2006-08-23,326420.4524035368,False
2006-08-24,326420.4524035368,False
2006-08-25,326420.4524035368,False
2006-08-28,326420.4524035368,False
2006-08-29,326420.4524035368,False
2006-08-30,326420.4524035368,False
2006-08-31,326420.4524035368,False
2006-09-01,326420.4524035368,False
2006-09-05,326420.4524035368,False
2006-09-06,326420.4524035368,False
2006-09-07,326420.4524035368,False
2006-09-08,326420.4524035368,False
2006-09-11,326420.4524035368,False
2006-09-12,326420.4524035368,False
2006-09-13,326420.4524035368,False
2006-09-14,326420.4524035368,False
2006-09-15,326420.4524035368,False
2006-09-18,326420.4524035368,False
2006-09-19,326420.4524035368,False
2006-09-20,326420.4524035368,False
2006-09-21,326420.4524035368,False
2006-09-22,326420.4524035368,False
2006-09-25,326420.4524035368,False
2006-09-26,326420.4524035368,False
2006-09-27,326420.4524035368,False
2006-09-28,326420.4524035368,False
2006-09-29,326420.4524035368,False
2006-10-02,326420.4524035368,False
2006-10-03,326420.4524035368,False
2006-10-04,326420.4524035368,False
2006-10-05,326420.4524035368,False
2006-10-06,326420.4524035368,False
2006-10-09,326420.4524035368,False
2006-10-10,326420.4524035368,False
2006-10-11,326420.4524035368,False
2006-10-12,326420.4524035368,False
2006-10-13,326420.4524035368,False
2006-10-16,326420.4524035368,False
2006-10-17,326420.4524035368,False
2006-10-18,326420.4524035368,False
2006-10-19,326420.4524035368,False
2006-10-20,326420.4524035368,False
2006-10-23,326420.4524035368,False
2006-10-24,326420.4524035368,False
2006-10-25,326420.4524035368,False
2006-10-26,326420.4524035368,False
2006-10-27,326420.4524035368,False
2006-10-30,326420.4524035368,False
2006-10-31,326420.4524035368,False
2006-11-01,326420.4524035368,True
2006-11-02,326229.6469366927,True
2006-11-03,325657.2305361604,True
2006-11-06,329330.2357729093,False
2006-11-07,329330.2357729093,False
2006-11-08,329330.2357729093,False
2006-11-09,329330.2357729093,False
2006-11-10,329330.2357729093,False
2006-11-13,329330.2357729093,False
2006-11-14,329330.2357729093,False
2006-11-15,329330.2357729093,False
2006-11-16,329330.2357729093,False
2006-11-17,329330.2357729093,False
2006-11-20,329330.2357729093,False
2006-11-21,329330.2357729093,False
2006-11-22,329330.2357729093,False
2006-11-24,329330.2357729093,False
2006-11-27,329330.2357729093,True
2006-11-28,330757.7617190425,True
2006-11-29,334207.61608886416,False
2006-11-30,334207.61608886416,False
2006-12-01,334207.61608886416,False
2006-12-04,334207.61608886416,False
2006-12-05,334207.61608886416,False
2006-12-06,334207.61608886416,False
2006-12-07,334207.61608886416,True
2006-12-08,334823.18693175947,True
2006-12-11,335793.8947994022,False
2006-12-12,335793.8947994022,False
2006-12-13,335793.8947994022,False
2006-12-14,335793.8947994022,False
2006-12-15,335793.8947994022,False
2006-12-18,335793.8947994022,False
2006-12-19,335793.8947994022,False
2006-12-20,335793.8947994022,False
2006-12-21,335793.8947994022,False
2006-12-22,335793.8947994022,True
2006-12-26,337774.06483622995,False
2006-12-27,337774.06483622995,False
2006-12-28,337774.06483622995,False
2006-12-29,337774.06483622995,False
2007-01-03,337774.06483622995,False
2007-01-04,337774.06483622995,False
2007-01-05,337774.06483622995,True
2007-01-08,339336.2758946016,False
2007-01-09,339336.2758946016,False
2007-01-10,339336.2758946016,False
2007-01-11,339336.2758946016,False
2007-01-12,339336.2758946016,False
2007-01-16,339336.2758946016,False
2007-01-17,339336.2758946016,False
2007-01-18,339336.2758946016,False
2007-01-19,339336.2758946016,False
2007-01-22,339336.2758946016,False
2007-01-23,339336.2758946016,False
2007-01-24,339336.2758946016,False
2007-01-25,339336.2758946016,False
2007-01-26,339336.2758946016,False
2007-01-29,339336.2758946016,False
2007-01-30,339336.2758946016,False
2007-01-31,339336.2758946016,False
2007-02-01,339336.2758946016,False
2007-02-02,339336.2758946016,False
2007-02-05,339336.2758946016,False
2007-02-06,339336.2758946016,False
2007-02-07,339336.2758946016,False
2007-02-08,339336.2758946016,False
2007-02-09,339336.2758946016,False
2007-02-12,339336.2758946016,False
2007-02-13,339336.2758946016,False
2007-02-14,339336.2758946016,False
2007-02-15,339336.2758946016,False
2007-02-16,339336.2758946016,False
2007-02-20,339336.2758946016,False
2007-02-21,339336.2758946016,False
2007-02-22,339336.2758946016,False
2007-02-23,339336.2758946016,False
2007-02-26,339336.2758946016,False
2007-02-27,339336.2758946016,True
2007-02-28,342814.7767872846,True
2007-03-01,341793.1191824406,True
2007-03-02,337317.2858659813,True
2007-03-05,334106.3619650432,True
2007-03-06,339822.77951595583,False
2007-03-07,339822.77951595583,False
2007-03-08,339822.77951595583,False
2007-03-09,339822.77951595583,False
2007-03-12,339822.77951595583,False
2007-03-13,339822.77951595583,True
2007-03-14,342354.5513995105,True
2007-03-15,342821.57728094293,False
2007-03-16,342821.57728094293,False
2007-03-19,342821.57728094293,False
2007-03-20,342821.57728094293,False
2007-03-21,342821.57728094293,False
2007-03-22,342821.57728094293,False
2007-03-23,342821.57728094293,False
2007-03-26,342821.57728094293,False
2007-03-27,342821.57728094293,False
2007-03-28,342821.57728094293,False
2007-03-29,342821.57728094293,False
2007-03-30,342821.57728094293,False
2007-04-02,342821.57728094293,False
2007-04-03,342821.57728094293,False
2007-04-04,342821.57728094293,False
2007-04-05,342821.57728094293,False
2007-04-09,342821.57728094293,False
2007-04-10,342821.57728094293,False
2007-04-11,342821.57728094293,False
2007-04-12,342821.57728094293,False
2007-04-13,342821.57728094293,False
2007-04-16,342821.57728094293,False
2007-04-17,342821.57728094293,False
2007-04-18,342821.57728094293,False
2007-04-19,342821.57728094293,False
2007-04-20,342821.57728094293,False
2007-04-23,342821.57728094293,False
2007-04-24,342821.57728094293,False
2007-04-25,342821.57728094293,False
2007-04-26,342821.57728094293,False
2007-04-27,342821.57728094293,False
2007-04-30,342821.577280943,True
2007-05-01,342648.18987588485,True
2007-05-02,345711.3673652452,False
2007-05-03,345711.3673652452,False
2007-05-04,345711.3673652452,False
2007-05-07,345711.3673652452,False
2007-05-08,345711.3673652452,False
2007-05-09,345711.3673652452,False
2007-05-10,345711.36736524524,True
2007-05-11,348669.7210905261,False
2007-05-14,348669.7210905261,False
2007-05-15,348669.7210905261,False
2007-05-16,348669.7210905261,False
2007-05-17,348669.7210905261,False
2007-05-18,348669.7210905261,False
2007-05-21,348669.7210905261,False
2007-05-22,348669.7210905261,True
2007-05-23,348715.4722676801,True
2007-05-24,345558.6410440551,True
2007-05-25,346999.8031244056,True
2007-05-29,348257.9604961403,False
2007-05-30,348257.9604961403,False
2007-05-31,348257.9604961403,False
2007-06-01,348257.9604961403,False
2007-06-04,348257.9604961403,False
2007-06-05,348257.9604961403,False
2007-06-06,348257.9604961403,True
2007-06-07,341973.53734177107,True
2007-06-08,346423.0924218719,True
2007-06-11,347019.42454600916,False
2007-06-12,347019.42454600916,True
2007-06-13,352213.7012649069,False
2007-06-14,352213.7012649069,False
2007-06-15,352213.7012649069,False
2007-06-18,352213.7012649069,False
2007-06-19,352213.7012649069,False
2007-06-20,352213.7012649069,True
2007-06-21,354171.2208431954,True
2007-06-22,350838.77679920435,True
2007-06-25,349160.9028749571,True
2007-06-26,345572.1169814281,True
2007-06-27,350489.2197316528,False
2007-06-28,350489.2197316528,False
2007-06-29,350489.2197316528,False
2007-07-02,350489.2197316528,False
2007-07-03,350489.2197316528,False
2007-07-05,350489.2197316528,False
2007-07-06,350489.2197316528,False
2007-07-09,350489.2197316528,False
2007-07-10,350489.2197316528,True
2007-07-11,352974.13534994645,False
2007-07-12,352974.13534994645,False
2007-07-13,352974.13534994645,False
2007-07-16,352974.13534994645,False
2007-07-17,352974.13534994645,False
2007-07-18,352974.13534994645,False
2007-07-19,352974.13534994645,False
2007-07-20,352974.13534994645,False
2007-07-23,352974.13534994645,False
2007-07-24,352974.13534994645,False
2007-07-25,352974.13534994645,False
2007-07-26,352974.13534994645,False
2007-07-27,352974.13534994645,True
2007-07-30,358495.8174341885,True
2007-07-31,354457.9353813947,True
2007-08-01,356184.98131963785,True
2007-08-02,359030.9584291371,False
2007-08-03,359030.9584291371,False
2007-08-06,359030.9584291371,False
2007-08-07,359030.9584291371,False
2007-08-08,359030.9584291371,False
2007-08-09,359030.9584291371,True
2007-08-10,357351.74354687694,True
2007-08-13,358635.8490450759,True
2007-08-14,353153.70634122635,True
2007-08-15,348288.9220499725,True
2007-08-16,350906.5217193781,True
2007-08-17,357351.74354687694,False
2007-08-20,357351.74354687694,False
2007-08-21,357351.74354687694,False
2007-08-22,357351.74354687694,False
2007-08-23,357351.74354687694,False
2007-08-24,357351.74354687694,False
2007-08-27,357351.74354687694,False
2007-08-28,357351.74354687694,True
2007-08-29,364363.5158597227,False
2007-08-30,364363.5158597227,False
2007-08-31,364363.5158597227,False
2007-09-04,364363.5158597227,False
2007-09-05,364363.5158597227,False
2007-09-06,364363.5158597227,False
2007-09-07,364363.5158597227,False
2007-09-10,364363.5158597227,False
2007-09-11,364363.5158597227,False
2007-09-12,364363.5158597227,False
2007-09-13,364363.5158597227,False
2007-09-14,364363.5158597227,False
2007-09-17,364363.5158597227,False
2007-09-18,364363.5158597227,False
2007-09-19,364363.5158597227,False
2007-09-20,364363.5158597227,False
2007-09-21,364363.5158597227,False
2007-09-24,364363.5158597227,False
2007-09-25,364363.5158597227,False
2007-09-26,364363.5158597227,False
2007-09-27,364363.5158597227,False
2007-09-28,364363.5158597227,False
2007-10-01,364363.5158597227,False
2007-10-02,364363.5158597227,False
2007-10-03,364363.5158597227,False
2007-10-04,364363.5158597227,False
2007-10-05,364363.5158597227,False
2007-10-08,364363.5158597227,False
2007-10-09,364363.5158597227,False
2007-10-10,364363.5158597227,False
2007-10-11,364363.5158597227,False
2007-10-12,364363.5158597227,False
2007-10-15,364363.5158597227,False
2007-10-16,364363.5158597227,False
2007-10-17,364363.5158597227,False
2007-10-18,364363.5158597227,False
2007-10-19,364363.5158597227,True
2007-10-22,366481.4837811362,True
2007-10-23,369451.50776288845,False
2007-10-24,369451.50776288845,False
2007-10-25,369451.50776288845,False
2007-10-26,369451.50776288845,False
2007-10-29,369451.50776288845,False
2007-10-30,369451.50776288845,False
2007-10-31,369451.50776288845,False
2007-11-01,369451.50776288845,True
2007-11-02,369867.3639260328,True
2007-11-05,367054.21929299756,True
2007-11-06,371995.56899624213,False
2007-11-07,371995.56899624213,True
2007-11-08,370109.3092656818,True
2007-11-09,365028.9830580392,True
2007-11-12,361407.36437536334,True
2007-11-13,372423.1212018358,False
2007-11-14,372423.1212018358,False
2007-11-15,372423.1212018358,False
2007-11-16,372423.1212018358,False
2007-11-19,372423.1212018358,False
2007-11-20,372423.1212018358,False
2007-11-21,372423.1212018358,True
2007-11-23,378863.24434514815,False
2007-11-26,378863.24434514815,True
2007-11-27,383217.6853230775,True
2007-11-28,395474.6302979897,False
2007-11-29,395474.6302979897,False
2007-11-30,395474.6302979897,False
2007-12-03,395474.6302979897,False
2007-12-04,395474.6302979897,True
2007-12-05,402094.69619188196,False
2007-12-06,402094.69619188196,False
2007-12-07,402094.69619188196,False
2007-12-10,402094.69619188196,False
2007-12-11,402094.69619188196,True
2007-12-12,406063.7196280266,True
2007-12-13,405220.98177514656,True
2007-12-14,400082.99938178126,True
2007-12-17,394374.1300558199,True
2007-12-18,396576.1225101193,True
2007-12-19,396576.1225101193,True
2007-12-20,399077.150976731,False
2007-12-21,399077.150976731,False
2007-12-24,399077.150976731,False
2007-12-26,399077.150976731,False
2007-12-27,399077.150976731,False
2007-12-28,399077.150976731,False
2007-12-31,399077.150976731,True
2008-01-02,395583.41762572754,True
2008-01-03,395392.3540830946,True
2008-01-04,385702.7029924209,True
2008-01-07,385375.1654907643,True
2008-01-08,379151.95295928937,True
2008-01-09,383136.9925627777,True
2008-01-10,385648.1134088114,False
2008-01-11,385648.1134088114,False
2008-01-14,385648.1134088114,False
2008-01-15,385648.1134088114,True
2008-01-16,382326.6886787218,True
2008-01-17,372418.23675282416,True
2008-01-18,368594.4116433932,True
2008-01-22,364854.31993051915,True
2008-01-23,373618.41543680616,False
2008-01-24,373618.41543680616,False
2008-01-25,373618.41543680616,False
2008-01-28,373618.41543680616,False
2008-01-29,373618.41543680616,False
2008-01-30,373618.41543680616,False
2008-01-31,373618.41543680616,False
2008-02-01,373618.41543680616,False
2008-02-04,373618.41543680616,False
2008-02-05,373618.41543680616,True
2008-02-06,370610.08106961206,True
2008-02-07,373061.3164799184,True
2008-02-08,370665.7909653008,True
2008-02-11,372559.92741871934,False
2008-02-12,372559.92741871934,False
2008-02-13,372559.92741871934,False
2008-02-14,372559.92741871934,False
2008-02-15,372559.92741871934,False
2008-02-19,372559.92741871934,False
2008-02-20,372559.92741871934,False
2008-02-21,372559.92741871934,False
2008-02-22,372559.92741871934,False
2008-02-25,372559.92741871934,False
2008-02-26,372559.92741871934,False
2008-02-27,372559.92741871934,False
2008-02-28,372559.92741871934,False
2008-02-29,372559.92741871934,False
2008-03-03,372559.92741871934,False
2008-03-04,372559.92741871934,False
2008-03-05,372559.92741871934,False
2008-03-06,372559.92741871934,False
2008-03-07,372559.92741871934,False
2008-03-10,372559.92741871934,True
2008-03-11,385948.79981032957,False
2008-03-12,385948.79981032957,False
2008-03-13,385948.79981032957,False
2008-03-14,385948.79981032957,False
2008-03-17,385948.79981032957,False
2008-03-18,385948.79981032957,False
2008-03-19,385948.79981032957,True
2008-03-20,391161.1224597018,True
2008-03-24,398979.60643375997,False
2008-03-25,398979.60643375997,False
2008-03-26,398979.60643375997,True
2008-03-27,397721.5626296896,True
2008-03-28,393917.4777935719,True
2008-03-31,395295.3352932681,True
2008-04-01,409193.7239858555,False
2008-04-02,409193.7239858555,False
2008-04-03,409193.7239858555,False
2008-04-04,409193.7239858555,False
2008-04-07,409193.7239858555,False
2008-04-08,409193.7239858555,False
2008-04-09,409193.7239858555,False
2008-04-10,409193.7239858555,False
2008-04-11,409193.7239858555,False
2008-04-14,409193.7239858555,False
2008-04-15,409193.7239858555,False
2008-04-16,409193.7239858555,False
2008-04-17,409193.7239858555,False
2008-04-18,409193.7239858555,False
2008-04-21,409193.7239858555,False
2008-04-22,409193.7239858555,False
2008-04-23,409193.7239858555,False
2008-04-24,409193.7239858555,False
2008-04-25,409193.7239858555,False
2008-04-28,409193.7239858555,False
2008-04-29,409193.7239858555,False
2008-04-30,409193.7239858555,True
2008-05-01,417658.16815336276,False
2008-05-02,417658.16815336276,False
2008-05-05,417658.16815336276,False
2008-05-06,417658.16815336276,False
2008-05-07,417658.16815336276,False
2008-05-08,417658.16815336276,True
2008-05-09,416877.8352723634,True
2008-05-12,421559.8325583597,False
2008-05-13,421559.8325583597,False
2008-05-14,421559.8325583597,False
2008-05-15,421559.8325583597,False
2008-05-16,421559.8325583597,False
2008-05-19,421559.8325583597,False
2008-05-20,421559.8325583597,False
2008-05-21,421559.8325583597,False
2008-05-22,421559.8325583597,False
2008-05-23,421559.8325583597,True
2008-05-27,424683.85921637726,True
2008-05-28,426644.03280572157,False
2008-05-29,426644.03280572157,False
2008-05-30,426644.03280572157,False
2008-06-02,426644.03280572157,False
2008-06-03,426644.03280572157,False
2008-06-04,426644.03280572157,False
2008-06-05,426644.03280572157,False
2008-06-06,426644.03280572157,True
2008-06-09,427677.06920476694,True
2008-06-10,425548.38814006746,True
2008-06-11,419287.5614791867,True
2008-06-12,420884.07227771124,True
2008-06-13,426205.77493946,False
2008-06-16,426205.77493946,False
2008-06-17,426205.77493946,False
2008-06-18,426205.77493946,False
2008-06-19,426205.77493946,False
2008-06-20,426205.77493946,True
2008-06-23,425784.6870025232,True
2008-06-24,424748.1628500637,True
2008-06-25,427112.7335728621,True
2008-06-26,415225.09719934163,True
2008-06-27,413573.13683135924,True
2008-06-30,414739.22650287615,True
2008-07-01,415970.0989339219,False
2008-07-02,415970.0989339219,True
2008-07-03,416431.77495937573,True
2008-07-07,412210.7370123691,True
2008-07-08,419465.6459837868,False
2008-07-09,419465.6459837868,False
2008-07-10,419465.6459837868,False
2008-07-11,419465.6459837868,False
2008-07-14,419465.6459837868,True
2008-07-15,413588.001086906,True
2008-07-16,423771.36259429244,False
2008-07-17,423771.36259429244,False
2008-07-18,423771.36259429244,False
2008-07-21,423771.36259429244,False
2008-07-22,423771.36259429244,False
2008-07-23,423771.36259429244,False
2008-07-24,423771.36259429244,True
2008-07-25,423771.36259429244,True
2008-07-28,417554.83299871325,True
2008-07-29,426541.77252275706,False
2008-07-30,426541.77252275706,False
2008-07-31,426541.77252275706,False
2008-08-01,426541.77252275706,False
2008-08-04,426541.77252275706,False
2008-08-05,426541.77252275706,False
2008-08-06,426541.77252275706,False
2008-08-07,426541.77252275706,False
2008-08-08,426541.77252275706,False
2008-08-11,426541.77252275706,False
2008-08-12,426541.77252275706,False
2008-08-13,426541.77252275706,False
2008-08-14,426541.77252275706,False
2008-08-15,426541.77252275706,False
2008-08-18,426541.77252275706,False
2008-08-19,426541.77252275706,False
2008-08-20,426541.77252275706,False
2008-08-21,426541.77252275706,False
2008-08-22,426541.77252275706,False
2008-08-25,426541.77252275706,True
2008-08-26,427784.25761040795,True
2008-08-27,431948.2616879408,False
2008-08-28,431948.2616879408,False
2008-08-29,431948.2616879408,False
2008-09-02,431948.2616879408,False
2008-09-03,431948.2616879408,False
2008-09-04,431948.2616879408,True
2008-09-05,433306.48003880994,True
2008-09-08,442256.7907099218,False
2008-09-09,442256.7907099218,True
2008-09-10,444051.3727205934,True
2008-09-11,450475.97631879797,False
2008-09-12,450475.97631879797,False
2008-09-15,450475.97631879797,True
2008-09-16,458015.7940588328,True
2008-09-17,437421.96351515554,True
2008-09-18,450400.95325670805,False
2008-09-19,450400.95325670805,False
2008-09-22,450400.95325670805,False
2008-09-23,450400.95325670805,True
2008-09-24,451844.66782640485,True
2008-09-25,458911.2707201836,False
2008-09-26,458911.2707201836,False
2008-09-29,458911.27072018356,True
2008-09-30,477905.53322709724,True
2008-10-01,478193.9493606079,False
2008-10-02,478193.9493606079,False
2008-10-03,478193.9493606079,False
2008-10-06,478193.9493606079,False
2008-10-07,478193.94936060783,True
2008-10-08,466147.0758987591,True
2008-10-09,433591.8345197154,True
2008-10-10,423074.7227673078,True
2008-10-13,484504.2164120524,False
2008-10-14,484504.2164120524,False
2008-10-15,484504.2164120524,True
2008-10-16,504687.4069424367,True
2008-10-17,501673.3838232326,True
2008-10-20,531813.6150152732,False
2008-10-21,531813.6150152732,False
2008-10-22,531813.6150152732,False
2008-10-23,531813.6150152732,False
2008-10-24,531813.6150152732,False
2008-10-27,531813.6150152732,True
2008-10-28,593958.8391165219,False
2008-10-29,593958.8391165219,False
2008-10-30,593958.8391165219,False
2008-10-31,593958.8391165219,False
2008-11-03,593958.8391165219,False
2008-11-04,593958.8391165219,False
2008-11-05,593958.8391165219,False
2008-11-06,593958.8391165219,True
2008-11-07,613570.0708725153,False
2008-11-10,613570.0708725153,False
2008-11-11,613570.0708725153,False
2008-11-12,613570.0708725153,True
2008-11-13,651819.8946801123,False
2008-11-14,651819.8946801123,False
2008-11-17,651819.8946801123,True
2008-11-18,664098.2383145451,False
2008-11-19,664098.2383145451,True
2008-11-20,614800.1482310727,True
2008-11-21,647964.3179235904,True
2008-11-24,692862.2479004388,False
2008-11-25,692862.2479004388,False
2008-11-26,692862.2479004388,False
2008-11-28,692862.2479004388,False
2008-12-01,692862.2479004388,True
2008-12-02,719527.0232428501,True
2008-12-03,736825.3743352371,False
2008-12-04,736825.3743352371,False
2008-12-05,736825.3743352371,False
2008-12-08,736825.3743352371,False
2008-12-09,736825.3743352371,False
2008-12-10,736825.3743352371,False
2008-12-11,736825.3743352371,False
2008-12-12,736825.3743352371,False
2008-12-15,736825.3743352371,False
2008-12-16,736825.3743352371,False
2008-12-17,736825.3743352371,False
2008-12-18,736825.3743352371,False
2008-12-19,736825.3743352371,True
2008-12-22,715353.0848234835,True
2008-12-23,719864.7721138907,True
2008-12-24,724042.2603457494,True
2008-12-26,728219.7485776081,False
2008-12-29,728219.7485776081,False
2008-12-30,728219.7485776081,False
2008-12-31,728219.7485776081,False
2009-01-02,728219.7485776081,False
2009-01-05,728219.7485776081,False
2009-01-06,728219.7485776081,False
2009-01-07,728219.7485776081,False
2009-01-08,728219.7485776081,False
2009-01-09,728219.7485776081,False
2009-01-12,728219.7485776081,False
2009-01-13,728219.7485776081,False
2009-01-14,728219.7485776081,False
2009-01-15,728219.7485776081,False
2009-01-16,728219.7485776081,False
2009-01-20,728219.7485776081,True
2009-01-21,759673.20178662,False
2009-01-22,759673.20178662,False
2009-01-23,759673.20178662,False
2009-01-26,759673.20178662,False
2009-01-27,759673.20178662,False
2009-01-28,759673.20178662,False
2009-01-29,759673.20178662,True
2009-01-30,744219.175682859,True
2009-02-02,741972.9509584751,True
2009-02-03,752395.4336796162,False
2009-02-04,752395.4336796162,False
2009-02-05,752395.4336796162,False
2009-02-06,752395.4336796162,False
2009-02-09,752395.4336796162,False
2009-02-10,752395.4336796162,False
2009-02-11,752395.4336796162,False
2009-02-12,752395.4336796162,False
2009-02-13,752395.4336796162,False
2009-02-17,752395.4336796162,True
2009-02-18,750590.9003244139,True
2009-02-19,742527.4854898519,True
2009-02-20,735299.854525068,True
2009-02-23,708991.6577150134,True
2009-02-24,735869.707163553,False
2009-02-25,735869.707163553,False
2009-02-26,735869.707163553,True
2009-02-27,719424.0604417016,True
2009-03-02,687019.3245933197,True
2009-03-03,681861.8140829165,True
2009-03-04,698015.5262475754,False
2009-03-05,698015.5262475754,False
2009-03-06,698015.5262475754,False
2009-03-09,698015.5262475754,False
2009-03-10,698015.5262475754,False
2009-03-11,698015.5262475754,False
2009-03-12,698015.5262475754,False
2009-03-13,698015.5262475754,False
2009-03-16,698015.5262475754,False
2009-03-17,698015.5262475754,False
2009-03-18,698015.5262475754,False
2009-03-19,698015.5262475754,False
2009-03-20,698015.5262475754,True
2009-03-23,748335.248058931,False
2009-03-24,748335.248058931,False
2009-03-25,748335.248058931,False
2009-03-26,748335.248058931,False
2009-03-27,748335.248058931,False
2009-03-30,748335.248058931,False
2009-03-31,748335.248058931,False
2009-04-01,748335.248058931,False
2009-04-02,748335.248058931,False
2009-04-03,748335.248058931,False
2009-04-06,748335.248058931,False
2009-04-07,748335.2480589309,True
2009-04-08,756400.5881482372,False
2009-04-09,756400.5881482372,False
2009-04-13,756400.5881482372,False
2009-04-14,756400.5881482372,False
2009-04-15,756400.5881482372,False
2009-04-16,756400.5881482372,False
2009-04-17,756400.5881482372,False
2009-04-20,756400.5881482371,True
2009-04-21,771178.6411109798,True
2009-04-22,766464.1702271601,True
2009-04-23,773989.1910609493,True
2009-04-24,785684.7053688868,False
2009-04-27,785684.7053688868,False
2009-04-28,785684.7053688868,False
2009-04-29,785684.7053688868,False
2009-04-30,785684.7053688868,False
2009-05-01,785684.7053688868,False
2009-05-04,785684.7053688868,False
2009-05-05,785684.7053688868,False
2009-05-06,785684.7053688868,False
2009-05-07,785684.7053688868,False
2009-05-08,785684.7053688868,False
2009-05-11,785684.7053688868,False
2009-05-12,785684.7053688868,False
2009-05-13,785684.7053688869,True
2009-05-14,792418.1331550884,True
2009-05-15,785950.4985709736,True
2009-05-18,808277.1275462736,False
2009-05-19,808277.1275462736,False
2009-05-20,808277.1275462736,True
2009-05-21,796667.7996729981,True
2009-05-22,794971.051753058,True
2009-05-26,815332.026792341,False
2009-05-27,815332.026792341,False
2009-05-28,815332.026792341,False
2009-05-29,815332.026792341,False
2009-06-01,815332.026792341,False
2009-06-02,815332.026792341,False
2009-06-03,815332.026792341,False
2009-06-04,815332.026792341,False
2009-06-05,815332.026792341,False
2009-06-08,815332.026792341,False
2009-06-09,815332.026792341,False
2009-06-10,815332.026792341,False
2009-06-11,815332.026792341,False
2009-06-12,815332.026792341,False
2009-06-15,815332.026792341,False
2009-06-16,815332.026792341,True
2009-06-17,814531.2860414537,True
2009-06-18,820483.4589563826,False
2009-06-19,820483.4589563826,False
2009-06-22,820483.4589563826,True
2009-06-23,821126.7591594174,True
2009-06-24,828184.6813869991,False
2009-06-25,828184.6813869991,False
2009-06-26,828184.6813869991,False
2009-06-29,828184.6813869991,False
2009-06-30,828184.6813869991,False
2009-07-01,828184.6813869991,False
2009-07-02,828184.681386999,True
2009-07-06,828092.4661903186,True
2009-07-07,812047.0219679227,True
2009-07-08,811493.73078784,True
2009-07-09,813061.3891314075,True
2009-07-10,811124.8700011182,True
2009-07-13,830877.3651300678,False
2009-07-14,830877.3651300678,False
2009-07-15,830877.3651300678,False
2009-07-16,830877.3651300678,False
2009-07-17,830877.3651300678,False
2009-07-20,830877.3651300678,False
2009-07-21,830877.3651300678,False
2009-07-22,830877.3651300678,False
2009-07-23,830877.3651300678,False
2009-07-24,830877.3651300678,False
2009-07-27,830877.3651300678,False
2009-07-28,830877.3651300678,False
2009-07-29,830877.3651300678,False
2009-07-30,830877.3651300678,False
2009-07-31,830877.3651300678,False
2009-08-03,830877.3651300678,False
2009-08-04,830877.3651300678,False
2009-08-05,830877.3651300678,False
2009-08-06,830877.3651300678,False
2009-08-07,830877.3651300678,False
2009-08-10,830877.3651300678,False
2009-08-11,830877.3651300678,False
2009-08-12,830877.3651300678,False
2009-08-13,830877.3651300678,False
2009-08-14,830877.3651300678,False
2009-08-17,830877.3651300678,True
2009-08-18,837469.6176455948,False
2009-08-19,837469.6176455948,False
2009-08-20,837469.6176455948,False
2009-08-21,837469.6176455948,False
2009-08-24,837469.6176455948,False
2009-08-25,837469.6176455948,False
2009-08-26,837469.6176455948,False
2009-08-27,837469.6176455948,False
2009-08-28,837469.6176455948,False
2009-08-31,837469.6176455948,False
2009-09-01,837469.6176455948,True
2009-09-02,834293.5851635056,True
2009-09-03,841230.7087428055,False
2009-09-04,841230.7087428055,False
2009-09-08,841230.7087428055,False
2009-09-09,841230.7087428055,False
2009-09-10,841230.7087428055,False
2009-09-11,841230.7087428055,False
2009-09-14,841230.7087428055,False
2009-09-15,841230.7087428055,False
2009-09-16,841230.7087428055,False
2009-09-17,841230.7087428055,False
2009-09-18,841230.7087428055,False
2009-09-21,841230.7087428055,False
2009-09-22,841230.7087428055,False
2009-09-23,841230.7087428055,True
2009-09-24,831961.1671226409,True
2009-09-25,827524.4634411946,True
2009-09-28,842339.8846631671,False
2009-09-29,842339.8846631671,False
2009-09-30,842339.8846631671,False
2009-10-01,842339.8846631671,False
2009-10-02,842339.8846631671,False
2009-10-05,842339.8846631671,False
2009-10-06,842339.8846631671,False
2009-10-07,842339.8846631671,False
2009-10-08,842339.8846631671,False
2009-10-09,842339.8846631671,False
2009-10-12,842339.8846631671,False
2009-10-13,842339.8846631671,False
2009-10-14,842339.8846631671,False
2009-10-15,842339.8846631671,False
2009-10-16,842339.8846631671,False
2009-10-19,842339.8846631671,False
2009-10-20,842339.8846631671,False
2009-10-21,842339.8846631671,True
2009-10-22,850901.0402866494,True
2009-10-23,841172.4543508741,True
2009-10-26,832066.4979149883,True
2009-10-27,828252.8922281645,True
2009-10-28,812609.3260434378,True
2009-10-29,830042.9520403472,False
2009-10-30,830042.9520403472,True
2009-11-02,836134.4221402955,True
2009-11-03,838779.4025784312,True
2009-11-04,840943.4774823602,False
2009-11-05,840943.4774823602,False
2009-11-06,840943.4774823602,False
2009-11-09,840943.4774823602,False
2009-11-10,840943.4774823602,False
2009-11-11,840943.4774823602,False
2009-11-12,840943.4774823602,False
2009-11-13,840943.4774823602,False
2009-11-16,840943.4774823602,False
2009-11-17,840943.4774823602,False
2009-11-18,840943.4774823602,False
2009-11-19,840943.4774823602,False
2009-11-20,840943.4774823602,False
2009-11-23,840943.4774823602,False
2009-11-24,840943.4774823602,False
2009-11-25,840943.4774823602,False
2009-11-27,840943.4774823602,False
2009-11-30,840943.4774823602,False
2009-12-01,840943.4774823602,False
2009-12-02,840943.4774823602,False
2009-12-03,840943.4774823602,True
2009-12-04,845743.2092346151,True
2009-12-07,844448.0435236891,True
2009-12-08,835077.1386740488,True
2009-12-09,838208.3922457579,True
2009-12-10,842924.319157894,False
2009-12-11,842924.319157894,False
2009-12-14,842924.319157894,False
2009-12-15,842924.319157894,False
2009-12-16,842924.319157894,False
2009-12-17,842924.319157894,True
2009-12-18,843153.8320420356,True
2009-12-21,851722.313049994,False
2009-12-22,851722.313049994,False
2009-12-23,851722.313049994,False
2009-12-24,851722.313049994,False
2009-12-28,851722.313049994,False
2009-12-29,851722.313049994,False
2009-12-30,851722.313049994,False
2009-12-31,851722.313049994,True
2010-01-04,866167.3522788569,False
2010-01-05,866167.3522788569,False
2010-01-06,866167.3522788569,False
2010-01-07,866167.3522788569,False
2010-01-08,866167.3522788569,False
2010-01-11,866167.3522788569,False
2010-01-12,866167.3522788569,False
2010-01-13,866167.3522788569,False
2010-01-14,866167.3522788569,False
2010-01-15,866167.3522788569,False
2010-01-19,866167.3522788569,False
2010-01-20,866167.3522788569,False
2010-01-21,866167.3522788569,True
2010-01-22,846858.8768341446,True
2010-01-25,851201.3452072527,True
2010-01-26,847634.3176150569,True
2010-01-27,851666.6096758,False
2010-01-28,851666.6096758,False
2010-01-29,851666.6096758,True
2010-02-01,864910.7035221412,False
2010-02-02,864910.7035221412,False
2010-02-03,864910.7035221412,False
2010-02-04,864910.7035221412,True
2010-02-05,866698.380662078,True
2010-02-08,860441.5106722993,True
2010-02-09,871248.8315637353,True
2010-02-10,869542.4124756139,True
2010-02-11,878643.3142789283,False
2010-02-12,878643.3142789283,False
2010-02-16,878643.3142789283,False
2010-02-17,878643.3142789283,False
2010-02-18,878643.3142789283,False
2010-02-19,878643.3142789283,False
2010-02-22,878643.3142789283,False
2010-02-23,878643.3142789283,False
2010-02-24,878643.3142789283,False
2010-02-25,878643.3142789283,False
2010-02-26,878643.3142789283,False
2010-03-01,878643.3142789283,False
2010-03-02,878643.3142789283,False
2010-03-03,878643.3142789283,False
2010-03-04,878643.3142789283,False
2010-03-05,878643.3142789283,False
2010-03-08,878643.3142789283,False
2010-03-09,878643.3142789283,False
2010-03-10,878643.3142789283,False
2010-03-11,878643.3142789283,False
2010-03-12,878643.3142789283,False
2010-03-15,878643.3142789283,False
2010-03-16,878643.3142789283,False
2010-03-17,878643.3142789283,False
2010-03-18,878643.3142789283,False
2010-03-19,878643.3142789283,False
2010-03-22,878643.3142789283,False
2010-03-23,878643.3142789283,False
2010-03-24,878643.3142789283,False
2010-03-25,878643.3142789283,False
2010-03-26,878643.3142789283,False
2010-03-29,878643.3142789283,False
2010-03-30,878643.3142789283,False
2010-03-31,878643.3142789283,False
2010-04-01,878643.3142789283,False
2010-04-05,878643.3142789283,False
2010-04-06,878643.3142789283,False
2010-04-07,878643.3142789283,False
2010-04-08,878643.3142789283,False
2010-04-09,878643.3142789283,False
2010-04-12,878643.3142789283,False
2010-04-13,878643.3142789283,False
2010-04-14,878643.3142789283,False
2010-04-15,878643.3142789283,False
2010-04-16,878643.3142789283,False
2010-04-19,878643.3142789283,False
2010-04-20,878643.3142789283,False
2010-04-21,878643.3142789283,False
2010-04-22,878643.3142789283,False
2010-04-23,878643.3142789283,False
2010-04-26,878643.3142789283,False
2010-04-27,878643.3142789283,True
2010-04-28,885317.6811159559,True
2010-04-29,896274.7666734097,False
2010-04-30,896274.7666734097,True
2010-05-03,907873.061918105,False
2010-05-04,907873.061918105,False
2010-05-05,907873.061918105,False
2010-05-06,907873.061918105,False
2010-05-07,907873.061918105,False
2010-05-10,907873.061918105,False
2010-05-11,907873.061918105,False
2010-05-12,907873.061918105,False
2010-05-13,907873.061918105,True
2010-05-14,891436.0119135528,True
2010-05-17,891905.6419136828,True
2010-05-18,879773.5335769895,True
2010-05-19,874764.1469089355,True
2010-05-20,841733.5035664542,True
2010-05-21,854061.2910698684,False
2010-05-24,854061.2910698684,False
2010-05-25,854061.2910698684,False
2010-05-26,854061.2910698684,False
2010-05-27,854061.2910698684,False
2010-05-28,854061.2910698684,False
2010-06-01,854061.2910698684,True
2010-06-02,876300.4021551063,False
2010-06-03,876300.4021551063,False
2010-06-04,876300.4021551064,True
2010-06-07,865389.7156276181,True
2010-06-08,874659.6974141308,True
2010-06-09,869983.68890235,True
2010-06-10,895414.6123874731,False
2010-06-11,895414.6123874731,False
2010-06-14,895414.6123874731,False
2010-06-15,895414.6123874731,False
2010-06-16,895414.6123874731,False
2010-06-17,895414.6123874731,False
2010-06-18,895414.6123874731,False
2010-06-21,895414.6123874731,False
2010-06-22,895414.6123874731,True
2010-06-23,892636.1057870192,True
2010-06-24,877844.6441787202,True
2010-06-25,881501.6491896118,True
2010-06-28,878743.5727847494,True
2010-06-29,851612.27303914,True
2010-06-30,843521.915584877,True
2010-07-01,839762.7595960277,True
2010-07-02,835186.3957835152,True
2010-07-06,840661.6882020568,True
2010-07-07,867118.7914931442,False
2010-07-08,867118.7914931442,False
2010-07-09,867118.7914931442,False
2010-07-12,867118.7914931442,False
2010-07-13,867118.7914931442,False
2010-07-14,867118.7914931442,False
2010-07-15,867118.7914931442,False
2010-07-16,867118.7914931442,True
2010-07-19,872240.5319641801,True
2010-07-20,881914.9306316922,False
2010-07-21,881914.9306316922,False
2010-07-22,881914.9306316922,False
2010-07-23,881914.9306316922,False
2010-07-26,881914.9306316922,False
2010-07-27,881914.9306316922,False
2010-07-28,881914.9306316922,False
2010-07-29,881914.9306316922,False
2010-07-30,881914.9306316922,False
2010-08-02,881914.9306316922,False
2010-08-03,881914.9306316922,False
2010-08-04,881914.9306316922,False
2010-08-05,881914.9306316922,False
2010-08-06,881914.9306316922,False
2010-08-09,881914.9306316922,False
2010-08-10,881914.9306316922,False
2010-08-11,881914.9306316922,True
2010-08-12,876508.8647257156,True
2010-08-13,873926.8630989806,True
2010-08-16,873523.4253448033,True
2010-08-17,884254.8696059209,False
2010-08-18,884254.8696059209,False
2010-08-19,884254.8696059209,False
2010-08-20,884254.8696059209,False
2010-08-23,884254.8696059209,False
2010-08-24,884254.8696059209,False
2010-08-25,884254.8696059209,False
2010-08-26,884254.8696059209,False
2010-08-27,884254.8696059209,False
2010-08-30,884254.8696059209,False
2010-08-31,884254.8696059209,False
2010-09-01,884254.8696059209,False
2010-09-02,884254.8696059209,False
2010-09-03,884254.8696059209,False
2010-09-07,884254.8696059209,True
2010-09-08,890464.9776832336,True
2010-09-09,894578.1661500251,False
2010-09-10,894578.1661500251,False
2010-09-13,894578.1661500251,False
2010-09-14,894578.1661500251,False
2010-09-15,894578.1661500251,False
2010-09-16,894578.1661500251,False
2010-09-17,894578.1661500251,False
2010-09-20,894578.1661500251,False
2010-09-21,894578.1661500251,False
2010-09-22,894578.1661500251,False
2010-09-23,894578.1661500251,False
2010-09-24,894578.1661500251,False
2010-09-27,894578.1661500251,False
2010-09-28,894578.1661500251,False
2010-09-29,894578.1661500251,False
2010-09-30,894578.1661500251,False
2010-10-01,894578.1661500251,False
2010-10-04,894578.1661500251,False
2010-10-05,894578.1661500251,False
2010-10-06,894578.1661500251,False
2010-10-07,894578.1661500251,False
2010-10-08,894578.1661500251,False
2010-10-11,894578.1661500251,False
2010-10-12,894578.1661500251,False
2010-10-13,894578.1661500251,False
2010-10-14,894578.1661500251,False
2010-10-15,894578.1661500251,False
2010-10-18,894578.1661500251,False
2010-10-19,894578.1661500251,False
2010-10-20,894578.1661500251,False
2010-10-21,894578.1661500251,False
2010-10-22,894578.1661500251,False
2010-10-25,894578.1661500251,False
2010-10-26,894578.1661500251,False
2010-10-27,894578.1661500251,False
2010-10-28,894578.1661500251,False
2010-10-29,894578.1661500251,False
2010-11-01,894578.1661500251,False
2010-11-02,894578.1661500251,False
2010-11-03,894578.1661500251,False
2010-11-04,894578.1661500251,False
2010-11-05,894578.1661500251,False
2010-11-08,894578.1661500251,False
2010-11-09,894578.1661500251,False
2010-11-10,894578.1661500251,False
2010-11-11,894578.1661500251,False
2010-11-12,894578.1661500251,False
2010-11-15,894578.1661500251,False
2010-11-16,894578.1661500251,False
2010-11-17,894578.1661500251,False
2010-11-18,894578.1661500251,False
2010-11-19,894578.1661500251,False
2010-11-22,894578.1661500251,False
2010-11-23,894578.1661500251,False
2010-11-24,894578.1661500251,False
2010-11-26,894578.1661500251,True
2010-11-29,897304.0693162398,True
2010-11-30,892262.6544825913,True
2010-12-01,911219.7296785736,False
2010-12-02,911219.7296785736,False
2010-12-03,911219.7296785736,False
2010-12-06,911219.7296785736,False
2010-12-07,911219.7296785736,False
2010-12-08,911219.7296785736,False
2010-12-09,911219.7296785736,False
2010-12-10,911219.7296785736,False
2010-12-13,911219.7296785736,False
2010-12-14,911219.7296785736,False
2010-12-15,911219.7296785736,False
2010-12-16,911219.7296785736,False
2010-12-17,911219.7296785736,False
2010-12-20,911219.7296785736,False
2010-12-21,911219.7296785736,False
2010-12-22,911219.7296785736,False
2010-12-23,911219.7296785736,False
2010-12-27,911219.7296785736,False
2010-12-28,911219.7296785736,False
2010-12-29,911219.7296785736,False
2010-12-30,911219.7296785736,False
2010-12-31,911219.7296785736,False
2011-01-03,911219.7296785736,False
2011-01-04,911219.7296785736,False
2011-01-05,911219.7296785736,False
2011-01-06,911219.7296785736,False
2011-01-07,911219.7296785736,False
2011-01-10,911219.7296785736,False
2011-01-11,911219.7296785736,False
2011-01-12,911219.7296785736,False
2011-01-13,911219.7296785736,False
2011-01-14,911219.7296785736,False
2011-01-18,911219.7296785736,False
2011-01-19,911219.7296785736,False
2011-01-20,911219.7296785736,False
2011-01-21,911219.7296785736,False
2011-01-24,911219.7296785736,False
2011-01-25,911219.7296785736,False
2011-01-26,911219.7296785736,False
2011-01-27,911219.7296785736,False
2011-01-28,911219.7296785736,True
2011-01-31,918068.8601240123,True
2011-02-01,932765.9525381828,False
2011-02-02,932765.9525381828,False
2011-02-03,932765.9525381828,False
2011-02-04,932765.9525381828,False
2011-02-07,932765.9525381828,False
2011-02-08,932765.9525381828,False
2011-02-09,932765.9525381828,False
2011-02-10,932765.9525381828,False
2011-02-11,932765.9525381828,False
2011-02-14,932765.9525381828,False
2011-02-15,932765.9525381828,False
2011-02-16,932765.9525381828,False
2011-02-17,932765.9525381828,False
2011-02-18,932765.9525381828,False
2011-02-22,932765.9525381828,False
2011-02-23,932765.9525381828,False
2011-02-24,932765.9525381828,False
2011-02-25,932765.9525381828,False
2011-02-28,932765.9525381828,False
2011-03-01,932765.9525381828,True
2011-03-02,934760.7166618421,True
2011-03-03,950861.312802805,False
2011-03-04,950861.312802805,False
2011-03-07,950861.312802805,False
2011-03-08,950861.312802805,False
2011-03-09,950861.312802805,False
2011-03-10,950861.312802805,True
2011-03-11,957465.6597758076,False
2011-03-14,957465.6597758076,False
2011-03-15,957465.6597758076,False
2011-03-16,957465.6597758076,False
2011-03-17,957465.6597758076,False
2011-03-18,957465.6597758076,False
2011-03-21,957465.6597758076,False
2011-03-22,957465.6597758076,False
2011-03-23,957465.6597758076,False
2011-03-24,957465.6597758076,False
2011-03-25,957465.6597758076,False
2011-03-28,957465.6597758076,True
2011-03-29,963898.4722708659,False
2011-03-30,963898.4722708659,False
2011-03-31,963898.4722708659,False
2011-04-01,963898.4722708659,False
2011-04-04,963898.4722708659,False
2011-04-05,963898.4722708659,False
2011-04-06,963898.4722708659,False
2011-04-07,963898.4722708659,False
2011-04-08,963898.4722708659,False
2011-04-11,963898.4722708659,False
2011-04-12,963898.4722708659,False
2011-04-13,963898.4722708659,False
2011-04-14,963898.4722708659,False
2011-04-15,963898.4722708659,False
2011-04-18,963898.4722708659,False
2011-04-19,963898.4722708659,False
2011-04-20,963898.4722708659,False
2011-04-21,963898.4722708659,False
2011-04-25,963898.4722708659,False
2011-04-26,963898.4722708659,False
2011-04-27,963898.4722708659,False
2011-04-28,963898.4722708659,False
2011-04-29,963898.4722708659,False
2011-05-02,963898.4722708659,False
2011-05-03,963898.4722708659,False
2011-05-04,963898.4722708659,False
2011-05-05,963898.4722708659,False
2011-05-06,963898.4722708659,False
2011-05-09,963898.4722708659,False
2011-05-10,963898.4722708659,False
2011-05-11,963898.4722708659,False
2011-05-12,963898.4722708659,False
2011-05-13,963898.4722708659,False
2011-05-16,963898.4722708659,True
2011-05-17,963753.731904131,True
2011-05-18,972365.783724856,False
2011-05-19,972365.783724856,False
2011-05-20,972365.783724856,False
2011-05-23,972365.783724856,False
2011-05-24,972365.783724856,False
2011-05-25,972365.783724856,False
2011-05-26,972365.783724856,False
2011-05-27,972365.783724856,False
2011-05-31,972365.783724856,False
2011-06-01,972365.783724856,True
2011-06-02,971333.4700089123,True
2011-06-03,961673.9630954402,True
2011-06-06,951535.1676709943,True
2011-06-07,950908.4057720287,True
2011-06-08,946926.6242962462,True
2011-06-09,954152.8203078514,False
2011-06-10,954152.8203078514,False
2011-06-13,954152.8203078514,False
2011-06-14,954152.8203078514,False
2011-06-15,954152.8203078514,False
2011-06-16,954152.8203078514,False
2011-06-17,954152.8203078514,False
2011-06-20,954152.8203078514,False
2011-06-21,954152.8203078514,False
2011-06-22,954152.8203078514,False
2011-06-23,954152.8203078514,False
2011-06-24,954152.8203078514,False
2011-06-27,954152.8203078514,False
2011-06-28,954152.8203078514,False
2011-06-29,954152.8203078514,False
2011-06-30,954152.8203078514,False
2011-07-01,954152.8203078514,False
2011-07-05,954152.8203078514,False
2011-07-06,954152.8203078514,False
2011-07-07,954152.8203078514,False
2011-07-08,954152.8203078514,False
2011-07-11,954152.8203078514,True
2011-07-12,950031.6783242532,True
2011-07-13,953212.9107326448,True
2011-07-14,946633.5437061983,True
2011-07-15,952128.3996843295,True
2011-07-18,944319.920136459,True
2011-07-19,959647.6762859826,False
2011-07-20,959647.6762859826,False
2011-07-21,959647.6762859826,False
2011-07-22,959647.6762859826,False
2011-07-25,959647.6762859826,False
2011-07-26,959647.6762859826,False
2011-07-27,959647.6762859826,True
2011-07-28,956855.4395555946,True
2011-07-29,950315.7272133701,True
2011-08-01,946274.3319457032,True
2011-08-02,922099.4402536596,True
2011-08-03,927096.074402775,True
2011-08-04,883669.4452538459,True
2011-08-05,882346.8068026094,True
2011-08-08,824885.5140877826,True
2011-08-09,863242.0291736389,False
2011-08-10,863242.0291736389,False
2011-08-11,863242.0291736389,False
2011-08-12,863242.0291736389,False
2011-08-15,863242.0291736389,False
2011-08-16,863242.0291736389,False
2011-08-17,863242.0291736389,False
2011-08-18,863242.0291736389,False
2011-08-19,863242.0291736389,True
2011-08-22,863931.7644597329,True
2011-08-23,892364.1856976075,False
2011-08-24,892364.1856976075,False
2011-08-25,892364.1856976075,False
2011-08-26,892364.1856976075,False
2011-08-29,892364.1856976075,False
2011-08-30,892364.1856976075,False
2011-08-31,892364.1856976075,False
2011-09-01,892364.1856976075,True
2011-09-02,869564.4061887137,True
2011-09-06,863218.8364872093,True
2011-09-07,887568.1155743775,False
2011-09-08,887568.1155743775,False
2011-09-09,887568.1155743775,False
2011-09-12,887568.1155743775,False
2011-09-13,887568.1155743775,False
2011-09-14,887568.1155743775,False
2011-09-15,887568.1155743775,False
2011-09-16,887568.1155743775,False
2011-09-19,887568.1155743775,False
2011-09-20,887568.1155743775,False
2011-09-21,887568.1155743775,True
2011-09-22,858877.9689936058,True
2011-09-23,864052.8495439838,False
2011-09-26,864052.8495439838,False
2011-09-27,864052.8495439838,False
2011-09-28,864052.8495439838,True
2011-09-29,870844.0070309552,True
2011-09-30,849082.2869069589,True
2011-10-03,824919.2735279009,True
2011-10-04,843004.013355084,False
2011-10-05,843004.013355084,False
2011-10-06,843004.013355084,False
2011-10-07,843004.013355084,False
2011-10-10,843004.013355084,False
2011-10-11,843004.013355084,False
2011-10-12,843004.013355084,False
2011-10-13,843004.013355084,False
2011-10-14,843004.013355084,False
2011-10-17,843004.013355084,False
2011-10-18,843004.013355084,False
2011-10-19,843004.013355084,False
2011-10-20,843004.013355084,False
2011-10-21,843004.013355084,False
2011-10-24,843004.013355084,False
2011-10-25,843004.013355084,True
2011-10-26,851574.5667176242,False
2011-10-27,851574.5667176242,False
2011-10-28,851574.5667176242,False
2011-10-31,851574.5667176242,True
2011-11-01,827839.0461249688,True
2011-11-02,841328.5300981532,False
2011-11-03,841328.5300981532,False
2011-11-04,841328.5300981532,False
2011-11-07,841328.5300981532,False
2011-11-08,841328.5300981532,False
2011-11-09,841328.5300981532,True
2011-11-10,849245.8072100941,True
2011-11-11,865230.6462454192,False
2011-11-14,865230.6462454192,False
2011-11-15,865230.6462454192,False
2011-11-16,865230.6462454192,True
2011-11-17,851458.6400692853,True
2011-11-18,850580.0209410862,True
2011-11-21,834416.2182492997,True
2011-11-22,831131.8562700799,True
2011-11-23,812792.4252608484,True
2011-11-25,811258.3283703423,True
2011-11-28,834757.9034658214,False
2011-11-29,834757.9034658214,False
2011-11-30,834757.9034658214,False
2011-12-01,834757.9034658214,False
2011-12-02,834757.9034658214,False
2011-12-05,834757.9034658214,False
2011-12-06,834757.9034658214,False
2011-12-07,834757.9034658214,False
2011-12-08,834757.9034658214,True
2011-12-09,848900.6351905348,False
2011-12-12,848900.6351905348,False
2011-12-13,848900.6351905348,False
2011-12-14,848900.6351905348,True
2011-12-15,852003.6480265771,True
2011-12-16,847854.6758075992,True
2011-12-19,838789.694488824,True
2011-12-20,864171.6421813946,False
2011-12-21,864171.6421813946,False
2011-12-22,864171.6421813946,False
2011-12-23,864171.6421813946,False
2011-12-27,864171.6421813946,False
2011-12-28,864171.6421813946,True
2011-12-29,873102.0388682007,False
2011-12-30,873102.0388682007,False
2012-01-03,873102.0388682007,False
2012-01-04,873102.0388682007,False
2012-01-05,873102.0388682007,False
2012-01-06,873102.0388682007,False
2012-01-09,873102.0388682007,False
2012-01-10,873102.0388682007,False
2012-01-11,873102.0388682007,False
2012-01-12,873102.0388682007,False
2012-01-13,873102.0388682007,False
2012-01-17,873102.0388682007,False
2012-01-18,873102.0388682007,False
2012-01-19,873102.0388682007,False
2012-01-20,873102.0388682007,False
2012-01-23,873102.0388682007,False
2012-01-24,873102.0388682007,False
2012-01-25,873102.0388682007,False
2012-01-26,873102.0388682007,False
2012-01-27,873102.0388682007,False
2012-01-30,873102.0388682007,False
2012-01-31,873102.0388682007,False
2012-02-01,873102.0388682007,False
2012-02-02,873102.0388682007,False
2012-02-03,873102.0388682007,False
2012-02-06,873102.0388682007,False
2012-02-07,873102.0388682007,False
2012-02-08,873102.0388682007,False
2012-02-09,873102.0388682007,False
2012-02-10,873102.0388682007,False
2012-02-13,873102.0388682007,False
2012-02-14,873102.0388682007,False
2012-02-15,873102.0388682007,False
2012-02-16,873102.0388682007,False
2012-02-17,873102.0388682007,False
2012-02-21,873102.0388682007,False
2012-02-22,873102.0388682007,False
2012-02-23,873102.0388682007,False
2012-02-24,873102.0388682007,False
2012-02-27,873102.0388682007,False
2012-02-28,873102.0388682007,False
2012-02-29,873102.0388682007,False
2012-03-01,873102.0388682007,False
2012-03-02,873102.0388682007,False
2012-03-05,873102.0388682007,False
2012-03-06,873102.0388682007,False
2012-03-07,873102.0388682007,False
2012-03-08,873102.0388682007,False
2012-03-09,873102.0388682007,False
2012-03-12,873102.0388682007,False
2012-03-13,873102.0388682007,False
2012-03-14,873102.0388682007,False
2012-03-15,873102.0388682007,False
2012-03-16,873102.0388682007,False
2012-03-19,873102.0388682007,False
2012-03-20,873102.0388682007,False
2012-03-21,873102.0388682007,False
2012-03-22,873102.0388682007,False
2012-03-23,873102.0388682007,False
2012-03-26,873102.0388682007,False
2012-03-27,873102.0388682007,False
2012-03-28,873102.0388682007,False
2012-03-29,873102.0388682007,False
2012-03-30,873102.0388682007,False
2012-04-02,873102.0388682007,False
2012-04-03,873102.0388682007,False
2012-04-04,873102.0388682007,False
2012-04-05,873102.0388682007,False
2012-04-09,873102.0388682007,False
2012-04-10,873102.0388682007,True
2012-04-11,880169.0899554341,True
2012-04-12,891669.109451932,False
2012-04-13,891669.109451932,True
2012-04-16,891083.9394078117,True
2012-04-17,904295.7786261748,False
2012-04-18,904295.7786261748,False
2012-04-19,904295.7786261748,False
2012-04-20,904295.7786261748,False
2012-04-23,904295.7786261748,False
2012-04-24,904295.7786261748,False
2012-04-25,904295.7786261748,False
2012-04-26,904295.7786261748,False
2012-04-27,904295.7786261748,False
2012-04-30,904295.7786261748,False
2012-05-01,904295.7786261748,False
2012-05-02,904295.7786261748,False
2012-05-03,904295.7786261748,False
2012-05-04,904295.7786261748,True
2012-05-07,904955.8485375807,True
2012-05-08,901325.4640248481,True
2012-05-09,895978.8977424597,True
2012-05-10,897827.0934943964,True
2012-05-11,895120.806857632,True
2012-05-14,885219.7581865424,True
2012-05-15,880137.2198687164,True
2012-05-16,876764.262621432,True
2012-05-17,863767.4860658485,True
2012-05-18,856374.7030581017,True
2012-05-21,871094.2620824546,False
2012-05-22,871094.2620824546,False
2012-05-23,871094.2620824546,False
2012-05-24,871094.2620824546,False
2012-05-25,871094.2620824546,False
2012-05-29,871094.2620824546,False
2012-05-30,871094.2620824546,False
2012-05-31,871094.2620824546,False
2012-06-01,871094.2620824546,True
2012-06-04,870686.4464166857,True
2012-06-05,877279.4663466169,False
2012-06-06,877279.4663466169,False
2012-06-07,877279.4663466169,False
2012-06-08,877279.4663466169,False
2012-06-11,877279.4663466169,True
2012-06-12,887326.3072464507,True
2012-06-13,881652.0117216276,True
2012-06-14,890997.910233101,False
2012-06-15,890997.910233101,False
2012-06-18,890997.910233101,False
2012-06-19,890997.910233101,False
2012-06-20,890997.910233101,False
2012-06-21,890997.910233101,True
2012-06-22,897860.0203843979,True
2012-06-25,883463.044184618,True
2012-06-26,887903.2331060454,False
2012-06-27,887903.2331060454,False
2012-06-28,887903.2331060454,False
2012-06-29,887903.2331060454,False
2012-07-02,887903.2331060454,False
2012-07-03,887903.2331060454,False
2012-07-05,887903.2331060454,False
2012-07-06,887903.2331060454,False
2012-07-09,887903.2331060454,False
2012-07-10,887903.2331060454,False
2012-07-11,887903.2331060454,False
2012-07-12,887903.2331060454,False
2012-07-13,887903.2331060454,False
2012-07-16,887903.2331060454,False
2012-07-17,887903.2331060454,False
2012-07-18,887903.2331060454,False
2012-07-19,887903.2331060454,False
2012-07-20,887903.2331060454,True
2012-07-23,878924.6556774066,True
2012-07-24,871344.9145872876,True
2012-07-25,871572.6321307676,True
2012-07-26,885951.3684476456,False
2012-07-27,885951.3684476456,False
2012-07-30,885951.3684476456,False
2012-07-31,885951.3684476456,True
2012-08-01,884472.8543369,True
2012-08-02,878365.9482272986,True
2012-08-03,895780.2731229934,False
2012-08-06,895780.2731229934,False
2012-08-07,895780.2731229934,False
2012-08-08,895780.2731229934,False
2012-08-09,895780.2731229934,False
2012-08-10,895780.2731229934,False
2012-08-13,895780.2731229934,False
2012-08-14,895780.2731229934,False
2012-08-15,895780.2731229934,False
2012-08-16,895780.2731229934,False
2012-08-17,895780.2731229934,False
2012-08-20,895780.2731229934,False
2012-08-21,895780.2731229934,False
2012-08-22,895780.2731229934,False
2012-08-23,895780.2731229934,False
2012-08-24,895780.2731229934,False
2012-08-27,895780.2731229934,False
2012-08-28,895780.2731229934,False
2012-08-29,895780.2731229934,False
2012-08-30,895780.2731229934,False
2012-08-31,895780.2731229934,False
2012-09-04,895780.2731229934,False
2012-09-05,895780.2731229934,False
2012-09-06,895780.2731229934,False
2012-09-07,895780.2731229934,False
2012-09-10,895780.2731229934,True
2012-09-11,898277.0476282488,True
2012-09-12,901273.1770345552,False
2012-09-13,901273.1770345552,False
2012-09-14,901273.1770345552,False
2012-09-17,901273.1770345552,False
2012-09-18,901273.1770345552,False
2012-09-19,901273.1770345552,False
2012-09-20,901273.1770345552,False
2012-09-21,901273.1770345552,False
2012-09-24,901273.1770345552,False
2012-09-25,901273.1770345552,True
2012-09-26,896238.306059449,True
2012-09-27,904650.6060116452,False
2012-09-28,904650.6060116452,False
2012-10-01,904650.6060116452,False
2012-10-02,904650.6060116452,False
2012-10-03,904650.6060116452,False
2012-10-04,904650.6060116452,False
2012-10-05,904650.6060116452,False
2012-10-08,904650.6060116452,False
2012-10-09,904650.6060116452,True
2012-10-10,898878.9100509606,True
2012-10-11,899380.7966562377,True
2012-10-12,896432.2128502355,True
2012-10-15,903897.7761037298,False
2012-10-16,903897.7761037298,False
2012-10-17,903897.7761037298,False
2012-10-18,903897.7761037298,False
2012-10-19,903897.7761037298,True
2012-10-22,904026.3733983211,True
2012-10-23,891481.8333867273,True
2012-10-24,888960.3178065076,True
2012-10-25,891544.8712762329,True
2012-10-26,891040.5681601889,True
2012-10-31,891040.5681601889,True
2012-11-01,900370.1758070023,False
2012-11-02,900370.1758070023,True
2012-11-05,902205.7708390587,True
2012-11-06,909274.6562119882,False
2012-11-07,909274.6562119882,False
2012-11-08,909274.6562119882,True
2012-11-09,910065.1007117379,True
2012-11-12,910756.7396490187,True
2012-11-13,907627.8968375098,True
2012-11-14,895375.3483876409,True
2012-11-15,893860.9884668704,True
2012-11-16,898274.3035904727,False
2012-11-19,898274.3035904727,False
2012-11-20,898274.3035904727,False
2012-11-21,898274.3035904727,False
2012-11-23,898274.3035904727,False
2012-11-26,898274.3035904727,False
2012-11-27,898274.3035904727,False
2012-11-28,898274.3035904727,False
2012-11-29,898274.3035904727,False
2012-11-30,898274.3035904727,False
2012-12-03,898274.3035904727,True
2012-12-04,897004.2091350603,True
2012-12-05,898591.8272043259,True
2012-12-06,901640.0538973158,False
2012-12-07,901640.0538973158,False
2012-12-10,901640.0538973158,False
2012-12-11,901640.0538973158,False
2012-12-12,901640.0538973158,False
2012-12-13,901640.0538973158,False
2012-12-14,901640.0538973158,False
2012-12-17,901640.0538973158,False
2012-12-18,901640.0538973158,False
2012-12-19,901640.0538973158,False
2012-12-20,901640.0538973158,False
2012-12-21,901640.0538973158,False
2012-12-24,901640.0538973158,False
2012-12-26,901640.0538973158,False
2012-12-27,901640.0538973158,False
2012-12-28,901640.0538973158,True
2012-12-31,916964.6509713399,False
2013-01-02,916964.6509713399,False
2013-01-03,916964.6509713399,False
2013-01-04,916964.6509713399,False
2013-01-07,916964.6509713399,False
2013-01-08,916964.6509713399,False
2013-01-09,916964.6509713399,False
2013-01-10,916964.6509713399,False
2013-01-11,916964.6509713399,False
2013-01-14,916964.6509713399,False
2013-01-15,916964.6509713399,False
2013-01-16,916964.6509713399,False
2013-01-17,916964.6509713399,False
2013-01-18,916964.6509713399,False
2013-01-22,916964.6509713399,False
2013-01-23,916964.6509713399,False
2013-01-24,916964.6509713399,False
2013-01-25,916964.6509713399,False
2013-01-28,916964.6509713399,False
2013-01-29,916964.6509713399,False
2013-01-30,916964.6509713399,False
2013-01-31,916964.65097134,True
2013-02-01,926273.9367680034,False
2013-02-04,926273.9367680034,True
2013-02-05,935501.9935063313,False
2013-02-06,935501.9935063313,False
2013-02-07,935501.9935063313,False
2013-02-08,935501.9935063313,False
2013-02-11,935501.9935063313,False
2013-02-12,935501.9935063313,False
2013-02-13,935501.9935063313,False
2013-02-14,935501.9935063313,False
2013-02-15,935501.9935063313,False
2013-02-19,935501.9935063313,False
2013-02-20,935501.9935063313,True
2013-02-21,929815.0512965663,True
2013-02-22,938901.7959143429,False
2013-02-25,938901.7959143429,True
2013-02-26,945329.1773360384,True
2013-02-27,957238.73702918,False
2013-02-28,957238.73702918,False
2013-03-01,957238.73702918,False
2013-03-04,957238.73702918,False
2013-03-05,957238.73702918,False
2013-03-06,957238.73702918,False
2013-03-07,957238.73702918,False
2013-03-08,957238.73702918,False
2013-03-11,957238.73702918,False
2013-03-12,957238.73702918,False
2013-03-13,957238.73702918,False
2013-03-14,957238.73702918,False
2013-03-15,957238.73702918,False
2013-03-18,957238.73702918,False
2013-03-19,957238.73702918,False
2013-03-20,957238.73702918,False
2013-03-21,957238.73702918,False
2013-03-22,957238.73702918,False
2013-03-25,957238.73702918,False
2013-03-26,957238.73702918,False
2013-03-27,957238.73702918,False
2013-03-28,957238.73702918,False
2013-04-01,957238.73702918,False
2013-04-02,957238.73702918,False
2013-04-03,957238.73702918,False
2013-04-04,957238.73702918,False
2013-04-05,957238.73702918,False
2013-04-08,957238.73702918,False
2013-04-09,957238.73702918,False
2013-04-10,957238.73702918,False
2013-04-11,957238.73702918,False
2013-04-12,957238.73702918,False
2013-04-15,957238.7370291799,True
2013-04-16,971382.7511685506,False
2013-04-17,971382.7511685506,False
2013-04-18,971382.7511685506,False
2013-04-19,971382.7511685506,False
2013-04-22,971382.7511685506,False
2013-04-23,971382.7511685506,False
2013-04-24,971382.7511685506,False
2013-04-25,971382.7511685506,False
2013-04-26,971382.7511685506,False
2013-04-29,971382.7511685506,False
2013-04-30,971382.7511685506,False
2013-05-01,971382.7511685506,False
2013-05-02,971382.7511685506,False
2013-05-03,971382.7511685506,False
2013-05-06,971382.7511685506,False
2013-05-07,971382.7511685506,False
2013-05-08,971382.7511685506,False
2013-05-09,971382.7511685506,False
2013-05-10,971382.7511685506,False
2013-05-13,971382.7511685506,False
2013-05-14,971382.7511685506,False
2013-05-15,971382.7511685506,False
2013-05-16,971382.7511685506,False
2013-05-17,971382.7511685506,False
2013-05-20,971382.7511685506,False
2013-05-21,971382.7511685506,False
2013-05-22,971382.7511685506,False
2013-05-23,971382.7511685506,False
2013-05-24,971382.7511685506,False
2013-05-28,971382.7511685506,False
2013-05-29,971382.7511685506,False
2013-05-30,971382.7511685506,False
2013-05-31,971382.7511685506,True
2013-06-03,976761.3273856728,True
2013-06-04,972066.2166547043,True
2013-06-05,958468.2250693168,True
2013-06-06,967133.378798117,False
2013-06-07,967133.378798117,False
2013-06-10,967133.378798117,False
2013-06-11,967133.378798117,False
2013-06-12,967133.378798117,True
2013-06-13,981842.1770166233,False
2013-06-14,981842.1770166233,False
2013-06-17,981842.1770166233,False
2013-06-18,981842.1770166233,False
2013-06-19,981842.1770166233,True
2013-06-20,957513.8759036389,True
2013-06-21,955531.5698870253,True
2013-06-24,943457.52414947,True
2013-06-25,952558.1108621049,False
2013-06-26,952558.1108621049,False
2013-06-27,952558.1108621049,False
2013-06-28,952558.1108621049,False
2013-07-01,952558.1108621049,False
2013-07-02,952558.1108621049,False
2013-07-03,952558.1108621049,False
2013-07-05,952558.1108621049,False
2013-07-08,952558.1108621049,False
2013-07-09,952558.1108621049,False
2013-07-10,952558.1108621049,False
2013-07-11,952558.1108621049,False
2013-07-12,952558.1108621049,False
2013-07-15,952558.1108621049,False
2013-07-16,952558.1108621049,False
2013-07-17,952558.1108621049,False
2013-07-18,952558.1108621049,False
2013-07-19,952558.1108621049,False
2013-07-22,952558.1108621049,False
2013-07-23,952558.1108621049,False
2013-07-24,952558.1108621049,False
2013-07-25,952558.1108621049,False
2013-07-26,952558.1108621049,False
2013-07-29,952558.1108621049,False
2013-07-30,952558.1108621049,False
2013-07-31,952558.1108621049,False
2013-08-01,952558.1108621049,False
2013-08-02,952558.1108621049,False
2013-08-05,952558.1108621049,False
2013-08-06,952558.1108621049,False
2013-08-07,952558.1108621049,False
2013-08-08,952558.1108621049,False
2013-08-09,952558.1108621049,False
2013-08-12,952558.1108621049,False
2013-08-13,952558.1108621049,False
2013-08-14,952558.1108621049,False
2013-08-15,952558.1108621049,True
2013-08-16,949409.2530608418,True
2013-08-19,943340.5452984074,True
2013-08-20,947977.9540602677,True
2013-08-21,942138.2541379251,True
2013-08-22,950726.0481413701,False
2013-08-23,950726.0481413701,False
2013-08-26,950726.0481413701,False
2013-08-27,950726.04814137,True
2013-08-28,954102.1646412291,True
2013-08-29,955615.5961756486,True
2013-08-30,952588.7331068094,True
2013-09-03,956896.1920893883,True
2013-09-04,964812.6031925064,False
2013-09-05,964812.6031925064,False
2013-09-06,964812.6031925064,False
2013-09-09,964812.6031925064,False
2013-09-10,964812.6031925064,False
2013-09-11,964812.6031925064,False
2013-09-12,964812.6031925064,False
2013-09-13,964812.6031925064,False
2013-09-16,964812.6031925064,False
2013-09-17,964812.6031925064,False
2013-09-18,964812.6031925064,False
2013-09-19,964812.6031925064,False
2013-09-20,964812.6031925065,True
2013-09-23,960347.971300976,True
2013-09-24,958087.3981913403,True
2013-09-25,955318.1961320365,True
2013-09-26,958991.6274351946,True
2013-09-27,954577.8584386308,True
2013-09-30,949497.2203747247,True
2013-10-01,957013.6259642633,False
2013-10-02,957013.6259642633,False
2013-10-03,957013.6259642633,False
2013-10-04,957013.6259642633,False
2013-10-07,957013.6259642633,True
2013-10-08,945867.6152694635,True
2013-10-09,946553.5236199128,True
2013-10-10,966959.2970457769,False
2013-10-11,966959.2970457769,False
2013-10-14,966959.2970457769,False
2013-10-15,966959.2970457769,False
2013-10-16,966959.2970457769,False
2013-10-17,966959.2970457769,False
2013-10-18,966959.2970457769,False
2013-10-21,966959.2970457769,False
2013-10-22,966959.2970457769,False
2013-10-23,966959.2970457769,False
2013-10-24,966959.2970457769,False
2013-10-25,966959.2970457769,False
2013-10-28,966959.2970457769,False
2013-10-29,966959.2970457769,False
2013-10-30,966959.2970457769,False
2013-10-31,966959.2970457769,False
2013-11-01,966959.2970457769,False
2013-11-04,966959.2970457769,False
2013-11-05,966959.2970457769,False
2013-11-06,966959.2970457769,False
2013-11-07,966959.2970457769,True
2013-11-08,980004.6519936305,False
2013-11-11,980004.6519936305,False
2013-11-12,980004.6519936305,False
2013-11-13,980004.6519936305,False
2013-11-14,980004.6519936305,False
2013-11-15,980004.6519936305,False
2013-11-18,980004.6519936305,False
2013-11-19,980004.6519936305,False
2013-11-20,980004.6519936305,False
2013-11-21,980004.6519936305,False
2013-11-22,980004.6519936305,False
2013-11-25,980004.6519936305,False
2013-11-26,980004.6519936305,False
2013-11-27,980004.6519936305,False
2013-11-29,980004.6519936305,False
2013-12-02,980004.6519936305,False
2013-12-03,980004.6519936305,False
2013-12-04,980004.6519936305,False
2013-12-05,980004.6519936305,False
2013-12-06,980004.6519936305,False
2013-12-09,980004.6519936305,False
2013-12-10,980004.6519936305,False
2013-12-11,980004.6519936305,True
2013-12-12,976769.4083461582,True
2013-12-13,976659.7390699728,True
2013-12-16,982724.4500430309,False
2013-12-17,982724.4500430309,False
2013-12-18,982724.4500430309,False
2013-12-19,982724.4500430309,False
2013-12-20,982724.4500430309,False
2013-12-23,982724.4500430309,False
2013-12-24,982724.4500430309,False
2013-12-26,982724.4500430309,False
2013-12-27,982724.4500430309,False
2013-12-30,982724.4500430309,False
2013-12-31,982724.4500430309,False
2014-01-02,982724.4500430309,False
2014-01-03,982724.4500430309,False
2014-01-06,982724.4500430309,False
2014-01-07,982724.4500430309,False
2014-01-08,982724.4500430309,False
2014-01-09,982724.4500430309,False
2014-01-10,982724.4500430309,False
2014-01-13,982724.4500430309,False
2014-01-14,982724.4500430309,False
2014-01-15,982724.4500430309,False
2014-01-16,982724.4500430309,False
2014-01-17,982724.4500430309,False
2014-01-21,982724.4500430309,False
2014-01-22,982724.4500430309,False
2014-01-23,982724.4500430309,False
2014-01-24,982724.4500430308,True
2014-01-27,977890.2082405944,True
2014-01-28,983713.2722298929,False
2014-01-29,983713.2722298929,False
2014-01-30,983713.2722298929,False
2014-01-31,983713.2722298929,False
2014-02-03,983713.2722298929,True
2014-02-04,990575.5999887453,True
2014-02-05,989361.2786157797,True
2014-02-06,1002408.1733671781,False
2014-02-07,1002408.1733671781,False
2014-02-10,1002408.1733671781,False
2014-02-11,1002408.1733671781,False
2014-02-12,1002408.1733671781,False
2014-02-13,1002408.1733671781,False
2014-02-14,1002408.1733671781,False
2014-02-18,1002408.1733671781,False
2014-02-19,1002408.1733671781,True
2014-02-20,1008323.3784116352,True
2014-02-21,1007173.1996529907,True
2014-02-24,1012759.7821949781,False
2014-02-25,1012759.7821949781,False
2014-02-26,1012759.7821949781,False
2014-02-27,1012759.7821949781,False
2014-02-28,1012759.7821949781,False
2014-03-03,1012759.7821949781,False
2014-03-04,1012759.7821949781,False
2014-03-05,1012759.7821949781,False
2014-03-06,1012759.7821949781,False
2014-03-07,1012759.7821949781,False
2014-03-10,1012759.7821949781,False
2014-03-11,1012759.7821949781,False
2014-03-12,1012759.7821949781,False
2014-03-13,1012759.7821949781,False
2014-03-14,1012759.7821949782,True
2014-03-17,1021918.8249560831,False
2014-03-18,1021918.8249560831,False
2014-03-19,1021918.8249560831,False
2014-03-20,1021918.8249560831,False
2014-03-21,1021918.8249560831,True
2014-03-24,1017692.8448528814,True
2014-03-25,1022522.5363993978,True
2014-03-26,1015168.2333626569,True
2014-03-27,1013357.0990327131,True
2014-03-28,1018022.1420037802,False
2014-03-31,1018022.1420037802,False
2014-04-01,1018022.1420037802,False
2014-04-02,1018022.1420037802,False
2014-04-03,1018022.1420037802,False
2014-04-04,1018022.1420037802,True
2014-04-07,1006771.4681168286,True
2014-04-08,1010922.2021722087,True
2014-04-09,1021790.5716066912,False
2014-04-10,1021790.5716066913,True
2014-04-11,1012613.3965893944,True
2014-04-14,1020591.6810831551,False
2014-04-15,1020591.6810831551,False
2014-04-16,1020591.6810831551,False
2014-04-17,1020591.6810831551,False
2014-04-21,1020591.6810831551,False
2014-04-22,1020591.6810831551,False
2014-04-23,1020591.6810831551,False
2014-04-24,1020591.6810831551,False
2014-04-25,1020591.6810831551,False
2014-04-28,1020591.6810831551,False
2014-04-29,1020591.6810831551,False
2014-04-30,1020591.6810831551,False
2014-05-01,1020591.6810831551,False
2014-05-02,1020591.6810831551,False
2014-05-05,1020591.6810831551,False
2014-05-06,1020591.6810831551,True
2014-05-07,1026602.2327974257,False
2014-05-08,1026602.2327974257,False
2014-05-09,1026602.2327974257,False
2014-05-12,1026602.2327974257,False
2014-05-13,1026602.2327974257,False
2014-05-14,1026602.2327974257,False
2014-05-15,1026602.2327974257,False
2014-05-16,1026602.2327974257,False
2014-05-19,1026602.2327974257,False
2014-05-20,1026602.2327974257,False
2014-05-21,1026602.2327974257,False
2014-05-22,1026602.2327974257,False
2014-05-23,1026602.2327974257,False
2014-05-27,1026602.2327974257,False
2014-05-28,1026602.2327974257,False
2014-05-29,1026602.2327974257,False
2014-05-30,1026602.2327974257,False
2014-06-02,1026602.2327974257,False
2014-06-03,1026602.2327974257,False
2014-06-04,1026602.2327974257,False
2014-06-05,1026602.2327974257,False
2014-06-06,1026602.2327974257,False
2014-06-09,1026602.2327974257,False
2014-06-10,1026602.2327974257,False
2014-06-11,1026602.2327974257,False
2014-06-12,1026602.2327974257,False
2014-06-13,1026602.2327974257,False
2014-06-16,1026602.2327974257,False
2014-06-17,1026602.2327974257,False
2014-06-18,1026602.2327974257,False
2014-06-19,1026602.2327974257,False
2014-06-20,1026602.2327974257,False
2014-06-23,1026602.2327974257,False
2014-06-24,1026602.2327974257,False
2014-06-25,1026602.2327974257,False
2014-06-26,1026602.2327974257,False
2014-06-27,1026602.2327974257,False
2014-06-30,1026602.2327974257,False
2014-07-01,1026602.2327974257,False
2014-07-02,1026602.2327974257,False
2014-07-03,1026602.2327974257,False
2014-07-07,1026602.2327974257,False
2014-07-08,1026602.2327974257,False
2014-07-09,1026602.2327974257,False
2014-07-10,1026602.2327974257,False
2014-07-11,1026602.2327974257,False
2014-07-14,1026602.2327974257,False
2014-07-15,1026602.2327974257,False
2014-07-16,1026602.2327974257,False
2014-07-17,1026602.2327974257,True
2014-07-18,1037092.76371241,False
2014-07-21,1037092.76371241,False
2014-07-22,1037092.76371241,False
2014-07-23,1037092.76371241,False
2014-07-24,1037092.76371241,False
2014-07-25,1037092.76371241,False
2014-07-28,1037092.76371241,False
2014-07-29,1037092.76371241,False
2014-07-30,1037092.76371241,False
2014-07-31,1037092.76371241,True
2014-08-01,1033923.8542370859,True
2014-08-04,1041389.5901196289,False
2014-08-05,1041389.5901196289,False
2014-08-06,1041389.5901196289,False
2014-08-07,1041389.5901196289,False
2014-08-08,1041389.5901196289,False
2014-08-11,1041389.5901196289,False
2014-08-12,1041389.5901196289,False
2014-08-13,1041389.5901196289,False
2014-08-14,1041389.5901196289,False
2014-08-15,1041389.5901196289,False
2014-08-18,1041389.5901196289,False
2014-08-19,1041389.5901196289,False
2014-08-20,1041389.5901196289,False
2014-08-21,1041389.5901196289,False
2014-08-22,1041389.5901196289,False
2014-08-25,1041389.5901196289,False
2014-08-26,1041389.5901196289,False
2014-08-27,1041389.5901196289,False
2014-08-28,1041389.5901196289,False
2014-08-29,1041389.5901196289,False
2014-09-02,1041389.5901196289,False
2014-09-03,1041389.5901196289,False
2014-09-04,1041389.5901196289,False
2014-09-05,1041389.5901196289,False
2014-09-08,1041389.5901196289,False
2014-09-09,1041389.5901196289,False
2014-09-10,1041389.5901196289,False
2014-09-11,1041389.5901196289,False
2014-09-12,1041389.5901196289,False
2014-09-15,1041389.5901196289,False
2014-09-16,1041389.5901196289,False
2014-09-17,1041389.5901196289,False
2014-09-18,1041389.5901196289,False
2014-09-19,1041389.5901196289,False
2014-09-22,1041389.5901196289,False
2014-09-23,1041389.5901196289,True
2014-09-24,1049541.4706543768,False
2014-09-25,1049541.4706543768,True
2014-09-26,1057880.498331981,True
2014-09-29,1055956.1073294568,True
2014-09-30,1053176.4314369222,True
2014-10-01,1038903.8648348686,True
2014-10-02,1039064.2307517456,True
2014-10-03,1050503.6661556389,False
2014-10-06,1050503.6661556389,False
2014-10-07,1050503.6661556389,True
2014-10-08,1068876.3371253484,False
2014-10-09,1068876.3371253484,True
2014-10-10,1056675.818594292,True
2014-10-13,1039317.2535697198,True
2014-10-14,1040926.0583087469,True
2014-10-15,1033883.0317021827,True
2014-10-16,1032995.7212635605,False
2014-10-17,1032995.7212635605,False
2014-10-20,1032995.7212635605,False
2014-10-21,1032995.7212635605,False
2014-10-22,1032995.7212635605,False
2014-10-23,1032995.7212635605,False
2014-10-24,1032995.7212635605,False
2014-10-27,1032995.7212635605,False
2014-10-28,1032995.7212635605,False
2014-10-29,1032995.7212635605,False
2014-10-30,1032995.7212635605,False
2014-10-31,1032995.7212635605,False
2014-11-03,1032995.7212635605,False
2014-11-04,1032995.7212635605,False
2014-11-05,1032995.7212635605,False
2014-11-06,1032995.7212635605,False
2014-11-07,1032995.7212635605,False
2014-11-10,1032995.7212635605,False
2014-11-11,1032995.7212635605,False
2014-11-12,1032995.7212635605,False
2014-11-13,1032995.7212635605,False
2014-11-14,1032995.7212635605,False
2014-11-17,1032995.7212635605,False
2014-11-18,1032995.7212635605,False
2014-11-19,1032995.7212635605,False
2014-11-20,1032995.7212635605,False
2014-11-21,1032995.7212635605,False
2014-11-24,1032995.7212635605,False
2014-11-25,1032995.7212635605,False
2014-11-26,1032995.7212635605,False
2014-11-28,1032995.7212635605,False
2014-12-01,1032995.7212635605,False
2014-12-02,1032995.7212635605,False
2014-12-03,1032995.7212635605,False
2014-12-04,1032995.7212635605,False
2014-12-05,1032995.7212635605,False
2014-12-08,1032995.7212635605,False
2014-12-09,1032995.7212635605,False
2014-12-10,1032995.7212635605,True
2014-12-11,1038232.3907342358,True
2014-12-12,1021453.0827885823,True
2014-12-15,1014436.2812840363,True
2014-12-16,1006300.8592497801,True
2014-12-17,1026029.2576828514,False
2014-12-18,1026029.2576828514,False
2014-12-19,1026029.2576828514,False
2014-12-22,1026029.2576828514,False
2014-12-23,1026029.2576828514,False
2014-12-24,1026029.2576828514,False
2014-12-26,1026029.2576828514,False
2014-12-29,1026029.2576828514,False
2014-12-30,1026029.2576828514,True
2014-12-31,1015848.0425054589,True
2015-01-02,1015304.385384336,True
2015-01-05,996968.3133901,True
2015-01-06,987577.8722070681,True
2015-01-07,999884.2924943047,False
2015-01-08,999884.2924943047,False
2015-01-09,999884.2924943047,False
2015-01-12,999884.2924943047,False
2015-01-13,999884.2924943047,False
2015-01-14,999884.2924943047,False
2015-01-15,999884.2924943047,False
2015-01-16,999884.2924943047,False
2015-01-20,999884.2924943047,False
2015-01-21,999884.2924943047,False
2015-01-22,999884.2924943047,False
2015-01-23,999884.2924943047,False
2015-01-26,999884.2924943047,False
2015-01-27,999884.2924943047,False
2015-01-28,999884.2924943047,True
2015-01-29,1009127.7516627517,True
2015-01-30,996437.1047166438,True
2015-02-02,1008777.037775807,False
2015-02-03,1008777.037775807,False
2015-02-04,1008777.037775807,False
2015-02-05,1008777.037775807,False
2015-02-06,1008777.037775807,False
2015-02-09,1008777.037775807,False
2015-02-10,1008777.037775807,False
2015-02-11,1008777.037775807,False
2015-02-12,1008777.037775807,False
2015-02-13,1008777.037775807,False
2015-02-17,1008777.037775807,False
2015-02-18,1008777.037775807,False
2015-02-19,1008777.037775807,False
2015-02-20,1008777.037775807,False
2015-02-23,1008777.037775807,False
2015-02-24,1008777.037775807,False
2015-02-25,1008777.037775807,False
2015-02-26,1008777.037775807,False
2015-02-27,1008777.037775807,True
2015-03-02,1015145.9424574828,False
2015-03-03,1015145.9424574828,False
2015-03-04,1015145.9424574828,False
2015-03-05,1015145.9424574828,False
2015-03-06,1015145.9424574828,False
2015-03-09,1015145.9424574828,False
2015-03-10,1015145.9424574828,True
2015-03-11,1012768.7834547529,True
2015-03-12,1025645.0613862069,False
2015-03-13,1025645.0613862069,False
2015-03-16,1025645.0613862069,False
2015-03-17,1025645.0613862069,False
2015-03-18,1025645.0613862069,False
2015-03-19,1025645.0613862069,False
2015-03-20,1025645.0613862069,False
2015-03-23,1025645.0613862069,False
2015-03-24,1025645.0613862068,True
2015-03-25,1010615.4957897994,True
2015-03-26,1008208.8006452768,True
2015-03-27,1010517.263334921,False
2015-03-30,1010517.263334921,False
2015-03-31,1010517.263334921,True
2015-04-01,1006943.7633483177,True
2015-04-02,1010541.7393622264,False
2015-04-06,1010541.7393622264,False
2015-04-07,1010541.7393622264,False
2015-04-08,1010541.7393622264,False
2015-04-09,1010541.7393622264,False
2015-04-10,1010541.7393622264,False
2015-04-13,1010541.7393622264,True
2015-04-14,1012474.9580515224,True
2015-04-15,1017018.0219713679,False
2015-04-16,1017018.0219713679,False
2015-04-17,1017018.0219713679,False
2015-04-20,1017018.0219713679,False
2015-04-21,1017018.0219713679,False
2015-04-22,1017018.0219713679,False
2015-04-23,1017018.0219713679,False
2015-04-24,1017018.0219713679,False
2015-04-27,1017018.0219713679,False
2015-04-28,1017018.0219713679,False
2015-04-29,1017018.0219713679,False
2015-04-30,1017018.0219713679,False
2015-05-01,1017018.0219713679,False
2015-05-04,1017018.0219713679,False
2015-05-05,1017018.0219713679,True
2015-05-06,1012831.1598416629,True
2015-05-07,1016871.9686412619,True
2015-05-08,1030260.1905676442,False
2015-05-11,1030260.1905676442,True
2015-05-12,1027202.7483459269,True
2015-05-13,1027398.4246481169,True
2015-05-14,1038111.7021930144,False
2015-05-15,1038111.7021930144,False
2015-05-18,1038111.7021930144,False
2015-05-19,1038111.7021930144,False
2015-05-20,1038111.7021930144,False
2015-05-21,1038111.7021930144,False
2015-05-22,1038111.7021930144,False
2015-05-26,1038111.7021930144,False
2015-05-27,1038111.7021930144,False
2015-05-28,1038111.7021930144,False
2015-05-29,1038111.7021930144,False
2015-06-01,1038111.7021930144,False
2015-06-02,1038111.7021930144,False
2015-06-03,1038111.7021930144,False
2015-06-04,1038111.7021930144,False
2015-06-05,1038111.7021930144,False
2015-06-08,1038111.7021930144,True
2015-06-09,1037962.3192734739,True
2015-06-10,1050410.8959018437,False
2015-06-11,1050410.8959018437,False
2015-06-12,1050410.8959018437,False
2015-06-15,1050410.8959018437,False
2015-06-16,1050410.8959018437,False
2015-06-17,1050410.8959018437,False
2015-06-18,1050410.8959018437,False
2015-06-19,1050410.8959018437,False
2015-06-22,1050410.8959018437,False
2015-06-23,1050410.8959018437,False
2015-06-24,1050410.8959018437,True
2015-06-25,1047217.247572261,True
2015-06-26,1047017.644551662,True
2015-06-29,1025061.3122857802,True
2015-06-30,1027207.0447572187,True
2015-07-01,1035440.6693569244,False
2015-07-02,1035440.6693569244,False
2015-07-06,1035440.6693569244,False
2015-07-07,1035440.6693569244,False
2015-07-08,1035440.6693569244,False
2015-07-09,1035440.6693569244,False
2015-07-10,1035440.6693569244,False
2015-07-13,1035440.6693569244,False
2015-07-14,1035440.6693569244,False
2015-07-15,1035440.6693569244,False
2015-07-16,1035440.6693569244,False
2015-07-17,1035440.6693569244,False
2015-07-20,1035440.6693569244,False
2015-07-21,1035440.6693569244,False
2015-07-22,1035440.6693569244,False
2015-07-23,1035440.6693569244,False
2015-07-24,1035440.6693569244,True
2015-07-27,1029417.192386146,True
2015-07-28,1042061.5159446393,False
2015-07-29,1042061.5159446393,False
2015-07-30,1042061.5159446393,False
2015-07-31,1042061.5159446393,False
2015-08-03,1042061.5159446393,False
2015-08-04,1042061.5159446393,False
2015-08-05,1042061.5159446393,False
2015-08-06,1042061.5159446393,False
2015-08-07,1042061.5159446393,False
2015-08-10,1042061.5159446393,False
2015-08-11,1042061.5159446393,False
2015-08-12,1042061.5159446393,False
2015-08-13,1042061.5159446393,False
2015-08-14,1042061.5159446393,False
2015-08-17,1042061.5159446393,False
2015-08-18,1042061.5159446393,False
2015-08-19,1042061.5159446393,False
2015-08-20,1042061.5159446393,True
2015-08-21,1009671.115341173,True
2015-08-24,968391.2357077334,True
2015-08-25,956742.9528408718,True
2015-08-26,993475.9150394399,False
2015-08-27,993475.9150394399,False
2015-08-28,993475.9150394399,False
2015-08-31,993475.9150394399,False
2015-09-01,993475.9150394399,False
2015-09-02,993475.9150394399,False
2015-09-03,993475.9150394399,False
2015-09-04,993475.9150394399,False
2015-09-08,993475.9150394399,False
2015-09-09,993475.9150394399,True
2015-09-10,998882.1703397214,True
2015-09-11,1003421.3846956181,False
2015-09-14,1003421.3846956181,False
2015-09-15,1003421.3846956181,False
2015-09-16,1003421.3846956181,False
2015-09-17,1003421.3846956181,False
2015-09-18,1003421.3846956182,True
2015-09-21,1008606.6269496094,True
2015-09-22,995515.173734087,True
2015-09-23,993923.6637353373,True
2015-09-24,990329.931480096,True
2015-09-25,990073.2363190072,True
2015-09-28,965225.1447256238,True
2015-09-29,965789.874080019,True
2015-09-30,983809.8743884437,False
2015-10-01,983809.8743884437,False
2015-10-02,983809.8743884437,False
2015-10-05,983809.8743884437,False
2015-10-06,983809.8743884437,False
2015-10-07,983809.8743884437,False
2015-10-08,983809.8743884437,False
2015-10-09,983809.8743884437,False
2015-10-12,983809.8743884437,False
2015-10-13,983809.8743884435,True
2015-10-14,979093.482481263,True
2015-10-15,994126.981685401,False
2015-10-16,994126.981685401,False
2015-10-19,994126.981685401,False
2015-10-20,994126.981685401,False
2015-10-21,994126.981685401,True
2015-10-22,1010921.4974522934,False
2015-10-23,1010921.4974522934,False
2015-10-26,1010921.4974522934,False
2015-10-27,1010921.4974522934,False
2015-10-28,1010921.4974522934,False
2015-10-29,1010921.4974522934,False
2015-10-30,1010921.4974522934,False
2015-11-02,1010921.4974522934,False
2015-11-03,1010921.4974522934,False
2015-11-04,1010921.4974522934,False
2015-11-05,1010921.4974522934,False
2015-11-06,1010921.4974522934,False
2015-11-09,1010921.4974522934,False
2015-11-10,1010921.4974522934,False
2015-11-11,1010921.4974522934,False
2015-11-12,1010921.4974522933,True
2015-11-13,999570.5921401458,True
2015-11-16,1014770.9349059782,False
2015-11-17,1014770.9349059782,False
2015-11-18,1014770.9349059782,False
2015-11-19,1014770.9349059782,False
2015-11-20,1014770.9349059782,False
2015-11-23,1014770.9349059782,False
2015-11-24,1014770.9349059782,False
2015-11-25,1014770.9349059782,False
2015-11-27,1014770.9349059782,False
2015-11-30,1014770.9349059782,True
2015-12-01,1024447.4606641022,False
2015-12-02,1024447.4606641022,False
2015-12-03,1024447.4606641022,False
2015-12-04,1024447.4606641022,False
2015-12-07,1024447.4606641022,False
2015-12-08,1024447.4606641022,False
2015-12-09,1024447.4606641022,False
2015-12-10,1024447.4606641022,False
2015-12-11,1024447.4606641022,True
2015-12-14,1029627.5476853322,False
2015-12-15,1029627.5476853322,False
2015-12-16,1029627.5476853322,False
2015-12-17,1029627.5476853322,True
2015-12-18,1005305.7004298462,True
2015-12-21,1013594.5891911595,True
2015-12-22,1022792.1798006692,False
2015-12-23,1022792.1798006692,False
2015-12-24,1022792.1798006692,False
2015-12-28,1022792.1798006692,False
2015-12-29,1022792.1798006692,False
2015-12-30,1022792.1798006692,True
2015-12-31,1012560.7813138564,True
2016-01-04,998401.717815698,True
2016-01-05,1000094.3685944873,False
2016-01-06,1000094.3685944873,False
2016-01-07,1000094.3685944873,True
2016-01-08,989132.2417096613,True
2016-01-11,990096.001807199,True
2016-01-12,998088.510680254,False
2016-01-13,998088.5106802539,True
2016-01-14,1014474.0128944613,True
2016-01-15,992697.151887192,True
2016-01-19,994018.5633560797,True
2016-01-20,981280.1567960024,True
2016-01-21,986777.2285065751,False
2016-01-22,986777.2285065751,False
2016-01-25,986777.2285065751,True
2016-01-26,1000239.9747492571,False
2016-01-27,1000239.9747492571,False
2016-01-28,1000239.9747492571,False
2016-01-29,1000239.9747492571,False
2016-02-01,1000239.9747492571,False
2016-02-02,1000239.9747492571,False
2016-02-03,1000239.9747492571,False
2016-02-04,1000239.9747492571,False
2016-02-05,1000239.9747492571,False
2016-02-08,1000239.9747492571,False
2016-02-09,1000239.9747492571,False
2016-02-10,1000239.9747492571,False
2016-02-11,1000239.9747492571,False
2016-02-12,1000239.9747492571,False
2016-02-16,1000239.9747492571,False
2016-02-17,1000239.9747492571,False
2016-02-18,1000239.9747492571,False
2016-02-19,1000239.9747492571,False
2016-02-22,1000239.9747492571,False
2016-02-23,1000239.974749257,True
2016-02-24,1004816.7799581762,False
2016-02-25,1004816.7799581762,False
2016-02-26,1004816.7799581762,False
2016-02-29,1004816.7799581763,True
2016-03-01,1028436.9305513242,False
2016-03-02,1028436.9305513242,False
2016-03-03,1028436.9305513242,False
2016-03-04,1028436.9305513242,False
2016-03-07,1028436.9305513242,False
2016-03-08,1028436.930551324,True
2016-03-09,1033516.9113574747,True
2016-03-10,1034346.295978887,True
2016-03-11,1051037.6614848108,False
2016-03-14,1051037.6614848108,False
2016-03-15,1051037.6614848108,False
2016-03-16,1051037.6614848108,False
2016-03-17,1051037.6614848108,False
2016-03-18,1051037.6614848108,False
2016-03-21,1051037.6614848108,False
2016-03-22,1051037.6614848108,False
2016-03-23,1051037.6614848108,True
2016-03-24,1050576.3016674183,True
2016-03-28,1051196.965098888,False
2016-03-29,1051196.965098888,False
2016-03-30,1051196.965098888,False
2016-03-31,1051196.965098888,False
2016-04-01,1051196.965098888,False
2016-04-04,1051196.965098888,False
2016-04-05,1051196.965098888,True
2016-04-06,1062681.4617801157,False
2016-04-07,1062681.4617801157,False
2016-04-08,1062681.4617801157,False
2016-04-11,1062681.4617801157,True
2016-04-12,1072577.4892266076,False
2016-04-13,1072577.4892266076,False
2016-04-14,1072577.4892266076,False
2016-04-15,1072577.4892266076,False
2016-04-18,1072577.4892266076,False
2016-04-19,1072577.4892266076,False
2016-04-20,1072577.4892266076,False
2016-04-21,1072577.4892266076,False
2016-04-22,1072577.4892266076,False
2016-04-25,1072577.4892266076,False
2016-04-26,1072577.4892266076,False
2016-04-27,1072577.4892266076,False
2016-04-28,1072577.4892266076,False
2016-04-29,1072577.4892266076,False
2016-05-02,1072577.4892266076,False
2016-05-03,1072577.4892266076,False
2016-05-04,1072577.4892266076,False
2016-05-05,1072577.4892266076,False
2016-05-06,1072577.4892266076,False
2016-05-09,1072577.4892266076,False
2016-05-10,1072577.4892266076,False
2016-05-11,1072577.4892266076,True
2016-05-12,1072889.134017666,True
2016-05-13,1063539.7902859088,True
2016-05-16,1074031.831584881,False
2016-05-17,1074031.831584881,False
2016-05-18,1074031.831584881,False
2016-05-19,1074031.831584881,False
2016-05-20,1074031.831584881,False
2016-05-23,1074031.831584881,False
2016-05-24,1074031.831584881,False
2016-05-25,1074031.831584881,False
2016-05-26,1074031.831584881,False
2016-05-27,1074031.831584881,False
2016-05-31,1074031.831584881,False
2016-06-01,1074031.831584881,False
2016-06-02,1074031.831584881,False
2016-06-03,1074031.831584881,False
2016-06-06,1074031.831584881,False
2016-06-07,1074031.831584881,False
2016-06-08,1074031.831584881,False
2016-06-09,1074031.831584881,False
2016-06-10,1074031.831584881,False
2016-06-13,1074031.831584881,True
2016-06-14,1071923.4338290512,True
2016-06-15,1070429.212545594,True
2016-06-16,1068059.0684407998,True
2016-06-17,1064091.6533088621,True
2016-06-20,1070944.4612640275,False
2016-06-21,1070944.4612640275,False
2016-06-22,1070944.4612640275,False
2016-06-23,1070944.4612640275,False
2016-06-24,1070944.4612640275,True
2016-06-27,1052333.5522488058,True
2016-06-28,1071311.934453365,False
2016-06-29,1071311.934453365,False
2016-06-30,1071311.934453365,False
2016-07-01,1071311.934453365,False
2016-07-05,1071311.934453365,False
2016-07-06,1071311.934453365,False
2016-07-07,1071311.934453365,False
2016-07-08,1071311.934453365,False
2016-07-11,1071311.934453365,False
2016-07-12,1071311.934453365,False
2016-07-13,1071311.934453365,False
2016-07-14,1071311.934453365,False
2016-07-15,1071311.934453365,False
2016-07-18,1071311.934453365,False
2016-07-19,1071311.934453365,False
2016-07-20,1071311.934453365,False
2016-07-21,1071311.934453365,False
2016-07-22,1071311.934453365,False
2016-07-25,1071311.934453365,False
2016-07-26,1071311.934453365,False
2016-07-27,1071311.934453365,False
2016-07-28,1071311.934453365,False
2016-07-29,1071311.934453365,False
2016-08-01,1071311.934453365,False
2016-08-02,1071311.934453365,False
2016-08-03,1071311.934453365,False
2016-08-04,1071311.934453365,False
2016-08-05,1071311.934453365,False
2016-08-08,1071311.934453365,False
2016-08-09,1071311.934453365,False
2016-08-10,1071311.934453365,False
2016-08-11,1071311.934453365,False
2016-08-12,1071311.934453365,False
2016-08-15,1071311.934453365,False
2016-08-16,1071311.934453365,True
2016-08-17,1073327.1569397196,False
2016-08-18,1073327.1569397196,False
2016-08-19,1073327.1569397196,False
2016-08-22,1073327.1569397196,False
2016-08-23,1073327.1569397196,False
2016-08-24,1073327.1569397196,False
2016-08-25,1073327.1569397196,False
2016-08-26,1073327.1569397196,False
2016-08-29,1073327.1569397196,False
2016-08-30,1073327.1569397196,False
2016-08-31,1073327.1569397196,False
2016-09-01,1073327.1569397196,False
2016-09-02,1073327.1569397196,False
2016-09-06,1073327.1569397196,False
2016-09-07,1073327.1569397196,False
2016-09-08,1073327.1569397196,False
2016-09-09,1073327.1569397196,True
2016-09-12,1088726.5431936372,False
2016-09-13,1088726.5431936372,False
2016-09-14,1088726.5431936372,False
2016-09-15,1088726.5431936372,False
2016-09-16,1088726.5431936372,False
2016-09-19,1088726.5431936372,False
2016-09-20,1088726.5431936372,False
2016-09-21,1088726.5431936372,False
2016-09-22,1088726.5431936372,False
2016-09-23,1088726.5431936372,True
2016-09-26,1079905.4336488023,True
2016-09-27,1086609.4769028767,False
2016-09-28,1086609.4769028767,False
2016-09-29,1086609.4769028767,False
2016-09-30,1086609.4769028767,False
2016-10-03,1086609.4769028767,False
2016-10-04,1086609.4769028767,False
2016-10-05,1086609.4769028767,False
2016-10-06,1086609.4769028767,False
2016-10-07,1086609.4769028767,False
2016-10-10,1086609.4769028767,False
2016-10-11,1086609.4769028767,False
2016-10-12,1086609.4769028767,False
2016-10-13,1086609.4769028767,False
2016-10-14,1086609.4769028767,False
2016-10-17,1086609.4769028767,True
2016-10-18,1093414.2165406998,False
2016-10-19,1093414.2165406998,False
2016-10-20,1093414.2165406998,False
2016-10-21,1093414.2165406998,False
2016-10-24,1093414.2165406998,False
2016-10-25,1093414.2165406998,False
2016-10-26,1093414.2165406998,False
2016-10-27,1093414.2165406998,False
2016-10-28,1093414.2165406998,False
2016-10-31,1093414.2165406998,False
2016-11-01,1093414.2165406998,False
2016-11-02,1093414.2165406998,False
2016-11-03,1093414.2165406998,False
2016-11-04,1093414.2165406998,True
2016-11-07,1117531.7202380733,False
2016-11-08,1117531.7202380733,False
2016-11-09,1117531.7202380733,False
2016-11-10,1117531.7202380733,False
2016-11-11,1117531.7202380733,False
2016-11-14,1117531.7202380733,False
2016-11-15,1117531.7202380733,False
2016-11-16,1117531.7202380733,False
2016-11-17,1117531.7202380733,False
2016-11-18,1117531.7202380733,False
2016-11-21,1117531.7202380733,False
2016-11-22,1117531.7202380733,False
2016-11-23,1117531.7202380733,False
2016-11-25,1117531.7202380733,False
2016-11-28,1117531.7202380733,True
2016-11-29,1119711.2314849093,True
2016-11-30,1117024.8571574138,True
2016-12-01,1112919.266204072,True
2016-12-02,1113476.8155927975,True
2016-12-05,1120167.4082575028,False
2016-12-06,1120167.4082575028,False
2016-12-07,1120167.4082575028,False
2016-12-08,1120167.4082575028,False
2016-12-09,1120167.4082575028,False
2016-12-12,1120167.4082575028,False
2016-12-13,1120167.4082575028,False
2016-12-14,1120167.4082575028,False
2016-12-15,1120167.4082575028,True
2016-12-16,1117981.5218833974,True
2016-12-19,1120415.8044363784,True
2016-12-20,1124737.8979488143,False
2016-12-21,1124737.8979488143,True
2016-12-22,1122795.001283181,True
2016-12-23,1124438.990769486,False
2016-12-27,1124438.990769486,False
2016-12-28,1124438.990769486,True
2016-12-29,1124188.4473223446,True
2016-12-30,1120079.53478923,True
2017-01-03,1128648.1206814572,False
2017-01-04,1128648.1206814572,False
2017-01-05,1128648.1206814572,False
2017-01-06,1128648.1206814572,False
2017-01-09,1128648.1206814572,False
2017-01-10,1128648.1206814572,False
2017-01-11,1128648.1206814572,False
2017-01-12,1128648.1206814572,False
2017-01-13,1128648.1206814572,False
2017-01-17,1128648.1206814572,False
2017-01-18,1128648.1206814572,False
2017-01-19,1128648.1206814572,False
2017-01-20,1128648.1206814572,False
2017-01-23,1128648.1206814572,False
2017-01-24,1128648.1206814572,False
2017-01-25,1128648.1206814572,False
2017-01-26,1128648.1206814572,False
2017-01-27,1128648.1206814572,False
2017-01-30,1128648.1206814572,False
2017-01-31,1128648.1206814572,False
2017-02-01,1128648.1206814572,False
2017-02-02,1128648.1206814572,False
2017-02-03,1128648.1206814572,False
2017-02-06,1128648.1206814572,False
2017-02-07,1128648.1206814572,False
2017-02-08,1128648.1206814572,False
2017-02-09,1128648.1206814572,False
2017-02-10,1128648.1206814572,False
2017-02-13,1128648.1206814572,False
2017-02-14,1128648.1206814572,False
2017-02-15,1128648.1206814572,False
2017-02-16,1128648.1206814572,False
2017-02-17,1128648.1206814572,False
2017-02-21,1128648.1206814572,False
2017-02-22,1128648.1206814572,False
2017-02-23,1128648.1206814572,False
2017-02-24,1128648.1206814572,False
2017-02-27,1128648.1206814572,False
2017-02-28,1128648.1206814572,False
2017-03-01,1128648.1206814572,False
2017-03-02,1128648.1206814572,True
2017-03-03,1129358.647470823,True
2017-03-06,1125995.487334491,True
2017-03-07,1122632.327198159,True
2017-03-08,1120548.1152826857,True
2017-03-09,1121969.1688614176,True
2017-03-10,1125900.7504292422,False
2017-03-13,1125900.7504292422,False
2017-03-14,1125900.7504292422,False
2017-03-15,1125900.7504292422,False
2017-03-16,1125900.7504292422,True
2017-03-17,1123956.5990323587,True
2017-03-20,1122723.7225367741,True
2017-03-21,1108308.5512037852,True
2017-03-22,1110916.5591752143,True
2017-03-23,1109731.1010063828,True
2017-03-24,1108924.9894515777,True
2017-03-27,1107786.9496094994,True
2017-03-28,1115848.0651575525,False
2017-03-29,1115848.0651575525,False
2017-03-30,1115848.0651575525,False
2017-03-31,1115848.0651575525,False
2017-04-03,1115848.0651575525,False
2017-04-04,1115848.0651575525,False
2017-04-05,1115848.0651575525,True
2017-04-06,1118984.872905248,True
2017-04-07,1117844.2155424496,True
2017-04-10,1118509.5990040821,True
2017-04-11,1117178.8320808173,True
2017-04-12,1112283.5108988076,True
2017-04-13,1105059.347601084,True
2017-04-17,1114849.9899651038,False
2017-04-18,1114849.9899651038,False
2017-04-19,1114849.9899651038,False
2017-04-20,1114849.9899651038,False
2017-04-21,1114849.9899651038,False
2017-04-24,1114849.9899651038,False
2017-04-25,1114849.9899651038,False
2017-04-26,1114849.9899651038,False
2017-04-27,1114849.9899651038,False
2017-04-28,1114849.9899651038,False
2017-05-01,1114849.9899651038,False
2017-05-02,1114849.9899651038,False
2017-05-03,1114849.9899651038,False
2017-05-04,1114849.9899651038,False
2017-05-05,1114849.9899651038,False
2017-05-08,1114849.9899651038,False
2017-05-09,1114849.9899651038,False
2017-05-10,1114849.9899651038,False
2017-05-11,1114849.9899651038,False
2017-05-12,1114849.9899651038,False
2017-05-15,1114849.9899651038,False
2017-05-16,1114849.9899651038,False
2017-05-17,1114849.9899651038,True
2017-05-18,1119341.159036713,True
2017-05-19,1126621.5804791108,False
2017-05-22,1126621.5804791108,False
2017-05-23,1126621.5804791108,False
2017-05-24,1126621.5804791108,False
2017-05-25,1126621.5804791108,False
2017-05-26,1126621.5804791108,False
2017-05-30,1126621.5804791108,False
2017-05-31,1126621.5804791108,False
2017-06-01,1126621.5804791108,False
2017-06-02,1126621.5804791108,False
2017-06-05,1126621.5804791108,False
2017-06-06,1126621.5804791108,True
2017-06-07,1128706.1152894213,False
2017-06-08,1128706.1152894213,False
2017-06-09,1128706.1152894213,False
2017-06-12,1128706.1152894213,False
2017-06-13,1128706.1152894213,False
2017-06-14,1128706.1152894213,False
2017-06-15,1128706.1152894213,True
2017-06-16,1128953.2250231046,True
2017-06-19,1138351.8629828256,False
2017-06-20,1138351.8629828256,True
2017-06-21,1138070.8000151329,True
2017-06-22,1137555.5179076968,True
2017-06-23,1138913.9889182106,True
2017-06-26,1139663.4901653908,True
2017-06-27,1130482.099887434,True
2017-06-28,1140600.366724366,False
2017-06-29,1140600.366724366,False
2017-06-30,1140600.366724366,False
2017-07-03,1140600.366724366,False
2017-07-05,1140600.366724366,False
2017-07-06,1140600.366724366,True
2017-07-07,1147997.3177619467,False
2017-07-10,1147997.3177619467,False
2017-07-11,1147997.3177619467,False
2017-07-12,1147997.3177619467,False
2017-07-13,1147997.3177619467,False
2017-07-14,1147997.3177619467,False
2017-07-17,1147997.3177619467,False
2017-07-18,1147997.3177619467,False
2017-07-19,1147997.3177619467,False
2017-07-20,1147997.3177619467,False
2017-07-21,1147997.3177619467,False
2017-07-24,1147997.3177619467,False
2017-07-25,1147997.3177619467,False
2017-07-26,1147997.3177619467,False
2017-07-27,1147997.3177619467,False
2017-07-28,1147997.3177619467,False
2017-07-31,1147997.3177619467,False
2017-08-01,1147997.3177619467,False
2017-08-02,1147997.3177619467,False
2017-08-03,1147997.3177619467,False
2017-08-04,1147997.3177619467,False
2017-08-07,1147997.3177619467,False
2017-08-08,1147997.3177619467,False
2017-08-09,1147997.3177619467,False
2017-08-10,1147997.3177619467,True
2017-08-11,1149692.7519365211,True
2017-08-14,1161089.8372211615,False
2017-08-15,1161089.8372211615,False
2017-08-16,1161089.8372211615,False
2017-08-17,1161089.8372211615,True
2017-08-18,1159274.8134104575,True
2017-08-21,1160182.3253158093,True
2017-08-22,1172314.326576831,False
2017-08-23,1172314.326576831,False
2017-08-24,1172314.326576831,False
2017-08-25,1172314.326576831,False
2017-08-28,1172314.326576831,False
2017-08-29,1172314.326576831,False
2017-08-30,1172314.326576831,False
2017-08-31,1172314.326576831,False
2017-09-01,1172314.326576831,False
2017-09-05,1172314.326576831,False
2017-09-06,1172314.326576831,False
2017-09-07,1172314.326576831,False
2017-09-08,1172314.326576831,False
2017-09-11,1172314.326576831,False
2017-09-12,1172314.326576831,False
2017-09-13,1172314.326576831,False
2017-09-14,1172314.326576831,True
2017-09-15,1173890.4272238726,True
2017-09-18,1176387.1643579016,False
2017-09-19,1176387.1643579016,False
2017-09-20,1176387.1643579016,False
2017-09-21,1176387.1643579016,False
2017-09-22,1176387.1643579016,False
2017-09-25,1176387.1643579016,False
2017-09-26,1176387.1643579016,False
2017-09-27,1176387.1643579016,False
2017-09-28,1176387.1643579016,False
2017-09-29,1176387.1643579016,False
2017-10-02,1176387.1643579016,False
2017-10-03,1176387.1643579016,False
2017-10-04,1176387.1643579016,False
2017-10-05,1176387.1643579016,False
2017-10-06,1176387.1643579016,False
2017-10-09,1176387.1643579016,False
2017-10-10,1176387.1643579016,False
2017-10-11,1176387.1643579016,False
2017-10-12,1176387.1643579016,False
2017-10-13,1176387.1643579016,False
2017-10-16,1176387.1643579016,False
2017-10-17,1176387.1643579016,False
2017-10-18,1176387.1643579016,False
2017-10-19,1176387.1643579016,False
2017-10-20,1176387.1643579016,False
2017-10-23,1176387.1643579016,False
2017-10-24,1176387.1643579016,False
2017-10-25,1176387.1643579016,False
2017-10-26,1176387.1643579016,False
2017-10-27,1176387.1643579016,False
2017-10-30,1176387.1643579016,False
2017-10-31,1176387.1643579016,False
2017-11-01,1176387.1643579016,False
2017-11-02,1176387.1643579016,False
2017-11-03,1176387.1643579016,False
2017-11-06,1176387.1643579016,False
2017-11-07,1176387.1643579016,False
2017-11-08,1176387.1643579016,False
2017-11-09,1176387.1643579016,False
2017-11-10,1176387.1643579016,False
2017-11-13,1176387.1643579016,False
2017-11-14,1176387.1643579016,False
2017-11-15,1176387.1643579016,False
2017-11-16,1176387.1643579016,False
2017-11-17,1176387.1643579016,False
2017-11-20,1176387.1643579016,False
2017-11-21,1176387.1643579016,False
2017-11-22,1176387.1643579016,False
2017-11-24,1176387.1643579016,False
2017-11-27,1176387.1643579016,False
2017-11-28,1176387.1643579016,False
2017-11-29,1176387.1643579016,False
2017-11-30,1176387.1643579016,False
2017-12-01,1176387.1643579016,False
2017-12-04,1176387.1643579016,False
2017-12-05,1176387.1643579016,True
2017-12-06,1176186.099267235,True
2017-12-07,1179894.6331617488,False
2017-12-08,1179894.6331617488,False
2017-12-11,1179894.6331617488,False
2017-12-12,1179894.6331617488,False
2017-12-13,1179894.6331617488,False
2017-12-14,1179894.6331617488,True
2017-12-15,1189760.570124622,True
2017-12-18,1197305.1101550546,False
2017-12-19,1197305.1101550546,True
2017-12-20,1196677.7091915417,True
2017-12-21,1199142.4986910562,True
2017-12-22,1198828.7982092998,True
2017-12-26,1197394.7388641278,True
2017-12-27,1197977.325473104,True
2017-12-28,1200442.1149726184,False
2017-12-29,1200442.1149726184,False
2018-01-02,1200442.1149726184,False
2018-01-03,1200442.1149726184,False
2018-01-04,1200442.1149726184,False
2018-01-05,1200442.1149726184,False
2018-01-08,1200442.1149726184,False
2018-01-09,1200442.1149726184,False
2018-01-10,1200442.1149726184,False
2018-01-11,1200442.1149726184,False
2018-01-12,1200442.1149726184,False
2018-01-16,1200442.1149726184,False
2018-01-17,1200442.1149726184,False
2018-01-18,1200442.1149726184,False
2018-01-19,1200442.1149726184,False
2018-01-22,1200442.1149726184,False
2018-01-23,1200442.1149726184,False
2018-01-24,1200442.1149726184,False
2018-01-25,1200442.1149726184,False
2018-01-26,1200442.1149726184,False
2018-01-29,1200442.1149726184,False
2018-01-30,1200442.1149726184,False
2018-01-31,1200442.1149726184,False
2018-02-01,1200442.1149726184,False
2018-02-02,1200442.1149726184,True
2018-02-05,1150236.6578497847,True
2018-02-06,1172898.8433566194,True
2018-02-07,1166535.9989643157,True
2018-02-08,1122780.548485735,True
2018-02-09,1139646.444237937,True
2018-02-12,1156381.5966122148,False
2018-02-13,1156381.5966122148,False
2018-02-14,1156381.5966122148,False
2018-02-15,1156381.5966122148,False
2018-02-16,1156381.5966122148,False
2018-02-20,1156381.5966122148,False
2018-02-21,1156381.5966122148,True
2018-02-22,1157880.3322493716,True
2018-02-23,1176336.1910955063,False
2018-02-26,1176336.1910955063,False
2018-02-27,1176336.1910955063,True
2018-02-28,1164419.8021757617,True
2018-03-01,1147488.2423797217,True
2018-03-02,1153403.5721312496,True
2018-03-05,1166734.4964263598,False
2018-03-06,1166734.4964263598,False
2018-03-07,1166734.4964263598,False
2018-03-08,1166734.4964263598,False
2018-03-09,1166734.4964263598,False
2018-03-12,1166734.4964263598,False
2018-03-13,1166734.4964263598,False
2018-03-14,1166734.4964263598,False
2018-03-15,1166734.4964263598,True
2018-03-16,1168012.4093468706,True
2018-03-19,1152208.8862298871,True
2018-03-20,1154168.3527080037,True
2018-03-21,1151953.303645785,True
2018-03-22,1123157.6658369417,True
2018-03-23,1099218.0971260394,True
2018-03-26,1129291.6478553936,False
2018-03-27,1129291.6478553936,False
2018-03-28,1129291.6478553936,False
2018-03-29,1129291.6478553936,False
2018-04-02,1129291.6478553936,False
2018-04-03,1129291.6478553936,False
2018-04-04,1129291.6478553936,False
2018-04-05,1129291.6478553936,False
2018-04-06,1129291.6478553936,False
2018-04-09,1129291.6478553936,False
2018-04-10,1129291.6478553936,False
2018-04-11,1129291.6478553936,False
2018-04-12,1129291.6478553936,False
2018-04-13,1129291.6478553936,False
2018-04-16,1129291.6478553936,False
2018-04-17,1129291.6478553936,False
2018-04-18,1129291.6478553936,False
2018-04-19,1129291.6478553936,False
2018-04-20,1129291.6478553936,False
2018-04-23,1129291.6478553936,False
2018-04-24,1129291.6478553936,False
2018-04-25,1129291.6478553936,False
2018-04-26,1129291.6478553936,False
2018-04-27,1129291.6478553936,False
2018-04-30,1129291.6478553936,True
2018-05-01,1131298.2528022465,True
2018-05-02,1123698.7702375697,True
2018-05-03,1121222.534345709,True
2018-05-04,1135738.3999186866,False
2018-05-07,1135738.3999186866,False
2018-05-08,1135738.3999186866,False
2018-05-09,1135738.3999186866,False
2018-05-10,1135738.3999186866,False
2018-05-11,1135738.3999186866,False
2018-05-14,1135738.3999186866,False
2018-05-15,1135738.3999186866,False
2018-05-16,1135738.3999186866,False
2018-05-17,1135738.3999186866,False
2018-05-18,1135738.3999186866,False
2018-05-21,1135738.3999186866,False
2018-05-22,1135738.3999186866,False
2018-05-23,1135738.3999186866,False
2018-05-24,1135738.3999186866,False
2018-05-25,1135738.3999186866,False
2018-05-29,1135738.3999186866,False
2018-05-30,1135738.3999186866,False
2018-05-31,1135738.3999186866,False
2018-06-01,1135738.3999186866,False
2018-06-04,1135738.3999186866,False
2018-06-05,1135738.3999186866,False
2018-06-06,1135738.3999186866,False
2018-06-07,1135738.3999186866,False
2018-06-08,1135738.3999186866,False
2018-06-11,1135738.3999186866,False
2018-06-12,1135738.3999186866,False
2018-06-13,1135738.3999186866,False
2018-06-14,1135738.3999186866,True
2018-06-15,1134305.8338239354,True
2018-06-18,1131972.7976124836,True
2018-06-19,1127634.1688683801,True
2018-06-20,1129557.9004813319,False
2018-06-21,1129557.9004813319,False
2018-06-22,1129557.9004813319,False
2018-06-25,1129557.9004813319,False
2018-06-26,1129557.9004813319,False
2018-06-27,1129557.9004813319,True
2018-06-28,1136016.1116071579,True
2018-06-29,1137651.6326065552,True
2018-07-02,1140083.9458877107,True
2018-07-03,1136058.0480430399,True
2018-07-05,1145326.000372959,False
2018-07-06,1145326.000372959,False
2018-07-09,1145326.000372959,False
2018-07-10,1145326.000372959,False
2018-07-11,1145326.000372959,False
2018-07-12,1145326.000372959,False
2018-07-13,1145326.000372959,False
2018-07-16,1145326.000372959,False
2018-07-17,1145326.000372959,False
2018-07-18,1145326.000372959,False
2018-07-19,1145326.000372959,False
2018-07-20,1145326.000372959,False
2018-07-23,1145326.000372959,False
2018-07-24,1145326.000372959,False
2018-07-25,1145326.000372959,False
2018-07-26,1145326.000372959,False
2018-07-27,1145326.000372959,False
2018-07-30,1145326.000372959,False
2018-07-31,1145326.000372959,False
2018-08-01,1145326.000372959,False
2018-08-02,1145326.000372959,False
2018-08-03,1145326.000372959,False
2018-08-06,1145326.000372959,False
2018-08-07,1145326.000372959,False
2018-08-08,1145326.000372959,False
2018-08-09,1145326.000372959,False
2018-08-10,1145326.000372959,False
2018-08-13,1145326.000372959,False
2018-08-14,1145326.000372959,False
2018-08-15,1145326.000372959,False
2018-08-16,1145326.000372959,False
2018-08-17,1145326.000372959,False
2018-08-20,1145326.000372959,False
2018-08-21,1145326.000372959,False
2018-08-22,1145326.000372959,False
2018-08-23,1145326.000372959,False
2018-08-24,1145326.000372959,False
2018-08-27,1145326.000372959,False
2018-08-28,1145326.000372959,False
2018-08-29,1145326.000372959,False
2018-08-30,1145326.000372959,False
2018-08-31,1145326.000372959,False
2018-09-04,1145326.000372959,False
2018-09-05,1145326.000372959,False
2018-09-06,1145326.000372959,False
2018-09-07,1145326.000372959,False
2018-09-10,1145326.000372959,False
2018-09-11,1145326.000372959,False
2018-09-12,1145326.000372959,False
2018-09-13,1145326.000372959,False
2018-09-14,1145326.000372959,False
2018-09-17,1145326.000372959,False
2018-09-18,1145326.000372959,False
2018-09-19,1145326.000372959,False
2018-09-20,1145326.000372959,False
2018-09-21,1145326.000372959,False
2018-09-24,1145326.000372959,False
2018-09-25,1145326.000372959,False
2018-09-26,1145326.000372959,False
2018-09-27,1145326.000372959,False
2018-09-28,1145326.000372959,False
2018-10-01,1145326.000372959,False
2018-10-02,1145326.000372959,False
2018-10-03,1145326.000372959,False
2018-10-04,1145326.000372959,False
2018-10-05,1145326.000372959,False
2018-10-08,1145326.000372959,False
2018-10-09,1145326.000372959,False
2018-10-10,1145326.000372959,True
2018-10-11,1120098.3741340577,True
2018-10-12,1135654.7244086168,True
2018-10-15,1129275.7977087314,True
2018-10-16,1153968.4171921583,False
2018-10-17,1153968.4171921583,False
2018-10-18,1153968.4171921583,False
2018-10-19,1153968.4171921583,False
2018-10-22,1153968.4171921583,False
2018-10-23,1153968.4171921583,False
2018-10-24,1153968.4171921583,True
2018-10-25,1174671.3030124304,True
2018-10-26,1154011.9106497637,True
2018-10-29,1147618.3723817386,True
2018-10-30,1164624.3143055337,False
2018-10-31,1164624.3143055337,False
2018-11-01,1164624.3143055337,False
2018-11-02,1164624.3143055337,False
2018-11-05,1164624.3143055337,False
2018-11-06,1164624.3143055337,False
2018-11-07,1164624.3143055337,False
2018-11-08,1164624.3143055337,False
2018-11-09,1164624.3143055337,False
2018-11-12,1164624.3143055337,True
2018-11-13,1162445.2102210936,True
2018-11-14,1154497.8894425477,True
2018-11-15,1166547.053203569,False
2018-11-16,1166547.053203569,False
2018-11-19,1166547.053203569,False
2018-11-20,1166547.053203569,True
2018-11-21,1170522.1113130767,True
2018-11-23,1162704.4970310447,True
2018-11-26,1181475.6047703873,False
2018-11-27,1181475.6047703873,False
2018-11-28,1181475.6047703873,False
2018-11-29,1181475.6047703873,False
2018-11-30,1181475.6047703873,False
2018-12-03,1181475.6047703873,False
2018-12-04,1181475.6047703873,True
2018-12-06,1179683.171845481,True
2018-12-07,1152272.063457284,True
2018-12-10,1154457.957268145,True
2018-12-11,1154720.2645254482,True
2018-12-12,1160534.7420623384,True
2018-12-13,1160141.2811763836,True
2018-12-14,1138719.5218299455,True
2018-12-17,1116379.6870829458,True
2018-12-18,1115155.5865488637,True
2018-12-19,1098455.3578338851,True
2018-12-20,1074279.3722857623,True
2018-12-21,1052289.2805485001,True
2018-12-24,1024484.711274348,True
2018-12-26,1076246.6767155372,False
2018-12-27,1076246.6767155372,False
2018-12-28,1076246.6767155372,False
2018-12-31,1076246.6767155372,False
2019-01-02,1076246.6767155372,False
2019-01-03,1076246.6767155372,True
2019-01-04,1112296.3790845354,False
2019-01-07,1112296.3790845354,False
2019-01-08,1112296.3790845354,False
2019-01-09,1112296.3790845354,False
2019-01-10,1112296.3790845354,False
2019-01-11,1112296.3790845354,False
2019-01-14,1112296.3790845354,False
2019-01-15,1112296.3790845354,False
2019-01-16,1112296.3790845354,False
2019-01-17,1112296.3790845354,False
2019-01-18,1112296.3790845354,False
2019-01-22,1112296.3790845354,False
2019-01-23,1112296.3790845354,False
2019-01-24,1112296.3790845354,False
2019-01-25,1112296.3790845354,False
2019-01-28,1112296.3790845354,False
2019-01-29,1112296.3790845354,False
2019-01-30,1112296.3790845354,False
2019-01-31,1112296.3790845354,False
2019-02-01,1112296.3790845354,False
2019-02-04,1112296.3790845354,False
2019-02-05,1112296.3790845354,False
2019-02-06,1112296.3790845354,False
2019-02-07,1112296.3790845354,False
2019-02-08,1112296.3790845354,False
2019-02-11,1112296.3790845354,False
2019-02-12,1112296.3790845354,False
2019-02-13,1112296.3790845354,False
2019-02-14,1112296.3790845354,False
2019-02-15,1112296.3790845354,False
2019-02-19,1112296.3790845354,False
2019-02-20,1112296.3790845354,False
2019-02-21,1112296.3790845354,False
2019-02-22,1112296.3790845354,False
2019-02-25,1112296.3790845354,False
2019-02-26,1112296.3790845354,False
2019-02-27,1112296.3790845354,False
2019-02-28,1112296.3790845354,False
2019-03-01,1112296.3790845354,False
2019-03-04,1112296.3790845354,False
2019-03-05,1112296.3790845354,False
2019-03-06,1112296.3790845354,False
2019-03-07,1112296.3790845354,False
2019-03-08,1112296.3790845354,False
2019-03-11,1112296.3790845354,False
2019-03-12,1112296.3790845354,False
2019-03-13,1112296.3790845354,False
2019-03-14,1112296.3790845354,True
2019-03-15,1117819.7142050252,True
2019-03-18,1121872.8090416435,False
2019-03-19,1121872.8090416435,False
2019-03-20,1121872.8090416435,False
2019-03-21,1121872.8090416435,False
2019-03-22,1121872.8090416435,True
2019-03-25,1121029.1446194458,True
2019-03-26,1129385.4398488337,False
2019-03-27,1129385.4398488337,False
2019-03-28,1129385.4398488337,False
2019-03-29,1129385.4398488337,False
2019-04-01,1129385.4398488337,False
2019-04-02,1129385.4398488337,False
2019-04-03,1129385.4398488337,False
2019-04-04,1129385.4398488337,False
2019-04-05,1129385.4398488337,False
2019-04-08,1129385.4398488337,False
2019-04-09,1129385.4398488337,False
2019-04-10,1129385.4398488337,False
2019-04-11,1129385.4398488337,False
2019-04-12,1129385.4398488337,False
2019-04-15,1129385.4398488337,False
2019-04-16,1129385.4398488337,False
2019-04-17,1129385.4398488337,False
2019-04-18,1129385.4398488337,False
2019-04-22,1129385.4398488337,False
2019-04-23,1129385.4398488337,False
2019-04-24,1129385.4398488337,False
2019-04-25,1129385.4398488337,False
2019-04-26,1129385.4398488337,False
2019-04-29,1129385.4398488337,False
2019-04-30,1129385.4398488337,False
2019-05-01,1129385.4398488337,True
2019-05-02,1126947.1655364223,True
2019-05-03,1137977.454092569,False
2019-05-06,1137977.454092569,False
2019-05-07,1137977.454092569,False
2019-05-08,1137977.454092569,False
2019-05-09,1137977.454092569,False
2019-05-10,1137977.454092569,False
2019-05-13,1137977.454092569,False
2019-05-14,1137977.454092569,False
2019-05-15,1137977.454092569,False
2019-05-16,1137977.454092569,False
2019-05-17,1137977.454092569,False
2019-05-20,1137977.454092569,False
2019-05-21,1137977.454092569,False
2019-05-22,1137977.454092569,False
2019-05-23,1137977.454092569,False
2019-05-24,1137977.454092569,False
2019-05-28,1137977.454092569,True
2019-05-29,1130340.8393729758,True
2019-05-30,1133427.9814936623,True
2019-05-31,1118154.752054476,True
2019-06-03,1115311.3316801593,True
2019-06-04,1139521.0251529121,False
2019-06-05,1139521.0251529121,False
2019-06-06,1139521.0251529121,False
2019-06-07,1139521.0251529121,False
2019-06-10,1139521.0251529121,False
2019-06-11,1139521.0251529121,False
2019-06-12,1139521.0251529121,False
2019-06-13,1139521.0251529121,False
2019-06-14,1139521.0251529121,False
2019-06-17,1139521.0251529121,False
2019-06-18,1139521.0251529121,False
2019-06-19,1139521.0251529121,False
2019-06-20,1139521.0251529121,False
2019-06-21,1139521.0251529121,False
2019-06-24,1139521.0251529121,True
2019-06-25,1128344.684898041,True
2019-06-26,1127219.2895251547,True
2019-06-27,1131216.3834357508,True
2019-06-28,1137037.393985163,False
2019-07-01,1137037.393985163,False
2019-07-02,1137037.393985163,False
2019-07-03,1137037.393985163,False
2019-07-05,1137037.393985163,False
2019-07-08,1137037.393985163,False
2019-07-09,1137037.393985163,False
2019-07-10,1137037.393985163,False
2019-07-11,1137037.393985163,False
2019-07-12,1137037.393985163,False
2019-07-15,1137037.393985163,False
2019-07-16,1137037.393985163,False
2019-07-17,1137037.393985163,True
2019-07-18,1141199.9880586625,True
2019-07-19,1134860.6246072778,True
2019-07-22,1137648.4169684288,True
2019-07-23,1145782.6604331578,False
2019-07-24,1145782.6604331578,False
2019-07-25,1145782.6604331578,False
2019-07-26,1145782.6604331578,False
2019-07-29,1145782.6604331578,False
2019-07-30,1145782.6604331578,False
2019-07-31,1145782.6604331578,False
2019-08-01,1145782.6604331578,False
2019-08-02,1145782.6604331578,False
2019-08-05,1145782.6604331578,False
2019-08-06,1145782.6604331578,False
2019-08-07,1145782.6604331578,False
2019-08-08,1145782.6604331578,False
2019-08-09,1145782.6604331578,False
2019-08-12,1145782.6604331578,False
2019-08-13,1145782.6604331578,False
2019-08-14,1145782.6604331578,True
2019-08-15,1148809.5607337034,True
2019-08-16,1165760.2024167583,False
2019-08-19,1165760.2024167583,False
2019-08-20,1165760.2024167583,True
2019-08-21,1175244.1352572683,False
2019-08-22,1175244.1352572683,False
2019-08-23,1175244.1352572683,False
2019-08-26,1175244.1352572683,False
2019-08-27,1175244.1352572683,False
2019-08-28,1175244.1352572683,False
2019-08-29,1175244.1352572683,False
2019-08-30,1175244.1352572683,False
2019-09-03,1175244.1352572683,False
2019-09-04,1175244.1352572683,False
2019-09-05,1175244.1352572683,False
2019-09-06,1175244.1352572683,False
2019-09-09,1175244.1352572683,False
2019-09-10,1175244.1352572683,False
2019-09-11,1175244.1352572683,False
2019-09-12,1175244.1352572683,False
2019-09-13,1175244.1352572683,False
2019-09-16,1175244.1352572683,False
2019-09-17,1175244.1352572683,False
2019-09-18,1175244.1352572683,False
2019-09-19,1175244.1352572683,False
2019-09-20,1175244.1352572683,False
2019-09-23,1175244.1352572683,False
2019-09-24,1175244.1352572683,False
2019-09-25,1175244.1352572683,False
2019-09-26,1175244.1352572683,False
2019-09-27,1175244.1352572683,False
2019-09-30,1175244.1352572683,False
2019-10-01,1175244.1352572683,True
2019-10-02,1154483.7866669237,True
2019-10-03,1163942.1694223704,False
2019-10-04,1163942.1694223704,False
2019-10-07,1163942.1694223704,False
2019-10-08,1163942.1694223704,True
2019-10-09,1174995.4447983012,False
2019-10-10,1174995.4447983012,False
2019-10-11,1174995.4447983012,False
2019-10-14,1174995.4447983012,False
2019-10-15,1174995.4447983012,False
2019-10-16,1174995.4447983012,False
2019-10-17,1174995.4447983012,False
2019-10-18,1174995.4447983012,False
2019-10-21,1174995.4447983012,False
2019-10-22,1174995.4447983012,True
2019-10-23,1178414.2135250145,True
2019-10-24,1180339.726945807,False
2019-10-25,1180339.726945807,False
2019-10-28,1180339.726945807,False
2019-10-29,1180339.726945807,False
2019-10-30,1180339.726945807,False
2019-10-31,1180339.726945807,False
2019-11-01,1180339.726945807,False
2019-11-04,1180339.726945807,False
2019-11-05,1180339.726945807,False
2019-11-06,1180339.726945807,False
2019-11-07,1180339.726945807,False
2019-11-08,1180339.726945807,False
2019-11-11,1180339.726945807,False
2019-11-12,1180339.726945807,False
2019-11-13,1180339.726945807,False
2019-11-14,1180339.726945807,False
2019-11-15,1180339.726945807,False
2019-11-18,1180339.726945807,False
2019-11-19,1180339.726945807,False
2019-11-20,1180339.726945807,False
2019-11-21,1180339.726945807,False
2019-11-22,1180339.726945807,False
2019-11-25,1180339.726945807,False
2019-11-26,1180339.726945807,False
2019-11-27,1180339.726945807,False
2019-11-29,1180339.726945807,False
2019-12-02,1180339.726945807,False
2019-12-03,1180339.726945807,False
2019-12-04,1180339.726945807,False
2019-12-05,1180339.726945807,False
2019-12-06,1180339.726945807,False
2019-12-09,1180339.726945807,True
2019-12-10,1179023.5586508184,True
2019-12-11,1182370.3866009323,False
2019-12-12,1182370.3866009323,False
2019-12-13,1182370.3866009323,False
2019-12-16,1182370.3866009323,False
2019-12-17,1182370.3866009323,False
2019-12-18,1182370.3866009323,False
2019-12-19,1182370.3866009323,True
2019-12-20,1187554.0732752208,True
2019-12-23,1189368.3765705312,False
2019-12-24,1189368.3765705312,False
2019-12-26,1189368.3765705312,False
2019-12-27,1189368.3765705312,False
2019-12-30,1189368.3765705312,False
2019-12-31,1189368.3765705312,False
2020-01-02,1189368.3765705312,False
2020-01-03,1189368.3765705312,False
2020-01-06,1189368.3765705312,False
2020-01-07,1189368.3765705312,False
2020-01-08,1189368.3765705312,False
2020-01-09,1189368.3765705312,False
2020-01-10,1189368.3765705312,False
2020-01-13,1189368.3765705312,False
2020-01-14,1189368.3765705312,False
2020-01-15,1189368.3765705312,False
2020-01-16,1189368.3765705312,False
2020-01-17,1189368.3765705312,False
2020-01-21,1189368.3765705312,False
2020-01-22,1189368.3765705312,False
2020-01-23,1189368.3765705312,False
2020-01-24,1189368.3765705312,False
2020-01-27,1189368.3765705312,True
2020-01-28,1201831.9277191372,False
2020-01-29,1201831.9277191372,False
2020-01-30,1201831.9277191372,False
2020-01-31,1201831.9277191372,False
2020-02-03,1201831.9277191372,False
2020-02-04,1201831.9277191372,False
2020-02-05,1201831.9277191372,False
2020-02-06,1201831.9277191372,False
2020-02-07,1201831.9277191372,False
2020-02-10,1201831.9277191372,False
2020-02-11,1201831.9277191372,False
2020-02-12,1201831.9277191372,False
2020-02-13,1201831.9277191372,False
2020-02-14,1201831.9277191372,False
2020-02-18,1201831.9277191372,False
2020-02-19,1201831.9277191372,False
2020-02-20,1201831.9277191372,False
2020-02-21,1201831.9277191372,False
2020-02-24,1201831.9277191372,True
2020-02-25,1165413.9079504628,True
2020-02-26,1161127.2423686844,True
2020-02-27,1108979.0236825275,True
2020-02-28,1104319.6045718987,True
2020-03-02,1152143.8823233922,False
2020-03-03,1152143.8823233922,False
2020-03-04,1152143.8823233922,False
2020-03-05,1152143.8823233922,False
2020-03-06,1152143.8823233922,False
2020-03-09,1152143.8823233922,True
2020-03-10,1211761.4358010166,False
2020-03-11,1211761.4358010166,False
2020-03-12,1211761.4358010166,True
2020-03-13,1315350.4086491065,False
2020-03-16,1315350.4086491065,True
2020-03-17,1386368.911013109,False
2020-03-18,1386368.911013109,False
2020-03-19,1386368.911013109,False
2020-03-20,1386368.911013109,True
2020-03-23,1350921.978629251,True
2020-03-24,1473319.9331854784,False
2020-03-25,1473319.9331854784,False
2020-03-26,1473319.9331854784,False
2020-03-27,1473319.9331854784,False
2020-03-30,1473319.9331854784,False
2020-03-31,1473319.9331854784,False
2020-04-01,1473319.9331854784,False
2020-04-02,1473319.9331854784,False
2020-04-03,1473319.9331854784,False
2020-04-06,1473319.9331854784,False
2020-04-07,1473319.9331854784,False
2020-04-08,1473319.9331854784,False
2020-04-09,1473319.9331854784,False
2020-04-13,1473319.9331854784,False
2020-04-14,1473319.9331854784,False
2020-04-15,1473319.9331854784,False
2020-04-16,1473319.9331854784,False
2020-04-17,1473319.9331854784,False
2020-04-20,1473319.9331854784,True
2020-04-21,1428585.0866755322,True
2020-04-22,1460291.8901667926,False
2020-04-23,1460291.8901667926,False
2020-04-24,1460291.8901667926,False
2020-04-27,1460291.8901667926,False
2020-04-28,1460291.8901667926,False
2020-04-29,1460291.8901667926,False
2020-04-30,1460291.8901667926,False
2020-05-01,1460291.8901667926,False
2020-05-04,1460291.8901667926,False
2020-05-05,1460291.8901667926,False
2020-05-06,1460291.8901667926,True
2020-05-07,1477913.0025089986,True
2020-05-08,1502366.7910655297,False
2020-05-11,1502366.7910655297,False
2020-05-12,1502366.7910655297,True
2020-05-13,1475796.1710819171,True
2020-05-14,1493457.5102031745,False
2020-05-15,1493457.5102031745,False
2020-05-18,1493457.5102031745,False
2020-05-19,1493457.5102031745,True
2020-05-20,1518828.4361565523,False
2020-05-21,1518828.4361565523,False
2020-05-22,1518828.4361565523,False
2020-05-26,1518828.4361565523,False
2020-05-27,1518828.4361565523,False
2020-05-28,1518828.4361565523,False
2020-05-29,1518828.4361565523,False
2020-06-01,1518828.4361565523,False
2020-06-02,1518828.4361565523,False
2020-06-03,1518828.4361565523,False
2020-06-04,1518828.4361565523,False
2020-06-05,1518828.4361565523,False
2020-06-08,1518828.4361565523,False
2020-06-09,1518828.4361565523,False
2020-06-10,1518828.4361565523,False
2020-06-11,1518828.4361565523,True
2020-06-12,1537017.3931778208,True
2020-06-15,1551366.4592723774,False
2020-06-16,1551366.4592723774,False
2020-06-17,1551366.4592723774,False
2020-06-18,1551366.4592723774,False
2020-06-19,1551366.4592723774,False
2020-06-22,1551366.4592723774,False
2020-06-23,1551366.4592723774,False
2020-06-24,1551366.4592723774,False
2020-06-25,1551366.4592723774,False
2020-06-26,1551366.4592723774,True
2020-06-29,1574167.746009225,False
2020-06-30,1574167.746009225,False
2020-07-01,1574167.746009225,False
2020-07-02,1574167.746009225,False
2020-07-06,1574167.746009225,False
2020-07-07,1574167.746009225,True
2020-07-08,1586208.03726559,False
2020-07-09,1586208.03726559,False
2020-07-10,1586208.03726559,False
2020-07-13,1586208.03726559,False
2020-07-14,1586208.03726559,False
2020-07-15,1586208.03726559,False
2020-07-16,1586208.03726559,False
2020-07-17,1586208.03726559,False
2020-07-20,1586208.03726559,False
2020-07-21,1586208.03726559,False
2020-07-22,1586208.03726559,False
2020-07-23,1586208.03726559,False
2020-07-24,1586208.03726559,False
2020-07-27,1586208.03726559,False
2020-07-28,1586208.03726559,False
2020-07-29,1586208.03726559,False
2020-07-30,1586208.03726559,False
2020-07-31,1586208.03726559,False
2020-08-03,1586208.03726559,False
2020-08-04,1586208.03726559,False
2020-08-05,1586208.03726559,False
2020-08-06,1586208.03726559,False
2020-08-07,1586208.03726559,False
2020-08-10,1586208.03726559,False
2020-08-11,1586208.03726559,False
2020-08-12,1586208.03726559,False
2020-08-13,1586208.03726559,False
2020-08-14,1586208.03726559,False
2020-08-17,1586208.03726559,False
2020-08-18,1586208.03726559,False
2020-08-19,1586208.03726559,False
2020-08-20,1586208.03726559,False
2020-08-21,1586208.03726559,False
2020-08-24,1586208.03726559,False
2020-08-25,1586208.03726559,False
2020-08-26,1586208.03726559,False
2020-08-27,1586208.03726559,False
2020-08-28,1586208.03726559,False
2020-08-31,1586208.03726559,False
2020-09-01,1586208.03726559,False
2020-09-02,1586208.03726559,False
2020-09-03,1586208.03726559,False
2020-09-04,1586208.03726559,False
2020-09-08,1586208.03726559,True
2020-09-09,1617531.3735556402,False
2020-09-10,1617531.3735556402,False
2020-09-11,1617531.3735556402,False
2020-09-14,1617531.3735556402,False
2020-09-15,1617531.3735556402,False
2020-09-16,1617531.3735556402,True
2020-09-17,1596911.3574429876,True
2020-09-18,1578527.680379471,True
2020-09-21,1560959.309401711,True
2020-09-22,1576856.7755310428,False
2020-09-23,1576856.7755310428,True
2020-09-24,1581059.9023192795,True
2020-09-25,1606620.7780198357,False
2020-09-28,1606620.7780198357,False
2020-09-29,1606620.7780198357,False
2020-09-30,1606620.7780198357,False
2020-10-01,1606620.7780198357,False
2020-10-02,1606620.7780198357,False
2020-10-05,1606620.7780198357,False
2020-10-06,1606620.7780198357,True
2020-10-07,1634586.6190488734,False
2020-10-08,1634586.6190488734,False
2020-10-09,1634586.6190488734,False
2020-10-12,1634586.6190488734,False
2020-10-13,1634586.6190488734,False
2020-10-14,1634586.6190488734,False
2020-10-15,1634586.6190488734,False
2020-10-16,1634586.6190488734,False
2020-10-19,1634586.6190488734,True
2020-10-20,1641134.3330575193,True
2020-10-21,1638027.7534183809,True
2020-10-22,1647012.9376054276,True
2020-10-23,1652604.7809558767,False
2020-10-26,1652604.7809558767,False
2020-10-27,1652604.7809558767,False
2020-10-28,1652604.7809558767,True
2020-10-29,1669400.9845705633,True
2020-10-30,1651997.6892589603,True
2020-11-02,1670513.9860149098,False
2020-11-03,1670513.9860149098,False
2020-11-04,1670513.9860149098,False
2020-11-05,1670513.9860149098,False
2020-11-06,1670513.9860149098,False
2020-11-09,1670513.9860149098,False
2020-11-10,1670513.9860149098,False
2020-11-11,1670513.9860149098,False
2020-11-12,1670513.9860149098,False
2020-11-13,1670513.9860149098,False
2020-11-16,1670513.9860149098,False
2020-11-17,1670513.9860149098,False
2020-11-18,1670513.9860149098,True
2020-11-19,1677547.1368485866,True
2020-11-20,1666059.6571535813,True
2020-11-23,1676046.7313374022,True
2020-11-24,1703054.0305387212,False
2020-11-25,1703054.0305387212,False
2020-11-27,1703054.0305387212,False
2020-11-30,1703054.0305387212,False
2020-12-01,1703054.0305387212,False
2020-12-02,1703054.0305387212,False
2020-12-03,1703054.0305387212,False
2020-12-04,1703054.0305387212,False
2020-12-07,1703054.0305387212,False
2020-12-08,1703054.0305387212,False
2020-12-09,1703054.0305387212,False
2020-12-10,1703054.0305387212,False
2020-12-11,1703054.0305387212,False
2020-12-14,1703054.0305387212,False
2020-12-15,1703054.0305387212,False
2020-12-16,1703054.0305387212,False
2020-12-17,1703054.0305387212,False
2020-12-18,1703054.0305387212,False
2020-12-21,1703054.0305387212,False
2020-12-22,1703054.0305387212,False
2020-12-23,1703054.0305387212,False
2020-12-24,1703054.0305387212,False
2020-12-28,1703054.0305387212,False
2020-12-29,1703054.0305387212,False
2020-12-30,1703054.0305387212,False
2020-12-31,1703054.0305387212,False
2021-01-04,1703054.0305387212,False
2021-01-05,1703054.0305387212,False
2021-01-06,1703054.0305387212,False
2021-01-07,1703054.0305387212,False
2021-01-08,1703054.0305387212,False
2021-01-11,1703054.0305387212,False
2021-01-12,1703054.0305387212,False
2021-01-13,1703054.0305387212,False
2021-01-14,1703054.0305387212,False
2021-01-15,1703054.0305387212,False
2021-01-19,1703054.0305387212,False
2021-01-20,1703054.0305387212,False
2021-01-21,1703054.0305387212,False
2021-01-22,1703054.0305387212,False
2021-01-25,1703054.0305387212,False
2021-01-26,1703054.0305387212,False
2021-01-27,1703054.0305387212,False
2021-01-28,1703054.0305387212,False
2021-01-29,1703054.0305387212,False
2021-02-01,1703054.0305387212,False
2021-02-02,1703054.0305387212,False
2021-02-03,1703054.0305387212,False
2021-02-04,1703054.0305387212,False
2021-02-05,1703054.0305387212,False
2021-02-08,1703054.0305387212,False
2021-02-09,1703054.0305387212,False
2021-02-10,1703054.0305387212,False
2021-02-11,1703054.0305387212,False
2021-02-12,1703054.0305387212,False
2021-02-16,1703054.0305387212,False
2021-02-17,1703054.0305387212,False
2021-02-18,1703054.0305387212,False
2021-02-19,1703054.0305387212,False
2021-02-22,1703054.0305387212,True
2021-02-23,1705122.1787296967,False
2021-02-24,1705122.1787296967,False
2021-02-25,1705122.1787296967,False
2021-02-26,1705122.1787296967,False
2021-03-01,1705122.1787296967,False
2021-03-02,1705122.1787296967,False
2021-03-03,1705122.1787296967,True
2021-03-04,1684021.6158761382,True
2021-03-05,1715001.8914217227,False
2021-03-08,1715001.8914217227,False
2021-03-09,1715001.8914217227,False
2021-03-10,1715001.8914217227,False
2021-03-11,1715001.8914217227,False
2021-03-12,1715001.8914217227,False
2021-03-15,1715001.8914217227,False
2021-03-16,1715001.8914217227,False
2021-03-17,1715001.8914217227,False
2021-03-18,1715001.8914217225,True
2021-03-19,1711827.6615371618,True
2021-03-22,1725496.6150838921,False
2021-03-23,1725496.6150838921,False
2021-03-24,1725496.6150838921,True
2021-03-25,1735203.424076674,True
2021-03-26,1763166.1582393674,False
2021-03-29,1763166.1582393674,False
2021-03-30,1763166.1582393674,False
2021-03-31,1763166.1582393674,False
2021-04-01,1763166.1582393674,False
2021-04-05,1763166.1582393674,False
2021-04-06,1763166.1582393674,False
2021-04-07,1763166.1582393674,False
2021-04-08,1763166.1582393674,False
2021-04-09,1763166.1582393674,False
2021-04-12,1763166.1582393674,False
2021-04-13,1763166.1582393674,False
2021-04-14,1763166.1582393674,False
2021-04-15,1763166.1582393674,False
2021-04-16,1763166.1582393674,False
2021-04-19,1763166.1582393674,False
2021-04-20,1763166.1582393674,False
2021-04-21,1763166.1582393674,False
2021-04-22,1763166.1582393674,False
2021-04-23,1763166.1582393674,False
2021-04-26,1763166.1582393674,False
2021-04-27,1763166.1582393674,False
2021-04-28,1763166.1582393674,False
2021-04-29,1763166.1582393674,False
2021-04-30,1763166.1582393674,False
2021-05-03,1763166.1582393674,False
2021-05-04,1763166.1582393674,False
2021-05-05,1763166.1582393674,False
2021-05-06,1763166.1582393674,False
2021-05-07,1763166.1582393674,False
2021-05-10,1763166.1582393674,True
2021-05-11,1747430.3833189653,True
2021-05-12,1710305.7668847728,True
2021-05-13,1730850.867115968,False
2021-05-14,1730850.867115968,False
2021-05-17,1730850.867115968,False
2021-05-18,1730850.867115968,True
2021-05-19,1726313.0243804113,True
2021-05-20,1744884.5659463007,False
2021-05-21,1744884.5659463007,False
2021-05-24,1744884.5659463007,False
2021-05-25,1744884.5659463007,False
2021-05-26,1744884.5659463007,False
2021-05-27,1744884.5659463007,False
2021-05-28,1744884.5659463007,False
2021-06-01,1744884.5659463007,False
2021-06-02,1744884.5659463007,False
2021-06-03,1744884.5659463007,False
2021-06-04,1744884.5659463007,False
2021-06-07,1744884.5659463007,False
2021-06-08,1744884.5659463007,False
2021-06-09,1744884.5659463007,False
2021-06-10,1744884.5659463007,False
2021-06-11,1744884.5659463007,False
2021-06-14,1744884.5659463007,False
2021-06-15,1744884.5659463007,False
2021-06-16,1744884.5659463007,False
2021-06-17,1744884.5659463007,False
2021-06-18,1744884.5659463005,True
2021-06-21,1769864.3555966453,False
2021-06-22,1769864.3555966453,False
2021-06-23,1769864.3555966453,False
2021-06-24,1769864.3555966453,False
2021-06-25,1769864.3555966453,False
2021-06-28,1769864.3555966453,False
2021-06-29,1769864.3555966453,False
2021-06-30,1769864.3555966453,False
2021-07-01,1769864.3555966453,False
2021-07-02,1769864.3555966453,False
2021-07-06,1769864.3555966453,False
2021-07-07,1769864.3555966453,False
2021-07-08,1769864.3555966453,False
2021-07-09,1769864.3555966453,False
2021-07-12,1769864.3555966453,False
2021-07-13,1769864.3555966453,False
2021-07-14,1769864.3555966453,False
2021-07-15,1769864.3555966453,False
2021-07-16,1769864.3555966453,True
2021-07-19,1743727.1182777076,True
2021-07-20,1768715.4660441645,False
2021-07-21,1768715.4660441645,False
2021-07-22,1768715.4660441645,False
2021-07-23,1768715.4660441645,False
2021-07-26,1768715.4660441645,False
2021-07-27,1768715.4660441645,False
2021-07-28,1768715.4660441645,False
2021-07-29,1768715.4660441645,False
2021-07-30,1768715.4660441645,False
2021-08-02,1768715.4660441645,False
2021-08-03,1768715.4660441645,False
2021-08-04,1768715.4660441645,False
2021-08-05,1768715.4660441645,False
2021-08-06,1768715.4660441645,False
2021-08-09,1768715.4660441645,False
2021-08-10,1768715.4660441645,False
2021-08-11,1768715.4660441645,False
2021-08-12,1768715.4660441645,False
2021-08-13,1768715.4660441645,False
2021-08-16,1768715.4660441645,False
2021-08-17,1768715.4660441645,False
2021-08-18,1768715.4660441645,True
2021-08-19,1771454.0391051192,True
2021-08-20,1785549.6357423854,False
2021-08-23,1785549.6357423854,False
2021-08-24,1785549.6357423854,False
2021-08-25,1785549.6357423854,False
2021-08-26,1785549.6357423854,True
2021-08-27,1801514.192383384,False
2021-08-30,1801514.192383384,False
2021-08-31,1801514.192383384,False
2021-09-01,1801514.192383384,False
2021-09-02,1801514.192383384,False
2021-09-03,1801514.192383384,False
2021-09-07,1801514.192383384,False
2021-09-08,1801514.192383384,False
2021-09-09,1801514.192383384,True
2021-09-10,1787310.0847593537,True
2021-09-13,1791884.288909465,True
2021-09-14,1782214.2608377382,True
2021-09-15,1797100.4866245044,False
2021-09-16,1797100.4866245044,False
2021-09-17,1797100.4866245044,True
2021-09-20,1767135.240630947,True
2021-09-21,1765465.9810035883,True
2021-09-22,1782687.8547199946,True
2021-09-23,1804347.5162262074,False
2021-09-24,1804347.5162262074,False
2021-09-27,1804347.5162262074,False
2021-09-28,1804347.5162262074,True
2021-09-29,1807384.437942626,True
2021-09-30,1785293.952580731,True
2021-10-01,1806510.8029283138,False
2021-10-04,1806510.8029283138,False
2021-10-05,1806510.8029283138,False
2021-10-06,1806510.8029283138,False
2021-10-07,1806510.8029283138,False
2021-10-08,1806510.8029283138,False
2021-10-11,1806510.8029283136,True
2021-10-12,1802064.0326802444,True
2021-10-13,1808547.1743503269,False
2021-10-14,1808547.1743503269,False
2021-10-15,1808547.1743503269,False
2021-10-18,1808547.1743503269,False
2021-10-19,1808547.1743503269,False
2021-10-20,1808547.1743503269,False
2021-10-21,1808547.1743503269,False
2021-10-22,1808547.1743503269,False
2021-10-25,1808547.1743503269,False
2021-10-26,1808547.1743503269,False
2021-10-27,1808547.1743503269,True
2021-10-28,1825997.578861175,False
2021-10-29,1825997.578861175,False
2021-11-01,1825997.578861175,False
2021-11-02,1825997.578861175,False
2021-11-03,1825997.578861175,False
2021-11-04,1825997.578861175,False
2021-11-05,1825997.578861175,False
2021-11-08,1825997.578861175,False
2021-11-09,1825997.578861175,False
2021-11-10,1825997.578861175,False
2021-11-11,1825997.578861175,False
2021-11-12,1825997.578861175,False
2021-11-15,1825997.578861175,False
2021-11-16,1825997.578861175,False
2021-11-17,1825997.578861175,False
2021-11-18,1825997.578861175,False
2021-11-19,1825997.578861175,False
2021-11-22,1825997.578861175,True
2021-11-23,1828418.8601642824,True
2021-11-24,1833300.475694741,False
2021-11-26,1833300.475694741,False
2021-11-29,1833300.475694741,False
2021-11-30,1833300.475694741,True
2021-12-01,1812937.6246827657,True
2021-12-02,1840705.1487900044,True
2021-12-03,1824688.5189426409,True
2021-12-06,1846298.8964000137,False
2021-12-07,1846298.8964000137,False
2021-12-08,1846298.8964000137,False
2021-12-09,1846298.8964000137,True
2021-12-10,1863679.0875765893,False
2021-12-13,1863679.0875765893,True
2021-12-14,1850856.9818451433,True
2021-12-15,1879776.6221864736,False
2021-12-16,1879776.6221864736,False
2021-12-17,1879776.6221864736,False
2021-12-20,1879776.6221864736,False
2021-12-21,1879776.6221864736,False
2021-12-22,1879776.6221864736,False
2021-12-23,1879776.6221864736,False
2021-12-27,1879776.6221864736,False
2021-12-28,1879776.6221864736,False
2021-12-29,1879776.6221864736,False
2021-12-30,1879776.6221864736,False
2021-12-31,1879776.6221864736,True
2022-01-03,1890660.4560061907,False
2022-01-04,1890660.4560061907,False
2022-01-05,1890660.4560061907,True
2022-01-06,1888884.354121732,True
2022-01-07,1881416.653016622,True
2022-01-10,1879075.4278052903,False
2022-01-11,1879075.4278052903,False
2022-01-12,1879075.4278052903,False
2022-01-13,1879075.4278052903,False
2022-01-14,1879075.4278052903,False
2022-01-18,1879075.4278052903,False
2022-01-19,1879075.42780529,True
2022-01-20,1858277.6920243795,True
2022-01-21,1821798.463464662,True
2022-01-24,1829535.2211751605,True
2022-01-25,1807198.4529464627,True
2022-01-26,1802664.5465462238,True
2022-01-27,1793763.115631994,True
2022-01-28,1838311.865674705,False
2022-01-31,1838311.865674705,False
2022-02-01,1838311.865674705,False
2022-02-02,1838311.865674705,False
2022-02-03,1838311.865674705,True
2022-02-04,1846955.965356561,True
2022-02-07,1841028.582717574,True
2022-02-08,1856176.3383505407,False
2022-02-09,1856176.3383505407,False
2022-02-10,1856176.3383505407,False
2022-02-11,1856176.3383505407,True
2022-02-14,1850107.9236767343,True
2022-02-15,1879944.2958229494,False
2022-02-16,1879944.2958229494,False
2022-02-17,1879944.2958229494,True
2022-02-18,1867771.4995085327,True
2022-02-22,1847727.2483335568,True
2022-02-23,1814951.0264551628,True
2022-02-24,1842264.544687158,False
2022-02-25,1842264.544687158,False
2022-02-28,1842264.544687158,False
2022-03-01,1842264.544687158,False
2022-03-02,1842264.544687158,False
2022-03-03,1842264.544687158,False
2022-03-04,1842264.544687158,False
2022-03-07,1842264.5446871577,True
2022-03-08,1828297.0143433455,True
2022-03-09,1877315.1397008754,False
2022-03-10,1877315.1397008754,False
2022-03-11,1877315.1397008754,True
2022-03-14,1863595.14665476,True
2022-03-15,1904576.363668727,False
2022-03-16,1904576.363668727,False
2022-03-17,1904576.363668727,False
2022-03-18,1904576.363668727,False
2022-03-21,1904576.363668727,False
2022-03-22,1904576.363668727,False
2022-03-23,1904576.3636687272,True
2022-03-24,1933286.6292679694,False
2022-03-25,1933286.6292679694,False
2022-03-28,1933286.6292679694,False
2022-03-29,1933286.6292679694,False
2022-03-30,1933286.6292679694,False
2022-03-31,1933286.6292679696,True
2022-04-01,1938765.787193448,True
2022-04-04,1955374.4846550538,False
2022-04-05,1955374.4846550538,False
2022-04-06,1955374.4846550538,False
2022-04-07,1955374.4846550538,False
2022-04-08,1955374.4846550538,False
2022-04-11,1955374.4846550538,True
2022-04-12,1948129.3937067273,True
2022-04-13,1970442.4958911436,False
2022-04-14,1970442.4958911436,True
2022-04-18,1971252.6552124172,True
2022-04-19,2003073.9129980002,False
2022-04-20,2003073.9129980002,False
2022-04-21,2003073.9129980004,True
2022-04-22,1948111.2402266085,True
2022-04-25,1959405.5664949392,True
2022-04-26,1902659.5790496005,True
2022-04-27,1908009.5230714413,True
2022-04-28,1956204.7452852908,False
2022-04-29,1956204.7452852908,True
2022-05-02,1967979.9583151634,True
2022-05-03,1977001.2908783723,False
2022-05-04,1977001.2908783723,False
2022-05-05,1977001.2908783723,False
2022-05-06,1977001.2908783723,False
2022-05-09,1977001.2908783723,True
2022-05-10,1981569.2924546036,True
2022-05-11,1950089.803331443,True
2022-05-12,1948054.063498557,True
2022-05-13,1994627.8186997005,False
2022-05-16,1994627.8186997005,False
2022-05-17,1994627.8186997005,False
2022-05-18,1994627.8186997005,True
2022-05-19,1982411.448657136,True
2022-05-20,1983276.7748684844,True
2022-05-23,2020383.9988727737,False
2022-05-24,2020383.9988727737,False
2022-05-25,2020383.9988727737,False
2022-05-26,2020383.9988727737,False
2022-05-27,2020383.9988727737,False
2022-05-31,2020383.9988727737,False
2022-06-01,2020383.9988727737,False
2022-06-02,2020383.9988727737,False
2022-06-03,2020383.9988727737,False
2022-06-06,2020383.9988727737,False
2022-06-07,2020383.9988727737,False
2022-06-08,2020383.9988727737,False
2022-06-09,2020383.9988727735,True
2022-06-10,1961801.7207069728,True
2022-06-13,1887315.6625580164,True
2022-06-14,1881628.5513615082,True
2022-06-15,1908453.5979786662,False
2022-06-16,1908453.5979786662,True
2022-06-17,1912567.0337788893,True
2022-06-21,1960713.1617543541,False
2022-06-22,1960713.1617543541,False
2022-06-23,1960713.1617543541,False
2022-06-24,1960713.1617543541,False
2022-06-27,1960713.1617543541,False
2022-06-28,1960713.1617543541,True
2022-06-29,1959116.3639607278,True
2022-06-30,1943199.895630711,True
2022-07-01,1963752.2285228688,False
2022-07-05,1963752.2285228688,False
2022-07-06,1963752.2285228688,False
2022-07-07,1963752.2285228688,False
2022-07-08,1963752.2285228688,False
2022-07-11,1963752.2285228688,False
2022-07-12,1963752.2285228688,False
2022-07-13,1963752.2285228688,False
2022-07-14,1963752.2285228688,False
2022-07-15,1963752.2285228688,False
2022-07-18,1963752.2285228688,False
2022-07-19,1963752.2285228688,False
2022-07-20,1963752.2285228688,False
2022-07-21,1963752.2285228688,False
2022-07-22,1963752.2285228688,False
2022-07-25,1963752.2285228688,False
2022-07-26,1963752.2285228688,False
2022-07-27,1963752.2285228688,False
2022-07-28,1963752.2285228688,False
2022-07-29,1963752.2285228688,False
2022-08-01,1963752.2285228688,False
2022-08-02,1963752.2285228688,False
2022-08-03,1963752.2285228688,False
2022-08-04,1963752.2285228688,False
2022-08-05,1963752.2285228688,False
2022-08-08,1963752.2285228688,False
2022-08-09,1963752.2285228688,False
2022-08-10,1963752.2285228688,False
2022-08-11,1963752.2285228688,False
2022-08-12,1963752.2285228688,False
2022-08-15,1963752.2285228688,False
2022-08-16,1963752.2285228688,False
2022-08-17,1963752.2285228688,False
2022-08-18,1963752.2285228688,False
2022-08-19,1963752.2285228688,False
2022-08-22,1963752.2285228688,True
2022-08-23,1959001.406632164,True
2022-08-24,1965272.4915278943,True
2022-08-25,1993017.2913696107,False
2022-08-26,1993017.2913696107,True
2022-08-29,1979839.0171082537,True
2022-08-30,1958104.6991100456,True
2022-08-31,1943205.3815682877,True
2022-09-01,1949302.792047423,True
2022-09-02,1928748.6180129186,True
2022-09-06,1921471.0635700796,True
2022-09-07,1955990.27450841,False
2022-09-08,1955990.27450841,False
2022-09-09,1955990.27450841,False
2022-09-12,1955990.27450841,False
2022-09-13,1955990.27450841,True
2022-09-14,1963453.9870796707,True
2022-09-15,1933218.9850343312,True
2022-09-16,1918472.6793168723,True
2022-09-19,1933350.3463755855,False
2022-09-20,1933350.3463755855,False
2022-09-21,1933350.3463755855,True
2022-09-22,1917110.5928102802,True
2022-09-23,1884989.6922252753,True
2022-09-26,1866342.1518537577,True
2022-09-27,1861577.8077478476,True
2022-09-28,1898206.9049061863,False
2022-09-29,1898206.9049061863,False
2022-09-30,1898206.9049061863,True
2022-10-03,1948321.9480588415,False
2022-10-04,1948321.9480588415,False
2022-10-05,1948321.9480588415,False
2022-10-06,1948321.9480588415,False
2022-10-07,1948321.9480588415,False
2022-10-10,1948321.9480588415,False
2022-10-11,1948321.9480588415,False
2022-10-12,1948321.9480588415,False
2022-10-13,1948321.9480588415,False
2022-10-14,1948321.9480588415,False
2022-10-17,1948321.9480588415,False
2022-10-18,1948321.9480588415,False
2022-10-19,1948321.9480588415,False
2022-10-20,1948321.9480588415,True
2022-10-21,1995669.034615757,False
2022-10-24,1995669.034615757,False
2022-10-25,1995669.034615757,False
2022-10-26,1995669.034615757,False
2022-10-27,1995669.0346157567,True
2022-10-28,2043147.4494610813,False
2022-10-31,2043147.4494610813,False
2022-11-01,2043147.4494610813,False
2022-11-02,2043147.4494610813,True
2022-11-03,2022109.3585097652,True
2022-11-04,2051213.8677532957,False
2022-11-07,2051213.8677532957,False
2022-11-08,2051213.8677532957,False
2022-11-09,2051213.8677532955,True
2022-11-10,2163936.6034895577,False
2022-11-11,2163936.6034895577,False
2022-11-14,2163936.6034895577,False
2022-11-15,2163936.6034895577,False
2022-11-16,2163936.6034895577,False
2022-11-17,2163936.6034895577,False
2022-11-18,2163936.6034895577,False
2022-11-21,2163936.6034895577,False
2022-11-22,2163936.6034895577,False
2022-11-23,2163936.6034895577,False
2022-11-25,2163936.6034895577,False
2022-11-28,2163936.6034895577,False
2022-11-29,2163936.6034895577,False
2022-11-30,2163936.6034895577,False
2022-12-01,2163936.6034895577,False
2022-12-02,2163936.6034895577,False
2022-12-05,2163936.6034895577,False
2022-12-06,2163936.6034895577,False
2022-12-07,2163936.6034895577,False
2022-12-08,2163936.6034895577,False
2022-12-09,2163936.6034895577,True
2022-12-12,2195134.5300095584,False
2022-12-13,2195134.5300095584,False
2022-12-14,2195134.5300095584,False
2022-12-15,2195134.5300095584,True
2022-12-16,2169220.699305769,True
2022-12-19,2150826.4412820684,True
2022-12-20,2153769.5225658608,True
2022-12-21,2185973.623536586,False
2022-12-22,2185973.623536586,False
2022-12-23,2185973.623536586,False
2022-12-27,2185973.623536586,False
2022-12-28,2185973.623536586,True
2022-12-29,2225321.845188946,False
2022-12-30,2225321.845188946,False
2023-01-03,2225321.845188946,False
2023-01-04,2225321.845188946,False
2023-01-05,2225321.845188946,True
2023-01-06,2276353.2650137753,False
2023-01-09,2276353.2650137753,False
2023-01-10,2276353.2650137753,False
2023-01-11,2276353.2650137753,False
2023-01-12,2276353.2650137753,False
2023-01-13,2276353.2650137753,False
2023-01-17,2276353.2650137753,False
2023-01-18,2276353.2650137753,True
2023-01-19,2259781.6876930534,True
2023-01-20,2301879.30867622,False
2023-01-23,2301879.30867622,False
2023-01-24,2301879.30867622,False
2023-01-25,2301879.30867622,False
2023-01-26,2301879.30867622,False
2023-01-27,2301879.30867622,False
2023-01-30,2301879.30867622,True
2023-01-31,2335724.559751142,False
2023-02-01,2335724.559751142,False
2023-02-02,2335724.559751142,False
2023-02-03,2335724.559751142,False
2023-02-06,2335724.559751142,False
2023-02-07,2335724.559751142,False
2023-02-08,2335724.559751142,False
2023-02-09,2335724.559751142,False
2023-02-10,2335724.559751142,False
2023-02-13,2335724.559751142,False
2023-02-14,2335724.559751142,False
2023-02-15,2335724.559751142,False
2023-02-16,2335724.559751142,True
2023-02-17,2329889.2529740618,True
2023-02-21,2283149.5898674517,True
2023-02-22,2280003.1009190264,True
2023-02-23,2292131.385592957,False
2023-02-24,2292131.385592957,False
2023-02-27,2292131.385592957,False
2023-02-28,2292131.385592957,True
2023-03-01,2283339.0782540855,True
2023-03-02,2301097.225313517,False
2023-03-03,2301097.225313517,False
2023-03-06,2301097.225313517,False
2023-03-07,2301097.225313517,True
2023-03-08,2304852.7509530424,True
2023-03-09,2262328.6452501086,True
2023-03-10,2229684.460845003,True
2023-03-13,2226506.708380789,True
2023-03-14,2263310.8596481383,False
2023-03-15,2263310.8596481383,False
2023-03-16,2263310.8596481383,False
2023-03-17,2263310.8596481383,False
2023-03-20,2263310.8596481383,False
2023-03-21,2263310.8596481383,False
2023-03-22,2263310.8596481383,True
2023-03-23,2269429.320057786,True
2023-03-24,2284321.4218095704,True
2023-03-27,2288592.7998314,False
2023-03-28,2288592.7998314,False
2023-03-29,2288592.7998314,False
2023-03-30,2288592.7998314,False
2023-03-31,2288592.7998314,False
2023-04-03,2288592.7998314,False
2023-04-04,2288592.7998314,False
2023-04-05,2288592.7998314,False
2023-04-06,2288592.7998314,False
2023-04-10,2288592.7998314,False
2023-04-11,2288592.7998314,False
2023-04-12,2288592.7998314,False
2023-04-13,2288592.7998314,False
2023-04-14,2288592.7998314,False
2023-04-17,2288592.7998314,False
2023-04-18,2288592.7998314,False
2023-04-19,2288592.7998314,False
2023-04-20,2288592.7998314,False
2023-04-21,2288592.7998314,False
2023-04-24,2288592.7998314,False
2023-04-25,2288592.7998314,True
2023-04-26,2278899.1936067403,True
2023-04-27,2324267.525065179,False
2023-04-28,2324267.525065179,False
2023-05-01,2324267.525065179,False
2023-05-02,2324267.525065179,False
2023-05-03,2324267.525065179,True
2023-05-04,2307804.770427077,True
2023-05-05,2350528.182117653,False
2023-05-08,2350528.182117653,False
2023-05-09,2350528.182117653,True
2023-05-10,2361510.6222161273,False
2023-05-11,2361510.6222161273,False
2023-05-12,2361510.6222161273,False
2023-05-15,2361510.6222161273,False
2023-05-16,2361510.6222161273,True
2023-05-17,2390176.8571914746,False
2023-05-18,2390176.8571914746,False
2023-05-19,2390176.8571914746,False
2023-05-22,2390176.8571914746,False
2023-05-23,2390176.8571914746,True
2023-05-24,2372860.499463506,True
2023-05-25,2393409.2439673617,False
2023-05-26,2393409.2439673617,False
2023-05-30,2393409.2439673617,False
2023-05-31,2393409.2439673617,False
2023-06-01,2393409.2439673617,False
2023-06-02,2393409.2439673617,False
2023-06-05,2393409.2439673617,False
2023-06-06,2393409.2439673617,False
2023-06-07,2393409.2439673617,False
2023-06-08,2393409.2439673617,False
2023-06-09,2393409.2439673617,False
2023-06-12,2393409.2439673617,False
2023-06-13,2393409.2439673617,False
2023-06-14,2393409.2439673617,False
2023-06-15,2393409.2439673617,False
2023-06-16,2393409.2439673617,False
2023-06-20,2393409.2439673617,False
2023-06-21,2393409.2439673617,False
2023-06-22,2393409.2439673617,False
2023-06-23,2393409.2439673617,False
2023-06-26,2393409.2439673617,True
2023-06-27,2419648.8734035883,False
2023-06-28,2419648.8734035883,False
2023-06-29,2419648.8734035883,False
2023-06-30,2419648.8734035883,False
2023-07-03,2419648.8734035883,False
2023-07-05,2419648.8734035883,False
2023-07-06,2419648.8734035883,False
2023-07-07,2419648.8734035883,False
2023-07-10,2419648.8734035883,False
2023-07-11,2419648.8734035883,False
2023-07-12,2419648.8734035883,False
2023-07-13,2419648.8734035883,False
2023-07-14,2419648.8734035883,False
2023-07-17,2419648.8734035883,False
2023-07-18,2419648.8734035883,False
2023-07-19,2419648.8734035883,False
2023-07-20,2419648.8734035883,False
2023-07-21,2419648.8734035883,False
2023-07-24,2419648.8734035883,False
2023-07-25,2419648.8734035883,False
2023-07-26,2419648.8734035883,False
2023-07-27,2419648.8734035883,False
2023-07-28,2419648.8734035883,False
2023-07-31,2419648.8734035883,False
2023-08-01,2419648.8734035883,False
2023-08-02,2419648.8734035883,True
2023-08-03,2412714.549882182,True
2023-08-04,2401802.397364,True
2023-08-07,2422766.6312659257,True
2023-08-08,2412230.7598690605,True
2023-08-09,2396104.426098348,True
2023-08-10,2396964.4972327864,True
2023-08-11,2395566.881639324,True
2023-08-14,2408790.475331309,False
2023-08-15,2408790.475331309,False
2023-08-16,2408790.475331309,True
2023-08-17,2390435.803116861,True
2023-08-18,2391586.394509408,True
2023-08-21,2407146.773341955,False
2023-08-22,2407146.773341955,False
2023-08-23,2407146.773341955,False
2023-08-24,2407146.773341955,True
2023-08-25,2424116.747618989,True
2023-08-28,2439488.8996426654,False
2023-08-29,2439488.8996426654,False
2023-08-30,2439488.8996426654,False
2023-08-31,2439488.8996426654,False
2023-09-01,2439488.8996426654,False
2023-09-05,2439488.8996426654,True
2023-09-06,2423089.5218559126,True
2023-09-07,2415650.0690188757,True
2023-09-08,2419288.341574215,True
2023-09-11,2435198.996181892,False
2023-09-12,2435198.996181892,False
2023-09-13,2435198.996181892,False
2023-09-14,2435198.996181892,False
2023-09-15,2435198.996181892,True
2023-09-18,2436627.0398903238,True
2023-09-19,2431573.962152797,True
2023-09-20,2409219.585640041,True
2023-09-21,2369399.136078008,True
2023-09-22,2364071.434550398,True
2023-09-25,2374012.815751402,True
2023-09-26,2339135.594410863,True
2023-09-27,2340069.315297145,True
2023-09-28,2353635.7305272445,False
2023-09-29,2353635.7305272445,False
2023-10-02,2353635.7305272445,False
2023-10-03,2353635.7305272445,False
2023-10-04,2353635.7305272445,False
2023-10-05,2353635.7305272445,False
2023-10-06,2353635.7305272445,False
2023-10-09,2353635.7305272445,False
2023-10-10,2353635.7305272445,False
2023-10-11,2353635.7305272445,False
2023-10-12,2353635.7305272445,False
2023-10-13,2353635.7305272445,False
2023-10-16,2353635.7305272445,False
2023-10-17,2353635.7305272445,False
2023-10-18,2353635.7305272445,False
2023-10-19,2353635.7305272445,True
2023-10-20,2324714.0992443548,True
2023-10-23,2320684.9406877686,True
2023-10-24,2338181.4237348605,False
2023-10-25,2338181.4237348605,True
2023-10-26,2310182.6041475674,True
2023-10-27,2299711.0456219194,True
2023-10-30,2327205.8864566414,False
2023-10-31,2327205.8864566414,False
2023-11-01,2327205.8864566414,False
2023-11-02,2327205.8864566414,False
2023-11-03,2327205.8864566414,False
2023-11-06,2327205.8864566414,False
2023-11-07,2327205.8864566414,False
2023-11-08,2327205.8864566414,False
2023-11-09,2327205.8864566414,True
2023-11-10,2363521.541655128,False
2023-11-13,2363521.541655128,False
2023-11-14,2363521.541655128,False
2023-11-15,2363521.541655128,False
2023-11-16,2363521.541655128,False
2023-11-17,2363521.541655128,False
2023-11-20,2363521.541655128,False
2023-11-21,2363521.541655128,False
2023-11-22,2363521.541655128,False
2023-11-24,2363521.541655128,False
2023-11-27,2363521.541655128,False
2023-11-28,2363521.541655128,False
2023-11-29,2363521.541655128,False
2023-11-30,2363521.541655128,False
2023-12-01,2363521.541655128,False
2023-12-04,2363521.541655128,False
2023-12-05,2363521.541655128,False
2023-12-06,2363521.541655128,True
2023-12-07,2381556.1527676783,False
2023-12-08,2381556.1527676783,False
2023-12-11,2381556.1527676783,False
2023-12-12,2381556.1527676783,False
2023-12-13,2381556.1527676783,False
2023-12-14,2381556.1527676783,False
2023-12-15,2381556.1527676783,False
2023-12-18,2381556.1527676783,False
2023-12-19,2381556.1527676783,False
2023-12-20,2381556.1527676783,True
2023-12-21,2404137.858055955,True
2023-12-22,2408969.5292325006,False
2023-12-26,2408969.5292325006,False
2023-12-27,2408969.5292325006,False
2023-12-28,2408969.5292325006,False
2023-12-29,2408969.5292325006,False
2024-01-02,2408969.5292325006,False
2024-01-03,2408969.5292325006,False
2024-01-04,2408969.5292325006,True
2024-01-05,2412268.922527118,True
2024-01-08,2446706.3400396868,False
2024-01-09,2446706.3400396868,False
2024-01-10,2446706.3400396868,False
2024-01-11,2446706.3400396868,False
2024-01-12,2446706.3400396868,False
2024-01-16,2446706.3400396868,False
2024-01-17,2446706.3400396868,False
2024-01-18,2446706.3400396868,False
2024-01-19,2446706.3400396868,False
2024-01-22,2446706.3400396868,False
2024-01-23,2446706.3400396868,False
2024-01-24,2446706.3400396868,False
2024-01-25,2446706.3400396868,False
2024-01-26,2446706.3400396868,False
2024-01-29,2446706.3400396868,False
2024-01-30,2446706.3400396868,False
2024-01-31,2446706.3400396868,True
2024-02-01,2478729.16987122,False
2024-02-02,2478729.16987122,False
2024-02-05,2478729.16987122,False
2024-02-06,2478729.16987122,False
2024-02-07,2478729.16987122,False
2024-02-08,2478729.16987122,False
2024-02-09,2478729.16987122,False
2024-02-12,2478729.16987122,False
2024-02-13,2478729.16987122,False
2024-02-14,2478729.16987122,False
2024-02-15,2478729.16987122,False
2024-02-16,2478729.16987122,False
2024-02-20,2478729.16987122,False
2024-02-21,2478729.16987122,False
2024-02-22,2478729.16987122,False
2024-02-23,2478729.16987122,False
2024-02-26,2478729.16987122,True
2024-02-27,2483334.0146698896,True
2024-02-28,2480051.8380580717,True
2024-02-29,2488967.6013916666,False
2024-03-01,2488967.6013916666,False
2024-03-04,2488967.6013916666,False
2024-03-05,2488967.6013916666,False
2024-03-06,2488967.6013916666,False
2024-03-07,2488967.6013916666,False
2024-03-08,2488967.6013916666,False
2024-03-11,2488967.6013916666,False
2024-03-12,2488967.6013916666,False
2024-03-13,2488967.6013916666,False
2024-03-14,2488967.6013916666,False
2024-03-15,2488967.6013916666,False
2024-03-18,2488967.6013916666,False
2024-03-19,2488967.6013916666,False
2024-03-20,2488967.6013916666,False
2024-03-21,2488967.6013916666,False
2024-03-22,2488967.6013916666,True
2024-03-25,2482091.076869873,True
2024-03-26,2477506.727188677,True
2024-03-27,2498327.3153241077,False
2024-03-28,2498327.3153241077,False
2024-04-01,2498327.3153241077,False
2024-04-02,2498327.3153241077,False
2024-04-03,2498327.3153241077,False
2024-04-04,2498327.3153241077,True
2024-04-05,2524427.13486167,True
2024-04-08,2525839.251963516,False
2024-04-09,2525839.251963516,False
2024-04-10,2525839.251963516,False
2024-04-11,2525839.251963516,False
2024-04-12,2525839.251963516,False
2024-04-15,2525839.251963516,True
2024-04-16,2521232.7059989874,True
2024-04-17,2506311.5027660583,True
2024-04-18,2501154.1741318577,True
2024-04-19,2479323.1519521354,True
2024-04-22,2502155.597167625,True
2024-04-23,2531847.7901781187,False
2024-04-24,2531847.7901781187,False
2024-04-25,2531847.7901781187,False
2024-04-26,2531847.7901781187,False
2024-04-29,2531847.7901781187,False
2024-04-30,2531847.7901781187,True
2024-05-01,2523626.5226017404,True
2024-05-02,2547231.143618581,True
2024-05-03,2578804.846089825,False
2024-05-06,2578804.846089825,False
2024-05-07,2578804.846089825,False
2024-05-08,2578804.846089825,False
2024-05-09,2578804.846089825,False
2024-05-10,2578804.846089825,False
2024-05-13,2578804.846089825,False
2024-05-14,2578804.846089825,False
2024-05-15,2578804.846089825,False
2024-05-16,2578804.846089825,False
2024-05-17,2578804.846089825,False
2024-05-20,2578804.846089825,False
2024-05-21,2578804.846089825,False
2024-05-22,2578804.846089825,False
2024-05-23,2578804.846089825,False
2024-05-24,2578804.846089825,False
2024-05-28,2578804.846089825,False
2024-05-29,2578804.846089825,False
2024-05-30,2578804.846089825,False
2024-05-31,2578804.846089825,False
2024-06-03,2578804.846089825,False
2024-06-04,2578804.846089825,False
2024-06-05,2578804.846089825,False
2024-06-06,2578804.846089825,False
2024-06-07,2578804.846089825,False
2024-06-10,2578804.846089825,False
2024-06-11,2578804.846089825,False
2024-06-12,2578804.846089825,False
2024-06-13,2578804.846089825,False
2024-06-14,2578804.846089825,False
2024-06-17,2578804.846089825,False
2024-06-18,2578804.846089825,False
2024-06-20,2578804.846089825,True
2024-06-21,2575347.5586966528,True
2024-06-24,2566976.0592220924,True
2024-06-25,2576861.050127082,True
2024-06-26,2580077.2194167436,False
2024-06-27,2580077.2194167436,False
2024-06-28,2580077.2194167436,False
2024-07-01,2580077.2194167436,False
2024-07-02,2580077.2194167436,False
2024-07-03,2580077.2194167436,False
2024-07-05,2580077.2194167436,False
2024-07-08,2580077.2194167436,False
2024-07-09,2580077.2194167436,False
2024-07-10,2580077.2194167436,False
2024-07-11,2580077.2194167436,True
2024-07-12,2596351.067605632,True
2024-07-15,2603491.160543207,True
2024-07-16,2618930.452414717,False
2024-07-17,2618930.4524147175,True
2024-07-18,2598804.3664156236,True
2024-07-19,2581546.7179070557,True
2024-07-22,2608162.0559338937,False
2024-07-23,2608162.0559338937,False
2024-07-24,2608162.0559338937,True
2024-07-25,2594572.6078291438,True
2024-07-26,2623630.8957978105,True
2024-07-29,2625172.9608309735,True
2024-07-30,2611872.649919942,True
2024-07-31,2654327.6278642123,False
2024-08-01,2654327.6278642123,False
2024-08-02,2654327.6278642123,False
2024-08-05,2654327.6278642123,False
2024-08-06,2654327.6278642123,False
2024-08-07,2654327.6278642123,True
2024-08-08,2715688.419631636,False
2024-08-09,2715688.419631636,False
2024-08-12,2715688.419631636,False
2024-08-13,2715688.419631636,False
2024-08-14,2715688.419631636,False
2024-08-15,2715688.419631636,False
2024-08-16,2715688.419631636,False
2024-08-19,2715688.419631636,False
2024-08-20,2715688.419631636,False
2024-08-21,2715688.419631636,False
2024-08-22,2715688.419631636,False
2024-08-23,2715688.419631636,False
2024-08-26,2715688.419631636,False
2024-08-27,2715688.419631636,False
2024-08-28,2715688.419631636,False
2024-08-29,2715688.419631636,False
2024-08-30,2715688.419631636,False
2024-09-03,2715688.419631636,False
2024-09-04,2715688.419631636,False
2024-09-05,2715688.419631636,False
2024-09-06,2715688.419631636,True
2024-09-09,2746093.917704719,True
2024-09-10,2758055.088847519,False
2024-09-11,2758055.088847519,False
2024-09-12,2758055.088847519,False
2024-09-13,2758055.088847519,False
2024-09-16,2758055.088847519,False
2024-09-17,2758055.088847519,False
2024-09-18,2758055.088847519,True
2024-09-19,2796544.4010169585,False
2024-09-20,2796544.4010169585,False
2024-09-23,2796544.4010169585,False
2024-09-24,2796544.4010169585,False
2024-09-25,2796544.4010169585,False
2024-09-26,2796544.4010169585,False
2024-09-27,2796544.4010169585,False
2024-09-30,2796544.4010169585,False
2024-10-01,2796544.4010169585,False
2024-10-02,2796544.4010169585,False
2024-10-03,2796544.4010169585,False
2024-10-04,2796544.4010169585,False
2024-10-07,2796544.4010169585,False
2024-10-08,2796544.4010169585,False
2024-10-09,2796544.4010169585,False
2024-10-10,2796544.4010169585,False
2024-10-11,2796544.4010169585,False
2024-10-14,2796544.4010169585,False
2024-10-15,2796544.4010169585,False
2024-10-16,2796544.4010169585,False
2024-10-17,2796544.4010169585,False
2024-10-18,2796544.4010169585,False
2024-10-21,2796544.4010169585,False
2024-10-22,2796544.4010169585,False
2024-10-23,2796544.4010169585,False
2024-10-24,2796544.4010169585,False
2024-10-25,2796544.4010169585,False
2024-10-28,2796544.4010169585,False
2024-10-29,2796544.4010169585,False
2024-10-30,2796544.4010169585,False
2024-10-31,2796544.4010169585,True
2024-11-01,2808347.486558673,True
2024-11-04,2802298.405218544,True
2024-11-05,2836183.096627884,False
2024-11-06,2836183.096627884,False
2024-11-07,2836183.096627884,False
2024-11-08,2836183.096627884,False
2024-11-11,2836183.096627884,False
2024-11-12,2836183.096627884,False
2024-11-13,2836183.096627884,False
2024-11-14,2836183.096627884,False
2024-11-15,2836183.096627884,False
2024-11-18,2836183.096627884,False
2024-11-19,2836183.096627884,False
2024-11-20,2836183.096627884,False
2024-11-21,2836183.096627884,False
2024-11-22,2836183.096627884,False
2024-11-25,2836183.096627884,False
2024-11-26,2836183.096627884,False
2024-11-27,2836183.096627884,False
2024-11-29,2836183.096627884,False
2024-12-02,2836183.096627884,False
2024-12-03,2836183.096627884,False
2024-12-04,2836183.096627884,False
2024-12-05,2836183.096627884,False
2024-12-06,2836183.096627884,False
2024-12-09,2836183.096627884,False
2024-12-10,2836183.096627884,False
2024-12-11,2836183.096627884,False
2024-12-12,2836183.0966278845,True
2024-12-13,2835619.924235987,True
2024-12-16,2847728.1306617805,False
2024-12-17,2847728.1306617805,False
2024-12-18,2847728.130661781,True
2024-12-19,2837306.5861937087,True
2024-12-20,2871383.100976857,True
2024-12-23,2888577.884327036,False
2024-12-24,2888577.884327036,False
2024-12-26,2888577.884327036,False
2024-12-27,2888577.884327036,False
2024-12-30,2888577.884327036,False
2024-12-31,2888577.884327036,False
2025-01-02,2888577.884327036,False
2025-01-03,2888577.884327036,False
2025-01-06,2888577.884327036,False
2025-01-07,2888577.884327036,False
2025-01-08,2888577.884327036,False
2025-01-10,2888577.884327036,False
2025-01-13,2888577.884327036,False
2025-01-14,2888577.884327036,False
2025-01-15,2888577.884327036,False
2025-01-16,2888577.884327036,False
2025-01-17,2888577.884327036,False
2025-01-21,2888577.884327036,False
2025-01-22,2888577.884327036,False
2025-01-23,2888577.884327036,False
2025-01-24,2888577.884327036,False
2025-01-27,2888577.884327036,False
2025-01-28,2888577.884327036,False
2025-01-29,2888577.884327036,False
2025-01-30,2888577.884327036,False
2025-01-31,2888577.884327036,False
2025-02-03,2888577.884327036,False
2025-02-04,2888577.884327036,False
2025-02-05,2888577.884327036,False
2025-02-06,2888577.884327036,False
2025-02-07,2888577.884327036,True
2025-02-10,2908195.038592486,True
2025-02-11,2910406.7765733944,False
2025-02-12,2910406.7765733944,False
2025-02-13,2910406.7765733944,False
2025-02-14,2910406.7765733944,False
2025-02-18,2910406.7765733944,False
2025-02-19,2910406.7765733944,False
2025-02-20,2910406.7765733944,False
2025-02-21,2910406.7765733944,True
2025-02-24,2897163.1013724655,True
2025-02-25,2882755.147032993,True
2025-02-26,2884210.495956172,True
2025-02-27,2838172.9583529425,True
2025-02-28,2882464.077248357,False
2025-03-03,2882464.077248357,False
2025-03-04,2882464.077248357,False
2025-03-05,2882464.077248357,False
2025-03-06,2882464.077248357,False
2025-03-07,2882464.077248357,False
2025-03-10,2882464.077248357,False
2025-03-11,2882464.077248357,False
2025-03-12,2882464.077248357,False
2025-03-13,2882464.077248357,False
2025-03-14,2882464.077248357,False
2025-03-17,2882464.077248357,False
2025-03-18,2882464.077248357,False
2025-03-19,2882464.077248357,False
2025-03-20,2882464.077248357,False
2025-03-21,2882464.077248357,False
2025-03-24,2882464.077248357,False
2025-03-25,2882464.077248357,False
2025-03-26,2882464.077248357,False
2025-03-27,2882464.077248357,False
2025-03-28,2882464.077248357,True
2025-03-31,2901813.3034084844,True
2025-04-01,2910009.490361032,False
2025-04-02,2910009.490361032,False
2025-04-03,2910009.490361032,True
2025-04-04,2739648.9571261825,True
2025-04-07,2734769.1200825362,True
2025-04-08,2691934.994921642,True
2025-04-09,2974640.220983546,False
2025-04-10,2974640.220983546,False
2025-04-11,2974640.220983546,False
2025-04-14,2974640.220983546,False
2025-04-15,2974640.220983546,False
2025-04-16,2974640.220983546,False
2025-04-17,2974640.220983546,False
2025-04-21,2974640.220983546,False
2025-04-22,2974640.220983546,False
2025-04-23,2974640.220983546,False
2025-04-24,2974640.220983546,False
2025-04-25,2974640.220983546,False
2025-04-28,2974640.220983546,False
2025-04-29,2974640.220983546,False
2025-04-30,2974640.220983546,False
2025-05-01,2974640.220983546,False
2025-05-02,2974640.220983546,False
2025-05-05,2974640.220983546,False
2025-05-06,2974640.220983546,False
2025-05-07,2974640.220983546,False
2025-05-08,2974640.220983546,False
2025-05-09,2974640.220983546,False
2025-05-12,2974640.220983546,False
2025-05-13,2974640.220983546,False
2025-05-14,2974640.220983546,False
2025-05-15,2974640.220983546,False
2025-05-16,2974640.220983546,False
2025-05-19,2974640.220983546,False
2025-05-20,2974640.220983546,False
2025-05-21,2974640.220983546,True
2025-05-22,2975814.0315912846,True
2025-05-23,2955502.0045530344,True
2025-05-27,3016948.4381059315,False
2025-05-28,3016948.4381059315,False
2025-05-29,3016948.4381059315,False
2025-05-30,3016948.4381059315,False
2025-06-02,3016948.4381059315,False
2025-06-03,3016948.4381059315,False
2025-06-04,3016948.4381059315,False
2025-06-05,3016948.4381059315,False
2025-06-06,3016948.4381059315,False
2025-06-09,3016948.4381059315,False
2025-06-10,3016948.4381059315,False
2025-06-11,3016948.4381059315,False
2025-06-12,3016948.4381059315,False
2025-06-13,3016948.4381059315,False
2025-06-16,3016948.4381059315,False
2025-06-17,3016948.4381059315,False
2025-06-18,3016948.4381059315,True
2025-06-20,3009863.4985977556,True
2025-06-23,3039593.421759849,False
2025-06-24,3039593.421759849,False
2025-06-25,3039593.421759849,False
2025-06-26,3039593.421759849,False
2025-06-27,3039593.421759849,False
2025-06-30,3039593.421759849,False
2025-07-01,3039593.421759849,False
2025-07-02,3039593.421759849,False
2025-07-03,3039593.421759849,False
2025-07-07,3039593.421759849,False
2025-07-08,3039593.421759849,False
2025-07-09,3039593.421759849,False
2025-07-10,3039593.421759849,False
2025-07-11,3039593.421759849,False
2025-07-14,3039593.421759849,False
2025-07-15,3039593.421759849,True
2025-07-16,3049755.691212481,True
2025-07-17,3068419.089918757,False
2025-07-18,3068419.089918757,False
2025-07-21,3068419.089918757,False
2025-07-22,3068419.089918757,False
2025-07-23,3068419.089918757,False
2025-07-24,3068419.089918757,False
2025-07-25,3068419.089918757,False
2025-07-28,3068419.089918757,False
2025-07-29,3068419.089918757,False
2025-07-30,3068419.089918757,False
2025-07-31,3068419.089918757,False
2025-08-01,3068419.089918757,False
2025-08-04,3068419.089918757,False
2025-08-05,3068419.089918757,False
2025-08-06,3068419.089918757,False
2025-08-07,3068419.089918757,False
2025-08-08,3068419.089918757,False
2025-08-11,3068419.089918757,False
2025-08-12,3068419.089918757,False
2025-08-13,3068419.089918757,False
2025-08-14,3068419.089918757,False
2025-08-15,3068419.089918757,False
2025-08-18,3068419.089918757,False
2025-08-19,3068419.089918757,False
2025-08-20,3068419.089918757,False
2025-08-21,3068419.089918757,False
2025-08-22,3068419.089918757,False
2025-08-25,3068419.089918757,False
2025-08-26,3068419.089918757,False
2025-08-27,3068419.089918757,False
2025-08-28,3068419.089918757,False
2025-08-29,3068419.089918757,False
2025-09-02,3068419.089918757,False
2025-09-03,3068419.089918757,False
2025-09-04,3068419.089918757,False
2025-09-05,3068419.089918757,False
2025-09-08,3068419.089918757,False
2025-09-09,3068419.089918757,False
2025-09-10,3068419.089918757,False
2025-09-11,3068419.089918757,False
2025-09-12,3068419.089918757,False
2025-09-15,3068419.089918757,False
2025-09-16,3068419.089918757,False
2025-09-17,3068419.089918757,False
2025-09-18,3068419.089918757,False
2025-09-19,3068419.089918757,False
2025-09-22,3068419.089918757,False
2025-09-23,3068419.089918757,False
2025-09-24,3068419.089918757,False
2025-09-25,3068419.089918757,False
2025-09-26,3068419.089918757,False
2025-09-29,3068419.089918757,False
2025-09-30,3068419.089918757,False
2025-10-01,3068419.089918757,False
2025-10-02,3068419.089918757,False
2025-10-03,3068419.089918757,False
2025-10-06,3068419.089918757,False
2025-10-07,3068419.089918757,False
2025-10-08,3068419.089918757,False
2025-10-09,3068419.089918757,False
2025-10-10,3068419.089918757,True
2025-10-13,3115501.1996259415,True
2025-10-14,3111695.160817277,False
2025-10-15,3111695.160817277,False
2025-10-16,3111695.160817277,False
2025-10-17,3111695.160817277,False
2025-10-20,3111695.160817277,False
2025-10-21,3111695.160817277,False
2025-10-22,3111695.160817277,False
2025-10-23,3111695.160817277,False
2025-10-24,3111695.160817277,False
2025-10-27,3111695.160817277,False
2025-10-28,3111695.160817277,False
2025-10-29,3111695.160817277,False
2025-10-30,3111695.160817277,True
2025-10-31,3121902.2423062115,True
2025-11-03,3127761.015537529,True
2025-11-04,3090685.9661831018,True
2025-11-05,3101396.535996603,True
2025-11-06,3068120.534909358,True
2025-11-07,3071141.464856756,True
2025-11-10,3119064.399022293,False
2025-11-11,3119064.399022293,False
2025-11-12,3119064.399022293,False
2025-11-13,3119064.399022293,False
2025-11-14,3119064.399022293,False
2025-11-17,3119064.399022293,False
2025-11-18,3119064.399022293,False
2025-11-19,3119064.399022293,False
2025-11-20,3119064.399022293,True
2025-11-21,3150134.1101369467,True
2025-11-24,3196499.679031122,False
2025-11-25,3196499.679031122,False
2025-11-26,3196499.679031122,False
2025-11-28,3196499.679031122,False
2025-12-01,3196499.679031122,False
2025-12-02,3196499.679031122,False
2025-12-03,3196499.679031122,False
2025-12-04,3196499.679031122,False
2025-12-05,3196499.679031122,False
2025-12-08,3196499.679031122,False
2025-12-09,3196499.679031122,False
2025-12-10,3196499.679031122,False
2025-12-11,3196499.679031122,False
2025-12-12,3196499.679031122,False
2025-12-15,3196499.679031122,False
2025-12-16,3196499.679031122,False
2025-12-17,3196499.679031122,True
2025-12-18,3211147.350773001,True
2025-12-19,3240252.780089055,False
2025-12-22,3240252.780089055,False
2025-12-23,3240252.780089055,False
2025-12-24,3240252.780089055,False
2025-12-26,3240252.780089055,False
2025-12-29,3240252.780089055,False
2025-12-30,3240252.780089055,False
2025-12-31,3240252.780089055,True
2026-01-02,3246192.356542468,True
2026-01-05,3267812.4148328914,False
2026-01-06,3267812.4148328914,False
2026-01-07,3267812.4148328914,False
2026-01-08,3267812.4148328914,False
2026-01-09,3267812.4148328914,False
2026-01-12,3267812.4148328914,False
2026-01-13,3267812.4148328914,False
2026-01-14,3267812.4148328914,False
2026-01-15,3267812.4148328914,False
2026-01-16,3267812.4148328914,False
2026-01-20,3267812.4148328914,True
2026-01-21,3305526.475289211,False
2026-01-22,3305526.475289211,False
2026-01-23,3305526.475289211,False
2026-01-26,3305526.475289211,False
2026-01-27,3305526.475289211,False
2026-01-28,3305526.475289211,False
2026-01-29,3305526.475289211,False
2026-01-30,3305526.475289211,False
2026-02-02,3305526.475289211,False
2026-02-03,3305526.475289211,False
2026-02-04,3305526.475289211,False
2026-02-05,3305526.475289211,False
2026-02-06,3305526.475289211,False
2026-02-09,3305526.475289211,False
2026-02-10,3305526.475289211,False
2026-02-11,3305526.475289211,False
2026-02-12,3305526.475289211,True
2026-02-13,3307855.438414167,True
2026-02-17,3313192.6455755252,True
2026-02-18,3329883.5479710433,False
2026-02-19,3329883.5479710433,False
2026-02-20,3329883.5479710433,False
2026-02-23,3329883.5479710433,False
2026-02-24,3329883.5479710433,False
2026-02-25,3329883.5479710433,False
2026-02-26,3329883.5479710433,False
2026-02-27,3329883.5479710433,False
2026-03-02,3329883.5479710433,False
2026-03-03,3329883.5479710433,False
2026-03-04,3329883.5479710433,False
2026-03-05,3329883.5479710433,False
2026-03-06,3329883.5479710433,False
2026-03-09,3329883.5479710433,False
2026-03-10,3329883.5479710433,False
2026-03-11,3329883.5479710433,False
2026-03-12,3329883.547971043,True
2026-03-13,3311035.905152302,True
2026-03-16,3344731.690987399,True
2026-03-17,3353530.590552647,True
2026-03-18,3306736.4428647375,True
2026-03-19,3289603.5855862694,True
2026-03-20,3242444.4835413923,True
2026-03-23,3276490.2256091977,True
2026-03-24,3265491.6011526375,True
2026-03-25,3283689.3252534918,True
2026-03-26,3225046.6594010154,True
2026-03-27,3170053.537118216,True
2026-03-30,3159454.8626418947,True
2026-03-31,3251293.3768541696,False
2026-04-01,3251293.3768541696,False
2026-04-02,3251293.3768541696,False
2026-04-06,3251293.3768541696,False
2026-04-07,3251293.3768541696,False
2026-04-08,3251293.3768541696,False
2026-04-09,3251293.3768541696,False
2026-04-10,3251293.3768541696,False
2026-04-13,3251293.3768541696,False
2026-04-14,3251293.3768541696,False
2026-04-15,3251293.3768541696,False
2026-04-16,3251293.3768541696,False
2026-04-17,3251293.3768541696,False
2026-04-20,3251293.3768541696,False
2026-04-21,3251293.3768541696,False
2026-04-22,3251293.3768541696,False
2026-04-23,3251293.3768541696,False
2026-04-24,3251293.3768541696,False
2026-04-27,3251293.3768541696,False
2026-04-28,3251293.3768541696,False
2026-04-29,3251293.3768541696,False
2026-04-30,3251293.3768541696,False
2026-05-01,3251293.3768541696,False
2026-05-04,3251293.3768541696,False
2026-05-05,3251293.3768541696,False
2026-05-06,3251293.3768541696,False
2026-05-07,3251293.3768541696,False
2026-05-08,3251293.3768541696,False
2026-05-11,3251293.3768541696,False
2026-05-12,3251293.3768541696,False
2026-05-13,3251293.3768541696,False
2026-05-14,3251293.3768541696,False
2026-05-15,3251293.3768541696,False
2026-05-18,3251293.3768541696,False
2026-05-19,3251293.3768541696,False
2026-05-20,3251293.3768541696,False
2026-05-21,3251293.3768541696,False
2026-05-22,3251293.3768541696,False
2026-05-26,3251293.3768541696,False
2026-05-27,3251293.3768541696,False
2026-05-28,3251293.3768541696,False
2026-05-29,3251293.3768541696,False
2026-06-01,3251293.3768541696,False
2026-06-02,3251293.3768541696,False
2026-06-03,3251293.376854169,True
2026-06-04,3263578.837879883,False
2026-06-05,3263578.837879883,True
2026-06-08,3270968.406938604,True
2026-06-09,3261366.392053919,True
2026-06-10,3209949.1510585095,True
2026-06-11,3264508.0651267883,False
2026-06-12,3264508.0651267883,False
2026-06-15,3264508.0651267883,False
2026-06-16,3264508.0651267883,True
2026-06-17,3215459.6504794084,True
2026-06-18,3248888.825653749,True
2026-06-22,3238664.532405381,True
2026-06-23,3191632.7834628886,True
2026-06-24,3190153.5240141884,True
2026-06-25,3194765.332883665,True
2026-06-26,3171662.7809054377,True
2026-06-29,3223915.445549225,False
2026-06-30,3223915.445549225,False
2026-07-01,3223915.445549225,False
2026-07-02,3223915.445549225,False
2026-07-06,3223915.445549225,False
2026-07-07,3223915.445549225,False
2026-07-08,3223915.445549225,False
2026-07-09,3223915.445549225,False
2026-07-10,3223915.445549225,False
2026-07-13,3223915.445549225,False
2026-07-14,3223915.445549225,False
2026-07-15,3223915.445549225,False
2026-07-16,3223915.445549225,False
2026-07-17,3223915.445549225,False
2026-07-20,3223915.445549225,False
2026-07-21,3223915.445549225,False
2026-07-22,3223915.445549225,False
2026-07-23,3223915.445549225,False
2026-07-24,3223915.445549225,False
2026-07-27,3223915.445549225,False
2026-07-28,3223915.445549225,False
2026-07-29,3223915.445549225,True
2026-07-30,3277967.053449682,False
2026-07-31,3277967.053449682,False
2026-08-03,3277967.053449682,False
2026-08-04,3277967.053449682,False
2026-08-05,3277967.053449682,False
2026-08-06,3277967.053449682,False
2026-08-07,3277967.053449682,False
2026-08-10,3277967.053449682,False
2026-08-11,3277967.053449682,False
2026-08-12,3277967.053449682,False
2026-08-13,3277967.053449682,False
2026-08-14,3277967.053449682,False
2026-08-17,3277967.053449682,True
2026-08-18,3255821.780540151,True
2026-08-19,3262652.027548646,True
2026-08-20,3235246.19172574,True
2026-08-21,3248482.4467981034,True
2026-08-24,3238937.070543995,True
2026-08-25,3249288.5007928945,False
2026-08-26,3249288.5007928945,False
2026-08-27,3249288.5007928945,False
2026-08-28,3249288.5007928945,False
2026-08-31,3249288.5007928945,False
2026-09-01,3249288.5007928945,False
2026-09-02,3249288.5007928945,False
2026-09-03,3249288.5007928945,False
