date,equity,in_position
1994-11-18,100000.0,False
1994-11-21,100000.0,False
1994-11-22,98173.33109520303,True
1994-11-23,98718.73849017639,True
1994-11-25,99195.96996077806,True
1994-11-28,99142.06052815878,False
1994-11-29,99142.06052815878,False
1994-11-30,99142.06052815878,False
1994-12-01,99142.06052815878,False
1994-12-02,99142.06052815878,False
1994-12-05,99142.06052815878,False
1994-12-06,99142.06052815878,False
1994-12-07,99142.06052815878,False
1994-12-08,99142.06052815878,False
1994-12-09,99142.06052815878,False
1994-12-12,99142.06052815878,False
1994-12-13,99142.06052815878,False
1994-12-14,99142.06052815878,False
1994-12-15,99142.06052815878,False
1994-12-16,99142.06052815878,False
1994-12-19,99142.06052815878,False
1994-12-20,99142.06052815878,False
1994-12-21,99142.06052815878,False
1994-12-22,99142.06052815878,False
1994-12-23,99142.06052815878,False
1994-12-27,99142.06052815878,False
1994-12-28,99142.06052815878,False
1994-12-29,99142.06052815878,False
1994-12-30,99142.06052815878,False
1995-01-03,99291.6649380612,True
1995-01-04,99766.09610158778,True
1995-01-05,99813.90520769516,False
1995-01-06,99813.90520769516,False
1995-01-09,99813.90520769516,False
1995-01-10,99813.90520769516,False
1995-01-11,99813.90520769516,False
1995-01-12,99813.90520769516,False
1995-01-13,99813.90520769516,False
1995-01-16,99813.90520769516,False
1995-01-17,99813.90520769516,False
1995-01-18,99813.90520769516,False
1995-01-19,99813.90520769516,False
1995-01-20,99560.01283138333,True
1995-01-23,99860.78764173258,True
1995-01-24,99807.41224912283,False
1995-01-25,99807.41224912283,False
1995-01-26,99807.41224912283,False
1995-01-27,99807.41224912283,False
1995-01-30,99807.41224912283,False
1995-01-31,99807.41224912283,False
1995-02-01,99807.41224912283,False
1995-02-02,99807.41224912283,False
1995-02-03,99807.41224912283,False
1995-02-06,99807.41224912283,False
1995-02-07,99807.41224912283,False
1995-02-08,99807.41224912283,False
1995-02-09,99807.41224912283,False
1995-02-10,99807.41224912283,False
1995-02-13,99807.41224912283,False
1995-02-14,99807.41224912283,False
1995-02-15,99807.41224912283,False
1995-02-16,99807.41224912283,False
1995-02-17,99807.41224912283,False
1995-02-21,99755.26534300091,True
1995-02-22,100495.39535092798,True
1995-02-23,100861.36845620594,False
1995-02-24,100861.36845620594,False
1995-02-27,100861.36845620594,False
1995-02-28,100861.36845620594,False
1995-03-01,100861.36845620594,False
1995-03-02,100861.36845620594,False
1995-03-03,100861.36845620594,False
1995-03-06,100861.36845620594,False
1995-03-07,100861.36845620594,False
1995-03-08,100861.36845620594,False
1995-03-09,100861.36845620594,False
1995-03-10,100861.36845620594,False
1995-03-13,100861.36845620594,False
1995-03-14,100861.36845620594,False
1995-03-15,100861.36845620594,False
1995-03-16,100861.36845620594,False
1995-03-17,100861.36845620594,False
1995-03-20,100861.36845620594,False
1995-03-21,100861.36845620594,False
1995-03-22,100861.36845620594,False
1995-03-23,100861.36845620594,False
1995-03-24,100861.36845620594,False
1995-03-27,100861.36845620594,False
1995-03-28,100861.36845620594,False
1995-03-29,100861.36845620594,False
1995-03-30,100861.36845620594,False
1995-03-31,100861.36845620594,False
1995-04-03,100861.36845620594,False
1995-04-04,100861.36845620594,False
1995-04-05,100861.36845620594,False
1995-04-06,100861.36845620594,False
1995-04-07,100861.36845620594,False
1995-04-10,100861.36845620594,False
1995-04-11,100861.36845620594,False
1995-04-12,101027.65542159606,True
1995-04-13,101587.02103789621,True
1995-04-17,101939.5394624732,False
1995-04-18,101939.5394624732,False
1995-04-19,101939.5394624732,False
1995-04-20,101939.5394624732,False
1995-04-21,101939.5394624732,False
1995-04-24,101939.5394624732,False
1995-04-25,101939.5394624732,False
1995-04-26,101939.5394624732,False
1995-04-27,101939.5394624732,False
1995-04-28,101939.5394624732,False
1995-05-01,101939.5394624732,False
1995-05-02,101939.5394624732,False
1995-05-03,101939.5394624732,False
1995-05-04,101939.5394624732,False
1995-05-05,101939.5394624732,False
1995-05-08,101939.5394624732,False
1995-05-09,101939.5394624732,False
1995-05-10,101939.5394624732,False
1995-05-11,101939.5394624732,False
1995-05-12,101939.5394624732,False
1995-05-15,101939.5394624732,False
1995-05-16,101939.5394624732,False
1995-05-17,101939.5394624732,False
1995-05-18,101939.5394624732,False
1995-05-19,102133.58346623502,True
1995-05-22,103267.04935435663,True
1995-05-23,103430.16287324918,False
1995-05-24,103430.16287324918,False
1995-05-25,103430.16287324918,False
1995-05-26,103430.16287324918,False
1995-05-30,103430.16287324918,False
1995-05-31,103430.16287324918,False
1995-06-01,103430.16287324918,False
1995-06-02,103430.16287324918,False
1995-06-05,103430.16287324918,False
1995-06-06,103430.16287324918,False
1995-06-07,103430.16287324918,False
1995-06-08,103430.16287324918,False
1995-06-09,103015.12597044127,True
1995-06-12,103591.48649996975,True
1995-06-13,104056.0191941668,False
1995-06-14,104056.0191941668,False
1995-06-15,104056.0191941668,False
1995-06-16,104056.0191941668,False
1995-06-19,104056.0191941668,False
1995-06-20,104056.0191941668,False
1995-06-21,104056.0191941668,False
1995-06-22,104957.44777950899,True
1995-06-23,104698.50514190333,False
1995-06-26,104698.50514190333,False
1995-06-27,104496.98727669312,True
1995-06-28,105038.73433054695,True
1995-06-29,104858.15197926234,True
1995-06-30,104797.95786216747,True
1995-07-03,105189.22925434286,True
1995-07-05,105469.10179984925,False
1995-07-06,105469.10179984925,False
1995-07-07,105469.10179984925,False
1995-07-10,105469.10179984925,False
1995-07-11,105469.10179984925,False
1995-07-12,105469.10179984925,False
1995-07-13,105469.10179984925,False
1995-07-14,105469.10179984925,False
1995-07-17,105469.10179984925,False
1995-07-18,105469.10179984925,False
1995-07-19,104707.93174778279,True
1995-07-20,105092.76903447633,True
1995-07-21,104982.9669233506,False
1995-07-24,104982.9669233506,False
1995-07-25,104982.9669233506,False
1995-07-26,104982.9669233506,False
1995-07-27,104982.9669233506,False
1995-07-28,104982.9669233506,False
1995-07-31,104982.9669233506,False
1995-08-01,104982.9669233506,False
1995-08-02,104982.9669233506,False
1995-08-03,104982.9669233506,False
1995-08-04,104982.9669233506,False
1995-08-07,104982.9669233506,False
1995-08-08,104982.9669233506,False
1995-08-09,104982.9669233506,False
1995-08-10,104982.9669233506,False
1995-08-11,104982.9669233506,False
1995-08-14,104982.9669233506,False
1995-08-15,104982.9669233506,False
1995-08-16,104982.9669233506,False
1995-08-17,104982.9669233506,False
1995-08-18,104982.9669233506,False
1995-08-21,104982.9669233506,False
1995-08-22,105020.44916606523,True
1995-08-23,104640.37337747528,True
1995-08-24,104757.32265271588,True
1995-08-25,105342.06902891891,True
1995-08-28,105613.31532857704,False
1995-08-29,105613.31532857704,False
1995-08-30,105613.31532857704,False
1995-08-31,105613.31532857704,False
1995-09-01,105613.31532857704,False
1995-09-05,105613.31532857704,False
1995-09-06,105613.31532857704,False
1995-09-07,105613.31532857704,False
1995-09-08,105613.31532857704,False
1995-09-11,105613.31532857704,False
1995-09-12,105613.31532857704,False
1995-09-13,105613.31532857704,False
1995-09-14,105613.31532857704,False
1995-09-15,105613.31532857704,False
1995-09-18,105613.31532857704,False
1995-09-19,105613.31532857704,False
1995-09-20,105613.31532857704,False
1995-09-21,105613.31532857704,False
1995-09-22,105613.31532857704,False
1995-09-25,105613.31532857704,False
1995-09-26,105613.31532857704,False
1995-09-27,105613.31532857704,False
1995-09-28,105613.31532857704,False
1995-09-29,105613.31532857704,False
1995-10-02,105613.31532857704,False
1995-10-03,105613.31532857704,False
1995-10-04,105613.31532857704,False
1995-10-05,105613.31532857704,False
1995-10-06,105613.31532857704,False
1995-10-09,105613.31532857704,False
1995-10-10,105613.31532857704,False
1995-10-11,105613.31532857704,False
1995-10-12,105613.31532857704,False
1995-10-13,105613.31532857704,False
1995-10-16,105613.31532857704,False
1995-10-17,106185.42051792478,True
1995-10-18,106672.55138783318,False
1995-10-19,106672.55138783318,False
1995-10-20,106672.55138783318,False
1995-10-23,106935.85208044837,True
1995-10-24,107049.70445518594,True
1995-10-25,107113.65761112353,False
1995-10-26,105945.64131357684,True
1995-10-27,106748.25980837666,True
1995-10-30,106984.85224664566,False
1995-10-31,106984.85224664566,False
1995-11-01,107881.10853750992,True
1995-11-02,107687.50754336893,False
1995-11-03,107687.50754336893,False
1995-11-06,107687.50754336893,False
1995-11-07,107323.81553171376,True
1995-11-08,108293.26551260595,True
1995-11-09,108699.22896319137,False
1995-11-10,108699.22896319137,False
1995-11-13,108699.22896319137,False
1995-11-14,108699.22896319137,False
1995-11-15,109653.72449895,True
1995-11-16,109631.79375405022,False
1995-11-17,109631.79375405022,False
1995-11-20,109631.79375405022,False
1995-11-21,110381.37897813295,True
1995-11-22,110273.5886988024,False
1995-11-24,110273.5886988024,False
1995-11-27,110273.5886988024,False
1995-11-28,110273.5886988024,False
1995-11-29,110273.5886988024,False
1995-11-30,110273.5886988024,False
1995-12-01,110273.5886988024,False
1995-12-04,110273.5886988024,False
1995-12-05,110273.5886988024,False
1995-12-06,110273.5886988024,False
1995-12-07,110273.5886988024,False
1995-12-08,110140.78847812455,True
1995-12-11,110340.21584646298,False
1995-12-12,110340.21584646298,False
1995-12-13,110340.21584646298,False
1995-12-14,110340.21584646298,False
1995-12-15,110340.21584646298,False
1995-12-18,110340.21584646298,False
1995-12-19,111426.45804761007,True
1995-12-20,111745.11893400851,False
1995-12-21,111745.11893400851,False
1995-12-22,111745.11893400851,False
1995-12-26,111745.11893400851,False
1995-12-27,111745.11893400851,False
1995-12-28,111745.11893400851,False
1995-12-29,111745.11893400851,False
1996-01-02,111745.11893400851,False
1996-01-03,111745.11893400851,False
1996-01-04,111745.11893400851,False
1996-01-05,111745.11893400851,False
1996-01-08,111745.11893400851,False
1996-01-09,111745.11893400851,False
1996-01-10,110399.59013056417,True
1996-01-11,111061.19145960842,True
1996-01-12,110888.60220979514,True
1996-01-15,110658.48321004408,True
1996-01-16,112010.4231288215,True
1996-01-17,111729.1981491698,False
1996-01-18,111729.1981491698,False
1996-01-19,111729.1981491698,False
1996-01-22,111729.1981491698,False
1996-01-23,111729.1981491698,False
1996-01-24,111729.1981491698,False
1996-01-25,111729.1981491698,False
1996-01-26,111729.1981491698,False
1996-01-29,111729.1981491698,False
1996-01-30,111729.1981491698,False
1996-01-31,111729.1981491698,False
1996-02-01,111729.1981491698,False
1996-02-02,111729.1981491698,False
1996-02-05,111729.1981491698,False
1996-02-06,111729.1981491698,False
1996-02-07,111729.1981491698,False
1996-02-08,111729.1981491698,False
1996-02-09,111729.1981491698,False
1996-02-12,111729.1981491698,False
1996-02-13,111729.1981491698,False
1996-02-14,111729.1981491698,False
1996-02-15,111253.63939857112,True
1996-02-16,110800.40495670548,True
1996-02-20,109707.3392331503,True
1996-02-21,111067.00843350217,True
1996-02-22,111657.86892045355,False
1996-02-23,111657.86892045355,False
1996-02-26,111657.86892045355,False
1996-02-27,111019.81477652646,True
1996-02-28,110511.1550600269,True
1996-02-29,109440.31053425145,True
1996-03-01,111180.44145539278,True
1996-03-04,111399.08863235464,False
1996-03-05,111399.08863235464,False
1996-03-06,111399.08863235464,False
1996-03-07,111399.08863235464,False
1996-03-08,111399.08863235464,False
1996-03-11,111399.08863235464,False
1996-03-12,111399.08863235464,False
1996-03-13,111399.08863235464,False
1996-03-14,111399.08863235464,False
1996-03-15,111399.08863235464,False
1996-03-18,111399.08863235464,False
1996-03-19,111399.08863235464,False
1996-03-20,111399.08863235464,False
1996-03-21,111399.08863235464,False
1996-03-22,111399.08863235464,False
1996-03-25,111399.08863235464,False
1996-03-26,111399.08863235464,False
1996-03-27,111399.08863235464,False
1996-03-28,112213.0073368352,True
1996-03-29,111673.52172463888,True
1996-04-01,112968.28719391006,True
1996-04-02,113080.54659528319,False
1996-04-03,113080.54659528319,False
1996-04-04,113080.54659528319,False
1996-04-08,113080.54659528319,False
1996-04-09,113080.54659528319,False
1996-04-10,113080.54659528319,False
1996-04-11,113080.54659528319,False
1996-04-12,113080.54659528319,False
1996-04-15,113080.54659528319,False
1996-04-16,113080.54659528319,False
1996-04-17,113080.54659528319,False
1996-04-18,113080.54659528319,False
1996-04-19,113080.54659528319,False
1996-04-22,113080.54659528319,False
1996-04-23,113080.54659528319,False
1996-04-24,113080.54659528319,False
1996-04-25,113080.54659528319,False
1996-04-26,113080.54659528319,False
1996-04-29,113080.54659528319,False
1996-04-30,113080.54659528319,False
1996-05-01,113080.54659528319,False
1996-05-02,113080.54659528319,False
1996-05-03,113080.54659528319,False
1996-05-06,113080.54659528319,False
1996-05-07,113080.54659528319,False
1996-05-08,113080.54659528319,False
1996-05-09,113080.54659528319,False
1996-05-10,113080.54659528319,False
1996-05-13,113080.54659528319,False
1996-05-14,113080.54659528319,False
1996-05-15,113080.54659528319,False
1996-05-16,113080.54659528319,False
1996-05-17,113080.54659528319,False
1996-05-20,113080.54659528319,False
1996-05-21,113080.54659528319,False
1996-05-22,113080.54659528319,False
1996-05-23,113080.54659528319,False
1996-05-24,113080.54659528319,False
1996-05-28,113080.54659528319,False
1996-05-29,113080.54659528319,False
1996-05-30,113080.54659528319,False
1996-05-31,113080.54659528319,False
1996-06-03,113080.54659528319,False
1996-06-04,113080.54659528319,False
1996-06-05,113080.54659528319,False
1996-06-06,113080.54659528319,False
1996-06-07,113080.54659528319,False
1996-06-10,113080.54659528319,False
1996-06-11,113080.54659528319,False
1996-06-12,112482.70962202293,True
1996-06-13,112482.70962202293,True
1996-06-14,112012.07066962952,True
1996-06-17,111933.63921114535,True
1996-06-18,111018.49954791012,True
1996-06-19,111515.29347568454,True
1996-06-20,111436.84528337093,True
1996-06-21,111802.89780189913,True
1996-06-24,112041.95101378483,False
1996-06-25,112041.95101378483,False
1996-06-26,112041.95101378483,False
1996-06-27,112810.2733192183,True
1996-06-28,113262.05210632128,False
1996-07-01,113262.05210632128,False
1996-07-02,113262.05210632128,False
1996-07-03,113262.05210632128,False
1996-07-05,113262.05210632128,False
1996-07-08,112700.16896725963,True
1996-07-09,113158.52756450784,True
1996-07-10,113616.86890622777,True
1996-07-11,113108.93086239809,False
1996-07-12,113108.93086239809,False
1996-07-15,113108.93086239809,False
1996-07-16,113030.07972916613,True
1996-07-17,114379.69262145468,True
1996-07-18,114694.15242535793,False
1996-07-19,114694.15242535793,False
1996-07-22,114694.15242535793,False
1996-07-23,114694.15242535793,False
1996-07-24,116291.19502788113,True
1996-07-25,117332.60871469797,True
1996-07-26,117656.21066098154,False
1996-07-29,117656.21066098154,False
1996-07-30,117980.3669343759,True
1996-07-31,118043.6834490906,False
1996-08-01,118043.6834490906,False
1996-08-02,118043.6834490906,False
1996-08-05,118043.6834490906,False
1996-08-06,118043.6834490906,False
1996-08-07,118043.6834490906,False
1996-08-08,118043.6834490906,False
1996-08-09,118043.6834490906,False
1996-08-12,118043.6834490906,False
1996-08-13,118043.6834490906,False
1996-08-14,118043.6834490906,False
1996-08-15,118043.6834490906,False
1996-08-16,118043.6834490906,False
1996-08-19,118043.6834490906,False
1996-08-20,118043.6834490906,False
1996-08-21,118043.6834490906,False
1996-08-22,118043.6834490906,False
1996-08-23,118043.6834490906,False
1996-08-26,118043.6834490906,False
1996-08-27,118043.6834490906,False
1996-08-28,118043.6834490906,False
1996-08-29,118043.6834490906,False
1996-08-30,118043.6834490906,False
1996-09-03,118043.6834490906,False
1996-09-04,118043.6834490906,False
1996-09-05,118043.6834490906,False
1996-09-06,119263.58601727031,True
1996-09-09,119691.82707561212,False
1996-09-10,119691.82707561212,False
1996-09-11,119691.82707561212,False
1996-09-12,119691.82707561212,False
1996-09-13,119691.82707561212,False
1996-09-16,119691.82707561212,False
1996-09-17,119691.82707561212,False
1996-09-18,119691.82707561212,False
1996-09-19,119691.82707561212,False
1996-09-20,119691.82707561212,False
1996-09-23,119691.82707561212,False
1996-09-24,119691.82707561212,False
1996-09-25,119691.82707561212,False
1996-09-26,119691.82707561212,False
1996-09-27,119691.82707561212,False
1996-09-30,119691.82707561212,False
1996-10-01,119691.82707561212,False
1996-10-02,119691.82707561212,False
1996-10-03,119691.82707561212,False
1996-10-04,119691.82707561212,False
1996-10-07,119691.82707561212,False
1996-10-08,119691.82707561212,False
1996-10-09,119691.82707561212,False
1996-10-10,119426.09449652067,True
1996-10-11,120903.79899777893,True
1996-10-14,120879.61823797938,False
1996-10-15,120879.61823797938,False
1996-10-16,120879.61823797938,False
1996-10-17,120879.61823797938,False
1996-10-18,120879.61823797938,False
1996-10-21,120879.61823797938,False
1996-10-22,120879.61823797938,False
1996-10-23,121525.38614022524,True
1996-10-24,121501.08106299721,False
1996-10-25,121611.90139277949,True
1996-10-28,120801.15538349429,True
1996-10-29,121774.05059463652,True
1996-10-30,121368.68623795136,True
1996-10-31,122530.74686996937,True
1996-11-01,122749.42452484822,False
1996-11-04,122749.42452484822,False
1996-11-05,122749.42452484822,False
1996-11-06,122749.42452484822,False
1996-11-07,122749.42452484822,False
1996-11-08,122749.42452484822,False
1996-11-11,122749.42452484822,False
1996-11-12,122749.42452484822,False
1996-11-13,122749.42452484822,False
1996-11-14,122749.42452484822,False
1996-11-15,122749.42452484822,False
1996-11-18,122749.42452484822,False
1996-11-19,122749.42452484822,False
1996-11-20,122749.42452484822,False
1996-11-21,122749.42452484822,False
1996-11-22,122749.42452484822,False
1996-11-25,122749.42452484822,False
1996-11-26,122749.42452484822,False
1996-11-27,122749.42452484822,False
1996-11-29,122749.42452484822,False
1996-12-02,122749.42452484822,False
1996-12-03,122749.42452484822,False
1996-12-04,122852.93958017929,True
1996-12-05,122519.99661146107,True
1996-12-06,121802.90633029032,True
1996-12-09,123595.63203321722,True
1996-12-10,123826.9653579229,False
1996-12-11,123826.9653579229,False
1996-12-12,123826.9653579229,False
1996-12-13,124225.8223845766,True
1996-12-16,122637.25688093752,True
1996-12-17,123616.88074719765,True
1996-12-18,124596.48766875906,True
1996-12-19,125683.34182460216,False
1996-12-20,125683.34182460216,False
1996-12-23,125683.34182460216,False
1996-12-24,125683.34182460216,False
1996-12-26,125683.34182460216,False
1996-12-27,125683.34182460216,False
1996-12-30,125683.34182460216,False
1996-12-31,123258.75909564242,True
1997-01-02,123571.73097654546,True
1997-01-03,125345.23830166261,True
1997-01-06,125320.16925400229,False
1997-01-07,125320.16925400229,False
1997-01-08,125320.16925400229,False
1997-01-09,125320.16925400229,False
1997-01-10,125320.16925400229,False
1997-01-13,125320.16925400229,False
1997-01-14,125320.16925400229,False
1997-01-15,125320.16925400229,False
1997-01-16,125320.16925400229,False
1997-01-17,125320.16925400229,False
1997-01-20,125320.16925400229,False
1997-01-21,125320.16925400229,False
1997-01-22,125320.16925400229,False
1997-01-23,125320.16925400229,False
1997-01-24,125320.16925400229,False
1997-01-27,124734.84754392684,True
1997-01-28,125091.37834539989,True
1997-01-29,126313.76966473604,True
1997-01-30,126899.58033133924,False
1997-01-31,126899.58033133924,False
1997-02-03,126899.58033133924,False
1997-02-04,126899.58033133924,False
1997-02-05,126899.58033133924,False
1997-02-06,126899.58033133924,False
1997-02-07,126899.58033133924,False
1997-02-10,126899.58033133924,False
1997-02-11,126899.58033133924,False
1997-02-12,126899.58033133924,False
1997-02-13,126899.58033133924,False
1997-02-14,126899.58033133924,False
1997-02-18,126899.58033133924,False
1997-02-19,126899.58033133924,False
1997-02-20,126899.58033133924,False
1997-02-21,126899.58033133924,False
1997-02-24,126899.58033133924,False
1997-02-25,126899.58033133924,False
1997-02-26,126899.58033133924,False
1997-02-27,126899.58033133924,False
1997-02-28,126724.11770772119,True
1997-03-03,127574.61514200119,True
1997-03-04,127899.23500388763,False
1997-03-05,127899.23500388763,False
1997-03-06,127899.23500388763,False
1997-03-07,127899.23500388763,False
1997-03-10,127899.23500388763,False
1997-03-11,127899.23500388763,False
1997-03-12,127899.23500388763,False
1997-03-13,127899.23500388763,False
1997-03-14,127948.91631208485,True
1997-03-17,128300.14863137293,True
1997-03-18,128424.98663285704,False
1997-03-19,128424.98663285704,False
1997-03-20,128424.98663285704,False
1997-03-21,128424.98663285704,False
1997-03-24,128424.98663285704,False
1997-03-25,128424.98663285704,False
1997-03-26,128424.98663285704,False
1997-03-27,128424.98663285704,False
1997-03-31,128424.98663285704,False
1997-04-01,129439.09374240531,True
1997-04-02,127119.57946148775,True
1997-04-03,127812.76508774587,True
1997-04-04,129412.42422526459,True
1997-04-07,129972.96611583966,False
1997-04-08,129972.96611583966,False
1997-04-09,129972.96611583966,False
1997-04-10,129972.96611583966,False
1997-04-11,127025.60422136703,True
1997-04-14,128729.74683511053,True
1997-04-15,130920.76755353842,True
1997-04-16,130461.87403341605,False
1997-04-17,130461.87403341605,False
1997-04-18,130461.87403341605,False
1997-04-21,130461.87403341605,False
1997-04-22,130461.87403341605,False
1997-04-23,130461.87403341605,False
1997-04-24,130461.87403341605,False
1997-04-25,130461.87403341605,False
1997-04-28,131767.8516929939,True
1997-04-29,133978.91944135787,False
1997-04-30,133978.91944135787,False
1997-05-01,133978.91944135787,False
1997-05-02,133978.91944135787,False
1997-05-05,133978.91944135787,False
1997-05-06,133978.91944135787,False
1997-05-07,133978.91944135787,False
1997-05-08,135187.65979817326,True
1997-05-09,136114.30788513712,True
1997-05-12,136601.78655541924,False
1997-05-13,136601.78655541924,False
1997-05-14,136601.78655541924,False
1997-05-15,136601.78655541924,False
1997-05-16,136601.78655541924,False
1997-05-19,136601.78655541924,False
1997-05-20,136601.78655541924,False
1997-05-21,136601.78655541924,False
1997-05-22,136601.78655541924,False
1997-05-23,136601.78655541924,False
1997-05-27,136601.78655541924,False
1997-05-28,136601.78655541924,False
1997-05-29,136601.78655541924,False
1997-05-30,136601.78655541924,False
1997-06-02,136601.78655541924,False
1997-06-03,136601.78655541924,False
1997-06-04,136601.78655541924,False
1997-06-05,136601.78655541924,False
1997-06-06,136601.78655541924,False
1997-06-09,136601.78655541924,False
1997-06-10,136601.78655541924,False
1997-06-11,136601.78655541924,False
1997-06-12,136601.78655541924,False
1997-06-13,136601.78655541924,False
1997-06-16,136601.78655541924,False
1997-06-17,136601.78655541924,False
1997-06-18,136601.78655541924,False
1997-06-19,136601.78655541924,False
1997-06-20,136601.78655541924,False
1997-06-23,136601.78655541924,False
1997-06-24,138702.40252266204,True
1997-06-25,138457.08401173778,False
1997-06-26,138457.08401173778,False
1997-06-27,138457.08401173778,False
1997-06-30,138457.08401173778,False
1997-07-01,138457.08401173778,False
1997-07-02,138457.08401173778,False
1997-07-03,138457.08401173778,False
1997-07-07,138457.08401173778,False
1997-07-08,138457.08401173778,False
1997-07-09,138457.08401173778,False
1997-07-10,138457.08401173778,False
1997-07-11,138457.08401173778,False
1997-07-14,138457.08401173778,False
1997-07-15,138457.08401173778,False
1997-07-16,138457.08401173778,False
1997-07-17,138457.08401173778,False
1997-07-18,138457.08401173778,False
1997-07-21,138476.78923041062,True
1997-07-22,142149.60693117828,True
1997-07-23,142429.14995925018,False
1997-07-24,142429.14995925018,False
1997-07-25,142429.14995925018,False
1997-07-28,142429.14995925018,False
1997-07-29,142429.14995925018,False
1997-07-30,142429.14995925018,False
1997-07-31,142429.14995925018,False
1997-08-01,142429.14995925018,False
1997-08-04,142429.14995925018,False
1997-08-05,142429.14995925018,False
1997-08-06,142429.14995925018,False
1997-08-07,142429.14995925018,False
1997-08-08,142429.14995925018,False
1997-08-11,142429.14995925018,False
1997-08-12,142429.14995925018,False
1997-08-13,140263.2348212365,True
1997-08-14,140785.71893333725,True
1997-08-15,136463.35036959447,True
1997-08-18,139503.2579309081,True
1997-08-19,140140.20406240344,False
1997-08-20,140140.20406240344,False
1997-08-21,140140.20406240344,False
1997-08-22,140140.20406240344,False
1997-08-25,140140.20406240344,False
1997-08-26,140140.20406240344,False
1997-08-27,140737.68243690894,True
1997-08-28,138596.55274445997,True
1997-08-29,139149.8726863387,True
1997-09-02,143672.72470311457,True
1997-09-03,143619.94494315697,False
1997-09-04,143619.94494315697,False
1997-09-05,143619.94494315697,False
1997-09-08,143619.94494315697,False
1997-09-09,143619.94494315697,False
1997-09-10,143619.94494315697,False
1997-09-11,142662.30830923773,True
1997-09-12,144960.15905993484,True
1997-09-15,144931.16702812284,False
1997-09-16,144931.16702812284,False
1997-09-17,144931.16702812284,False
1997-09-18,144931.16702812284,False
1997-09-19,144931.16702812284,False
1997-09-22,144931.16702812284,False
1997-09-23,144931.16702812284,False
1997-09-24,144931.16702812284,False
1997-09-25,144037.38574245106,True
1997-09-26,145238.49803183108,True
1997-09-29,145257.4852149016,False
1997-09-30,145257.4852149016,False
1997-10-01,145257.4852149016,False
1997-10-02,145257.4852149016,False
1997-10-03,145257.4852149016,False
1997-10-06,145257.4852149016,False
1997-10-07,145257.4852149016,False
1997-10-08,145257.4852149016,False
1997-10-09,145257.4852149016,False
1997-10-10,145257.4852149016,False
1997-10-13,145257.4852149016,False
1997-10-14,145257.4852149016,False
1997-10-15,145257.4852149016,False
1997-10-16,145257.4852149016,False
1997-10-17,145257.4852149016,False
1997-10-20,145257.4852149016,False
1997-10-21,145257.4852149016,False
1997-10-22,145257.4852149016,False
1997-10-23,145257.4852149016,False
1997-10-24,145257.4852149016,False
1997-10-27,145257.4852149016,False
1997-10-28,158729.30557191325,True
1997-10-29,159181.55769026247,False
1997-10-30,159181.55769026247,False
1997-10-31,159583.08302788498,True
1997-11-03,161500.87516579605,False
1997-11-04,161500.87516579605,False
1997-11-05,161500.87516579605,False
1997-11-06,161500.87516579605,False
1997-11-07,161500.87516579605,False
1997-11-10,161500.87516579605,False
1997-11-11,161500.87516579605,False
1997-11-12,161500.87516579605,False
1997-11-13,162075.39880377488,True
1997-11-14,164282.00736475206,True
1997-11-17,166565.62656450737,False
1997-11-18,166565.62656450737,False
1997-11-19,166565.62656450737,False
1997-11-20,166565.62656450737,False
1997-11-21,166565.62656450737,False
1997-11-24,166565.62656450737,False
1997-11-25,166565.62656450737,False
1997-11-26,166565.62656450737,False
1997-11-28,166565.62656450737,False
1997-12-01,166565.62656450737,False
1997-12-02,166565.62656450737,False
1997-12-03,166565.62656450737,False
1997-12-04,166565.62656450737,False
1997-12-05,166565.62656450737,False
1997-12-08,166565.62656450737,False
1997-12-09,166565.62656450737,False
1997-12-10,166565.62656450737,False
1997-12-11,166565.62656450737,False
1997-12-12,165345.11626308912,True
1997-12-15,167017.9943976047,True
1997-12-16,167847.83908718385,False
1997-12-17,167847.83908718385,False
1997-12-18,165974.91923906645,True
1997-12-19,164081.463511111,True
1997-12-22,165136.39750105524,True
1997-12-23,165184.4934404947,False
1997-12-24,163348.02228622398,True
1997-12-26,164003.8189631844,True
1997-12-29,167228.15262490645,True
1997-12-30,167741.09492573567,False
1997-12-31,167741.09492573567,False
1998-01-02,167741.09492573567,False
1998-01-05,167741.09492573567,False
1998-01-06,167741.09492573567,False
1998-01-07,168362.02191618457,True
1998-01-08,166889.4677886378,True
1998-01-09,161108.32936197254,True
1998-01-12,164053.43761706617,True
1998-01-13,166344.07737102784,True
1998-01-14,166965.14616298533,False
1998-01-15,166965.14616298533,False
1998-01-16,166965.14616298533,False
1998-01-20,166965.14616298533,False
1998-01-21,166965.14616298533,False
1998-01-22,166965.14616298533,False
1998-01-23,166965.14616298533,False
1998-01-26,166965.14616298533,False
1998-01-27,166965.14616298533,False
1998-01-28,166965.14616298533,False
1998-01-29,166965.14616298533,False
1998-01-30,166965.14616298533,False
1998-02-02,166965.14616298533,False
1998-02-03,166965.14616298533,False
1998-02-04,166965.14616298533,False
1998-02-05,166965.14616298533,False
1998-02-06,166965.14616298533,False
1998-02-09,166965.14616298533,False
1998-02-10,166965.14616298533,False
1998-02-11,166965.14616298533,False
1998-02-12,166965.14616298533,False
1998-02-13,166965.14616298533,False
1998-02-17,166965.14616298533,False
1998-02-18,166965.14616298533,False
1998-02-19,166965.14616298533,False
1998-02-20,166965.14616298533,False
1998-02-23,166965.14616298533,False
1998-02-24,166965.14616298533,False
1998-02-25,166965.14616298533,False
1998-02-26,166965.14616298533,False
1998-02-27,166965.14616298533,False
1998-03-02,166965.14616298533,False
1998-03-03,166965.14616298533,False
1998-03-04,166965.14616298533,False
1998-03-05,166965.14616298533,False
1998-03-06,166965.14616298533,False
1998-03-09,166965.14616298533,False
1998-03-10,166965.14616298533,False
1998-03-11,166965.14616298533,False
1998-03-12,166965.14616298533,False
1998-03-13,166965.14616298533,False
1998-03-16,166965.14616298533,False
1998-03-17,166965.14616298533,False
1998-03-18,166965.14616298533,False
1998-03-19,166965.14616298533,False
1998-03-20,166965.14616298533,False
1998-03-23,166965.14616298533,False
1998-03-24,166965.14616298533,False
1998-03-25,166965.14616298533,False
1998-03-26,166965.14616298533,False
1998-03-27,166965.14616298533,False
1998-03-30,166965.14616298533,False
1998-03-31,166965.14616298533,False
1998-04-01,166965.14616298533,False
1998-04-02,166965.14616298533,False
1998-04-03,166965.14616298533,False
1998-04-06,166965.14616298533,False
1998-04-07,165718.05014796756,True
1998-04-08,164784.42733023255,True
1998-04-09,166091.4992750616,True
1998-04-13,166338.31180315802,False
1998-04-14,166338.31180315802,False
1998-04-15,166338.31180315802,False
1998-04-16,166338.31180315802,False
1998-04-17,166338.31180315802,False
1998-04-20,166338.31180315802,False
1998-04-21,166338.31180315802,False
1998-04-22,166338.31180315802,False
1998-04-23,166338.31180315802,False
1998-04-24,166338.31180315802,False
1998-04-27,166338.31180315802,False
1998-04-28,166338.31180315802,False
1998-04-29,166338.31180315802,False
1998-04-30,166338.31180315802,False
1998-05-01,166338.31180315802,False
1998-05-04,166338.31180315802,False
1998-05-05,166338.31180315802,False
1998-05-06,166338.31180315802,False
1998-05-07,164564.86785200934,True
1998-05-08,167245.69022056164,True
1998-05-11,167870.5569922912,False
1998-05-12,167870.5569922912,False
1998-05-13,167870.5569922912,False
1998-05-14,167870.5569922912,False
1998-05-15,167870.5569922912,False
1998-05-18,167870.5569922912,False
1998-05-19,167870.5569922912,False
1998-05-20,167870.5569922912,False
1998-05-21,167870.5569922912,False
1998-05-22,167870.5569922912,False
1998-05-26,167870.5569922912,False
1998-05-27,169528.40757185666,True
1998-05-28,170301.62721870665,True
1998-05-29,171040.6318961835,False
1998-06-01,171889.1710032307,True
1998-06-02,172036.29440209226,True
1998-06-03,169289.99095667686,True
1998-06-04,172428.623465723,True
1998-06-05,173178.63893666596,False
1998-06-08,173178.63893666596,False
1998-06-09,173178.63893666596,False
1998-06-10,173178.63893666596,False
1998-06-11,173178.63893666596,False
1998-06-12,174030.41291689826,True
1998-06-15,169450.66520855884,True
1998-06-16,172060.62895632218,True
1998-06-17,173552.4940834635,False
1998-06-18,173552.4940834635,False
1998-06-19,173552.4940834635,False
1998-06-22,173552.4940834635,False
1998-06-23,173552.4940834635,False
1998-06-24,173552.4940834635,False
1998-06-25,173552.4940834635,False
1998-06-26,173552.4940834635,False
1998-06-29,173552.4940834635,False
1998-06-30,173552.4940834635,False
1998-07-01,173552.4940834635,False
1998-07-02,173552.4940834635,False
1998-07-06,173552.4940834635,False
1998-07-07,173552.4940834635,False
1998-07-08,173552.4940834635,False
1998-07-09,173552.4940834635,False
1998-07-10,173552.4940834635,False
1998-07-13,173552.4940834635,False
1998-07-14,173552.4940834635,False
1998-07-15,173552.4940834635,False
1998-07-16,173552.4940834635,False
1998-07-17,173552.4940834635,False
1998-07-20,173552.4940834635,False
1998-07-21,173552.4940834635,False
1998-07-22,173750.82543071077,True
1998-07-23,170301.90883149602,True
1998-07-24,170162.08788828462,True
1998-07-27,171373.86939611682,True
1998-07-28,170640.62972712377,False
1998-07-29,170640.62972712377,False
1998-07-30,170640.62972712377,False
1998-07-31,170640.62972712377,False
1998-08-03,170640.62972712377,False
1998-08-04,162672.42685845227,True
1998-08-05,164905.3719701191,True
1998-08-06,165618.01402703405,True
1998-08-07,166724.88966983437,False
1998-08-10,166724.88966983437,False
1998-08-11,166724.88966983437,False
1998-08-12,166724.88966983437,False
1998-08-13,166724.88966983437,False
1998-08-14,163277.90839834846,True
1998-08-17,166739.63083788942,True
1998-08-18,167667.6801603477,False
1998-08-19,167667.6801603477,False
1998-08-20,167667.6801603477,False
1998-08-21,167667.6801603477,False
1998-08-24,167667.6801603477,False
1998-08-25,167667.6801603477,False
1998-08-26,167667.6801603477,False
1998-08-27,167667.6801603477,False
1998-08-28,165088.94885816827,True
1998-08-31,153311.13993116474,True
1998-09-01,159798.91603502262,True
1998-09-02,158651.07872434007,True
1998-09-03,155875.06912263334,False
1998-09-04,155875.06912263334,False
1998-09-08,155875.06912263334,False
1998-09-09,155875.06912263334,False
1998-09-10,155875.06912263334,False
1998-09-11,155875.06912263334,False
1998-09-14,155875.06912263334,False
1998-09-15,155875.06912263334,False
1998-09-16,155875.06912263334,False
1998-09-17,155875.06912263334,False
1998-09-18,155415.7577592061,True
1998-09-21,155320.6149629042,True
1998-09-22,156605.04271298027,True
1998-09-23,158095.70198832042,False
1998-09-24,158095.70198832042,False
1998-09-25,158095.70198832042,False
1998-09-28,158095.70198832042,False
1998-09-29,158095.70198832042,False
1998-09-30,158095.70198832042,False
1998-10-01,156138.28489755632,True
1998-10-02,159150.44029880583,True
1998-10-05,157341.30026113798,False
1998-10-06,157341.30026113798,False
1998-10-07,157341.30026113798,False
1998-10-08,157341.30026113798,False
1998-10-09,157341.30026113798,False
1998-10-12,157341.30026113798,False
1998-10-13,157341.30026113798,False
1998-10-14,157341.30026113798,False
1998-10-15,157341.30026113798,False
1998-10-16,157341.30026113798,False
1998-10-19,157341.30026113798,False
1998-10-20,157341.30026113798,False
1998-10-21,157341.30026113798,False
1998-10-22,157341.30026113798,False
1998-10-23,157341.30026113798,False
1998-10-26,157341.30026113798,False
1998-10-27,157341.30026113798,False
1998-10-28,157341.30026113798,False
1998-10-29,157341.30026113798,False
1998-10-30,157341.30026113798,False
1998-11-02,157341.30026113798,False
1998-11-03,157341.30026113798,False
1998-11-04,157341.30026113798,False
1998-11-05,157341.30026113798,False
1998-11-06,157341.30026113798,False
1998-11-09,157341.30026113798,False
1998-11-10,157341.30026113798,False
1998-11-11,157341.30026113798,False
1998-11-12,157341.30026113798,False
1998-11-13,157341.30026113798,False
1998-11-16,157341.30026113798,False
1998-11-17,157341.30026113798,False
1998-11-18,157341.30026113798,False
1998-11-19,157341.30026113798,False
1998-11-20,157341.30026113798,False
1998-11-23,157341.30026113798,False
1998-11-24,157341.30026113798,False
1998-11-25,157341.30026113798,False
1998-11-27,157341.30026113798,False
1998-11-30,157341.30026113798,False
1998-12-01,159341.8275932874,True
1998-12-02,158876.16337874805,True
1998-12-03,158802.0635022817,False
1998-12-04,161152.7149411069,True
1998-12-07,160695.13993033062,False
1998-12-08,160695.13993033062,False
1998-12-09,160695.13993033062,False
1998-12-10,160695.13993033062,False
1998-12-11,161611.63485469282,True
1998-12-14,156954.7360915373,True
1998-12-15,161007.9627928023,True
1998-12-16,161579.3125277219,False
1998-12-17,161579.3125277219,False
1998-12-18,161579.3125277219,False
1998-12-21,161579.3125277219,False
1998-12-22,161579.3125277219,False
1998-12-23,161579.3125277219,False
1998-12-24,161579.3125277219,False
1998-12-28,161579.3125277219,False
1998-12-29,161579.3125277219,False
1998-12-30,161579.3125277219,False
1998-12-31,161579.3125277219,False
1999-01-04,161579.3125277219,False
1999-01-05,161579.3125277219,False
1999-01-06,161579.3125277219,False
1999-01-07,161579.3125277219,False
1999-01-08,161579.3125277219,False
1999-01-11,161579.3125277219,False
1999-01-12,161579.3125277219,False
1999-01-13,161579.3125277219,False
1999-01-14,161579.3125277219,False
1999-01-15,161579.3125277219,False
1999-01-19,161579.3125277219,False
1999-01-20,161579.3125277219,False
1999-01-21,161579.3125277219,False
1999-01-22,162125.72831741872,True
1999-01-25,163779.22886119658,True
1999-01-26,164159.76547634162,False
1999-01-27,164159.76547634162,False
1999-01-28,164159.76547634162,False
1999-01-29,164159.76547634162,False
1999-02-01,164159.76547634162,False
1999-02-02,164159.76547634162,False
1999-02-03,164159.76547634162,False
1999-02-04,164159.76547634162,False
1999-02-05,164159.76547634162,False
1999-02-08,164159.76547634162,False
1999-02-09,164159.76547634162,False
1999-02-10,164378.9261785312,True
1999-02-11,168158.71753164,True
1999-02-12,167705.192966485,False
1999-02-16,167705.192966485,False
1999-02-17,167076.17329206737,True
1999-02-18,168394.74797945385,True
1999-02-19,169117.83732414964,True
1999-02-22,173626.51206166472,True
1999-02-23,173634.31291965395,False
1999-02-24,173634.31291965395,False
1999-02-25,172946.14409389795,True
1999-02-26,172249.1319262651,True
1999-03-01,172728.32779151268,True
1999-03-02,171203.61367481586,True
1999-03-03,172118.44214483397,True
1999-03-04,174296.60516868657,True
1999-03-05,177702.55512582444,False
1999-03-08,177702.55512582444,False
1999-03-09,177702.55512582444,False
1999-03-10,177702.55512582444,False
1999-03-11,177702.55512582444,False
1999-03-12,177702.55512582444,False
1999-03-15,177702.55512582444,False
1999-03-16,177702.55512582444,False
1999-03-17,177702.55512582444,False
1999-03-18,177702.55512582444,False
1999-03-19,177702.55512582444,False
1999-03-22,177496.27013885498,True
1999-03-23,172373.72266010015,True
1999-03-24,173355.54426019482,True
1999-03-25,176898.63959966693,True
1999-03-26,175668.23784558655,False
1999-03-29,175668.23784558655,False
1999-03-30,175668.23784558655,False
1999-03-31,175668.23784558655,False
1999-04-01,175167.577675521,True
1999-04-05,179315.05837428907,True
1999-04-06,178983.00599099792,False
1999-04-07,178983.00599099792,False
1999-04-08,178983.00599099792,False
1999-04-09,178983.00599099792,False
1999-04-12,178983.00599099792,False
1999-04-13,178983.00599099792,False
1999-04-14,178983.00599099792,False
1999-04-15,178983.00599099792,False
1999-04-16,178983.00599099792,False
1999-04-19,178983.00599099792,False
1999-04-20,178983.00599099792,False
1999-04-21,178983.00599099792,False
1999-04-22,178983.00599099792,False
1999-04-23,178983.00599099792,False
1999-04-26,178983.00599099792,False
1999-04-27,178983.00599099792,False
1999-04-28,178983.00599099792,False
1999-04-29,178983.00599099792,False
1999-04-30,178983.00599099792,False
1999-05-03,178983.00599099792,False
1999-05-04,178983.00599099792,False
1999-05-05,178983.00599099792,False
1999-05-06,178983.00599099792,False
1999-05-07,178983.00599099792,False
1999-05-10,178983.00599099792,False
1999-05-11,178983.00599099792,False
1999-05-12,178983.00599099792,False
1999-05-13,178983.00599099792,False
1999-05-14,178983.00599099792,False
1999-05-17,179700.50230490504,True
1999-05-18,179365.70863503098,True
1999-05-19,180663.034105793,True
1999-05-20,180919.7873712194,False
1999-05-21,180919.7873712194,False
1999-05-24,180919.7873712194,False
1999-05-25,180919.7873712194,False
1999-05-26,180919.7873712194,False
1999-05-27,180919.7873712194,False
1999-05-28,180919.7873712194,False
1999-06-01,180919.7873712194,False
1999-06-02,180919.7873712194,False
1999-06-03,180919.7873712194,False
1999-06-04,180919.7873712194,False
1999-06-07,180919.7873712194,False
1999-06-08,180919.7873712194,False
1999-06-09,180919.7873712194,False
1999-06-10,180919.7873712194,False
1999-06-11,180919.7873712194,False
1999-06-14,180919.7873712194,False
1999-06-15,180919.7873712194,False
1999-06-16,180919.7873712194,False
1999-06-17,180919.7873712194,False
1999-06-18,180919.7873712194,False
1999-06-21,180919.7873712194,False
1999-06-22,180919.7873712194,False
1999-06-23,180919.7873712194,False
1999-06-24,180919.7873712194,False
1999-06-25,180919.7873712194,False
1999-06-28,180919.7873712194,False
1999-06-29,180919.7873712194,False
1999-06-30,180919.7873712194,False
1999-07-01,180919.7873712194,False
1999-07-02,180919.7873712194,False
1999-07-06,180919.7873712194,False
1999-07-07,180919.7873712194,False
1999-07-08,180919.7873712194,False
1999-07-09,180919.7873712194,False
1999-07-12,180919.7873712194,False
1999-07-13,180919.7873712194,False
1999-07-14,180919.7873712194,False
1999-07-15,180919.7873712194,False
1999-07-16,180919.7873712194,False
1999-07-19,180919.7873712194,False
1999-07-20,180919.7873712194,False
1999-07-21,180535.68538338706,True
1999-07-22,178161.56241039606,True
1999-07-23,177813.624046084,True
1999-07-26,176503.76309546828,True
1999-07-27,177977.35666491097,True
1999-07-28,178550.42083080535,True
1999-07-29,176053.49839369414,True
1999-07-30,173884.04119423687,True
1999-08-02,174293.37274130428,True
1999-08-03,173474.70964716945,True
1999-08-04,171100.58667417846,True
1999-08-05,172656.04655303463,True
1999-08-06,170773.12143652453,True
1999-08-09,170404.72304416384,True
1999-08-10,168521.79792765374,True
1999-08-11,170568.4556629908,True
1999-08-12,171148.2164929952,False
1999-08-13,171148.2164929952,False
1999-08-16,171148.2164929952,False
1999-08-17,171148.2164929952,False
1999-08-18,171148.2164929952,False
1999-08-19,171148.2164929952,False
1999-08-20,171148.2164929952,False
1999-08-23,171148.2164929952,False
1999-08-24,171148.2164929952,False
1999-08-25,171148.2164929952,False
1999-08-26,171148.2164929952,False
1999-08-27,171148.2164929952,False
1999-08-30,167597.68211753306,True
1999-08-31,166965.53621609963,True
1999-09-01,169020.0103957582,True
1999-09-02,167011.14554288806,False
1999-09-03,167011.14554288806,False
1999-09-07,167011.14554288806,False
1999-09-08,167011.14554288806,False
1999-09-09,167011.14554288806,False
1999-09-10,167011.14554288806,False
1999-09-13,167011.14554288806,False
1999-09-14,167011.14554288806,False
1999-09-15,167011.14554288806,False
1999-09-16,166918.68397672218,True
1999-09-17,168553.01178527524,True
1999-09-20,168755.5431939223,False
1999-09-21,168755.5431939223,False
1999-09-22,168755.5431939223,False
1999-09-23,168755.5431939223,False
1999-09-24,168721.79883415546,True
1999-09-27,169836.15513761,True
1999-09-28,168935.63968154282,False
1999-09-29,168935.63968154282,False
1999-09-30,168935.63968154282,False
1999-10-01,168935.63968154282,False
1999-10-04,168935.63968154282,False
1999-10-05,168935.63968154282,False
1999-10-06,168935.63968154282,False
1999-10-07,168935.63968154282,False
1999-10-08,168935.63968154282,False
1999-10-11,168935.63968154282,False
1999-10-12,168935.63968154282,False
1999-10-13,168935.63968154282,False
1999-10-14,168470.50907788397,True
1999-10-15,164157.0724884722,True
1999-10-18,165348.40259411925,True
1999-10-19,167163.57887164067,False
1999-10-20,167163.57887164067,False
1999-10-21,167163.57887164067,False
1999-10-22,167163.57887164067,False
1999-10-25,167163.57887164067,False
1999-10-26,167163.57887164067,False
1999-10-27,169408.46066948044,True
1999-10-28,172384.59791210247,False
1999-10-29,172384.59791210247,False
1999-11-01,172384.59791210247,False
1999-11-02,170607.21691732103,True
1999-11-03,171755.9536924783,True
1999-11-04,173063.1369193814,True
1999-11-05,175681.97156312678,False
1999-11-08,175681.97156312678,False
1999-11-09,175681.97156312678,False
1999-11-10,175681.97156312678,False
1999-11-11,175681.97156312678,False
1999-11-12,175681.97156312678,False
1999-11-15,175681.97156312678,False
1999-11-16,175681.97156312678,False
1999-11-17,175681.97156312678,False
1999-11-18,175681.97156312678,False
1999-11-19,175681.97156312678,False
1999-11-22,175681.97156312678,False
1999-11-23,175681.97156312678,False
1999-11-24,175681.97156312678,False
1999-11-26,175681.97156312678,False
1999-11-29,175681.97156312678,False
1999-11-30,175681.97156312678,False
1999-12-01,177025.85508764748,True
1999-12-02,178089.6650336449,True
1999-12-03,180299.41893354445,False
1999-12-06,180299.41893354445,False
1999-12-07,180299.41893354445,False
1999-12-08,180299.41893354445,False
1999-12-09,179746.96613658508,True
1999-12-10,180823.0407143664,False
1999-12-13,180823.0407143664,False
1999-12-14,180823.0407143664,False
1999-12-15,182235.75417477745,True
1999-12-16,183040.6824175989,True
1999-12-17,184130.74844115746,False
1999-12-20,184130.74844115746,False
1999-12-21,184130.74844115746,False
1999-12-22,184130.74844115746,False
1999-12-23,184130.74844115746,False
1999-12-27,184130.74844115746,False
1999-12-28,184130.74844115746,False
1999-12-29,184130.74844115746,False
1999-12-30,184130.74844115746,False
1999-12-31,184130.74844115746,False
2000-01-03,184130.74844115746,False
2000-01-04,184130.74844115746,False
2000-01-05,184176.1511512761,True
2000-01-06,181216.17729348774,True
2000-01-07,191740.52878784636,True
2000-01-10,192359.82109609255,False
2000-01-11,192359.82109609255,False
2000-01-12,192359.82109609255,False
2000-01-13,193028.57358138353,True
2000-01-14,195028.00847560406,False
2000-01-18,195028.00847560406,False
2000-01-19,195028.00847560406,False
2000-01-20,195028.00847560406,False
2000-01-21,195028.00847560406,False
2000-01-24,195028.00847560406,False
2000-01-25,195028.00847560406,False
2000-01-26,195028.00847560406,False
2000-01-27,195028.00847560406,False
2000-01-28,195028.00847560406,False
2000-01-31,200372.96863039903,True
2000-02-01,200602.03809493984,False
2000-02-02,200602.03809493984,False
2000-02-03,200602.03809493984,False
2000-02-04,200602.03809493984,False
2000-02-07,200602.03809493984,False
2000-02-08,200602.03809493984,False
2000-02-09,200602.03809493984,False
2000-02-10,200473.41647515103,True
2000-02-11,196401.9916813952,True
2000-02-14,197552.61173180444,True
2000-02-15,199787.47698737658,True
2000-02-16,198751.9826686572,False
2000-02-17,198751.9826686572,False
2000-02-18,193614.7615110834,True
2000-02-22,193122.89953033932,True
2000-02-23,195403.35053197102,True
2000-02-24,195543.09299217298,False
2000-02-25,195543.09299217298,False
2000-02-28,199535.00234205867,True
2000-02-29,199403.49979735631,False
2000-03-01,199403.49979735631,False
2000-03-02,199403.49979735631,False
2000-03-03,199403.49979735631,False
2000-03-06,199403.49979735631,False
2000-03-07,199403.49979735631,False
2000-03-08,199403.49979735631,False
2000-03-09,199403.49979735631,False
2000-03-10,199403.49979735631,False
2000-03-13,199403.49979735631,False
2000-03-14,199403.49979735631,False
2000-03-15,199403.49979735631,False
2000-03-16,199403.49979735631,False
2000-03-17,199403.49979735631,False
2000-03-20,199403.49979735631,False
2000-03-21,199403.49979735631,False
2000-03-22,199403.49979735631,False
2000-03-23,199403.49979735631,False
2000-03-24,199403.49979735631,False
2000-03-27,199403.49979735631,False
2000-03-28,199116.48207970397,True
2000-03-29,199322.43623990228,True
2000-03-30,195985.97884469002,True
2000-03-31,198210.2837748315,True
2000-04-03,199363.6270719419,True
2000-04-04,199982.67584849952,False
2000-04-05,199982.67584849952,False
2000-04-06,199982.67584849952,False
2000-04-07,199982.67584849952,False
2000-04-10,199982.67584849952,False
2000-04-11,199982.67584849952,False
2000-04-12,199982.67584849952,False
2000-04-13,195578.60661745036,True
2000-04-14,184393.0017329168,True
2000-04-17,190833.19848461795,True
2000-04-18,190540.8643957493,False
2000-04-19,190540.8643957493,False
2000-04-20,190540.8643957493,False
2000-04-24,190540.8643957493,False
2000-04-25,190540.8643957493,False
2000-04-26,190540.8643957493,False
2000-04-27,190540.8643957493,False
2000-04-28,190540.8643957493,False
2000-05-01,190540.8643957493,False
2000-05-02,190540.8643957493,False
2000-05-03,186203.22229791345,True
2000-05-04,187608.84164918543,True
2000-05-05,189882.637658596,True
2000-05-08,188811.32419915128,False
2000-05-09,188811.32419915128,False
2000-05-10,188811.32419915128,False
2000-05-11,190331.24612908886,True
2000-05-12,191008.72601079816,False
2000-05-15,191008.72601079816,False
2000-05-16,191008.72601079816,False
2000-05-17,191008.72601079816,False
2000-05-18,191008.72601079816,False
2000-05-19,189044.91935123815,True
2000-05-22,187621.640507584,True
2000-05-23,184858.80510519654,True
2000-05-24,187872.8073623465,True
2000-05-25,188421.17158412098,False
2000-05-26,188421.17158412098,False
2000-05-30,188421.17158412098,False
2000-05-31,188421.17158412098,False
2000-06-01,188421.17158412098,False
2000-06-02,188421.17158412098,False
2000-06-05,188421.17158412098,False
2000-06-06,188421.17158412098,False
2000-06-07,188421.17158412098,False
2000-06-08,188421.17158412098,False
2000-06-09,188421.17158412098,False
2000-06-12,188421.17158412098,False
2000-06-13,192001.5637338228,True
2000-06-14,192816.69431920067,False
2000-06-15,192816.69431920067,False
2000-06-16,192816.69431920067,False
2000-06-19,192816.69431920067,False
2000-06-20,192816.69431920067,False
2000-06-21,192816.69431920067,False
2000-06-22,192816.69431920067,False
2000-06-23,192816.69431920067,False
2000-06-26,192816.69431920067,False
2000-06-27,192816.69431920067,False
2000-06-28,192816.69431920067,False
2000-06-29,192816.69431920067,False
2000-06-30,192816.69431920067,False
2000-07-03,192816.69431920067,False
2000-07-05,192816.69431920067,False
2000-07-06,193858.8268341916,True
2000-07-07,196976.19647667967,True
2000-07-10,196645.90492831878,False
2000-07-11,196645.90492831878,False
2000-07-12,196645.90492831878,False
2000-07-13,196645.90492831878,False
2000-07-14,196645.90492831878,False
2000-07-17,196645.90492831878,False
2000-07-18,196645.90492831878,False
2000-07-19,196645.90492831878,False
2000-07-20,196645.90492831878,False
2000-07-21,196645.90492831878,False
2000-07-24,194905.97814153833,True
2000-07-25,195528.15087448643,True
2000-07-26,193620.15449344562,True
2000-07-27,192956.503578301,True
2000-07-28,188601.29444766438,True
2000-07-31,189804.161731364,True
2000-08-01,190965.5508328671,True
2000-08-02,191919.54902338752,True
2000-08-03,193246.85085367676,True
2000-08-04,194162.00887438835,False
2000-08-07,194162.00887438835,False
2000-08-08,194162.00887438835,False
2000-08-09,194162.00887438835,False
2000-08-10,193054.08811591915,True
2000-08-11,193958.7079111375,True
2000-08-14,194413.24646296946,False
2000-08-15,194413.24646296946,False
2000-08-16,194413.24646296946,False
2000-08-17,194413.24646296946,False
2000-08-18,194413.24646296946,False
2000-08-21,194413.24646296946,False
2000-08-22,194413.24646296946,False
2000-08-23,194413.24646296946,False
2000-08-24,194413.24646296946,False
2000-08-25,194413.24646296946,False
2000-08-28,194413.24646296946,False
2000-08-29,194413.24646296946,False
2000-08-30,194413.24646296946,False
2000-08-31,196022.97507130267,True
2000-09-01,197149.6226493781,False
2000-09-05,197149.6226493781,False
2000-09-06,197149.6226493781,False
2000-09-07,197889.1302705657,True
2000-09-08,196536.25243776507,True
2000-09-11,196249.2783520195,True
2000-09-12,194814.40792329155,True
2000-09-13,195326.8682072449,True
2000-09-14,196310.77935837265,True
2000-09-15,194365.56405466626,False
2000-09-18,192044.8950365884,True
2000-09-19,193787.36330004415,True
2000-09-20,192356.0567216084,True
2000-09-21,189431.19264140475,True
2000-09-22,192874.64182871018,True
2000-09-25,193707.12678524596,False
2000-09-26,193707.12678524596,False
2000-09-27,193120.3545540809,True
2000-09-28,195607.60644639496,True
2000-09-29,196200.71063068256,False
2000-10-02,196200.71063068256,False
2000-10-03,196200.71063068256,False
2000-10-04,197277.0073019251,True
2000-10-05,197963.4866661771,True
2000-10-06,197494.9301761069,False
2000-10-09,197494.9301761069,False
2000-10-10,197494.9301761069,False
2000-10-11,195886.1974061616,True
2000-10-12,190999.13045324982,True
2000-10-13,197365.76813502482,True
2000-10-16,197102.16243371335,False
2000-10-17,197102.16243371335,False
2000-10-18,199477.27933565798,True
2000-10-19,206999.46724356688,True
2000-10-20,205565.34818894646,False
2000-10-23,205565.34818894646,False
2000-10-24,205565.34818894646,False
2000-10-25,205565.34818894646,False
2000-10-26,204868.5142138509,True
2000-10-27,208756.05117767112,True
2000-10-30,207449.93243341704,False
2000-10-31,207449.93243341704,False
2000-11-01,207449.93243341704,False
2000-11-02,207449.93243341704,False
2000-11-03,207449.93243341704,False
2000-11-06,207449.93243341704,False
2000-11-07,207449.93243341704,False
2000-11-08,207449.93243341704,False
2000-11-09,207454.74727245216,True
2000-11-10,202408.42559142175,True
2000-11-13,200834.34359917374,True
2000-11-14,206112.14792612297,True
2000-11-15,205978.35095678185,False
2000-11-16,205978.35095678185,False
2000-11-17,204929.51307668936,True
2000-11-20,202000.2673620328,True
2000-11-21,203031.3592139968,True
2000-11-22,198180.54822747063,True
2000-11-24,202234.60641929734,True
2000-11-27,204630.7982683256,False
2000-11-28,204630.7982683256,False
2000-11-29,203162.50903441414,True
2000-11-30,201402.08448306206,True
2000-12-01,201306.9263992052,True
2000-12-04,203019.7719086288,True
2000-12-05,205310.07473412948,False
2000-12-06,205310.07473412948,False
2000-12-07,205310.07473412948,False
2000-12-08,200635.725655875,True
2000-12-11,207609.0690481599,True
2000-12-12,206912.46480394428,False
2000-12-13,206912.46480394428,False
2000-12-14,204634.903544076,True
2000-12-15,199401.27429742445,True
2000-12-18,202065.66736844706,True
2000-12-19,201644.70277891503,False
2000-12-20,197881.85201317773,True
2000-12-21,199253.31039346708,True
2000-12-22,205228.95047901353,True
2000-12-26,205040.99210799485,False
2000-12-27,205040.99210799485,False
2000-12-28,205040.99210799485,False
2000-12-29,205040.99210799485,False
2001-01-02,200049.70820919974,True
2001-01-03,209659.08283933598,True
2001-01-04,209520.10604544278,False
2001-01-05,209520.10604544278,False
2001-01-08,209982.24844571864,True
2001-01-09,209427.8065991265,True
2001-01-10,213107.28430832896,True
2001-01-11,211401.6699767988,False
2001-01-12,211401.6699767988,False
2001-01-16,211401.6699767988,False
2001-01-17,211401.6699767988,False
2001-01-18,211401.6699767988,False
2001-01-19,211401.6699767988,False
2001-01-22,211401.6699767988,False
2001-01-23,211401.6699767988,False
2001-01-24,211401.6699767988,False
2001-01-25,211401.6699767988,False
2001-01-26,211401.6699767988,False
2001-01-29,211401.6699767988,False
2001-01-30,211401.6699767988,False
2001-01-31,211401.6699767988,False
2001-02-01,211401.6699767988,False
2001-02-02,211401.6699767988,False
2001-02-05,212911.65099422846,True
2001-02-06,212284.48745086874,True
2001-02-07,211186.92381089824,True
2001-02-08,208725.2453612501,True
2001-02-09,206718.27184816115,True
2001-02-12,209085.88909386384,True
2001-02-13,209592.72830332164,False
2001-02-14,209592.72830332164,False
2001-02-15,209592.72830332164,False
2001-02-16,209592.72830332164,False
2001-02-20,209592.72830332164,False
2001-02-21,205815.27579912686,True
2001-02-22,206126.57099417408,True
2001-02-23,204733.93459527852,True
2001-02-26,209092.0673259399,True
2001-02-27,207707.03308338654,False
2001-02-28,207707.03308338654,False
2001-03-01,207707.03308338654,False
2001-03-02,207707.03308338654,False
2001-03-05,207707.03308338654,False
2001-03-06,207707.03308338654,False
2001-03-07,207707.03308338654,False
2001-03-08,207707.03308338654,False
2001-03-09,207707.03308338654,False
2001-03-12,200434.3815435563,True
2001-03-13,203727.42609127393,True
2001-03-14,199704.4799170003,True
2001-03-15,199755.40328629492,True
2001-03-16,195223.22341907528,True
2001-03-19,199195.24622405428,True
2001-03-20,200088.81555952312,False
2001-03-21,196684.87422424488,True
2001-03-22,194687.53985211198,True
2001-03-23,200574.42010681945,True
2001-03-26,202671.37591088173,False
2001-03-27,202671.37591088173,False
2001-03-28,202671.37591088173,False
2001-03-29,204008.81018381,True
2001-03-30,206146.41548622088,True
2001-04-02,205416.34377772972,False
2001-04-03,205416.34377772972,False
2001-04-04,205895.34718326607,True
2001-04-05,213696.52407248318,True
2001-04-06,211685.31008836642,False
2001-04-09,211685.31008836642,False
2001-04-10,211685.31008836642,False
2001-04-11,211685.31008836642,False
2001-04-12,211685.31008836642,False
2001-04-16,211685.31008836642,False
2001-04-17,211685.31008836642,False
2001-04-18,211685.31008836642,False
2001-04-19,211685.31008836642,False
2001-04-20,211685.31008836642,False
2001-04-23,211685.31008836642,False
2001-04-24,210019.21065789773,True
2001-04-25,212765.80174973898,True
2001-04-26,213690.4079561996,False
2001-04-27,213690.4079561996,False
2001-04-30,213690.4079561996,False
2001-05-01,213690.4079561996,False
2001-05-02,213690.4079561996,False
2001-05-03,213690.4079561996,False
2001-05-04,213690.4079561996,False
2001-05-07,213690.4079561996,False
2001-05-08,213690.4079561996,False
2001-05-09,213690.4079561996,False
2001-05-10,213690.4079561996,False
2001-05-11,213690.4079561996,False
2001-05-14,213690.4079561996,False
2001-05-15,213690.4079561996,False
2001-05-16,213690.4079561996,False
2001-05-17,213690.4079561996,False
2001-05-18,213690.4079561996,False
2001-05-21,213690.4079561996,False
2001-05-22,213690.4079561996,False
2001-05-23,213690.4079561996,False
2001-05-24,213911.70582877443,True
2001-05-25,211386.9602390115,True
2001-05-29,209703.76900964786,True
2001-05-30,206766.4640927674,True
2001-05-31,207839.07543881924,True
2001-06-01,209126.2090540815,True
2001-06-04,209199.87270098572,False
2001-06-05,209199.87270098572,False
2001-06-06,209199.87270098572,False
2001-06-07,209199.87270098572,False
2001-06-08,209199.87270098572,False
2001-06-11,209199.87270098572,False
2001-06-12,209199.87270098572,False
2001-06-13,209199.87270098572,False
2001-06-14,209199.87270098572,False
2001-06-15,210784.1146898824,True
2001-06-18,209763.4940278633,True
2001-06-19,210680.32275815165,True
2001-06-20,211787.4366966131,True
2001-06-21,211381.8801025683,False
2001-06-22,211381.8801025683,False
2001-06-25,211381.8801025683,False
2001-06-26,211381.8801025683,False
2001-06-27,211381.8801025683,False
2001-06-28,211381.8801025683,False
2001-06-29,211381.8801025683,False
2001-07-02,211381.8801025683,False
2001-07-03,211381.8801025683,False
2001-07-05,211381.8801025683,False
2001-07-06,207402.364438585,True
2001-07-09,208534.75870053447,True
2001-07-10,206026.06987406185,True
2001-07-11,206235.1272762679,True
2001-07-12,211130.55477792624,True
2001-07-13,210478.69986068763,False
2001-07-16,210478.69986068763,False
2001-07-17,210478.69986068763,False
2001-07-18,210478.69986068763,False
2001-07-19,210478.69986068763,False
2001-07-20,210478.69986068763,False
2001-07-23,210478.69986068763,False
2001-07-24,208314.5626638454,True
2001-07-25,210613.45002770788,True
2001-07-26,210500.60648889036,False
2001-07-27,210500.60648889036,False
2001-07-30,210500.60648889036,False
2001-07-31,210500.60648889036,False
2001-08-01,210500.60648889036,False
2001-08-02,210500.60648889036,False
2001-08-03,210500.60648889036,False
2001-08-06,210500.60648889036,False
2001-08-07,211333.45664502497,True
2001-08-08,207413.71711629385,True
2001-08-09,208026.17641765808,True
2001-08-10,208743.62874211336,True
2001-08-13,209244.23547621127,False
2001-08-14,209244.23547621127,False
2001-08-15,209244.23547621127,False
2001-08-16,210711.9199186688,True
2001-08-17,207337.68774129442,True
2001-08-20,209255.6723473809,True
2001-08-21,209160.5545182124,False
2001-08-22,209602.34582395054,True
2001-08-23,208850.0557432288,True
2001-08-24,213184.67954167316,True
2001-08-27,213052.50217449036,False
2001-08-28,213052.50217449036,False
2001-08-29,210118.36308773948,True
2001-08-30,206081.1225991227,True
2001-08-31,207590.5413403623,True
2001-09-04,206262.9802787901,True
2001-09-05,206772.1817818589,True
2001-09-06,201443.75176760342,True
2001-09-07,197715.66933442128,True
2001-09-10,200134.37647399798,True
2001-09-17,189677.55989312122,True
2001-09-18,189222.91569395267,True
2001-09-19,185403.9044209368,True
2001-09-20,179511.71559971233,True
2001-09-21,176911.1507804682,True
2001-09-24,183130.68342509403,True
2001-09-25,183184.96794247476,False
2001-09-26,183184.96794247476,False
2001-09-27,183184.96794247476,False
2001-09-28,183184.96794247476,False
2001-10-01,183184.96794247476,False
2001-10-02,183184.96794247476,False
2001-10-03,183184.96794247476,False
2001-10-04,183184.96794247476,False
2001-10-05,183184.96794247476,False
2001-10-08,183184.96794247476,False
2001-10-09,183184.96794247476,False
2001-10-10,183184.96794247476,False
2001-10-11,183184.96794247476,False
2001-10-12,183184.96794247476,False
2001-10-15,183184.96794247476,False
2001-10-16,183184.96794247476,False
2001-10-17,183184.96794247476,False
2001-10-18,182468.8786633384,True
2001-10-19,182349.97323132912,True
2001-10-22,185951.10917218073,True
2001-10-23,186746.0905068062,False
2001-10-24,186746.0905068062,False
2001-10-25,186746.0905068062,False
2001-10-26,186746.0905068062,False
2001-10-29,186746.0905068062,False
2001-10-30,184639.03836095892,True
2001-10-31,184012.90748482908,True
2001-11-01,188726.2815801399,True
2001-11-02,188566.81300299938,False
2001-11-05,188566.81300299938,False
2001-11-06,188566.81300299938,False
2001-11-07,188566.81300299938,False
2001-11-08,188566.81300299938,False
2001-11-09,188566.81300299938,False
2001-11-12,188566.81300299938,False
2001-11-13,188566.81300299938,False
2001-11-14,188566.81300299938,False
2001-11-15,188566.81300299938,False
2001-11-16,188566.81300299938,False
2001-11-19,188566.81300299938,False
2001-11-20,188566.81300299938,False
2001-11-21,188566.81300299938,False
2001-11-23,188566.81300299938,False
2001-11-26,188566.81300299938,False
2001-11-27,188566.81300299938,False
2001-11-28,188566.81300299938,False
2001-11-29,190536.14765041484,True
2001-11-30,189718.60210802837,False
2001-12-03,189718.60210802837,False
2001-12-04,189718.60210802837,False
2001-12-05,189718.60210802837,False
2001-12-06,189718.60210802837,False
2001-12-07,189718.60210802837,False
2001-12-10,189718.60210802837,False
2001-12-11,188442.54152330055,True
2001-12-12,188657.14976156622,True
2001-12-13,184992.301385029,True
2001-12-14,186758.69226921586,True
2001-12-17,188690.1664136071,True
2001-12-18,189197.0941840471,False
2001-12-19,189197.0941840471,False
2001-12-20,189197.0941840471,False
2001-12-21,189197.0941840471,False
2001-12-24,189197.0941840471,False
2001-12-26,189197.0941840471,False
2001-12-27,189197.0941840471,False
2001-12-28,189197.0941840471,False
2001-12-31,189197.0941840471,False
2002-01-02,189849.44468045808,True
2002-01-03,192002.15629243245,True
2002-01-04,192505.93353520843,False
2002-01-07,192505.93353520843,False
2002-01-08,192505.93353520843,False
2002-01-09,192505.93353520843,False
2002-01-10,193116.26277706682,True
2002-01-11,191219.70402822242,True
2002-01-14,190021.87745000492,True
2002-01-15,191569.07011353588,True
2002-01-16,190116.9382981707,False
2002-01-17,189928.54361927422,True
2002-01-18,189059.68778499938,True
2002-01-22,187756.40403358708,True
2002-01-23,189193.35791334935,True
2002-01-24,189778.16472488048,True
2002-01-25,188971.75957457078,False
2002-01-28,188971.75957457078,False
2002-01-29,188971.75957457078,False
2002-01-30,191467.01272669857,True
2002-01-31,193709.0953822092,True
2002-02-01,193516.34815740134,False
2002-02-04,193516.34815740134,False
2002-02-05,193516.34815740134,False
2002-02-06,193516.34815740134,False
2002-02-07,193516.34815740134,False
2002-02-08,196078.01507587938,True
2002-02-11,195967.57091460354,False
2002-02-12,195967.57091460354,False
2002-02-13,195967.57091460354,False
2002-02-14,195967.57091460354,False
2002-02-15,195967.57091460354,False
2002-02-19,193455.93443882518,True
2002-02-20,196711.03153355716,True
2002-02-21,195497.95467713755,False
2002-02-22,195497.95467713755,False
2002-02-25,195497.95467713755,False
2002-02-26,195497.95467713755,False
2002-02-27,195497.95467713755,False
2002-02-28,195497.95467713755,False
2002-03-01,195497.95467713755,False
2002-03-04,195497.95467713755,False
2002-03-05,195497.95467713755,False
2002-03-06,195497.95467713755,False
2002-03-07,195497.95467713755,False
2002-03-08,195497.95467713755,False
2002-03-11,195497.95467713755,False
2002-03-12,195497.95467713755,False
2002-03-13,195497.95467713755,False
2002-03-14,195497.95467713755,False
2002-03-15,195497.95467713755,False
2002-03-18,195497.95467713755,False
2002-03-19,195497.95467713755,False
2002-03-20,195497.95467713755,False
2002-03-21,195441.91070482513,True
2002-03-22,195018.10571153686,True
2002-03-25,192593.94114992785,True
2002-03-26,193712.78633220893,True
2002-03-27,194221.35232415484,True
2002-03-28,194860.46042535343,False
2002-04-01,194860.46042535343,False
2002-04-02,194860.46042535343,False
2002-04-03,194860.46042535343,False
2002-04-04,194860.46042535343,False
2002-04-05,194860.46042535343,False
2002-04-08,194860.46042535343,False
2002-04-09,194860.46042535343,False
2002-04-10,194860.46042535343,False
2002-04-11,194860.46042535343,False
2002-04-12,195523.42909721858,True
2002-04-15,194031.82153365156,True
2002-04-16,198647.03081857067,True
2002-04-17,198940.6528900426,False
2002-04-18,198940.6528900426,False
2002-04-19,198940.6528900426,False
2002-04-22,198940.6528900426,False
2002-04-23,197880.3173329463,True
2002-04-24,195892.92000902692,True
2002-04-25,196000.34689140093,True
2002-04-26,192276.21496910154,True
2002-04-29,191327.27750813102,True
2002-04-30,193117.72554769804,True
2002-05-01,195481.11695992653,True
2002-05-02,195298.81354053778,False
2002-05-03,195298.81354053778,False
2002-05-06,195298.81354053778,False
2002-05-07,193419.42453272326,True
2002-05-08,200615.1424197161,True
2002-05-09,199912.63055552132,False
2002-05-10,199912.63055552132,False
2002-05-13,202977.4374443892,True
2002-05-14,206229.1333578883,False
2002-05-15,206229.1333578883,False
2002-05-16,206229.1333578883,False
2002-05-17,206229.1333578883,False
2002-05-20,206229.1333578883,False
2002-05-21,206229.1333578883,False
2002-05-22,206229.1333578883,False
2002-05-23,206229.1333578883,False
2002-05-24,206229.1333578883,False
2002-05-28,206229.1333578883,False
2002-05-29,206229.1333578883,False
2002-05-30,207058.70340989565,True
2002-05-31,207484.43158513095,True
2002-06-03,201969.3165877646,True
2002-06-04,202472.44988576992,True
2002-06-05,204368.87539363626,True
2002-06-06,204192.56974550293,False
2002-06-07,204192.56974550293,False
2002-06-10,204192.56974550293,False
2002-06-11,204192.56974550293,False
2002-06-12,205897.9984997366,True
2002-06-13,203830.58829838422,True
2002-06-14,203529.50914284747,True
2002-06-17,208989.077829914,True
2002-06-18,208184.69870042702,False
2002-06-19,208184.69870042702,False
2002-06-20,208184.69870042702,False
2002-06-21,205677.75453547086,True
2002-06-24,206755.03528041893,True
2002-06-25,202114.44130218108,True
2002-06-26,202445.91230062663,True
2002-06-27,205988.5085965136,True
2002-06-28,205553.7678085023,False
2002-07-01,205553.7678085023,False
2002-07-02,201502.55855058046,True
2002-07-03,202648.3033291138,True
2002-07-05,210710.9517706449,True
2002-07-08,209968.7722511044,False
2002-07-09,209968.7722511044,False
2002-07-10,209968.7722511044,False
2002-07-11,212466.22383195625,True
2002-07-12,210132.68718601463,True
2002-07-15,211253.69988847678,True
2002-07-16,208420.9145160411,False
2002-07-17,208420.9145160411,False
2002-07-18,208420.9145160411,False
2002-07-19,203455.57062692856,True
2002-07-22,197427.07951285006,True
2002-07-23,192023.0536137757,True
2002-07-24,203479.58851981335,True
2002-07-25,202358.30358333047,False
2002-07-26,202358.30358333047,False
2002-07-29,202358.30358333047,False
2002-07-30,202358.30358333047,False
2002-07-31,202358.30358333047,False
2002-08-01,202358.30358333047,False
2002-08-02,202358.30358333047,False
2002-08-05,202358.30358333047,False
2002-08-06,205546.18992053502,True
2002-08-07,209130.60782999347,True
2002-08-08,209848.24152848078,False
2002-08-09,209848.24152848078,False
2002-08-12,209848.24152848078,False
2002-08-13,209848.24152848078,False
2002-08-14,209848.24152848078,False
2002-08-15,209848.24152848078,False
2002-08-16,209848.24152848078,False
2002-08-19,209848.24152848078,False
2002-08-20,209848.24152848078,False
2002-08-21,209848.24152848078,False
2002-08-22,209848.24152848078,False
2002-08-23,209848.24152848078,False
2002-08-26,209848.24152848078,False
2002-08-27,209848.24152848078,False
2002-08-28,209848.24152848078,False
2002-08-29,211806.1867459336,True
2002-08-30,210978.63923965473,True
2002-09-03,202933.03848416562,True
2002-09-04,205829.45475614173,True
2002-09-05,204082.41002066407,True
2002-09-06,206886.87656972028,True
2002-09-09,204777.04420246225,False
2002-09-10,204777.04420246225,False
2002-09-11,204777.04420246225,False
2002-09-12,204777.04420246225,False
2002-09-13,204777.04420246225,False
2002-09-16,204777.04420246225,False
2002-09-17,204777.04420246225,False
2002-09-18,204594.91590251183,True
2002-09-19,199300.62538174528,True
2002-09-20,198477.0690785149,True
2002-09-23,196853.4866521465,True
2002-09-24,193676.9123396866,True
2002-09-25,198477.0690785149,True
2002-09-26,200013.5804264698,False
2002-09-27,200013.5804264698,False
2002-09-30,199461.4582337309,True
2002-10-01,209045.55813419013,True
2002-10-02,206492.38806253948,False
2002-10-03,206492.38806253948,False
2002-10-04,206492.38806253948,False
2002-10-07,206492.38806253948,False
2002-10-08,206492.38806253948,False
2002-10-09,206492.38806253948,False
2002-10-10,213576.4949843308,True
2002-10-11,217426.8053102557,False
2002-10-14,217426.8053102557,False
2002-10-15,217426.8053102557,False
2002-10-16,217426.8053102557,False
2002-10-17,217426.8053102557,False
2002-10-18,217426.8053102557,False
2002-10-21,217426.8053102557,False
2002-10-22,217426.8053102557,False
2002-10-23,217426.8053102557,False
2002-10-24,217426.8053102557,False
2002-10-25,217426.8053102557,False
2002-10-28,217426.8053102557,False
2002-10-29,217426.8053102557,False
2002-10-30,217426.8053102557,False
2002-10-31,217426.8053102557,False
2002-11-01,217426.8053102557,False
2002-11-04,217426.8053102557,False
2002-11-05,217426.8053102557,False
2002-11-06,217426.8053102557,False
2002-11-07,217426.8053102557,False
2002-11-08,217426.8053102557,False
2002-11-11,214347.5878244435,True
2002-11-12,216047.60268369011,True
2002-11-13,216266.17602273612,True
2002-11-14,220346.21168492813,True
2002-11-15,218529.62437819026,False
2002-11-18,218529.62437819026,False
2002-11-19,218529.62437819026,False
2002-11-20,218529.62437819026,False
2002-11-21,218529.62437819026,False
2002-11-22,218529.62437819026,False
2002-11-25,218529.62437819026,False
2002-11-26,218529.62437819026,False
2002-11-27,222642.16618820402,True
2002-11-29,223825.37186222753,False
2002-12-02,223825.37186222753,False
2002-12-03,223825.37186222753,False
2002-12-04,223825.37186222753,False
2002-12-05,223825.37186222753,False
2002-12-06,223825.37186222753,False
2002-12-09,223825.37186222753,False
2002-12-10,225471.0269666133,True
2002-12-11,225669.8988757349,True
2002-12-12,225645.0398870947,True
2002-12-13,222090.20451154612,True
2002-12-16,227832.63088743231,True
2002-12-17,227091.15188966563,False
2002-12-18,227091.15188966563,False
2002-12-19,227091.15188966563,False
2002-12-20,227091.15188966563,False
2002-12-23,227091.15188966563,False
2002-12-24,227091.15188966563,False
2002-12-26,226261.08075394074,True
2002-12-27,221173.4336757953,True
2002-12-30,223021.1860972113,True
2002-12-31,223324.9262212797,True
2003-01-02,224849.27134559388,False
2003-01-03,224849.27134559388,False
2003-01-06,224849.27134559388,False
2003-01-07,224849.27134559388,False
2003-01-08,224849.27134559388,False
2003-01-09,224849.27134559388,False
2003-01-10,224849.27134559388,False
2003-01-13,224849.27134559388,False
2003-01-14,224849.27134559388,False
2003-01-15,224849.27134559388,False
2003-01-16,224849.27134559388,False
2003-01-17,224849.27134559388,False
2003-01-21,224849.27134559388,False
2003-01-22,223284.84910814406,True
2003-01-23,224652.36434596186,True
2003-01-24,218751.78933834052,True
2003-01-27,215763.515300146,True
2003-01-28,217358.9497442668,True
2003-01-29,219005.0329008994,True
2003-01-30,219746.12992724287,False
2003-01-31,224688.89396854464,True
2003-02-03,225132.73677559383,True
2003-02-04,222686.2177846578,False
2003-02-05,222686.2177846578,False
2003-02-06,222686.2177846578,False
2003-02-07,222686.2177846578,False
2003-02-10,222686.2177846578,False
2003-02-11,222686.2177846578,False
2003-02-12,222686.2177846578,False
2003-02-13,223183.72642655362,True
2003-02-14,228062.0592446204,True
2003-02-18,229046.11112031105,False
2003-02-19,229046.11112031105,False
2003-02-20,229046.11112031105,False
2003-02-21,229046.11112031105,False
2003-02-24,229046.11112031105,False
2003-02-25,229046.11112031105,False
2003-02-26,229046.11112031105,False
2003-02-27,229046.11112031105,False
2003-02-28,229046.11112031105,False
2003-03-03,229046.11112031105,False
2003-03-04,229046.11112031105,False
2003-03-05,231328.84587578257,True
2003-03-06,229388.40019437994,True
2003-03-07,230968.47739209348,True
2003-03-10,228926.79588742685,False
2003-03-11,226184.33609369938,True
2003-03-12,227701.2206129567,True
2003-03-13,235566.54774984642,True
2003-03-14,236474.31886325972,False
2003-03-17,236474.31886325972,False
2003-03-18,236474.31886325972,False
2003-03-19,236474.31886325972,False
2003-03-20,236474.31886325972,False
2003-03-21,236474.31886325972,False
2003-03-24,236474.31886325972,False
2003-03-25,238553.0777970817,True
2003-03-26,237353.7707332024,True
2003-03-27,237544.5695842741,True
2003-03-28,236345.2625203948,True
2003-03-31,230975.6377116625,True
2003-04-01,234519.04494585135,True
2003-04-02,238559.87023617988,False
2003-04-03,238559.87023617988,False
2003-04-04,238559.87023617988,False
2003-04-07,238559.87023617988,False
2003-04-08,238559.87023617988,False
2003-04-09,238559.87023617988,False
2003-04-10,238559.87023617988,False
2003-04-11,238559.87023617988,False
2003-04-14,238559.87023617988,False
2003-04-15,238559.87023617988,False
2003-04-16,238559.87023617988,False
2003-04-17,238559.87023617988,False
2003-04-21,238559.87023617988,False
2003-04-22,238559.87023617988,False
2003-04-23,238559.87023617988,False
2003-04-24,238559.87023617988,False
2003-04-25,238559.87023617988,False
2003-04-28,238559.87023617988,False
2003-04-29,238559.87023617988,False
2003-04-30,238559.87023617988,False
2003-05-01,238559.87023617988,False
2003-05-02,238559.87023617988,False
2003-05-05,238559.87023617988,False
2003-05-06,238559.87023617988,False
2003-05-07,238559.87023617988,False
2003-05-08,238559.87023617988,False
2003-05-09,240824.57705633435,True
2003-05-12,240185.58129922446,False
2003-05-13,240185.58129922446,False
2003-05-14,240185.58129922446,False
2003-05-15,240185.58129922446,False
2003-05-16,240185.58129922446,False
2003-05-19,240185.58129922446,False
2003-05-20,240185.58129922446,False
2003-05-21,240185.58129922446,False
2003-05-22,240185.58129922446,False
2003-05-23,240185.58129922446,False
2003-05-27,240185.58129922446,False
2003-05-28,240185.58129922446,False
2003-05-29,240185.58129922446,False
2003-05-30,240185.58129922446,False
2003-06-02,240185.58129922446,False
2003-06-03,240185.58129922446,False
2003-06-04,240185.58129922446,False
2003-06-05,240185.58129922446,False
2003-06-06,240185.58129922446,False
2003-06-09,240185.58129922446,False
2003-06-10,240185.58129922446,False
2003-06-11,240185.58129922446,False
2003-06-12,240185.58129922446,False
2003-06-13,240185.58129922446,False
2003-06-16,240185.58129922446,False
2003-06-17,240185.58129922446,False
2003-06-18,240185.58129922446,False
2003-06-19,240185.58129922446,False
2003-06-20,237865.1095599675,True
2003-06-23,235425.22207252617,True
2003-06-24,235664.42672815765,True
2003-06-25,233296.30063740577,True
2003-06-26,236334.19976392586,True
2003-06-27,236167.3545166229,False
2003-06-30,236167.3545166229,False
2003-07-01,239227.9327221739,True
2003-07-02,239762.68351148,False
2003-07-03,239762.68351148,False
2003-07-07,239762.68351148,False
2003-07-08,239762.68351148,False
2003-07-09,239762.68351148,False
2003-07-10,239762.68351148,False
2003-07-11,239762.68351148,False
2003-07-14,239762.68351148,False
2003-07-15,239762.68351148,False
2003-07-16,239762.68351148,False
2003-07-17,239762.68351148,False
2003-07-18,239762.68351148,False
2003-07-21,239762.68351148,False
2003-07-22,239762.68351148,False
2003-07-23,239762.68351148,False
2003-07-24,239762.68351148,False
2003-07-25,239762.68351148,False
2003-07-28,239762.68351148,False
2003-07-29,239762.68351148,False
2003-07-30,239762.68351148,False
2003-07-31,239762.68351148,False
2003-08-01,239762.68351148,False
2003-08-04,239762.68351148,False
2003-08-05,239762.68351148,False
2003-08-06,240433.71124041124,True
2003-08-07,242962.50465622087,True
2003-08-08,243707.10043987836,False
2003-08-11,243707.10043987836,False
2003-08-12,243707.10043987836,False
2003-08-13,243707.10043987836,False
2003-08-14,243707.10043987836,False
2003-08-15,243707.10043987836,False
2003-08-18,243707.10043987836,False
2003-08-19,243707.10043987836,False
2003-08-20,243707.10043987836,False
2003-08-21,243707.10043987836,False
2003-08-22,243707.10043987836,False
2003-08-25,244195.97623908223,True
2003-08-26,244635.83689877435,True
2003-08-27,244709.14700872303,True
2003-08-28,245295.43239468604,False
2003-08-29,245295.43239468604,False
2003-09-02,245295.43239468604,False
2003-09-03,245295.43239468604,False
2003-09-04,245295.43239468604,False
2003-09-05,245295.43239468604,False
2003-09-08,245295.43239468604,False
2003-09-09,245295.43239468604,False
2003-09-10,245295.43239468604,False
2003-09-11,245295.43239468604,False
2003-09-12,245295.43239468604,False
2003-09-15,245295.43239468604,False
2003-09-16,245295.43239468604,False
2003-09-17,245295.43239468604,False
2003-09-18,245295.43239468604,False
2003-09-19,245295.43239468604,False
2003-09-22,245295.43239468604,False
2003-09-23,245295.43239468604,False
2003-09-24,245295.43239468604,False
2003-09-25,242513.63079656148,True
2003-09-26,241715.57038408777,True
2003-09-29,244085.56797264612,True
2003-09-30,242948.70431306356,False
2003-10-01,242948.70431306356,False
2003-10-02,242948.70431306356,False
2003-10-03,242948.70431306356,False
2003-10-06,242948.70431306356,False
2003-10-07,242948.70431306356,False
2003-10-08,242948.70431306356,False
2003-10-09,242948.70431306356,False
2003-10-10,242948.70431306356,False
2003-10-13,242948.70431306356,False
2003-10-14,242948.70431306356,False
2003-10-15,242948.70431306356,False
2003-10-16,242948.70431306356,False
2003-10-17,242948.70431306356,False
2003-10-20,242948.70431306356,False
2003-10-21,242948.70431306356,False
2003-10-22,242948.70431306356,False
2003-10-23,242948.70431306356,False
2003-10-24,242948.70431306356,False
2003-10-27,242948.70431306356,False
2003-10-28,242948.70431306356,False
2003-10-29,242948.70431306356,False
2003-10-30,242948.70431306356,False
2003-10-31,242948.70431306356,False
2003-11-03,242948.70431306356,False
2003-11-04,242948.70431306356,False
2003-11-05,242948.70431306356,False
2003-11-06,242948.70431306356,False
2003-11-07,242948.70431306356,False
2003-11-10,242948.70431306356,False
2003-11-11,243038.80548962657,True
2003-11-12,245766.20245089862,True
2003-11-13,244977.56406278003,False
2003-11-14,244977.56406278003,False
2003-11-17,244977.56406278003,False
2003-11-18,244977.56406278003,False
2003-11-19,246553.11664432782,True
2003-11-20,244339.97751478554,True
2003-11-21,245352.37094638468,True
2003-11-24,248601.44754081912,True
2003-11-25,248881.27779411976,False
2003-11-26,248881.27779411976,False
2003-11-28,248881.27779411976,False
2003-12-01,248881.27779411976,False
2003-12-02,248881.27779411976,False
2003-12-03,248881.27779411976,False
2003-12-04,249829.9023655872,True
2003-12-05,248088.5229346003,True
2003-12-08,249760.2471883477,True
2003-12-09,250476.34884715438,False
2003-12-10,250476.34884715438,False
2003-12-11,250476.34884715438,False
2003-12-12,250476.34884715438,False
2003-12-15,250476.34884715438,False
2003-12-16,250476.34884715438,False
2003-12-17,250476.34884715438,False
2003-12-18,250476.34884715438,False
2003-12-19,250476.34884715438,False
2003-12-22,250476.34884715438,False
2003-12-23,250476.34884715438,False
2003-12-24,250476.34884715438,False
2003-12-26,250476.34884715438,False
2003-12-29,250476.34884715438,False
2003-12-30,250476.34884715438,False
2003-12-31,250476.34884715438,False
2004-01-02,250476.34884715438,False
2004-01-05,250476.34884715438,False
2004-01-06,250476.34884715438,False
2004-01-07,250476.34884715438,False
2004-01-08,250476.34884715438,False
2004-01-09,250476.34884715438,False
2004-01-12,251917.02855763648,True
2004-01-13,251577.45009919797,False
2004-01-14,251577.45009919797,False
2004-01-15,251577.45009919797,False
2004-01-16,251577.45009919797,False
2004-01-20,251577.45009919797,False
2004-01-21,251577.45009919797,False
2004-01-22,251577.45009919797,False
2004-01-23,251577.45009919797,False
2004-01-26,251577.45009919797,False
2004-01-27,251577.45009919797,False
2004-01-28,251577.45009919797,False
2004-01-29,251577.45009919797,False
2004-01-30,251577.45009919797,False
2004-02-02,251577.45009919797,False
2004-02-03,251577.45009919797,False
2004-02-04,251577.45009919797,False
2004-02-05,251549.37027286802,True
2004-02-06,254372.02180358497,True
2004-02-09,254810.01286386233,False
2004-02-10,254810.01286386233,False
2004-02-11,254810.01286386233,False
2004-02-12,254810.01286386233,False
2004-02-13,254810.01286386233,False
2004-02-17,254810.01286386233,False
2004-02-18,254810.01286386233,False
2004-02-19,254810.01286386233,False
2004-02-20,254810.01286386233,False
2004-02-23,254810.01286386233,False
2004-02-24,254810.01286386233,False
2004-02-25,254810.01286386233,False
2004-02-26,254810.01286386233,False
2004-02-27,254810.01286386233,False
2004-03-01,254810.01286386233,False
2004-03-02,254810.01286386233,False
2004-03-03,254810.01286386233,False
2004-03-04,254810.01286386233,False
2004-03-05,254810.01286386233,False
2004-03-08,254810.01286386233,False
2004-03-09,253431.0381443454,True
2004-03-10,249181.36484096423,True
2004-03-11,245949.84243318482,True
2004-03-12,249181.36484096423,True
2004-03-15,246126.91215415904,True
2004-03-16,247432.80134634388,True
2004-03-17,250199.51573656598,True
2004-03-18,249397.0800285411,False
2004-03-19,249397.0800285411,False
2004-03-22,247339.62041615133,True
2004-03-23,246911.03375058752,True
2004-03-24,247114.0484869072,True
2004-03-25,250384.84146094663,True
2004-03-26,250244.55376671112,False
2004-03-29,250244.55376671112,False
2004-03-30,250244.55376671112,False
2004-03-31,250244.55376671112,False
2004-04-01,250244.55376671112,False
2004-04-02,250244.55376671112,False
2004-04-05,250244.55376671112,False
2004-04-06,250244.55376671112,False
2004-04-07,250244.55376671112,False
2004-04-08,250244.55376671112,False
2004-04-12,250244.55376671112,False
2004-04-13,250244.55376671112,False
2004-04-14,251927.50235680043,True
2004-04-15,250972.13745677902,True
2004-04-16,252905.08504519437,True
2004-04-19,252232.53037336768,False
2004-04-20,252232.53037336768,False
2004-04-21,253238.47171000144,True
2004-04-22,256789.69905802488,True
2004-04-23,257120.35878114632,False
2004-04-26,257120.35878114632,False
2004-04-27,257120.35878114632,False
2004-04-28,257120.35878114632,False
2004-04-29,257120.35878114632,False
2004-04-30,257120.35878114632,False
2004-05-03,258869.3739864361,True
2004-05-04,259048.37817682978,False
2004-05-05,259048.37817682978,False
2004-05-06,259048.37817682978,False
2004-05-07,259048.37817682978,False
2004-05-10,257552.97585388244,True
2004-05-11,259730.21317617936,True
2004-05-12,259252.37111455516,False
2004-05-13,259252.37111455516,False
2004-05-14,259252.37111455516,False
2004-05-17,259252.37111455516,False
2004-05-18,259252.37111455516,False
2004-05-19,259252.37111455516,False
2004-05-20,259603.12662526916,True
2004-05-21,260053.08643241017,True
2004-05-24,261142.46280759375,True
2004-05-25,264884.2338353982,True
2004-05-26,264381.38717345154,False
2004-05-27,264381.38717345154,False
2004-05-28,264381.38717345154,False
2004-06-01,264381.38717345154,False
2004-06-02,264381.38717345154,False
2004-06-03,264381.38717345154,False
2004-06-04,264328.5214691577,True
2004-06-07,268352.64128617797,True
2004-06-08,267527.0556720436,False
2004-06-09,267527.0556720436,False
2004-06-10,268200.64622728014,True
2004-06-14,265550.3031556857,True
2004-06-15,267426.6522329207,True
2004-06-16,267326.26755728864,False
2004-06-17,267326.26755728864,False
2004-06-18,267326.26755728864,False
2004-06-21,267326.26755728864,False
2004-06-22,268784.83102984045,True
2004-06-23,268353.1451557485,False
2004-06-24,268353.1451557485,False
2004-06-25,268353.1451557485,False
2004-06-28,268353.1451557485,False
2004-06-29,269221.1517719611,True
2004-06-30,270662.73272860516,True
2004-07-01,269947.02323234343,False
2004-07-02,269947.02323234343,False
2004-07-06,269947.02323234343,False
2004-07-07,269947.02323234343,False
2004-07-08,269947.02323234343,False
2004-07-09,269947.02323234343,False
2004-07-12,269947.02323234343,False
2004-07-13,269947.02323234343,False
2004-07-14,269947.02323234343,False
2004-07-15,269947.02323234343,False
2004-07-16,267812.6644282396,True
2004-07-19,266675.71246110677,True
2004-07-20,270062.3778951194,True
2004-07-21,270443.70674680226,False
2004-07-22,271675.3146932668,True
2004-07-23,269400.63968855434,True
2004-07-26,268881.4203940004,True
2004-07-27,271403.3426818338,True
2004-07-28,270805.226779236,False
2004-07-29,270805.226779236,False
2004-07-30,270805.226779236,False
2004-08-02,270805.226779236,False
2004-08-03,270805.226779236,False
2004-08-04,270805.226779236,False
2004-08-05,270805.226779236,False
2004-08-06,268788.9299531283,True
2004-08-09,269166.2658398196,True
2004-08-10,272637.7559973799,True
2004-08-11,270822.6798217818,False
2004-08-12,270822.6798217818,False
2004-08-13,270822.6798217818,False
2004-08-16,270822.6798217818,False
2004-08-17,270822.6798217818,False
2004-08-18,270822.6798217818,False
2004-08-19,270822.6798217818,False
2004-08-20,270822.6798217818,False
2004-08-23,270822.6798217818,False
2004-08-24,270822.6798217818,False
2004-08-25,270822.6798217818,False
2004-08-26,270822.6798217818,False
2004-08-27,270822.6798217818,False
2004-08-30,270822.6798217818,False
2004-08-31,271869.60904401605,True
2004-09-01,271423.8172694528,False
2004-09-02,271423.8172694528,False
2004-09-03,271423.8172694528,False
2004-09-07,271423.8172694528,False
2004-09-08,271423.8172694528,False
2004-09-09,271423.8172694528,False
2004-09-10,271423.8172694528,False
2004-09-13,271423.8172694528,False
2004-09-14,271423.8172694528,False
2004-09-15,271423.8172694528,False
2004-09-16,271423.8172694528,False
2004-09-17,271423.8172694528,False
2004-09-20,271423.8172694528,False
2004-09-21,271423.8172694528,False
2004-09-22,271423.8172694528,False
2004-09-23,269788.9859845754,True
2004-09-24,271029.1156182133,True
2004-09-27,269302.6606380507,True
2004-09-28,270591.42280634114,True
2004-09-29,270367.1246932705,False
2004-09-30,270367.1246932705,False
2004-10-01,270367.1246932705,False
2004-10-04,270367.1246932705,False
2004-10-05,270367.1246932705,False
2004-10-06,270367.1246932705,False
2004-10-07,270367.1246932705,False
2004-10-08,268784.1150218022,True
2004-10-11,269883.04572049587,True
2004-10-12,268831.8946173976,True
2004-10-13,266466.8046354263,True
2004-10-14,264316.7228336343,True
2004-10-15,265797.89029709104,True
2004-10-18,266801.261804594,True
2004-10-19,267559.99222672946,False
2004-10-20,267845.78163999505,True
2004-10-21,269590.7052988875,True
2004-10-22,269415.63613878883,False
2004-10-25,269631.7391301452,True
2004-10-26,273754.99893115234,True
2004-10-27,273307.6350600283,False
2004-10-28,273307.6350600283,False
2004-10-29,273307.6350600283,False
2004-11-01,273307.6350600283,False
2004-11-02,273307.6350600283,False
2004-11-03,273307.6350600283,False
2004-11-04,273307.6350600283,False
2004-11-05,273307.6350600283,False
2004-11-08,273307.6350600283,False
2004-11-09,273307.6350600283,False
2004-11-10,273307.6350600283,False
2004-11-11,273307.6350600283,False
2004-11-12,273307.6350600283,False
2004-11-15,273307.6350600283,False
2004-11-16,273307.6350600283,False
2004-11-17,273307.6350600283,False
2004-11-18,273307.6350600283,False
2004-11-19,273307.6350600283,False
2004-11-22,273307.6350600283,False
2004-11-23,273307.6350600283,False
2004-11-24,273307.6350600283,False
2004-11-26,273307.6350600283,False
2004-11-29,273307.6350600283,False
2004-11-30,273307.6350600283,False
2004-12-01,273307.6350600283,False
2004-12-02,273307.6350600283,False
2004-12-03,273307.6350600283,False
2004-12-06,273307.6350600283,False
2004-12-07,273307.6350600283,False
2004-12-08,274593.7063224422,True
2004-12-09,275564.57387573307,True
2004-12-10,274839.23410349066,False
2004-12-13,274839.23410349066,False
2004-12-14,274839.23410349066,False
2004-12-15,274839.23410349066,False
2004-12-16,274839.23410349066,False
2004-12-17,274839.23410349066,False
2004-12-20,274839.23410349066,False
2004-12-21,274839.23410349066,False
2004-12-22,274839.23410349066,False
2004-12-23,274839.23410349066,False
2004-12-27,274839.23410349066,False
2004-12-28,274839.23410349066,False
2004-12-29,274839.23410349066,False
2004-12-30,274839.23410349066,False
2004-12-31,274839.23410349066,False
2005-01-03,271936.0690435944,True
2005-01-04,268613.15947174,True
2005-01-05,266759.5636561478,True
2005-01-06,268115.8532773128,True
2005-01-07,267731.57121798274,True
2005-01-10,268997.4415310701,True
2005-01-11,267143.8457154779,True
2005-01-12,268025.43396923516,True
2005-01-13,268130.0310248194,False
2005-01-14,268689.96691781963,True
2005-01-18,271485.03338694107,True
2005-01-19,271339.85808901733,False
2005-01-20,271339.85808901733,False
2005-01-21,268959.44036963425,True
2005-01-24,268429.7206292248,True
2005-01-25,269189.753300247,True
2005-01-26,269995.8485573919,True
2005-01-27,270456.4744186175,True
2005-01-28,270456.4744186175,True
2005-01-31,271599.7708374725,False
2005-02-01,271599.7708374725,False
2005-02-02,271599.7708374725,False
2005-02-03,271599.7708374725,False
2005-02-04,271599.7708374725,False
2005-02-07,271599.7708374725,False
2005-02-08,271599.7708374725,False
2005-02-09,271599.7708374725,False
2005-02-10,271727.00642955943,True
2005-02-11,274064.39424167277,True
2005-02-14,273828.0729873253,False
2005-02-15,273828.0729873253,False
2005-02-16,273828.0729873253,False
2005-02-17,273828.0729873253,False
2005-02-18,274343.01475766185,True
2005-02-22,270263.9882902126,True
2005-02-23,272200.956165817,True
2005-02-24,274001.1968972611,True
2005-02-25,274014.74655724736,False
2005-02-28,274014.74655724736,False
2005-03-01,274014.74655724736,False
2005-03-02,274014.74655724736,False
2005-03-03,274014.74655724736,False
2005-03-04,274014.74655724736,False
2005-03-07,274014.74655724736,False
2005-03-08,274014.74655724736,False
2005-03-09,274014.74655724736,False
2005-03-10,274050.37039292365,True
2005-03-11,272129.03407789575,True
2005-03-14,273824.3308264498,True
2005-03-15,271563.93516171107,True
2005-03-16,269258.33158367756,True
2005-03-17,269800.82654321485,True
2005-03-18,267947.3020981291,True
2005-03-21,266952.72800564405,True
2005-03-22,264240.2532079576,True
2005-03-23,264466.29277443147,True
2005-03-24,264782.7481674949,True
2005-03-28,265167.01543050044,True
2005-03-29,263403.9068120043,True
2005-03-30,267133.5596588232,True
2005-03-31,267102.73238274746,False
2005-04-01,267102.73238274746,False
2005-04-04,267102.73238274746,False
2005-04-05,267102.73238274746,False
2005-04-06,267102.73238274746,False
2005-04-07,267102.73238274746,False
2005-04-08,267102.73238274746,False
2005-04-11,266597.80620660586,True
2005-04-12,267974.9309571015,True
2005-04-13,267605.3377650472,False
2005-04-14,267605.3377650472,False
2005-04-15,263876.2838920046,True
2005-04-18,264685.36579618504,True
2005-04-19,266788.9787470543,True
2005-04-20,266666.2849437792,False
2005-04-21,266666.2849437792,False
2005-04-22,266666.2849437792,False
2005-04-25,266666.2849437792,False
2005-04-26,266666.2849437792,False
2005-04-27,268446.70987226954,True
2005-04-28,265080.970751519,True
2005-04-29,268678.8298116316,True
2005-05-02,269367.7292948668,False
2005-05-03,269367.7292948668,False
2005-05-04,269367.7292948668,False
2005-05-05,269367.7292948668,False
2005-05-06,269367.7292948668,False
2005-05-09,269367.7292948668,False
2005-05-10,269367.7292948668,False
2005-05-11,269367.7292948668,False
2005-05-12,269367.7292948668,False
2005-05-13,267970.7707125986,True
2005-05-16,270471.70773618657,True
2005-05-17,269514.67787046207,False
2005-05-18,269514.67787046207,False
2005-05-19,269514.67787046207,False
2005-05-20,269514.67787046207,False
2005-05-23,269514.67787046207,False
2005-05-24,269514.67787046207,False
2005-05-25,269514.67787046207,False
2005-05-26,269514.67787046207,False
2005-05-27,269514.67787046207,False
2005-05-31,269514.67787046207,False
2005-06-01,271670.2198665913,True
2005-06-02,271007.285912476,False
2005-06-03,271007.285912476,False
2005-06-06,271007.285912476,False
2005-06-07,271007.285912476,False
2005-06-08,271007.285912476,False
2005-06-09,271007.285912476,False
2005-06-10,271007.285912476,False
2005-06-13,271007.285912476,False
2005-06-14,271007.285912476,False
2005-06-15,271007.285912476,False
2005-06-16,271007.285912476,False
2005-06-17,271007.285912476,False
2005-06-20,271007.285912476,False
2005-06-21,271007.285912476,False
2005-06-22,271007.285912476,False
2005-06-23,271007.285912476,False
2005-06-24,268918.91289631964,True
2005-06-27,269303.14734910475,True
2005-06-28,271563.3500125467,True
2005-06-29,272006.1824795842,False
2005-06-30,272006.1824795842,False
2005-07-01,272006.1824795842,False
2005-07-05,272006.1824795842,False
2005-07-06,272006.1824795842,False
2005-07-07,272006.1824795842,False
2005-07-08,272006.1824795842,False
2005-07-11,272006.1824795842,False
2005-07-12,272006.1824795842,False
2005-07-13,272006.1824795842,False
2005-07-14,272006.1824795842,False
2005-07-15,272006.1824795842,False
2005-07-18,272006.1824795842,False
2005-07-19,272006.1824795842,False
2005-07-20,272006.1824795842,False
2005-07-21,272006.1824795842,False
2005-07-22,272006.1824795842,False
2005-07-25,272006.1824795842,False
2005-07-26,272006.1824795842,False
2005-07-27,272006.1824795842,False
2005-07-28,272006.1824795842,False
2005-07-29,272006.1824795842,False
2005-08-01,272006.1824795842,False
2005-08-02,272006.1824795842,False
2005-08-03,272006.1824795842,False
2005-08-04,272006.1824795842,False
2005-08-05,272006.1824795842,False
2005-08-08,272006.1824795842,False
2005-08-09,272006.1824795842,False
2005-08-10,272006.1824795842,False
2005-08-11,272006.1824795842,False
2005-08-12,272006.1824795842,False
2005-08-15,272006.1824795842,False
2005-08-16,272006.1824795842,False
2005-08-17,271974.04858994804,True
2005-08-18,271951.79212115996,True
2005-08-19,272574.9732472253,True
2005-08-22,272574.9732472253,True
2005-08-23,272063.0744651002,True
2005-08-24,269637.119367203,True
2005-08-25,270616.40399387706,True
2005-08-26,268769.1170844691,True
2005-08-29,270838.9686817576,True
2005-08-30,269805.71211827244,False
2005-08-31,269805.71211827244,False
2005-09-01,269805.71211827244,False
2005-09-02,269805.71211827244,False
2005-09-06,269805.71211827244,False
2005-09-07,269805.71211827244,False
2005-09-08,269805.71211827244,False
2005-09-09,269805.71211827244,False
2005-09-12,269805.71211827244,False
2005-09-13,269805.71211827244,False
2005-09-14,269805.71211827244,False
2005-09-15,269805.71211827244,False
2005-09-16,269805.71211827244,False
2005-09-19,269805.71211827244,False
2005-09-20,269805.71211827244,False
2005-09-21,269805.71211827244,False
2005-09-22,270621.5690175828,True
2005-09-23,270844.5965180094,True
2005-09-26,271156.8350186065,True
2005-09-27,271089.9267684786,True
2005-09-28,271357.55976899044,True
2005-09-29,273565.53202321334,True
2005-09-30,273421.62575883814,False
2005-10-03,273421.62575883814,False
2005-10-04,273421.62575883814,False
2005-10-05,269714.5444274428,True
2005-10-06,268745.0781221365,True
2005-10-07,269669.45297138207,True
2005-10-10,267392.33444031357,True
2005-10-11,267009.05706379714,True
2005-10-12,264912.30435697176,True
2005-10-13,264754.4842607591,True
2005-10-14,267550.1545365263,True
2005-10-17,267789.68035112106,False
2005-10-18,267789.68035112106,False
2005-10-19,272931.35340980557,True
2005-10-20,272216.1037356309,False
2005-10-21,272216.1037356309,False
2005-10-24,272216.1037356309,False
2005-10-25,272216.1037356309,False
2005-10-26,272216.1037356309,False
2005-10-27,272216.1037356309,False
2005-10-28,275310.0416607431,True
2005-10-31,276472.7187109734,False
2005-11-01,276472.7187109734,False
2005-11-02,276472.7187109734,False
2005-11-03,276472.7187109734,False
2005-11-04,276472.7187109734,False
2005-11-07,276472.7187109734,False
2005-11-08,276472.7187109734,False
2005-11-09,276472.7187109734,False
2005-11-10,276472.7187109734,False
2005-11-11,276472.7187109734,False
2005-11-14,276472.7187109734,False
2005-11-15,276472.7187109734,False
2005-11-16,276472.7187109734,False
2005-11-17,276472.7187109734,False
2005-11-18,276472.7187109734,False
2005-11-21,276472.7187109734,False
2005-11-22,276472.7187109734,False
2005-11-23,276472.7187109734,False
2005-11-25,276472.7187109734,False
2005-11-28,276472.7187109734,False
2005-11-29,276472.7187109734,False
2005-11-30,274774.1800208694,True
2005-12-01,277578.6689007571,True
2005-12-02,277698.3986658589,False
2005-12-05,277698.3986658589,False
2005-12-06,277698.3986658589,False
2005-12-07,277698.3986658589,False
2005-12-08,277698.3986658589,False
2005-12-09,277698.3986658589,False
2005-12-12,277698.3986658589,False
2005-12-13,277698.3986658589,False
2005-12-14,277698.3986658589,False
2005-12-15,277698.3986658589,False
2005-12-16,277698.3986658589,False
2005-12-19,275408.2316676815,True
2005-12-20,275671.1303058178,True
2005-12-21,276109.29470271175,True
2005-12-22,277555.23721246177,True
2005-12-23,277696.8607088258,False
2005-12-27,277696.8607088258,False
2005-12-28,277530.9821512236,True
2005-12-29,276295.05889074894,True
2005-12-30,274794.29493160115,True
2006-01-03,279627.6376823859,True
2006-01-04,279924.7624622273,False
2006-01-05,279924.7624622273,False
2006-01-06,279924.7624622273,False
2006-01-09,279924.7624622273,False
2006-01-10,279924.7624622273,False
2006-01-11,279924.7624622273,False
2006-01-12,279924.7624622273,False
2006-01-13,279924.7624622273,False
2006-01-17,279924.7624622273,False
2006-01-18,279924.7624622273,False
2006-01-19,279924.7624622273,False
2006-01-20,279924.7624622273,False
2006-01-23,280334.4605658916,True
2006-01-24,280622.7336229519,True
2006-01-25,280866.65697892604,True
2006-01-26,282418.8965169432,True
2006-01-27,283027.5252048296,False
2006-01-30,283027.5252048296,False
2006-01-31,283027.5252048296,False
2006-02-01,284232.8104637879,True
2006-02-02,283534.1055967504,False
2006-02-03,282783.1614408803,True
2006-02-06,283522.20035174984,True
2006-02-07,281013.9470784958,True
2006-02-08,283566.9905887722,True
2006-02-09,283096.6931000371,True
2006-02-10,283611.7808257946,True
2006-02-13,283096.6931000371,True
2006-02-14,286097.6389805375,True
2006-02-15,285883.6849763289,False
2006-02-16,285883.6849763289,False
2006-02-17,285883.6849763289,False
2006-02-21,285883.6849763289,False
2006-02-22,285883.6849763289,False
2006-02-23,285883.6849763289,False
2006-02-24,285883.6849763289,False
2006-02-27,285883.6849763289,False
2006-02-28,285883.6849763289,False
2006-03-01,287537.900269352,True
2006-03-02,287515.6742586642,True
2006-03-03,285924.88310529484,False
2006-03-06,285924.88310529484,False
2006-03-07,285924.88310529484,False
2006-03-08,285924.88310529484,False
2006-03-09,285924.88310529484,False
2006-03-10,285924.88310529484,False
2006-03-13,285924.88310529484,False
2006-03-14,285924.88310529484,False
2006-03-15,285924.88310529484,False
2006-03-16,285924.88310529484,False
2006-03-17,285924.88310529484,False
2006-03-20,285924.88310529484,False
2006-03-21,285924.88310529484,False
2006-03-22,287788.08470971056,True
2006-03-23,287192.11306627124,True
2006-03-24,287412.86537760595,True
2006-03-27,286993.4558517915,True
2006-03-28,285227.6139453045,True
2006-03-29,287015.52887562255,True
2006-03-30,286507.84932750755,True
2006-03-31,286574.0683990008,True
2006-04-03,286353.3381606899,True
2006-04-04,288185.3991386701,True
2006-04-05,288238.10510497406,False
2006-04-06,288238.10510497406,False
2006-04-07,288238.10510497406,False
2006-04-10,288180.46901117184,True
2006-04-11,285737.1101913522,True
2006-04-12,286270.2018148436,True
2006-04-13,285892.6174603549,True
2006-04-17,285781.53449330985,True
2006-04-18,290312.81329298613,True
2006-04-19,290365.7892730706,False
2006-04-20,290365.7892730706,False
2006-04-21,290365.7892730706,False
2006-04-24,290365.7892730706,False
2006-04-25,290365.7892730706,False
2006-04-26,290365.7892730706,False
2006-04-27,290365.7892730706,False
2006-04-28,290365.7892730706,False
2006-05-01,290365.7892730706,False
2006-05-02,291127.6404863648,True
2006-05-03,290559.8330117418,False
2006-05-04,290559.8330117418,False
2006-05-05,290559.8330117418,False
2006-05-08,290559.8330117418,False
2006-05-09,290559.8330117418,False
2006-05-10,290559.8330117418,False
2006-05-11,290559.8330117418,False
2006-05-12,290559.8330117418,False
2006-05-15,292103.24793211446,True
2006-05-16,291674.67946024495,True
2006-05-17,286125.84556130285,True
2006-05-18,284682.24649816344,True
2006-05-19,286689.7514453417,True
2006-05-22,284501.796615271,True
2006-05-23,282336.3980205619,True
2006-05-24,284592.0215567172,True
2006-05-25,288110.79427311954,True
2006-05-26,288684.59783774626,False
2006-05-30,288684.59783774626,False
2006-05-31,290655.60344171117,True
2006-06-01,290301.2000960857,False
2006-06-02,290301.2000960857,False
2006-06-05,290301.2000960857,False
2006-06-06,290301.2000960857,False
2006-06-07,290301.2000960857,False
2006-06-08,290636.0590605464,True
2006-06-09,289711.5706023021,True
2006-06-12,286568.3098442716,True
2006-06-13,283240.15139459213,True
2006-06-14,285435.8114829223,True
2006-06-15,291491.21088442235,True
2006-06-16,289514.9827540988,False
2006-06-19,289514.9827540988,False
2006-06-20,289643.8227873828,True
2006-06-21,291791.2344802218,True
2006-06-22,291592.8556543801,False
2006-06-23,291592.8556543801,False
2006-06-26,291592.8556543801,False
2006-06-27,291592.8556543801,False
2006-06-28,292849.1420878713,True
2006-06-29,298764.812132452,True
2006-06-30,299338.7541961582,False
2006-07-03,299338.7541961582,False
2006-07-05,299338.7541961582,False
2006-07-06,299338.7541961582,False
2006-07-07,299338.7541961582,False
2006-07-10,299338.7541961582,False
2006-07-11,299338.7541961582,False
2006-07-12,299338.7541961582,False
2006-07-13,299338.7541961582,False
2006-07-14,297808.1812003785,True
2006-07-17,297374.1990710386,True
2006-07-18,298893.1365237283,True
2006-07-19,299339.5691181567,False
2006-07-20,299339.5691181567,False
2006-07-21,299339.5691181567,False
2006-07-24,303536.58469850995,True
2006-07-25,302922.83521535713,False
2006-07-26,302922.83521535713,False
2006-07-27,302922.83521535713,False
2006-07-28,302922.83521535713,False
2006-07-31,302922.83521535713,False
2006-08-01,302922.83521535713,False
2006-08-02,302922.83521535713,False
2006-08-03,302922.83521535713,False
2006-08-04,302922.83521535713,False
2006-08-07,302922.83521535713,False
2006-08-08,302922.83521535713,False
2006-08-09,302922.83521535713,False
2006-08-10,302922.83521535713,False
2006-08-11,302922.83521535713,False
2006-08-14,302922.83521535713,False
2006-08-15,302922.83521535713,False
2006-08-16,302922.83521535713,False
2006-08-17,302922.83521535713,False
2006-08-18,302922.83521535713,False
2006-08-21,302922.83521535713,False
2006-08-22,302922.83521535713,False
2006-08-23,302922.83521535713,False
2006-08-24,302922.83521535713,False
2006-08-25,302922.83521535713,False
2006-08-28,302922.83521535713,False
2006-08-29,302922.83521535713,False
2006-08-30,302922.83521535713,False
2006-08-31,302922.83521535713,False
2006-09-01,302922.83521535713,False
2006-09-05,302922.83521535713,False
2006-09-06,302922.83521535713,False
2006-09-07,302922.83521535713,False
2006-09-08,302922.83521535713,False
2006-09-11,302922.83521535713,False
2006-09-12,302922.83521535713,False
2006-09-13,302922.83521535713,False
2006-09-14,302922.83521535713,False
2006-09-15,302922.83521535713,False
2006-09-18,302922.83521535713,False
2006-09-19,302922.83521535713,False
2006-09-20,302922.83521535713,False
2006-09-21,302922.83521535713,False
2006-09-22,302922.83521535713,False
2006-09-25,302922.83521535713,False
2006-09-26,302922.83521535713,False
2006-09-27,302922.83521535713,False
2006-09-28,302922.83521535713,False
2006-09-29,302922.83521535713,False
2006-10-02,302922.83521535713,False
2006-10-03,302922.83521535713,False
2006-10-04,302922.83521535713,False
2006-10-05,302922.83521535713,False
2006-10-06,302922.83521535713,False
2006-10-09,302922.83521535713,False
2006-10-10,302922.83521535713,False
2006-10-11,302922.83521535713,False
2006-10-12,302922.83521535713,False
2006-10-13,302922.83521535713,False
2006-10-16,302922.83521535713,False
2006-10-17,302922.83521535713,False
2006-10-18,302922.83521535713,False
2006-10-19,302922.83521535713,False
2006-10-20,302922.83521535713,False
2006-10-23,302922.83521535713,False
2006-10-24,302922.83521535713,False
2006-10-25,302922.83521535713,False
2006-10-26,302922.83521535713,False
2006-10-27,302922.83521535713,False
2006-10-30,302922.83521535713,False
2006-10-31,302922.83521535713,False
2006-11-01,302922.83521535713,False
2006-11-02,303461.2870902968,True
2006-11-03,302928.8210214148,True
2006-11-06,306345.4782967406,True
2006-11-07,306550.3889889153,False
2006-11-08,306550.3889889153,False
2006-11-09,306550.3889889153,False
2006-11-10,306550.3889889153,False
2006-11-13,306550.3889889153,False
2006-11-14,306550.3889889153,False
2006-11-15,306550.3889889153,False
2006-11-16,306550.3889889153,False
2006-11-17,306550.3889889153,False
2006-11-20,306550.3889889153,False
2006-11-21,306550.3889889153,False
2006-11-22,306550.3889889153,False
2006-11-24,306550.3889889153,False
2006-11-27,306550.3889889153,False
2006-11-28,308218.4132996824,True
2006-11-29,311433.17879590264,True
2006-11-30,311304.39307304437,False
2006-12-01,311304.39307304437,False
2006-12-04,311304.39307304437,False
2006-12-05,311304.39307304437,False
2006-12-06,311304.39307304437,False
2006-12-07,311304.39307304437,False
2006-12-08,311881.6984026842,True
2006-12-11,312785.895095833,True
2006-12-12,312414.6495764884,False
2006-12-13,312414.6495764884,False
2006-12-14,312414.6495764884,False
2006-12-15,312414.6495764884,False
2006-12-18,312414.6495764884,False
2006-12-19,312414.6495764884,False
2006-12-20,312414.6495764884,False
2006-12-21,312414.6495764884,False
2006-12-22,312414.6495764884,False
2006-12-26,314060.23380963487,True
2006-12-27,314640.58642109606,False
2006-12-28,314640.58642109606,False
2006-12-29,314640.58642109606,False
2007-01-03,314640.58642109606,False
2007-01-04,314640.58642109606,False
2007-01-05,314640.58642109606,False
2007-01-08,315404.2135529331,True
2007-01-09,315609.14698832465,False
2007-01-10,315609.14698832465,False
2007-01-11,315609.14698832465,False
2007-01-12,315609.14698832465,False
2007-01-16,315609.14698832465,False
2007-01-17,315609.14698832465,False
2007-01-18,315609.14698832465,False
2007-01-19,315609.14698832465,False
2007-01-22,315609.14698832465,False
2007-01-23,315609.14698832465,False
2007-01-24,315609.14698832465,False
2007-01-25,315609.14698832465,False
2007-01-26,315609.14698832465,False
2007-01-29,315609.14698832465,False
2007-01-30,315609.14698832465,False
2007-01-31,315609.14698832465,False
2007-02-01,315609.14698832465,False
2007-02-02,315609.14698832465,False
2007-02-05,315609.14698832465,False
2007-02-06,315609.14698832465,False
2007-02-07,315609.14698832465,False
2007-02-08,315609.14698832465,False
2007-02-09,315609.14698832465,False
2007-02-12,315609.14698832465,False
2007-02-13,315609.14698832465,False
2007-02-14,315609.14698832465,False
2007-02-15,315609.14698832465,False
2007-02-16,315609.14698832465,False
2007-02-20,315609.14698832465,False
2007-02-21,315609.14698832465,False
2007-02-22,315609.14698832465,False
2007-02-23,315609.14698832465,False
2007-02-26,315609.14698832465,False
2007-02-27,315609.14698832465,False
2007-02-28,316759.7628352711,True
2007-03-01,315815.7544595468,True
2007-03-02,311680.0987182788,True
2007-03-05,308713.215251717,True
2007-03-06,313995.166877793,True
2007-03-07,313685.1770035951,False
2007-03-08,313685.1770035951,False
2007-03-09,313685.1770035951,False
2007-03-12,313685.1770035951,False
2007-03-13,313685.1770035951,False
2007-03-14,315548.1845410932,True
2007-03-15,315978.6422885286,True
2007-03-16,315553.02832353534,False
2007-03-19,315553.02832353534,False
2007-03-20,315553.02832353534,False
2007-03-21,315553.02832353534,False
2007-03-22,315553.02832353534,False
2007-03-23,315553.02832353534,False
2007-03-26,315553.02832353534,False
2007-03-27,315553.02832353534,False
2007-03-28,315553.02832353534,False
2007-03-29,315553.02832353534,False
2007-03-30,315553.02832353534,False
2007-04-02,315553.02832353534,False
2007-04-03,315553.02832353534,False
2007-04-04,315553.02832353534,False
2007-04-05,315553.02832353534,False
2007-04-09,315553.02832353534,False
2007-04-10,315553.02832353534,False
2007-04-11,315553.02832353534,False
2007-04-12,315553.02832353534,False
2007-04-13,315553.02832353534,False
2007-04-16,315553.02832353534,False
2007-04-17,315553.02832353534,False
2007-04-18,315553.02832353534,False
2007-04-19,315553.02832353534,False
2007-04-20,315553.02832353534,False
2007-04-23,315553.02832353534,False
2007-04-24,315553.02832353534,False
2007-04-25,315553.02832353534,False
2007-04-26,315553.02832353534,False
2007-04-27,315553.02832353534,False
2007-04-30,315553.02832353534,False
2007-05-01,315054.1707651785,True
2007-05-02,317870.66556168266,True
2007-05-03,318720.9408956981,False
2007-05-04,318720.9408956981,False
2007-05-07,318720.9408956981,False
2007-05-08,318720.9408956981,False
2007-05-09,318720.9408956981,False
2007-05-10,318720.9408956981,False
2007-05-11,321019.20947045996,True
2007-05-14,320955.0056285659,False
2007-05-15,320955.0056285659,False
2007-05-16,320955.0056285659,False
2007-05-17,320955.0056285659,False
2007-05-18,320955.0056285659,False
2007-05-21,320955.0056285659,False
2007-05-22,320955.0056285659,False
2007-05-23,319820.84170298075,True
2007-05-24,316925.58611684776,True
2007-05-25,318247.3332322563,True
2007-05-29,319401.2394441209,True
2007-05-30,317701.23767644056,False
2007-05-31,317701.23767644056,False
2007-06-01,317701.23767644056,False
2007-06-04,317701.23767644056,False
2007-06-05,317701.23767644056,False
2007-06-06,317701.23767644056,False
2007-06-07,312482.0703420498,True
2007-06-08,316547.9000970034,True
2007-06-11,317092.80511570856,True
2007-06-12,315709.3038479474,False
2007-06-13,318561.4449300487,True
2007-06-14,318854.20518401475,False
2007-06-15,318854.20518401475,False
2007-06-18,318854.20518401475,False
2007-06-19,318854.20518401475,False
2007-06-20,318854.20518401475,False
2007-06-21,320689.51647760574,True
2007-06-22,317672.10623571224,True
2007-06-25,316152.8507293043,True
2007-06-26,312903.3320072651,True
2007-06-27,317355.5946718772,True
2007-06-28,317249.9304514065,False
2007-06-29,317249.9304514065,False
2007-07-02,317249.9304514065,False
2007-07-03,317249.9304514065,False
2007-07-05,317249.9304514065,False
2007-07-06,317249.9304514065,False
2007-07-09,317249.9304514065,False
2007-07-10,317249.9304514065,False
2007-07-11,319795.5230135352,True
2007-07-12,320530.945409593,False
2007-07-13,320530.945409593,False
2007-07-16,320530.945409593,False
2007-07-17,320530.945409593,False
2007-07-18,320530.945409593,False
2007-07-19,320530.945409593,False
2007-07-20,320530.945409593,False
2007-07-23,320530.945409593,False
2007-07-24,320530.945409593,False
2007-07-25,320530.945409593,False
2007-07-26,320530.945409593,False
2007-07-27,320530.945409593,False
2007-07-30,323651.0974682046,True
2007-07-31,320005.68545980984,True
2007-08-01,321564.86770436424,True
2007-08-02,324134.2243608834,True
2007-08-03,323366.80803630175,False
2007-08-06,323366.80803630175,False
2007-08-07,323366.80803630175,False
2007-08-08,323366.80803630175,False
2007-08-09,323366.80803630175,False
2007-08-10,324018.6562793628,True
2007-08-13,325182.98287230916,True
2007-08-14,320212.2039562689,True
2007-08-15,315801.1974406836,True
2007-08-16,318174.6324186128,True
2007-08-17,324018.6562793628,True
2007-08-20,324983.6277687007,False
2007-08-21,324983.6277687007,False
2007-08-22,324983.6277687007,False
2007-08-23,324983.6277687007,False
2007-08-24,324983.6277687007,False
2007-08-27,324983.6277687007,False
2007-08-28,324983.6277687007,False
2007-08-29,329802.43885575864,True
2007-08-30,327283.8186066861,False
2007-08-31,327283.8186066861,False
2007-09-04,327283.8186066861,False
2007-09-05,327283.8186066861,False
2007-09-06,327283.8186066861,False
2007-09-07,327283.8186066861,False
2007-09-10,327283.8186066861,False
2007-09-11,327283.8186066861,False
2007-09-12,327283.8186066861,False
2007-09-13,327283.8186066861,False
2007-09-14,327283.8186066861,False
2007-09-17,327283.8186066861,False
2007-09-18,327283.8186066861,False
2007-09-19,327283.8186066861,False
2007-09-20,327283.8186066861,False
2007-09-21,327283.8186066861,False
2007-09-24,327283.8186066861,False
2007-09-25,327283.8186066861,False
2007-09-26,327283.8186066861,False
2007-09-27,327283.8186066861,False
2007-09-28,327283.8186066861,False
2007-10-01,327283.8186066861,False
2007-10-02,327283.8186066861,False
2007-10-03,327283.8186066861,False
2007-10-04,327283.8186066861,False
2007-10-05,327283.8186066861,False
2007-10-08,327283.8186066861,False
2007-10-09,327283.8186066861,False
2007-10-10,327283.8186066861,False
2007-10-11,327283.8186066861,False
2007-10-12,327283.8186066861,False
2007-10-15,327283.8186066861,False
2007-10-16,327283.8186066861,False
2007-10-17,327283.8186066861,False
2007-10-18,327283.8186066861,False
2007-10-19,327283.8186066861,False
2007-10-22,330911.286861602,True
2007-10-23,333593.04433450726,True
2007-10-24,332317.5784987749,False
2007-10-25,332317.5784987749,False
2007-10-26,332317.5784987749,False
2007-10-29,332317.5784987749,False
2007-10-30,332317.5784987749,False
2007-10-31,332317.5784987749,False
2007-11-01,332317.5784987749,False
2007-11-02,331527.556225802,True
2007-11-05,329006.01727302646,True
2007-11-06,333435.15525964095,True
2007-11-07,329795.1756448276,False
2007-11-08,327879.947680258,True
2007-11-09,323379.2851747258,True
2007-11-12,320170.8921014751,True
2007-11-13,329929.754365946,True
2007-11-14,332403.2382691597,False
2007-11-15,332403.2382691597,False
2007-11-16,332403.2382691597,False
2007-11-19,332403.2382691597,False
2007-11-20,332403.2382691597,False
2007-11-21,332403.2382691597,False
2007-11-23,334799.0409727797,True
2007-11-26,335428.81067509216,False
2007-11-27,337325.54701101466,True
2007-11-28,348114.664597956,True
2007-11-29,346838.6053757061,False
2007-11-30,346838.6053757061,False
2007-12-03,346838.6053757061,False
2007-12-04,346838.6053757061,False
2007-12-05,348832.0984215164,True
2007-12-06,348340.4704349997,False
2007-12-07,348340.4704349997,False
2007-12-10,348340.4704349997,False
2007-12-11,348340.4704349997,False
2007-12-12,344374.4990501165,True
2007-12-13,343659.78997395973,True
2007-12-14,339302.3701225523,True
2007-12-17,334460.7925098775,True
2007-12-18,336328.25816048065,True
2007-12-19,336328.25816048065,True
2007-12-20,338449.33025746205,True
2007-12-21,339695.5200577805,False
2007-12-24,339695.5200577805,False
2007-12-26,339695.5200577805,False
2007-12-27,339695.5200577805,False
2007-12-28,339695.5200577805,False
2007-12-31,339695.5200577805,False
2008-01-02,335919.110602053,True
2008-01-03,335756.8644298171,True
2008-01-04,327528.66569499834,True
2008-01-07,327250.52939973684,True
2008-01-08,321965.9397897687,True
2008-01-09,325349.93138211675,True
2008-01-10,327482.30964578805,True
2008-01-11,326234.97034484864,False
2008-01-14,326234.97034484864,False
2008-01-15,326234.97034484864,False
2008-01-16,325267.4031139998,True
2008-01-17,316837.7105964447,True
2008-01-18,313584.56165305024,True
2008-01-22,310402.64954783226,True
2008-01-23,317858.7719436416,True
2008-01-24,319267.13373263646,False
2008-01-25,319267.13373263646,False
2008-01-28,319267.13373263646,False
2008-01-29,319267.13373263646,False
2008-01-30,319267.13373263646,False
2008-01-31,319267.13373263646,False
2008-02-01,319267.13373263646,False
2008-02-04,319267.13373263646,False
2008-02-05,319267.13373263646,False
2008-02-06,315574.36575641687,True
2008-02-07,317661.5919260196,True
2008-02-08,315621.8027148169,True
2008-02-11,317234.65930041904,True
2008-02-12,319922.0056870451,False
2008-02-13,319922.0056870451,False
2008-02-14,319922.0056870451,False
2008-02-15,319922.0056870451,False
2008-02-19,319922.0056870451,False
2008-02-20,319922.0056870451,False
2008-02-21,319922.0056870451,False
2008-02-22,319922.0056870451,False
2008-02-25,319922.0056870451,False
2008-02-26,319922.0056870451,False
2008-02-27,319922.0056870451,False
2008-02-28,319922.0056870451,False
2008-02-29,319922.0056870451,False
2008-03-03,319922.0056870451,False
2008-03-04,319922.0056870451,False
2008-03-05,319922.0056870451,False
2008-03-06,319922.0056870451,False
2008-03-07,319922.0056870451,False
2008-03-10,319922.0056870451,False
2008-03-11,324458.1955250794,True
2008-03-12,324711.336536843,False
2008-03-13,324711.336536843,False
2008-03-14,324711.336536843,False
2008-03-17,324711.336536843,False
2008-03-18,324711.336536843,False
2008-03-19,324711.336536843,False
2008-03-20,329713.93671889405,True
2008-03-24,336304.22134137945,True
2008-03-25,336586.3753907395,False
2008-03-26,336586.3753907395,False
2008-03-27,332958.2885537825,True
2008-03-28,329773.6445828283,True
2008-03-31,330927.13767466997,True
2008-04-01,342562.3723402036,True
2008-04-02,344123.4697692032,False
2008-04-03,344123.4697692032,False
2008-04-04,344123.4697692032,False
2008-04-07,344123.4697692032,False
2008-04-08,344123.4697692032,False
2008-04-09,344123.4697692032,False
2008-04-10,344123.4697692032,False
2008-04-11,344123.4697692032,False
2008-04-14,344123.4697692032,False
2008-04-15,344123.4697692032,False
2008-04-16,344123.4697692032,False
2008-04-17,344123.4697692032,False
2008-04-18,344123.4697692032,False
2008-04-21,344123.4697692032,False
2008-04-22,344123.4697692032,False
2008-04-23,344123.4697692032,False
2008-04-24,344123.4697692032,False
2008-04-25,344123.4697692032,False
2008-04-28,344123.4697692032,False
2008-04-29,344123.4697692032,False
2008-04-30,344123.4697692032,False
2008-05-01,349679.4631266758,True
2008-05-02,349882.04032925837,False
2008-05-05,349882.04032925837,False
2008-05-06,349882.04032925837,False
2008-05-07,349882.04032925837,False
2008-05-08,349882.04032925837,False
2008-05-09,351075.8498714562,True
2008-05-12,355018.8183797318,True
2008-05-13,354796.19231164915,False
2008-05-14,354796.19231164915,False
2008-05-15,354796.19231164915,False
2008-05-16,354796.19231164915,False
2008-05-19,354796.19231164915,False
2008-05-20,354796.19231164915,False
2008-05-21,354796.19231164915,False
2008-05-22,354796.19231164915,False
2008-05-23,354796.19231164915,False
2008-05-27,356939.06230316544,True
2008-05-28,358586.55256621196,True
2008-05-29,357819.9393079669,False
2008-05-30,357819.9393079669,False
2008-06-02,357819.9393079669,False
2008-06-03,357819.9393079669,False
2008-06-04,357819.9393079669,False
2008-06-05,357819.9393079669,False
2008-06-06,357819.9393079669,False
2008-06-09,356599.9196793827,True
2008-06-10,354825.01157381997,True
2008-06-11,349604.69361628254,True
2008-06-12,350935.87469545455,True
2008-06-13,355373.1449593614,True
2008-06-16,355693.51587241556,False
2008-06-17,355693.51587241556,False
2008-06-18,355693.51587241556,False
2008-06-19,355693.51587241556,False
2008-06-20,355693.51587241556,False
2008-06-23,353899.3364278845,True
2008-06-24,353037.80894475844,True
2008-06-25,355003.16851563985,True
2008-06-26,345122.5251935376,True
2008-06-27,343749.46576730546,True
2008-06-30,344718.6841858222,True
2008-07-01,345741.74807203445,True
2008-07-02,346668.54164655413,False
2008-07-03,344336.0060513022,True
2008-07-07,340845.7456161924,True
2008-07-08,346844.6307390374,True
2008-07-09,347593.1279964106,False
2008-07-10,347593.1279964106,False
2008-07-11,347593.1279964106,False
2008-07-14,347593.1279964106,False
2008-07-15,345326.6348487739,True
2008-07-16,353829.26536888746,True
2008-07-17,356982.00652696495,False
2008-07-18,356982.00652696495,False
2008-07-21,356982.00652696495,False
2008-07-22,356982.00652696495,False
2008-07-23,356982.00652696495,False
2008-07-24,356982.00652696495,False
2008-07-25,355606.4788208235,True
2008-07-28,350389.8964957791,True
2008-07-29,357931.26007437584,True
2008-07-30,360297.3714024579,False
2008-07-31,360297.3714024579,False
2008-08-01,360297.3714024579,False
2008-08-04,360297.3714024579,False
2008-08-05,360297.3714024579,False
2008-08-06,360297.3714024579,False
2008-08-07,360297.3714024579,False
2008-08-08,360297.3714024579,False
2008-08-11,360297.3714024579,False
2008-08-12,360297.3714024579,False
2008-08-13,360297.3714024579,False
2008-08-14,360297.3714024579,False
2008-08-15,360297.3714024579,False
2008-08-18,360297.3714024579,False
2008-08-19,360297.3714024579,False
2008-08-20,360297.3714024579,False
2008-08-21,360297.3714024579,False
2008-08-22,360297.3714024579,False
2008-08-25,360297.3714024579,False
2008-08-26,361274.63645169814,True
2008-08-27,364791.2433219399,True
2008-08-28,366561.2990303433,False
2008-08-29,366561.2990303433,False
2008-09-02,366561.2990303433,False
2008-09-03,366561.2990303433,False
2008-09-04,366561.2990303433,False
2008-09-05,369847.0041197804,True
2008-09-08,377486.5058123365,True
2008-09-09,377737.9256773779,False
2008-09-10,377144.1705266599,True
2008-09-11,382600.75042677886,True
2008-09-12,378805.9643143195,False
2008-09-15,378805.9643143195,False
2008-09-16,394564.50214034336,True
2008-09-17,376823.64123329596,True
2008-09-18,388004.584537191,True
2008-09-19,409347.4541908048,False
2008-09-22,409347.4541908048,False
2008-09-23,409347.4541908048,False
2008-09-24,407825.37021638337,True
2008-09-25,414203.5354278731,True
2008-09-26,407400.9616166171,False
2008-09-29,407400.9616166171,False
2008-09-30,416218.73438642744,True
2008-10-01,416469.9225182237,True
2008-10-02,412404.2990690257,False
2008-10-03,412404.2990690257,False
2008-10-06,412404.2990690257,False
2008-10-07,412404.2990690257,False
2008-10-08,412279.5539561151,True
2008-10-09,383486.36595036037,True
2008-10-10,374184.6018369007,True
2008-10-13,428515.36040869926,True
2008-10-14,442590.8744266784,False
2008-10-15,442590.8744266784,False
2008-10-16,454523.4703195151,True
2008-10-17,451809.0292042445,True
2008-10-20,478953.440356951,True
2008-10-21,469940.5554942947,False
2008-10-22,469940.5554942947,False
2008-10-23,469940.5554942947,False
2008-10-24,469940.5554942947,False
2008-10-27,469940.5554942947,False
2008-10-28,504383.0538122404,True
2008-10-29,504335.9615633808,False
2008-10-30,504335.9615633808,False
2008-10-31,504335.9615633808,False
2008-11-03,504335.9615633808,False
2008-11-04,504335.9615633808,False
2008-11-05,504335.9615633808,False
2008-11-06,504335.9615633808,False
2008-11-07,516393.9754584699,True
2008-11-10,523716.56967100187,False
2008-11-11,523716.56967100187,False
2008-11-12,523716.56967100187,False
2008-11-13,554251.6210203362,True
2008-11-14,543443.3070959873,False
2008-11-17,543443.3070959873,False
2008-11-18,555649.7999509736,True
2008-11-19,548074.4963128777,False
2008-11-20,515960.96289049485,True
2008-11-21,543793.4495566884,True
2008-11-24,581473.3025126412,True
2008-11-25,596877.1820003728,False
2008-11-26,596877.1820003728,False
2008-11-28,596877.1820003728,False
2008-12-01,596877.1820003728,False
2008-12-02,609626.6946343783,True
2008-12-03,624282.9010844836,True
2008-12-04,615151.6412051901,False
2008-12-05,615151.6412051901,False
2008-12-08,615151.6412051901,False
2008-12-09,615151.6412051901,False
2008-12-10,615151.6412051901,False
2008-12-11,615151.6412051901,False
2008-12-12,615151.6412051901,False
2008-12-15,615151.6412051901,False
2008-12-16,615151.6412051901,False
2008-12-17,615151.6412051901,False
2008-12-18,615151.6412051901,False
2008-12-19,615151.6412051901,False
2008-12-22,594476.7641638571,True
2008-12-23,598226.0920387517,True
2008-12-24,601697.6919229134,True
2008-12-26,605169.2918070751,True
2008-12-29,605603.6028389833,False
2008-12-30,605603.6028389833,False
2008-12-31,605603.6028389833,False
2009-01-02,605603.6028389833,False
2009-01-05,605603.6028389833,False
2009-01-06,605603.6028389833,False
2009-01-07,605603.6028389833,False
2009-01-08,605603.6028389833,False
2009-01-09,605603.6028389833,False
2009-01-12,605603.6028389833,False
2009-01-13,605603.6028389833,False
2009-01-14,605603.6028389833,False
2009-01-15,605603.6028389833,False
2009-01-16,605603.6028389833,False
2009-01-20,605603.6028389833,False
2009-01-21,621074.0133962047,True
2009-01-22,608907.5835821342,False
2009-01-23,608907.5835821342,False
2009-01-26,608907.5835821342,False
2009-01-27,608907.5835821342,False
2009-01-28,608907.5835821342,False
2009-01-29,608907.5835821342,False
2009-01-30,593383.5020252736,True
2009-02-02,591592.5340727647,True
2009-02-03,599902.6253724063,True
2009-02-04,603793.6107073093,False
2009-02-05,603793.6107073093,False
2009-02-06,603793.6107073093,False
2009-02-09,603793.6107073093,False
2009-02-10,603793.6107073093,False
2009-02-11,603793.6107073093,False
2009-02-12,603793.6107073093,False
2009-02-13,603793.6107073093,False
2009-02-17,603793.6107073093,False
2009-02-18,597922.890095482,True
2009-02-19,591499.5504309108,True
2009-02-20,585741.9986232091,True
2009-02-23,564784.8126740191,True
2009-02-24,586195.9448892566,True
2009-02-25,583506.8579984447,False
2009-02-26,583506.8579984447,False
2009-02-27,582759.5730931509,True
2009-03-02,556510.5621584802,True
2009-03-03,552332.7916493585,True
2009-03-04,565417.8841873625,True
2009-03-05,552458.7553715014,False
2009-03-06,552458.7553715014,False
2009-03-09,552458.7553715014,False
2009-03-10,552458.7553715014,False
2009-03-11,552458.7553715014,False
2009-03-12,552458.7553715014,False
2009-03-13,552458.7553715014,False
2009-03-16,552458.7553715014,False
2009-03-17,552458.7553715014,False
2009-03-18,552458.7553715014,False
2009-03-19,552458.7553715014,False
2009-03-20,552458.7553715014,False
2009-03-23,576900.2161182227,True
2009-03-24,569771.4017842037,False
2009-03-25,569771.4017842037,False
2009-03-26,569771.4017842037,False
2009-03-27,569771.4017842037,False
2009-03-30,569771.4017842037,False
2009-03-31,569771.4017842037,False
2009-04-01,569771.4017842037,False
2009-04-02,569771.4017842037,False
2009-04-03,569771.4017842037,False
2009-04-06,569771.4017842037,False
2009-04-07,569771.4017842037,False
2009-04-08,572920.1928228823,True
2009-04-09,587658.4380924292,False
2009-04-13,587658.4380924292,False
2009-04-14,587658.4380924292,False
2009-04-15,587658.4380924292,False
2009-04-16,587658.4380924292,False
2009-04-17,587658.4380924292,False
2009-04-20,587658.4380924292,False
2009-04-21,603431.9185926402,True
2009-04-22,599742.9390762028,True
2009-04-23,605631.1179197473,True
2009-04-24,614782.6247970632,True
2009-04-27,607708.7511834048,False
2009-04-28,607708.7511834048,False
2009-04-29,607708.7511834048,False
2009-04-30,607708.7511834048,False
2009-05-01,607708.7511834048,False
2009-05-04,607708.7511834048,False
2009-05-05,607708.7511834048,False
2009-05-06,607708.7511834048,False
2009-05-07,607708.7511834048,False
2009-05-08,607708.7511834048,False
2009-05-11,607708.7511834048,False
2009-05-12,607708.7511834048,False
2009-05-13,607708.7511834048,False
2009-05-14,612518.0588977305,True
2009-05-15,607518.7500538648,True
2009-05-18,624776.6381176203,True
2009-05-19,624309.3328597161,False
2009-05-20,624309.3328597161,False
2009-05-21,622440.1842682578,True
2009-05-22,621114.5073821356,True
2009-05-26,637022.630015603,True
2009-05-27,637871.8446743594,False
2009-05-28,637871.8446743594,False
2009-05-29,637871.8446743594,False
2009-06-01,637871.8446743594,False
2009-06-02,637871.8446743594,False
2009-06-03,637871.8446743594,False
2009-06-04,637871.8446743594,False
2009-06-05,637871.8446743594,False
2009-06-08,637871.8446743594,False
2009-06-09,637871.8446743594,False
2009-06-10,637871.8446743594,False
2009-06-11,637871.8446743594,False
2009-06-12,637871.8446743594,False
2009-06-15,637871.8446743594,False
2009-06-16,637871.8446743594,False
2009-06-17,637396.1821166073,True
2009-06-18,642053.9434037292,True
2009-06-19,644438.410842681,False
2009-06-22,644438.410842681,False
2009-06-23,643445.380542686,True
2009-06-24,648976.0582400198,True
2009-06-25,645620.6796173252,False
2009-06-26,645620.6796173252,False
2009-06-29,645620.6796173252,False
2009-06-30,645620.6796173252,False
2009-07-01,645620.6796173252,False
2009-07-02,645620.6796173252,False
2009-07-06,651733.1234634095,True
2009-07-07,639104.8869954103,True
2009-07-08,638669.4305654792,True
2009-07-09,639903.2237836171,True
2009-07-10,638379.1262788585,True
2009-07-13,653924.9208273956,True
2009-07-14,655811.3471122854,False
2009-07-15,655811.3471122854,False
2009-07-16,655811.3471122854,False
2009-07-17,655811.3471122854,False
2009-07-20,655811.3471122854,False
2009-07-21,655811.3471122854,False
2009-07-22,655811.3471122854,False
2009-07-23,655811.3471122854,False
2009-07-24,655811.3471122854,False
2009-07-27,655811.3471122854,False
2009-07-28,655811.3471122854,False
2009-07-29,655811.3471122854,False
2009-07-30,655811.3471122854,False
2009-07-31,655811.3471122854,False
2009-08-03,655811.3471122854,False
2009-08-04,655811.3471122854,False
2009-08-05,655811.3471122854,False
2009-08-06,655811.3471122854,False
2009-08-07,655811.3471122854,False
2009-08-10,655811.3471122854,False
2009-08-11,655811.3471122854,False
2009-08-12,655811.3471122854,False
2009-08-13,655811.3471122854,False
2009-08-14,655811.3471122854,False
2009-08-17,655811.3471122854,False
2009-08-18,659406.8011258843,True
2009-08-19,654085.3503094354,False
2009-08-20,654085.3503094354,False
2009-08-21,654085.3503094354,False
2009-08-24,654085.3503094354,False
2009-08-25,654085.3503094354,False
2009-08-26,654085.3503094354,False
2009-08-27,654085.3503094354,False
2009-08-28,654085.3503094354,False
2009-08-31,654085.3503094354,False
2009-09-01,654085.3503094354,False
2009-09-02,654216.7179701746,True
2009-09-03,659656.5083520145,True
2009-09-04,660835.1077548653,False
2009-09-08,660835.1077548653,False
2009-09-09,660835.1077548653,False
2009-09-10,660835.1077548653,False
2009-09-11,660835.1077548653,False
2009-09-14,660835.1077548653,False
2009-09-15,660835.1077548653,False
2009-09-16,660835.1077548653,False
2009-09-17,660835.1077548653,False
2009-09-18,660835.1077548653,False
2009-09-21,660835.1077548653,False
2009-09-22,660835.1077548653,False
2009-09-23,660835.1077548653,False
2009-09-24,652010.3240449403,True
2009-09-25,648533.266798343,True
2009-09-28,660144.1543896585,True
2009-09-29,661191.6054671344,False
2009-09-30,661191.6054671344,False
2009-10-01,661191.6054671344,False
2009-10-02,661191.6054671344,False
2009-10-05,661191.6054671344,False
2009-10-06,661191.6054671344,False
2009-10-07,661191.6054671344,False
2009-10-08,661191.6054671344,False
2009-10-09,661191.6054671344,False
2009-10-12,661191.6054671344,False
2009-10-13,661191.6054671344,False
2009-10-14,661191.6054671344,False
2009-10-15,661191.6054671344,False
2009-10-16,661191.6054671344,False
2009-10-19,661191.6054671344,False
2009-10-20,661191.6054671344,False
2009-10-21,661191.6054671344,False
2009-10-22,668024.9884556946,True
2009-10-23,660387.2747854338,True
2009-10-26,653238.3747900696,True
2009-10-27,650244.3910313274,True
2009-10-28,637962.9474495479,True
2009-10-29,651649.7303466554,True
2009-10-30,649381.2682848786,False
2009-11-02,650436.0695850701,True
2009-11-03,652493.6223358666,True
2009-11-04,654177.074586518,True
2009-11-05,658659.2225588195,False
2009-11-06,658659.2225588195,False
2009-11-09,658659.2225588195,False
2009-11-10,658659.2225588195,False
2009-11-11,658659.2225588195,False
2009-11-12,658659.2225588195,False
2009-11-13,658659.2225588195,False
2009-11-16,658659.2225588195,False
2009-11-17,658659.2225588195,False
2009-11-18,658659.2225588195,False
2009-11-19,658659.2225588195,False
2009-11-20,658659.2225588195,False
2009-11-23,658659.2225588195,False
2009-11-24,658659.2225588195,False
2009-11-25,658659.2225588195,False
2009-11-27,658659.2225588195,False
2009-11-30,658659.2225588195,False
2009-12-01,658659.2225588195,False
2009-12-02,658659.2225588195,False
2009-12-03,658659.2225588195,False
2009-12-04,653640.3761473612,True
2009-12-07,652639.3954794479,True
2009-12-08,645397.0059410167,True
2009-12-09,647817.0239087364,True
2009-12-10,651461.7711642559,True
2009-12-11,654098.3424672963,False
2009-12-14,654098.3424672963,False
2009-12-15,654098.3424672963,False
2009-12-16,654098.3424672963,False
2009-12-17,654098.3424672963,False
2009-12-18,654026.8926552322,True
2009-12-21,660673.3868007169,True
2009-12-22,661965.2160190686,False
2009-12-23,661965.2160190686,False
2009-12-24,661965.2160190686,False
2009-12-28,661965.2160190686,False
2009-12-29,661965.2160190686,False
2009-12-30,661965.2160190686,False
2009-12-31,661965.2160190686,False
2010-01-04,667487.023476688,True
2010-01-05,666941.3250058581,False
2010-01-06,666941.3250058581,False
2010-01-07,666941.3250058581,False
2010-01-08,666941.3250058581,False
2010-01-11,666941.3250058581,False
2010-01-12,666941.3250058581,False
2010-01-13,666941.3250058581,False
2010-01-14,666941.3250058581,False
2010-01-15,666941.3250058581,False
2010-01-19,666941.3250058581,False
2010-01-20,666941.3250058581,False
2010-01-21,666941.3250058581,False
2010-01-22,654874.9791758353,True
2010-01-25,658233.0048908656,True
2010-01-26,655474.6266249479,True
2010-01-27,658592.7933603333,True
2010-01-28,660619.373872303,False
2010-01-29,660619.373872303,False
2010-02-01,666044.7745357389,True
2010-02-02,667132.7494531604,False
2010-02-03,667132.7494531604,False
2010-02-04,667132.7494531604,False
2010-02-05,667625.2874113062,True
2010-02-08,662805.566135226,True
2010-02-09,671130.5392484553,True
2010-02-10,669816.0698095245,True
2010-02-11,676826.5734838228,True
2010-02-12,669556.9440674632,False
2010-02-16,669556.9440674632,False
2010-02-17,669556.9440674632,False
2010-02-18,669556.9440674632,False
2010-02-19,669556.9440674632,False
2010-02-22,669556.9440674632,False
2010-02-23,669556.9440674632,False
2010-02-24,669556.9440674632,False
2010-02-25,669556.9440674632,False
2010-02-26,669556.9440674632,False
2010-03-01,669556.9440674632,False
2010-03-02,669556.9440674632,False
2010-03-03,669556.9440674632,False
2010-03-04,669556.9440674632,False
2010-03-05,669556.9440674632,False
2010-03-08,669556.9440674632,False
2010-03-09,669556.9440674632,False
2010-03-10,669556.9440674632,False
2010-03-11,669556.9440674632,False
2010-03-12,669556.9440674632,False
2010-03-15,669556.9440674632,False
2010-03-16,669556.9440674632,False
2010-03-17,669556.9440674632,False
2010-03-18,669556.9440674632,False
2010-03-19,669556.9440674632,False
2010-03-22,669556.9440674632,False
2010-03-23,669556.9440674632,False
2010-03-24,669556.9440674632,False
2010-03-25,669556.9440674632,False
2010-03-26,669556.9440674632,False
2010-03-29,669556.9440674632,False
2010-03-30,669556.9440674632,False
2010-03-31,669556.9440674632,False
2010-04-01,669556.9440674632,False
2010-04-05,669556.9440674632,False
2010-04-06,669556.9440674632,False
2010-04-07,669556.9440674632,False
2010-04-08,669556.9440674632,False
2010-04-09,669556.9440674632,False
2010-04-12,669556.9440674632,False
2010-04-13,669556.9440674632,False
2010-04-14,669556.9440674632,False
2010-04-15,669556.9440674632,False
2010-04-16,669556.9440674632,False
2010-04-19,669556.9440674632,False
2010-04-20,669556.9440674632,False
2010-04-21,669556.9440674632,False
2010-04-22,669556.9440674632,False
2010-04-23,669556.9440674632,False
2010-04-26,669556.9440674632,False
2010-04-27,669556.9440674632,False
2010-04-28,671278.6630643107,True
2010-04-29,679586.7064943452,True
2010-04-30,679577.2822772294,False
2010-05-03,684962.0687528145,True
2010-05-04,677200.1024936603,False
2010-05-05,677200.1024936603,False
2010-05-06,677200.1024936603,False
2010-05-07,677200.1024936603,False
2010-05-10,677200.1024936603,False
2010-05-11,677200.1024936603,False
2010-05-12,677200.1024936603,False
2010-05-13,677200.1024936603,False
2010-05-14,669830.5897628933,True
2010-05-17,670183.4726796179,True
2010-05-18,661067.3306642305,True
2010-05-19,657303.2462191673,True
2010-05-20,632483.8144095315,True
2010-05-21,641746.9909735543,True
2010-05-24,638119.9192022913,False
2010-05-25,638119.9192022913,False
2010-05-26,638119.9192022913,False
2010-05-27,638119.9192022913,False
2010-05-28,638119.9192022913,False
2010-06-01,638119.9192022913,False
2010-06-02,651273.9891472927,True
2010-06-03,653032.3049557519,False
2010-06-04,653032.3049557519,False
2010-06-07,642486.967623101,True
2010-06-08,649369.2339366294,True
2010-06-09,645897.6482740531,True
2010-06-10,664778.2018775379,True
2010-06-11,658799.5344974677,False
2010-06-14,658799.5344974677,False
2010-06-15,658799.5344974677,False
2010-06-16,658799.5344974677,False
2010-06-17,658799.5344974677,False
2010-06-18,658799.5344974677,False
2010-06-21,658799.5344974677,False
2010-06-22,658799.5344974677,False
2010-06-23,656204.7053664641,True
2010-06-24,645331.0395538366,True
2010-06-25,648019.41825613,True
2010-06-28,645991.870072836,True
2010-06-29,626046.8034993977,True
2010-06-30,620099.3288284027,True
2010-07-01,617335.8557489504,True
2010-07-02,613971.6276522259,True
2010-07-06,617996.6862679499,True
2010-07-07,637446.1299521385,True
2010-07-08,642679.306907597,False
2010-07-09,642679.306907597,False
2010-07-12,642679.306907597,False
2010-07-13,642679.306907597,False
2010-07-14,642679.306907597,False
2010-07-15,642679.306907597,False
2010-07-16,642679.306907597,False
2010-07-19,643991.3590202659,True
2010-07-20,651134.1469523575,True
2010-07-21,654364.5598286167,False
2010-07-22,654364.5598286167,False
2010-07-23,654364.5598286167,False
2010-07-26,654364.5598286167,False
2010-07-27,654364.5598286167,False
2010-07-28,654364.5598286167,False
2010-07-29,654364.5598286167,False
2010-07-30,654364.5598286167,False
2010-08-02,654364.5598286167,False
2010-08-03,654364.5598286167,False
2010-08-04,654364.5598286167,False
2010-08-05,654364.5598286167,False
2010-08-06,654364.5598286167,False
2010-08-09,654364.5598286167,False
2010-08-10,654364.5598286167,False
2010-08-11,654364.5598286167,False
2010-08-12,660189.5796798152,True
2010-08-13,658244.8069144876,True
2010-08-16,657940.9361699052,True
2010-08-17,666023.8979757982,True
2010-08-18,665586.8832257696,False
2010-08-19,665586.8832257696,False
2010-08-20,665586.8832257696,False
2010-08-23,665586.8832257696,False
2010-08-24,665586.8832257696,False
2010-08-25,665586.8832257696,False
2010-08-26,665586.8832257696,False
2010-08-27,665586.8832257696,False
2010-08-30,665586.8832257696,False
2010-08-31,665586.8832257696,False
2010-09-01,665586.8832257696,False
2010-09-02,665586.8832257696,False
2010-09-03,665586.8832257696,False
2010-09-07,665586.8832257696,False
2010-09-08,668785.3015320586,True
2010-09-09,671874.5190284933,True
2010-09-10,672951.3596748584,False
2010-09-13,672951.3596748584,False
2010-09-14,672951.3596748584,False
2010-09-15,672951.3596748584,False
2010-09-16,672951.3596748584,False
2010-09-17,672951.3596748584,False
2010-09-20,672951.3596748584,False
2010-09-21,672951.3596748584,False
2010-09-22,672951.3596748584,False
2010-09-23,672951.3596748584,False
2010-09-24,672951.3596748584,False
2010-09-27,672951.3596748584,False
2010-09-28,672951.3596748584,False
2010-09-29,672951.3596748584,False
2010-09-30,672951.3596748584,False
2010-10-01,672951.3596748584,False
2010-10-04,672951.3596748584,False
2010-10-05,672951.3596748584,False
2010-10-06,672951.3596748584,False
2010-10-07,672951.3596748584,False
2010-10-08,672951.3596748584,False
2010-10-11,672951.3596748584,False
2010-10-12,672951.3596748584,False
2010-10-13,672951.3596748584,False
2010-10-14,672951.3596748584,False
2010-10-15,672951.3596748584,False
2010-10-18,672951.3596748584,False
2010-10-19,672951.3596748584,False
2010-10-20,672951.3596748584,False
2010-10-21,672951.3596748584,False
2010-10-22,672951.3596748584,False
2010-10-25,672951.3596748584,False
2010-10-26,672951.3596748584,False
2010-10-27,672951.3596748584,False
2010-10-28,672951.3596748584,False
2010-10-29,672951.3596748584,False
2010-11-01,672951.3596748584,False
2010-11-02,672951.3596748584,False
2010-11-03,672951.3596748584,False
2010-11-04,672951.3596748584,False
2010-11-05,672951.3596748584,False
2010-11-08,672951.3596748584,False
2010-11-09,672951.3596748584,False
2010-11-10,672951.3596748584,False
2010-11-11,672951.3596748584,False
2010-11-12,672951.3596748584,False
2010-11-15,672951.3596748584,False
2010-11-16,672951.3596748584,False
2010-11-17,672951.3596748584,False
2010-11-18,672951.3596748584,False
2010-11-19,672951.3596748584,False
2010-11-22,672951.3596748584,False
2010-11-23,672951.3596748584,False
2010-11-24,672951.3596748584,False
2010-11-26,672951.3596748584,False
2010-11-29,676575.4859287677,True
2010-11-30,672774.2129740564,True
2010-12-01,687068.0212839679,True
2010-12-02,688009.1699097677,False
2010-12-03,688009.1699097677,False
2010-12-06,688009.1699097677,False
2010-12-07,688009.1699097677,False
2010-12-08,688009.1699097677,False
2010-12-09,688009.1699097677,False
2010-12-10,688009.1699097677,False
2010-12-13,688009.1699097677,False
2010-12-14,688009.1699097677,False
2010-12-15,688009.1699097677,False
2010-12-16,688009.1699097677,False
2010-12-17,688009.1699097677,False
2010-12-20,688009.1699097677,False
2010-12-21,688009.1699097677,False
2010-12-22,688009.1699097677,False
2010-12-23,688009.1699097677,False
2010-12-27,688009.1699097677,False
2010-12-28,688009.1699097677,False
2010-12-29,688009.1699097677,False
2010-12-30,688009.1699097677,False
2010-12-31,688009.1699097677,False
2011-01-03,688009.1699097677,False
2011-01-04,688009.1699097677,False
2011-01-05,688009.1699097677,False
2011-01-06,688009.1699097677,False
2011-01-07,688009.1699097677,False
2011-01-10,688009.1699097677,False
2011-01-11,688009.1699097677,False
2011-01-12,688009.1699097677,False
2011-01-13,688009.1699097677,False
2011-01-14,688009.1699097677,False
2011-01-18,688009.1699097677,False
2011-01-19,688009.1699097677,False
2011-01-20,688009.1699097677,False
2011-01-21,688009.1699097677,False
2011-01-24,688009.1699097677,False
2011-01-25,688009.1699097677,False
2011-01-26,688009.1699097677,False
2011-01-27,688009.1699097677,False
2011-01-28,688009.1699097677,False
2011-01-31,691147.9419114923,True
2011-02-01,702212.3245687636,True
2011-02-02,700246.0870914946,False
2011-02-03,700246.0870914946,False
2011-02-04,700246.0870914946,False
2011-02-07,700246.0870914946,False
2011-02-08,700246.0870914946,False
2011-02-09,700246.0870914946,False
2011-02-10,700246.0870914946,False
2011-02-11,700246.0870914946,False
2011-02-14,700246.0870914946,False
2011-02-15,700246.0870914946,False
2011-02-16,700246.0870914946,False
2011-02-17,700246.0870914946,False
2011-02-18,700246.0870914946,False
2011-02-22,700246.0870914946,False
2011-02-23,700246.0870914946,False
2011-02-24,700246.0870914946,False
2011-02-25,700246.0870914946,False
2011-02-28,700246.0870914946,False
2011-03-01,700246.0870914946,False
2011-03-02,702569.1541406824,True
2011-03-03,714670.4138644682,True
2011-03-04,713992.1329024105,False
2011-03-07,713992.1329024105,False
2011-03-08,713992.1329024105,False
2011-03-09,713992.1329024105,False
2011-03-10,713992.1329024105,False
2011-03-11,721124.5418377055,True
2011-03-14,716296.479651824,False
2011-03-15,716296.479651824,False
2011-03-16,716296.479651824,False
2011-03-17,716296.479651824,False
2011-03-18,716296.479651824,False
2011-03-21,716296.479651824,False
2011-03-22,716296.479651824,False
2011-03-23,716296.479651824,False
2011-03-24,716296.479651824,False
2011-03-25,716296.479651824,False
2011-03-28,716296.479651824,False
2011-03-29,721570.7756812626,True
2011-03-30,725201.5582836951,False
2011-03-31,725201.5582836951,False
2011-04-01,725201.5582836951,False
2011-04-04,725201.5582836951,False
2011-04-05,725201.5582836951,False
2011-04-06,725201.5582836951,False
2011-04-07,725201.5582836951,False
2011-04-08,725201.5582836951,False
2011-04-11,725201.5582836951,False
2011-04-12,725201.5582836951,False
2011-04-13,725201.5582836951,False
2011-04-14,725201.5582836951,False
2011-04-15,725201.5582836951,False
2011-04-18,725201.5582836951,False
2011-04-19,725201.5582836951,False
2011-04-20,725201.5582836951,False
2011-04-21,725201.5582836951,False
2011-04-25,725201.5582836951,False
2011-04-26,725201.5582836951,False
2011-04-27,725201.5582836951,False
2011-04-28,725201.5582836951,False
2011-04-29,725201.5582836951,False
2011-05-02,725201.5582836951,False
2011-05-03,725201.5582836951,False
2011-05-04,725201.5582836951,False
2011-05-05,725201.5582836951,False
2011-05-06,725201.5582836951,False
2011-05-09,725201.5582836951,False
2011-05-10,725201.5582836951,False
2011-05-11,725201.5582836951,False
2011-05-12,725201.5582836951,False
2011-05-13,725201.5582836951,False
2011-05-16,725201.5582836951,False
2011-05-17,727679.4058374224,True
2011-05-18,734181.9101022459,True
2011-05-19,736438.8801539624,False
2011-05-20,736438.8801539624,False
2011-05-23,736438.8801539624,False
2011-05-24,736438.8801539624,False
2011-05-25,736438.8801539624,False
2011-05-26,736438.8801539624,False
2011-05-27,736438.8801539624,False
2011-05-31,736438.8801539624,False
2011-06-01,736438.8801539624,False
2011-06-02,735008.3005729974,True
2011-06-03,727698.9490680203,True
2011-06-06,720026.9198166131,True
2011-06-07,719552.6489174353,True
2011-06-08,716539.6337932462,True
2011-06-09,722007.6982778857,True
2011-06-10,718795.0988000073,False
2011-06-13,718795.0988000073,False
2011-06-14,718795.0988000073,False
2011-06-15,718795.0988000073,False
2011-06-16,718795.0988000073,False
2011-06-17,718795.0988000073,False
2011-06-20,718795.0988000073,False
2011-06-21,718795.0988000073,False
2011-06-22,718795.0988000073,False
2011-06-23,718795.0988000073,False
2011-06-24,718795.0988000073,False
2011-06-27,718795.0988000073,False
2011-06-28,718795.0988000073,False
2011-06-29,718795.0988000073,False
2011-06-30,718795.0988000073,False
2011-07-01,718795.0988000073,False
2011-07-05,718795.0988000073,False
2011-07-06,718795.0988000073,False
2011-07-07,718795.0988000073,False
2011-07-08,718795.0988000073,False
2011-07-11,718795.0988000073,False
2011-07-12,717068.7966007752,True
2011-07-13,719469.9402119194,True
2011-07-14,714503.9386525076,True
2011-07-15,718651.3685263019,True
2011-07-18,712757.6523898573,True
2011-07-19,724326.7988799154,True
2011-07-20,726036.9915883746,False
2011-07-21,726036.9915883746,False
2011-07-22,726036.9915883746,False
2011-07-25,726036.9915883746,False
2011-07-26,726036.9915883746,False
2011-07-27,726036.9915883746,False
2011-07-28,723779.7237232351,True
2011-07-29,718832.9877831823,True
2011-08-01,715776.016134835,True
2011-08-02,697489.7675474486,True
2011-08-03,701269.2961308599,True
2011-08-04,668420.7462368011,True
2011-08-05,667420.2827882512,True
2011-08-08,623955.704079023,True
2011-08-09,652969.1440869733,True
2011-08-10,640501.9688692122,False
2011-08-11,640501.9688692122,False
2011-08-12,640501.9688692122,False
2011-08-15,640501.9688692122,False
2011-08-16,640501.9688692122,False
2011-08-17,640501.9688692122,False
2011-08-18,640501.9688692122,False
2011-08-19,640501.9688692122,False
2011-08-22,626806.8861753072,True
2011-08-23,647435.410505214,True
2011-08-24,645916.1391491884,False
2011-08-25,645916.1391491884,False
2011-08-26,645916.1391491884,False
2011-08-29,645916.1391491884,False
2011-08-30,645916.1391491884,False
2011-08-31,645916.1391491884,False
2011-09-01,645916.1391491884,False
2011-09-02,642678.566116973,True
2011-09-06,637988.6758593522,True
2011-09-07,655984.7663827805,True
2011-09-08,651927.9349628879,False
2011-09-09,651927.9349628879,False
2011-09-12,651927.9349628879,False
2011-09-13,651927.9349628879,False
2011-09-14,651927.9349628879,False
2011-09-15,651927.9349628879,False
2011-09-16,651927.9349628879,False
2011-09-19,651927.9349628879,False
2011-09-20,651927.9349628879,False
2011-09-21,651927.9349628879,False
2011-09-22,649552.9745257265,True
2011-09-23,653466.6376719031,True
2011-09-26,659492.9767598036,False
2011-09-27,659492.9767598036,False
2011-09-28,659492.9767598036,False
2011-09-29,653727.9468751719,True
2011-09-30,637391.7896503722,True
2011-10-03,619253.0219731809,True
2011-10-04,632828.9319427558,True
2011-10-05,634279.3348453807,False
2011-10-06,634279.3348453807,False
2011-10-07,634279.3348453807,False
2011-10-10,634279.3348453807,False
2011-10-11,634279.3348453807,False
2011-10-12,634279.3348453807,False
2011-10-13,634279.3348453807,False
2011-10-14,634279.3348453807,False
2011-10-17,634279.3348453807,False
2011-10-18,634279.3348453807,False
2011-10-19,634279.3348453807,False
2011-10-20,634279.3348453807,False
2011-10-21,634279.3348453807,False
2011-10-24,634279.3348453807,False
2011-10-25,634279.3348453807,False
2011-10-26,633897.5174107184,True
2011-10-27,650749.4712719272,False
2011-10-28,650749.4712719272,False
2011-10-31,650749.4712719272,False
2011-11-01,650470.0616388865,True
2011-11-02,661069.3508516707,True
2011-11-03,667760.2641315635,False
2011-11-04,667760.2641315635,False
2011-11-07,667760.2641315635,False
2011-11-08,667760.2641315635,False
2011-11-09,667760.2641315635,False
2011-11-10,665112.2378844686,True
2011-11-11,677631.2423620238,True
2011-11-14,674981.7181143933,False
2011-11-15,674981.7181143933,False
2011-11-16,674981.7181143933,False
2011-11-17,665338.4114485782,True
2011-11-18,664651.8495564156,True
2011-11-21,652021.2903021851,True
2011-11-22,649454.8565624342,True
2011-11-23,635124.2392895154,True
2011-11-25,633925.4804301837,True
2011-11-28,652288.2865935817,True
2011-11-29,654010.0857388553,False
2011-11-30,654010.0857388553,False
2011-12-01,654010.0857388553,False
2011-12-02,654010.0857388553,False
2011-12-05,654010.0857388553,False
2011-12-06,654010.0857388553,False
2011-12-07,654010.0857388553,False
2011-12-08,654010.0857388553,False
2011-12-09,661966.8059592057,True
2011-12-12,656058.78503865,False
2011-12-13,656058.78503865,False
2011-12-14,656058.78503865,False
2011-12-15,651422.5290351785,True
2011-12-16,648250.3196414238,True
2011-12-19,641319.4419743965,True
2011-12-20,660725.899442073,True
2011-12-21,660593.7542621845,False
2011-12-22,660593.7542621845,False
2011-12-23,660593.7542621845,False
2011-12-27,660593.7542621845,False
2011-12-28,660593.7542621845,False
2011-12-29,665102.4018092159,True
2011-12-30,664442.1299957356,False
2012-01-03,664442.1299957356,False
2012-01-04,664442.1299957356,False
2012-01-05,664442.1299957356,False
2012-01-06,664442.1299957356,False
2012-01-09,664442.1299957356,False
2012-01-10,664442.1299957356,False
2012-01-11,664442.1299957356,False
2012-01-12,664442.1299957356,False
2012-01-13,664442.1299957356,False
2012-01-17,664442.1299957356,False
2012-01-18,664442.1299957356,False
2012-01-19,664442.1299957356,False
2012-01-20,664442.1299957356,False
2012-01-23,664442.1299957356,False
2012-01-24,664442.1299957356,False
2012-01-25,664442.1299957356,False
2012-01-26,664442.1299957356,False
2012-01-27,664442.1299957356,False
2012-01-30,664442.1299957356,False
2012-01-31,664442.1299957356,False
2012-02-01,664442.1299957356,False
2012-02-02,664442.1299957356,False
2012-02-03,664442.1299957356,False
2012-02-06,664442.1299957356,False
2012-02-07,664442.1299957356,False
2012-02-08,664442.1299957356,False
2012-02-09,664442.1299957356,False
2012-02-10,664442.1299957356,False
2012-02-13,664442.1299957356,False
2012-02-14,664442.1299957356,False
2012-02-15,664442.1299957356,False
2012-02-16,664442.1299957356,False
2012-02-17,664442.1299957356,False
2012-02-21,664442.1299957356,False
2012-02-22,664442.1299957356,False
2012-02-23,664442.1299957356,False
2012-02-24,664442.1299957356,False
2012-02-27,664442.1299957356,False
2012-02-28,664442.1299957356,False
2012-02-29,664442.1299957356,False
2012-03-01,664442.1299957356,False
2012-03-02,664442.1299957356,False
2012-03-05,664442.1299957356,False
2012-03-06,664442.1299957356,False
2012-03-07,664442.1299957356,False
2012-03-08,664442.1299957356,False
2012-03-09,664442.1299957356,False
2012-03-12,664442.1299957356,False
2012-03-13,664442.1299957356,False
2012-03-14,664442.1299957356,False
2012-03-15,664442.1299957356,False
2012-03-16,664442.1299957356,False
2012-03-19,664442.1299957356,False
2012-03-20,664442.1299957356,False
2012-03-21,664442.1299957356,False
2012-03-22,664442.1299957356,False
2012-03-23,664442.1299957356,False
2012-03-26,664442.1299957356,False
2012-03-27,664442.1299957356,False
2012-03-28,664442.1299957356,False
2012-03-29,664442.1299957356,False
2012-03-30,664442.1299957356,False
2012-04-02,664442.1299957356,False
2012-04-03,664442.1299957356,False
2012-04-04,664442.1299957356,False
2012-04-05,664442.1299957356,False
2012-04-09,664442.1299957356,False
2012-04-10,664442.1299957356,False
2012-04-11,662906.0363862531,True
2012-04-12,671567.3634310077,True
2012-04-13,669884.9659754218,False
2012-04-16,665912.4833980647,True
2012-04-17,675785.7717327225,True
2012-04-18,672628.9821437853,False
2012-04-19,672628.9821437853,False
2012-04-20,672628.9821437853,False
2012-04-23,672628.9821437853,False
2012-04-24,672628.9821437853,False
2012-04-25,672628.9821437853,False
2012-04-26,672628.9821437853,False
2012-04-27,672628.9821437853,False
2012-04-30,672628.9821437853,False
2012-05-01,672628.9821437853,False
2012-05-02,672628.9821437853,False
2012-05-03,672628.9821437853,False
2012-05-04,672628.9821437853,False
2012-05-07,675401.02302529,True
2012-05-08,672691.5367914176,True
2012-05-09,668701.2025197146,True
2012-05-10,670080.577329686,True
2012-05-11,668060.7785007993,True
2012-05-14,660671.2705902382,True
2012-05-15,656877.9898628168,True
2012-05-16,654360.6308346189,True
2012-05-17,644660.6701173557,True
2012-05-18,639143.1708774699,True
2012-05-21,650128.9059711709,True
2012-05-22,651673.5003253452,False
2012-05-23,651673.5003253452,False
2012-05-24,651673.5003253452,False
2012-05-25,651673.5003253452,False
2012-05-29,651673.5003253452,False
2012-05-30,651673.5003253452,False
2012-05-31,651673.5003253452,False
2012-06-01,651673.5003253452,False
2012-06-04,650071.5231334661,True
2012-06-05,654994.0007091059,True
2012-06-06,659429.3356946468,False
2012-06-07,659429.3356946468,False
2012-06-08,659429.3356946468,False
2012-06-11,659429.3356946468,False
2012-06-12,664950.4555461353,True
2012-06-13,660698.214444614,True
2012-06-14,667701.9056706491,True
2012-06-15,667118.2180438713,False
2012-06-18,667118.2180438713,False
2012-06-19,667118.2180438713,False
2012-06-20,667118.2180438713,False
2012-06-21,667118.2180438713,False
2012-06-22,668638.1298076379,True
2012-06-25,657916.6732079949,True
2012-06-26,661223.2906639595,True
2012-06-27,663295.0167608089,False
2012-06-28,663295.0167608089,False
2012-06-29,663295.0167608089,False
2012-07-02,663295.0167608089,False
2012-07-03,663295.0167608089,False
2012-07-05,663295.0167608089,False
2012-07-06,663295.0167608089,False
2012-07-09,663295.0167608089,False
2012-07-10,663295.0167608089,False
2012-07-11,663295.0167608089,False
2012-07-12,663295.0167608089,False
2012-07-13,663295.0167608089,False
2012-07-16,663295.0167608089,False
2012-07-17,663295.0167608089,False
2012-07-18,663295.0167608089,False
2012-07-19,663295.0167608089,False
2012-07-20,663295.0167608089,False
2012-07-23,666220.0230008113,True
2012-07-24,660474.621218326,True
2012-07-25,660647.229855568,True
2012-07-26,671546.2323785659,True
2012-07-27,674962.0192226763,False
2012-07-30,674962.0192226763,False
2012-07-31,674962.0192226763,False
2012-08-01,669426.4912327416,True
2012-08-02,664804.3881244407,True
2012-08-03,677984.6800406374,True
2012-08-06,679653.7749921335,False
2012-08-07,679653.7749921335,False
2012-08-08,679653.7749921335,False
2012-08-09,679653.7749921335,False
2012-08-10,679653.7749921335,False
2012-08-13,679653.7749921335,False
2012-08-14,679653.7749921335,False
2012-08-15,679653.7749921335,False
2012-08-16,679653.7749921335,False
2012-08-17,679653.7749921335,False
2012-08-20,679653.7749921335,False
2012-08-21,679653.7749921335,False
2012-08-22,679653.7749921335,False
2012-08-23,679653.7749921335,False
2012-08-24,679653.7749921335,False
2012-08-27,679653.7749921335,False
2012-08-28,679653.7749921335,False
2012-08-29,679653.7749921335,False
2012-08-30,679653.7749921335,False
2012-08-31,679653.7749921335,False
2012-09-04,679653.7749921335,False
2012-09-05,679653.7749921335,False
2012-09-06,679653.7749921335,False
2012-09-07,679653.7749921335,False
2012-09-10,679653.7749921335,False
2012-09-11,680984.7971848383,True
2012-09-12,683256.1661143687,True
2012-09-13,683024.8934371566,False
2012-09-14,683024.8934371566,False
2012-09-17,683024.8934371566,False
2012-09-18,683024.8934371566,False
2012-09-19,683024.8934371566,False
2012-09-20,683024.8934371566,False
2012-09-21,683024.8934371566,False
2012-09-24,683024.8934371566,False
2012-09-25,683024.8934371566,False
2012-09-26,679238.4077245381,True
2012-09-27,685613.8964602896,True
2012-09-28,682870.2179182449,False
2012-10-01,682870.2179182449,False
2012-10-02,682870.2179182449,False
2012-10-03,682870.2179182449,False
2012-10-04,682870.2179182449,False
2012-10-05,682870.2179182449,False
2012-10-08,682870.2179182449,False
2012-10-09,682870.2179182449,False
2012-10-10,678471.912936917,True
2012-10-11,678850.735892214,True
2012-10-12,676625.1510298441,True
2012-10-15,682260.142489887,True
2012-10-16,685343.0415823894,False
2012-10-17,685343.0415823894,False
2012-10-18,685343.0415823894,False
2012-10-19,685343.0415823894,False
2012-10-22,686450.524029532,True
2012-10-23,676925.1314988941,True
2012-10-24,675010.479733942,True
2012-10-25,676972.997793018,True
2012-10-26,676590.0674400275,True
2012-10-31,676590.0674400275,True
2012-11-01,683674.2789703512,True
2012-11-02,687605.3653880806,False
2012-11-05,689892.8557605614,True
2012-11-06,695298.2451679457,True
2012-11-07,688837.7883366612,False
2012-11-08,688837.7883366612,False
2012-11-09,691402.4028255902,True
2012-11-12,691927.8606447614,True
2012-11-13,689550.7895580347,True
2012-11-14,680242.1791824132,True
2012-11-15,679091.6767764374,True
2012-11-16,682444.5980987677,True
2012-11-19,689963.2489242832,False
2012-11-20,689963.2489242832,False
2012-11-21,689963.2489242832,False
2012-11-23,689963.2489242832,False
2012-11-26,689963.2489242832,False
2012-11-27,689963.2489242832,False
2012-11-28,689963.2489242832,False
2012-11-29,689963.2489242832,False
2012-11-30,689963.2489242832,False
2012-12-03,689963.2489242832,False
2012-12-04,688898.6237718166,True
2012-12-05,690117.9133714127,True
2012-12-06,692458.9494026372,True
2012-12-07,695002.3582444445,False
2012-12-10,695002.3582444445,False
2012-12-11,695002.3582444445,False
2012-12-12,695002.3582444445,False
2012-12-13,695002.3582444445,False
2012-12-14,695002.3582444445,False
2012-12-17,695002.3582444445,False
2012-12-18,695002.3582444445,False
2012-12-19,695002.3582444445,False
2012-12-20,695002.3582444445,False
2012-12-21,695002.3582444445,False
2012-12-24,695002.3582444445,False
2012-12-26,695002.3582444445,False
2012-12-27,695002.3582444445,False
2012-12-28,695002.3582444445,False
2012-12-31,708545.7163013291,True
2013-01-02,721834.881530141,False
2013-01-03,721834.881530141,False
2013-01-04,721834.881530141,False
2013-01-07,721834.881530141,False
2013-01-08,721834.881530141,False
2013-01-09,721834.881530141,False
2013-01-10,721834.881530141,False
2013-01-11,721834.881530141,False
2013-01-14,721834.881530141,False
2013-01-15,721834.881530141,False
2013-01-16,721834.881530141,False
2013-01-17,721834.881530141,False
2013-01-18,721834.881530141,False
2013-01-22,721834.881530141,False
2013-01-23,721834.881530141,False
2013-01-24,721834.881530141,False
2013-01-25,721834.881530141,False
2013-01-28,721834.881530141,False
2013-01-29,721834.881530141,False
2013-01-30,721834.881530141,False
2013-01-31,721834.881530141,False
2013-02-01,724516.945151418,True
2013-02-04,719965.6527223096,False
2013-02-05,723173.0364516047,True
2013-02-06,720491.4600834572,False
2013-02-07,720491.4600834572,False
2013-02-08,720491.4600834572,False
2013-02-11,720491.4600834572,False
2013-02-12,720491.4600834572,False
2013-02-13,720491.4600834572,False
2013-02-14,720491.4600834572,False
2013-02-15,720491.4600834572,False
2013-02-19,720491.4600834572,False
2013-02-20,720491.4600834572,False
2013-02-21,717770.6312589735,True
2013-02-22,724785.1428129603,True
2013-02-25,728170.5942212958,False
2013-02-26,729483.7622448714,True
2013-02-27,738674.0322798187,True
2013-02-28,738477.6814311355,False
2013-03-01,738477.6814311355,False
2013-03-04,738477.6814311355,False
2013-03-05,738477.6814311355,False
2013-03-06,738477.6814311355,False
2013-03-07,738477.6814311355,False
2013-03-08,738477.6814311355,False
2013-03-11,738477.6814311355,False
2013-03-12,738477.6814311355,False
2013-03-13,738477.6814311355,False
2013-03-14,738477.6814311355,False
2013-03-15,738477.6814311355,False
2013-03-18,738477.6814311355,False
2013-03-19,738477.6814311355,False
2013-03-20,738477.6814311355,False
2013-03-21,738477.6814311355,False
2013-03-22,738477.6814311355,False
2013-03-25,738477.6814311355,False
2013-03-26,738477.6814311355,False
2013-03-27,738477.6814311355,False
2013-03-28,738477.6814311355,False
2013-04-01,738477.6814311355,False
2013-04-02,738477.6814311355,False
2013-04-03,738477.6814311355,False
2013-04-04,738477.6814311355,False
2013-04-05,738477.6814311355,False
2013-04-08,738477.6814311355,False
2013-04-09,738477.6814311355,False
2013-04-10,738477.6814311355,False
2013-04-11,738477.6814311355,False
2013-04-12,738477.6814311355,False
2013-04-15,738477.6814311355,False
2013-04-16,743621.0104839038,True
2013-04-17,738182.3494249642,False
2013-04-18,738182.3494249642,False
2013-04-19,738182.3494249642,False
2013-04-22,738182.3494249642,False
2013-04-23,738182.3494249642,False
2013-04-24,738182.3494249642,False
2013-04-25,738182.3494249642,False
2013-04-26,738182.3494249642,False
2013-04-29,738182.3494249642,False
2013-04-30,738182.3494249642,False
2013-05-01,738182.3494249642,False
2013-05-02,738182.3494249642,False
2013-05-03,738182.3494249642,False
2013-05-06,738182.3494249642,False
2013-05-07,738182.3494249642,False
2013-05-08,738182.3494249642,False
2013-05-09,738182.3494249642,False
2013-05-10,738182.3494249642,False
2013-05-13,738182.3494249642,False
2013-05-14,738182.3494249642,False
2013-05-15,738182.3494249642,False
2013-05-16,738182.3494249642,False
2013-05-17,738182.3494249642,False
2013-05-20,738182.3494249642,False
2013-05-21,738182.3494249642,False
2013-05-22,738182.3494249642,False
2013-05-23,738182.3494249642,False
2013-05-24,738182.3494249642,False
2013-05-28,738182.3494249642,False
2013-05-29,738182.3494249642,False
2013-05-30,738182.3494249642,False
2013-05-31,738182.3494249642,False
2013-06-03,740377.280876565,True
2013-06-04,736818.4244610342,True
2013-06-05,726511.2555006108,True
2013-06-06,733079.3727839575,True
2013-06-07,737977.2151392202,False
2013-06-10,737977.2151392202,False
2013-06-11,737977.2151392202,False
2013-06-12,737977.2151392202,False
2013-06-13,749468.0607241868,True
2013-06-14,748496.796488571,False
2013-06-17,748496.796488571,False
2013-06-18,748496.796488571,False
2013-06-19,748496.796488571,False
2013-06-20,736973.5083026531,True
2013-06-21,735447.7789567317,True
2013-06-24,726154.7002133921,True
2013-06-25,733159.1849378495,True
2013-06-26,738998.6874616732,False
2013-06-27,738998.6874616732,False
2013-06-28,738998.6874616732,False
2013-07-01,738998.6874616732,False
2013-07-02,738998.6874616732,False
2013-07-03,738998.6874616732,False
2013-07-05,738998.6874616732,False
2013-07-08,738998.6874616732,False
2013-07-09,738998.6874616732,False
2013-07-10,738998.6874616732,False
2013-07-11,738998.6874616732,False
2013-07-12,738998.6874616732,False
2013-07-15,738998.6874616732,False
2013-07-16,738998.6874616732,False
2013-07-17,738998.6874616732,False
2013-07-18,738998.6874616732,False
2013-07-19,738998.6874616732,False
2013-07-22,738998.6874616732,False
2013-07-23,738998.6874616732,False
2013-07-24,738998.6874616732,False
2013-07-25,738998.6874616732,False
2013-07-26,738998.6874616732,False
2013-07-29,738998.6874616732,False
2013-07-30,738998.6874616732,False
2013-07-31,738998.6874616732,False
2013-08-01,738998.6874616732,False
2013-08-02,738998.6874616732,False
2013-08-05,738998.6874616732,False
2013-08-06,738998.6874616732,False
2013-08-07,738998.6874616732,False
2013-08-08,738998.6874616732,False
2013-08-09,738998.6874616732,False
2013-08-12,738998.6874616732,False
2013-08-13,738998.6874616732,False
2013-08-14,738998.6874616732,False
2013-08-15,738998.6874616732,False
2013-08-16,737827.5780576105,True
2013-08-19,733111.3190409003,True
2013-08-20,736715.2528178204,True
2013-08-21,732176.9658394766,True
2013-08-22,738850.9172782175,True
2013-08-23,740882.8685332566,False
2013-08-26,740882.8685332566,False
2013-08-27,740882.8685332566,False
2013-08-28,743683.8675465084,True
2013-08-29,744863.5259295362,True
2013-08-30,742504.2091634807,True
2013-09-03,745861.6984074828,True
2013-09-04,752032.2191802439,True
2013-09-05,752335.4367561584,False
2013-09-06,752335.4367561584,False
2013-09-09,752335.4367561584,False
2013-09-10,752335.4367561584,False
2013-09-11,752335.4367561584,False
2013-09-12,752335.4367561584,False
2013-09-13,752335.4367561584,False
2013-09-16,752335.4367561584,False
2013-09-17,752335.4367561584,False
2013-09-18,752335.4367561584,False
2013-09-19,752335.4367561584,False
2013-09-20,752335.4367561584,False
2013-09-23,749714.3352019021,True
2013-09-24,747949.5748059698,True
2013-09-25,745787.7433209528,True
2013-09-26,748655.4789643427,True
2013-09-27,745209.784291285,True
2013-09-30,741243.4853014273,True
2013-10-01,747111.313617902,True
2013-10-02,742594.9829316422,False
2013-10-03,742594.9829316422,False
2013-10-04,742594.9829316422,False
2013-10-07,742594.9829316422,False
2013-10-08,733930.9782937566,True
2013-10-09,734463.1980024541,True
2013-10-10,750296.7343362026,True
2013-10-11,748993.7629156981,False
2013-10-14,748993.7629156981,False
2013-10-15,748993.7629156981,False
2013-10-16,748993.7629156981,False
2013-10-17,748993.7629156981,False
2013-10-18,748993.7629156981,False
2013-10-21,748993.7629156981,False
2013-10-22,748993.7629156981,False
2013-10-23,748993.7629156981,False
2013-10-24,748993.7629156981,False
2013-10-25,748993.7629156981,False
2013-10-28,748993.7629156981,False
2013-10-29,748993.7629156981,False
2013-10-30,748993.7629156981,False
2013-10-31,748993.7629156981,False
2013-11-01,748993.7629156981,False
2013-11-04,748993.7629156981,False
2013-11-05,748993.7629156981,False
2013-11-06,748993.7629156981,False
2013-11-07,748993.7629156981,False
2013-11-08,759207.135111687,True
2013-11-11,758327.4500390762,False
2013-11-12,758327.4500390762,False
2013-11-13,758327.4500390762,False
2013-11-14,758327.4500390762,False
2013-11-15,758327.4500390762,False
2013-11-18,758327.4500390762,False
2013-11-19,758327.4500390762,False
2013-11-20,758327.4500390762,False
2013-11-21,758327.4500390762,False
2013-11-22,758327.4500390762,False
2013-11-25,758327.4500390762,False
2013-11-26,758327.4500390762,False
2013-11-27,758327.4500390762,False
2013-11-29,758327.4500390762,False
2013-12-02,758327.4500390762,False
2013-12-03,758327.4500390762,False
2013-12-04,758327.4500390762,False
2013-12-05,758327.4500390762,False
2013-12-06,758327.4500390762,False
2013-12-09,758327.4500390762,False
2013-12-10,758327.4500390762,False
2013-12-11,758327.4500390762,False
2013-12-12,756011.2959240924,True
2013-12-13,755926.4128279352,True
2013-12-16,760620.4480454284,True
2013-12-17,761079.3600164927,False
2013-12-18,761079.3600164927,False
2013-12-19,761079.3600164927,False
2013-12-20,761079.3600164927,False
2013-12-23,761079.3600164927,False
2013-12-24,761079.3600164927,False
2013-12-26,761079.3600164927,False
2013-12-27,761079.3600164927,False
2013-12-30,761079.3600164927,False
2013-12-31,761079.3600164927,False
2014-01-02,761079.3600164927,False
2014-01-03,761079.3600164927,False
2014-01-06,761079.3600164927,False
2014-01-07,761079.3600164927,False
2014-01-08,761079.3600164927,False
2014-01-09,761079.3600164927,False
2014-01-10,761079.3600164927,False
2014-01-13,761079.3600164927,False
2014-01-14,761079.3600164927,False
2014-01-15,761079.3600164927,False
2014-01-16,761079.3600164927,False
2014-01-17,761079.3600164927,False
2014-01-21,761079.3600164927,False
2014-01-22,761079.3600164927,False
2014-01-23,761079.3600164927,False
2014-01-24,761079.3600164927,False
2014-01-27,756465.1309464223,True
2014-01-28,760969.6702352444,True
2014-01-29,754401.9159660502,False
2014-01-30,754401.9159660502,False
2014-01-31,754401.9159660502,False
2014-02-03,754401.9159660502,False
2014-02-04,756126.4542273353,True
2014-02-05,755199.5380847981,True
2014-02-06,765158.4975697321,True
2014-02-07,768583.077638712,False
2014-02-10,768583.077638712,False
2014-02-11,768583.077638712,False
2014-02-12,768583.077638712,False
2014-02-13,768583.077638712,False
2014-02-14,768583.077638712,False
2014-02-18,768583.077638712,False
2014-02-19,768583.077638712,False
2014-02-20,771909.4834019875,True
2014-02-21,771028.9782878407,True
2014-02-24,775305.7174136963,True
2014-02-25,775653.7014205703,False
2014-02-26,775653.7014205703,False
2014-02-27,775653.7014205703,False
2014-02-28,775653.7014205703,False
2014-03-03,775653.7014205703,False
2014-03-04,775653.7014205703,False
2014-03-05,775653.7014205703,False
2014-03-06,775653.7014205703,False
2014-03-07,775653.7014205703,False
2014-03-10,775653.7014205703,False
2014-03-11,775653.7014205703,False
2014-03-12,775653.7014205703,False
2014-03-13,775653.7014205703,False
2014-03-14,775653.7014205703,False
2014-03-17,778590.7347098653,True
2014-03-18,780022.5510785349,False
2014-03-19,780022.5510785349,False
2014-03-20,780022.5510785349,False
2014-03-21,780022.5510785349,False
2014-03-24,774064.1232983076,True
2014-03-25,777737.6196500442,True
2014-03-26,772143.8865689908,True
2014-03-27,770766.3254370895,True
2014-03-28,774314.5889586534,True
2014-03-31,779001.093673658,False
2014-04-01,779001.093673658,False
2014-04-02,779001.093673658,False
2014-04-03,779001.093673658,False
2014-04-04,779001.093673658,False
2014-04-07,772309.5596469847,True
2014-04-08,775493.6502693765,True
2014-04-09,783830.940188534,True
2014-04-10,783674.1740004963,False
2014-04-11,780678.7949257055,True
2014-04-14,786829.688786227,True
2014-04-15,788305.9549250354,False
2014-04-16,788305.9549250354,False
2014-04-17,788305.9549250354,False
2014-04-21,788305.9549250354,False
2014-04-22,788305.9549250354,False
2014-04-23,788305.9549250354,False
2014-04-24,788305.9549250354,False
2014-04-25,788305.9549250354,False
2014-04-28,788305.9549250354,False
2014-04-29,788305.9549250354,False
2014-04-30,788305.9549250354,False
2014-05-01,788305.9549250354,False
2014-05-02,788305.9549250354,False
2014-05-05,788305.9549250354,False
2014-05-06,788305.9549250354,False
2014-05-07,790040.587685246,True
2014-05-08,788999.7003804126,False
2014-05-09,788999.7003804126,False
2014-05-12,788999.7003804126,False
2014-05-13,788999.7003804126,False
2014-05-14,788999.7003804126,False
2014-05-15,788999.7003804126,False
2014-05-16,788999.7003804126,False
2014-05-19,788999.7003804126,False
2014-05-20,788999.7003804126,False
2014-05-21,788999.7003804126,False
2014-05-22,788999.7003804126,False
2014-05-23,788999.7003804126,False
2014-05-27,788999.7003804126,False
2014-05-28,788999.7003804126,False
2014-05-29,788999.7003804126,False
2014-05-30,788999.7003804126,False
2014-06-02,788999.7003804126,False
2014-06-03,788999.7003804126,False
2014-06-04,788999.7003804126,False
2014-06-05,788999.7003804126,False
2014-06-06,788999.7003804126,False
2014-06-09,788999.7003804126,False
2014-06-10,788999.7003804126,False
2014-06-11,788999.7003804126,False
2014-06-12,788999.7003804126,False
2014-06-13,788999.7003804126,False
2014-06-16,788999.7003804126,False
2014-06-17,788999.7003804126,False
2014-06-18,788999.7003804126,False
2014-06-19,788999.7003804126,False
2014-06-20,788999.7003804126,False
2014-06-23,788999.7003804126,False
2014-06-24,788999.7003804126,False
2014-06-25,788999.7003804126,False
2014-06-26,788999.7003804126,False
2014-06-27,788999.7003804126,False
2014-06-30,788999.7003804126,False
2014-07-01,788999.7003804126,False
2014-07-02,788999.7003804126,False
2014-07-03,788999.7003804126,False
2014-07-07,788999.7003804126,False
2014-07-08,788999.7003804126,False
2014-07-09,788999.7003804126,False
2014-07-10,788999.7003804126,False
2014-07-11,788999.7003804126,False
2014-07-14,788999.7003804126,False
2014-07-15,788999.7003804126,False
2014-07-16,788999.7003804126,False
2014-07-17,788999.7003804126,False
2014-07-18,794305.37046266,True
2014-07-21,791656.5408985225,False
2014-07-22,791656.5408985225,False
2014-07-23,791656.5408985225,False
2014-07-24,791656.5408985225,False
2014-07-25,791656.5408985225,False
2014-07-28,791656.5408985225,False
2014-07-29,791656.5408985225,False
2014-07-30,791656.5408985225,False
2014-07-31,791656.5408985225,False
2014-08-01,791251.6173695339,True
2014-08-04,796965.0706066437,True
2014-08-05,793559.112605684,False
2014-08-06,793559.112605684,False
2014-08-07,793559.112605684,False
2014-08-08,793559.112605684,False
2014-08-11,793559.112605684,False
2014-08-12,793559.112605684,False
2014-08-13,793559.112605684,False
2014-08-14,793559.112605684,False
2014-08-15,793559.112605684,False
2014-08-18,793559.112605684,False
2014-08-19,793559.112605684,False
2014-08-20,793559.112605684,False
2014-08-21,793559.112605684,False
2014-08-22,793559.112605684,False
2014-08-25,793559.112605684,False
2014-08-26,793559.112605684,False
2014-08-27,793559.112605684,False
2014-08-28,793559.112605684,False
2014-08-29,793559.112605684,False
2014-09-02,793559.112605684,False
2014-09-03,793559.112605684,False
2014-09-04,793559.112605684,False
2014-09-05,793559.112605684,False
2014-09-08,793559.112605684,False
2014-09-09,793559.112605684,False
2014-09-10,793559.112605684,False
2014-09-11,793559.112605684,False
2014-09-12,793559.112605684,False
2014-09-15,793559.112605684,False
2014-09-16,793559.112605684,False
2014-09-17,793559.112605684,False
2014-09-18,793559.112605684,False
2014-09-19,793559.112605684,False
2014-09-22,793559.112605684,False
2014-09-23,793559.112605684,False
2014-09-24,799489.9531080974,True
2014-09-25,797247.2147253075,False
2014-09-26,801950.5595278422,True
2014-09-29,800491.7308192519,True
2014-09-30,798384.5337957325,True
2014-10-01,787564.8875403544,True
2014-10-02,787686.4565994035,True
2014-10-03,796358.3828115794,True
2014-10-06,799521.3341715055,False
2014-10-07,799521.3341715055,False
2014-10-08,812879.1325640589,True
2014-10-09,811435.3213195811,False
2014-10-10,802221.0292708856,True
2014-10-13,789042.5258400008,True
2014-10-14,790263.9193562781,True
2014-10-15,784916.9018944643,True
2014-10-16,784243.2618992751,True
2014-10-17,793136.6402747624,False
2014-10-20,793136.6402747624,False
2014-10-21,793136.6402747624,False
2014-10-22,793136.6402747624,False
2014-10-23,793136.6402747624,False
2014-10-24,793136.6402747624,False
2014-10-27,793136.6402747624,False
2014-10-28,793136.6402747624,False
2014-10-29,793136.6402747624,False
2014-10-30,793136.6402747624,False
2014-10-31,793136.6402747624,False
2014-11-03,793136.6402747624,False
2014-11-04,793136.6402747624,False
2014-11-05,793136.6402747624,False
2014-11-06,793136.6402747624,False
2014-11-07,793136.6402747624,False
2014-11-10,793136.6402747624,False
2014-11-11,793136.6402747624,False
2014-11-12,793136.6402747624,False
2014-11-13,793136.6402747624,False
2014-11-14,793136.6402747624,False
2014-11-17,793136.6402747624,False
2014-11-18,793136.6402747624,False
2014-11-19,793136.6402747624,False
2014-11-20,793136.6402747624,False
2014-11-21,793136.6402747624,False
2014-11-24,793136.6402747624,False
2014-11-25,793136.6402747624,False
2014-11-26,793136.6402747624,False
2014-11-28,793136.6402747624,False
2014-12-01,793136.6402747624,False
2014-12-02,793136.6402747624,False
2014-12-03,793136.6402747624,False
2014-12-04,793136.6402747624,False
2014-12-05,793136.6402747624,False
2014-12-08,793136.6402747624,False
2014-12-09,793136.6402747624,False
2014-12-10,793136.6402747624,False
2014-12-11,794183.7695718838,True
2014-12-12,781348.6334751738,True
2014-12-15,775981.2129256405,True
2014-12-16,769758.1166363267,True
2014-12-17,784849.1251379129,True
2014-12-18,796163.6943295514,False
2014-12-19,796163.6943295514,False
2014-12-22,796163.6943295514,False
2014-12-23,796163.6943295514,False
2014-12-24,796163.6943295514,False
2014-12-26,796163.6943295514,False
2014-12-29,796163.6943295514,False
2014-12-30,796163.6943295514,False
2014-12-31,786628.0281733739,True
2015-01-02,786207.044018956,True
2015-01-05,772008.3966290405,True
2015-01-06,764736.852143639,True
2015-01-07,774266.4025481915,True
2015-01-08,780616.3667940279,False
2015-01-09,780616.3667940279,False
2015-01-12,780616.3667940279,False
2015-01-13,780616.3667940279,False
2015-01-14,780616.3667940279,False
2015-01-15,780616.3667940279,False
2015-01-16,780616.3667940279,False
2015-01-20,780616.3667940279,False
2015-01-21,780616.3667940279,False
2015-01-22,780616.3667940279,False
2015-01-23,780616.3667940279,False
2015-01-26,780616.3667940279,False
2015-01-27,780616.3667940279,False
2015-01-28,780616.3667940279,False
2015-01-29,786731.8444285942,True
2015-01-30,776838.0167517193,True
2015-02-02,786458.4223740645,True
2015-02-03,790506.7825375729,False
2015-02-04,790506.7825375729,False
2015-02-05,790506.7825375729,False
2015-02-06,790506.7825375729,False
2015-02-09,790506.7825375729,False
2015-02-10,790506.7825375729,False
2015-02-11,790506.7825375729,False
2015-02-12,790506.7825375729,False
2015-02-13,790506.7825375729,False
2015-02-17,790506.7825375729,False
2015-02-18,790506.7825375729,False
2015-02-19,790506.7825375729,False
2015-02-20,790506.7825375729,False
2015-02-23,790506.7825375729,False
2015-02-24,790506.7825375729,False
2015-02-25,790506.7825375729,False
2015-02-26,790506.7825375729,False
2015-02-27,790506.7825375729,False
2015-03-02,794885.7748620125,True
2015-03-03,792777.3758720116,False
2015-03-04,792777.3758720116,False
2015-03-05,792777.3758720116,False
2015-03-06,792777.3758720116,False
2015-03-09,792777.3758720116,False
2015-03-10,792777.3758720116,False
2015-03-11,789568.684567078,True
2015-03-12,799607.2106300335,True
2015-03-13,798173.4233963479,False
2015-03-16,798173.4233963479,False
2015-03-17,798173.4233963479,False
2015-03-18,798173.4233963479,False
2015-03-19,798173.4233963479,False
2015-03-20,798173.4233963479,False
2015-03-23,798173.4233963479,False
2015-03-24,798173.4233963479,False
2015-03-25,785379.6514721668,True
2015-03-26,783509.3364001346,True
2015-03-27,785303.3120814717,True
2015-03-30,789878.3470337128,False
2015-03-31,789878.3470337128,False
2015-04-01,787080.2213646845,True
2015-04-02,789892.5887088899,True
2015-04-06,785660.3623172238,False
2015-04-07,785660.3623172238,False
2015-04-08,785660.3623172238,False
2015-04-09,785660.3623172238,False
2015-04-10,785660.3623172238,False
2015-04-13,785660.3623172238,False
2015-04-14,787910.3580856022,True
2015-04-15,791445.7809535216,True
2015-04-16,789783.3574214391,False
2015-04-17,789783.3574214391,False
2015-04-20,789783.3574214391,False
2015-04-21,789783.3574214391,False
2015-04-22,789783.3574214391,False
2015-04-23,789783.3574214391,False
2015-04-24,789783.3574214391,False
2015-04-27,789783.3574214391,False
2015-04-28,789783.3574214391,False
2015-04-29,789783.3574214391,False
2015-04-30,789783.3574214391,False
2015-05-01,789783.3574214391,False
2015-05-04,789783.3574214391,False
2015-05-05,789783.3574214391,False
2015-05-06,783898.0480195057,True
2015-05-07,787025.5012970301,True
2015-05-08,797387.5452888281,True
2015-05-11,797039.7046600793,False
2015-05-12,798286.9681706206,True
2015-05-13,798439.0373140002,True
2015-05-14,806764.8229140271,True
2015-05-15,807477.6926443615,False
2015-05-18,807477.6926443615,False
2015-05-19,807477.6926443615,False
2015-05-20,807477.6926443615,False
2015-05-21,807477.6926443615,False
2015-05-22,807477.6926443615,False
2015-05-26,807477.6926443615,False
2015-05-27,807477.6926443615,False
2015-05-28,807477.6926443615,False
2015-05-29,807477.6926443615,False
2015-06-01,807477.6926443615,False
2015-06-02,807477.6926443615,False
2015-06-03,807477.6926443615,False
2015-06-04,807477.6926443615,False
2015-06-05,807477.6926443615,False
2015-06-08,807477.6926443615,False
2015-06-09,807316.2293984819,True
2015-06-10,816998.6020225942,True
2015-06-11,818887.4547659023,False
2015-06-12,818887.4547659023,False
2015-06-15,818887.4547659023,False
2015-06-16,818887.4547659023,False
2015-06-17,818887.4547659023,False
2015-06-18,818887.4547659023,False
2015-06-19,818887.4547659023,False
2015-06-22,818887.4547659023,False
2015-06-23,818887.4547659023,False
2015-06-24,818887.4547659023,False
2015-06-25,813914.5323809339,True
2015-06-26,813759.3976182576,True
2015-06-29,796694.5737238703,True
2015-06-30,798362.27242264,True
2015-07-01,804761.5813830353,True
2015-07-02,806810.8573008216,False
2015-07-06,806810.8573008216,False
2015-07-07,806810.8573008216,False
2015-07-08,806810.8573008216,False
2015-07-09,806810.8573008216,False
2015-07-10,806810.8573008216,False
2015-07-13,806810.8573008216,False
2015-07-14,806810.8573008216,False
2015-07-15,806810.8573008216,False
2015-07-16,806810.8573008216,False
2015-07-17,806810.8573008216,False
2015-07-20,806810.8573008216,False
2015-07-21,806810.8573008216,False
2015-07-22,806810.8573008216,False
2015-07-23,806810.8573008216,False
2015-07-24,806810.8573008216,False
2015-07-27,806064.8292745863,True
2015-07-28,815965.7174527257,True
2015-07-29,816387.1054903673,False
2015-07-30,816387.1054903673,False
2015-07-31,816387.1054903673,False
2015-08-03,816387.1054903673,False
2015-08-04,816387.1054903673,False
2015-08-05,816387.1054903673,False
2015-08-06,816387.1054903673,False
2015-08-07,816387.1054903673,False
2015-08-10,816387.1054903673,False
2015-08-11,816387.1054903673,False
2015-08-12,816387.1054903673,False
2015-08-13,816387.1054903673,False
2015-08-14,816387.1054903673,False
2015-08-17,816387.1054903673,False
2015-08-18,816387.1054903673,False
2015-08-19,816387.1054903673,False
2015-08-20,816387.1054903673,False
2015-08-21,799634.7672321546,True
2015-08-24,766942.1147035112,True
2015-08-25,757716.9602771119,True
2015-08-26,786808.5656831695,True
2015-08-27,797007.2004842944,False
2015-08-28,797007.2004842944,False
2015-08-31,797007.2004842944,False
2015-09-01,797007.2004842944,False
2015-09-02,797007.2004842944,False
2015-09-03,797007.2004842944,False
2015-09-04,797007.2004842944,False
2015-09-08,797007.2004842944,False
2015-09-09,797007.2004842944,False
2015-09-10,802131.2072641448,True
2015-09-11,805776.3273788504,True
2015-09-14,806475.0846179177,False
2015-09-15,806475.0846179177,False
2015-09-16,806475.0846179177,False
2015-09-17,806475.0846179177,False
2015-09-18,806475.0846179177,False
2015-09-21,806395.9144845646,True
2015-09-22,795929.1040298376,True
2015-09-23,794656.6682490669,True
2015-09-24,791783.4261634557,True
2015-09-25,791578.1945859119,True
2015-09-28,771711.7778796853,True
2015-09-29,772163.2873502814,True
2015-09-30,786570.5440938466,True
2015-10-01,788259.9447660813,False
2015-10-02,788259.9447660813,False
2015-10-05,788259.9447660813,False
2015-10-06,788259.9447660813,False
2015-10-07,788259.9447660813,False
2015-10-08,788259.9447660813,False
2015-10-09,788259.9447660813,False
2015-10-12,788259.9447660813,False
2015-10-13,788259.9447660813,False
2015-10-14,784598.422469729,True
2015-10-15,796645.5456207017,True
2015-10-16,798375.5833706119,False
2015-10-19,798375.5833706119,False
2015-10-20,798375.5833706119,False
2015-10-21,798375.5833706119,False
2015-10-22,807182.007497662,True
2015-10-23,814844.6524392462,False
2015-10-26,814844.6524392462,False
2015-10-27,814844.6524392462,False
2015-10-28,814844.6524392462,False
2015-10-29,814844.6524392462,False
2015-10-30,814844.6524392462,False
2015-11-02,814844.6524392462,False
2015-11-03,814844.6524392462,False
2015-11-04,814844.6524392462,False
2015-11-05,814844.6524392462,False
2015-11-06,814844.6524392462,False
2015-11-09,814844.6524392462,False
2015-11-10,814844.6524392462,False
2015-11-11,814844.6524392462,False
2015-11-12,814844.6524392462,False
2015-11-13,807465.7928949808,True
2015-11-16,819744.8224304629,True
2015-11-17,821055.6566737504,False
2015-11-18,821055.6566737504,False
2015-11-19,821055.6566737504,False
2015-11-20,821055.6566737504,False
2015-11-23,821055.6566737504,False
2015-11-24,821055.6566737504,False
2015-11-25,821055.6566737504,False
2015-11-27,821055.6566737504,False
2015-11-30,821055.6566737504,False
2015-12-01,825751.6074517418,True
2015-12-02,825331.743252743,False
2015-12-03,825331.743252743,False
2015-12-04,825331.743252743,False
2015-12-07,825331.743252743,False
2015-12-08,825331.743252743,False
2015-12-09,825331.743252743,False
2015-12-10,825331.743252743,False
2015-12-11,825331.743252743,False
2015-12-14,828559.3387156002,True
2015-12-15,835739.3140675459,False
2015-12-16,835739.3140675459,False
2015-12-17,835739.3140675459,False
2015-12-18,824243.3290293256,True
2015-12-21,831039.3327361158,True
2015-12-22,838580.3749283463,True
2015-12-23,843315.4159247881,False
2015-12-24,843315.4159247881,False
2015-12-28,843315.4159247881,False
2015-12-29,843315.4159247881,False
2015-12-30,843315.4159247881,False
2015-12-31,837967.8027470924,True
2016-01-04,826250.1463382466,True
2016-01-05,827650.9381525214,True
2016-01-06,815074.7706384409,False
2016-01-07,815074.7706384409,False
2016-01-08,801272.1714340542,True
2016-01-11,802052.890243463,True
2016-01-12,808527.4289045923,True
2016-01-13,811659.9483157555,False
2016-01-14,821686.8569321902,True
2016-01-15,804048.3957715555,True
2016-01-19,805118.6907448949,True
2016-01-20,794801.0472019023,True
2016-01-21,799253.4742909946,True
2016-01-22,812319.8236974382,False
2016-01-25,812319.8236974382,False
2016-01-26,819829.8269825537,True
2016-01-27,816993.9744039574,False
2016-01-28,816993.9744039574,False
2016-01-29,816993.9744039574,False
2016-02-01,816993.9744039574,False
2016-02-02,816993.9744039574,False
2016-02-03,816993.9744039574,False
2016-02-04,816993.9744039574,False
2016-02-05,816993.9744039574,False
2016-02-08,816993.9744039574,False
2016-02-09,816993.9744039574,False
2016-02-10,816993.9744039574,False
2016-02-11,816993.9744039574,False
2016-02-12,816993.9744039574,False
2016-02-16,816993.9744039574,False
2016-02-17,816993.9744039574,False
2016-02-18,816993.9744039574,False
2016-02-19,816993.9744039574,False
2016-02-22,816993.9744039574,False
2016-02-23,816993.9744039574,False
2016-02-24,827842.802917382,True
2016-02-25,829947.7774945268,False
2016-02-26,829947.7774945268,False
2016-02-29,829947.7774945268,False
2016-03-01,842972.5479930461,True
2016-03-02,841229.8912816966,False
2016-03-03,841229.8912816966,False
2016-03-04,841229.8912816966,False
2016-03-07,841229.8912816966,False
2016-03-08,841229.8912816966,False
2016-03-09,841146.0551175512,True
2016-03-10,841821.064490702,True
2016-03-11,855405.6281253621,True
2016-03-14,855234.546999737,False
2016-03-15,855234.546999737,False
2016-03-16,855234.546999737,False
2016-03-17,855234.546999737,False
2016-03-18,855234.546999737,False
2016-03-21,855234.546999737,False
2016-03-22,855234.546999737,False
2016-03-23,855234.546999737,False
2016-03-24,859804.4806216311,True
2016-03-28,860312.4391568546,True
2016-03-29,858108.9488949574,False
2016-03-30,858108.9488949574,False
2016-03-31,858108.9488949574,False
2016-04-01,858108.9488949574,False
2016-04-04,858108.9488949574,False
2016-04-05,858108.9488949574,False
2016-04-06,866882.5206562638,True
2016-04-07,861334.7245003802,False
2016-04-08,861334.7245003802,False
2016-04-11,861334.7245003802,False
2016-04-12,868331.115233805,True
2016-04-13,872710.722344731,False
2016-04-14,872710.722344731,False
2016-04-15,872710.722344731,False
2016-04-18,872710.722344731,False
2016-04-19,872710.722344731,False
2016-04-20,872710.722344731,False
2016-04-21,872710.722344731,False
2016-04-22,872710.722344731,False
2016-04-25,872710.722344731,False
2016-04-26,872710.722344731,False
2016-04-27,872710.722344731,False
2016-04-28,872710.722344731,False
2016-04-29,872710.722344731,False
2016-05-02,872710.722344731,False
2016-05-03,872710.722344731,False
2016-05-04,872710.722344731,False
2016-05-05,872710.722344731,False
2016-05-06,872710.722344731,False
2016-05-09,872710.722344731,False
2016-05-10,872710.722344731,False
2016-05-11,872710.722344731,False
2016-05-12,869463.459845672,True
2016-05-13,861886.8030499603,True
2016-05-16,870389.4956762589,True
2016-05-17,868868.7259612388,False
2016-05-18,868868.7259612388,False
2016-05-19,868868.7259612388,False
2016-05-20,868868.7259612388,False
2016-05-23,868868.7259612388,False
2016-05-24,868868.7259612388,False
2016-05-25,868868.7259612388,False
2016-05-26,868868.7259612388,False
2016-05-27,868868.7259612388,False
2016-05-31,868868.7259612388,False
2016-06-01,868868.7259612388,False
2016-06-02,868868.7259612388,False
2016-06-03,868868.7259612388,False
2016-06-06,868868.7259612388,False
2016-06-07,868868.7259612388,False
2016-06-08,868868.7259612388,False
2016-06-09,868868.7259612388,False
2016-06-10,868868.7259612388,False
2016-06-13,868868.7259612388,False
2016-06-14,868862.0436921082,True
2016-06-15,867650.8824122068,True
2016-06-16,865729.7300371906,True
2016-06-17,862513.8880181417,True
2016-06-20,868068.5242328625,True
2016-06-21,869773.922843328,False
2016-06-22,869773.922843328,False
2016-06-23,869773.922843328,False
2016-06-24,869773.922843328,False
2016-06-27,861015.7278010554,True
2016-06-28,876543.7754732271,True
2016-06-29,883442.823599357,False
2016-06-30,883442.823599357,False
2016-07-01,883442.823599357,False
2016-07-05,883442.823599357,False
2016-07-06,883442.823599357,False
2016-07-07,883442.823599357,False
2016-07-08,883442.823599357,False
2016-07-11,883442.823599357,False
2016-07-12,883442.823599357,False
2016-07-13,883442.823599357,False
2016-07-14,883442.823599357,False
2016-07-15,883442.823599357,False
2016-07-18,883442.823599357,False
2016-07-19,883442.823599357,False
2016-07-20,883442.823599357,False
2016-07-21,883442.823599357,False
2016-07-22,883442.823599357,False
2016-07-25,883442.823599357,False
2016-07-26,883442.823599357,False
2016-07-27,883442.823599357,False
2016-07-28,883442.823599357,False
2016-07-29,883442.823599357,False
2016-08-01,883442.823599357,False
2016-08-02,883442.823599357,False
2016-08-03,883442.823599357,False
2016-08-04,883442.823599357,False
2016-08-05,883442.823599357,False
2016-08-08,883442.823599357,False
2016-08-09,883442.823599357,False
2016-08-10,883442.823599357,False
2016-08-11,883442.823599357,False
2016-08-12,883442.823599357,False
2016-08-15,883442.823599357,False
2016-08-16,883442.823599357,False
2016-08-17,884765.2918470966,True
2016-08-18,884466.8127083881,False
2016-08-19,884466.8127083881,False
2016-08-22,884466.8127083881,False
2016-08-23,884466.8127083881,False
2016-08-24,884466.8127083881,False
2016-08-25,884466.8127083881,False
2016-08-26,884466.8127083881,False
2016-08-29,884466.8127083881,False
2016-08-30,884466.8127083881,False
2016-08-31,884466.8127083881,False
2016-09-01,884466.8127083881,False
2016-09-02,884466.8127083881,False
2016-09-06,884466.8127083881,False
2016-09-07,884466.8127083881,False
2016-09-08,884466.8127083881,False
2016-09-09,884466.8127083881,False
2016-09-12,900735.8576372332,True
2016-09-13,894311.6799318306,False
2016-09-14,894311.6799318306,False
2016-09-15,894311.6799318306,False
2016-09-16,894311.6799318306,False
2016-09-19,894311.6799318306,False
2016-09-20,894311.6799318306,False
2016-09-21,894311.6799318306,False
2016-09-22,894311.6799318306,False
2016-09-23,894311.6799318306,False
2016-09-26,890889.3242679499,True
2016-09-27,896419.9572089337,True
2016-09-28,897321.633346622,False
2016-09-29,897321.633346622,False
2016-09-30,897321.633346622,False
2016-10-03,897321.633346622,False
2016-10-04,897321.633346622,False
2016-10-05,897321.633346622,False
2016-10-06,897321.633346622,False
2016-10-07,897321.633346622,False
2016-10-10,897321.633346622,False
2016-10-11,897321.633346622,False
2016-10-12,897321.633346622,False
2016-10-13,897321.633346622,False
2016-10-14,897321.633346622,False
2016-10-17,897321.633346622,False
2016-10-18,894922.7997123997,True
2016-10-19,896041.6981841229,False
2016-10-20,896041.6981841229,False
2016-10-21,896041.6981841229,False
2016-10-24,896041.6981841229,False
2016-10-25,896041.6981841229,False
2016-10-26,896041.6981841229,False
2016-10-27,896041.6981841229,False
2016-10-28,896041.6981841229,False
2016-10-31,896041.6981841229,False
2016-11-01,896041.6981841229,False
2016-11-02,896041.6981841229,False
2016-11-03,896041.6981841229,False
2016-11-04,896041.6981841229,False
2016-11-07,903065.0146534693,True
2016-11-08,900935.8826509644,False
2016-11-09,900935.8826509644,False
2016-11-10,900935.8826509644,False
2016-11-11,900935.8826509644,False
2016-11-14,900935.8826509644,False
2016-11-15,900935.8826509644,False
2016-11-16,900935.8826509644,False
2016-11-17,900935.8826509644,False
2016-11-18,900935.8826509644,False
2016-11-21,900935.8826509644,False
2016-11-22,900935.8826509644,False
2016-11-23,900935.8826509644,False
2016-11-25,900935.8826509644,False
2016-11-28,900935.8826509644,False
2016-11-29,902348.7604149067,True
2016-11-30,900183.8749727813,True
2016-12-01,896875.2764668916,True
2016-12-02,897324.5923133706,True
2016-12-05,902716.3824711166,True
2016-12-06,903434.2911612415,False
2016-12-07,903434.2911612415,False
2016-12-08,903434.2911612415,False
2016-12-09,903434.2911612415,False
2016-12-12,903434.2911612415,False
2016-12-13,903434.2911612415,False
2016-12-14,903434.2911612415,False
2016-12-15,903434.2911612415,False
2016-12-16,899377.0153669182,True
2016-12-19,901335.3105034707,True
2016-12-20,904812.2835010233,True
2016-12-21,904031.9628369174,False
2016-12-22,902969.7774283106,True
2016-12-23,904291.9001834412,True
2016-12-27,905352.7875078885,False
2016-12-28,905352.7875078885,False
2016-12-29,904647.5535496732,True
2016-12-30,901341.0637172206,True
2017-01-03,908236.3047092863,True
2017-01-04,909586.6267692039,False
2017-01-05,909586.6267692039,False
2017-01-06,909586.6267692039,False
2017-01-09,909586.6267692039,False
2017-01-10,909586.6267692039,False
2017-01-11,909586.6267692039,False
2017-01-12,909586.6267692039,False
2017-01-13,909586.6267692039,False
2017-01-17,909586.6267692039,False
2017-01-18,909586.6267692039,False
2017-01-19,909586.6267692039,False
2017-01-20,909586.6267692039,False
2017-01-23,909586.6267692039,False
2017-01-24,909586.6267692039,False
2017-01-25,909586.6267692039,False
2017-01-26,909586.6267692039,False
2017-01-27,909586.6267692039,False
2017-01-30,909586.6267692039,False
2017-01-31,909586.6267692039,False
2017-02-01,909586.6267692039,False
2017-02-02,909586.6267692039,False
2017-02-03,909586.6267692039,False
2017-02-06,909586.6267692039,False
2017-02-07,909586.6267692039,False
2017-02-08,909586.6267692039,False
2017-02-09,909586.6267692039,False
2017-02-10,909586.6267692039,False
2017-02-13,909586.6267692039,False
2017-02-14,909586.6267692039,False
2017-02-15,909586.6267692039,False
2017-02-16,909586.6267692039,False
2017-02-17,909586.6267692039,False
2017-02-21,909586.6267692039,False
2017-02-22,909586.6267692039,False
2017-02-23,909586.6267692039,False
2017-02-24,909586.6267692039,False
2017-02-27,909586.6267692039,False
2017-02-28,909586.6267692039,False
2017-03-01,909586.6267692039,False
2017-03-02,909586.6267692039,False
2017-03-03,910359.3210665237,True
2017-03-06,907648.3273665102,True
2017-03-07,904937.3336664966,True
2017-03-08,903257.2812326854,True
2017-03-09,904402.7715284658,True
2017-03-10,907571.9613467915,True
2017-03-13,907123.2193417206,False
2017-03-14,907123.2193417206,False
2017-03-15,907123.2193417206,False
2017-03-16,907123.2193417206,False
2017-03-17,904195.2563454419,True
2017-03-20,903203.4377290228,True
2017-03-21,891606.789290892,True
2017-03-22,893704.8671333169,True
2017-03-23,892751.1953867602,True
2017-03-24,892102.6985991016,True
2017-03-27,891187.173722407,True
2017-03-28,897672.1415989932,True
2017-03-29,896234.0122345596,False
2017-03-30,896234.0122345596,False
2017-03-31,896234.0122345596,False
2017-04-03,896234.0122345596,False
2017-04-04,896234.0122345596,False
2017-04-05,896234.0122345596,False
2017-04-06,897961.787741646,True
2017-04-07,897046.4342373222,True
2017-04-10,897580.3904481778,True
2017-04-11,896512.4780264667,True
2017-04-12,892584.0859037437,True
2017-04-13,886786.8470430262,True
2017-04-17,894643.6312884722,True
2017-04-18,891223.4739431334,False
2017-04-19,891223.4739431334,False
2017-04-20,891223.4739431334,False
2017-04-21,891223.4739431334,False
2017-04-24,891223.4739431334,False
2017-04-25,891223.4739431334,False
2017-04-26,891223.4739431334,False
2017-04-27,891223.4739431334,False
2017-04-28,891223.4739431334,False
2017-05-01,891223.4739431334,False
2017-05-02,891223.4739431334,False
2017-05-03,891223.4739431334,False
2017-05-04,891223.4739431334,False
2017-05-05,891223.4739431334,False
2017-05-08,891223.4739431334,False
2017-05-09,891223.4739431334,False
2017-05-10,891223.4739431334,False
2017-05-11,891223.4739431334,False
2017-05-12,891223.4739431334,False
2017-05-15,891223.4739431334,False
2017-05-16,891223.4739431334,False
2017-05-17,891223.4739431334,False
2017-05-18,894976.4025284948,True
2017-05-19,900797.5101852667,True
2017-05-22,902847.0692720556,False
2017-05-23,902847.0692720556,False
2017-05-24,902847.0692720556,False
2017-05-25,902847.0692720556,False
2017-05-26,902847.0692720556,False
2017-05-30,902847.0692720556,False
2017-05-31,902847.0692720556,False
2017-06-01,902847.0692720556,False
2017-06-02,902847.0692720556,False
2017-06-05,902847.0692720556,False
2017-06-06,902847.0692720556,False
2017-06-07,902888.8676239674,True
2017-06-08,903115.8163705261,False
2017-06-09,903115.8163705261,False
2017-06-12,903115.8163705261,False
2017-06-13,903115.8163705261,False
2017-06-14,903115.8163705261,False
2017-06-15,903115.8163705261,False
2017-06-16,902451.7199132338,True
2017-06-19,909964.7123061811,True
2017-06-20,908258.110049001,False
2017-06-21,906323.1632549705,True
2017-06-22,905912.8090752708,True
2017-06-23,906994.6519126609,True
2017-06-26,907591.5307194969,True
2017-06-27,900279.7653357565,True
2017-06-28,908337.6292280419,True
2017-06-29,908790.018597713,False
2017-06-30,908790.018597713,False
2017-07-03,908790.018597713,False
2017-07-05,908790.018597713,False
2017-07-06,908790.018597713,False
2017-07-07,911998.4858494174,True
2017-07-10,911213.5064414368,False
2017-07-11,911213.5064414368,False
2017-07-12,911213.5064414368,False
2017-07-13,911213.5064414368,False
2017-07-14,911213.5064414368,False
2017-07-17,911213.5064414368,False
2017-07-18,911213.5064414368,False
2017-07-19,911213.5064414368,False
2017-07-20,911213.5064414368,False
2017-07-21,911213.5064414368,False
2017-07-24,911213.5064414368,False
2017-07-25,911213.5064414368,False
2017-07-26,911213.5064414368,False
2017-07-27,911213.5064414368,False
2017-07-28,911213.5064414368,False
2017-07-31,911213.5064414368,False
2017-08-01,911213.5064414368,False
2017-08-02,911213.5064414368,False
2017-08-03,911213.5064414368,False
2017-08-04,911213.5064414368,False
2017-08-07,911213.5064414368,False
2017-08-08,911213.5064414368,False
2017-08-09,911213.5064414368,False
2017-08-10,911213.5064414368,False
2017-08-11,911404.6430632059,True
2017-08-14,920439.5408028952,True
2017-08-15,921897.8330329421,False
2017-08-16,921897.8330329421,False
2017-08-17,921897.8330329421,False
2017-08-18,920992.5123062065,True
2017-08-21,921713.4903348752,True
2017-08-22,931351.8281918146,True
2017-08-23,926954.3706961768,False
2017-08-24,926954.3706961768,False
2017-08-25,926954.3706961768,False
2017-08-28,926954.3706961768,False
2017-08-29,926954.3706961768,False
2017-08-30,926954.3706961768,False
2017-08-31,926954.3706961768,False
2017-09-01,926954.3706961768,False
2017-09-05,926954.3706961768,False
2017-09-06,926954.3706961768,False
2017-09-07,926954.3706961768,False
2017-09-08,926954.3706961768,False
2017-09-11,926954.3706961768,False
2017-09-12,926954.3706961768,False
2017-09-13,926954.3706961768,False
2017-09-14,926954.3706961768,False
2017-09-15,928632.3186276746,True
2017-09-18,930607.4184666435,True
2017-09-19,931464.5372646867,False
2017-09-20,931464.5372646867,False
2017-09-21,931464.5372646867,False
2017-09-22,931464.5372646867,False
2017-09-25,931464.5372646867,False
2017-09-26,931464.5372646867,False
2017-09-27,931464.5372646867,False
2017-09-28,931464.5372646867,False
2017-09-29,931464.5372646867,False
2017-10-02,931464.5372646867,False
2017-10-03,931464.5372646867,False
2017-10-04,931464.5372646867,False
2017-10-05,931464.5372646867,False
2017-10-06,931464.5372646867,False
2017-10-09,931464.5372646867,False
2017-10-10,931464.5372646867,False
2017-10-11,931464.5372646867,False
2017-10-12,931464.5372646867,False
2017-10-13,931464.5372646867,False
2017-10-16,931464.5372646867,False
2017-10-17,931464.5372646867,False
2017-10-18,931464.5372646867,False
2017-10-19,931464.5372646867,False
2017-10-20,931464.5372646867,False
2017-10-23,931464.5372646867,False
2017-10-24,931464.5372646867,False
2017-10-25,931464.5372646867,False
2017-10-26,931464.5372646867,False
2017-10-27,931464.5372646867,False
2017-10-30,931464.5372646867,False
2017-10-31,931464.5372646867,False
2017-11-01,931464.5372646867,False
2017-11-02,931464.5372646867,False
2017-11-03,931464.5372646867,False
2017-11-06,931464.5372646867,False
2017-11-07,931464.5372646867,False
2017-11-08,931464.5372646867,False
2017-11-09,931464.5372646867,False
2017-11-10,931464.5372646867,False
2017-11-13,931464.5372646867,False
2017-11-14,931464.5372646867,False
2017-11-15,931464.5372646867,False
2017-11-16,931464.5372646867,False
2017-11-17,931464.5372646867,False
2017-11-20,931464.5372646867,False
2017-11-21,931464.5372646867,False
2017-11-22,931464.5372646867,False
2017-11-24,931464.5372646867,False
2017-11-27,931464.5372646867,False
2017-11-28,931464.5372646867,False
2017-11-29,931464.5372646867,False
2017-11-30,931464.5372646867,False
2017-12-01,931464.5372646867,False
2017-12-04,931464.5372646867,False
2017-12-05,931464.5372646867,False
2017-12-06,932589.0928998593,True
2017-12-07,935529.5614726708,True
2017-12-08,938601.118260098,False
2017-12-11,938601.118260098,False
2017-12-12,938601.118260098,False
2017-12-13,938601.118260098,False
2017-12-14,938601.118260098,False
2017-12-15,942160.7259919225,True
2017-12-18,948135.1795843819,True
2017-12-19,948935.2048777476,False
2017-12-20,944360.1560319572,True
2017-12-21,946305.2486650606,True
2017-12-22,946057.6914208476,True
2017-12-26,944926.0011615874,True
2017-12-27,945385.7503294118,True
2017-12-28,947330.8429625152,True
2017-12-29,949475.0211314147,False
2018-01-02,949475.0211314147,False
2018-01-03,949475.0211314147,False
2018-01-04,949475.0211314147,False
2018-01-05,949475.0211314147,False
2018-01-08,949475.0211314147,False
2018-01-09,949475.0211314147,False
2018-01-10,949475.0211314147,False
2018-01-11,949475.0211314147,False
2018-01-12,949475.0211314147,False
2018-01-16,949475.0211314147,False
2018-01-17,949475.0211314147,False
2018-01-18,949475.0211314147,False
2018-01-19,949475.0211314147,False
2018-01-22,949475.0211314147,False
2018-01-23,949475.0211314147,False
2018-01-24,949475.0211314147,False
2018-01-25,949475.0211314147,False
2018-01-26,949475.0211314147,False
2018-01-29,949475.0211314147,False
2018-01-30,949475.0211314147,False
2018-01-31,949475.0211314147,False
2018-02-01,949475.0211314147,False
2018-02-02,949475.0211314147,False
2018-02-05,916236.3626276914,True
2018-02-06,934288.2289773446,True
2018-02-07,929219.8203484035,True
2018-02-08,894365.8322425344,True
2018-02-09,907800.586621988,True
2018-02-12,921131.195618655,True
2018-02-13,916191.9480934457,False
2018-02-14,916191.9480934457,False
2018-02-15,916191.9480934457,False
2018-02-16,916191.9480934457,False
2018-02-20,916191.9480934457,False
2018-02-21,916191.9480934457,False
2018-02-22,913643.5448597027,True
2018-02-23,928206.428285536,True
2018-02-26,932142.1708597307,False
2018-02-27,932142.1708597307,False
2018-02-28,918332.0790646202,True
2018-03-01,904978.8240957072,True
2018-03-02,909644.0119076312,True
2018-03-05,920157.5873388514,True
2018-03-06,923725.2390094572,False
2018-03-07,923725.2390094572,False
2018-03-08,923725.2390094572,False
2018-03-09,923725.2390094572,False
2018-03-12,923725.2390094572,False
2018-03-13,923725.2390094572,False
2018-03-14,923725.2390094572,False
2018-03-15,923725.2390094572,False
2018-03-16,922531.1969897212,True
2018-03-19,910049.1009254182,True
2018-03-20,911596.7462595366,True
2018-03-21,909847.2341427072,True
2018-03-22,887103.5766239234,True
2018-03-23,868195.3879766505,True
2018-03-26,891948.3794089898,True
2018-03-27,895335.5896317052,False
2018-03-28,895335.5896317052,False
2018-03-29,895335.5896317052,False
2018-04-02,895335.5896317052,False
2018-04-03,895335.5896317052,False
2018-04-04,895335.5896317052,False
2018-04-05,895335.5896317052,False
2018-04-06,895335.5896317052,False
2018-04-09,895335.5896317052,False
2018-04-10,895335.5896317052,False
2018-04-11,895335.5896317052,False
2018-04-12,895335.5896317052,False
2018-04-13,895335.5896317052,False
2018-04-16,895335.5896317052,False
2018-04-17,895335.5896317052,False
2018-04-18,895335.5896317052,False
2018-04-19,895335.5896317052,False
2018-04-20,895335.5896317052,False
2018-04-23,895335.5896317052,False
2018-04-24,895335.5896317052,False
2018-04-25,895335.5896317052,False
2018-04-26,895335.5896317052,False
2018-04-27,895335.5896317052,False
2018-04-30,895335.5896317052,False
2018-05-01,898922.1390216566,True
2018-05-02,892883.640238886,True
2018-05-03,890916.0395119159,True
2018-05-04,902450.2506700169,True
2018-05-07,905220.57143012,False
2018-05-08,905220.57143012,False
2018-05-09,905220.57143012,False
2018-05-10,905220.57143012,False
2018-05-11,905220.57143012,False
2018-05-14,905220.57143012,False
2018-05-15,905220.57143012,False
2018-05-16,905220.57143012,False
2018-05-17,905220.57143012,False
2018-05-18,905220.57143012,False
2018-05-21,905220.57143012,False
2018-05-22,905220.57143012,False
2018-05-23,905220.57143012,False
2018-05-24,905220.57143012,False
2018-05-25,905220.57143012,False
2018-05-29,905220.57143012,False
2018-05-30,905220.57143012,False
2018-05-31,905220.57143012,False
2018-06-01,905220.57143012,False
2018-06-04,905220.57143012,False
2018-06-05,905220.57143012,False
2018-06-06,905220.57143012,False
2018-06-07,905220.57143012,False
2018-06-08,905220.57143012,False
2018-06-11,905220.57143012,False
2018-06-12,905220.57143012,False
2018-06-13,905220.57143012,False
2018-06-14,905220.57143012,False
2018-06-15,906773.7318784585,True
2018-06-18,904908.6828863944,True
2018-06-19,901440.3461643104,True
2018-06-20,902978.1935788195,True
2018-06-21,902764.8843263796,False
2018-06-22,902764.8843263796,False
2018-06-25,902764.8843263796,False
2018-06-26,902764.8843263796,False
2018-06-27,902764.8843263796,False
2018-06-28,907947.1176030044,True
2018-06-29,909254.2879520952,True
2018-07-02,911198.2848815122,True
2018-07-03,907980.6347914427,True
2018-07-05,915387.9334362899,True
2018-07-06,915305.3873046043,False
2018-07-09,915305.3873046043,False
2018-07-10,915305.3873046043,False
2018-07-11,915305.3873046043,False
2018-07-12,915305.3873046043,False
2018-07-13,915305.3873046043,False
2018-07-16,915305.3873046043,False
2018-07-17,915305.3873046043,False
2018-07-18,915305.3873046043,False
2018-07-19,915305.3873046043,False
2018-07-20,915305.3873046043,False
2018-07-23,915305.3873046043,False
2018-07-24,915305.3873046043,False
2018-07-25,915305.3873046043,False
2018-07-26,915305.3873046043,False
2018-07-27,915305.3873046043,False
2018-07-30,915305.3873046043,False
2018-07-31,915305.3873046043,False
2018-08-01,915305.3873046043,False
2018-08-02,915305.3873046043,False
2018-08-03,915305.3873046043,False
2018-08-06,915305.3873046043,False
2018-08-07,915305.3873046043,False
2018-08-08,915305.3873046043,False
2018-08-09,915305.3873046043,False
2018-08-10,915305.3873046043,False
2018-08-13,915305.3873046043,False
2018-08-14,915305.3873046043,False
2018-08-15,915305.3873046043,False
2018-08-16,915305.3873046043,False
2018-08-17,915305.3873046043,False
2018-08-20,915305.3873046043,False
2018-08-21,915305.3873046043,False
2018-08-22,915305.3873046043,False
2018-08-23,915305.3873046043,False
2018-08-24,915305.3873046043,False
2018-08-27,915305.3873046043,False
2018-08-28,915305.3873046043,False
2018-08-29,915305.3873046043,False
2018-08-30,915305.3873046043,False
2018-08-31,915305.3873046043,False
2018-09-04,915305.3873046043,False
2018-09-05,915305.3873046043,False
2018-09-06,915305.3873046043,False
2018-09-07,915305.3873046043,False
2018-09-10,915305.3873046043,False
2018-09-11,915305.3873046043,False
2018-09-12,915305.3873046043,False
2018-09-13,915305.3873046043,False
2018-09-14,915305.3873046043,False
2018-09-17,915305.3873046043,False
2018-09-18,915305.3873046043,False
2018-09-19,915305.3873046043,False
2018-09-20,915305.3873046043,False
2018-09-21,915305.3873046043,False
2018-09-24,915305.3873046043,False
2018-09-25,915305.3873046043,False
2018-09-26,915305.3873046043,False
2018-09-27,915305.3873046043,False
2018-09-28,915305.3873046043,False
2018-10-01,915305.3873046043,False
2018-10-02,915305.3873046043,False
2018-10-03,915305.3873046043,False
2018-10-04,915305.3873046043,False
2018-10-05,915305.3873046043,False
2018-10-08,915305.3873046043,False
2018-10-09,915305.3873046043,False
2018-10-10,915305.3873046043,False
2018-10-11,898905.9242529082,True
2018-10-12,911390.2700429511,True
2018-10-15,906271.0277216372,True
2018-10-16,926087.4496105942,True
2018-10-17,926034.3151780361,False
2018-10-18,926034.3151780361,False
2018-10-19,926034.3151780361,False
2018-10-22,926034.3151780361,False
2018-10-23,926034.3151780361,False
2018-10-24,926034.3151780361,False
2018-10-25,935198.358799644,True
2018-10-26,918750.6684697481,True
2018-10-29,913660.5411466014,True
2018-10-30,927199.587291842,True
2018-10-31,936984.6472229038,False
2018-11-01,936984.6472229038,False
2018-11-02,936984.6472229038,False
2018-11-05,936984.6472229038,False
2018-11-06,936984.6472229038,False
2018-11-07,936984.6472229038,False
2018-11-08,936984.6472229038,False
2018-11-09,936984.6472229038,False
2018-11-12,936984.6472229038,False
2018-11-13,933264.0159267689,True
2018-11-14,926883.5444512715,True
2018-11-15,936557.1624947675,True
2018-11-16,932151.3508908285,False
2018-11-19,932151.3508908285,False
2018-11-20,932151.3508908285,False
2018-11-21,929020.3608758701,True
2018-11-23,922815.6742908943,True
2018-11-26,937713.9330401301,True
2018-11-27,933460.8552527964,False
2018-11-28,933460.8552527964,False
2018-11-29,933460.8552527964,False
2018-11-30,933460.8552527964,False
2018-12-03,933460.8552527964,False
2018-12-04,933460.8552527964,False
2018-12-06,947031.8525848627,True
2018-12-07,925026.6283197164,True
2018-12-10,926781.4308926946,True
2018-12-11,926992.007201452,True
2018-12-12,931659.7820455739,True
2018-12-13,931343.917582438,True
2018-12-14,914146.8523672519,True
2018-12-17,896212.7700714149,True
2018-12-18,895230.0806305471,True
2018-12-19,881823.3889729937,True
2018-12-20,862415.2725158551,True
2018-12-21,844761.9586316947,True
2018-12-24,822440.8699034123,True
2018-12-26,863994.5948315355,True
2018-12-27,851154.6552705822,False
2018-12-28,851154.6552705822,False
2018-12-31,851154.6552705822,False
2019-01-02,851154.6552705822,False
2019-01-03,851154.6552705822,False
2019-01-04,867482.4001383423,True
2019-01-07,868339.8187940074,False
2019-01-08,868339.8187940074,False
2019-01-09,868339.8187940074,False
2019-01-10,868339.8187940074,False
2019-01-11,868339.8187940074,False
2019-01-14,868339.8187940074,False
2019-01-15,868339.8187940074,False
2019-01-16,868339.8187940074,False
2019-01-17,868339.8187940074,False
2019-01-18,868339.8187940074,False
2019-01-22,868339.8187940074,False
2019-01-23,868339.8187940074,False
2019-01-24,868339.8187940074,False
2019-01-25,868339.8187940074,False
2019-01-28,868339.8187940074,False
2019-01-29,868339.8187940074,False
2019-01-30,868339.8187940074,False
2019-01-31,868339.8187940074,False
2019-02-01,868339.8187940074,False
2019-02-04,868339.8187940074,False
2019-02-05,868339.8187940074,False
2019-02-06,868339.8187940074,False
2019-02-07,868339.8187940074,False
2019-02-08,868339.8187940074,False
2019-02-11,868339.8187940074,False
2019-02-12,868339.8187940074,False
2019-02-13,868339.8187940074,False
2019-02-14,868339.8187940074,False
2019-02-15,868339.8187940074,False
2019-02-19,868339.8187940074,False
2019-02-20,868339.8187940074,False
2019-02-21,868339.8187940074,False
2019-02-22,868339.8187940074,False
2019-02-25,868339.8187940074,False
2019-02-26,868339.8187940074,False
2019-02-27,868339.8187940074,False
2019-02-28,868339.8187940074,False
2019-03-01,868339.8187940074,False
2019-03-04,868339.8187940074,False
2019-03-05,868339.8187940074,False
2019-03-06,868339.8187940074,False
2019-03-07,868339.8187940074,False
2019-03-08,868339.8187940074,False
2019-03-11,868339.8187940074,False
2019-03-12,868339.8187940074,False
2019-03-13,868339.8187940074,False
2019-03-14,868339.8187940074,False
2019-03-15,870549.0470485863,True
2019-03-18,873705.5648687475,True
2019-03-19,877181.7512945824,False
2019-03-20,877181.7512945824,False
2019-03-21,877181.7512945824,False
2019-03-22,877181.7512945824,False
2019-03-25,877540.9757623916,True
2019-03-26,884082.2789074093,True
2019-03-27,883874.0201685298,False
2019-03-28,883874.0201685298,False
2019-03-29,883874.0201685298,False
2019-04-01,883874.0201685298,False
2019-04-02,883874.0201685298,False
2019-04-03,883874.0201685298,False
2019-04-04,883874.0201685298,False
2019-04-05,883874.0201685298,False
2019-04-08,883874.0201685298,False
2019-04-09,883874.0201685298,False
2019-04-10,883874.0201685298,False
2019-04-11,883874.0201685298,False
2019-04-12,883874.0201685298,False
2019-04-15,883874.0201685298,False
2019-04-16,883874.0201685298,False
2019-04-17,883874.0201685298,False
2019-04-18,883874.0201685298,False
2019-04-22,883874.0201685298,False
2019-04-23,883874.0201685298,False
2019-04-24,883874.0201685298,False
2019-04-25,883874.0201685298,False
2019-04-26,883874.0201685298,False
2019-04-29,883874.0201685298,False
2019-04-30,883874.0201685298,False
2019-05-01,883874.0201685298,False
2019-05-02,882182.4403381547,True
2019-05-03,890817.0304712809,True
2019-05-06,876159.8894623178,False
2019-05-07,876159.8894623178,False
2019-05-08,876159.8894623178,False
2019-05-09,876159.8894623178,False
2019-05-10,876159.8894623178,False
2019-05-13,876159.8894623178,False
2019-05-14,876159.8894623178,False
2019-05-15,876159.8894623178,False
2019-05-16,876159.8894623178,False
2019-05-17,876159.8894623178,False
2019-05-20,876159.8894623178,False
2019-05-21,876159.8894623178,False
2019-05-22,876159.8894623178,False
2019-05-23,876159.8894623178,False
2019-05-24,876159.8894623178,False
2019-05-28,876159.8894623178,False
2019-05-29,873974.616860641,True
2019-05-30,876361.5817106575,True
2019-05-31,864552.3871895233,True
2019-06-03,862353.8669329293,True
2019-06-04,881072.6965462164,True
2019-06-05,886548.6891420173,False
2019-06-06,886548.6891420173,False
2019-06-07,886548.6891420173,False
2019-06-10,886548.6891420173,False
2019-06-11,886548.6891420173,False
2019-06-12,886548.6891420173,False
2019-06-13,886548.6891420173,False
2019-06-14,886548.6891420173,False
2019-06-17,886548.6891420173,False
2019-06-18,886548.6891420173,False
2019-06-19,886548.6891420173,False
2019-06-20,886548.6891420173,False
2019-06-21,886548.6891420173,False
2019-06-24,886548.6891420173,False
2019-06-25,877498.6468655637,True
2019-06-26,876623.4418594041,True
2019-06-27,879731.9286054197,True
2019-06-28,884258.8510510736,True
2019-07-01,895185.8278042546,False
2019-07-02,895185.8278042546,False
2019-07-03,895185.8278042546,False
2019-07-05,895185.8278042546,False
2019-07-08,895185.8278042546,False
2019-07-09,895185.8278042546,False
2019-07-10,895185.8278042546,False
2019-07-11,895185.8278042546,False
2019-07-12,895185.8278042546,False
2019-07-15,895185.8278042546,False
2019-07-16,895185.8278042546,False
2019-07-17,895185.8278042546,False
2019-07-18,899945.7920682272,True
2019-07-19,894946.5951508051,True
2019-07-22,897145.0371687075,True
2019-07-23,903559.6693579298,True
2019-07-24,900849.749264087,False
2019-07-25,900849.749264087,False
2019-07-26,900849.749264087,False
2019-07-29,900849.749264087,False
2019-07-30,900849.749264087,False
2019-07-31,900849.749264087,False
2019-08-01,900849.749264087,False
2019-08-02,900849.749264087,False
2019-08-05,900849.749264087,False
2019-08-06,900849.749264087,False
2019-08-07,900849.749264087,False
2019-08-08,900849.749264087,False
2019-08-09,900849.749264087,False
2019-08-12,900849.749264087,False
2019-08-13,900849.749264087,False
2019-08-14,900849.749264087,False
2019-08-15,899942.4529865942,True
2019-08-16,913221.0698934753,True
2019-08-19,923595.9757635179,False
2019-08-20,923595.9757635179,False
2019-08-21,923316.5781779393,True
2019-08-22,925594.0208414203,False
2019-08-23,925594.0208414203,False
2019-08-26,925594.0208414203,False
2019-08-27,925594.0208414203,False
2019-08-28,925594.0208414203,False
2019-08-29,925594.0208414203,False
2019-08-30,925594.0208414203,False
2019-09-03,925594.0208414203,False
2019-09-04,925594.0208414203,False
2019-09-05,925594.0208414203,False
2019-09-06,925594.0208414203,False
2019-09-09,925594.0208414203,False
2019-09-10,925594.0208414203,False
2019-09-11,925594.0208414203,False
2019-09-12,925594.0208414203,False
2019-09-13,925594.0208414203,False
2019-09-16,925594.0208414203,False
2019-09-17,925594.0208414203,False
2019-09-18,925594.0208414203,False
2019-09-19,925594.0208414203,False
2019-09-20,925594.0208414203,False
2019-09-23,925594.0208414203,False
2019-09-24,925594.0208414203,False
2019-09-25,925594.0208414203,False
2019-09-26,925594.0208414203,False
2019-09-27,925594.0208414203,False
2019-09-30,925594.0208414203,False
2019-10-01,925594.0208414203,False
2019-10-02,914488.1611793578,True
2019-10-03,921980.3227442515,True
2019-10-04,924081.2137371001,False
2019-10-07,924081.2137371001,False
2019-10-08,924081.2137371001,False
2019-10-09,925548.8029658217,True
2019-10-10,925077.7635441291,False
2019-10-11,925077.7635441291,False
2019-10-14,925077.7635441291,False
2019-10-15,925077.7635441291,False
2019-10-16,925077.7635441291,False
2019-10-17,925077.7635441291,False
2019-10-18,925077.7635441291,False
2019-10-21,925077.7635441291,False
2019-10-22,925077.7635441291,False
2019-10-23,928453.2800921936,True
2019-10-24,929970.36061522,True
2019-10-25,927834.2245484832,False
2019-10-28,927834.2245484832,False
2019-10-29,927834.2245484832,False
2019-10-30,927834.2245484832,False
2019-10-31,927834.2245484832,False
2019-11-01,927834.2245484832,False
2019-11-04,927834.2245484832,False
2019-11-05,927834.2245484832,False
2019-11-06,927834.2245484832,False
2019-11-07,927834.2245484832,False
2019-11-08,927834.2245484832,False
2019-11-11,927834.2245484832,False
2019-11-12,927834.2245484832,False
2019-11-13,927834.2245484832,False
2019-11-14,927834.2245484832,False
2019-11-15,927834.2245484832,False
2019-11-18,927834.2245484832,False
2019-11-19,927834.2245484832,False
2019-11-20,927834.2245484832,False
2019-11-21,927834.2245484832,False
2019-11-22,927834.2245484832,False
2019-11-25,927834.2245484832,False
2019-11-26,927834.2245484832,False
2019-11-27,927834.2245484832,False
2019-11-29,927834.2245484832,False
2019-12-02,927834.2245484832,False
2019-12-03,927834.2245484832,False
2019-12-04,927834.2245484832,False
2019-12-05,927834.2245484832,False
2019-12-06,927834.2245484832,False
2019-12-09,927834.2245484832,False
2019-12-10,926791.4577899087,True
2019-12-11,929422.2886432022,True
2019-12-12,929265.958170722,False
2019-12-13,929265.958170722,False
2019-12-16,929265.958170722,False
2019-12-17,929265.958170722,False
2019-12-18,929265.958170722,False
2019-12-19,929265.958170722,False
2019-12-20,929862.9282571861,True
2019-12-23,931283.5400953242,True
2019-12-24,931821.9403851471,False
2019-12-26,931821.9403851471,False
2019-12-27,931821.9403851471,False
2019-12-30,931821.9403851471,False
2019-12-31,931821.9403851471,False
2020-01-02,931821.9403851471,False
2020-01-03,931821.9403851471,False
2020-01-06,931821.9403851471,False
2020-01-07,931821.9403851471,False
2020-01-08,931821.9403851471,False
2020-01-09,931821.9403851471,False
2020-01-10,931821.9403851471,False
2020-01-13,931821.9403851471,False
2020-01-14,931821.9403851471,False
2020-01-15,931821.9403851471,False
2020-01-16,931821.9403851471,False
2020-01-17,931821.9403851471,False
2020-01-21,931821.9403851471,False
2020-01-22,931821.9403851471,False
2020-01-23,931821.9403851471,False
2020-01-24,931821.9403851471,False
2020-01-27,931821.9403851471,False
2020-01-28,936880.4701266746,True
2020-01-29,940962.6425355361,False
2020-01-30,940962.6425355361,False
2020-01-31,940962.6425355361,False
2020-02-03,940962.6425355361,False
2020-02-04,940962.6425355361,False
2020-02-05,940962.6425355361,False
2020-02-06,940962.6425355361,False
2020-02-07,940962.6425355361,False
2020-02-10,940962.6425355361,False
2020-02-11,940962.6425355361,False
2020-02-12,940962.6425355361,False
2020-02-13,940962.6425355361,False
2020-02-14,940962.6425355361,False
2020-02-18,940962.6425355361,False
2020-02-19,940962.6425355361,False
2020-02-20,940962.6425355361,False
2020-02-21,940962.6425355361,False
2020-02-24,940962.6425355361,False
2020-02-25,907986.4899673499,True
2020-02-26,904646.702782119,True
2020-02-27,864017.4656330922,True
2020-02-28,860387.2621708848,True
2020-03-02,897647.6705069828,True
2020-03-03,898658.6095671386,False
2020-03-04,898658.6095671386,False
2020-03-05,898658.6095671386,False
2020-03-06,898658.6095671386,False
2020-03-09,898658.6095671386,False
2020-03-10,910410.6531537782,True
2020-03-11,885864.9188204615,False
2020-03-12,885864.9188204615,False
2020-03-13,906660.9648792302,True
2020-03-16,811765.7723573104,False
2020-03-17,837305.5524869892,True
2020-03-18,782333.3626886716,False
2020-03-19,782333.3626886716,False
2020-03-20,782333.3626886716,False
2020-03-23,764215.5481933953,True
2020-03-24,833455.9791129135,True
2020-03-25,839183.8286335927,False
2020-03-26,839183.8286335927,False
2020-03-27,839183.8286335927,False
2020-03-30,839183.8286335927,False
2020-03-31,839183.8286335927,False
2020-04-01,839183.8286335927,False
2020-04-02,839183.8286335927,False
2020-04-03,839183.8286335927,False
2020-04-06,839183.8286335927,False
2020-04-07,839183.8286335927,False
2020-04-08,839183.8286335927,False
2020-04-09,839183.8286335927,False
2020-04-13,839183.8286335927,False
2020-04-14,839183.8286335927,False
2020-04-15,839183.8286335927,False
2020-04-16,839183.8286335927,False
2020-04-17,839183.8286335927,False
2020-04-20,839183.8286335927,False
2020-04-21,827828.3365843948,True
2020-04-22,846201.6141983029,True
2020-04-23,850245.8636629474,False
2020-04-24,850245.8636629474,False
2020-04-27,850245.8636629474,False
2020-04-28,850245.8636629474,False
2020-04-29,850245.8636629474,False
2020-04-30,850245.8636629474,False
2020-05-01,850245.8636629474,False
2020-05-04,850245.8636629474,False
2020-05-05,850245.8636629474,False
2020-05-06,850245.8636629474,False
2020-05-07,849869.0533259352,True
2020-05-08,863931.1247032691,True
2020-05-11,857555.7242299202,False
2020-05-12,857555.7242299202,False
2020-05-13,844016.654066745,True
2020-05-14,854117.2795078136,True
2020-05-15,846155.2472027877,False
2020-05-18,846155.2472027877,False
2020-05-19,846155.2472027877,False
2020-05-20,849160.4280452939,True
2020-05-21,848590.3040274641,False
2020-05-22,848590.3040274641,False
2020-05-26,848590.3040274641,False
2020-05-27,848590.3040274641,False
2020-05-28,848590.3040274641,False
2020-05-29,848590.3040274641,False
2020-06-01,848590.3040274641,False
2020-06-02,848590.3040274641,False
2020-06-03,848590.3040274641,False
2020-06-04,848590.3040274641,False
2020-06-05,848590.3040274641,False
2020-06-08,848590.3040274641,False
2020-06-09,848590.3040274641,False
2020-06-10,848590.3040274641,False
2020-06-11,848590.3040274641,False
2020-06-12,837328.1753855394,True
2020-06-15,845145.1834329242,True
2020-06-16,868174.8157919723,False
2020-06-17,868174.8157919723,False
2020-06-18,868174.8157919723,False
2020-06-19,868174.8157919723,False
2020-06-22,868174.8157919723,False
2020-06-23,868174.8157919723,False
2020-06-24,868174.8157919723,False
2020-06-25,868174.8157919723,False
2020-06-26,868174.8157919723,False
2020-06-29,876784.612607434,True
2020-06-30,875256.0192986159,False
2020-07-01,875256.0192986159,False
2020-07-02,875256.0192986159,False
2020-07-06,875256.0192986159,False
2020-07-07,875256.0192986159,False
2020-07-08,879447.924603555,True
2020-07-09,881107.4437829846,False
2020-07-10,881107.4437829846,False
2020-07-13,881107.4437829846,False
2020-07-14,881107.4437829846,False
2020-07-15,881107.4437829846,False
2020-07-16,881107.4437829846,False
2020-07-17,881107.4437829846,False
2020-07-20,881107.4437829846,False
2020-07-21,881107.4437829846,False
2020-07-22,881107.4437829846,False
2020-07-23,881107.4437829846,False
2020-07-24,881107.4437829846,False
2020-07-27,881107.4437829846,False
2020-07-28,881107.4437829846,False
2020-07-29,881107.4437829846,False
2020-07-30,881107.4437829846,False
2020-07-31,881107.4437829846,False
2020-08-03,881107.4437829846,False
2020-08-04,881107.4437829846,False
2020-08-05,881107.4437829846,False
2020-08-06,881107.4437829846,False
2020-08-07,881107.4437829846,False
2020-08-10,881107.4437829846,False
2020-08-11,881107.4437829846,False
2020-08-12,881107.4437829846,False
2020-08-13,881107.4437829846,False
2020-08-14,881107.4437829846,False
2020-08-17,881107.4437829846,False
2020-08-18,881107.4437829846,False
2020-08-19,881107.4437829846,False
2020-08-20,881107.4437829846,False
2020-08-21,881107.4437829846,False
2020-08-24,881107.4437829846,False
2020-08-25,881107.4437829846,False
2020-08-26,881107.4437829846,False
2020-08-27,881107.4437829846,False
2020-08-28,881107.4437829846,False
2020-08-31,881107.4437829846,False
2020-09-01,881107.4437829846,False
2020-09-02,881107.4437829846,False
2020-09-03,881107.4437829846,False
2020-09-04,881107.4437829846,False
2020-09-08,881107.4437829846,False
2020-09-09,886777.1648544543,True
2020-09-10,891896.603362228,False
2020-09-11,891896.603362228,False
2020-09-14,891896.603362228,False
2020-09-15,891896.603362228,False
2020-09-16,891896.603362228,False
2020-09-17,894233.2816085059,True
2020-09-18,883938.8493020927,True
2020-09-21,874100.9694731749,True
2020-09-22,883003.1813835815,True
2020-09-23,884430.2620928948,False
2020-09-24,890529.7882800983,True
2020-09-25,904926.9159236993,True
2020-09-28,917103.5164868138,False
2020-09-29,917103.5164868138,False
2020-09-30,917103.5164868138,False
2020-10-01,917103.5164868138,False
2020-10-02,917103.5164868138,False
2020-10-05,917103.5164868138,False
2020-10-06,917103.5164868138,False
2020-10-07,924079.3337784789,True
2020-10-08,929561.0854150556,False
2020-10-09,929561.0854150556,False
2020-10-12,929561.0854150556,False
2020-10-13,929561.0854150556,False
2020-10-14,929561.0854150556,False
2020-10-15,929561.0854150556,False
2020-10-16,929561.0854150556,False
2020-10-19,929561.0854150556,False
2020-10-20,929158.7367899442,True
2020-10-21,927399.8889277698,True
2020-10-22,932487.018129136,True
2020-10-23,935652.9442810498,True
2020-10-26,925591.1817875823,False
2020-10-27,925591.1817875823,False
2020-10-28,925591.1817875823,False
2020-10-29,934096.5558265374,True
2020-10-30,924358.716708884,True
2020-11-02,934719.3246073176,True
2020-11-03,944409.7823438224,False
2020-11-04,944409.7823438224,False
2020-11-05,944409.7823438224,False
2020-11-06,944409.7823438224,False
2020-11-09,944409.7823438224,False
2020-11-10,944409.7823438224,False
2020-11-11,944409.7823438224,False
2020-11-12,944409.7823438224,False
2020-11-13,944409.7823438224,False
2020-11-16,944409.7823438224,False
2020-11-17,944409.7823438224,False
2020-11-18,944409.7823438224,False
2020-11-19,950009.4692168786,True
2020-11-20,943504.0099972986,True
2020-11-23,949159.7765841172,True
2020-11-24,964454.2439738238,True
2020-11-25,964022.4248672754,False
2020-11-27,964022.4248672754,False
2020-11-30,964022.4248672754,False
2020-12-01,964022.4248672754,False
2020-12-02,964022.4248672754,False
2020-12-03,964022.4248672754,False
2020-12-04,964022.4248672754,False
2020-12-07,964022.4248672754,False
2020-12-08,964022.4248672754,False
2020-12-09,964022.4248672754,False
2020-12-10,964022.4248672754,False
2020-12-11,964022.4248672754,False
2020-12-14,964022.4248672754,False
2020-12-15,964022.4248672754,False
2020-12-16,964022.4248672754,False
2020-12-17,964022.4248672754,False
2020-12-18,964022.4248672754,False
2020-12-21,964022.4248672754,False
2020-12-22,964022.4248672754,False
2020-12-23,964022.4248672754,False
2020-12-24,964022.4248672754,False
2020-12-28,964022.4248672754,False
2020-12-29,964022.4248672754,False
2020-12-30,964022.4248672754,False
2020-12-31,964022.4248672754,False
2021-01-04,964022.4248672754,False
2021-01-05,964022.4248672754,False
2021-01-06,964022.4248672754,False
2021-01-07,964022.4248672754,False
2021-01-08,964022.4248672754,False
2021-01-11,964022.4248672754,False
2021-01-12,964022.4248672754,False
2021-01-13,964022.4248672754,False
2021-01-14,964022.4248672754,False
2021-01-15,964022.4248672754,False
2021-01-19,964022.4248672754,False
2021-01-20,964022.4248672754,False
2021-01-21,964022.4248672754,False
2021-01-22,964022.4248672754,False
2021-01-25,964022.4248672754,False
2021-01-26,964022.4248672754,False
2021-01-27,964022.4248672754,False
2021-01-28,964022.4248672754,False
2021-01-29,964022.4248672754,False
2021-02-01,964022.4248672754,False
2021-02-02,964022.4248672754,False
2021-02-03,964022.4248672754,False
2021-02-04,964022.4248672754,False
2021-02-05,964022.4248672754,False
2021-02-08,964022.4248672754,False
2021-02-09,964022.4248672754,False
2021-02-10,964022.4248672754,False
2021-02-11,964022.4248672754,False
2021-02-12,964022.4248672754,False
2021-02-16,964022.4248672754,False
2021-02-17,964022.4248672754,False
2021-02-18,964022.4248672754,False
2021-02-19,964022.4248672754,False
2021-02-22,964022.4248672754,False
2021-02-23,970945.7516703106,True
2021-02-24,967820.5190924968,False
2021-02-25,967820.5190924968,False
2021-02-26,967820.5190924968,False
2021-03-01,967820.5190924968,False
2021-03-02,967820.5190924968,False
2021-03-03,967820.5190924968,False
2021-03-04,956154.1590798979,True
2021-03-05,973744.1466626526,True
2021-03-08,976163.2598351665,False
2021-03-09,976163.2598351665,False
2021-03-10,976163.2598351665,False
2021-03-11,976163.2598351665,False
2021-03-12,976163.2598351665,False
2021-03-15,976163.2598351665,False
2021-03-16,976163.2598351665,False
2021-03-17,976163.2598351665,False
2021-03-18,976163.2598351665,False
2021-03-19,974966.76524088,True
2021-03-22,982751.8803684837,True
2021-03-23,980853.4587669718,False
2021-03-24,980853.4587669718,False
2021-03-25,990108.7114601766,True
2021-03-26,1006064.2739645902,True
2021-03-29,1001849.5663965453,False
2021-03-30,1001849.5663965453,False
2021-03-31,1001849.5663965453,False
2021-04-01,1001849.5663965453,False
2021-04-05,1001849.5663965453,False
2021-04-06,1001849.5663965453,False
2021-04-07,1001849.5663965453,False
2021-04-08,1001849.5663965453,False
2021-04-09,1001849.5663965453,False
2021-04-12,1001849.5663965453,False
2021-04-13,1001849.5663965453,False
2021-04-14,1001849.5663965453,False
2021-04-15,1001849.5663965453,False
2021-04-16,1001849.5663965453,False
2021-04-19,1001849.5663965453,False
2021-04-20,1001849.5663965453,False
2021-04-21,1001849.5663965453,False
2021-04-22,1001849.5663965453,False
2021-04-23,1001849.5663965453,False
2021-04-26,1001849.5663965453,False
2021-04-27,1001849.5663965453,False
2021-04-28,1001849.5663965453,False
2021-04-29,1001849.5663965453,False
2021-04-30,1001849.5663965453,False
2021-05-03,1001849.5663965453,False
2021-05-04,1001849.5663965453,False
2021-05-05,1001849.5663965453,False
2021-05-06,1001849.5663965453,False
2021-05-07,1001849.5663965453,False
2021-05-10,1001849.5663965453,False
2021-05-11,1004340.6687752574,True
2021-05-12,983003.1880644532,True
2021-05-13,994811.5438669096,True
2021-05-14,1001715.571867109,False
2021-05-17,1001715.571867109,False
2021-05-18,1001715.571867109,False
2021-05-19,1011212.4332661247,True
2021-05-20,1022090.9781598506,True
2021-05-21,1025799.1000103157,False
2021-05-24,1025799.1000103157,False
2021-05-25,1025799.1000103157,False
2021-05-26,1025799.1000103157,False
2021-05-27,1025799.1000103157,False
2021-05-28,1025799.1000103157,False
2021-06-01,1025799.1000103157,False
2021-06-02,1025799.1000103157,False
2021-06-03,1025799.1000103157,False
2021-06-04,1025799.1000103157,False
2021-06-07,1025799.1000103157,False
2021-06-08,1025799.1000103157,False
2021-06-09,1025799.1000103157,False
2021-06-10,1025799.1000103157,False
2021-06-11,1025799.1000103157,False
2021-06-14,1025799.1000103157,False
2021-06-15,1025799.1000103157,False
2021-06-16,1025799.1000103157,False
2021-06-17,1025799.1000103157,False
2021-06-18,1025799.1000103157,False
2021-06-21,1035584.1721059374,True
2021-06-22,1035352.4538112856,False
2021-06-23,1035352.4538112856,False
2021-06-24,1035352.4538112856,False
2021-06-25,1035352.4538112856,False
2021-06-28,1035352.4538112856,False
2021-06-29,1035352.4538112856,False
2021-06-30,1035352.4538112856,False
2021-07-01,1035352.4538112856,False
2021-07-02,1035352.4538112856,False
2021-07-06,1035352.4538112856,False
2021-07-07,1035352.4538112856,False
2021-07-08,1035352.4538112856,False
2021-07-09,1035352.4538112856,False
2021-07-12,1035352.4538112856,False
2021-07-13,1035352.4538112856,False
2021-07-14,1035352.4538112856,False
2021-07-15,1035352.4538112856,False
2021-07-16,1035352.4538112856,False
2021-07-19,1032182.2453505546,True
2021-07-20,1046973.8538739441,True
2021-07-21,1049872.7468302888,False
2021-07-22,1049872.7468302888,False
2021-07-23,1049872.7468302888,False
2021-07-26,1049872.7468302888,False
2021-07-27,1049872.7468302888,False
2021-07-28,1049872.7468302888,False
2021-07-29,1049872.7468302888,False
2021-07-30,1049872.7468302888,False
2021-08-02,1049872.7468302888,False
2021-08-03,1049872.7468302888,False
2021-08-04,1049872.7468302888,False
2021-08-05,1049872.7468302888,False
2021-08-06,1049872.7468302888,False
2021-08-09,1049872.7468302888,False
2021-08-10,1049872.7468302888,False
2021-08-11,1049872.7468302888,False
2021-08-12,1049872.7468302888,False
2021-08-13,1049872.7468302888,False
2021-08-16,1049872.7468302888,False
2021-08-17,1049872.7468302888,False
2021-08-18,1049872.7468302888,False
2021-08-19,1058300.3311794857,True
2021-08-20,1066721.3086703422,True
2021-08-23,1070837.8866747925,False
2021-08-24,1070837.8866747925,False
2021-08-25,1070837.8866747925,False
2021-08-26,1070837.8866747925,False
2021-08-27,1078118.5113740477,True
2021-08-30,1079626.5746881498,False
2021-08-31,1079626.5746881498,False
2021-09-01,1079626.5746881498,False
2021-09-02,1079626.5746881498,False
2021-09-03,1079626.5746881498,False
2021-09-07,1079626.5746881498,False
2021-09-08,1079626.5746881498,False
2021-09-09,1079626.5746881498,False
2021-09-10,1066008.9989564375,True
2021-09-13,1068737.2008664822,True
2021-09-14,1062969.686302265,True
2021-09-15,1071848.3083077613,True
2021-09-16,1070294.0373206516,False
2021-09-17,1070294.0373206516,False
2021-09-20,1068013.0897078854,True
2021-09-21,1067004.2302323065,True
2021-09-22,1077412.7072608394,True
2021-09-23,1090503.2741146914,True
2021-09-24,1086004.5285710646,False
2021-09-27,1086004.5285710646,False
2021-09-28,1086004.5285710646,False
2021-09-29,1083941.0909557305,True
2021-09-30,1070692.7834566515,True
2021-10-01,1083417.1465913604,True
2021-10-04,1080107.315192438,False
2021-10-05,1080107.315192438,False
2021-10-06,1080107.315192438,False
2021-10-07,1080107.315192438,False
2021-10-08,1080107.315192438,False
2021-10-11,1080107.315192438,False
2021-10-12,1074810.020238808,True
2021-10-13,1078676.7783024872,True
2021-10-14,1088126.0047269927,False
2021-10-15,1088126.0047269927,False
2021-10-18,1088126.0047269927,False
2021-10-19,1088126.0047269927,False
2021-10-20,1088126.0047269927,False
2021-10-21,1088126.0047269927,False
2021-10-22,1088126.0047269927,False
2021-10-25,1088126.0047269927,False
2021-10-26,1088126.0047269927,False
2021-10-27,1088126.0047269927,False
2021-10-28,1094739.798113524,True
2021-10-29,1088669.968492885,False
2021-11-01,1088669.968492885,False
2021-11-02,1088669.968492885,False
2021-11-03,1088669.968492885,False
2021-11-04,1088669.968492885,False
2021-11-05,1088669.968492885,False
2021-11-08,1088669.968492885,False
2021-11-09,1088669.968492885,False
2021-11-10,1088669.968492885,False
2021-11-11,1088669.968492885,False
2021-11-12,1088669.968492885,False
2021-11-15,1088669.968492885,False
2021-11-16,1088669.968492885,False
2021-11-17,1088669.968492885,False
2021-11-18,1088669.968492885,False
2021-11-19,1088669.968492885,False
2021-11-22,1088669.968492885,False
2021-11-23,1090712.024430189,True
2021-11-24,1093624.0687509514,True
2021-11-26,1076868.2402776193,False
2021-11-29,1076868.2402776193,False
2021-11-30,1076868.2402776193,False
2021-12-01,1050671.813139901,True
2021-12-02,1066764.2338073046,True
2021-12-03,1057481.938987556,True
2021-12-06,1070006.0402895787,True
2021-12-07,1082896.5776713728,False
2021-12-08,1082896.5776713728,False
2021-12-09,1082896.5776713728,False
2021-12-10,1086164.1472464667,True
2021-12-13,1084678.1231459775,False
2021-12-14,1085093.5151908488,True
2021-12-15,1102048.101365706,True
2021-12-16,1106440.1026097306,False
2021-12-17,1106440.1026097306,False
2021-12-20,1106440.1026097306,False
2021-12-21,1106440.1026097306,False
2021-12-22,1106440.1026097306,False
2021-12-23,1106440.1026097306,False
2021-12-27,1106440.1026097306,False
2021-12-28,1106440.1026097306,False
2021-12-29,1106440.1026097306,False
2021-12-30,1106440.1026097306,False
2021-12-31,1106440.1026097306,False
2022-01-03,1109493.6196839875,True
2022-01-04,1112778.032945669,False
2022-01-05,1112778.032945669,False
2022-01-06,1112674.412555127,True
2022-01-07,1108275.4561435634,True
2022-01-10,1106896.3238631815,True
2022-01-11,1106009.2897585826,False
2022-01-12,1106009.2897585826,False
2022-01-13,1106009.2897585826,False
2022-01-14,1106009.2897585826,False
2022-01-18,1106009.2897585826,False
2022-01-19,1106009.2897585826,False
2022-01-20,1088729.1416640016,True
2022-01-21,1067356.6636060425,True
2022-01-24,1071889.4810732948,True
2022-01-25,1058802.7983855822,True
2022-01-26,1056146.4698698267,True
2022-01-27,1050931.292783848,True
2022-01-28,1077031.5482001242,True
2022-01-31,1075086.2189110925,False
2022-02-01,1075086.2189110925,False
2022-02-02,1075086.2189110925,False
2022-02-03,1075086.2189110925,False
2022-02-04,1080530.3628988713,True
2022-02-07,1077062.6478942481,True
2022-02-08,1085924.5862393961,True
2022-02-09,1096012.159555303,False
2022-02-10,1096012.159555303,False
2022-02-11,1096012.159555303,False
2022-02-14,1093551.1985799992,True
2022-02-15,1111186.7105975528,True
2022-02-16,1105560.3196868068,False
2022-02-17,1105560.3196868068,False
2022-02-18,1097504.089188798,True
2022-02-22,1085726.070499118,True
2022-02-23,1066466.7352168513,True
2022-02-24,1082516.181285407,True
2022-02-25,1085610.0039381164,False
2022-02-28,1085610.0039381164,False
2022-03-01,1085610.0039381164,False
2022-03-02,1085610.0039381164,False
2022-03-03,1085610.0039381164,False
2022-03-04,1085610.0039381164,False
2022-03-07,1085610.0039381164,False
2022-03-08,1076676.0525670971,True
2022-03-09,1105542.6105170043,True
2022-03-10,1092675.513027036,False
2022-03-11,1092675.513027036,False
2022-03-14,1082360.1844108216,True
2022-03-15,1106161.7261159709,True
2022-03-16,1115594.1499099107,False
2022-03-17,1115594.1499099107,False
2022-03-18,1115594.1499099107,False
2022-03-21,1115594.1499099107,False
2022-03-22,1115594.1499099107,False
2022-03-23,1115594.1499099107,False
2022-03-24,1126751.3923167642,True
2022-03-25,1128201.489768918,False
2022-03-28,1128201.489768918,False
2022-03-29,1128201.489768918,False
2022-03-30,1128201.489768918,False
2022-03-31,1128201.489768918,False
2022-04-01,1127005.4536138687,True
2022-04-04,1136660.097171278,True
2022-04-05,1132502.0213494357,False
2022-04-06,1132502.0213494357,False
2022-04-07,1132502.0213494357,False
2022-04-08,1132502.0213494357,False
2022-04-11,1132502.0213494357,False
2022-04-12,1120034.887437165,True
2022-04-13,1132863.3232557657,True
2022-04-14,1133249.9396013827,False
2022-04-18,1136032.2108038217,True
2022-04-19,1154370.7904562706,True
2022-04-20,1159015.3950026566,False
2022-04-21,1159015.3950026566,False
2022-04-22,1129953.9521885095,True
2022-04-25,1136504.9480149709,True
2022-04-26,1103590.8353808066,True
2022-04-27,1106693.938667025,True
2022-04-28,1134648.3904933017,True
2022-04-29,1123231.3096624946,False
2022-05-02,1129574.6365054913,True
2022-05-03,1134752.6711738962,True
2022-05-04,1136433.0360833614,False
2022-05-05,1136433.0360833614,False
2022-05-06,1136433.0360833614,False
2022-05-09,1136433.0360833614,False
2022-05-10,1121037.2832365928,True
2022-05-11,1103228.3269216763,True
2022-05-12,1102076.6436268631,True
2022-05-13,1128424.9102252726,True
2022-05-16,1123312.5712256948,False
2022-05-17,1123312.5712256948,False
2022-05-18,1123312.5712256948,False
2022-05-19,1125515.5020911805,True
2022-05-20,1126006.7916596998,True
2022-05-23,1147074.44433326,True
2022-05-24,1134247.4170076868,False
2022-05-25,1134247.4170076868,False
2022-05-26,1134247.4170076868,False
2022-05-27,1134247.4170076868,False
2022-05-31,1134247.4170076868,False
2022-06-01,1134247.4170076868,False
2022-06-02,1134247.4170076868,False
2022-06-03,1134247.4170076868,False
2022-06-06,1134247.4170076868,False
2022-06-07,1134247.4170076868,False
2022-06-08,1134247.4170076868,False
2022-06-09,1134247.4170076868,False
2022-06-10,1119431.814481908,True
2022-06-13,1076929.0159843906,True
2022-06-14,1073683.869882891,True
2022-06-15,1088990.6209634158,True
2022-06-16,1063821.778982491,False
2022-06-17,1064627.5331908918,True
2022-06-21,1091428.002169977,True
2022-06-22,1078263.111299235,False
2022-06-23,1078263.111299235,False
2022-06-24,1078263.111299235,False
2022-06-27,1078263.111299235,False
2022-06-28,1078263.111299235,False
2022-06-29,1075530.74740756,True
2022-06-30,1066792.8023860285,True
2022-07-01,1078075.7799381034,True
2022-07-05,1062706.1135722948,False
2022-07-06,1062706.1135722948,False
2022-07-07,1062706.1135722948,False
2022-07-08,1062706.1135722948,False
2022-07-11,1062706.1135722948,False
2022-07-12,1062706.1135722948,False
2022-07-13,1062706.1135722948,False
2022-07-14,1062706.1135722948,False
2022-07-15,1062706.1135722948,False
2022-07-18,1062706.1135722948,False
2022-07-19,1062706.1135722948,False
2022-07-20,1062706.1135722948,False
2022-07-21,1062706.1135722948,False
2022-07-22,1062706.1135722948,False
2022-07-25,1062706.1135722948,False
2022-07-26,1062706.1135722948,False
2022-07-27,1062706.1135722948,False
2022-07-28,1062706.1135722948,False
2022-07-29,1062706.1135722948,False
2022-08-01,1062706.1135722948,False
2022-08-02,1062706.1135722948,False
2022-08-03,1062706.1135722948,False
2022-08-04,1062706.1135722948,False
2022-08-05,1062706.1135722948,False
2022-08-08,1062706.1135722948,False
2022-08-09,1062706.1135722948,False
2022-08-10,1062706.1135722948,False
2022-08-11,1062706.1135722948,False
2022-08-12,1062706.1135722948,False
2022-08-15,1062706.1135722948,False
2022-08-16,1062706.1135722948,False
2022-08-17,1062706.1135722948,False
2022-08-18,1062706.1135722948,False
2022-08-19,1062706.1135722948,False
2022-08-22,1062706.1135722948,False
2022-08-23,1061078.3290945003,True
2022-08-24,1064475.0149060797,True
2022-08-25,1079502.7763754912,True
2022-08-26,1078978.1479589054,False
2022-08-29,1079915.7217604069,True
2022-08-30,1068060.600457521,True
2022-08-31,1059933.67341052,True
2022-09-01,1063259.5445452663,True
2022-09-02,1052048.140236202,True
2022-09-06,1048078.5521076338,True
2022-09-07,1066907.2741769233,True
2022-09-08,1060284.826394958,False
2022-09-09,1060284.826394958,False
2022-09-12,1060284.826394958,False
2022-09-13,1060284.826394958,False
2022-09-14,1060422.1653082378,True
2022-09-15,1044092.8463896392,True
2022-09-16,1036128.6620786724,True
2022-09-19,1044163.7920185397,True
2022-09-20,1034578.0378656749,False
2022-09-21,1034578.0378656749,False
2022-09-22,1027888.8333281693,True
2022-09-23,1010666.710018438,True
2022-09-26,1000668.5395483548,True
2022-09-27,998114.0619282512,True
2022-09-28,1017753.3253516288,True
2022-09-29,1007333.90778824,False
2022-09-30,1007333.90778824,False
2022-10-03,1022556.8820384775,True
2022-10-04,1038498.7393539586,False
2022-10-05,1038498.7393539586,False
2022-10-06,1038498.7393539586,False
2022-10-07,1038498.7393539586,False
2022-10-10,1038498.7393539586,False
2022-10-11,1038498.7393539586,False
2022-10-12,1038498.7393539586,False
2022-10-13,1038498.7393539586,False
2022-10-14,1038498.7393539586,False
2022-10-17,1038498.7393539586,False
2022-10-18,1038498.7393539586,False
2022-10-19,1038498.7393539586,False
2022-10-20,1038498.7393539586,False
2022-10-21,1064367.793489925,True
2022-10-24,1068703.9270430654,False
2022-10-25,1068703.9270430654,False
2022-10-26,1068703.9270430654,False
2022-10-27,1068703.9270430654,False
2022-10-28,1094227.153722369,True
2022-10-31,1086752.790746531,False
2022-11-01,1086752.790746531,False
2022-11-02,1086752.790746531,False
2022-11-03,1085204.608210498,True
2022-11-04,1100824.1133662732,True
2022-11-07,1104581.1542564183,False
2022-11-08,1104581.1542564183,False
2022-11-09,1104581.1542564183,False
2022-11-10,1123257.2085594884,True
2022-11-11,1125593.3752317545,False
2022-11-14,1125593.3752317545,False
2022-11-15,1125593.3752317545,False
2022-11-16,1125593.3752317545,False
2022-11-17,1125593.3752317545,False
2022-11-18,1125593.3752317545,False
2022-11-21,1125593.3752317545,False
2022-11-22,1125593.3752317545,False
2022-11-23,1125593.3752317545,False
2022-11-25,1125593.3752317545,False
2022-11-28,1125593.3752317545,False
2022-11-29,1125593.3752317545,False
2022-11-30,1125593.3752317545,False
2022-12-01,1125593.3752317545,False
2022-12-02,1125593.3752317545,False
2022-12-05,1125593.3752317545,False
2022-12-06,1125593.3752317545,False
2022-12-07,1125593.3752317545,False
2022-12-08,1125593.3752317545,False
2022-12-09,1125593.3752317545,False
2022-12-12,1139188.7643346428,True
2022-12-13,1171135.6092301696,False
2022-12-14,1171135.6092301696,False
2022-12-15,1171135.6092301696,False
2022-12-16,1165095.255910257,True
2022-12-19,1155215.6421087377,True
2022-12-20,1156796.3803169809,True
2022-12-21,1174093.304172564,True
2022-12-22,1164193.5967565128,False
2022-12-23,1164193.5967565128,False
2022-12-27,1164193.5967565128,False
2022-12-28,1164193.5967565128,False
2022-12-29,1175642.4173909714,True
2022-12-30,1166824.093599385,False
2023-01-03,1166824.093599385,False
2023-01-04,1166824.093599385,False
2023-01-05,1166824.093599385,False
2023-01-06,1183268.989661594,True
2023-01-09,1190013.226528287,False
2023-01-10,1190013.226528287,False
2023-01-11,1190013.226528287,False
2023-01-12,1190013.226528287,False
2023-01-13,1190013.226528287,False
2023-01-17,1190013.226528287,False
2023-01-18,1190013.226528287,False
2023-01-19,1187575.1528293923,True
2023-01-20,1209698.5680889767,True
2023-01-23,1212022.920099708,False
2023-01-24,1212022.920099708,False
2023-01-25,1212022.920099708,False
2023-01-26,1212022.920099708,False
2023-01-27,1212022.920099708,False
2023-01-30,1212022.920099708,False
2023-01-31,1227942.4716411126,True
2023-02-01,1223864.1057783696,False
2023-02-02,1223864.1057783696,False
2023-02-03,1223864.1057783696,False
2023-02-06,1223864.1057783696,False
2023-02-07,1223864.1057783696,False
2023-02-08,1223864.1057783696,False
2023-02-09,1223864.1057783696,False
2023-02-10,1223864.1057783696,False
2023-02-13,1223864.1057783696,False
2023-02-14,1223864.1057783696,False
2023-02-15,1223864.1057783696,False
2023-02-16,1223864.1057783696,False
2023-02-17,1227235.4565172736,True
2023-02-21,1202616.0151782122,True
2023-02-22,1200958.647646207,True
2023-02-23,1207347.0461332095,True
2023-02-24,1191318.5422757382,False
2023-02-27,1191318.5422757382,False
2023-02-28,1191318.5422757382,False
2023-03-01,1189062.1076056024,True
2023-03-02,1198309.76598922,True
2023-03-03,1203792.2658662135,False
2023-03-06,1203792.2658662135,False
2023-03-07,1203792.2658662135,False
2023-03-08,1205152.7059967406,True
2023-03-09,1182917.8621279548,True
2023-03-10,1165848.9942123787,True
2023-03-13,1164187.422999358,True
2023-03-14,1183431.4386847066,True
2023-03-15,1165555.415726308,False
2023-03-16,1165555.415726308,False
2023-03-17,1165555.415726308,False
2023-03-20,1165555.415726308,False
2023-03-21,1165555.415726308,False
2023-03-22,1165555.415726308,False
2023-03-23,1159659.2898917813,True
2023-03-24,1167269.0286000266,True
2023-03-27,1169451.6668341744,True
2023-03-28,1167094.5532188066,False
2023-03-29,1167094.5532188066,False
2023-03-30,1167094.5532188066,False
2023-03-31,1167094.5532188066,False
2023-04-03,1167094.5532188066,False
2023-04-04,1167094.5532188066,False
2023-04-05,1167094.5532188066,False
2023-04-06,1167094.5532188066,False
2023-04-10,1167094.5532188066,False
2023-04-11,1167094.5532188066,False
2023-04-12,1167094.5532188066,False
2023-04-13,1167094.5532188066,False
2023-04-14,1167094.5532188066,False
2023-04-17,1167094.5532188066,False
2023-04-18,1167094.5532188066,False
2023-04-19,1167094.5532188066,False
2023-04-20,1167094.5532188066,False
2023-04-21,1167094.5532188066,False
2023-04-24,1167094.5532188066,False
2023-04-25,1167094.5532188066,False
2023-04-26,1160090.448323486,True
2023-04-27,1183185.532181939,True
2023-04-28,1180309.984807882,False
2023-05-01,1180309.984807882,False
2023-05-02,1180309.984807882,False
2023-05-03,1180309.984807882,False
2023-05-04,1174854.0718839183,True
2023-05-05,1196603.647425422,True
2023-05-08,1197350.1102576668,False
2023-05-09,1197350.1102576668,False
2023-05-10,1194131.5057271665,True
2023-05-11,1191290.0309786834,False
2023-05-12,1191290.0309786834,False
2023-05-15,1191290.0309786834,False
2023-05-16,1191290.0309786834,False
2023-05-17,1199370.5528647604,True
2023-05-18,1198177.681321466,False
2023-05-19,1198177.681321466,False
2023-05-22,1198177.681321466,False
2023-05-23,1198177.681321466,False
2023-05-24,1194074.9016542686,True
2023-05-25,1204415.475859161,True
2023-05-26,1206149.3635901788,False
2023-05-30,1206149.3635901788,False
2023-05-31,1206149.3635901788,False
2023-06-01,1206149.3635901788,False
2023-06-02,1206149.3635901788,False
2023-06-05,1206149.3635901788,False
2023-06-06,1206149.3635901788,False
2023-06-07,1206149.3635901788,False
2023-06-08,1206149.3635901788,False
2023-06-09,1206149.3635901788,False
2023-06-12,1206149.3635901788,False
2023-06-13,1206149.3635901788,False
2023-06-14,1206149.3635901788,False
2023-06-15,1206149.3635901788,False
2023-06-16,1206149.3635901788,False
2023-06-20,1206149.3635901788,False
2023-06-21,1206149.3635901788,False
2023-06-22,1206149.3635901788,False
2023-06-23,1206149.3635901788,False
2023-06-26,1206149.3635901788,False
2023-06-27,1216562.9044125911,True
2023-06-28,1213196.318926989,False
2023-06-29,1213196.318926989,False
2023-06-30,1213196.318926989,False
2023-07-03,1213196.318926989,False
2023-07-05,1213196.318926989,False
2023-07-06,1213196.318926989,False
2023-07-07,1213196.318926989,False
2023-07-10,1213196.318926989,False
2023-07-11,1213196.318926989,False
2023-07-12,1213196.318926989,False
2023-07-13,1213196.318926989,False
2023-07-14,1213196.318926989,False
2023-07-17,1213196.318926989,False
2023-07-18,1213196.318926989,False
2023-07-19,1213196.318926989,False
2023-07-20,1213196.318926989,False
2023-07-21,1213196.318926989,False
2023-07-24,1213196.318926989,False
2023-07-25,1213196.318926989,False
2023-07-26,1213196.318926989,False
2023-07-27,1213196.318926989,False
2023-07-28,1213196.318926989,False
2023-07-31,1213196.318926989,False
2023-08-01,1213196.318926989,False
2023-08-02,1213196.318926989,False
2023-08-03,1215119.523607085,True
2023-08-04,1209623.8177142895,True
2023-08-07,1220182.070414734,True
2023-08-08,1214875.8716216902,True
2023-08-09,1206754.138775194,True
2023-08-10,1207187.2978603407,True
2023-08-11,1206483.4143469776,True
2023-08-14,1213143.2352811045,True
2023-08-15,1207920.2734207597,False
2023-08-16,1207920.2734207597,False
2023-08-17,1194347.0769322952,True
2023-08-18,1194921.9534734853,True
2023-08-21,1202696.474316245,True
2023-08-22,1207491.941122441,False
2023-08-23,1207491.941122441,False
2023-08-24,1207491.941122441,False
2023-08-25,1210800.5802314517,True
2023-08-28,1218478.6801447314,True
2023-08-29,1217932.3241677482,False
2023-08-30,1217932.3241677482,False
2023-08-31,1217932.3241677482,False
2023-09-01,1217932.3241677482,False
2023-09-05,1217932.3241677482,False
2023-09-06,1211768.711579122,True
2023-09-07,1208048.2975796075,True
2023-09-08,1209867.770119516,True
2023-09-11,1217824.5679432952,True
2023-09-12,1213508.3717340336,False
2023-09-13,1213508.3717340336,False
2023-09-14,1213508.3717340336,False
2023-09-15,1213508.3717340336,False
2023-09-18,1214854.0136287587,True
2023-09-19,1212334.6490850209,True
2023-09-20,1201189.199418702,True
2023-09-21,1181335.5114381586,True
2023-09-22,1178679.224908348,True
2023-09-25,1183635.80080418,True
2023-09-26,1166246.7085729456,True
2023-09-27,1166712.2433255927,True
2023-09-28,1173476.1894375847,True
2023-09-29,1181865.854105254,False
2023-10-02,1181865.854105254,False
2023-10-03,1181865.854105254,False
2023-10-04,1181865.854105254,False
2023-10-05,1181865.854105254,False
2023-10-06,1181865.854105254,False
2023-10-09,1181865.854105254,False
2023-10-10,1181865.854105254,False
2023-10-11,1181865.854105254,False
2023-10-12,1181865.854105254,False
2023-10-13,1181865.854105254,False
2023-10-16,1181865.854105254,False
2023-10-17,1181865.854105254,False
2023-10-18,1181865.854105254,False
2023-10-19,1181865.854105254,False
2023-10-20,1168342.5066491277,True
2023-10-23,1166317.5534691997,True
2023-10-24,1175110.8433053254,True
2023-10-25,1170050.185726571,False
2023-10-26,1158861.0459478446,True
2023-10-27,1153608.1792506624,True
2023-10-30,1167400.4656052957,True
2023-10-31,1168823.9756261143,False
2023-11-01,1168823.9756261143,False
2023-11-02,1168823.9756261143,False
2023-11-03,1168823.9756261143,False
2023-11-06,1168823.9756261143,False
2023-11-07,1168823.9756261143,False
2023-11-08,1168823.9756261143,False
2023-11-09,1168823.9756261143,False
2023-11-10,1181000.3977016015,True
2023-11-13,1177066.0187502278,False
2023-11-14,1177066.0187502278,False
2023-11-15,1177066.0187502278,False
2023-11-16,1177066.0187502278,False
2023-11-17,1177066.0187502278,False
2023-11-20,1177066.0187502278,False
2023-11-21,1177066.0187502278,False
2023-11-22,1177066.0187502278,False
2023-11-24,1177066.0187502278,False
2023-11-27,1177066.0187502278,False
2023-11-28,1177066.0187502278,False
2023-11-29,1177066.0187502278,False
2023-11-30,1177066.0187502278,False
2023-12-01,1177066.0187502278,False
2023-12-04,1177066.0187502278,False
2023-12-05,1177066.0187502278,False
2023-12-06,1177066.0187502278,False
2023-12-07,1180230.4829177011,True
2023-12-08,1178011.599127487,False
2023-12-11,1178011.599127487,False
2023-12-12,1178011.599127487,False
2023-12-13,1178011.599127487,False
2023-12-14,1178011.599127487,False
2023-12-15,1178011.599127487,False
2023-12-18,1178011.599127487,False
2023-12-19,1178011.599127487,False
2023-12-20,1178011.599127487,False
2023-12-21,1181199.4482854286,True
2023-12-22,1183573.3418243986,True
2023-12-26,1184385.9280816235,False
2023-12-27,1184385.9280816235,False
2023-12-28,1184385.9280816235,False
2023-12-29,1184385.9280816235,False
2024-01-02,1184385.9280816235,False
2024-01-03,1184385.9280816235,False
2024-01-04,1184385.9280816235,False
2024-01-05,1185238.2854365688,True
2024-01-08,1202158.6815442715,True
2024-01-09,1195004.5607603947,False
2024-01-10,1195004.5607603947,False
2024-01-11,1195004.5607603947,False
2024-01-12,1195004.5607603947,False
2024-01-16,1195004.5607603947,False
2024-01-17,1195004.5607603947,False
2024-01-18,1195004.5607603947,False
2024-01-19,1195004.5607603947,False
2024-01-22,1195004.5607603947,False
2024-01-23,1195004.5607603947,False
2024-01-24,1195004.5607603947,False
2024-01-25,1195004.5607603947,False
2024-01-26,1195004.5607603947,False
2024-01-29,1195004.5607603947,False
2024-01-30,1195004.5607603947,False
2024-01-31,1195004.5607603947,False
2024-02-01,1206032.097181218,True
2024-02-02,1206900.060632679,False
2024-02-05,1206900.060632679,False
2024-02-06,1206900.060632679,False
2024-02-07,1206900.060632679,False
2024-02-08,1206900.060632679,False
2024-02-09,1206900.060632679,False
2024-02-12,1206900.060632679,False
2024-02-13,1206900.060632679,False
2024-02-14,1206900.060632679,False
2024-02-15,1206900.060632679,False
2024-02-16,1206900.060632679,False
2024-02-20,1206900.060632679,False
2024-02-21,1206900.060632679,False
2024-02-22,1206900.060632679,False
2024-02-23,1206900.060632679,False
2024-02-26,1206900.060632679,False
2024-02-27,1207206.45240702,True
2024-02-28,1205610.9099788489,True
2024-02-29,1209945.0700076118,True
2024-03-01,1211845.91828871,False
2024-03-04,1211845.91828871,False
2024-03-05,1211845.91828871,False
2024-03-06,1211845.91828871,False
2024-03-07,1211845.91828871,False
2024-03-08,1211845.91828871,False
2024-03-11,1211845.91828871,False
2024-03-12,1211845.91828871,False
2024-03-13,1211845.91828871,False
2024-03-14,1211845.91828871,False
2024-03-15,1211845.91828871,False
2024-03-18,1211845.91828871,False
2024-03-19,1211845.91828871,False
2024-03-20,1211845.91828871,False
2024-03-21,1211845.91828871,False
2024-03-22,1211845.91828871,False
2024-03-25,1211533.6704666046,True
2024-03-26,1209296.0031836757,True
2024-03-27,1219458.7420936443,True
2024-03-28,1219308.067834787,False
2024-04-01,1219308.067834787,False
2024-04-02,1219308.067834787,False
2024-04-03,1219308.067834787,False
2024-04-04,1219308.067834787,False
2024-04-05,1228471.5657412554,True
2024-04-08,1229158.7496504912,True
2024-04-09,1233129.9617659661,False
2024-04-10,1233129.9617659661,False
2024-04-11,1233129.9617659661,False
2024-04-12,1233129.9617659661,False
2024-04-15,1233129.9617659661,False
2024-04-16,1229440.6679879553,True
2024-04-17,1222164.5708525232,True
2024-04-18,1219649.6782184646,True
2024-04-19,1209004.1132820607,True
2024-04-22,1220138.0068852722,True
2024-04-23,1234616.951856115,True
2024-04-24,1236591.4795206313,False
2024-04-25,1236591.4795206313,False
2024-04-26,1236591.4795206313,False
2024-04-29,1236591.4795206313,False
2024-04-30,1236591.4795206313,False
2024-05-01,1233804.3516155118,True
2024-05-02,1245344.682115283,True
2024-05-03,1260781.1071000202,True
2024-05-06,1266593.8088245043,False
2024-05-07,1266593.8088245043,False
2024-05-08,1266593.8088245043,False
2024-05-09,1266593.8088245043,False
2024-05-10,1266593.8088245043,False
2024-05-13,1266593.8088245043,False
2024-05-14,1266593.8088245043,False
2024-05-15,1266593.8088245043,False
2024-05-16,1266593.8088245043,False
2024-05-17,1266593.8088245043,False
2024-05-20,1266593.8088245043,False
2024-05-21,1266593.8088245043,False
2024-05-22,1266593.8088245043,False
2024-05-23,1266593.8088245043,False
2024-05-24,1266593.8088245043,False
2024-05-28,1266593.8088245043,False
2024-05-29,1266593.8088245043,False
2024-05-30,1266593.8088245043,False
2024-05-31,1266593.8088245043,False
2024-06-03,1266593.8088245043,False
2024-06-04,1266593.8088245043,False
2024-06-05,1266593.8088245043,False
2024-06-06,1266593.8088245043,False
2024-06-07,1266593.8088245043,False
2024-06-10,1266593.8088245043,False
2024-06-11,1266593.8088245043,False
2024-06-12,1266593.8088245043,False
2024-06-13,1266593.8088245043,False
2024-06-14,1266593.8088245043,False
2024-06-17,1266593.8088245043,False
2024-06-18,1266593.8088245043,False
2024-06-20,1266593.8088245043,False
2024-06-21,1266596.4140805765,True
2024-06-24,1262479.1790382033,True
2024-06-25,1267340.7729582938,True
2024-06-26,1268922.5355734427,True
2024-06-27,1268343.1591887285,False
2024-06-28,1268343.1591887285,False
2024-07-01,1268343.1591887285,False
2024-07-02,1268343.1591887285,False
2024-07-03,1268343.1591887285,False
2024-07-05,1268343.1591887285,False
2024-07-08,1268343.1591887285,False
2024-07-09,1268343.1591887285,False
2024-07-10,1268343.1591887285,False
2024-07-11,1268343.1591887285,False
2024-07-12,1273456.346002998,True
2024-07-15,1276958.4134914256,True
2024-07-16,1284531.0659177012,True
2024-07-17,1270496.0529031695,False
2024-07-18,1256937.1116152334,True
2024-07-19,1248590.2813767,True
2024-07-22,1261463.04953749,True
2024-07-23,1260960.6294899874,False
2024-07-24,1260960.6294899874,False
2024-07-25,1253861.7473211815,True
2024-07-26,1267904.5517571073,True
2024-07-29,1268649.7752097598,True
2024-07-30,1262222.2229306297,True
2024-07-31,1282739.1561114762,True
2024-08-01,1286580.5175240466,False
2024-08-02,1286580.5175240466,False
2024-08-05,1286580.5175240466,False
2024-08-06,1286580.5175240466,False
2024-08-07,1286580.5175240466,False
2024-08-08,1302871.5507192225,True
2024-08-09,1300548.98975086,False
2024-08-12,1300548.98975086,False
2024-08-13,1300548.98975086,False
2024-08-14,1300548.98975086,False
2024-08-15,1300548.98975086,False
2024-08-16,1300548.98975086,False
2024-08-19,1300548.98975086,False
2024-08-20,1300548.98975086,False
2024-08-21,1300548.98975086,False
2024-08-22,1300548.98975086,False
2024-08-23,1300548.98975086,False
2024-08-26,1300548.98975086,False
2024-08-27,1300548.98975086,False
2024-08-28,1300548.98975086,False
2024-08-29,1300548.98975086,False
2024-08-30,1300548.98975086,False
2024-09-03,1300548.98975086,False
2024-09-04,1300548.98975086,False
2024-09-05,1300548.98975086,False
2024-09-06,1300548.98975086,False
2024-09-09,1304490.7285682631,True
2024-09-10,1310172.7035211236,True
2024-09-11,1309695.8473542817,False
2024-09-12,1309695.8473542817,False
2024-09-13,1309695.8473542817,False
2024-09-16,1309695.8473542817,False
2024-09-17,1309695.8473542817,False
2024-09-18,1309695.8473542817,False
2024-09-19,1305362.3343559788,True
2024-09-20,1301904.1179131526,False
2024-09-23,1301904.1179131526,False
2024-09-24,1301904.1179131526,False
2024-09-25,1301904.1179131526,False
2024-09-26,1301904.1179131526,False
2024-09-27,1301904.1179131526,False
2024-09-30,1301904.1179131526,False
2024-10-01,1301904.1179131526,False
2024-10-02,1301904.1179131526,False
2024-10-03,1301904.1179131526,False
2024-10-04,1301904.1179131526,False
2024-10-07,1301904.1179131526,False
2024-10-08,1301904.1179131526,False
2024-10-09,1301904.1179131526,False
2024-10-10,1301904.1179131526,False
2024-10-11,1301904.1179131526,False
2024-10-14,1301904.1179131526,False
2024-10-15,1301904.1179131526,False
2024-10-16,1301904.1179131526,False
2024-10-17,1301904.1179131526,False
2024-10-18,1301904.1179131526,False
2024-10-21,1301904.1179131526,False
2024-10-22,1301904.1179131526,False
2024-10-23,1301904.1179131526,False
2024-10-24,1301904.1179131526,False
2024-10-25,1301904.1179131526,False
2024-10-28,1301904.1179131526,False
2024-10-29,1301904.1179131526,False
2024-10-30,1301904.1179131526,False
2024-10-31,1301904.1179131526,False
2024-11-01,1301005.8624925695,True
2024-11-04,1298203.5417954803,True
2024-11-05,1313901.0943182001,True
2024-11-06,1342111.4871984203,False
2024-11-07,1342111.4871984203,False
2024-11-08,1342111.4871984203,False
2024-11-11,1342111.4871984203,False
2024-11-12,1342111.4871984203,False
2024-11-13,1342111.4871984203,False
2024-11-14,1342111.4871984203,False
2024-11-15,1342111.4871984203,False
2024-11-18,1342111.4871984203,False
2024-11-19,1342111.4871984203,False
2024-11-20,1342111.4871984203,False
2024-11-21,1342111.4871984203,False
2024-11-22,1342111.4871984203,False
2024-11-25,1342111.4871984203,False
2024-11-26,1342111.4871984203,False
2024-11-27,1342111.4871984203,False
2024-11-29,1342111.4871984203,False
2024-12-02,1342111.4871984203,False
2024-12-03,1342111.4871984203,False
2024-12-04,1342111.4871984203,False
2024-12-05,1342111.4871984203,False
2024-12-06,1342111.4871984203,False
2024-12-09,1342111.4871984203,False
2024-12-10,1342111.4871984203,False
2024-12-11,1342111.4871984203,False
2024-12-12,1342111.4871984203,False
2024-12-13,1336997.08224608,True
2024-12-16,1342706.1113455566,True
2024-12-17,1336685.435641308,False
2024-12-18,1336685.435641308,False
2024-12-19,1320089.0865038335,True
2024-12-20,1335943.571701243,True
2024-12-23,1343943.639778419,True
2024-12-24,1346770.303380146,False
2024-12-26,1346770.303380146,False
2024-12-27,1346770.303380146,False
2024-12-30,1346770.303380146,False
2024-12-31,1346770.303380146,False
2025-01-02,1346770.303380146,False
2025-01-03,1346770.303380146,False
2025-01-06,1346770.303380146,False
2025-01-07,1346770.303380146,False
2025-01-08,1346770.303380146,False
2025-01-10,1346770.303380146,False
2025-01-13,1346770.303380146,False
2025-01-14,1346770.303380146,False
2025-01-15,1346770.303380146,False
2025-01-16,1346770.303380146,False
2025-01-17,1346770.303380146,False
2025-01-21,1346770.303380146,False
2025-01-22,1346770.303380146,False
2025-01-23,1346770.303380146,False
2025-01-24,1346770.303380146,False
2025-01-27,1346770.303380146,False
2025-01-28,1346770.303380146,False
2025-01-29,1346770.303380146,False
2025-01-30,1346770.303380146,False
2025-01-31,1346770.303380146,False
2025-02-03,1346770.303380146,False
2025-02-04,1346770.303380146,False
2025-02-05,1346770.303380146,False
2025-02-06,1346770.303380146,False
2025-02-07,1346770.303380146,False
2025-02-10,1348328.9435510268,True
2025-02-11,1349354.3735155358,True
2025-02-12,1335466.8417544516,False
2025-02-13,1335466.8417544516,False
2025-02-14,1335466.8417544516,False
2025-02-18,1335466.8417544516,False
2025-02-19,1335466.8417544516,False
2025-02-20,1335466.8417544516,False
2025-02-21,1335466.8417544516,False
2025-02-24,1324531.8654354513,True
2025-02-25,1317944.8028605725,True
2025-02-26,1318610.1627166206,True
2025-02-27,1297562.6126036246,True
2025-02-28,1317811.7308893625,True
2025-03-03,1321983.0137703656,False
2025-03-04,1321983.0137703656,False
2025-03-05,1321983.0137703656,False
2025-03-06,1321983.0137703656,False
2025-03-07,1321983.0137703656,False
2025-03-10,1321983.0137703656,False
2025-03-11,1321983.0137703656,False
2025-03-12,1321983.0137703656,False
2025-03-13,1321983.0137703656,False
2025-03-14,1321983.0137703656,False
2025-03-17,1321983.0137703656,False
2025-03-18,1321983.0137703656,False
2025-03-19,1321983.0137703656,False
2025-03-20,1321983.0137703656,False
2025-03-21,1321983.0137703656,False
2025-03-24,1321983.0137703656,False
2025-03-25,1321983.0137703656,False
2025-03-26,1321983.0137703656,False
2025-03-27,1321983.0137703656,False
2025-03-28,1321983.0137703656,False
2025-03-31,1344699.6468574624,True
2025-04-01,1348497.7580894022,True
2025-04-02,1334000.0069369078,False
2025-04-03,1334000.0069369078,False
2025-04-04,1286895.8346988168,True
2025-04-07,1284603.627900153,True
2025-04-08,1264483.1460007692,True
2025-04-09,1397278.3265367022,True
2025-04-10,1355110.8036740005,False
2025-04-11,1355110.8036740005,False
2025-04-14,1355110.8036740005,False
2025-04-15,1355110.8036740005,False
2025-04-16,1355110.8036740005,False
2025-04-17,1355110.8036740005,False
2025-04-21,1355110.8036740005,False
2025-04-22,1355110.8036740005,False
2025-04-23,1355110.8036740005,False
2025-04-24,1355110.8036740005,False
2025-04-25,1355110.8036740005,False
2025-04-28,1355110.8036740005,False
2025-04-29,1355110.8036740005,False
2025-04-30,1355110.8036740005,False
2025-05-01,1355110.8036740005,False
2025-05-02,1355110.8036740005,False
2025-05-05,1355110.8036740005,False
2025-05-06,1355110.8036740005,False
2025-05-07,1355110.8036740005,False
2025-05-08,1355110.8036740005,False
2025-05-09,1355110.8036740005,False
2025-05-12,1355110.8036740005,False
2025-05-13,1355110.8036740005,False
2025-05-14,1355110.8036740005,False
2025-05-15,1355110.8036740005,False
2025-05-16,1355110.8036740005,False
2025-05-19,1355110.8036740005,False
2025-05-20,1355110.8036740005,False
2025-05-21,1355110.8036740005,False
2025-05-22,1355839.70034379,True
2025-05-23,1346585.1392856885,True
2025-05-27,1374581.3491197436,True
2025-05-28,1375259.601483039,False
2025-05-29,1375259.601483039,False
2025-05-30,1375259.601483039,False
2025-06-02,1375259.601483039,False
2025-06-03,1375259.601483039,False
2025-06-04,1375259.601483039,False
2025-06-05,1375259.601483039,False
2025-06-06,1375259.601483039,False
2025-06-09,1375259.601483039,False
2025-06-10,1375259.601483039,False
2025-06-11,1375259.601483039,False
2025-06-12,1375259.601483039,False
2025-06-13,1375259.601483039,False
2025-06-16,1375259.601483039,False
2025-06-17,1375259.601483039,False
2025-06-18,1375259.601483039,False
2025-06-20,1365563.439284703,True
2025-06-23,1379051.790547746,True
2025-06-24,1388379.0520836508,False
2025-06-25,1388379.0520836508,False
2025-06-26,1388379.0520836508,False
2025-06-27,1388379.0520836508,False
2025-06-30,1388379.0520836508,False
2025-07-01,1388379.0520836508,False
2025-07-02,1388379.0520836508,False
2025-07-03,1388379.0520836508,False
2025-07-07,1388379.0520836508,False
2025-07-08,1388379.0520836508,False
2025-07-09,1388379.0520836508,False
2025-07-10,1388379.0520836508,False
2025-07-11,1388379.0520836508,False
2025-07-14,1388379.0520836508,False
2025-07-15,1388379.0520836508,False
2025-07-16,1389169.6472192022,True
2025-07-17,1397670.8616185763,True
2025-07-18,1400194.8321156723,False
2025-07-21,1400194.8321156723,False
2025-07-22,1400194.8321156723,False
2025-07-23,1400194.8321156723,False
2025-07-24,1400194.8321156723,False
2025-07-25,1400194.8321156723,False
2025-07-28,1400194.8321156723,False
2025-07-29,1400194.8321156723,False
2025-07-30,1400194.8321156723,False
2025-07-31,1400194.8321156723,False
2025-08-01,1400194.8321156723,False
2025-08-04,1400194.8321156723,False
2025-08-05,1400194.8321156723,False
2025-08-06,1400194.8321156723,False
2025-08-07,1400194.8321156723,False
2025-08-08,1400194.8321156723,False
2025-08-11,1400194.8321156723,False
2025-08-12,1400194.8321156723,False
2025-08-13,1400194.8321156723,False
2025-08-14,1400194.8321156723,False
2025-08-15,1400194.8321156723,False
2025-08-18,1400194.8321156723,False
2025-08-19,1400194.8321156723,False
2025-08-20,1400194.8321156723,False
2025-08-21,1400194.8321156723,False
2025-08-22,1400194.8321156723,False
2025-08-25,1400194.8321156723,False
2025-08-26,1400194.8321156723,False
2025-08-27,1400194.8321156723,False
2025-08-28,1400194.8321156723,False
2025-08-29,1400194.8321156723,False
2025-09-02,1400194.8321156723,False
2025-09-03,1400194.8321156723,False
2025-09-04,1400194.8321156723,False
2025-09-05,1400194.8321156723,False
2025-09-08,1400194.8321156723,False
2025-09-09,1400194.8321156723,False
2025-09-10,1400194.8321156723,False
2025-09-11,1400194.8321156723,False
2025-09-12,1400194.8321156723,False
2025-09-15,1400194.8321156723,False
2025-09-16,1400194.8321156723,False
2025-09-17,1400194.8321156723,False
2025-09-18,1400194.8321156723,False
2025-09-19,1400194.8321156723,False
2025-09-22,1400194.8321156723,False
2025-09-23,1400194.8321156723,False
2025-09-24,1400194.8321156723,False
2025-09-25,1400194.8321156723,False
2025-09-26,1400194.8321156723,False
2025-09-29,1400194.8321156723,False
2025-09-30,1400194.8321156723,False
2025-10-01,1400194.8321156723,False
2025-10-02,1400194.8321156723,False
2025-10-03,1400194.8321156723,False
2025-10-06,1400194.8321156723,False
2025-10-07,1400194.8321156723,False
2025-10-08,1400194.8321156723,False
2025-10-09,1400194.8321156723,False
2025-10-10,1400194.8321156723,False
2025-10-13,1404979.2500986299,True
2025-10-14,1403262.8631648405,True
2025-10-15,1412706.4579784905,False
2025-10-16,1412706.4579784905,False
2025-10-17,1412706.4579784905,False
2025-10-20,1412706.4579784905,False
2025-10-21,1412706.4579784905,False
2025-10-22,1412706.4579784905,False
2025-10-23,1412706.4579784905,False
2025-10-24,1412706.4579784905,False
2025-10-27,1412706.4579784905,False
2025-10-28,1412706.4579784905,False
2025-10-29,1412706.4579784905,False
2025-10-30,1412706.4579784905,False
2025-10-31,1406279.7722027607,True
2025-11-03,1408918.8920872572,True
2025-11-04,1392218.211568179,True
2025-11-05,1397042.852607024,True
2025-11-06,1382053.4763880488,True
2025-11-07,1383414.2725784923,True
2025-11-10,1405001.448508708,True
2025-11-11,1401648.962148558,False
2025-11-12,1401648.962148558,False
2025-11-13,1401648.962148558,False
2025-11-14,1401648.962148558,False
2025-11-17,1401648.962148558,False
2025-11-18,1401648.962148558,False
2025-11-19,1401648.962148558,False
2025-11-20,1401648.962148558,False
2025-11-21,1409883.2252857334,True
2025-11-24,1430634.7347546068,True
2025-11-25,1430134.7175069654,False
2025-11-26,1430134.7175069654,False
2025-11-28,1430134.7175069654,False
2025-12-01,1430134.7175069654,False
2025-12-02,1430134.7175069654,False
2025-12-03,1430134.7175069654,False
2025-12-04,1430134.7175069654,False
2025-12-05,1430134.7175069654,False
2025-12-08,1430134.7175069654,False
2025-12-09,1430134.7175069654,False
2025-12-10,1430134.7175069654,False
2025-12-11,1430134.7175069654,False
2025-12-12,1430134.7175069654,False
2025-12-15,1430134.7175069654,False
2025-12-16,1430134.7175069654,False
2025-12-17,1430134.7175069654,False
2025-12-18,1423257.917351152,True
2025-12-19,1436158.145271869,True
2025-12-22,1442938.5572471924,False
2025-12-23,1442938.5572471924,False
2025-12-24,1442938.5572471924,False
2025-12-26,1442938.5572471924,False
2025-12-29,1442938.5572471924,False
2025-12-30,1442938.5572471924,False
2025-12-31,1442938.5572471924,False
2026-01-02,1437306.1777001095,True
2026-01-05,1446878.8215640609,True
2026-01-06,1447031.171769064,False
2026-01-07,1447031.171769064,False
2026-01-08,1447031.171769064,False
2026-01-09,1447031.171769064,False
2026-01-12,1447031.171769064,False
2026-01-13,1447031.171769064,False
2026-01-14,1447031.171769064,False
2026-01-15,1447031.171769064,False
2026-01-16,1447031.171769064,False
2026-01-20,1447031.171769064,False
2026-01-21,1458981.6019441832,True
2026-01-22,1468160.435380179,False
2026-01-23,1468160.435380179,False
2026-01-26,1468160.435380179,False
2026-01-27,1468160.435380179,False
2026-01-28,1468160.435380179,False
2026-01-29,1468160.435380179,False
2026-01-30,1468160.435380179,False
2026-02-02,1468160.435380179,False
2026-02-03,1468160.435380179,False
2026-02-04,1468160.435380179,False
2026-02-05,1468160.435380179,False
2026-02-06,1468160.435380179,False
2026-02-09,1468160.435380179,False
2026-02-10,1468160.435380179,False
2026-02-11,1468160.435380179,False
2026-02-12,1468160.435380179,False
2026-02-13,1467996.0585805895,True
2026-02-17,1470364.662415483,True
2026-02-18,1477771.932590059,True
2026-02-19,1472201.9065857138,False
2026-02-20,1472201.9065857138,False
2026-02-23,1472201.9065857138,False
2026-02-24,1472201.9065857138,False
2026-02-25,1472201.9065857138,False
2026-02-26,1472201.9065857138,False
2026-02-27,1472201.9065857138,False
2026-03-02,1472201.9065857138,False
2026-03-03,1472201.9065857138,False
2026-03-04,1472201.9065857138,False
2026-03-05,1472201.9065857138,False
2026-03-06,1472201.9065857138,False
2026-03-09,1472201.9065857138,False
2026-03-10,1472201.9065857138,False
2026-03-11,1472201.9065857138,False
2026-03-12,1472201.9065857138,False
2026-03-13,1456556.5986607727,True
2026-03-16,1471379.6995304425,True
2026-03-17,1475250.4202323148,True
2026-03-18,1454665.223772358,True
2026-03-19,1447128.3147693377,True
2026-03-20,1426382.5713711781,True
2026-03-23,1441359.6213596722,True
2026-03-24,1436521.2204823317,True
2026-03-25,1444526.5746612041,True
2026-03-26,1418729.100892476,True
2026-03-27,1394537.0965057747,True
2026-03-30,1389874.6374785195,True
2026-03-31,1430275.2848043109,True
2026-04-01,1437817.0761936712,False
2026-04-02,1437817.0761936712,False
2026-04-06,1437817.0761936712,False
2026-04-07,1437817.0761936712,False
2026-04-08,1437817.0761936712,False
2026-04-09,1437817.0761936712,False
2026-04-10,1437817.0761936712,False
2026-04-13,1437817.0761936712,False
2026-04-14,1437817.0761936712,False
2026-04-15,1437817.0761936712,False
2026-04-16,1437817.0761936712,False
2026-04-17,1437817.0761936712,False
2026-04-20,1437817.0761936712,False
2026-04-21,1437817.0761936712,False
2026-04-22,1437817.0761936712,False
2026-04-23,1437817.0761936712,False
2026-04-24,1437817.0761936712,False
2026-04-27,1437817.0761936712,False
2026-04-28,1437817.0761936712,False
2026-04-29,1437817.0761936712,False
2026-04-30,1437817.0761936712,False
2026-05-01,1437817.0761936712,False
2026-05-04,1437817.0761936712,False
2026-05-05,1437817.0761936712,False
2026-05-06,1437817.0761936712,False
2026-05-07,1437817.0761936712,False
2026-05-08,1437817.0761936712,False
2026-05-11,1437817.0761936712,False
2026-05-12,1437817.0761936712,False
2026-05-13,1437817.0761936712,False
2026-05-14,1437817.0761936712,False
2026-05-15,1437817.0761936712,False
2026-05-18,1437817.0761936712,False
2026-05-19,1437817.0761936712,False
2026-05-20,1437817.0761936712,False
2026-05-21,1437817.0761936712,False
2026-05-22,1437817.0761936712,False
2026-05-26,1437817.0761936712,False
2026-05-27,1437817.0761936712,False
2026-05-28,1437817.0761936712,False
2026-05-29,1437817.0761936712,False
2026-06-01,1437817.0761936712,False
2026-06-02,1437817.0761936712,False
2026-06-03,1437817.0761936712,False
2026-06-04,1447067.2282449063,True
2026-06-05,1437643.3684920275,False
2026-06-08,1429350.8211517895,True
2026-06-09,1425154.9237438468,True
2026-06-10,1402686.56988196,True
2026-06-11,1426527.774969487,True
2026-06-12,1431945.428757332,False
2026-06-15,1431945.428757332,False
2026-06-16,1431945.428757332,False
2026-06-17,1408346.887011588,True
2026-06-18,1422988.611651214,True
2026-06-22,1418510.4489207051,True
2026-06-23,1397910.9003603633,True
2026-06-24,1397262.9959653108,True
2026-06-25,1399282.9331969447,True
2026-06-26,1389164.1910271563,True
2026-06-29,1412050.4609818005,True
2026-06-30,1412320.5647016931,False
2026-07-01,1412320.5647016931,False
2026-07-02,1412320.5647016931,False
2026-07-06,1412320.5647016931,False
2026-07-07,1412320.5647016931,False
2026-07-08,1412320.5647016931,False
2026-07-09,1412320.5647016931,False
2026-07-10,1412320.5647016931,False
2026-07-13,1412320.5647016931,False
2026-07-14,1412320.5647016931,False
2026-07-15,1412320.5647016931,False
2026-07-16,1412320.5647016931,False
2026-07-17,1412320.5647016931,False
2026-07-20,1412320.5647016931,False
2026-07-21,1412320.5647016931,False
2026-07-22,1412320.5647016931,False
2026-07-23,1412320.5647016931,False
2026-07-24,1412320.5647016931,False
2026-07-27,1412320.5647016931,False
2026-07-28,1412320.5647016931,False
2026-07-29,1412320.5647016931,False
2026-07-30,1422857.9318218266,True
2026-07-31,1428308.2283705375,False
2026-08-03,1428308.2283705375,False
2026-08-04,1428308.2283705375,False
2026-08-05,1428308.2283705375,False
2026-08-06,1428308.2283705375,False
2026-08-07,1428308.2283705375,False
2026-08-10,1428308.2283705375,False
2026-08-11,1428308.2283705375,False
2026-08-12,1428308.2283705375,False
2026-08-13,1428308.2283705375,False
2026-08-14,1428308.2283705375,False
2026-08-17,1428308.2283705375,False
2026-08-18,1425700.4848060817,True
2026-08-19,1428691.399889198,True
2026-08-20,1416690.585332097,True
2026-08-21,1422486.6443751552,True
2026-08-24,1418306.794103719,True
2026-08-25,1422839.6095091875,True
2026-08-26,1420363.3807536722,False
2026-08-27,1420363.3807536722,False
2026-08-28,1420363.3807536722,False
2026-08-31,1420363.3807536722,False
2026-09-01,1420363.3807536722,False
2026-09-02,1420363.3807536722,False
2026-09-03,1420363.3807536722,False
