wr_lookback,wr_entry,wr_exit,cci_lookback,cci_entry,cci_exit,trades,win_rate,profit_factor,avg_trade,median_trade,avg_hold_30m_bars,total_return,annualized_return,sharpe,max_drawdown,calmar,exposure,ending_equity
2,-80,-20,3,-50,100,26,0.7692307692307693,2.1824469368233212,0.014521740279301002,0.013371128851501046,11.384615384615385,0.3969884005389832,67.6266366290054,4.885965845989693,-0.2304354984071083,293.47317187011714,0.33076923076923076,139698.8400538983
3,-80,-20,3,-50,100,26,0.7692307692307693,2.1388269752225653,0.013247715203421072,0.01670925030051651,8.653846153846153,0.3632216751572157,49.35981894384703,5.15327345576082,-0.2304354984071082,214.20232249392197,0.3269230769230769,136322.16751572158
2,-80,-20,3,-80,100,24,0.75,2.0559191689113123,0.014048494470907743,0.012884415532524729,12.125,0.34221613621933744,40.37912765072747,4.369627633476662,-0.2305125807584414,175.1710362960256,0.31153846153846154,134221.61362193373
2,-80,-30,3,-50,100,27,0.7777777777777778,2.045013345633572,0.01190695884284246,0.012975457848298344,10.777777777777779,0.3296015810993831,35.7206257406288,4.293460041829532,-0.21430934572120952,166.6778722151343,0.31153846153846154,132960.15810993832
3,-80,-30,3,-50,100,27,0.7777777777777778,2.0068362168930327,0.010843389791278515,0.014671163575042279,8.222222222222221,0.3030862947920612,27.461338555383485,4.552131984172636,-0.2143093457212094,128.138782109425,0.3153846153846154,130308.62947920612
2,-80,-30,3,-80,100,25,0.76,1.928015899687659,0.011419791855094315,0.012793373216751114,11.52,0.2830073667618771,22.385814045657703,3.8232023726607998,-0.21438804332605854,104.41726925792946,0.3,128300.7366761877
3,-85,-20,3,-50,100,23,0.7391304347826086,1.8479003808447698,0.012197852314382142,0.01874733702599074,7.739130434782608,0.27831011283800633,21.325651397853164,4.20469065649623,-0.23692996117193388,90.00825092938625,0.28076923076923077,127831.01128380063
5,-80,-20,3,-50,100,23,0.7391304347826086,1.9314343123121243,0.01182738666707134,0.015475749722324794,9.434782608695652,0.27076810414645847,19.715629559164523,4.181301787738107,-0.23276073521351837,84.70341675574615,0.29615384615384616,127076.81041464585
3,-80,-40,3,-50,100,27,0.7407407407407407,1.8249564030257703,0.009516177749776323,0.014671163575042279,8.0,0.25629235276767703,16.921058320248388,3.9902501992428734,-0.21814089955153226,77.56939828815119,0.2923076923076923,125629.23527676771
3,-80,-20,5,-50,50,22,0.7272727272727273,1.8939458477696514,0.012067336720716441,0.015861397437144542,9.681818181818182,0.26109700737126706,17.807553952279623,4.014132760638263,-0.2305125807584416,77.25198292296457,0.28076923076923077,126109.7007371267
3,-80,-20,5,-50,100,22,0.7272727272727273,1.8939458477696514,0.012067336720716441,0.015861397437144542,9.681818181818182,0.26109700737126706,17.807553952279623,4.014132760638263,-0.2305125807584416,77.25198292296457,0.28076923076923077,126109.7007371267
2,-80,-30,3,-50,50,27,0.7037037037037037,1.7605076903175179,0.009141099021391416,0.0109722278043487,9.185185185185185,0.23677835696332372,13.701698816291136,3.4417832812290117,-0.21814089955153226,62.811232760385366,0.28076923076923077,123677.83569633237
2,-80,-20,3,-50,50,26,0.6923076923076923,1.7644979471728066,0.009885581844476389,0.011882800510549907,9.653846153846153,0.2438263051251215,14.797291164036636,3.4950231028650762,-0.23695488896587968,62.44771411391884,0.2923076923076923,124382.63051251216
3,-80,-20,5,-80,50,19,0.7368421052631579,1.8712622489657065,0.013203499893907655,0.01874733702599074,10.842105263157896,0.24313046403991345,14.685871329357854,3.8405326029803777,-0.23692996117193377,61.98401948287455,0.25384615384615383,124313.04640399133
3,-80,-20,5,-80,100,19,0.7368421052631579,1.8712622489657065,0.013203499893907655,0.01874733702599074,10.842105263157896,0.24313046403991345,14.685871329357854,3.8405326029803777,-0.23692996117193377,61.98401948287455,0.25384615384615383,124313.04640399133
3,-80,-20,5,-50,0,22,0.7272727272727273,1.7943323858695295,0.011317933841194672,0.015861397437144542,9.636363636363637,0.24022374808100633,14.228221784634286,3.7621895633318285,-0.2305125807584416,61.724274388061716,0.27692307692307694,124022.37480810063
3,-80,-20,3,-80,100,22,0.7272727272727273,1.8083649820262784,0.011113257990967402,0.013371128851501046,9.818181818181818,0.23539520114076007,13.495082764824891,3.6940861260825555,-0.2305125807584415,58.54380147245258,0.2923076923076923,123539.520114076
3,-80,-20,3,-50,50,26,0.6923076923076923,1.7507859587871477,0.009392615541265163,0.013502510521936406,8.423076923076923,0.23588369947130827,13.567747292457877,3.724316065347928,-0.23695488896587968,57.25877761657648,0.3038461538461538,123588.36994713084
5,-80,-40,3,-50,100,23,0.7391304347826086,1.81933290173126,0.010403918891257103,0.015475749722324794,9.391304347826088,0.23275723942769844,13.108418933162927,3.7281296326053375,-0.23276073521351814,56.31714009297228,0.2923076923076923,123275.72394276985
5,-80,-30,3,-50,100,23,0.7391304347826086,1.81933290173126,0.010403918891257103,0.015475749722324794,9.391304347826088,0.23275723942769844,13.108418933162927,3.7281296326053375,-0.23276073521351814,56.31714009297228,0.2923076923076923,123275.72394276985
3,-80,-30,3,-50,50,27,0.7037037037037037,1.7333673475981801,0.008517963538142504,0.013238221189169064,8.037037037037036,0.22403946693285914,11.897140592014274,3.6093953863038957,-0.22096534950389135,53.84165715903234,0.29615384615384616,122403.9466932859
3,-80,-50,3,-50,100,27,0.7407407407407407,1.6973607639250972,0.008470140394972367,0.014671163575042279,7.888888888888889,0.2211951068986806,11.523152663604431,3.553755971496075,-0.21818933192480516,52.812630947399704,0.28076923076923077,122119.51068986805
3,-85,-30,3,-50,100,24,0.75,1.7170284869061128,0.009536730512765055,0.01832497937441857,7.291666666666667,0.2219204102232264,11.617557732133246,3.576195229133556,-0.22093989935033786,52.582434256076255,0.2692307692307692,122192.04102232265
2,-80,-40,3,-50,100,27,0.7037037037037037,1.7261916665069323,0.008703746176950643,0.010394238622021046,9.074074074074074,0.22054141283270212,11.438625995310817,3.185110557554479,-0.21814089955153226,52.43687001762192,0.2692307692307692,122054.14128327022
4,-80,-20,3,-50,100,21,0.7142857142857143,1.8000746053591758,0.011322724500593583,0.01874733702599074,10.238095238095237,0.22768531849214524,12.3915531684586,3.635183624432493,-0.23692996117193388,52.30049043677669,0.28846153846153844,122768.53184921453
5,-80,-20,5,-50,50,22,0.7272727272727273,1.806629510816869,0.010700237044452958,0.014225603785311569,9.681818181818182,0.22564735200316388,12.11307537729432,3.6234018259258405,-0.23276073521351837,52.0408881084803,0.28076923076923077,122564.7352003164
5,-80,-20,5,-50,100,22,0.7272727272727273,1.806629510816869,0.010700237044452958,0.014225603785311569,9.681818181818182,0.22564735200316388,12.11307537729432,3.6234018259258405,-0.23276073521351837,52.0408881084803,0.28076923076923077,122564.7352003164
3,-85,-20,5,-50,50,21,0.7142857142857143,1.7299948641972263,0.011319041783325122,0.01874733702599074,8.19047619047619,0.22561032984776652,12.108066176387723,3.5879084355983415,-0.236929961171934,51.103989197893,0.25769230769230766,122561.03298477666
3,-85,-20,5,-50,100,21,0.7142857142857143,1.7299948641972263,0.011319041783325122,0.01874733702599074,8.19047619047619,0.22561032984776652,12.108066176387723,3.5879084355983415,-0.236929961171934,51.103989197893,0.25769230769230766,122561.03298477666
3,-80,-20,5,-80,0,19,0.7368421052631579,1.7699183740322753,0.01233577024393508,0.01874733702599074,10.789473684210526,0.2225545810143752,11.700637631814127,3.5842480352143387,-0.23692996117193388,49.38437322970428,0.25,122255.45810143751
3,-80,-40,3,-50,50,27,0.7037037037037037,1.6784089359668783,0.008197636204752664,0.013766799854703748,7.962962962962963,0.21247879261097435,10.43839101393316,3.464234759106552,-0.21814089955153226,47.85159974765419,0.28846153846153844,121247.87926109743
3,-80,-30,5,-50,50,23,0.7391304347826086,1.749407170108037,0.0092961885622319,0.012975457848298344,9.130434782608695,0.20546662120763481,9.62927094776363,3.3777997751969764,-0.21438804332605865,44.91514917703996,0.2692307692307692,120546.66212076349
3,-80,-30,5,-50,100,23,0.7391304347826086,1.749407170108037,0.0092961885622319,0.012975457848298344,9.130434782608695,0.20546662120763481,9.62927094776363,3.3777997751969764,-0.21438804332605865,44.91514917703996,0.2692307692307692,120546.66212076349
2,-80,-40,3,-50,50,27,0.7037037037037037,1.675622949619263,0.008097656494867864,0.010394238622021046,9.037037037037036,0.20320313714066263,9.379566653839975,3.061412824206764,-0.21814089955153237,42.99774445380518,0.2653846153846154,120320.31371406627
5,-80,-20,5,-50,0,22,0.7272727272727273,1.710024764299322,0.009950834164931189,0.014225603785311569,9.636363636363637,0.20536084364794216,9.617479584572079,3.3661614378472846,-0.23276073521351837,41.31916654993239,0.27692307692307694,120536.08436479421
2,-80,-20,3,-80,50,24,0.6666666666666666,1.6693598033302508,0.009376648739217763,0.010683233213184873,10.291666666666666,0.20498512826733206,9.575694703586372,3.060675551582268,-0.23426511676294126,40.875461254764005,0.27692307692307694,120498.5128267332
5,-80,-50,3,-50,100,23,0.7391304347826086,1.69400158916626,0.009309931660608919,0.015475749722324794,9.304347826086957,0.20197882854250482,9.246765109650918,3.334806678913966,-0.23276073521351826,39.72648179328265,0.2846153846153846,120197.88285425048
3,-85,-20,5,-50,0,21,0.7142857142857143,1.6466223513263833,0.010533953052397555,0.01874733702599074,8.142857142857142,0.20532443427097813,9.613423702421532,3.3336630363775046,-0.24199346318410886,39.72596439560696,0.25384615384615383,120532.44342709781
3,-85,-20,3,-80,100,21,0.7142857142857143,1.6556121809833262,0.01032985191677219,0.0179026217228464,8.285714285714286,0.2008944231961638,9.130447623420443,3.2694974030160835,-0.23692996117193388,38.53648385479925,0.2653846153846154,120089.44231961637
2,-80,-30,3,-80,50,25,0.68,1.6496002726460184,0.008432663247927187,0.010394238622021046,9.8,0.1934370157137979,8.362890412094691,2.9468200370873365,-0.21821921337415395,38.32334597300495,0.2692307692307692,119343.70157137979
5,-80,-20,3,-80,100,20,0.7,1.7178111848061655,0.010482011316410578,0.013367776785351726,10.6,0.1947217748383534,8.491182883044232,3.228407928010241,-0.23276073521351848,36.48030616184045,0.27692307692307694,119472.17748383534
5,-80,-20,5,-80,50,19,0.7368421052631579,1.7400605869920054,0.011015045207619657,0.0179026217228464,10.947368421052632,0.19460824926165388,8.479781669871082,3.27121264496387,-0.23276073521351826,36.431323616899256,0.26153846153846155,119460.8249261654
5,-80,-20,5,-80,100,19,0.7368421052631579,1.7400605869920054,0.011015045207619657,0.0179026217228464,10.947368421052632,0.19460824926165388,8.479781669871082,3.27121264496387,-0.23276073521351826,36.431323616899256,0.26153846153846155,119460.8249261654
3,-85,-40,3,-50,100,24,0.75,1.5990074219890422,0.008430772908680264,0.01832497937441857,7.166666666666667,0.18894433378856856,7.926715159213066,3.1499259412706984,-0.22093989935033775,35.87724617654465,0.25769230769230766,118894.43337885686
3,-80,-30,5,-80,50,20,0.75,1.721034582404486,0.009959871352990873,0.01832497937441857,10.15,0.1882926305012631,7.865021832958407,3.1906265299744976,-0.22093989935033764,35.598014917563994,0.2423076923076923,118829.26305012632
3,-80,-30,5,-80,100,20,0.75,1.721034582404486,0.009959871352990873,0.01832497937441857,10.15,0.1882926305012631,7.865021832958407,3.1906265299744976,-0.22093989935033764,35.598014917563994,0.2423076923076923,118829.26305012632
3,-80,-30,5,-50,0,23,0.7391304347826086,1.6538383591336927,0.008579368416602383,0.012975457848298344,9.08695652173913,0.18551413761347324,7.606376768197185,3.1183866098768345,-0.21438804332605876,35.4794822052123,0.2653846153846154,118551.41376134733
2,-80,-20,5,-50,50,22,0.7272727272727273,1.6604226067394976,0.009421700153151994,0.012884415532524729,9.454545454545455,0.190408883547438,8.06680178660365,3.1612546629623925,-0.2305125807584415,34.995060833824965,0.26153846153846155,119040.8883547438
2,-80,-20,5,-50,100,22,0.7272727272727273,1.6604226067394976,0.009421700153151994,0.012884415532524729,9.454545454545455,0.190408883547438,8.06680178660365,3.1612546629623925,-0.2305125807584415,34.995060833824965,0.26153846153846155,119040.8883547438
4,-85,-20,3,-50,100,20,0.7,1.6439980333657511,0.010484885655826415,0.01832497937441857,8.6,0.19228074637580073,8.248795994914477,3.2032111979132316,-0.236929961171934,34.81533510626179,0.25769230769230766,119228.07463758008
4,-80,-30,3,-50,100,21,0.7142857142857143,1.6899116122811464,0.009763688365177988,0.01874733702599074,10.19047619047619,0.19096313416429966,8.120342769537272,3.1782155612131526,-0.23692996117193388,34.273178155144976,0.2846153846153846,119096.31341642997
5,-80,-40,5,-50,50,22,0.7272727272727273,1.6944448437828354,0.009212066187919891,0.014225603785311569,9.636363636363637,0.1889861267663293,7.9306849399209565,3.164139720383732,-0.23276073521351837,34.072262800879635,0.27692307692307694,118898.61267663294
5,-80,-40,5,-50,100,22,0.7272727272727273,1.6944448437828354,0.009212066187919891,0.014225603785311569,9.636363636363637,0.1889861267663293,7.9306849399209565,3.164139720383732,-0.23276073521351837,34.072262800879635,0.27692307692307694,118898.61267663294
5,-80,-30,5,-50,50,22,0.7272727272727273,1.6944448437828354,0.009212066187919891,0.014225603785311569,9.636363636363637,0.1889861267663293,7.9306849399209565,3.164139720383732,-0.23276073521351837,34.072262800879635,0.27692307692307694,118898.61267663294
5,-80,-30,5,-50,100,22,0.7272727272727273,1.6944448437828354,0.009212066187919891,0.014225603785311569,9.636363636363637,0.1889861267663293,7.9306849399209565,3.164139720383732,-0.23276073521351837,34.072262800879635,0.27692307692307694,118898.61267663294
2,-80,-40,3,-80,100,25,0.68,1.6278702780981562,0.00812734390579907,0.009353365738695052,9.72,0.18261626826287114,7.344037578608971,2.7595197062581525,-0.21821921337415418,33.654404051109076,0.26153846153846155,118261.62682628712
3,-80,-30,3,-80,100,23,0.7391304347826086,1.6631136086307166,0.008383591516384995,0.012975457848298344,9.26086956521739,0.18089859088599813,7.192036163156018,3.0501132777331326,-0.21438804332605876,33.546815631960335,0.28076923076923077,118089.85908859981
3,-85,-20,5,-80,50,19,0.6842105263157895,1.628188331839992,0.01076577793951763,0.01874733702599074,8.894736842105264,0.18605966975510446,7.6566043656903275,3.097036175047103,-0.236929961171934,32.31589760880485,0.24615384615384617,118605.96697551044
3,-85,-20,5,-80,100,19,0.6842105263157895,1.628188331839992,0.01076577793951763,0.01874733702599074,8.894736842105264,0.18605966975510446,7.6566043656903275,3.097036175047103,-0.236929961171934,32.31589760880485,0.24615384615384617,118605.96697551044
3,-80,-50,3,-50,50,27,0.7037037037037037,1.5633733038858386,0.0071515988499487055,0.012975457848298344,7.851851851851852,0.1786055733706744,6.993094734346029,3.0215284770203437,-0.21818933192480539,32.05058044155917,0.27692307692307694,117860.55733706744
10,-80,-20,3,-50,100,21,0.7142857142857143,1.6146615284612085,0.008618062310483962,0.013760095722405108,10.0,0.1649229481672856,5.895567234661748,2.8889447933700234,-0.20055334952645332,29.39650346694465,0.2692307692307692,116492.29481672855
3,-85,-30,5,-50,50,22,0.7272727272727273,1.5925488912700567,0.008455945751154527,0.01832497937441857,7.681818181818182,0.17154535662442205,6.408150328509572,2.937783977893344,-0.22093989935033786,29.004042942684414,0.24615384615384617,117154.53566244221
3,-85,-30,5,-50,100,22,0.7272727272727273,1.5925488912700567,0.008455945751154527,0.01832497937441857,7.681818181818182,0.17154535662442205,6.408150328509572,2.937783977893344,-0.22093989935033786,29.004042942684414,0.24615384615384617,117154.53566244221
4,-80,-20,5,-80,50,18,0.7222222222222222,1.676260917990116,0.010817715486365256,0.01832497937441857,11.444444444444445,0.17702350518393106,6.858439468857752,3.030667387796474,-0.236929961171934,28.947117683781492,0.25384615384615383,117702.35051839311
4,-80,-20,5,-80,100,18,0.7222222222222222,1.676260917990116,0.010817715486365256,0.01832497937441857,11.444444444444445,0.17702350518393106,6.858439468857752,3.030667387796474,-0.236929961171934,28.947117683781492,0.25384615384615383,117702.35051839311
5,-80,-20,5,-80,0,19,0.7368421052631579,1.6442041735214117,0.010147315557647082,0.0179026217228464,10.894736842105264,0.17483548983761876,6.6756508637429866,3.00775598121865,-0.23276073521351837,28.68031353148637,0.25769230769230766,117483.54898376188
7,-80,-20,3,-50,100,21,0.7142857142857143,1.6053348260081206,0.008487294238674944,0.014671163575042279,10.095238095238095,0.16174946402215973,5.6616972565783295,2.8405302715517355,-0.2005533495264532,28.230379946018033,0.27692307692307694,116174.94640221598
4,-80,-40,3,-50,100,21,0.6666666666666666,1.6262396991399386,0.00910255113813582,0.01874733702599074,10.095238095238095,0.17449862636980829,6.647859423764363,2.959413922360548,-0.23692996117193377,28.058331630503194,0.27692307692307694,117449.86263698082
3,-85,-20,3,-50,50,23,0.6956521739130435,1.5506677964161788,0.008418142991369067,0.0179026217228464,7.565217391304348,0.17425584894139323,6.627887632063021,2.9468033904725357,-0.23692996117193388,27.974037556412448,0.2653846153846154,117425.58489413932
3,-80,-30,5,-80,0,20,0.75,1.6241117036844739,0.009135528185516929,0.01832497937441857,10.1,0.16862440510370935,6.17788814752028,2.926425425243022,-0.22093989935033775,27.96184919829346,0.23846153846153847,116862.44051037093
3,-80,-20,3,-50,0,27,0.7037037037037037,1.5574542856457587,0.00681515216247119,0.012975457848298344,7.962962962962963,0.16820794581942233,6.14560044104213,2.8991974897326807,-0.22096534950389135,27.812507503281196,0.28846153846153844,116820.79458194223
3,-80,-40,5,-50,50,23,0.6956521739130435,1.5959070714142682,0.007928452205336136,0.012975457848298344,8.956521739130435,0.16721457007922558,6.069124205350756,2.8709196732709774,-0.21821921337415406,27.812052438044326,0.25384615384615383,116721.45700792257
3,-80,-40,5,-50,100,23,0.6956521739130435,1.5959070714142682,0.007928452205336136,0.012975457848298344,8.956521739130435,0.16721457007922558,6.069124205350756,2.8709196732709774,-0.21821921337415406,27.812052438044326,0.25384615384615383,116721.45700792257
2,-80,-20,5,-80,50,19,0.7368421052631579,1.6320674397646966,0.010140131236727768,0.0179026217228464,10.578947368421053,0.17344941677900483,6.561891703424742,2.9713809658165453,-0.23692996117193366,27.695491405846113,0.23461538461538461,117344.94167790048
2,-80,-20,5,-80,100,19,0.7368421052631579,1.6320674397646966,0.010140131236727768,0.0179026217228464,10.578947368421053,0.17344941677900483,6.561891703424742,2.9713809658165453,-0.23692996117193366,27.695491405846113,0.23461538461538461,117344.94167790048
10,-90,-20,3,-50,100,16,0.6875,1.7217678446742661,0.011083004410469631,0.015831358722625755,7.5625,0.16239691330434192,5.708809358718695,2.9585156557029553,-0.20722058429611034,27.54943181977049,0.19615384615384615,116239.6913304342
10,-90,-20,7,-80,0,16,0.6875,1.7217678446742661,0.011083004410469631,0.015831358722625755,7.5625,0.16239691330434192,5.708809358718695,2.9585156557029553,-0.20722058429611034,27.54943181977049,0.19615384615384615,116239.6913304342
10,-90,-20,7,-80,50,16,0.6875,1.7217678446742661,0.011083004410469631,0.015831358722625755,7.5625,0.16239691330434192,5.708809358718695,2.9585156557029553,-0.20722058429611034,27.54943181977049,0.19615384615384615,116239.6913304342
10,-90,-20,7,-80,100,16,0.6875,1.7217678446742661,0.011083004410469631,0.015831358722625755,7.5625,0.16239691330434192,5.708809358718695,2.9585156557029553,-0.20722058429611034,27.54943181977049,0.19615384615384615,116239.6913304342
2,-80,-20,5,-50,0,22,0.7272727272727273,1.5775535999094852,0.008672297273630225,0.012884415532524729,9.409090909090908,0.1707056306315422,6.341266643926525,2.9031302621101487,-0.2305125807584414,27.509416722776017,0.25769230769230766,117070.56306315422
2,-80,-40,3,-80,50,25,0.68,1.577301561210487,0.007472767049149667,0.009353365738695052,9.68,0.1658167343171575,5.9627862628852535,2.6217370844711723,-0.21821921337415395,27.324753722127983,0.25769230769230766,116581.67343171575
7,-80,-20,10,-50,50,21,0.7619047619047619,1.613600355385413,0.008332636893573442,0.014671163575042279,10.19047619047619,0.15836738711455034,5.42051244637706,2.8056604091872086,-0.2005533495264532,27.027783176775557,0.2846153846153846,115836.73871145504
7,-80,-20,10,-50,100,21,0.7619047619047619,1.613600355385413,0.008332636893573442,0.014671163575042279,10.19047619047619,0.15836738711455034,5.42051244637706,2.8056604091872086,-0.2005533495264532,27.027783176775557,0.2846153846153846,115836.73871145504
5,-80,-50,5,-50,0,22,0.7272727272727273,1.603838876349262,0.008462663308398122,0.014225603785311569,9.590909090909092,0.16930642284866737,6.2310546761625,2.903733082615288,-0.23276073521351848,26.770213929967888,0.27307692307692305,116930.64228486673
5,-80,-50,5,-50,50,22,0.7272727272727273,1.603838876349262,0.008462663308398122,0.014225603785311569,9.590909090909092,0.16930642284866737,6.2310546761625,2.903733082615288,-0.23276073521351848,26.770213929967888,0.27307692307692305,116930.64228486673
5,-80,-50,5,-50,100,22,0.7272727272727273,1.603838876349262,0.008462663308398122,0.014225603785311569,9.590909090909092,0.16930642284866737,6.2310546761625,2.903733082615288,-0.23276073521351848,26.770213929967888,0.27307692307692305,116930.64228486673
5,-80,-40,5,-50,0,22,0.7272727272727273,1.603838876349262,0.008462663308398122,0.014225603785311569,9.590909090909092,0.16930642284866737,6.2310546761625,2.903733082615288,-0.23276073521351848,26.770213929967888,0.27307692307692305,116930.64228486673
5,-80,-30,5,-50,0,22,0.7272727272727273,1.603838876349262,0.008462663308398122,0.014225603785311569,9.590909090909092,0.16930642284866737,6.2310546761625,2.903733082615288,-0.23276073521351848,26.770213929967888,0.27307692307692305,116930.64228486673
10,-90,-20,7,-50,0,16,0.6875,1.7071012013384723,0.010857792835893672,0.015831358722625755,7.75,0.15825380856729443,5.412554228804957,2.8889534406957815,-0.20722058429611034,26.119771098949432,0.2076923076923077,115825.38085672945
10,-90,-20,7,-50,50,16,0.6875,1.7071012013384723,0.010857792835893672,0.015831358722625755,7.75,0.15825380856729443,5.412554228804957,2.8889534406957815,-0.20722058429611034,26.119771098949432,0.2076923076923077,115825.38085672945
10,-90,-20,7,-50,100,16,0.6875,1.7071012013384723,0.010857792835893672,0.015831358722625755,7.75,0.15825380856729443,5.412554228804957,2.8889534406957815,-0.20722058429611034,26.119771098949432,0.2076923076923077,115825.38085672945
10,-90,-20,10,-50,0,16,0.6875,1.7071012013384723,0.010857792835893672,0.015831358722625755,7.75,0.15825380856729443,5.412554228804957,2.8889534406957815,-0.20722058429611034,26.119771098949432,0.2076923076923077,115825.38085672945
10,-90,-20,10,-50,50,16,0.6875,1.7071012013384723,0.010857792835893672,0.015831358722625755,7.75,0.15825380856729443,5.412554228804957,2.8889534406957815,-0.20722058429611034,26.119771098949432,0.2076923076923077,115825.38085672945
10,-90,-20,10,-50,100,16,0.6875,1.7071012013384723,0.010857792835893672,0.015831358722625755,7.75,0.15825380856729443,5.412554228804957,2.8889534406957815,-0.20722058429611034,26.119771098949432,0.2076923076923077,115825.38085672945
3,-85,-30,3,-50,50,24,0.7083333333333334,1.5277294740131886,0.007474762510768414,0.015834710788775075,7.166666666666667,0.16300223394473456,5.753133290672621,2.821131354817645,-0.22093989935033764,26.03935870157184,0.25769230769230766,116300.22339447345
2,-85,-20,3,-50,100,23,0.7391304347826086,1.5375875130631995,0.008127695974774387,0.013766799854703748,9.217391304347826,0.1656201040540657,5.947946714456003,2.813337101788653,-0.23692996117193388,25.104240447411094,0.27692307692307694,116562.01040540656
3,-85,-20,5,-80,0,19,0.6842105263157895,1.5497221147073321,0.009898048289545056,0.01874733702599074,8.842105263157896,0.16642840358302413,6.009135346204208,2.8394785268388256,-0.24199346318410886,24.83180854200368,0.2423076923076923,116642.8403583024
10,-90,-20,5,-100,50,16,0.6875,1.686459149988818,0.0105408267257553,0.01443742476359755,7.5,0.15245017075909995,5.017789714898191,2.8128078584044895,-0.20722058429611045,24.214726215268062,0.19230769230769232,115245.01707591
10,-90,-20,5,-100,100,16,0.6875,1.686459149988818,0.0105408267257553,0.01443742476359755,7.5,0.15245017075909995,5.017789714898191,2.8128078584044895,-0.20722058429611045,24.214726215268062,0.19230769230769232,115245.01707591
10,-90,-20,5,-80,50,16,0.6875,1.686459149988818,0.0105408267257553,0.01443742476359755,7.5,0.15245017075909995,5.017789714898191,2.8128078584044895,-0.20722058429611045,24.214726215268062,0.19230769230769232,115245.01707591
10,-90,-20,5,-80,100,16,0.6875,1.686459149988818,0.0105408267257553,0.01443742476359755,7.5,0.15245017075909995,5.017789714898191,2.8128078584044895,-0.20722058429611045,24.214726215268062,0.19230769230769232,115245.01707591
10,-90,-20,5,-50,50,16,0.6875,1.686459149988818,0.0105408267257553,0.01443742476359755,7.5,0.15245017075909995,5.017789714898191,2.8128078584044895,-0.20722058429611045,24.214726215268062,0.19230769230769232,115245.01707591
10,-90,-20,5,-50,100,16,0.6875,1.686459149988818,0.0105408267257553,0.01443742476359755,7.5,0.15245017075909995,5.017789714898191,2.8128078584044895,-0.20722058429611045,24.214726215268062,0.19230769230769232,115245.01707591
7,-90,-20,7,-50,0,16,0.6875,1.683028832559382,0.010488152969948254,0.015831358722625755,7.8125,0.1514675094302007,4.95320835131285,2.787644880841462,-0.20722058429611057,23.903071058977897,0.21153846153846154,115146.75094302007
7,-90,-20,7,-50,50,16,0.6875,1.683028832559382,0.010488152969948254,0.015831358722625755,7.8125,0.1514675094302007,4.95320835131285,2.787644880841462,-0.20722058429611057,23.903071058977897,0.21153846153846154,115146.75094302007
7,-90,-20,7,-50,100,16,0.6875,1.683028832559382,0.010488152969948254,0.015831358722625755,7.8125,0.1514675094302007,4.95320835131285,2.787644880841462,-0.20722058429611057,23.903071058977897,0.21153846153846154,115146.75094302007
7,-90,-20,10,-50,0,16,0.6875,1.683028832559382,0.010488152969948254,0.015831358722625755,7.8125,0.1514675094302007,4.95320835131285,2.787644880841462,-0.20722058429611057,23.903071058977897,0.21153846153846154,115146.75094302007
7,-90,-20,10,-50,50,16,0.6875,1.683028832559382,0.010488152969948254,0.015831358722625755,7.8125,0.1514675094302007,4.95320835131285,2.787644880841462,-0.20722058429611057,23.903071058977897,0.21153846153846154,115146.75094302007
7,-90,-20,10,-50,100,16,0.6875,1.683028832559382,0.010488152969948254,0.015831358722625755,7.8125,0.1514675094302007,4.95320835131285,2.787644880841462,-0.20722058429611057,23.903071058977897,0.21153846153846154,115146.75094302007
3,-80,-40,5,-80,50,20,0.7,1.5813980488535764,0.008632858656308872,0.01832497937441857,10.0,0.15622406999412553,5.271857554611358,2.7536257134832334,-0.22093989935033786,23.86104805022985,0.23076923076923078,115622.40699941256
3,-80,-40,5,-80,100,20,0.7,1.5813980488535764,0.008632858656308872,0.01832497937441857,10.0,0.15622406999412553,5.271857554611358,2.7536257134832334,-0.22093989935033786,23.86104805022985,0.23076923076923078,115622.40699941256
5,-80,-40,3,-80,100,20,0.7,1.605709774225301,0.008845023374224204,0.013367776785351726,10.55,0.15898558692825593,5.463988164241688,2.7643782064398867,-0.23276073521351826,23.474698854295212,0.27307692307692305,115898.5586928256
5,-80,-30,3,-80,100,20,0.7,1.605709774225301,0.008845023374224204,0.013367776785351726,10.55,0.15898558692825593,5.463988164241688,2.7643782064398867,-0.23276073521351826,23.474698854295212,0.27307692307692305,115898.5586928256
5,-80,-40,5,-80,50,19,0.7368421052631579,1.6242887652835003,0.00929190000531821,0.0179026217228464,10.894736842105264,0.15887545709726458,5.4562233463134495,2.799520463758378,-0.23276073521351826,23.44133919884853,0.25769230769230766,115887.54570972646
5,-80,-40,5,-80,100,19,0.7368421052631579,1.6242887652835003,0.00929190000531821,0.0179026217228464,10.894736842105264,0.15887545709726458,5.4562233463134495,2.799520463758378,-0.23276073521351826,23.44133919884853,0.25769230769230766,115887.54570972646
5,-80,-30,5,-80,50,19,0.7368421052631579,1.6242887652835003,0.00929190000531821,0.0179026217228464,10.894736842105264,0.15887545709726458,5.4562233463134495,2.799520463758378,-0.23276073521351826,23.44133919884853,0.25769230769230766,115887.54570972646
5,-80,-30,5,-80,100,19,0.7368421052631579,1.6242887652835003,0.00929190000531821,0.0179026217228464,10.894736842105264,0.15887545709726458,5.4562233463134495,2.799520463758378,-0.23276073521351826,23.44133919884853,0.25769230769230766,115887.54570972646
7,-80,-20,10,-50,0,21,0.7619047619047619,1.5788479011076046,0.007860701732330581,0.01018017457651732,8.333333333333334,0.1471133299795757,4.67465523536132,2.6642454410678313,-0.2005533495264532,23.30878664654129,0.2692307692307692,114711.33299795758
5,-80,-20,3,-50,50,23,0.6956521739130435,1.5638821492700925,0.007669140751705029,0.012975457848298344,9.217391304347826,0.1573388224344796,5.3487736061937134,2.7607826776418243,-0.23276073521351826,22.97970747208341,0.27692307692307694,115733.88224344797
10,-80,-20,10,-50,50,20,0.75,1.575705431190288,0.008208928641169566,0.012042814852963102,10.55,0.14598505380687632,4.604460211285042,2.634004048850018,-0.20259927825447244,22.726932943471123,0.27307692307692305,114598.50538068764
10,-80,-20,10,-50,100,20,0.75,1.575705431190288,0.008208928641169566,0.012042814852963102,10.55,0.14598505380687632,4.604460211285042,2.634004048850018,-0.20259927825447244,22.726932943471123,0.27307692307692305,114598.50538068764
4,-80,-20,5,-80,0,18,0.7222222222222222,1.5854779307725386,0.009901778633616428,0.01832497937441857,11.38888888888889,0.1575418026100368,5.362872036232292,2.766791861086471,-0.236929961171934,22.63484115603511,0.25,115754.18026100368
2,-85,-20,5,-50,50,21,0.7142857142857143,1.5240798119382286,0.00854742252206713,0.0179026217228464,7.9523809523809526,0.15691133663023926,5.319175695496863,2.7229758046726222,-0.23692996117193388,22.45041390791803,0.23846153846153847,115691.13366302392
2,-85,-20,5,-50,100,21,0.7142857142857143,1.5240798119382286,0.00854742252206713,0.0179026217228464,7.9523809523809526,0.15691133663023926,5.319175695496863,2.7229758046726222,-0.23692996117193388,22.45041390791803,0.23846153846153847,115691.13366302392
4,-85,-30,3,-50,100,20,0.7,1.5434516802612088,0.00884789771364004,0.01832497937441857,8.55,0.15661757383519537,5.298910112817982,2.7376960216052755,-0.2369299611719341,22.364879843004307,0.25384615384615383,115661.75738351954
3,-85,-30,5,-50,0,22,0.7272727272727273,1.5130900661536482,0.007706542871632759,0.01832497937441857,7.636363636363637,0.15215432654807937,4.998279016117449,2.6757857349211567,-0.2261095065770916,22.105567748047317,0.2423076923076923,115215.43265480793
3,-85,-50,3,-50,100,24,0.75,1.491411369072041,0.007253980884525811,0.01832497937441857,7.041666666666667,0.15572860059111848,5.237947264365987,2.7070680282916606,-0.23798799492193334,22.009291964849652,0.24615384615384617,115572.86005911186
4,-80,-20,5,-50,50,19,0.6842105263157895,1.5909048001572872,0.009236061531130551,0.012975457848298344,11.0,0.1547025065583585,5.168256913244779,2.7002393872439794,-0.23692996117193388,21.813437556317794,0.2653846153846154,115470.25065583586
4,-80,-20,5,-50,100,19,0.6842105263157895,1.5909048001572872,0.009236061531130551,0.012975457848298344,11.0,0.1547025065583585,5.168256913244779,2.7002393872439794,-0.23692996117193388,21.813437556317794,0.2653846153846154,115470.25065583586
2,-80,-20,5,-80,0,19,0.7368421052631579,1.548321195534826,0.009272401586755194,0.0179026217228464,10.526315789473685,0.15402687133066495,5.12276132575868,2.7085312840035116,-0.2369299611719341,21.621416305560533,0.23076923076923078,115402.6871330665
3,-80,-40,5,-50,0,23,0.6956521739130435,1.5143205984455848,0.007211632059706618,0.012975457848298344,8.91304347826087,0.14789522174501668,4.723774154541764,2.609661815325221,-0.21912298046728562,21.557639205473517,0.25,114789.52217450166
3,-85,-30,3,-80,100,22,0.7272727272727273,1.517711337161973,0.007511719060354002,0.015834710788775075,7.7727272727272725,0.14791973519542734,4.72532041565204,2.6116337825708458,-0.22093989935033786,21.387356604880313,0.25384615384615383,114791.97351954273
7,-90,-20,3,-50,100,15,0.6666666666666666,1.653035873000525,0.010696106993869248,0.0179026217228464,8.0,0.14304459372155987,4.425261623854376,2.671153553977229,-0.20722058429611057,21.35531872418061,0.19230769230769232,114304.45937215598
7,-90,-20,7,-80,0,15,0.6666666666666666,1.653035873000525,0.010696106993869248,0.0179026217228464,8.0,0.14304459372155987,4.425261623854376,2.671153553977229,-0.20722058429611057,21.35531872418061,0.19230769230769232,114304.45937215598
7,-90,-20,7,-80,50,15,0.6666666666666666,1.653035873000525,0.010696106993869248,0.0179026217228464,8.0,0.14304459372155987,4.425261623854376,2.671153553977229,-0.20722058429611057,21.35531872418061,0.19230769230769232,114304.45937215598
7,-90,-20,7,-80,100,15,0.6666666666666666,1.653035873000525,0.010696106993869248,0.0179026217228464,8.0,0.14304459372155987,4.425261623854376,2.671153553977229,-0.20722058429611057,21.35531872418061,0.19230769230769232,114304.45937215598
3,-85,-40,3,-50,50,24,0.7083333333333334,1.4728913415702,0.006947413670528646,0.015834710788775075,7.125,0.14747955532625068,4.697613200985822,2.60953255595614,-0.22093989935033786,21.261950488793136,0.25384615384615383,114747.95553262507
10,-90,-20,3,-80,100,15,0.6666666666666666,1.6454616795232746,0.010572048902768224,0.013760095722405108,7.933333333333334,0.14100608763082012,4.304143890986884,2.6450061417998563,-0.20722058429611034,20.770831747276738,0.18846153846153846,114100.60876308201
7,-80,-20,7,-50,50,21,0.7142857142857143,1.535829870960035,0.007507246962574321,0.013760095722405108,10.19047619047619,0.1384986293125554,4.158579796128955,2.510855318201268,-0.20055334952645332,20.735529004866766,0.2846153846153846,113849.86293125554
7,-80,-20,7,-50,100,21,0.7142857142857143,1.535829870960035,0.007507246962574321,0.013760095722405108,10.19047619047619,0.1384986293125554,4.158579796128955,2.510855318201268,-0.20055334952645332,20.735529004866766,0.2846153846153846,113849.86293125554
5,-85,-20,7,-80,0,18,0.7222222222222222,1.5478471693555014,0.0092268752046626,0.015831358722625755,9.166666666666666,0.14590613997894653,4.599580682305426,2.6280415481543997,-0.22201124503685465,20.71778247782845,0.23076923076923078,114590.61399789466
5,-85,-20,7,-80,50,18,0.7222222222222222,1.5478471693555014,0.0092268752046626,0.015831358722625755,9.166666666666666,0.14590613997894653,4.599580682305426,2.6280415481543997,-0.22201124503685465,20.71778247782845,0.23076923076923078,114590.61399789466
5,-85,-20,7,-80,100,18,0.7222222222222222,1.5478471693555014,0.0092268752046626,0.015831358722625755,9.166666666666666,0.14590613997894653,4.599580682305426,2.6280415481543997,-0.22201124503685465,20.71778247782845,0.23076923076923078,114590.61399789466
5,-80,-20,7,-80,0,18,0.7222222222222222,1.5478471693555014,0.0092268752046626,0.015831358722625755,9.166666666666666,0.14590613997894653,4.599580682305426,2.6280415481543997,-0.22201124503685465,20.71778247782845,0.23076923076923078,114590.61399789466
5,-80,-20,7,-80,50,18,0.7222222222222222,1.5478471693555014,0.0092268752046626,0.015831358722625755,9.166666666666666,0.14590613997894653,4.599580682305426,2.6280415481543997,-0.22201124503685465,20.71778247782845,0.23076923076923078,114590.61399789466
5,-80,-20,7,-80,100,18,0.7222222222222222,1.5478471693555014,0.0092268752046626,0.015831358722625755,9.166666666666666,0.14590613997894653,4.599580682305426,2.6280415481543997,-0.22201124503685465,20.71778247782845,0.23076923076923078,114590.61399789466
7,-90,-20,5,-100,50,15,0.6666666666666666,1.641799547094167,0.010512066653849073,0.0179026217228464,7.866666666666666,0.1399424623780381,4.241942001243451,2.626951344793901,-0.20722058429611045,20.47065939733996,0.18461538461538463,113994.2462378038
7,-90,-20,5,-100,100,15,0.6666666666666666,1.641799547094167,0.010512066653849073,0.0179026217228464,7.866666666666666,0.1399424623780381,4.241942001243451,2.626951344793901,-0.20722058429611045,20.47065939733996,0.18461538461538463,113994.2462378038
3,-80,-40,3,-80,100,23,0.6956521739130435,1.518200592753601,0.0070172246668238,0.012975457848298344,9.08695652173913,0.14342613625196998,4.448211962670762,2.5425861377325902,-0.21821921337415429,20.384144429317264,0.2653846153846154,114342.613625197
3,-80,-50,5,-50,0,23,0.6956521739130435,1.5018581122548957,0.007036887230842967,0.012975457848298344,8.869565217391305,0.14333175183269642,4.44252629420011,2.5462508371465957,-0.21912298046728562,20.274123164655315,0.24615384615384617,114333.17518326965
3,-80,-50,5,-50,50,23,0.6956521739130435,1.5018581122548957,0.007036887230842967,0.012975457848298344,8.869565217391305,0.14333175183269642,4.44252629420011,2.5462508371465957,-0.21912298046728562,20.274123164655315,0.24615384615384617,114333.17518326965
3,-80,-50,5,-50,100,23,0.6956521739130435,1.5018581122548957,0.007036887230842967,0.012975457848298344,8.869565217391305,0.14333175183269642,4.44252629420011,2.5462508371465957,-0.21912298046728562,20.274123164655315,0.24615384615384617,114333.17518326965
10,-80,-20,10,-50,0,20,0.75,1.540836697192461,0.007711738700466231,0.01148732283422993,8.6,0.13485129657680117,3.9534020446122886,2.490648543781669,-0.20259927825447244,19.51340635896375,0.25769230769230766,113485.12965768013
2,-80,-30,5,-50,50,23,0.7391304347826086,1.514940042705888,0.006765579671518082,0.012793373216751114,8.91304347826087,0.1378967409467653,4.124190687635749,2.4932367525271713,-0.21438804332605876,19.237036840544995,0.25,113789.67409467652
2,-80,-30,5,-50,100,23,0.7391304347826086,1.514940042705888,0.006765579671518082,0.012793373216751114,8.91304347826087,0.1378967409467653,4.124190687635749,2.4932367525271713,-0.21438804332605876,19.237036840544995,0.25,113789.67409467652
3,-85,-40,5,-50,50,22,0.7272727272727273,1.4794771407490765,0.007248014789030432,0.01832497937441857,7.545454545454546,0.139928756309466,4.241144858867652,2.504887516743734,-0.22093989935033775,19.195921023493344,0.23461538461538461,113992.8756309466
3,-85,-40,5,-50,100,22,0.7272727272727273,1.4794771407490765,0.007248014789030432,0.01832497937441857,7.545454545454546,0.139928756309466,4.241144858867652,2.504887516743734,-0.22093989935033775,19.195921023493344,0.23461538461538461,113992.8756309466
2,-85,-20,3,-80,100,22,0.7272727272727273,1.4836745162335951,0.007644985017900916,0.013280086535727431,9.545454545454545,0.14416996412166116,4.493211559587758,2.5260380247366085,-0.23692996117193388,18.96430294152267,0.2692307692307692,114416.99641216612
10,-90,-20,5,-100,0,16,0.6875,1.5804052729822615,0.009510397766412867,0.01443742476359755,7.4375,0.13337519786426877,3.8725228524814916,2.532174130001604,-0.20722058429611023,18.687925553514535,0.18846153846153846,113337.51978642688
10,-90,-20,5,-80,0,16,0.6875,1.5804052729822615,0.009510397766412867,0.01443742476359755,7.4375,0.13337519786426877,3.8725228524814916,2.532174130001604,-0.20722058429611023,18.687925553514535,0.18846153846153846,113337.51978642688
10,-90,-20,5,-50,0,16,0.6875,1.5804052729822615,0.009510397766412867,0.01443742476359755,7.4375,0.13337519786426877,3.8725228524814916,2.532174130001604,-0.20722058429611023,18.687925553514535,0.18846153846153846,113337.51978642688
7,-90,-20,5,-80,50,15,0.6666666666666666,1.6177271783150768,0.010117784130173961,0.0179026217228464,7.933333333333334,0.13326345084226654,3.866449746143637,2.5252643601201883,-0.20722058429611034,18.658618106291154,0.18846153846153846,113326.34508422666
7,-90,-20,5,-80,100,15,0.6666666666666666,1.6177271783150768,0.010117784130173961,0.0179026217228464,7.933333333333334,0.13326345084226654,3.866449746143637,2.5252643601201883,-0.20722058429611034,18.658618106291154,0.18846153846153846,113326.34508422666
7,-90,-20,5,-50,50,15,0.6666666666666666,1.6177271783150768,0.010117784130173961,0.0179026217228464,7.933333333333334,0.13326345084226654,3.866449746143637,2.5252643601201883,-0.20722058429611034,18.658618106291154,0.18846153846153846,113326.34508422666
7,-90,-20,5,-50,100,15,0.6666666666666666,1.6177271783150768,0.010117784130173961,0.0179026217228464,7.933333333333334,0.13326345084226654,3.866449746143637,2.5252643601201883,-0.20722058429611034,18.658618106291154,0.18846153846153846,113326.34508422666
3,-80,-40,5,-80,0,20,0.7,1.4982211170400221,0.007808515488834928,0.01832497937441857,9.95,0.13708663277116773,4.078238142269409,2.4876812279628746,-0.22093989935033786,18.45858604200171,0.22692307692307692,113708.66327711676
10,-80,-30,3,-50,100,21,0.7142857142857143,1.5034672136144653,0.007059026175068367,0.013760095722405108,9.952380952380953,0.13007809453420816,3.6962391874477314,2.4089652938685617,-0.20055334952645332,18.430204213369127,0.2653846153846154,113007.80945342082
4,-80,-30,5,-80,50,18,0.7222222222222222,1.5625553568650419,0.008998839995047062,0.01832497937441857,11.38888888888889,0.14181670302989202,4.352005154895159,2.557167319372327,-0.23692996117193388,18.36831920019192,0.25,114181.6703029892
4,-80,-30,5,-80,100,18,0.7222222222222222,1.5625553568650419,0.008998839995047062,0.01832497937441857,11.38888888888889,0.14181670302989202,4.352005154895159,2.557167319372327,-0.23692996117193388,18.36831920019192,0.25,114181.6703029892
4,-85,-20,5,-50,50,19,0.6842105263157895,1.5061791824659063,0.00867480721915504,0.0179026217228464,8.947368421052632,0.14107350287141274,4.308109218016559,2.52363936517076,-0.23692996117193388,18.18304952529949,0.25,114107.35028714128
4,-85,-20,5,-50,100,19,0.6842105263157895,1.5061791824659063,0.00867480721915504,0.0179026217228464,8.947368421052632,0.14107350287141274,4.308109218016559,2.52363936517076,-0.23692996117193388,18.18304952529949,0.25,114107.35028714128
5,-80,-50,5,-80,0,19,0.7368421052631579,1.5348099869900347,0.008424170355345637,0.0179026217228464,10.842105263157896,0.13969413499458772,4.227516627534578,2.5326134201131394,-0.23276073521351826,18.162499029986964,0.25384615384615383,113969.41349945877
5,-80,-50,5,-80,50,19,0.7368421052631579,1.5348099869900347,0.008424170355345637,0.0179026217228464,10.842105263157896,0.13969413499458772,4.227516627534578,2.5326134201131394,-0.23276073521351826,18.162499029986964,0.25384615384615383,113969.41349945877
5,-80,-50,5,-80,100,19,0.7368421052631579,1.5348099869900347,0.008424170355345637,0.0179026217228464,10.842105263157896,0.13969413499458772,4.227516627534578,2.5326134201131394,-0.23276073521351826,18.162499029986964,0.25384615384615383,113969.41349945877
5,-80,-40,5,-80,0,19,0.7368421052631579,1.5348099869900347,0.008424170355345637,0.0179026217228464,10.842105263157896,0.13969413499458772,4.227516627534578,2.5326134201131394,-0.23276073521351826,18.162499029986964,0.25384615384615383,113969.41349945877
5,-80,-30,5,-80,0,19,0.7368421052631579,1.5348099869900347,0.008424170355345637,0.0179026217228464,10.842105263157896,0.13969413499458772,4.227516627534578,2.5326134201131394,-0.23276073521351826,18.162499029986964,0.25384615384615383,113969.41349945877
4,-85,-40,3,-50,100,20,0.7,1.4917133444691637,0.008151992263591257,0.01832497937441857,8.45,0.14062787733378523,4.281948308638374,2.516059362981045,-0.236929961171934,18.072633310951645,0.24615384615384617,114062.78773337851
3,-85,-20,5,-100,50,18,0.6666666666666666,1.506268990374366,0.009013826647772652,0.01832497937441857,9.277777777777779,0.13852836847540395,4.160284451468835,2.4953495116122695,-0.23276073521351837,17.8736523050268,0.23846153846153847,113852.83684754038
3,-85,-20,5,-100,100,18,0.6666666666666666,1.506268990374366,0.009013826647772652,0.01832497937441857,9.277777777777779,0.13852836847540395,4.160284451468835,2.4953495116122695,-0.23276073521351837,17.8736523050268,0.23846153846153847,113852.83684754038
4,-85,-20,5,-100,50,18,0.6666666666666666,1.506268990374366,0.009013826647772652,0.01832497937441857,9.277777777777779,0.13852836847540395,4.160284451468835,2.4953495116122695,-0.23276073521351837,17.8736523050268,0.23846153846153847,113852.83684754038
4,-85,-20,5,-100,100,18,0.6666666666666666,1.506268990374366,0.009013826647772652,0.01832497937441857,9.277777777777779,0.13852836847540395,4.160284451468835,2.4953495116122695,-0.23276073521351837,17.8736523050268,0.23846153846153847,113852.83684754038
7,-80,-20,7,-50,0,21,0.7142857142857143,1.5021454913451209,0.00703531180133146,0.01018017457651732,8.333333333333334,0.1274376060440312,3.5593186044909064,2.367390353802501,-0.20055334952645332,17.74749019597614,0.2692307692307692,112743.76060440311
7,-80,-30,3,-50,100,21,0.7142857142857143,1.4941405111613772,0.00692825810325935,0.014671163575042279,10.047619047619047,0.12699953477074866,3.5369615938188748,2.3609938239100896,-0.20055334952645332,17.63601357030611,0.27307692307692305,112699.95347707486
3,-85,-30,5,-80,50,20,0.7,1.486958568075138,0.007644035496320351,0.01832497937441857,8.3,0.1337393826908102,3.8923636494134772,2.429129276712836,-0.22093989935033786,17.61729620072593,0.23461538461538461,113373.93826908102
3,-85,-30,5,-80,100,20,0.7,1.486958568075138,0.007644035496320351,0.01832497937441857,8.3,0.1337393826908102,3.8923636494134772,2.429129276712836,-0.22093989935033786,17.61729620072593,0.23461538461538461,113373.93826908102
10,-80,-20,7,-80,50,17,0.7058823529411765,1.5231189816295372,0.008775415870659206,0.0179026217228464,11.705882352941176,0.12896714896927208,3.6381769760229696,2.406528019856895,-0.20722058429611045,17.557024985626676,0.22692307692307692,112896.71489692721
10,-80,-20,7,-80,100,17,0.7058823529411765,1.5231189816295372,0.008775415870659206,0.0179026217228464,11.705882352941176,0.12896714896927208,3.6381769760229696,2.406528019856895,-0.20722058429611045,17.557024985626676,0.22692307692307692,112896.71489692721
3,-80,-30,3,-50,0,27,0.7037037037037037,1.4582694189918346,0.005602568501592394,0.012975457848298344,7.925925925925926,0.133264832243442,3.8665247784669186,2.4267652075499386,-0.22096534950389157,17.498330788732204,0.2846153846153846,113326.4832243442
3,-80,-50,5,-80,0,20,0.7,1.4853991153994304,0.0076075589356417285,0.01832497937441857,9.9,0.13256613252162008,3.8287098462087785,2.423165221578813,-0.22093989935033786,17.329191592224394,0.2230769230769231,113256.61325216202
3,-80,-50,5,-80,50,20,0.7,1.4853991153994304,0.0076075589356417285,0.01832497937441857,9.9,0.13256613252162008,3.8287098462087785,2.423165221578813,-0.22093989935033786,17.329191592224394,0.2230769230769231,113256.61325216202
3,-80,-50,5,-80,100,20,0.7,1.4853991153994304,0.0076075589356417285,0.01832497937441857,9.9,0.13256613252162008,3.8287098462087785,2.423165221578813,-0.22093989935033786,17.329191592224394,0.2230769230769231,113256.61325216202
10,-80,-20,7,-50,50,20,0.7,1.49909960144114,0.00734226921362049,0.011587280926644516,10.55,0.1263286824931844,3.5029202038939298,2.3396506938020165,-0.20259927825447244,17.28989478182705,0.27307692307692305,112632.86824931845
10,-80,-20,7,-50,100,20,0.7,1.49909960144114,0.00734226921362049,0.011587280926644516,10.55,0.1263286824931844,3.5029202038939298,2.3396506938020165,-0.20259927825447244,17.28989478182705,0.27307692307692305,112632.86824931845
10,-90,-40,3,-50,100,16,0.6875,1.5885091614879763,0.009036769482736663,0.015831358722625755,7.5,0.1276276177287401,3.5690473806360616,2.456119992653497,-0.20722058429611045,17.223421084152655,0.19230769230769232,112762.761772874
10,-90,-40,7,-80,0,16,0.6875,1.5885091614879763,0.009036769482736663,0.015831358722625755,7.5,0.1276276177287401,3.5690473806360616,2.456119992653497,-0.20722058429611045,17.223421084152655,0.19230769230769232,112762.761772874
10,-90,-40,7,-80,50,16,0.6875,1.5885091614879763,0.009036769482736663,0.015831358722625755,7.5,0.1276276177287401,3.5690473806360616,2.456119992653497,-0.20722058429611045,17.223421084152655,0.19230769230769232,112762.761772874
10,-90,-40,7,-80,100,16,0.6875,1.5885091614879763,0.009036769482736663,0.015831358722625755,7.5,0.1276276177287401,3.5690473806360616,2.456119992653497,-0.20722058429611045,17.223421084152655,0.19230769230769232,112762.761772874
10,-90,-30,3,-50,100,16,0.6875,1.5885091614879763,0.009036769482736663,0.015831358722625755,7.5,0.1276276177287401,3.5690473806360616,2.456119992653497,-0.20722058429611045,17.223421084152655,0.19230769230769232,112762.761772874
10,-90,-30,7,-80,0,16,0.6875,1.5885091614879763,0.009036769482736663,0.015831358722625755,7.5,0.1276276177287401,3.5690473806360616,2.456119992653497,-0.20722058429611045,17.223421084152655,0.19230769230769232,112762.761772874
10,-90,-30,7,-80,50,16,0.6875,1.5885091614879763,0.009036769482736663,0.015831358722625755,7.5,0.1276276177287401,3.5690473806360616,2.456119992653497,-0.20722058429611045,17.223421084152655,0.19230769230769232,112762.761772874
10,-90,-30,7,-80,100,16,0.6875,1.5885091614879763,0.009036769482736663,0.015831358722625755,7.5,0.1276276177287401,3.5690473806360616,2.456119992653497,-0.20722058429611045,17.223421084152655,0.19230769230769232,112762.761772874
5,-80,-20,5,-100,50,19,0.6842105263157895,1.494965630035629,0.008348757018223485,0.0179026217228464,9.052631578947368,0.1348652150307761,3.954170521429674,2.4414113916251883,-0.23276073521351826,16.988133835384208,0.25769230769230766,113486.52150307762
5,-80,-20,5,-100,100,19,0.6842105263157895,1.494965630035629,0.008348757018223485,0.0179026217228464,9.052631578947368,0.1348652150307761,3.954170521429674,2.4414113916251883,-0.23276073521351826,16.988133835384208,0.25769230769230766,113486.52150307762
4,-80,-20,5,-50,0,19,0.6842105263157895,1.507230002969283,0.008368331881157978,0.012975457848298344,10.947368421052632,0.13559025374860312,3.9943541056869227,2.438484143258205,-0.23692996117193377,16.858796945432857,0.26153846153846155,113559.02537486031
7,-80,-30,10,-50,50,21,0.7619047619047619,1.498795745636066,0.0067736007581578475,0.014671163575042279,10.142857142857142,0.12371862161393254,3.372702219856029,2.3229261170334854,-0.20055334952645343,16.81698275206898,0.28076923076923077,112371.86216139326
7,-80,-30,10,-50,100,21,0.7619047619047619,1.498795745636066,0.0067736007581578475,0.014671163575042279,10.142857142857142,0.12371862161393254,3.372702219856029,2.3229261170334854,-0.20055334952645343,16.81698275206898,0.28076923076923077,112371.86216139326
7,-80,-20,7,-80,50,17,0.7058823529411765,1.5134894566232377,0.00861387884077748,0.0179026217228464,11.823529411764707,0.1258916156447214,3.4808686196810807,2.3581137191663823,-0.20722058429611045,16.797890187912266,0.23461538461538461,112589.16156447213
7,-80,-20,7,-80,100,17,0.7058823529411765,1.5134894566232377,0.00861387884077748,0.0179026217228464,11.823529411764707,0.1258916156447214,3.4808686196810807,2.3581137191663823,-0.20722058429611045,16.797890187912266,0.23461538461538461,112589.16156447213
2,-85,-20,5,-50,0,21,0.7142857142857143,1.4540842396616909,0.007762333791139563,0.0179026217228464,7.904761904761905,0.13776252399792455,4.116551000266198,2.462289796190987,-0.24521217459309375,16.787710508653262,0.23461538461538461,113776.25239979244
3,-85,-20,7,-50,0,19,0.6842105263157895,1.4898739630352167,0.008395371319523235,0.0179026217228464,8.947368421052632,0.13519594463567675,3.972463362402954,2.446915245002085,-0.23692996117193388,16.76640363571512,0.25,113519.59446356767
3,-85,-20,7,-50,50,19,0.6842105263157895,1.4898739630352167,0.008395371319523235,0.0179026217228464,8.947368421052632,0.13519594463567675,3.972463362402954,2.446915245002085,-0.23692996117193388,16.76640363571512,0.25,113519.59446356767
3,-85,-20,7,-50,100,19,0.6842105263157895,1.4898739630352167,0.008395371319523235,0.0179026217228464,8.947368421052632,0.13519594463567675,3.972463362402954,2.446915245002085,-0.23692996117193388,16.76640363571512,0.25,113519.59446356767
3,-85,-20,7,-80,0,17,0.7058823529411765,1.5024578442447099,0.008960215174207158,0.0179026217228464,9.411764705882353,0.13035238298896878,3.7106772010813236,2.4056503183547755,-0.22201124503685477,16.71391555173404,0.21153846153846154,113035.23829889689
3,-85,-20,7,-80,50,17,0.7058823529411765,1.5024578442447099,0.008960215174207158,0.0179026217228464,9.411764705882353,0.13035238298896878,3.7106772010813236,2.4056503183547755,-0.22201124503685477,16.71391555173404,0.21153846153846154,113035.23829889689
3,-85,-20,7,-80,100,17,0.7058823529411765,1.5024578442447099,0.008960215174207158,0.0179026217228464,9.411764705882353,0.13035238298896878,3.7106772010813236,2.4056503183547755,-0.22201124503685477,16.71391555173404,0.21153846153846154,113035.23829889689
3,-80,-20,7,-80,0,17,0.7058823529411765,1.5024578442447099,0.008960215174207158,0.0179026217228464,9.411764705882353,0.13035238298896878,3.7106772010813236,2.4056503183547755,-0.22201124503685477,16.71391555173404,0.21153846153846154,113035.23829889689
3,-80,-20,7,-80,50,17,0.7058823529411765,1.5024578442447099,0.008960215174207158,0.0179026217228464,9.411764705882353,0.13035238298896878,3.7106772010813236,2.4056503183547755,-0.22201124503685477,16.71391555173404,0.21153846153846154,113035.23829889689
3,-80,-20,7,-80,100,17,0.7058823529411765,1.5024578442447099,0.008960215174207158,0.0179026217228464,9.411764705882353,0.13035238298896878,3.7106772010813236,2.4056503183547755,-0.22201124503685477,16.71391555173404,0.21153846153846154,113035.23829889689
4,-85,-20,7,-80,0,17,0.7058823529411765,1.5024578442447099,0.008960215174207158,0.0179026217228464,9.411764705882353,0.13035238298896878,3.7106772010813236,2.4056503183547755,-0.22201124503685477,16.71391555173404,0.21153846153846154,113035.23829889689
4,-85,-20,7,-80,50,17,0.7058823529411765,1.5024578442447099,0.008960215174207158,0.0179026217228464,9.411764705882353,0.13035238298896878,3.7106772010813236,2.4056503183547755,-0.22201124503685477,16.71391555173404,0.21153846153846154,113035.23829889689
4,-85,-20,7,-80,100,17,0.7058823529411765,1.5024578442447099,0.008960215174207158,0.0179026217228464,9.411764705882353,0.13035238298896878,3.7106772010813236,2.4056503183547755,-0.22201124503685477,16.71391555173404,0.21153846153846154,113035.23829889689
4,-80,-20,7,-80,0,17,0.7058823529411765,1.5024578442447099,0.008960215174207158,0.0179026217228464,9.411764705882353,0.13035238298896878,3.7106772010813236,2.4056503183547755,-0.22201124503685477,16.71391555173404,0.21153846153846154,113035.23829889689
4,-80,-20,7,-80,50,17,0.7058823529411765,1.5024578442447099,0.008960215174207158,0.0179026217228464,9.411764705882353,0.13035238298896878,3.7106772010813236,2.4056503183547755,-0.22201124503685477,16.71391555173404,0.21153846153846154,113035.23829889689
4,-80,-20,7,-80,100,17,0.7058823529411765,1.5024578442447099,0.008960215174207158,0.0179026217228464,9.411764705882353,0.13035238298896878,3.7106772010813236,2.4056503183547755,-0.22201124503685477,16.71391555173404,0.21153846153846154,113035.23829889689
3,-80,-20,5,-100,50,18,0.6666666666666666,1.4927181791257278,0.008772562288599498,0.01832497937441857,9.333333333333334,0.1336338419004346,3.886606141916679,2.425488383498181,-0.23276073521351837,16.697859878949853,0.2423076923076923,113363.38419004345
3,-80,-20,5,-100,100,18,0.6666666666666666,1.4927181791257278,0.008772562288599498,0.01832497937441857,9.333333333333334,0.1336338419004346,3.886606141916679,2.425488383498181,-0.23276073521351837,16.697859878949853,0.2423076923076923,113363.38419004345
10,-90,-40,7,-50,0,16,0.6875,1.5738425181521825,0.008811557908160704,0.015831358722625755,7.6875,0.12360844039682739,3.3672822606340462,2.3877519979812534,-0.20722058429611045,16.249747929589496,0.20384615384615384,112360.84403968275
10,-90,-40,7,-50,50,16,0.6875,1.5738425181521825,0.008811557908160704,0.015831358722625755,7.6875,0.12360844039682739,3.3672822606340462,2.3877519979812534,-0.20722058429611045,16.249747929589496,0.20384615384615384,112360.84403968275
10,-90,-40,7,-50,100,16,0.6875,1.5738425181521825,0.008811557908160704,0.015831358722625755,7.6875,0.12360844039682739,3.3672822606340462,2.3877519979812534,-0.20722058429611045,16.249747929589496,0.20384615384615384,112360.84403968275
10,-90,-40,10,-50,0,16,0.6875,1.5738425181521825,0.008811557908160704,0.015831358722625755,7.6875,0.12360844039682739,3.3672822606340462,2.3877519979812534,-0.20722058429611045,16.249747929589496,0.20384615384615384,112360.84403968275
10,-90,-40,10,-50,50,16,0.6875,1.5738425181521825,0.008811557908160704,0.015831358722625755,7.6875,0.12360844039682739,3.3672822606340462,2.3877519979812534,-0.20722058429611045,16.249747929589496,0.20384615384615384,112360.84403968275
10,-90,-40,10,-50,100,16,0.6875,1.5738425181521825,0.008811557908160704,0.015831358722625755,7.6875,0.12360844039682739,3.3672822606340462,2.3877519979812534,-0.20722058429611045,16.249747929589496,0.20384615384615384,112360.84403968275
10,-90,-30,7,-50,0,16,0.6875,1.5738425181521825,0.008811557908160704,0.015831358722625755,7.6875,0.12360844039682739,3.3672822606340462,2.3877519979812534,-0.20722058429611045,16.249747929589496,0.20384615384615384,112360.84403968275
10,-90,-30,7,-50,50,16,0.6875,1.5738425181521825,0.008811557908160704,0.015831358722625755,7.6875,0.12360844039682739,3.3672822606340462,2.3877519979812534,-0.20722058429611045,16.249747929589496,0.20384615384615384,112360.84403968275
10,-90,-30,7,-50,100,16,0.6875,1.5738425181521825,0.008811557908160704,0.015831358722625755,7.6875,0.12360844039682739,3.3672822606340462,2.3877519979812534,-0.20722058429611045,16.249747929589496,0.20384615384615384,112360.84403968275
10,-90,-30,10,-50,0,16,0.6875,1.5738425181521825,0.008811557908160704,0.015831358722625755,7.6875,0.12360844039682739,3.3672822606340462,2.3877519979812534,-0.20722058429611045,16.249747929589496,0.20384615384615384,112360.84403968275
10,-90,-30,10,-50,50,16,0.6875,1.5738425181521825,0.008811557908160704,0.015831358722625755,7.6875,0.12360844039682739,3.3672822606340462,2.3877519979812534,-0.20722058429611045,16.249747929589496,0.20384615384615384,112360.84403968275
10,-90,-30,10,-50,100,16,0.6875,1.5738425181521825,0.008811557908160704,0.015831358722625755,7.6875,0.12360844039682739,3.3672822606340462,2.3877519979812534,-0.20722058429611045,16.249747929589496,0.20384615384615384,112360.84403968275
5,-85,-20,3,-50,100,19,0.6842105263157895,1.4900783719114752,0.008195563481870526,0.013760095722405108,9.052631578947368,0.13151224160606545,3.7721829723649254,2.4036977288312653,-0.23276073521351826,16.206268505315517,0.25769230769230766,113151.22416060654
5,-85,-20,7,-50,0,19,0.6842105263157895,1.4900783719114752,0.008195563481870526,0.013760095722405108,9.052631578947368,0.13151224160606545,3.7721829723649254,2.4036977288312653,-0.23276073521351826,16.206268505315517,0.25769230769230766,113151.22416060654
5,-85,-20,7,-50,50,19,0.6842105263157895,1.4900783719114752,0.008195563481870526,0.013760095722405108,9.052631578947368,0.13151224160606545,3.7721829723649254,2.4036977288312653,-0.23276073521351826,16.206268505315517,0.25769230769230766,113151.22416060654
5,-85,-20,7,-50,100,19,0.6842105263157895,1.4900783719114752,0.008195563481870526,0.013760095722405108,9.052631578947368,0.13151224160606545,3.7721829723649254,2.4036977288312653,-0.23276073521351826,16.206268505315517,0.25769230769230766,113151.22416060654
10,-85,-20,3,-50,100,18,0.7222222222222222,1.4972312894799438,0.007877748183859458,0.012366161763376904,9.055555555555555,0.12089536880344953,3.2357587469697737,2.297358848465697,-0.20055334952645332,16.134154600808458,0.2230769230769231,112089.53688034495
4,-85,-20,5,-80,50,18,0.6666666666666666,1.4824967903107478,0.008728328372322304,0.01832497937441857,9.333333333333334,0.13234153439886454,3.8166117722167785,2.4067223734480567,-0.23692996117193388,16.10860759584206,0.2423076923076923,113234.15343988645
4,-85,-20,5,-80,100,18,0.6666666666666666,1.4824967903107478,0.008728328372322304,0.01832497937441857,9.333333333333334,0.13234153439886454,3.8166117722167785,2.4067223734480567,-0.23692996117193388,16.10860759584206,0.2423076923076923,113234.15343988645
7,-90,-20,3,-80,100,14,0.6428571428571429,1.5767297078495335,0.010121019134431999,0.015831358722625755,8.428571428571429,0.12200989605374368,3.2893405909314266,2.3569992379490396,-0.20722058429611057,15.873618936577653,0.18461538461538463,112200.98960537436
5,-80,-50,3,-80,100,20,0.7,1.491793370384874,0.007586938058978793,0.011973842826323522,10.45,0.1300490425190297,3.694712334835626,2.3654284901657703,-0.23276073521351814,15.87343471589553,0.2653846153846154,113004.90425190296
10,-80,-40,3,-50,100,21,0.7142857142857143,1.4696950071244397,0.006585511945827095,0.013560179537575934,8.095238095238095,0.11909888052633555,3.1506871163526906,2.2630974657629843,-0.20055334952645332,15.709970059298909,0.25,111909.88805263356
7,-90,-20,5,-100,0,15,0.6666666666666666,1.5385541128729472,0.00941294243055048,0.0179026217228464,7.8,0.12107451292283034,3.2443294635584277,2.3456332796901447,-0.20722058429611023,15.656405344955527,0.18076923076923077,112107.45129228303
3,-80,-20,3,-80,50,22,0.6363636363636364,1.4693792751263561,0.0069397684695504365,0.011973842826323522,9.590909090909092,0.12929999342181464,3.655502937608879,2.340058062038072,-0.23426511676294126,15.604128297547492,0.27307692307692305,112929.99934218147
3,-80,-20,7,-50,0,21,0.6666666666666666,1.46509153053789,0.007411811043738448,0.0109722278043487,8.380952380952381,0.13079026441973363,3.733811176486074,2.3694664099089024,-0.24321928963488848,15.351624380167909,0.27307692307692305,113079.02644197336
3,-80,-20,7,-50,50,21,0.6666666666666666,1.46509153053789,0.007411811043738448,0.0109722278043487,8.380952380952381,0.13079026441973363,3.733811176486074,2.3694664099089024,-0.24321928963488848,15.351624380167909,0.27307692307692305,113079.02644197336
3,-80,-20,7,-50,100,21,0.6666666666666666,1.46509153053789,0.007411811043738448,0.0109722278043487,8.380952380952381,0.13079026441973363,3.733811176486074,2.3694664099089024,-0.24321928963488848,15.351624380167909,0.27307692307692305,113079.02644197336
3,-80,-40,3,-50,0,27,0.7037037037037037,1.416113056854889,0.005282241168202553,0.012975457848298344,7.851851851851852,0.12256149628088497,3.31608951596343,2.276236795510672,-0.21814089955153237,15.201594578462146,0.27692307692307694,112256.1496280885
4,-80,-20,3,-50,50,21,0.6190476190476191,1.4713323471355924,0.007183172792740928,0.012975457848298344,10.047619047619047,0.12775190575494388,3.5754213826711743,2.340329335461334,-0.23692996117193388,15.090625790786268,0.27307692307692305,112775.19057549439
2,-85,-20,10,-50,50,18,0.6666666666666666,1.4583840496156737,0.00783609603434899,0.01832497937441857,11.277777777777779,0.11839116746581557,3.1176080004469275,2.227530942114474,-0.20722058429611045,15.044876024439649,0.2423076923076923,111839.11674658157
2,-85,-20,10,-50,100,18,0.6666666666666666,1.4583840496156737,0.00783609603434899,0.01832497937441857,11.277777777777779,0.11839116746581557,3.1176080004469275,2.227530942114474,-0.20722058429611045,15.044876024439649,0.2423076923076923,111839.11674658157
7,-80,-40,3,-50,100,21,0.7142857142857143,1.460480927708234,0.00645632294201649,0.013760095722405108,8.19047619047619,0.11605023034756945,3.0099124604181977,2.214896155388069,-0.20055334952645332,15.008038846148443,0.25769230769230766,111605.02303475694
10,-80,-20,7,-80,0,17,0.7058823529411765,1.4882502476317099,0.008190486528655283,0.013760095722405108,9.411764705882353,0.1179987282943269,3.0993698679570167,2.2595745560223164,-0.20722058429611045,14.956862893158014,0.21153846153846154,111799.87282943269
10,-90,-40,5,-100,50,16,0.6875,1.553200466802528,0.008494591798022331,0.01443742476359755,7.4375,0.11797839940058008,3.0984271372000043,2.308630040283492,-0.20722058429611057,14.95231348625321,0.18846153846153846,111797.83994005801
10,-90,-40,5,-100,100,16,0.6875,1.553200466802528,0.008494591798022331,0.01443742476359755,7.4375,0.11797839940058008,3.0984271372000043,2.308630040283492,-0.20722058429611057,14.95231348625321,0.18846153846153846,111797.83994005801
10,-90,-40,5,-80,50,16,0.6875,1.553200466802528,0.008494591798022331,0.01443742476359755,7.4375,0.11797839940058008,3.0984271372000043,2.308630040283492,-0.20722058429611057,14.95231348625321,0.18846153846153846,111797.83994005801
10,-90,-40,5,-80,100,16,0.6875,1.553200466802528,0.008494591798022331,0.01443742476359755,7.4375,0.11797839940058008,3.0984271372000043,2.308630040283492,-0.20722058429611057,14.95231348625321,0.18846153846153846,111797.83994005801
10,-90,-40,5,-50,50,16,0.6875,1.553200466802528,0.008494591798022331,0.01443742476359755,7.4375,0.11797839940058008,3.0984271372000043,2.308630040283492,-0.20722058429611057,14.95231348625321,0.18846153846153846,111797.83994005801
10,-90,-40,5,-50,100,16,0.6875,1.553200466802528,0.008494591798022331,0.01443742476359755,7.4375,0.11797839940058008,3.0984271372000043,2.308630040283492,-0.20722058429611057,14.95231348625321,0.18846153846153846,111797.83994005801
10,-90,-30,5,-100,50,16,0.6875,1.553200466802528,0.008494591798022331,0.01443742476359755,7.4375,0.11797839940058008,3.0984271372000043,2.308630040283492,-0.20722058429611057,14.95231348625321,0.18846153846153846,111797.83994005801
10,-90,-30,5,-100,100,16,0.6875,1.553200466802528,0.008494591798022331,0.01443742476359755,7.4375,0.11797839940058008,3.0984271372000043,2.308630040283492,-0.20722058429611057,14.95231348625321,0.18846153846153846,111797.83994005801
10,-90,-30,5,-80,50,16,0.6875,1.553200466802528,0.008494591798022331,0.01443742476359755,7.4375,0.11797839940058008,3.0984271372000043,2.308630040283492,-0.20722058429611057,14.95231348625321,0.18846153846153846,111797.83994005801
10,-90,-30,5,-80,100,16,0.6875,1.553200466802528,0.008494591798022331,0.01443742476359755,7.4375,0.11797839940058008,3.0984271372000043,2.308630040283492,-0.20722058429611057,14.95231348625321,0.18846153846153846,111797.83994005801
10,-90,-30,5,-50,50,16,0.6875,1.553200466802528,0.008494591798022331,0.01443742476359755,7.4375,0.11797839940058008,3.0984271372000043,2.308630040283492,-0.20722058429611057,14.95231348625321,0.18846153846153846,111797.83994005801
10,-90,-30,5,-50,100,16,0.6875,1.553200466802528,0.008494591798022331,0.01443742476359755,7.4375,0.11797839940058008,3.0984271372000043,2.308630040283492,-0.20722058429611057,14.95231348625321,0.18846153846153846,111797.83994005801
2,-80,-30,5,-80,50,20,0.75,1.4809685781475108,0.007049671128669982,0.015439039785572373,9.9,0.12168540194323962,3.2736762046403625,2.2877960648363875,-0.22093989935033775,14.817043975608012,0.2230769230769231,112168.54019432397
2,-80,-30,5,-80,100,20,0.75,1.4809685781475108,0.007049671128669982,0.015439039785572373,9.9,0.12168540194323962,3.2736762046403625,2.2877960648363875,-0.22093989935033775,14.817043975608012,0.2230769230769231,112168.54019432397
7,-90,-40,7,-50,0,16,0.6875,1.5497701493730922,0.008441918042215286,0.015831358722625755,7.75,0.1170251311660746,3.054443876631736,2.285700075245356,-0.20722058429611034,14.740060148981396,0.2076923076923077,111702.51311660746
7,-90,-40,7,-50,50,16,0.6875,1.5497701493730922,0.008441918042215286,0.015831358722625755,7.75,0.1170251311660746,3.054443876631736,2.285700075245356,-0.20722058429611034,14.740060148981396,0.2076923076923077,111702.51311660746
7,-90,-40,7,-50,100,16,0.6875,1.5497701493730922,0.008441918042215286,0.015831358722625755,7.75,0.1170251311660746,3.054443876631736,2.285700075245356,-0.20722058429611034,14.740060148981396,0.2076923076923077,111702.51311660746
7,-90,-40,10,-50,0,16,0.6875,1.5497701493730922,0.008441918042215286,0.015831358722625755,7.75,0.1170251311660746,3.054443876631736,2.285700075245356,-0.20722058429611034,14.740060148981396,0.2076923076923077,111702.51311660746
7,-90,-40,10,-50,50,16,0.6875,1.5497701493730922,0.008441918042215286,0.015831358722625755,7.75,0.1170251311660746,3.054443876631736,2.285700075245356,-0.20722058429611034,14.740060148981396,0.2076923076923077,111702.51311660746
7,-90,-40,10,-50,100,16,0.6875,1.5497701493730922,0.008441918042215286,0.015831358722625755,7.75,0.1170251311660746,3.054443876631736,2.285700075245356,-0.20722058429611034,14.740060148981396,0.2076923076923077,111702.51311660746
7,-90,-30,7,-50,0,16,0.6875,1.5497701493730922,0.008441918042215286,0.015831358722625755,7.75,0.1170251311660746,3.054443876631736,2.285700075245356,-0.20722058429611034,14.740060148981396,0.2076923076923077,111702.51311660746
7,-90,-30,7,-50,50,16,0.6875,1.5497701493730922,0.008441918042215286,0.015831358722625755,7.75,0.1170251311660746,3.054443876631736,2.285700075245356,-0.20722058429611034,14.740060148981396,0.2076923076923077,111702.51311660746
7,-90,-30,7,-50,100,16,0.6875,1.5497701493730922,0.008441918042215286,0.015831358722625755,7.75,0.1170251311660746,3.054443876631736,2.285700075245356,-0.20722058429611034,14.740060148981396,0.2076923076923077,111702.51311660746
7,-90,-30,10,-50,0,16,0.6875,1.5497701493730922,0.008441918042215286,0.015831358722625755,7.75,0.1170251311660746,3.054443876631736,2.285700075245356,-0.20722058429611034,14.740060148981396,0.2076923076923077,111702.51311660746
7,-90,-30,10,-50,50,16,0.6875,1.5497701493730922,0.008441918042215286,0.015831358722625755,7.75,0.1170251311660746,3.054443876631736,2.285700075245356,-0.20722058429611034,14.740060148981396,0.2076923076923077,111702.51311660746
7,-90,-30,10,-50,100,16,0.6875,1.5497701493730922,0.008441918042215286,0.015831358722625755,7.75,0.1170251311660746,3.054443876631736,2.285700075245356,-0.20722058429611034,14.740060148981396,0.2076923076923077,111702.51311660746
4,-80,-40,5,-80,50,18,0.6666666666666666,1.500353852197596,0.00822751323016453,0.01832497937441857,11.277777777777779,0.12603162163851245,3.487921572050425,2.3321271201479252,-0.23692996117193377,14.72131913920052,0.2423076923076923,112603.16216385124
4,-80,-40,5,-80,100,18,0.6666666666666666,1.500353852197596,0.00822751323016453,0.01832497937441857,11.277777777777779,0.12603162163851245,3.487921572050425,2.3321271201479252,-0.23692996117193377,14.72131913920052,0.2423076923076923,112603.16216385124
10,-80,-20,7,-50,0,20,0.7,1.4653025158228075,0.006845079272917154,0.01148732283422993,8.6,0.11538589569985636,2.979825586018389,2.1942563201693677,-0.20259927825447244,14.707977302246922,0.25769230769230766,111538.58956998563
2,-80,-30,5,-50,0,23,0.7391304347826086,1.4365634007723223,0.006048759525888564,0.012793373216751114,8.869565217391305,0.11906265159400875,3.148987819259551,2.22691313445411,-0.21438804332605843,14.688262322868066,0.24615384615384617,111906.26515940088
4,-80,-20,5,-100,50,18,0.6666666666666666,1.4655471851273212,0.008288798450786315,0.01832497937441857,9.38888888888889,0.12426924305127285,3.3998809647024597,2.290272271575226,-0.23276073521351837,14.60676329959023,0.24615384615384617,112426.9243051273
4,-80,-20,5,-100,100,18,0.6666666666666666,1.4655471851273212,0.008288798450786315,0.01832497937441857,9.38888888888889,0.12426924305127285,3.3998809647024597,2.290272271575226,-0.23276073521351837,14.60676329959023,0.24615384615384617,112426.9243051273
10,-85,-20,7,-50,0,18,0.7222222222222222,1.475546282294984,0.0075341876928312936,0.011587280926644516,9.277777777777779,0.1140418372654648,2.919589678192687,2.1894028427237964,-0.20259927825447244,14.410661791823221,0.23846153846153847,111404.18372654649
10,-85,-20,7,-50,50,18,0.7222222222222222,1.475546282294984,0.0075341876928312936,0.011587280926644516,9.277777777777779,0.1140418372654648,2.919589678192687,2.1894028427237964,-0.20259927825447244,14.410661791823221,0.23846153846153847,111404.18372654649
10,-85,-20,7,-50,100,18,0.7222222222222222,1.475546282294984,0.0075341876928312936,0.011587280926644516,9.277777777777779,0.1140418372654648,2.919589678192687,2.1894028427237964,-0.20259927825447244,14.410661791823221,0.23846153846153847,111404.18372654649
10,-85,-20,10,-50,0,18,0.7222222222222222,1.475546282294984,0.0075341876928312936,0.011587280926644516,9.277777777777779,0.1140418372654648,2.919589678192687,2.1894028427237964,-0.20259927825447244,14.410661791823221,0.23846153846153847,111404.18372654649
10,-85,-20,10,-50,50,18,0.7222222222222222,1.475546282294984,0.0075341876928312936,0.011587280926644516,9.277777777777779,0.1140418372654648,2.919589678192687,2.1894028427237964,-0.20259927825447244,14.410661791823221,0.23846153846153847,111404.18372654649
10,-85,-20,10,-50,100,18,0.7222222222222222,1.475546282294984,0.0075341876928312936,0.011587280926644516,9.277777777777779,0.1140418372654648,2.919589678192687,2.1894028427237964,-0.20259927825447244,14.410661791823221,0.23846153846153847,111404.18372654649
3,-80,-30,3,-80,50,23,0.6521739130434783,1.441490135709308,0.006019648599437522,0.0109722278043487,9.08695652173913,0.11847721799927302,3.1216170700573898,2.2058358892419188,-0.21821921337415418,14.304959777786062,0.2653846153846154,111847.7217999273
7,-80,-20,7,-80,0,17,0.7058823529411765,1.4787370023454292,0.008030900112183359,0.017553501540511274,9.529411764705882,0.11495307515126241,2.960335687221898,2.2109232835421446,-0.20722058429611045,14.285915162712259,0.21923076923076923,111495.30751512625
7,-80,-40,10,-50,0,21,0.7619047619047619,1.4640432913582575,0.006301665596914987,0.01018017457651732,8.285714285714286,0.1128011927291468,2.8647347469256546,2.175653171836633,-0.20055334952645343,14.284153087893403,0.2653846153846154,111280.11927291469
7,-80,-40,10,-50,50,21,0.7619047619047619,1.4640432913582575,0.006301665596914987,0.01018017457651732,8.285714285714286,0.1128011927291468,2.8647347469256546,2.175653171836633,-0.20055334952645343,14.284153087893403,0.2653846153846154,111280.11927291469
7,-80,-40,10,-50,100,21,0.7619047619047619,1.4640432913582575,0.006301665596914987,0.01018017457651732,8.285714285714286,0.1128011927291468,2.8647347469256546,2.175653171836633,-0.20055334952645343,14.284153087893403,0.2653846153846154,111280.11927291469
7,-80,-30,10,-50,0,21,0.7619047619047619,1.4640432913582575,0.006301665596914987,0.01018017457651732,8.285714285714286,0.1128011927291468,2.8647347469256546,2.175653171836633,-0.20055334952645343,14.284153087893403,0.2653846153846154,111280.11927291469
5,-80,-40,3,-50,50,23,0.6956521739130435,1.4592200893562228,0.00624567297589079,0.012975457848298344,9.173913043478262,0.12272082307662324,3.3238443462299783,2.2845555511232716,-0.23276073521351814,14.2800904249633,0.27307692307692305,112272.08230766233
5,-80,-30,3,-50,50,23,0.6956521739130435,1.4592200893562228,0.00624567297589079,0.012975457848298344,9.173913043478262,0.12272082307662324,3.3238443462299783,2.2845555511232716,-0.23276073521351814,14.2800904249633,0.27307692307692305,112272.08230766233
7,-90,-20,5,-80,0,15,0.6666666666666666,1.5159955477562645,0.009018659906875367,0.0179026217228464,7.866666666666666,0.1145060501702011,2.940298468694311,2.2438026958537662,-0.20722058429611045,14.189220046270764,0.18461538461538463,111450.60501702012
7,-90,-20,5,-50,0,15,0.6666666666666666,1.5159955477562645,0.009018659906875367,0.0179026217228464,7.866666666666666,0.1145060501702011,2.940298468694311,2.2438026958537662,-0.20722058429611045,14.189220046270764,0.18461538461538463,111450.60501702012
5,-85,-20,5,-50,50,19,0.6842105263157895,1.4627763545546777,0.007738992800005825,0.0109722278043487,9.0,0.12182978217656548,3.2806393911593723,2.2654329865781295,-0.23276073521351826,14.094470822795543,0.25384615384615383,112182.97821765655
5,-85,-20,5,-50,100,19,0.6842105263157895,1.4627763545546777,0.007738992800005825,0.0109722278043487,9.0,0.12182978217656548,3.2806393911593723,2.2654329865781295,-0.23276073521351826,14.094470822795543,0.25384615384615383,112182.97821765655
4,-80,-30,5,-80,0,18,0.7222222222222222,1.4779304387114156,0.008082903142298235,0.01832497937441857,11.333333333333334,0.1229177317652046,3.3334461088371015,2.2898022077026474,-0.236929961171934,14.069331258692543,0.24615384615384617,112291.77317652047
3,-85,-40,5,-50,0,22,0.7272727272727273,1.409596173794244,0.006498611909508663,0.01832497937441857,7.5,0.12106103371255816,3.2436840281698913,2.2411738401734245,-0.23074533831658284,14.057419542402862,0.23076923076923078,112106.10337125581
10,-85,-20,5,-50,50,18,0.7222222222222222,1.4668122517317248,0.007395812464113385,0.010193346967616312,9.0,0.11130375897892897,2.799467842856239,2.154786514577411,-0.20055334952645332,13.958718961644589,0.21923076923076923,111130.3758978929
10,-85,-20,5,-50,100,18,0.7222222222222222,1.4668122517317248,0.007395812464113385,0.010193346967616312,9.0,0.11130375897892897,2.799467842856239,2.154786514577411,-0.20055334952645332,13.958718961644589,0.21923076923076923,111130.3758978929
10,-80,-20,5,-50,50,20,0.7,1.451900696280028,0.006647924703465846,0.010193346967616312,8.3,0.11105194376328287,2.788592498789485,2.1364043976279334,-0.20055334952645332,13.904492272873583,0.23461538461538461,111105.19437632828
10,-80,-20,5,-50,100,20,0.7,1.451900696280028,0.006647924703465846,0.010193346967616312,8.3,0.11105194376328287,2.788592498789485,2.1364043976279334,-0.20055334952645332,13.904492272873583,0.23461538461538461,111105.19437632828
10,-80,-30,10,-50,50,20,0.75,1.4609008214409411,0.006571940698983192,0.012042814852963102,10.5,0.11170666524184991,2.81692829219722,2.148626388170812,-0.20259927825447244,13.903940411174863,0.2692307692307692,111170.66652418498
10,-80,-30,10,-50,100,20,0.75,1.4609008214409411,0.006571940698983192,0.012042814852963102,10.5,0.11170666524184991,2.81692829219722,2.148626388170812,-0.20259927825447244,13.903940411174863,0.2692307692307692,111170.66652418498
4,-80,-20,3,-80,100,18,0.6666666666666666,1.4912179186740182,0.008110384514876568,0.011973842826323522,11.61111111111111,0.12173993710007625,3.2763051056088743,2.2400917556781095,-0.23692996117193388,13.828158707337758,0.2653846153846154,112173.99371000762
3,-85,-40,3,-80,100,22,0.7272727272727273,1.4106544051033907,0.006305219855897866,0.015834710788775075,7.636363636363637,0.11694072165907077,3.05057029504177,2.178070364036432,-0.22093989935033786,13.807240358178,0.2423076923076923,111694.07216590708
7,-80,-20,5,-100,50,17,0.7058823529411765,1.4690567175050593,0.00786851157687144,0.017553501540511274,9.411764705882353,0.11192718193591444,2.82651592074247,2.1671342578048636,-0.20722058429611057,13.640131024355588,0.21153846153846154,111192.71819359144
7,-80,-20,5,-100,100,17,0.7058823529411765,1.4690567175050593,0.00786851157687144,0.017553501540511274,9.411764705882353,0.11192718193591444,2.82651592074247,2.1671342578048636,-0.20722058429611057,13.640131024355588,0.21153846153846154,111192.71819359144
4,-85,-20,5,-50,0,19,0.6842105263157895,1.4335928726017988,0.007807077569182466,0.0179026217228464,8.894736842105264,0.12218683280918774,3.2979041630887203,2.259626328003656,-0.24199346318410908,13.628071269758507,0.24615384615384617,112218.68328091878
4,-80,-30,5,-50,50,19,0.6842105263157895,1.480661406046498,0.007512916328829105,0.012975457848298344,10.947368421052632,0.12016336395319849,3.200903108973394,2.2290517866996233,-0.236929961171934,13.50991277397197,0.26153846153846155,112016.33639531986
4,-80,-30,5,-50,100,19,0.6842105263157895,1.480661406046498,0.007512916328829105,0.012975457848298344,10.947368421052632,0.12016336395319849,3.200903108973394,2.2290517866996233,-0.236929961171934,13.50991277397197,0.26153846153846155,112016.33639531986
4,-85,-20,3,-80,100,18,0.6666666666666666,1.4486046481700845,0.00811522222988639,0.01443742476359755,9.333333333333334,0.12007507789176297,3.1967171186409837,2.228571810424985,-0.23692996117193388,13.49224514632495,0.2423076923076923,112007.5077891763
2,-85,-20,5,-80,50,19,0.6842105263157895,1.4272904200457717,0.007702409282337745,0.0179026217228464,8.631578947368421,0.11957760508597737,3.173201689486488,2.2158290548617168,-0.23692996117193388,13.392994595494736,0.22692307692307692,111957.76050859773
2,-85,-20,5,-80,100,19,0.6842105263157895,1.4272904200457717,0.007702409282337745,0.0179026217228464,8.631578947368421,0.11957760508597737,3.173201689486488,2.2158290548617168,-0.23692996117193388,13.392994595494736,0.22692307692307692,111957.76050859773
3,-85,-20,5,-100,0,18,0.6666666666666666,1.4325712955710646,0.008097889795023825,0.01832497937441857,9.222222222222221,0.11968382463333938,3.1782124511328496,2.2301244816686965,-0.23785190294830805,13.362148512318463,0.23461538461538461,111968.38246333394
4,-85,-20,5,-100,0,18,0.6666666666666666,1.4325712955710646,0.008097889795023825,0.01832497937441857,9.222222222222221,0.11968382463333938,3.1782124511328496,2.2301244816686965,-0.23785190294830805,13.362148512318463,0.23461538461538461,111968.38246333394
2,-85,-30,3,-50,100,24,0.75,1.4025055873450976,0.005636164020640956,0.013280086535727431,8.708333333333334,0.11420146129335818,2.9266992584979827,2.1414519868823283,-0.22093989935033786,13.246585461040707,0.2653846153846154,111420.14612933582
3,-85,-50,5,-50,0,22,0.7272727272727273,1.3980816819398194,0.006315924133878482,0.01832497937441857,7.454545454545454,0.11660424340599618,3.0351630382314942,2.1773388296724856,-0.23074533831658284,13.153735023965023,0.22692307692307692,111660.42434059962
3,-85,-50,5,-50,50,22,0.7272727272727273,1.3980816819398194,0.006315924133878482,0.01832497937441857,7.454545454545454,0.11660424340599618,3.0351630382314942,2.1773388296724856,-0.23074533831658284,13.153735023965023,0.22692307692307692,111660.42434059962
3,-85,-50,5,-50,100,22,0.7272727272727273,1.3980816819398194,0.006315924133878482,0.01832497937441857,7.454545454545454,0.11660424340599618,3.0351630382314942,2.1773388296724856,-0.23074533831658284,13.153735023965023,0.22692307692307692,111660.42434059962
3,-85,-30,5,-80,0,20,0.7,1.4127680791904913,0.006819692328846405,0.01832497937441857,8.25,0.11497410455267998,2.9612806053027936,2.1634204661626897,-0.22610950657709206,13.096665638395637,0.23076923076923078,111497.410455268
3,-90,-20,7,-80,0,16,0.6875,1.518575492392033,0.00796291288362417,0.01443742476359755,7.5,0.10897446381094422,2.6999584749699657,2.2038017949882907,-0.20722058429611045,13.029393214680962,0.19230769230769232,110897.44638109441
3,-90,-20,7,-80,50,16,0.6875,1.518575492392033,0.00796291288362417,0.01443742476359755,7.5,0.10897446381094422,2.6999584749699657,2.2038017949882907,-0.20722058429611045,13.029393214680962,0.19230769230769232,110897.44638109441
3,-90,-20,7,-80,100,16,0.6875,1.518575492392033,0.00796291288362417,0.01443742476359755,7.5,0.10897446381094422,2.6999584749699657,2.2038017949882907,-0.20722058429611045,13.029393214680962,0.19230769230769232,110897.44638109441
4,-90,-30,7,-80,0,16,0.6875,1.518575492392033,0.00796291288362417,0.01443742476359755,7.5,0.10897446381094422,2.6999584749699657,2.2038017949882907,-0.20722058429611045,13.029393214680962,0.19230769230769232,110897.44638109441
4,-90,-30,7,-80,50,16,0.6875,1.518575492392033,0.00796291288362417,0.01443742476359755,7.5,0.10897446381094422,2.6999584749699657,2.2038017949882907,-0.20722058429611045,13.029393214680962,0.19230769230769232,110897.44638109441
4,-90,-30,7,-80,100,16,0.6875,1.518575492392033,0.00796291288362417,0.01443742476359755,7.5,0.10897446381094422,2.6999584749699657,2.2038017949882907,-0.20722058429611045,13.029393214680962,0.19230769230769232,110897.44638109441
4,-90,-20,7,-80,0,16,0.6875,1.518575492392033,0.00796291288362417,0.01443742476359755,7.5,0.10897446381094422,2.6999584749699657,2.2038017949882907,-0.20722058429611045,13.029393214680962,0.19230769230769232,110897.44638109441
4,-90,-20,7,-80,50,16,0.6875,1.518575492392033,0.00796291288362417,0.01443742476359755,7.5,0.10897446381094422,2.6999584749699657,2.2038017949882907,-0.20722058429611045,13.029393214680962,0.19230769230769232,110897.44638109441
4,-90,-20,7,-80,100,16,0.6875,1.518575492392033,0.00796291288362417,0.01443742476359755,7.5,0.10897446381094422,2.6999584749699657,2.2038017949882907,-0.20722058429611045,13.029393214680962,0.19230769230769232,110897.44638109441
5,-90,-40,7,-80,0,16,0.6875,1.518575492392033,0.00796291288362417,0.01443742476359755,7.5,0.10897446381094422,2.6999584749699657,2.2038017949882907,-0.20722058429611045,13.029393214680962,0.19230769230769232,110897.44638109441
5,-90,-40,7,-80,50,16,0.6875,1.518575492392033,0.00796291288362417,0.01443742476359755,7.5,0.10897446381094422,2.6999584749699657,2.2038017949882907,-0.20722058429611045,13.029393214680962,0.19230769230769232,110897.44638109441
5,-90,-40,7,-80,100,16,0.6875,1.518575492392033,0.00796291288362417,0.01443742476359755,7.5,0.10897446381094422,2.6999584749699657,2.2038017949882907,-0.20722058429611045,13.029393214680962,0.19230769230769232,110897.44638109441
5,-90,-30,7,-80,0,16,0.6875,1.518575492392033,0.00796291288362417,0.01443742476359755,7.5,0.10897446381094422,2.6999584749699657,2.2038017949882907,-0.20722058429611045,13.029393214680962,0.19230769230769232,110897.44638109441
5,-90,-30,7,-80,50,16,0.6875,1.518575492392033,0.00796291288362417,0.01443742476359755,7.5,0.10897446381094422,2.6999584749699657,2.2038017949882907,-0.20722058429611045,13.029393214680962,0.19230769230769232,110897.44638109441
5,-90,-30,7,-80,100,16,0.6875,1.518575492392033,0.00796291288362417,0.01443742476359755,7.5,0.10897446381094422,2.6999584749699657,2.2038017949882907,-0.20722058429611045,13.029393214680962,0.19230769230769232,110897.44638109441
5,-90,-20,7,-80,0,16,0.6875,1.518575492392033,0.00796291288362417,0.01443742476359755,7.5,0.10897446381094422,2.6999584749699657,2.2038017949882907,-0.20722058429611045,13.029393214680962,0.19230769230769232,110897.44638109441
5,-90,-20,7,-80,50,16,0.6875,1.518575492392033,0.00796291288362417,0.01443742476359755,7.5,0.10897446381094422,2.6999584749699657,2.2038017949882907,-0.20722058429611045,13.029393214680962,0.19230769230769232,110897.44638109441
5,-90,-20,7,-80,100,16,0.6875,1.518575492392033,0.00796291288362417,0.01443742476359755,7.5,0.10897446381094422,2.6999584749699657,2.2038017949882907,-0.20722058429611045,13.029393214680962,0.19230769230769232,110897.44638109441
10,-90,-50,3,-50,100,16,0.6875,1.488614921394849,0.008006340523394231,0.015831358722625755,7.4375,0.10896349949665085,2.69949580011146,2.171857986233848,-0.20722058429611034,13.027160449726283,0.18846153846153846,110896.34994966509
10,-90,-50,7,-80,0,16,0.6875,1.488614921394849,0.008006340523394231,0.015831358722625755,7.4375,0.10896349949665085,2.69949580011146,2.171857986233848,-0.20722058429611034,13.027160449726283,0.18846153846153846,110896.34994966509
10,-90,-50,7,-80,50,16,0.6875,1.488614921394849,0.008006340523394231,0.015831358722625755,7.4375,0.10896349949665085,2.69949580011146,2.171857986233848,-0.20722058429611034,13.027160449726283,0.18846153846153846,110896.34994966509
10,-90,-50,7,-80,100,16,0.6875,1.488614921394849,0.008006340523394231,0.015831358722625755,7.4375,0.10896349949665085,2.69949580011146,2.171857986233848,-0.20722058429611034,13.027160449726283,0.18846153846153846,110896.34994966509
7,-90,-40,3,-50,100,15,0.6666666666666666,1.519777189814235,0.008513456404287415,0.0179026217228464,7.933333333333334,0.10885415938685217,2.694884753212209,2.165872927189428,-0.20722058429611034,13.00490857298868,0.18846153846153846,110885.41593868523
7,-90,-40,7,-80,0,15,0.6666666666666666,1.519777189814235,0.008513456404287415,0.0179026217228464,7.933333333333334,0.10885415938685217,2.694884753212209,2.165872927189428,-0.20722058429611034,13.00490857298868,0.18846153846153846,110885.41593868523
7,-90,-40,7,-80,50,15,0.6666666666666666,1.519777189814235,0.008513456404287415,0.0179026217228464,7.933333333333334,0.10885415938685217,2.694884753212209,2.165872927189428,-0.20722058429611034,13.00490857298868,0.18846153846153846,110885.41593868523
7,-90,-40,7,-80,100,15,0.6666666666666666,1.519777189814235,0.008513456404287415,0.0179026217228464,7.933333333333334,0.10885415938685217,2.694884753212209,2.165872927189428,-0.20722058429611034,13.00490857298868,0.18846153846153846,110885.41593868523
7,-90,-30,3,-50,100,15,0.6666666666666666,1.519777189814235,0.008513456404287415,0.0179026217228464,7.933333333333334,0.10885415938685217,2.694884753212209,2.165872927189428,-0.20722058429611034,13.00490857298868,0.18846153846153846,110885.41593868523
7,-90,-30,7,-80,0,15,0.6666666666666666,1.519777189814235,0.008513456404287415,0.0179026217228464,7.933333333333334,0.10885415938685217,2.694884753212209,2.165872927189428,-0.20722058429611034,13.00490857298868,0.18846153846153846,110885.41593868523
7,-90,-30,7,-80,50,15,0.6666666666666666,1.519777189814235,0.008513456404287415,0.0179026217228464,7.933333333333334,0.10885415938685217,2.694884753212209,2.165872927189428,-0.20722058429611034,13.00490857298868,0.18846153846153846,110885.41593868523
7,-90,-30,7,-80,100,15,0.6666666666666666,1.519777189814235,0.008513456404287415,0.0179026217228464,7.933333333333334,0.10885415938685217,2.694884753212209,2.165872927189428,-0.20722058429611034,13.00490857298868,0.18846153846153846,110885.41593868523
10,-80,-20,5,-100,50,17,0.7058823529411765,1.457831209883491,0.007680201648924147,0.013560179537575934,9.352941176470589,0.10843190530213609,2.677127268029392,2.116470242947999,-0.20722058429611057,12.919214937662158,0.2076923076923077,110843.1905302136
10,-80,-20,5,-100,100,17,0.7058823529411765,1.457831209883491,0.007680201648924147,0.013560179537575934,9.352941176470589,0.10843190530213609,2.677127268029392,2.116470242947999,-0.20722058429611057,12.919214937662158,0.2076923076923077,110843.1905302136
10,-80,-20,5,-80,50,17,0.7058823529411765,1.457831209883491,0.007680201648924147,0.013560179537575934,9.352941176470589,0.10843190530213609,2.677127268029392,2.116470242947999,-0.20722058429611057,12.919214937662158,0.2076923076923077,110843.1905302136
10,-80,-20,5,-80,100,17,0.7058823529411765,1.457831209883491,0.007680201648924147,0.013560179537575934,9.352941176470589,0.10843190530213609,2.677127268029392,2.116470242947999,-0.20722058429611057,12.919214937662158,0.2076923076923077,110843.1905302136
5,-80,-20,5,-100,0,19,0.6842105263157895,1.4218209782849427,0.007481027368250912,0.0179026217228464,9.0,0.11608130248925574,3.0113247927215996,2.1763626616859435,-0.23397618722893054,12.870219095309958,0.25384615384615383,111608.13024892558
5,-85,-40,7,-80,0,18,0.7222222222222222,1.43985115041886,0.007407999713344406,0.015831358722625755,9.11111111111111,0.11163011186255511,2.813605079699861,2.1437612499174827,-0.22201124503685477,12.673254812983869,0.22692307692307692,111163.01118625552
5,-85,-40,7,-80,50,18,0.7222222222222222,1.43985115041886,0.007407999713344406,0.015831358722625755,9.11111111111111,0.11163011186255511,2.813605079699861,2.1437612499174827,-0.22201124503685477,12.673254812983869,0.22692307692307692,111163.01118625552
5,-85,-40,7,-80,100,18,0.7222222222222222,1.43985115041886,0.007407999713344406,0.015831358722625755,9.11111111111111,0.11163011186255511,2.813605079699861,2.1437612499174827,-0.22201124503685477,12.673254812983869,0.22692307692307692,111163.01118625552
5,-85,-30,7,-80,0,18,0.7222222222222222,1.43985115041886,0.007407999713344406,0.015831358722625755,9.11111111111111,0.11163011186255511,2.813605079699861,2.1437612499174827,-0.22201124503685477,12.673254812983869,0.22692307692307692,111163.01118625552
5,-85,-30,7,-80,50,18,0.7222222222222222,1.43985115041886,0.007407999713344406,0.015831358722625755,9.11111111111111,0.11163011186255511,2.813605079699861,2.1437612499174827,-0.22201124503685477,12.673254812983869,0.22692307692307692,111163.01118625552
5,-85,-30,7,-80,100,18,0.7222222222222222,1.43985115041886,0.007407999713344406,0.015831358722625755,9.11111111111111,0.11163011186255511,2.813605079699861,2.1437612499174827,-0.22201124503685477,12.673254812983869,0.22692307692307692,111163.01118625552
5,-80,-40,7,-80,0,18,0.7222222222222222,1.43985115041886,0.007407999713344406,0.015831358722625755,9.11111111111111,0.11163011186255511,2.813605079699861,2.1437612499174827,-0.22201124503685477,12.673254812983869,0.22692307692307692,111163.01118625552
5,-80,-40,7,-80,50,18,0.7222222222222222,1.43985115041886,0.007407999713344406,0.015831358722625755,9.11111111111111,0.11163011186255511,2.813605079699861,2.1437612499174827,-0.22201124503685477,12.673254812983869,0.22692307692307692,111163.01118625552
5,-80,-40,7,-80,100,18,0.7222222222222222,1.43985115041886,0.007407999713344406,0.015831358722625755,9.11111111111111,0.11163011186255511,2.813605079699861,2.1437612499174827,-0.22201124503685477,12.673254812983869,0.22692307692307692,111163.01118625552
5,-80,-30,7,-80,0,18,0.7222222222222222,1.43985115041886,0.007407999713344406,0.015831358722625755,9.11111111111111,0.11163011186255511,2.813605079699861,2.1437612499174827,-0.22201124503685477,12.673254812983869,0.22692307692307692,111163.01118625552
5,-80,-30,7,-80,50,18,0.7222222222222222,1.43985115041886,0.007407999713344406,0.015831358722625755,9.11111111111111,0.11163011186255511,2.813605079699861,2.1437612499174827,-0.22201124503685477,12.673254812983869,0.22692307692307692,111163.01118625552
5,-80,-30,7,-80,100,18,0.7222222222222222,1.43985115041886,0.007407999713344406,0.015831358722625755,9.11111111111111,0.11163011186255511,2.813605079699861,2.1437612499174827,-0.22201124503685477,12.673254812983869,0.22692307692307692,111163.01118625552
10,-90,-40,3,-80,100,15,0.6666666666666666,1.5122029963369847,0.008389398313186391,0.013760095722405108,7.866666666666666,0.10687662852754198,2.612397290755466,2.1383368896578405,-0.20722058429611045,12.60684260508815,0.18461538461538463,110687.66285275419
10,-90,-30,3,-80,100,15,0.6666666666666666,1.5122029963369847,0.008389398313186391,0.013760095722405108,7.866666666666666,0.10687662852754198,2.612397290755466,2.1383368896578405,-0.20722058429611045,12.60684260508815,0.18461538461538463,110687.66285275419
7,-80,-30,7,-50,50,21,0.7142857142857143,1.4245536420806126,0.005948210827158727,0.013760095722405108,10.142857142857142,0.10444417261027583,2.51326058694364,2.0285538016609097,-0.20055334952645343,12.531631074115447,0.28076923076923077,110444.41726102759
7,-80,-30,7,-50,100,21,0.7142857142857143,1.4245536420806126,0.005948210827158727,0.013760095722405108,10.142857142857142,0.10444417261027583,2.51326058694364,2.0285538016609097,-0.20055334952645343,12.531631074115447,0.28076923076923077,110444.41726102759
3,-85,-50,3,-50,50,24,0.7083333333333334,1.3752443051393373,0.005770621646374194,0.012807024092495345,7.0,0.1154222304573953,2.981465751578696,2.159987107047917,-0.237987994921933,12.527798944466522,0.2423076923076923,111542.22304573952
3,-80,-50,3,-50,0,27,0.7037037037037037,1.381813042952907,0.004846828381897815,0.012793373216751114,7.777777777777778,0.10956547089148816,2.7249769370321997,2.0881275690546266,-0.21818933192480516,12.489047530386644,0.2692307692307692,110956.54708914882
3,-80,-20,5,-100,0,18,0.6666666666666666,1.4196834891098322,0.00785662543585067,0.01832497937441857,9.277777777777779,0.11487031063845321,2.956618829438151,2.1601532181511773,-0.23785190294830805,12.4305031525466,0.23846153846153847,111487.03106384532
7,-90,-40,5,-100,50,15,0.6666666666666666,1.5085408639078772,0.00832941606426724,0.0179026217228464,7.8,0.10584481813969293,2.5700345753753395,2.120626314161712,-0.20722058429611057,12.402409654934932,0.18076923076923077,110584.4818139693
7,-90,-40,5,-100,100,15,0.6666666666666666,1.5085408639078772,0.00832941606426724,0.0179026217228464,7.8,0.10584481813969293,2.5700345753753395,2.120626314161712,-0.20722058429611057,12.402409654934932,0.18076923076923077,110584.4818139693
7,-90,-30,5,-100,50,15,0.6666666666666666,1.5085408639078772,0.00832941606426724,0.0179026217228464,7.8,0.10584481813969293,2.5700345753753395,2.120626314161712,-0.20722058429611057,12.402409654934932,0.18076923076923077,110584.4818139693
7,-90,-30,5,-100,100,15,0.6666666666666666,1.5085408639078772,0.00832941606426724,0.0179026217228464,7.8,0.10584481813969293,2.5700345753753395,2.120626314161712,-0.20722058429611057,12.402409654934932,0.18076923076923077,110584.4818139693
5,-85,-20,5,-100,50,18,0.6666666666666666,1.438506462846337,0.007740524263220355,0.01443742476359755,9.38888888888889,0.11324507464906497,2.8842791730983435,2.1464258780301395,-0.23276073521351826,12.391605355828204,0.24615384615384617,111324.5074649065
5,-85,-20,5,-100,100,18,0.6666666666666666,1.438506462846337,0.007740524263220355,0.01443742476359755,9.38888888888889,0.11324507464906497,2.8842791730983435,2.1464258780301395,-0.23276073521351826,12.391605355828204,0.24615384615384617,111324.5074649065
5,-85,-20,5,-80,50,18,0.6666666666666666,1.438506462846337,0.007740524263220355,0.01443742476359755,9.38888888888889,0.11324507464906497,2.8842791730983435,2.1464258780301395,-0.23276073521351826,12.391605355828204,0.24615384615384617,111324.5074649065
5,-85,-20,5,-80,100,18,0.6666666666666666,1.438506462846337,0.007740524263220355,0.01443742476359755,9.38888888888889,0.11324507464906497,2.8842791730983435,2.1464258780301395,-0.23276073521351826,12.391605355828204,0.24615384615384617,111324.5074649065
7,-80,-20,5,-80,50,17,0.7058823529411765,1.4483179645972102,0.007520615232452223,0.017553501540511274,9.470588235294118,0.1054123141068879,2.5524138623995674,2.0680711914444663,-0.20722058429611045,12.317376051561864,0.2153846153846154,110541.23141068878
7,-80,-20,5,-80,100,17,0.7058823529411765,1.4483179645972102,0.007520615232452223,0.017553501540511274,9.470588235294118,0.1054123141068879,2.5524138623995674,2.0680711914444663,-0.20722058429611045,12.317376051561864,0.2153846153846154,110541.23141068878
10,-90,-50,7,-50,0,16,0.6875,1.4748705976945138,0.007781128948818272,0.015831358722625755,7.625,0.10501084625455248,2.536129314305293,2.104397127475168,-0.20722058429611034,12.23879047981672,0.2,110501.08462545525
10,-90,-50,7,-50,50,16,0.6875,1.4748705976945138,0.007781128948818272,0.015831358722625755,7.625,0.10501084625455248,2.536129314305293,2.104397127475168,-0.20722058429611034,12.23879047981672,0.2,110501.08462545525
10,-90,-50,7,-50,100,16,0.6875,1.4748705976945138,0.007781128948818272,0.015831358722625755,7.625,0.10501084625455248,2.536129314305293,2.104397127475168,-0.20722058429611034,12.23879047981672,0.2,110501.08462545525
10,-90,-50,10,-50,0,16,0.6875,1.4748705976945138,0.007781128948818272,0.015831358722625755,7.625,0.10501084625455248,2.536129314305293,2.104397127475168,-0.20722058429611034,12.23879047981672,0.2,110501.08462545525
10,-90,-50,10,-50,50,16,0.6875,1.4748705976945138,0.007781128948818272,0.015831358722625755,7.625,0.10501084625455248,2.536129314305293,2.104397127475168,-0.20722058429611034,12.23879047981672,0.2,110501.08462545525
10,-90,-50,10,-50,100,16,0.6875,1.4748705976945138,0.007781128948818272,0.015831358722625755,7.625,0.10501084625455248,2.536129314305293,2.104397127475168,-0.20722058429611034,12.23879047981672,0.2,110501.08462545525
3,-80,-50,3,-80,100,23,0.6956521739130435,1.406026714762496,0.005789267772053936,0.0077114264621442885,8.956521739130435,0.11148205241777243,2.8071853198040513,2.0953348800548524,-0.23144366642887737,12.129021991045494,0.25384615384615383,111148.20524177725
4,-85,-20,5,-80,0,18,0.6666666666666666,1.4110517905080922,0.0078123915195734755,0.01832497937441857,9.277777777777779,0.11359939298191923,2.8999453360019403,2.1414018259044165,-0.24199346318410908,11.983568885890344,0.23846153846153847,111359.93929819192
5,-85,-20,3,-80,100,18,0.6666666666666666,1.4310755607358576,0.007609353840530513,0.012366161763376904,9.444444444444445,0.11068976622728366,2.7730011103453562,2.105685643154964,-0.23276073521351826,11.91352617013175,0.25,111068.97662272837
10,-85,-20,7,-80,0,16,0.6875,1.4407003824242957,0.007854880715597742,0.015831358722625755,9.875,0.10304129035968979,2.457230463951194,2.0349587655273935,-0.20722058429611045,11.858042347954697,0.20384615384615384,110304.12903596899
10,-85,-20,7,-80,50,16,0.6875,1.4407003824242957,0.007854880715597742,0.015831358722625755,9.875,0.10304129035968979,2.457230463951194,2.0349587655273935,-0.20722058429611045,11.858042347954697,0.20384615384615384,110304.12903596899
10,-85,-20,7,-80,100,16,0.6875,1.4407003824242957,0.007854880715597742,0.015831358722625755,9.875,0.10304129035968979,2.457230463951194,2.0349587655273935,-0.20722058429611045,11.858042347954697,0.20384615384615384,110304.12903596899
3,-85,-20,3,-50,0,24,0.7083333333333334,1.3743260286795036,0.005559099713138185,0.013280086535727431,7.083333333333333,0.10995477466455039,2.7415419236513325,2.0931965482388746,-0.23212763396433544,11.8104935497363,0.25,110995.47746645504
10,-80,-40,10,-50,0,20,0.75,1.4260320874431138,0.006074750758279857,0.01148732283422993,8.55,0.1009059378844186,2.373523888819446,1.9993115368855459,-0.20259927825447244,11.715362015447111,0.25384615384615383,110090.59378844187
10,-80,-40,10,-50,50,20,0.75,1.4260320874431138,0.006074750758279857,0.01148732283422993,8.55,0.1009059378844186,2.373523888819446,1.9993115368855459,-0.20259927825447244,11.715362015447111,0.25384615384615383,110090.59378844187
10,-80,-40,10,-50,100,20,0.75,1.4260320874431138,0.006074750758279857,0.01148732283422993,8.55,0.1009059378844186,2.373523888819446,1.9993115368855459,-0.20259927825447244,11.715362015447111,0.25384615384615383,110090.59378844187
10,-80,-30,10,-50,0,20,0.75,1.4260320874431138,0.006074750758279857,0.01148732283422993,8.55,0.1009059378844186,2.373523888819446,1.9993115368855459,-0.20259927825447244,11.715362015447111,0.25384615384615383,110090.59378844187
10,-85,-20,3,-80,100,17,0.7058823529411765,1.4314922374184562,0.007238360604910558,0.0109722278043487,9.470588235294118,0.10026826875018657,2.348891387446564,1.9900023135448446,-0.20055334952645332,11.712052643312951,0.2153846153846154,110026.82687501865
2,-85,-30,5,-50,50,22,0.7272727272727273,1.3863835533368085,0.005810309183590081,0.015347997469798758,7.454545454545454,0.10587686106044969,2.5713432381682906,2.0397321087232294,-0.22093989935033798,11.638202270070678,0.22692307692307692,110587.68610604496
2,-85,-30,5,-50,100,22,0.7272727272727273,1.3863835533368085,0.005810309183590081,0.015347997469798758,7.454545454545454,0.10587686106044969,2.5713432381682906,2.0397321087232294,-0.22093989935033798,11.638202270070678,0.22692307692307692,110587.68610604496
7,-85,-20,7,-50,0,17,0.7058823529411765,1.434366808154589,0.007286582050786243,0.013760095722405108,9.647058823529411,0.10109602020755726,2.3808987902876946,1.9947852997258895,-0.20722058429611045,11.489682834237545,0.22692307692307692,110109.60202075573
7,-85,-20,7,-50,50,17,0.7058823529411765,1.434366808154589,0.007286582050786243,0.013760095722405108,9.647058823529411,0.10109602020755726,2.3808987902876946,1.9947852997258895,-0.20722058429611045,11.489682834237545,0.22692307692307692,110109.60202075573
7,-85,-20,7,-50,100,17,0.7058823529411765,1.434366808154589,0.007286582050786243,0.013760095722405108,9.647058823529411,0.10109602020755726,2.3808987902876946,1.9947852997258895,-0.20722058429611045,11.489682834237545,0.22692307692307692,110109.60202075573
7,-85,-20,10,-50,0,17,0.7058823529411765,1.434366808154589,0.007286582050786243,0.013760095722405108,9.647058823529411,0.10109602020755726,2.3808987902876946,1.9947852997258895,-0.20722058429611045,11.489682834237545,0.22692307692307692,110109.60202075573
7,-85,-20,10,-50,50,17,0.7058823529411765,1.434366808154589,0.007286582050786243,0.013760095722405108,9.647058823529411,0.10109602020755726,2.3808987902876946,1.9947852997258895,-0.20722058429611045,11.489682834237545,0.22692307692307692,110109.60202075573
7,-85,-20,10,-50,100,17,0.7058823529411765,1.434366808154589,0.007286582050786243,0.013760095722405108,9.647058823529411,0.10109602020755726,2.3808987902876946,1.9947852997258895,-0.20722058429611045,11.489682834237545,0.22692307692307692,110109.60202075573
3,-80,-40,3,-80,50,23,0.6521739130434783,1.385571049465715,0.005469371548752547,0.0109722278043487,9.043478260869565,0.10354881813007455,2.4774050528815548,1.9918638788834317,-0.21821921337415395,11.352827345380673,0.26153846153846155,110354.88181300745
2,-80,-20,10,-50,50,19,0.6842105263157895,1.3902342124706595,0.006689226811728017,0.015705448722977522,10.947368421052632,0.10199785940118211,2.416091525762106,1.9810103422339105,-0.21546839897558667,11.213205914412804,0.26153846153846155,110199.7859401182
2,-80,-20,10,-50,100,19,0.6842105263157895,1.3902342124706595,0.006689226811728017,0.015705448722977522,10.947368421052632,0.10199785940118211,2.416091525762106,1.9810103422339105,-0.21546839897558667,11.213205914412804,0.26153846153846155,110199.7859401182
10,-90,-50,5,-100,0,16,0.6875,1.4555266326785923,0.0074641628386799,0.01443742476359755,7.375,0.09947399182907857,2.3184409611054595,2.0237320926396145,-0.20722058429611045,11.188275378050735,0.18461538461538463,109947.39918290786
10,-90,-50,5,-100,50,16,0.6875,1.4555266326785923,0.0074641628386799,0.01443742476359755,7.375,0.09947399182907857,2.3184409611054595,2.0237320926396145,-0.20722058429611045,11.188275378050735,0.18461538461538463,109947.39918290786
10,-90,-50,5,-100,100,16,0.6875,1.4555266326785923,0.0074641628386799,0.01443742476359755,7.375,0.09947399182907857,2.3184409611054595,2.0237320926396145,-0.20722058429611045,11.188275378050735,0.18461538461538463,109947.39918290786
10,-90,-50,5,-80,0,16,0.6875,1.4555266326785923,0.0074641628386799,0.01443742476359755,7.375,0.09947399182907857,2.3184409611054595,2.0237320926396145,-0.20722058429611045,11.188275378050735,0.18461538461538463,109947.39918290786
10,-90,-50,5,-80,50,16,0.6875,1.4555266326785923,0.0074641628386799,0.01443742476359755,7.375,0.09947399182907857,2.3184409611054595,2.0237320926396145,-0.20722058429611045,11.188275378050735,0.18461538461538463,109947.39918290786
10,-90,-50,5,-80,100,16,0.6875,1.4555266326785923,0.0074641628386799,0.01443742476359755,7.375,0.09947399182907857,2.3184409611054595,2.0237320926396145,-0.20722058429611045,11.188275378050735,0.18461538461538463,109947.39918290786
10,-90,-50,5,-50,0,16,0.6875,1.4555266326785923,0.0074641628386799,0.01443742476359755,7.375,0.09947399182907857,2.3184409611054595,2.0237320926396145,-0.20722058429611045,11.188275378050735,0.18461538461538463,109947.39918290786
10,-90,-50,5,-50,50,16,0.6875,1.4555266326785923,0.0074641628386799,0.01443742476359755,7.375,0.09947399182907857,2.3184409611054595,2.0237320926396145,-0.20722058429611045,11.188275378050735,0.18461538461538463,109947.39918290786
10,-90,-50,5,-50,100,16,0.6875,1.4555266326785923,0.0074641628386799,0.01443742476359755,7.375,0.09947399182907857,2.3184409611054595,2.0237320926396145,-0.20722058429611045,11.188275378050735,0.18461538461538463,109947.39918290786
10,-90,-40,5,-100,0,16,0.6875,1.4555266326785923,0.0074641628386799,0.01443742476359755,7.375,0.09947399182907857,2.3184409611054595,2.0237320926396145,-0.20722058429611045,11.188275378050735,0.18461538461538463,109947.39918290786
10,-90,-40,5,-80,0,16,0.6875,1.4555266326785923,0.0074641628386799,0.01443742476359755,7.375,0.09947399182907857,2.3184409611054595,2.0237320926396145,-0.20722058429611045,11.188275378050735,0.18461538461538463,109947.39918290786
10,-90,-40,5,-50,0,16,0.6875,1.4555266326785923,0.0074641628386799,0.01443742476359755,7.375,0.09947399182907857,2.3184409611054595,2.0237320926396145,-0.20722058429611045,11.188275378050735,0.18461538461538463,109947.39918290786
10,-90,-30,5,-100,0,16,0.6875,1.4555266326785923,0.0074641628386799,0.01443742476359755,7.375,0.09947399182907857,2.3184409611054595,2.0237320926396145,-0.20722058429611045,11.188275378050735,0.18461538461538463,109947.39918290786
10,-90,-30,5,-80,0,16,0.6875,1.4555266326785923,0.0074641628386799,0.01443742476359755,7.375,0.09947399182907857,2.3184409611054595,2.0237320926396145,-0.20722058429611045,11.188275378050735,0.18461538461538463,109947.39918290786
10,-90,-30,5,-50,0,16,0.6875,1.4555266326785923,0.0074641628386799,0.01443742476359755,7.375,0.09947399182907857,2.3184409611054595,2.0237320926396145,-0.20722058429611045,11.188275378050735,0.18461538461538463,109947.39918290786
2,-85,-20,10,-50,0,18,0.6666666666666666,1.401561120471166,0.006864705493812727,0.01404139814968186,9.0,0.0994350422047856,2.316954317283198,1.9647222470057715,-0.20722058429611034,11.181101168850862,0.21923076923076923,109943.50422047857
7,-90,-40,5,-80,50,15,0.6666666666666666,1.484468495128787,0.007935133540592129,0.0179026217228464,7.866666666666666,0.09936558735314938,2.314304860476933,2.018174897040513,-0.20722058429611034,11.168315485347147,0.18461538461538463,109936.55873531495
7,-90,-40,5,-80,100,15,0.6666666666666666,1.484468495128787,0.007935133540592129,0.0179026217228464,7.866666666666666,0.09936558735314938,2.314304860476933,2.018174897040513,-0.20722058429611034,11.168315485347147,0.18461538461538463,109936.55873531495
7,-90,-40,5,-50,50,15,0.6666666666666666,1.484468495128787,0.007935133540592129,0.0179026217228464,7.866666666666666,0.09936558735314938,2.314304860476933,2.018174897040513,-0.20722058429611034,11.168315485347147,0.18461538461538463,109936.55873531495
7,-90,-40,5,-50,100,15,0.6666666666666666,1.484468495128787,0.007935133540592129,0.0179026217228464,7.866666666666666,0.09936558735314938,2.314304860476933,2.018174897040513,-0.20722058429611034,11.168315485347147,0.18461538461538463,109936.55873531495
7,-90,-30,5,-80,50,15,0.6666666666666666,1.484468495128787,0.007935133540592129,0.0179026217228464,7.866666666666666,0.09936558735314938,2.314304860476933,2.018174897040513,-0.20722058429611034,11.168315485347147,0.18461538461538463,109936.55873531495
7,-90,-30,5,-80,100,15,0.6666666666666666,1.484468495128787,0.007935133540592129,0.0179026217228464,7.866666666666666,0.09936558735314938,2.314304860476933,2.018174897040513,-0.20722058429611034,11.168315485347147,0.18461538461538463,109936.55873531495
7,-90,-30,5,-50,50,15,0.6666666666666666,1.484468495128787,0.007935133540592129,0.0179026217228464,7.866666666666666,0.09936558735314938,2.314304860476933,2.018174897040513,-0.20722058429611034,11.168315485347147,0.18461538461538463,109936.55873531495
7,-90,-30,5,-50,100,15,0.6666666666666666,1.484468495128787,0.007935133540592129,0.0179026217228464,7.866666666666666,0.09936558735314938,2.314304860476933,2.018174897040513,-0.20722058429611034,11.168315485347147,0.18461538461538463,109936.55873531495
3,-85,-40,5,-80,50,20,0.7,1.3797964695866862,0.006315311437983845,0.01832497937441857,8.15,0.10314305560780213,2.461267043968484,1.9908776369003767,-0.22093989935033786,11.139984453716643,0.2230769230769231,110314.30556078022
3,-85,-40,5,-80,100,20,0.7,1.3797964695866862,0.006315311437983845,0.01832497937441857,8.15,0.10314305560780213,2.461267043968484,1.9908776369003767,-0.22093989935033786,11.139984453716643,0.2230769230769231,110314.30556078022
2,-80,-30,5,-80,0,20,0.75,1.4021118850687326,0.006225327961196037,0.015439039785572373,9.85,0.10311963729547036,2.4603377581745325,2.0162313800521865,-0.22093989935033775,11.135778396790382,0.21923076923076923,110311.96372954705
4,-80,-40,5,-80,0,18,0.6666666666666666,1.4211901009509276,0.007311576377415702,0.01832497937441857,11.222222222222221,0.10739391980422885,2.6338093313269475,2.0639580976610374,-0.236929961171934,11.116404688960632,0.23846153846153847,110739.3919804229
4,-85,-20,7,-50,0,18,0.6666666666666666,1.4117498228331407,0.007448521385227397,0.01443742476359755,9.38888888888889,0.10703446017320628,2.618918005758682,2.049659200559362,-0.23692996117193388,11.053553517692098,0.24615384615384617,110703.44601732063
4,-85,-20,7,-50,50,18,0.6666666666666666,1.4117498228331407,0.007448521385227397,0.01443742476359755,9.38888888888889,0.10703446017320628,2.618918005758682,2.049659200559362,-0.23692996117193388,11.053553517692098,0.24615384615384617,110703.44601732063
4,-85,-20,7,-50,100,18,0.6666666666666666,1.4117498228331407,0.007448521385227397,0.01443742476359755,9.38888888888889,0.10703446017320628,2.618918005758682,2.049659200559362,-0.23692996117193388,11.053553517692098,0.24615384615384617,110703.44601732063
4,-85,-30,5,-50,50,19,0.6842105263157895,1.405632829361364,0.006951662016853593,0.0179026217228464,8.894736842105264,0.1069420272620687,2.615097884275046,2.047664208968204,-0.2369299611719341,11.037430096809645,0.24615384615384617,110694.20272620687
4,-85,-30,5,-50,100,19,0.6842105263157895,1.405632829361364,0.006951662016853593,0.0179026217228464,8.894736842105264,0.1069420272620687,2.615097884275046,2.047664208968204,-0.2369299611719341,11.037430096809645,0.24615384615384617,110694.20272620687
10,-80,-20,3,-80,100,18,0.6666666666666666,1.4054996068817027,0.006633012647389802,0.010193346967616312,11.333333333333334,0.09607914018449537,2.1911436496818193,1.9046592364064032,-0.20055334952645332,10.925490174337895,0.24615384615384617,109607.91401844953
2,-85,-20,7,-80,50,17,0.6470588235294118,1.4084806188264576,0.007174730848206294,0.0179026217228464,11.352941176470589,0.09794493396441784,2.2605377661985324,1.9459773216153446,-0.20722058429611057,10.908847563948123,0.20384615384615384,109794.49339644179
2,-85,-20,7,-80,100,17,0.6470588235294118,1.4084806188264576,0.007174730848206294,0.0179026217228464,11.352941176470589,0.09794493396441784,2.2605377661985324,1.9459773216153446,-0.20722058429611057,10.908847563948123,0.20384615384615384,109794.49339644179
4,-85,-30,5,-100,50,18,0.6666666666666666,1.4041103518083708,0.007194951156454459,0.01832497937441857,9.222222222222221,0.10447302222349553,2.5144215457068437,2.0170874157730556,-0.23276073521351837,10.80260183660397,0.23461538461538461,110447.30222234955
4,-85,-30,5,-100,100,18,0.6666666666666666,1.4041103518083708,0.007194951156454459,0.01832497937441857,9.222222222222221,0.10447302222349553,2.5144215457068437,2.0170874157730556,-0.23276073521351837,10.80260183660397,0.23461538461538461,110447.30222234955
4,-80,-20,5,-100,0,18,0.6666666666666666,1.393841898847407,0.0073728615980374855,0.01832497937441857,9.333333333333334,0.10566071152268686,2.5625240436095598,2.0248609418852137,-0.23785190294830794,10.773611696377598,0.2423076923076923,110566.07115226869
5,-80,-50,3,-50,50,23,0.6956521739130435,1.3861623964486804,0.005528852830261272,0.012975457848298344,9.130434782608695,0.10413792048176052,2.500958223153011,2.016265329412595,-0.23276073521351837,10.744759939251812,0.2692307692307692,110413.79204817605
4,-90,-30,3,-50,100,17,0.6470588235294118,1.4485512653659816,0.007549545779260278,0.0179026217228464,7.647058823529412,0.10514309140064637,2.5414859019080156,2.1068797712008385,-0.23692996117193377,10.72673919894718,0.23076923076923078,110514.30914006464
4,-90,-20,3,-50,100,17,0.6470588235294118,1.4485512653659816,0.007549545779260278,0.0179026217228464,7.647058823529412,0.10514309140064637,2.5414859019080156,2.1068797712008385,-0.23692996117193377,10.72673919894718,0.23076923076923078,110514.30914006464
4,-80,-40,5,-50,50,19,0.631578947368421,1.422464231438638,0.006782185709466706,0.012975457848298344,10.842105263157896,0.10467762983779938,2.5226654570037983,2.006320241347474,-0.23692996117193377,10.647304564293442,0.25384615384615383,110467.76298377995
4,-80,-40,5,-50,100,19,0.631578947368421,1.422464231438638,0.006782185709466706,0.012975457848298344,10.842105263157896,0.10467762983779938,2.5226654570037983,2.006320241347474,-0.23692996117193377,10.647304564293442,0.25384615384615383,110467.76298377995
5,-85,-20,5,-50,0,19,0.6842105263157895,1.390619203500066,0.00687126315003325,0.0109722278043487,8.947368421052632,0.10326162779507264,2.4659757560188,1.9981918617620096,-0.23276073521351826,10.594466260628915,0.25,110326.16277950727
7,-80,-40,7,-50,0,21,0.7142857142857143,1.3908692624656984,0.005476275665915866,0.01018017457651732,8.285714285714286,0.09371400361621696,2.1051326119830316,1.879244830686168,-0.20055334952645343,10.496621557075315,0.2653846153846154,109371.4003616217
7,-80,-40,7,-50,50,21,0.7142857142857143,1.3908692624656984,0.005476275665915866,0.01018017457651732,8.285714285714286,0.09371400361621696,2.1051326119830316,1.879244830686168,-0.20055334952645343,10.496621557075315,0.2653846153846154,109371.4003616217
7,-80,-40,7,-50,100,21,0.7142857142857143,1.3908692624656984,0.005476275665915866,0.01018017457651732,8.285714285714286,0.09371400361621696,2.1051326119830316,1.879244830686168,-0.20055334952645343,10.496621557075315,0.2653846153846154,109371.4003616217
7,-80,-30,7,-50,0,21,0.7142857142857143,1.3908692624656984,0.005476275665915866,0.01018017457651732,8.285714285714286,0.09371400361621696,2.1051326119830316,1.879244830686168,-0.20055334952645343,10.496621557075315,0.2653846153846154,109371.4003616217
10,-80,-30,7,-80,50,17,0.7058823529411765,1.40831437188019,0.00684954770338112,0.0179026217228464,11.647058823529411,0.0951977952757288,2.158839255982621,1.9138027472370334,-0.20722058429611057,10.418073394184233,0.2230769230769231,109519.77952757289
10,-80,-30,7,-80,100,17,0.7058823529411765,1.40831437188019,0.00684954770338112,0.0179026217228464,11.647058823529411,0.0951977952757288,2.158839255982621,1.9138027472370334,-0.20722058429611057,10.418073394184233,0.2230769230769231,109519.77952757289
3,-85,-20,3,-80,50,21,0.6666666666666666,1.3697153099796626,0.0061901702772816794,0.013766799854703748,8.095238095238095,0.10314178557851861,2.4612166407552873,1.9754006380778362,-0.236929961171934,10.38795021356225,0.25,110314.17855785186
7,-80,-20,3,-80,100,18,0.6666666666666666,1.3961729044286149,0.006480449896945949,0.01108502256008359,11.444444444444445,0.09309320040311198,2.0829128587962265,1.8577379109731482,-0.20055334952645332,10.385829325286272,0.25384615384615383,109309.3200403112
7,-80,-20,5,-50,50,19,0.6842105263157895,1.3977515463746626,0.0061592999308608285,0.008409949397762073,8.789473684210526,0.09356950965853228,2.0999477637683417,1.8739151811120485,-0.2024812589410122,10.371072240222036,0.23846153846153847,109356.95096585323
7,-80,-20,5,-50,100,19,0.6842105263157895,1.3977515463746626,0.0061592999308608285,0.008409949397762073,8.789473684210526,0.09356950965853228,2.0999477637683417,1.8739151811120485,-0.2024812589410122,10.371072240222036,0.23846153846153847,109356.95096585323
10,-85,-20,5,-50,0,18,0.7222222222222222,1.386646713024824,0.006479875611364557,0.010193346967616312,8.944444444444445,0.0929098278413385,2.076377668324482,1.8790902094509383,-0.20055334952645332,10.353243529600608,0.2153846153846154,109290.98278413386
7,-90,-50,7,-50,0,16,0.6875,1.4370365780077343,0.0071611887224403425,0.015831358722625755,7.625,0.09416925798875986,2.121520681476265,1.9335834867611144,-0.20722058429611057,10.237982335020783,0.2,109416.925798876
7,-90,-50,7,-50,50,16,0.6875,1.4370365780077343,0.0071611887224403425,0.015831358722625755,7.625,0.09416925798875986,2.121520681476265,1.9335834867611144,-0.20722058429611057,10.237982335020783,0.2,109416.925798876
7,-90,-50,7,-50,100,16,0.6875,1.4370365780077343,0.0071611887224403425,0.015831358722625755,7.625,0.09416925798875986,2.121520681476265,1.9335834867611144,-0.20722058429611057,10.237982335020783,0.2,109416.925798876
7,-90,-50,10,-50,0,16,0.6875,1.4370365780077343,0.0071611887224403425,0.015831358722625755,7.625,0.09416925798875986,2.121520681476265,1.9335834867611144,-0.20722058429611057,10.237982335020783,0.2,109416.925798876
7,-90,-50,10,-50,50,16,0.6875,1.4370365780077343,0.0071611887224403425,0.015831358722625755,7.625,0.09416925798875986,2.121520681476265,1.9335834867611144,-0.20722058429611057,10.237982335020783,0.2,109416.925798876
7,-90,-50,10,-50,100,16,0.6875,1.4370365780077343,0.0071611887224403425,0.015831358722625755,7.625,0.09416925798875986,2.121520681476265,1.9335834867611144,-0.20722058429611057,10.237982335020783,0.2,109416.925798876
10,-80,-30,7,-50,50,20,0.7,1.3878233725617175,0.005705281271434115,0.011587280926644516,10.5,0.09263824988049008,2.06672237393017,1.8547168553063216,-0.20259927825447255,10.20103522449022,0.2692307692307692,109263.824988049
10,-80,-30,7,-50,100,20,0.7,1.3878233725617175,0.005705281271434115,0.011587280926644516,10.5,0.09263824988049008,2.06672237393017,1.8547168553063216,-0.20259927825447255,10.20103522449022,0.2692307692307692,109263.824988049
5,-80,-40,5,-100,50,19,0.6842105263157895,1.3928069914696342,0.006625611815922039,0.0179026217228464,9.0,0.10091944001344011,2.3740472614183217,1.9632271944763242,-0.23276073521351837,10.199517797709898,0.25384615384615383,110091.944001344
5,-80,-40,5,-100,100,19,0.6842105263157895,1.3928069914696342,0.006625611815922039,0.0179026217228464,9.0,0.10091944001344011,2.3740472614183217,1.9632271944763242,-0.23276073521351837,10.199517797709898,0.25384615384615383,110091.944001344
5,-80,-30,5,-100,50,19,0.6842105263157895,1.3928069914696342,0.006625611815922039,0.0179026217228464,9.0,0.10091944001344011,2.3740472614183217,1.9632271944763242,-0.23276073521351837,10.199517797709898,0.25384615384615383,110091.944001344
5,-80,-30,5,-100,100,19,0.6842105263157895,1.3928069914696342,0.006625611815922039,0.0179026217228464,9.0,0.10091944001344011,2.3740472614183217,1.9632271944763242,-0.23276073521351837,10.199517797709898,0.25384615384615383,110091.944001344
4,-90,-40,7,-80,0,16,0.625,1.4570311546645243,0.00708960375875714,0.01443742476359755,7.375,0.09364341100205986,2.102598554173803,1.9585059276947308,-0.20722058429611045,10.146668398392643,0.18461538461538463,109364.34110020599
4,-90,-40,7,-80,50,16,0.625,1.4570311546645243,0.00708960375875714,0.01443742476359755,7.375,0.09364341100205986,2.102598554173803,1.9585059276947308,-0.20722058429611045,10.146668398392643,0.18461538461538463,109364.34110020599
4,-90,-40,7,-80,100,16,0.625,1.4570311546645243,0.00708960375875714,0.01443742476359755,7.375,0.09364341100205986,2.102598554173803,1.9585059276947308,-0.20722058429611045,10.146668398392643,0.18461538461538463,109364.34110020599
10,-85,-20,5,-100,50,16,0.6875,1.4102813446760767,0.007312703030883411,0.01443742476359755,9.8125,0.09360245960712854,2.1011293980146277,1.8915848186166297,-0.20722058429611057,10.139578580727248,0.2,109360.24596071285
10,-85,-20,5,-100,100,16,0.6875,1.4102813446760767,0.007312703030883411,0.01443742476359755,9.8125,0.09360245960712854,2.1011293980146277,1.8915848186166297,-0.20722058429611057,10.139578580727248,0.2,109360.24596071285
10,-85,-20,5,-80,50,16,0.6875,1.4102813446760767,0.007312703030883411,0.01443742476359755,9.8125,0.09360245960712854,2.1011293980146277,1.8915848186166297,-0.20722058429611057,10.139578580727248,0.2,109360.24596071285
10,-85,-20,5,-80,100,16,0.6875,1.4102813446760767,0.007312703030883411,0.01443742476359755,9.8125,0.09360245960712854,2.1011293980146277,1.8915848186166297,-0.20722058429611057,10.139578580727248,0.2,109360.24596071285
4,-80,-30,5,-50,0,19,0.6842105263157895,1.4027849405013584,0.006645186678856531,0.012975457848298344,10.894736842105264,0.10162279157329634,2.4014143679461895,1.963866114987128,-0.236929961171934,10.135545357235529,0.25769230769230766,110162.27915732964
7,-80,-20,5,-100,0,17,0.7058823529411765,1.3887685122417426,0.006898696085725621,0.017553501540511274,9.352941176470589,0.09352293210836371,2.098278130763381,1.8909032837638529,-0.20722058429611045,10.125819005340803,0.2076923076923077,109352.29321083637
7,-85,-20,3,-50,100,16,0.6875,1.4085273661381246,0.007281440765764549,0.015831358722625755,9.9375,0.09304156891876869,2.081071479219858,1.8774644924902673,-0.20722058429611045,10.042783569445422,0.2076923076923077,109304.15689187688
10,-80,-50,3,-50,100,21,0.7142857142857143,1.3660717329789458,0.0054200268466387605,0.0109722278043487,8.0,0.09190179313800595,2.040679718814223,1.8580821310721825,-0.2046032484226813,9.973838316576813,0.2423076923076923,109190.17931380059
4,-85,-30,7,-80,0,17,0.7058823529411765,1.3944618253080685,0.007034347006929072,0.0179026217228464,9.352941176470589,0.09654159455784095,2.2082156722267303,1.9189451584779518,-0.22201124503685454,9.94641362359893,0.2076923076923077,109654.1594557841
4,-85,-30,7,-80,50,17,0.7058823529411765,1.3944618253080685,0.007034347006929072,0.0179026217228464,9.352941176470589,0.09654159455784095,2.2082156722267303,1.9189451584779518,-0.22201124503685454,9.94641362359893,0.2076923076923077,109654.1594557841
4,-85,-30,7,-80,100,17,0.7058823529411765,1.3944618253080685,0.007034347006929072,0.0179026217228464,9.352941176470589,0.09654159455784095,2.2082156722267303,1.9189451584779518,-0.22201124503685454,9.94641362359893,0.2076923076923077,109654.1594557841
4,-80,-30,7,-80,0,17,0.7058823529411765,1.3944618253080685,0.007034347006929072,0.0179026217228464,9.352941176470589,0.09654159455784095,2.2082156722267303,1.9189451584779518,-0.22201124503685454,9.94641362359893,0.2076923076923077,109654.1594557841
4,-80,-30,7,-80,50,17,0.7058823529411765,1.3944618253080685,0.007034347006929072,0.0179026217228464,9.352941176470589,0.09654159455784095,2.2082156722267303,1.9189451584779518,-0.22201124503685454,9.94641362359893,0.2076923076923077,109654.1594557841
4,-80,-30,7,-80,100,17,0.7058823529411765,1.3944618253080685,0.007034347006929072,0.0179026217228464,9.352941176470589,0.09654159455784095,2.2082156722267303,1.9189451584779518,-0.22201124503685454,9.94641362359893,0.2076923076923077,109654.1594557841
7,-80,-30,7,-80,50,17,0.7058823529411765,1.3986848468738908,0.006688010673499393,0.0179026217228464,11.764705882352942,0.09221425645493997,2.0517041005377834,1.8658693954148386,-0.20722058429611045,9.901063195565433,0.23076923076923078,109221.425645494
7,-80,-30,7,-80,100,17,0.7058823529411765,1.3986848468738908,0.006688010673499393,0.0179026217228464,11.764705882352942,0.09221425645493997,2.0517041005377834,1.8658693954148386,-0.20722058429611045,9.901063195565433,0.23076923076923078,109221.425645494
2,-85,-20,5,-100,50,18,0.6666666666666666,1.3820657883559404,0.00677910441817009,0.015347997469798758,8.944444444444445,0.09514233019833696,2.1568163736574064,1.8954068334932002,-0.21817443740388942,9.885742799760997,0.2153846153846154,109514.23301983369
2,-85,-20,5,-100,100,18,0.6666666666666666,1.3820657883559404,0.00677910441817009,0.015347997469798758,8.944444444444445,0.09514233019833696,2.1568163736574064,1.8954068334932002,-0.21817443740388942,9.885742799760997,0.2153846153846154,109514.23301983369
10,-80,-20,5,-50,0,20,0.7,1.374859455922605,0.005823581535991901,0.010193346967616312,8.25,0.09266218058760067,2.0675720494836174,1.8635133705546996,-0.21105905823130988,9.796177746693367,0.23076923076923078,109266.21805876007
3,-90,-20,3,-50,100,18,0.6666666666666666,1.4287316698334178,0.006815076238133013,0.015834710788775075,7.277777777777778,0.09951550565514,2.320026151876082,2.0248441107474164,-0.23692996117193388,9.792033647414053,0.23461538461538461,109951.550565514
5,-80,-20,3,-50,0,24,0.7083333333333334,1.3668791294028906,0.004855529900160305,0.009341827133246494,8.666666666666666,0.09396410758684048,2.1141259228172915,1.8838470458993322,-0.2166833076490272,9.756754896143855,0.26153846153846155,109396.41075868404
5,-80,-20,7,-50,0,19,0.631578947368421,1.3824548062266202,0.006633016499440323,0.0109722278043487,9.157894736842104,0.09852903622714448,2.2825461331328993,1.9158551119338936,-0.23504736881062405,9.711004827167114,0.2653846153846154,109852.90362271445
5,-80,-20,7,-50,50,19,0.631578947368421,1.3824548062266202,0.006633016499440323,0.0109722278043487,9.157894736842104,0.09852903622714448,2.2825461331328993,1.9158551119338936,-0.23504736881062405,9.711004827167114,0.2653846153846154,109852.90362271445
5,-80,-20,7,-50,100,19,0.631578947368421,1.3824548062266202,0.006633016499440323,0.0109722278043487,9.157894736842104,0.09852903622714448,2.2825461331328993,1.9158551119338936,-0.23504736881062405,9.711004827167114,0.2653846153846154,109852.90362271445
2,-85,-20,5,-80,0,19,0.6842105263157895,1.3617400407458369,0.00683467963236517,0.0179026217228464,8.578947368421053,0.10104672799251646,2.3789849036593185,1.9514707906921294,-0.24521217459309363,9.701740574696254,0.2230769230769231,110104.67279925164
5,-85,-40,3,-50,100,19,0.6842105263157895,1.3870377210545775,0.006472418279569079,0.013760095722405108,9.0,0.09766675980417694,2.250104294805042,1.9223565699530152,-0.23276073521351826,9.667026926775065,0.25384615384615383,109766.67598041768
5,-85,-40,7,-50,0,19,0.6842105263157895,1.3870377210545775,0.006472418279569079,0.013760095722405108,9.0,0.09766675980417694,2.250104294805042,1.9223565699530152,-0.23276073521351826,9.667026926775065,0.25384615384615383,109766.67598041768
5,-85,-40,7,-50,50,19,0.6842105263157895,1.3870377210545775,0.006472418279569079,0.013760095722405108,9.0,0.09766675980417694,2.250104294805042,1.9223565699530152,-0.23276073521351826,9.667026926775065,0.25384615384615383,109766.67598041768
5,-85,-40,7,-50,100,19,0.6842105263157895,1.3870377210545775,0.006472418279569079,0.013760095722405108,9.0,0.09766675980417694,2.250104294805042,1.9223565699530152,-0.23276073521351826,9.667026926775065,0.25384615384615383,109766.67598041768
5,-85,-30,3,-50,100,19,0.6842105263157895,1.3870377210545775,0.006472418279569079,0.013760095722405108,9.0,0.09766675980417694,2.250104294805042,1.9223565699530152,-0.23276073521351826,9.667026926775065,0.25384615384615383,109766.67598041768
5,-85,-30,7,-50,0,19,0.6842105263157895,1.3870377210545775,0.006472418279569079,0.013760095722405108,9.0,0.09766675980417694,2.250104294805042,1.9223565699530152,-0.23276073521351826,9.667026926775065,0.25384615384615383,109766.67598041768
5,-85,-30,7,-50,50,19,0.6842105263157895,1.3870377210545775,0.006472418279569079,0.013760095722405108,9.0,0.09766675980417694,2.250104294805042,1.9223565699530152,-0.23276073521351826,9.667026926775065,0.25384615384615383,109766.67598041768
5,-85,-30,7,-50,100,19,0.6842105263157895,1.3870377210545775,0.006472418279569079,0.013760095722405108,9.0,0.09766675980417694,2.250104294805042,1.9223565699530152,-0.23276073521351826,9.667026926775065,0.25384615384615383,109766.67598041768
5,-90,-50,7,-80,0,16,0.6875,1.4230790681256145,0.006932483924281738,0.01443742476359755,7.4375,0.09061908639421778,1.9958062804839387,1.91199402512403,-0.20722058429611057,9.631312870115284,0.18846153846153846,109061.90863942177
5,-90,-50,7,-80,50,16,0.6875,1.4230790681256145,0.006932483924281738,0.01443742476359755,7.4375,0.09061908639421778,1.9958062804839387,1.91199402512403,-0.20722058429611057,9.631312870115284,0.18846153846153846,109061.90863942177
5,-90,-50,7,-80,100,16,0.6875,1.4230790681256145,0.006932483924281738,0.01443742476359755,7.4375,0.09061908639421778,1.9958062804839387,1.91199402512403,-0.20722058429611057,9.631312870115284,0.18846153846153846,109061.90863942177
4,-85,-30,5,-80,50,18,0.6666666666666666,1.3819504372062055,0.00690945288100411,0.01832497937441857,9.277777777777779,0.09847124701989518,2.280362613492263,1.92790005666434,-0.2369299611719341,9.624627473084594,0.23846153846153847,109847.12470198951
4,-85,-30,5,-80,100,18,0.6666666666666666,1.3819504372062055,0.00690945288100411,0.01832497937441857,9.277777777777779,0.09847124701989518,2.280362613492263,1.92790005666434,-0.2369299611719341,9.624627473084594,0.23846153846153847,109847.12470198951
7,-90,-50,3,-50,100,15,0.6666666666666666,1.4242051961688522,0.007414332180988821,0.0179026217228464,7.866666666666666,0.09050077320904193,1.9916981566738725,1.8807294242362023,-0.20722058429611057,9.611487987254245,0.18461538461538463,109050.0773209042
7,-90,-50,7,-80,0,15,0.6666666666666666,1.4242051961688522,0.007414332180988821,0.0179026217228464,7.866666666666666,0.09050077320904193,1.9916981566738725,1.8807294242362023,-0.20722058429611057,9.611487987254245,0.18461538461538463,109050.0773209042
7,-90,-50,7,-80,50,15,0.6666666666666666,1.4242051961688522,0.007414332180988821,0.0179026217228464,7.866666666666666,0.09050077320904193,1.9916981566738725,1.8807294242362023,-0.20722058429611057,9.611487987254245,0.18461538461538463,109050.0773209042
7,-90,-50,7,-80,100,15,0.6666666666666666,1.4242051961688522,0.007414332180988821,0.0179026217228464,7.866666666666666,0.09050077320904193,1.9916981566738725,1.8807294242362023,-0.20722058429611057,9.611487987254245,0.18461538461538463,109050.0773209042
10,-80,-20,5,-100,0,17,0.7058823529411765,1.3781565111304168,0.006710386157778329,0.013560179537575934,9.294117647058824,0.09008550813385074,1.9773201613541418,1.839688925911399,-0.20722058429611045,9.542103011005052,0.20384615384615384,109008.55081338508
10,-80,-20,5,-80,0,17,0.7058823529411765,1.3781565111304168,0.006710386157778329,0.013560179537575934,9.294117647058824,0.09008550813385074,1.9773201613541418,1.839688925911399,-0.20722058429611045,9.542103011005052,0.20384615384615384,109008.55081338508
2,-85,-30,3,-80,100,23,0.7391304347826086,1.3467206903746285,0.005066113020408356,0.012793373216751114,9.0,0.09369754481619053,2.104541621329156,1.8455635758418683,-0.22093989935033786,9.52540318664691,0.25769230769230766,109369.75448161905
10,-85,-40,3,-50,100,18,0.7222222222222222,1.3824266797305969,0.006058872692541264,0.012366161763376904,9.0,0.0873674559699038,1.884771555283061,1.800498437945752,-0.20055334952645343,9.397856279804769,0.21923076923076923,108736.74559699038
10,-85,-30,3,-50,100,18,0.7222222222222222,1.3824266797305969,0.006058872692541264,0.012366161763376904,9.0,0.0873674559699038,1.884771555283061,1.800498437945752,-0.20055334952645343,9.397856279804769,0.21923076923076923,108736.74559699038
3,-85,-30,3,-80,50,22,0.6818181818181818,1.340565731706005,0.005262299421812212,0.012369513829526224,7.636363636363637,0.09256970032740464,2.0642896763009615,1.8356468098231076,-0.22093989935033786,9.343218143806965,0.2423076923076923,109256.97003274047
3,-80,-20,10,-50,0,19,0.6842105263157895,1.3740162683337667,0.006078968488372504,0.0109722278043487,8.842105263157896,0.09086727599725064,2.0044409169149855,1.8356754032102187,-0.21546839897558667,9.302714116987966,0.2423076923076923,109086.72759972507
3,-80,-20,10,-50,50,19,0.6842105263157895,1.3740162683337667,0.006078968488372504,0.0109722278043487,8.842105263157896,0.09086727599725064,2.0044409169149855,1.8356754032102187,-0.21546839897558667,9.302714116987966,0.2423076923076923,109086.72759972507
3,-80,-20,10,-50,100,19,0.6842105263157895,1.3740162683337667,0.006078968488372504,0.0109722278043487,8.842105263157896,0.09086727599725064,2.0044409169149855,1.8356754032102187,-0.21546839897558667,9.302714116987966,0.2423076923076923,109086.72759972507
10,-90,-50,3,-80,100,15,0.6666666666666666,1.4171073098606581,0.007290274089887797,0.013760095722405108,7.8,0.08855597378445834,1.9249091751864191,1.8524494488726835,-0.20722058429611034,9.289179362778926,0.18076923076923077,108855.59737844583
7,-90,-40,3,-80,100,14,0.6428571428571429,1.4434710246632436,0.007782464931308607,0.015831358722625755,8.357142857142858,0.08844864578876721,1.921263572079524,1.8473793014399993,-0.20722058429611034,9.27158650095355,0.18076923076923077,108844.86457887672
7,-90,-30,3,-80,100,14,0.6428571428571429,1.4434710246632436,0.007782464931308607,0.015831358722625755,8.357142857142858,0.08844864578876721,1.921263572079524,1.8473793014399993,-0.20722058429611034,9.27158650095355,0.18076923076923077,108844.86457887672
5,-85,-20,5,-100,0,18,0.6666666666666666,1.3675465188949334,0.006824587410471527,0.01443742476359755,9.333333333333334,0.09481901149854433,2.145048254093029,1.8778212700091022,-0.23276073521351826,9.215679148484014,0.2423076923076923,109481.90114985443
5,-85,-20,5,-80,0,18,0.6666666666666666,1.3675465188949334,0.006824587410471527,0.01443742476359755,9.333333333333334,0.09481901149854433,2.145048254093029,1.8778212700091022,-0.23276073521351826,9.215679148484014,0.2423076923076923,109481.90114985443
4,-80,-50,3,-50,100,21,0.6666666666666666,1.3770988344479218,0.005777282210700031,0.012975457848298344,9.952380952380953,0.09755259338855082,2.245831163762857,1.9049873974242422,-0.24568870424087108,9.140962221694423,0.2653846153846154,109755.25933885507
7,-90,-50,5,-100,0,15,0.6666666666666666,1.413675472569278,0.007230291840968646,0.0179026217228464,7.733333333333333,0.08754124157984022,1.890608658125839,1.8349934184194796,-0.20722058429611045,9.123652771021193,0.17692307692307693,108754.12415798403
7,-90,-50,5,-100,50,15,0.6666666666666666,1.413675472569278,0.007230291840968646,0.0179026217228464,7.733333333333333,0.08754124157984022,1.890608658125839,1.8349934184194796,-0.20722058429611045,9.123652771021193,0.17692307692307693,108754.12415798403
7,-90,-50,5,-100,100,15,0.6666666666666666,1.413675472569278,0.007230291840968646,0.0179026217228464,7.733333333333333,0.08754124157984022,1.890608658125839,1.8349934184194796,-0.20722058429611045,9.123652771021193,0.17692307692307693,108754.12415798403
7,-90,-40,5,-100,0,15,0.6666666666666666,1.413675472569278,0.007230291840968646,0.0179026217228464,7.733333333333333,0.08754124157984022,1.890608658125839,1.8349934184194796,-0.20722058429611045,9.123652771021193,0.17692307692307693,108754.12415798403
7,-90,-30,5,-100,0,15,0.6666666666666666,1.413675472569278,0.007230291840968646,0.0179026217228464,7.733333333333333,0.08754124157984022,1.890608658125839,1.8349934184194796,-0.20722058429611045,9.123652771021193,0.17692307692307693,108754.12415798403
4,-85,-20,3,-50,50,20,0.65,1.354332528090896,0.006136645000926621,0.01443742476359755,8.4,0.09522926084322836,2.1599873761294113,1.8828813496001275,-0.23692996117193377,9.116564935246691,0.2423076923076923,109522.92608432284
2,-85,-20,7,-80,0,17,0.6470588235294118,1.3752897553840577,0.006591752119612173,0.012793373216751114,9.058823529411764,0.08727790797996704,1.8817680612849395,1.7942015637118824,-0.20722058429611057,9.08099003618271,0.18846153846153846,108727.7907979967
7,-80,-20,5,-80,0,17,0.7058823529411765,1.3691631922575713,0.006550799741306405,0.017553501540511274,9.411764705882353,0.08711589621030091,1.8763414054103027,1.7916984773222933,-0.20722058429611057,9.054802213708076,0.21153846153846154,108711.58962103009
4,-80,-40,3,-50,50,21,0.6190476190476191,1.3690343540095988,0.005624136657325333,0.012975457848298344,10.0,0.09401890208094299,2.1160994397063133,1.8611869253371587,-0.23692996117193377,8.931329027529433,0.2692307692307692,109401.89020809431
4,-80,-30,3,-50,50,21,0.6190476190476191,1.3690343540095988,0.005624136657325333,0.012975457848298344,10.0,0.09401890208094299,2.1160994397063133,1.8611869253371587,-0.23692996117193377,8.931329027529433,0.2692307692307692,109401.89020809431
3,-85,-30,5,-100,50,19,0.6842105263157895,1.3580822833366013,0.005819989933446305,0.0179026217228464,8.631578947368421,0.0883048151513337,1.9163846474329085,1.795859387087699,-0.216683307649027,8.844172946339617,0.22692307692307692,108830.48151513338
3,-85,-30,5,-100,100,19,0.6842105263157895,1.3580822833366013,0.005819989933446305,0.0179026217228464,8.631578947368421,0.0883048151513337,1.9163846474329085,1.795859387087699,-0.216683307649027,8.844172946339617,0.22692307692307692,108830.48151513338
10,-90,-20,10,-80,0,14,0.6428571428571429,1.4372696971425019,0.007673637947641794,0.015831358722625755,8.428571428571429,0.0858005501667678,1.832630420639247,1.8372334950936686,-0.20722058429611045,8.843862818282988,0.18461538461538463,108580.05501667678
10,-90,-20,10,-80,50,14,0.6428571428571429,1.4372696971425019,0.007673637947641794,0.015831358722625755,8.428571428571429,0.0858005501667678,1.832630420639247,1.8372334950936686,-0.20722058429611045,8.843862818282988,0.18461538461538463,108580.05501667678
10,-90,-20,10,-80,100,14,0.6428571428571429,1.4372696971425019,0.007673637947641794,0.015831358722625755,8.428571428571429,0.0858005501667678,1.832630420639247,1.8372334950936686,-0.20722058429611045,8.843862818282988,0.18461538461538463,108580.05501667678
7,-85,-20,7,-80,0,15,0.6666666666666666,1.3814866261674064,0.007252775052672566,0.0179026217228464,10.466666666666667,0.0846771607584127,1.795783686492599,1.7534236023902947,-0.20722058429611045,8.666048754724537,0.2,108467.71607584128
7,-85,-20,7,-80,50,15,0.6666666666666666,1.3814866261674064,0.007252775052672566,0.0179026217228464,10.466666666666667,0.0846771607584127,1.795783686492599,1.7534236023902947,-0.20722058429611045,8.666048754724537,0.2,108467.71607584128
7,-85,-20,7,-80,100,15,0.6666666666666666,1.3814866261674064,0.007252775052672566,0.0179026217228464,10.466666666666667,0.0846771607584127,1.795783686492599,1.7534236023902947,-0.20722058429611045,8.666048754724537,0.2,108467.71607584128
5,-85,-20,10,-50,0,18,0.6666666666666666,1.3700662310440597,0.0062925221685961414,0.012366161763376904,9.222222222222221,0.08845937930420367,1.9216279682951232,1.8007696022474922,-0.22201124503685465,8.65554340716447,0.23461538461538461,108845.93793042036
5,-85,-20,10,-50,50,18,0.6666666666666666,1.3700662310440597,0.0062925221685961414,0.012366161763376904,9.222222222222221,0.08845937930420367,1.9216279682951232,1.8007696022474922,-0.22201124503685465,8.65554340716447,0.23461538461538461,108845.93793042036
5,-85,-20,10,-50,100,18,0.6666666666666666,1.3700662310440597,0.0062925221685961414,0.012366161763376904,9.222222222222221,0.08845937930420367,1.9216279682951232,1.8007696022474922,-0.22201124503685465,8.65554340716447,0.23461538461538461,108845.93793042036
10,-80,-40,7,-80,0,17,0.7058823529411765,1.373445637882363,0.006264618361377196,0.013760095722405108,9.352941176470589,0.08455745897203393,1.7918836496830548,1.7606051086905243,-0.20722058429611057,8.647228052993611,0.2076923076923077,108455.7458972034
10,-80,-40,7,-80,50,17,0.7058823529411765,1.373445637882363,0.006264618361377196,0.013760095722405108,9.352941176470589,0.08455745897203393,1.7918836496830548,1.7606051086905243,-0.20722058429611057,8.647228052993611,0.2076923076923077,108455.7458972034
10,-80,-40,7,-80,100,17,0.7058823529411765,1.373445637882363,0.006264618361377196,0.013760095722405108,9.352941176470589,0.08455745897203393,1.7918836496830548,1.7606051086905243,-0.20722058429611057,8.647228052993611,0.2076923076923077,108455.7458972034
10,-80,-30,7,-80,0,17,0.7058823529411765,1.373445637882363,0.006264618361377196,0.013760095722405108,9.352941176470589,0.08455745897203393,1.7918836496830548,1.7606051086905243,-0.20722058429611057,8.647228052993611,0.2076923076923077,108455.7458972034
4,-80,-30,5,-100,50,18,0.6666666666666666,1.3633885465613262,0.006469922959468121,0.01832497937441857,9.333333333333334,0.09064041182262894,1.9965473039948822,1.8107771033068363,-0.23276073521351826,8.577680862553517,0.2423076923076923,109064.0411822629
4,-80,-30,5,-100,100,18,0.6666666666666666,1.3633885465613262,0.006469922959468121,0.01832497937441857,9.333333333333334,0.09064041182262894,1.9965473039948822,1.8107771033068363,-0.23276073521351826,8.577680862553517,0.2423076923076923,109064.0411822629
4,-85,-40,5,-50,50,19,0.6842105263157895,1.3563702762117678,0.006219129964170663,0.0179026217228464,8.789473684210526,0.0916390719370117,2.031438743117144,1.8231756404541775,-0.23692996117193377,8.574005301266997,0.23846153846153847,109163.90719370116
4,-85,-40,5,-50,100,19,0.6842105263157895,1.3563702762117678,0.006219129964170663,0.0179026217228464,8.789473684210526,0.0916390719370117,2.031438743117144,1.8231756404541775,-0.23692996117193377,8.574005301266997,0.23846153846153847,109163.90719370116
5,-90,-40,3,-50,100,16,0.625,1.42006084601303,0.006832945759215975,0.01443742476359755,7.8125,0.08666473455531509,1.8612791008766592,1.835139302356788,-0.2181744374038893,8.531151142289957,0.21153846153846154,108666.47345553151
5,-90,-40,5,-100,50,16,0.625,1.42006084601303,0.006832945759215975,0.01443742476359755,7.8125,0.08666473455531509,1.8612791008766592,1.835139302356788,-0.2181744374038893,8.531151142289957,0.21153846153846154,108666.47345553151
5,-90,-40,5,-100,100,16,0.625,1.42006084601303,0.006832945759215975,0.01443742476359755,7.8125,0.08666473455531509,1.8612791008766592,1.835139302356788,-0.2181744374038893,8.531151142289957,0.21153846153846154,108666.47345553151
5,-90,-40,5,-80,50,16,0.625,1.42006084601303,0.006832945759215975,0.01443742476359755,7.8125,0.08666473455531509,1.8612791008766592,1.835139302356788,-0.2181744374038893,8.531151142289957,0.21153846153846154,108666.47345553151
5,-90,-40,5,-80,100,16,0.625,1.42006084601303,0.006832945759215975,0.01443742476359755,7.8125,0.08666473455531509,1.8612791008766592,1.835139302356788,-0.2181744374038893,8.531151142289957,0.21153846153846154,108666.47345553151
5,-90,-40,5,-50,50,16,0.625,1.42006084601303,0.006832945759215975,0.01443742476359755,7.8125,0.08666473455531509,1.8612791008766592,1.835139302356788,-0.2181744374038893,8.531151142289957,0.21153846153846154,108666.47345553151
5,-90,-40,5,-50,100,16,0.625,1.42006084601303,0.006832945759215975,0.01443742476359755,7.8125,0.08666473455531509,1.8612791008766592,1.835139302356788,-0.2181744374038893,8.531151142289957,0.21153846153846154,108666.47345553151
5,-90,-40,7,-50,0,16,0.625,1.42006084601303,0.006832945759215975,0.01443742476359755,7.8125,0.08666473455531509,1.8612791008766592,1.835139302356788,-0.2181744374038893,8.531151142289957,0.21153846153846154,108666.47345553151
5,-90,-40,7,-50,50,16,0.625,1.42006084601303,0.006832945759215975,0.01443742476359755,7.8125,0.08666473455531509,1.8612791008766592,1.835139302356788,-0.2181744374038893,8.531151142289957,0.21153846153846154,108666.47345553151
5,-90,-40,7,-50,100,16,0.625,1.42006084601303,0.006832945759215975,0.01443742476359755,7.8125,0.08666473455531509,1.8612791008766592,1.835139302356788,-0.2181744374038893,8.531151142289957,0.21153846153846154,108666.47345553151
5,-90,-30,3,-50,100,16,0.625,1.42006084601303,0.006832945759215975,0.01443742476359755,7.8125,0.08666473455531509,1.8612791008766592,1.835139302356788,-0.2181744374038893,8.531151142289957,0.21153846153846154,108666.47345553151
5,-90,-30,5,-100,50,16,0.625,1.42006084601303,0.006832945759215975,0.01443742476359755,7.8125,0.08666473455531509,1.8612791008766592,1.835139302356788,-0.2181744374038893,8.531151142289957,0.21153846153846154,108666.47345553151
5,-90,-30,5,-100,100,16,0.625,1.42006084601303,0.006832945759215975,0.01443742476359755,7.8125,0.08666473455531509,1.8612791008766592,1.835139302356788,-0.2181744374038893,8.531151142289957,0.21153846153846154,108666.47345553151
5,-90,-30,5,-80,50,16,0.625,1.42006084601303,0.006832945759215975,0.01443742476359755,7.8125,0.08666473455531509,1.8612791008766592,1.835139302356788,-0.2181744374038893,8.531151142289957,0.21153846153846154,108666.47345553151
5,-90,-30,5,-80,100,16,0.625,1.42006084601303,0.006832945759215975,0.01443742476359755,7.8125,0.08666473455531509,1.8612791008766592,1.835139302356788,-0.2181744374038893,8.531151142289957,0.21153846153846154,108666.47345553151
5,-90,-30,5,-50,50,16,0.625,1.42006084601303,0.006832945759215975,0.01443742476359755,7.8125,0.08666473455531509,1.8612791008766592,1.835139302356788,-0.2181744374038893,8.531151142289957,0.21153846153846154,108666.47345553151
5,-90,-30,5,-50,100,16,0.625,1.42006084601303,0.006832945759215975,0.01443742476359755,7.8125,0.08666473455531509,1.8612791008766592,1.835139302356788,-0.2181744374038893,8.531151142289957,0.21153846153846154,108666.47345553151
5,-90,-30,7,-50,0,16,0.625,1.42006084601303,0.006832945759215975,0.01443742476359755,7.8125,0.08666473455531509,1.8612791008766592,1.835139302356788,-0.2181744374038893,8.531151142289957,0.21153846153846154,108666.47345553151
5,-90,-30,7,-50,50,16,0.625,1.42006084601303,0.006832945759215975,0.01443742476359755,7.8125,0.08666473455531509,1.8612791008766592,1.835139302356788,-0.2181744374038893,8.531151142289957,0.21153846153846154,108666.47345553151
5,-90,-30,7,-50,100,16,0.625,1.42006084601303,0.006832945759215975,0.01443742476359755,7.8125,0.08666473455531509,1.8612791008766592,1.835139302356788,-0.2181744374038893,8.531151142289957,0.21153846153846154,108666.47345553151
5,-90,-20,3,-50,100,16,0.625,1.42006084601303,0.006832945759215975,0.01443742476359755,7.8125,0.08666473455531509,1.8612791008766592,1.835139302356788,-0.2181744374038893,8.531151142289957,0.21153846153846154,108666.47345553151
5,-90,-20,5,-100,50,16,0.625,1.42006084601303,0.006832945759215975,0.01443742476359755,7.8125,0.08666473455531509,1.8612791008766592,1.835139302356788,-0.2181744374038893,8.531151142289957,0.21153846153846154,108666.47345553151
5,-90,-20,5,-100,100,16,0.625,1.42006084601303,0.006832945759215975,0.01443742476359755,7.8125,0.08666473455531509,1.8612791008766592,1.835139302356788,-0.2181744374038893,8.531151142289957,0.21153846153846154,108666.47345553151
5,-90,-20,5,-80,50,16,0.625,1.42006084601303,0.006832945759215975,0.01443742476359755,7.8125,0.08666473455531509,1.8612791008766592,1.835139302356788,-0.2181744374038893,8.531151142289957,0.21153846153846154,108666.47345553151
5,-90,-20,5,-80,100,16,0.625,1.42006084601303,0.006832945759215975,0.01443742476359755,7.8125,0.08666473455531509,1.8612791008766592,1.835139302356788,-0.2181744374038893,8.531151142289957,0.21153846153846154,108666.47345553151
5,-90,-20,5,-50,50,16,0.625,1.42006084601303,0.006832945759215975,0.01443742476359755,7.8125,0.08666473455531509,1.8612791008766592,1.835139302356788,-0.2181744374038893,8.531151142289957,0.21153846153846154,108666.47345553151
5,-90,-20,5,-50,100,16,0.625,1.42006084601303,0.006832945759215975,0.01443742476359755,7.8125,0.08666473455531509,1.8612791008766592,1.835139302356788,-0.2181744374038893,8.531151142289957,0.21153846153846154,108666.47345553151
5,-90,-20,7,-50,0,16,0.625,1.42006084601303,0.006832945759215975,0.01443742476359755,7.8125,0.08666473455531509,1.8612791008766592,1.835139302356788,-0.2181744374038893,8.531151142289957,0.21153846153846154,108666.47345553151
5,-90,-20,7,-50,50,16,0.625,1.42006084601303,0.006832945759215975,0.01443742476359755,7.8125,0.08666473455531509,1.8612791008766592,1.835139302356788,-0.2181744374038893,8.531151142289957,0.21153846153846154,108666.47345553151
5,-90,-20,7,-50,100,16,0.625,1.42006084601303,0.006832945759215975,0.01443742476359755,7.8125,0.08666473455531509,1.8612791008766592,1.835139302356788,-0.2181744374038893,8.531151142289957,0.21153846153846154,108666.47345553151
7,-85,-20,5,-50,50,16,0.6875,1.3781083283899056,0.006739263081050217,0.012807024092495345,9.875,0.08368830674743699,1.7637154772358299,1.7345781889190732,-0.20722058429611045,8.511294779072461,0.20384615384615384,108368.8306747437
7,-85,-20,5,-50,100,16,0.6875,1.3781083283899056,0.006739263081050217,0.012807024092495345,9.875,0.08368830674743699,1.7637154772358299,1.7345781889190732,-0.20722058429611045,8.511294779072461,0.20384615384615384,108368.8306747437
10,-80,-40,7,-50,0,20,0.7,1.354026286943385,0.005208091330730779,0.01148732283422993,8.55,0.08202278070482172,1.710467788975683,1.7033783130494835,-0.20259927825447255,8.442615411626832,0.25384615384615383,108202.27807048218
10,-80,-40,7,-50,50,20,0.7,1.354026286943385,0.005208091330730779,0.01148732283422993,8.55,0.08202278070482172,1.710467788975683,1.7033783130494835,-0.20259927825447255,8.442615411626832,0.25384615384615383,108202.27807048218
10,-80,-40,7,-50,100,20,0.7,1.354026286943385,0.005208091330730779,0.01148732283422993,8.55,0.08202278070482172,1.710467788975683,1.7033783130494835,-0.20259927825447255,8.442615411626832,0.25384615384615383,108202.27807048218
10,-80,-30,7,-50,0,20,0.7,1.354026286943385,0.005208091330730779,0.01148732283422993,8.55,0.08202278070482172,1.710467788975683,1.7033783130494835,-0.20259927825447255,8.442615411626832,0.25384615384615383,108202.27807048218
4,-85,-40,5,-100,50,18,0.6666666666666666,1.35410005577507,0.006421722878622477,0.01832497937441857,9.11111111111111,0.08920419973726057,1.9470166436275438,1.791569772166358,-0.23276073521351837,8.364884403039401,0.22692307692307692,108920.41997372605
4,-85,-40,5,-100,100,18,0.6666666666666666,1.35410005577507,0.006421722878622477,0.01832497937441857,9.11111111111111,0.08920419973726057,1.9470166436275438,1.791569772166358,-0.23276073521351837,8.364884403039401,0.22692307692307692,108920.41997372605
7,-80,-50,3,-50,100,21,0.7142857142857143,1.3402412193608864,0.005037582465770922,0.01018017457651732,8.095238095238095,0.08322456263752831,1.7487933982557244,1.7241980109813466,-0.2092635398449496,8.356894849200508,0.25,108322.45626375283
4,-90,-40,3,-50,100,17,0.6470588235294118,1.391752715109694,0.006730833485085238,0.0179026217228464,7.529411764705882,0.08986500552172272,1.9697114476334554,1.867570437589807,-0.23692996117193388,8.313475585319019,0.2230769230769231,108986.50055217228
2,-85,-30,5,-50,0,22,0.7272727272727273,1.3205727664929245,0.005060906304068313,0.015347997469798758,7.409090909090909,0.08757275413680299,1.8916682646702574,1.7705218626435042,-0.2293956657848324,8.24631214455724,0.2230769230769231,108757.2754136803
10,-85,-40,7,-50,0,18,0.7222222222222222,1.360741672545637,0.0057153122015131,0.011587280926644516,9.222222222222221,0.0807189253752747,1.6694440093219165,1.6933689531884748,-0.20259927825447255,8.240128117460666,0.23461538461538461,108071.89253752747
10,-85,-40,7,-50,50,18,0.7222222222222222,1.360741672545637,0.0057153122015131,0.011587280926644516,9.222222222222221,0.0807189253752747,1.6694440093219165,1.6933689531884748,-0.20259927825447255,8.240128117460666,0.23461538461538461,108071.89253752747
10,-85,-40,7,-50,100,18,0.7222222222222222,1.360741672545637,0.0057153122015131,0.011587280926644516,9.222222222222221,0.0807189253752747,1.6694440093219165,1.6933689531884748,-0.20259927825447255,8.240128117460666,0.23461538461538461,108071.89253752747
10,-85,-40,10,-50,0,18,0.7222222222222222,1.360741672545637,0.0057153122015131,0.011587280926644516,9.222222222222221,0.0807189253752747,1.6694440093219165,1.6933689531884748,-0.20259927825447255,8.240128117460666,0.23461538461538461,108071.89253752747
10,-85,-40,10,-50,50,18,0.7222222222222222,1.360741672545637,0.0057153122015131,0.011587280926644516,9.222222222222221,0.0807189253752747,1.6694440093219165,1.6933689531884748,-0.20259927825447255,8.240128117460666,0.23461538461538461,108071.89253752747
10,-85,-40,10,-50,100,18,0.7222222222222222,1.360741672545637,0.0057153122015131,0.011587280926644516,9.222222222222221,0.0807189253752747,1.6694440093219165,1.6933689531884748,-0.20259927825447255,8.240128117460666,0.23461538461538461,108071.89253752747
10,-85,-30,7,-50,0,18,0.7222222222222222,1.360741672545637,0.0057153122015131,0.011587280926644516,9.222222222222221,0.0807189253752747,1.6694440093219165,1.6933689531884748,-0.20259927825447255,8.240128117460666,0.23461538461538461,108071.89253752747
10,-85,-30,7,-50,50,18,0.7222222222222222,1.360741672545637,0.0057153122015131,0.011587280926644516,9.222222222222221,0.0807189253752747,1.6694440093219165,1.6933689531884748,-0.20259927825447255,8.240128117460666,0.23461538461538461,108071.89253752747
10,-85,-30,7,-50,100,18,0.7222222222222222,1.360741672545637,0.0057153122015131,0.011587280926644516,9.222222222222221,0.0807189253752747,1.6694440093219165,1.6933689531884748,-0.20259927825447255,8.240128117460666,0.23461538461538461,108071.89253752747
10,-85,-30,10,-50,0,18,0.7222222222222222,1.360741672545637,0.0057153122015131,0.011587280926644516,9.222222222222221,0.0807189253752747,1.6694440093219165,1.6933689531884748,-0.20259927825447255,8.240128117460666,0.23461538461538461,108071.89253752747
10,-85,-30,10,-50,50,18,0.7222222222222222,1.360741672545637,0.0057153122015131,0.011587280926644516,9.222222222222221,0.0807189253752747,1.6694440093219165,1.6933689531884748,-0.20259927825447255,8.240128117460666,0.23461538461538461,108071.89253752747
10,-85,-30,10,-50,100,18,0.7222222222222222,1.360741672545637,0.0057153122015131,0.011587280926644516,9.222222222222221,0.0807189253752747,1.6694440093219165,1.6933689531884748,-0.20259927825447255,8.240128117460666,0.23461538461538461,108071.89253752747
5,-85,-40,5,-50,50,19,0.6842105263157895,1.35973570369778,0.0060158475977043786,0.0109722278043487,8.947368421052632,0.08827391942815921,1.915337603416324,1.7825482792501492,-0.23276073521351837,8.228783096338512,0.25,108827.39194281593
5,-85,-40,5,-50,100,19,0.6842105263157895,1.35973570369778,0.0060158475977043786,0.0109722278043487,8.947368421052632,0.08827391942815921,1.915337603416324,1.7825482792501492,-0.23276073521351837,8.228783096338512,0.25,108827.39194281593
5,-85,-30,5,-50,50,19,0.6842105263157895,1.35973570369778,0.0060158475977043786,0.0109722278043487,8.947368421052632,0.08827391942815921,1.915337603416324,1.7825482792501492,-0.23276073521351837,8.228783096338512,0.25,108827.39194281593
5,-85,-30,5,-50,100,19,0.6842105263157895,1.35973570369778,0.0060158475977043786,0.0109722278043487,8.947368421052632,0.08827391942815921,1.915337603416324,1.7825482792501492,-0.23276073521351837,8.228783096338512,0.25,108827.39194281593
7,-85,-20,5,-100,50,15,0.6666666666666666,1.3718063413270365,0.007068734712652391,0.0179026217228464,10.333333333333334,0.08173343394628962,1.7013141390598943,1.7089729911478335,-0.20722058429611057,8.210159935794694,0.19230769230769232,108173.34339462896
7,-85,-20,5,-100,100,15,0.6666666666666666,1.3718063413270365,0.007068734712652391,0.0179026217228464,10.333333333333334,0.08173343394628962,1.7013141390598943,1.7089729911478335,-0.20722058429611057,8.210159935794694,0.19230769230769232,108173.34339462896
5,-80,-20,10,-50,0,18,0.6666666666666666,1.3578955470804075,0.006140119027433061,0.012366161763376904,9.277777777777779,0.08546473912496699,1.8215693590570017,1.754866662243303,-0.22201124503685465,8.204851780163724,0.23846153846153847,108546.4739124967
5,-80,-20,10,-50,50,18,0.6666666666666666,1.3578955470804075,0.006140119027433061,0.012366161763376904,9.277777777777779,0.08546473912496699,1.8215693590570017,1.754866662243303,-0.22201124503685465,8.204851780163724,0.23846153846153847,108546.4739124967
5,-80,-20,10,-50,100,18,0.6666666666666666,1.3578955470804075,0.006140119027433061,0.012366161763376904,9.277777777777779,0.08546473912496699,1.8215693590570017,1.754866662243303,-0.22201124503685465,8.204851780163724,0.23846153846153847,108546.4739124967
5,-80,-20,3,-80,50,20,0.65,1.364435626214178,0.0057000285137393195,0.009341827133246494,10.35,0.08808041964271163,1.9087878409551515,1.7734566102268976,-0.23276073521351837,8.200643631771328,0.25769230769230766,108808.04196427116
3,-85,-30,7,-50,0,20,0.7,1.3435035405200269,0.005392149207325675,0.01443742476359755,8.35,0.08511939350412656,1.8102357430910048,1.7466040749498768,-0.22093989935033786,8.193340127400743,0.23846153846153847,108511.93935041265
3,-85,-30,7,-50,50,20,0.7,1.3435035405200269,0.005392149207325675,0.01443742476359755,8.35,0.08511939350412656,1.8102357430910048,1.7466040749498768,-0.22093989935033786,8.193340127400743,0.23846153846153847,108511.93935041265
3,-85,-30,7,-50,100,20,0.7,1.3435035405200269,0.005392149207325675,0.01443742476359755,8.35,0.08511939350412656,1.8102357430910048,1.7466040749498768,-0.22093989935033786,8.193340127400743,0.23846153846153847,108511.93935041265
7,-80,-40,7,-80,0,17,0.7058823529411765,1.3639323925960822,0.006105031944905271,0.017553501540511274,9.470588235294118,0.08160290656499147,1.6971941563110091,1.7124534852260829,-0.20722058429611045,8.19027782435833,0.2153846153846154,108160.29065649916
7,-80,-40,7,-80,50,17,0.7058823529411765,1.3639323925960822,0.006105031944905271,0.017553501540511274,9.470588235294118,0.08160290656499147,1.6971941563110091,1.7124534852260829,-0.20722058429611045,8.19027782435833,0.2153846153846154,108160.29065649916
7,-80,-40,7,-80,100,17,0.7058823529411765,1.3639323925960822,0.006105031944905271,0.017553501540511274,9.470588235294118,0.08160290656499147,1.6971941563110091,1.7124534852260829,-0.20722058429611045,8.19027782435833,0.2153846153846154,108160.29065649916
7,-80,-30,7,-80,0,17,0.7058823529411765,1.3639323925960822,0.006105031944905271,0.017553501540511274,9.470588235294118,0.08160290656499147,1.6971941563110091,1.7124534852260829,-0.20722058429611045,8.19027782435833,0.2153846153846154,108160.29065649916
2,-80,-20,10,-50,0,19,0.6842105263157895,1.3366788876784246,0.005771204498300142,0.008409949397762073,8.789473684210526,0.08331959184339177,1.751845132752135,1.7158578840420615,-0.21546839897558667,8.13040399929191,0.23846153846153847,108331.95918433917
3,-80,-30,5,-100,50,19,0.6842105263157895,1.3440194550051807,0.005591423698440158,0.0179026217228464,8.68421052631579,0.0836261993285603,1.7617127048646792,1.724261726260829,-0.216683307649027,8.130357266459193,0.23076923076923078,108362.61993285603
3,-80,-30,5,-100,100,19,0.6842105263157895,1.3440194550051807,0.005591423698440158,0.0179026217228464,8.68421052631579,0.0836261993285603,1.7617127048646792,1.724261726260829,-0.216683307649027,8.130357266459193,0.23076923076923078,108362.61993285603
7,-90,-50,5,-80,0,15,0.6666666666666666,1.3911169074525955,0.006836009317293534,0.0179026217228464,7.8,0.0811692528717558,1.683547770501899,1.732381878619765,-0.20722058429611045,8.124423431294703,0.18076923076923077,108116.92528717559
7,-90,-50,5,-80,50,15,0.6666666666666666,1.3911169074525955,0.006836009317293534,0.0179026217228464,7.8,0.0811692528717558,1.683547770501899,1.732381878619765,-0.20722058429611045,8.124423431294703,0.18076923076923077,108116.92528717559
7,-90,-50,5,-80,100,15,0.6666666666666666,1.3911169074525955,0.006836009317293534,0.0179026217228464,7.8,0.0811692528717558,1.683547770501899,1.732381878619765,-0.20722058429611045,8.124423431294703,0.18076923076923077,108116.92528717559
7,-90,-50,5,-50,0,15,0.6666666666666666,1.3911169074525955,0.006836009317293534,0.0179026217228464,7.8,0.0811692528717558,1.683547770501899,1.732381878619765,-0.20722058429611045,8.124423431294703,0.18076923076923077,108116.92528717559
7,-90,-50,5,-50,50,15,0.6666666666666666,1.3911169074525955,0.006836009317293534,0.0179026217228464,7.8,0.0811692528717558,1.683547770501899,1.732381878619765,-0.20722058429611045,8.124423431294703,0.18076923076923077,108116.92528717559
7,-90,-50,5,-50,100,15,0.6666666666666666,1.3911169074525955,0.006836009317293534,0.0179026217228464,7.8,0.0811692528717558,1.683547770501899,1.732381878619765,-0.20722058429611045,8.124423431294703,0.18076923076923077,108116.92528717559
7,-90,-40,5,-80,0,15,0.6666666666666666,1.3911169074525955,0.006836009317293534,0.0179026217228464,7.8,0.0811692528717558,1.683547770501899,1.732381878619765,-0.20722058429611045,8.124423431294703,0.18076923076923077,108116.92528717559
7,-90,-40,5,-50,0,15,0.6666666666666666,1.3911169074525955,0.006836009317293534,0.0179026217228464,7.8,0.0811692528717558,1.683547770501899,1.732381878619765,-0.20722058429611045,8.124423431294703,0.18076923076923077,108116.92528717559
7,-90,-30,5,-80,0,15,0.6666666666666666,1.3911169074525955,0.006836009317293534,0.0179026217228464,7.8,0.0811692528717558,1.683547770501899,1.732381878619765,-0.20722058429611045,8.124423431294703,0.18076923076923077,108116.92528717559
7,-90,-30,5,-50,0,15,0.6666666666666666,1.3911169074525955,0.006836009317293534,0.0179026217228464,7.8,0.0811692528717558,1.683547770501899,1.732381878619765,-0.20722058429611045,8.124423431294703,0.18076923076923077,108116.92528717559
3,-90,-20,5,-100,50,16,0.625,1.4052491766209054,0.00666149222540751,0.01443742476359755,7.875,0.08367503191933867,1.7632872926852494,1.7865076020647117,-0.21817443740388942,8.082006827504784,0.2153846153846154,108367.50319193387
3,-90,-20,5,-100,100,16,0.625,1.4052491766209054,0.00666149222540751,0.01443742476359755,7.875,0.08367503191933867,1.7632872926852494,1.7865076020647117,-0.21817443740388942,8.082006827504784,0.2153846153846154,108367.50319193387
4,-90,-30,5,-100,50,16,0.625,1.4052491766209054,0.00666149222540751,0.01443742476359755,7.875,0.08367503191933867,1.7632872926852494,1.7865076020647117,-0.21817443740388942,8.082006827504784,0.2153846153846154,108367.50319193387
4,-90,-30,5,-100,100,16,0.625,1.4052491766209054,0.00666149222540751,0.01443742476359755,7.875,0.08367503191933867,1.7632872926852494,1.7865076020647117,-0.21817443740388942,8.082006827504784,0.2153846153846154,108367.50319193387
4,-90,-20,5,-100,50,16,0.625,1.4052491766209054,0.00666149222540751,0.01443742476359755,7.875,0.08367503191933867,1.7632872926852494,1.7865076020647117,-0.21817443740388942,8.082006827504784,0.2153846153846154,108367.50319193387
4,-90,-20,5,-100,100,16,0.625,1.4052491766209054,0.00666149222540751,0.01443742476359755,7.875,0.08367503191933867,1.7632872926852494,1.7865076020647117,-0.21817443740388942,8.082006827504784,0.2153846153846154,108367.50319193387
4,-80,-30,3,-80,100,18,0.6666666666666666,1.3810549255959887,0.006291509023558375,0.011973842826323522,11.555555555555555,0.08818676177279583,1.9123857299940297,1.7644839639617902,-0.236929961171934,8.07152341786888,0.26153846153846155,108818.67617727959
2,-80,-20,3,-50,0,27,0.7037037037037037,1.3181294074246337,0.004018088017954578,0.010394238622021046,7.851851851851852,0.0839702115866896,1.77282286265035,1.708500215629475,-0.22096534950389157,8.02308084335697,0.27692307692307694,108397.02115866895
5,-85,-50,7,-80,0,18,0.7222222222222222,1.3384462223240179,0.006010127140849506,0.01443742476359755,9.0,0.08387589777970583,1.7697728326455189,1.7293460886490166,-0.22201124503685488,7.971545911342142,0.21923076923076923,108387.58977797058
5,-85,-50,7,-80,50,18,0.7222222222222222,1.3384462223240179,0.006010127140849506,0.01443742476359755,9.0,0.08387589777970583,1.7697728326455189,1.7293460886490166,-0.22201124503685488,7.971545911342142,0.21923076923076923,108387.58977797058
5,-85,-50,7,-80,100,18,0.7222222222222222,1.3384462223240179,0.006010127140849506,0.01443742476359755,9.0,0.08387589777970583,1.7697728326455189,1.7293460886490166,-0.22201124503685488,7.971545911342142,0.21923076923076923,108387.58977797058
5,-80,-50,7,-80,0,18,0.7222222222222222,1.3384462223240179,0.006010127140849506,0.01443742476359755,9.0,0.08387589777970583,1.7697728326455189,1.7293460886490166,-0.22201124503685488,7.971545911342142,0.21923076923076923,108387.58977797058
5,-80,-50,7,-80,50,18,0.7222222222222222,1.3384462223240179,0.006010127140849506,0.01443742476359755,9.0,0.08387589777970583,1.7697728326455189,1.7293460886490166,-0.22201124503685488,7.971545911342142,0.21923076923076923,108387.58977797058
5,-80,-50,7,-80,100,18,0.7222222222222222,1.3384462223240179,0.006010127140849506,0.01443742476359755,9.0,0.08387589777970583,1.7697728326455189,1.7293460886490166,-0.22201124503685488,7.971545911342142,0.21923076923076923,108387.58977797058
4,-85,-30,5,-50,0,19,0.6842105263157895,1.3378920842395627,0.006083932366881019,0.0179026217228464,8.842105263157896,0.08862029006082794,1.9270958091937396,1.7801108199933078,-0.24199346318410908,7.963420928141359,0.2423076923076923,108862.0290060828
3,-90,-30,3,-50,100,19,0.6842105263157895,1.377989115502887,0.005460108431878619,0.013766799854703748,6.7894736842105265,0.08341987088925285,1.7550688420502967,1.791064482443906,-0.22093989935033775,7.943648237421059,0.22692307692307692,108341.98708892528
10,-85,-40,5,-50,50,18,0.7222222222222222,1.3520076419823779,0.005576936972795192,0.010193346967616312,8.944444444444445,0.07806274773056265,1.5876348047738782,1.6562194970057558,-0.2005533495264532,7.9162716978928716,0.2153846153846154,107806.27477305626
10,-85,-40,5,-50,100,18,0.7222222222222222,1.3520076419823779,0.005576936972795192,0.010193346967616312,8.944444444444445,0.07806274773056265,1.5876348047738782,1.6562194970057558,-0.2005533495264532,7.9162716978928716,0.2153846153846154,107806.27477305626
10,-85,-30,5,-50,50,18,0.7222222222222222,1.3520076419823779,0.005576936972795192,0.010193346967616312,8.944444444444445,0.07806274773056265,1.5876348047738782,1.6562194970057558,-0.2005533495264532,7.9162716978928716,0.2153846153846154,107806.27477305626
10,-85,-30,5,-50,100,18,0.7222222222222222,1.3520076419823779,0.005576936972795192,0.010193346967616312,8.944444444444445,0.07806274773056265,1.5876348047738782,1.6562194970057558,-0.2005533495264532,7.9162716978928716,0.2153846153846154,107806.27477305626
10,-80,-40,5,-50,50,20,0.7,1.3406244674006056,0.005010936761279472,0.010193346967616312,8.25,0.07781846474212983,1.5802281310014035,1.6427932501737796,-0.20055334952645332,7.879340508311824,0.23076923076923078,107781.84647421297
10,-80,-40,5,-50,100,20,0.7,1.3406244674006056,0.005010936761279472,0.010193346967616312,8.25,0.07781846474212983,1.5802281310014035,1.6427932501737796,-0.20055334952645332,7.879340508311824,0.23076923076923078,107781.84647421297
10,-80,-30,5,-50,50,20,0.7,1.3406244674006056,0.005010936761279472,0.010193346967616312,8.25,0.07781846474212983,1.5802281310014035,1.6427932501737796,-0.20055334952645332,7.879340508311824,0.23076923076923078,107781.84647421297
10,-80,-30,5,-50,100,20,0.7,1.3406244674006056,0.005010936761279472,0.010193346967616312,8.25,0.07781846474212983,1.5802281310014035,1.6427932501737796,-0.20055334952645332,7.879340508311824,0.23076923076923078,107781.84647421297
7,-90,-20,10,-80,0,14,0.6428571428571429,1.4131973283634116,0.007251192386561316,0.015831358722625755,8.5,0.07943876030503927,1.6297226463338856,1.7318604519615286,-0.20722058429611045,7.864675470681393,0.18846153846153846,107943.87603050392
7,-90,-20,10,-80,50,14,0.6428571428571429,1.4131973283634116,0.007251192386561316,0.015831358722625755,8.5,0.07943876030503927,1.6297226463338856,1.7318604519615286,-0.20722058429611045,7.864675470681393,0.18846153846153846,107943.87603050392
7,-90,-20,10,-80,100,14,0.6428571428571429,1.4131973283634116,0.007251192386561316,0.015831358722625755,8.5,0.07943876030503927,1.6297226463338856,1.7318604519615286,-0.20722058429611045,7.864675470681393,0.18846153846153846,107943.87603050392
4,-85,-30,3,-80,100,18,0.6666666666666666,1.3480582950655422,0.006296346738568197,0.01443742476359755,9.277777777777779,0.08657170137351544,1.8581821800134262,1.7490182805503371,-0.2369299611719341,7.842748847896827,0.23846153846153847,108657.17013735154
3,-85,-40,5,-80,0,20,0.7,1.3146237752341647,0.0054909682705099,0.01832497937441857,8.1,0.08488419772505318,1.802541060636381,1.723334300547938,-0.23074533831658284,7.811820051433901,0.21923076923076923,108488.41977250531
4,-80,-40,5,-50,0,19,0.631578947368421,1.349521103150369,0.005914456059494133,0.012975457848298344,10.789473684210526,0.0863933721914989,1.8522545243488207,1.740339260081382,-0.23781209795841574,7.78873127250536,0.25,108639.3372191499
4,-85,-30,5,-100,0,18,0.6666666666666666,1.335411004720298,0.006279014303705631,0.01832497937441857,9.166666666666666,0.08619215117454737,1.8455795409925915,1.7482680757794293,-0.23785190294830771,7.759364201486716,0.23076923076923078,108619.21511745473
7,-80,-40,5,-100,50,17,0.7058823529411765,1.3542521077557124,0.0059426434095933515,0.017553501540511274,9.352941176470589,0.07866752303216251,1.6060559496908398,1.6676649734140077,-0.20722058429611045,7.75046530800167,0.2076923076923077,107866.75230321624
7,-80,-40,5,-100,100,17,0.7058823529411765,1.3542521077557124,0.0059426434095933515,0.017553501540511274,9.352941176470589,0.07866752303216251,1.6060559496908398,1.6676649734140077,-0.20722058429611045,7.75046530800167,0.2076923076923077,107866.75230321624
7,-80,-30,5,-100,50,17,0.7058823529411765,1.3542521077557124,0.0059426434095933515,0.017553501540511274,9.352941176470589,0.07866752303216251,1.6060559496908398,1.6676649734140077,-0.20722058429611045,7.75046530800167,0.2076923076923077,107866.75230321624
7,-80,-30,5,-100,100,17,0.7058823529411765,1.3542521077557124,0.0059426434095933515,0.017553501540511274,9.352941176470589,0.07866752303216251,1.6060559496908398,1.6676649734140077,-0.20722058429611045,7.75046530800167,0.2076923076923077,107866.75230321624
3,-85,-50,3,-80,100,22,0.7272727272727273,1.3118236801536325,0.0050214467386384635,0.012807024092495345,7.5,0.08573656520392725,1.8305197870014056,1.727037998495987,-0.23798799492193312,7.6916475875258685,0.23076923076923078,108573.65652039273
4,-85,-40,7,-80,0,17,0.6470588235294118,1.345508559851758,0.00621240900705422,0.0179026217228464,9.235294117647058,0.08138242034607934,1.6902478429056251,1.6895867756753318,-0.22201124503685465,7.61334338098522,0.2,108138.24203460795
4,-85,-40,7,-80,50,17,0.6470588235294118,1.345508559851758,0.00621240900705422,0.0179026217228464,9.235294117647058,0.08138242034607934,1.6902478429056251,1.6895867756753318,-0.22201124503685465,7.61334338098522,0.2,108138.24203460795
4,-85,-40,7,-80,100,17,0.6470588235294118,1.345508559851758,0.00621240900705422,0.0179026217228464,9.235294117647058,0.08138242034607934,1.6902478429056251,1.6895867756753318,-0.22201124503685465,7.61334338098522,0.2,108138.24203460795
4,-80,-40,7,-80,0,17,0.6470588235294118,1.345508559851758,0.00621240900705422,0.0179026217228464,9.235294117647058,0.08138242034607934,1.6902478429056251,1.6895867756753318,-0.22201124503685465,7.61334338098522,0.2,108138.24203460795
4,-80,-40,7,-80,50,17,0.6470588235294118,1.345508559851758,0.00621240900705422,0.0179026217228464,9.235294117647058,0.08138242034607934,1.6902478429056251,1.6895867756753318,-0.22201124503685465,7.61334338098522,0.2,108138.24203460795
4,-80,-40,7,-80,100,17,0.6470588235294118,1.345508559851758,0.00621240900705422,0.0179026217228464,9.235294117647058,0.08138242034607934,1.6902478429056251,1.6895867756753318,-0.22201124503685465,7.61334338098522,0.2,108138.24203460795
7,-80,-50,10,-50,0,21,0.7619047619047619,1.3266425949083842,0.004692220084149411,0.008409949397762073,8.142857142857142,0.07577725254513701,1.5190973196988344,1.6149608213886077,-0.20055334952645332,7.574529786142829,0.25384615384615383,107577.7252545137
7,-80,-50,10,-50,50,21,0.7619047619047619,1.3266425949083842,0.004692220084149411,0.008409949397762073,8.142857142857142,0.07577725254513701,1.5190973196988344,1.6149608213886077,-0.20055334952645332,7.574529786142829,0.25384615384615383,107577.7252545137
7,-80,-50,10,-50,100,21,0.7619047619047619,1.3266425949083842,0.004692220084149411,0.008409949397762073,8.142857142857142,0.07577725254513701,1.5190973196988344,1.6149608213886077,-0.20055334952645332,7.574529786142829,0.25384615384615383,107577.7252545137
3,-90,-20,5,-50,50,17,0.6470588235294118,1.3806172403625394,0.006406151319511205,0.0179026217228464,7.588235294117647,0.08458425134135905,1.792756143760883,1.788520079688918,-0.23692996117193388,7.5666080173791395,0.22692307692307692,108458.4251341359
3,-90,-20,5,-50,100,17,0.6470588235294118,1.3806172403625394,0.006406151319511205,0.0179026217228464,7.588235294117647,0.08458425134135905,1.792756143760883,1.788520079688918,-0.23692996117193388,7.5666080173791395,0.22692307692307692,108458.4251341359
3,-90,-20,7,-50,0,17,0.6470588235294118,1.3806172403625394,0.006406151319511205,0.0179026217228464,7.588235294117647,0.08458425134135905,1.792756143760883,1.788520079688918,-0.23692996117193388,7.5666080173791395,0.22692307692307692,108458.4251341359
3,-90,-20,7,-50,50,17,0.6470588235294118,1.3806172403625394,0.006406151319511205,0.0179026217228464,7.588235294117647,0.08458425134135905,1.792756143760883,1.788520079688918,-0.23692996117193388,7.5666080173791395,0.22692307692307692,108458.4251341359
3,-90,-20,7,-50,100,17,0.6470588235294118,1.3806172403625394,0.006406151319511205,0.0179026217228464,7.588235294117647,0.08458425134135905,1.792756143760883,1.788520079688918,-0.23692996117193388,7.5666080173791395,0.22692307692307692,108458.4251341359
5,-80,-50,5,-100,0,19,0.6842105263157895,1.3246606874341764,0.005757882165949466,0.0179026217228464,8.947368421052632,0.08269738667831272,1.731920383643967,1.6945869326610408,-0.23397618722893077,7.402122430302676,0.25,108269.73866783126
5,-80,-50,5,-100,50,19,0.6842105263157895,1.3246606874341764,0.005757882165949466,0.0179026217228464,8.947368421052632,0.08269738667831272,1.731920383643967,1.6945869326610408,-0.23397618722893077,7.402122430302676,0.25,108269.73866783126
5,-80,-50,5,-100,100,19,0.6842105263157895,1.3246606874341764,0.005757882165949466,0.0179026217228464,8.947368421052632,0.08269738667831272,1.731920383643967,1.6945869326610408,-0.23397618722893077,7.402122430302676,0.25,108269.73866783126
5,-80,-40,5,-100,0,19,0.6842105263157895,1.3246606874341764,0.005757882165949466,0.0179026217228464,8.947368421052632,0.08269738667831272,1.731920383643967,1.6945869326610408,-0.23397618722893077,7.402122430302676,0.25,108269.73866783126
5,-80,-30,5,-100,0,19,0.6842105263157895,1.3246606874341764,0.005757882165949466,0.0179026217228464,8.947368421052632,0.08269738667831272,1.731920383643967,1.6945869326610408,-0.23397618722893077,7.402122430302676,0.25,108269.73866783126
4,-85,-40,5,-80,50,18,0.6666666666666666,1.333113315374942,0.006136224603172129,0.01832497937441857,9.166666666666666,0.08328539626619014,1.7507466288171005,1.7024159741488734,-0.23692996117193377,7.389300281641587,0.23076923076923078,108328.53962661901
4,-85,-40,5,-80,100,18,0.6666666666666666,1.333113315374942,0.006136224603172129,0.01832497937441857,9.166666666666666,0.08328539626619014,1.7507466288171005,1.7024159741488734,-0.23692996117193377,7.389300281641587,0.23076923076923078,108328.53962661901
3,-80,-30,7,-50,0,22,0.6818181818181818,1.3219236104483847,0.004726316408821793,0.01057620119043301,7.863636363636363,0.0809080597106191,1.6753591529282068,1.6733282409702024,-0.22753529957649266,7.36307358043575,0.26153846153846155,108090.80597106191
3,-80,-30,7,-50,50,22,0.6818181818181818,1.3219236104483847,0.004726316408821793,0.01057620119043301,7.863636363636363,0.0809080597106191,1.6753591529282068,1.6733282409702024,-0.22753529957649266,7.36307358043575,0.26153846153846155,108090.80597106191
3,-80,-30,7,-50,100,22,0.6818181818181818,1.3219236104483847,0.004726316408821793,0.01057620119043301,7.863636363636363,0.0809080597106191,1.6753591529282068,1.6733282409702024,-0.22753529957649266,7.36307358043575,0.26153846153846155,108090.80597106191
10,-85,-20,5,-100,0,16,0.6875,1.3332053838018911,0.006282274071540979,0.01443742476359755,9.75,0.07550151450423837,1.5109424848993829,1.6139243299890007,-0.20722058429611045,7.291469088516335,0.19615384615384615,107550.15145042384
10,-85,-20,5,-80,0,16,0.6875,1.3332053838018911,0.006282274071540979,0.01443742476359755,9.75,0.07550151450423837,1.5109424848993829,1.6139243299890007,-0.20722058429611045,7.291469088516335,0.19615384615384615,107550.15145042384
7,-85,-20,5,-80,50,15,0.6666666666666666,1.3510675884191872,0.006674452188977279,0.0179026217228464,10.4,0.0753954736347795,1.5078128493531375,1.609846777222882,-0.20722058429611045,7.276366170257147,0.19615384615384615,107539.54736347795
7,-85,-20,5,-80,100,15,0.6666666666666666,1.3510675884191872,0.006674452188977279,0.0179026217228464,10.4,0.0753954736347795,1.5078128493531375,1.609846777222882,-0.20722058429611045,7.276366170257147,0.19615384615384615,107539.54736347795
10,-80,-50,10,-50,0,20,0.75,1.3216145209176284,0.004850991404132104,0.008562946296514107,8.45,0.07415098752213223,1.4713512202004964,1.5906127841448479,-0.20259927825447244,7.262371479687222,0.24615384615384617,107415.09875221322
10,-80,-50,10,-50,50,20,0.75,1.3216145209176284,0.004850991404132104,0.008562946296514107,8.45,0.07415098752213223,1.4713512202004964,1.5906127841448479,-0.20259927825447244,7.262371479687222,0.24615384615384617,107415.09875221322
10,-80,-50,10,-50,100,20,0.75,1.3216145209176284,0.004850991404132104,0.008562946296514107,8.45,0.07415098752213223,1.4713512202004964,1.5906127841448479,-0.20259927825447244,7.262371479687222,0.24615384615384617,107415.09875221322
10,-80,-40,5,-100,50,17,0.7058823529411765,1.3430266001341438,0.00575433348164606,0.013560179537575934,9.294117647058824,0.0752767961481362,1.5043145234736306,1.61577167519111,-0.20722058429611045,7.2594840352540535,0.20384615384615384,107527.67961481362
10,-80,-40,5,-100,100,17,0.7058823529411765,1.3430266001341438,0.00575433348164606,0.013560179537575934,9.294117647058824,0.0752767961481362,1.5043145234736306,1.61577167519111,-0.20722058429611045,7.2594840352540535,0.20384615384615384,107527.67961481362
10,-80,-40,5,-80,50,17,0.7058823529411765,1.3430266001341438,0.00575433348164606,0.013560179537575934,9.294117647058824,0.0752767961481362,1.5043145234736306,1.61577167519111,-0.20722058429611045,7.2594840352540535,0.20384615384615384,107527.67961481362
10,-80,-40,5,-80,100,17,0.7058823529411765,1.3430266001341438,0.00575433348164606,0.013560179537575934,9.294117647058824,0.0752767961481362,1.5043145234736306,1.61577167519111,-0.20722058429611045,7.2594840352540535,0.20384615384615384,107527.67961481362
10,-80,-30,5,-100,50,17,0.7058823529411765,1.3430266001341438,0.00575433348164606,0.013560179537575934,9.294117647058824,0.0752767961481362,1.5043145234736306,1.61577167519111,-0.20722058429611045,7.2594840352540535,0.20384615384615384,107527.67961481362
10,-80,-30,5,-100,100,17,0.7058823529411765,1.3430266001341438,0.00575433348164606,0.013560179537575934,9.294117647058824,0.0752767961481362,1.5043145234736306,1.61577167519111,-0.20722058429611045,7.2594840352540535,0.20384615384615384,107527.67961481362
10,-80,-30,5,-80,50,17,0.7058823529411765,1.3430266001341438,0.00575433348164606,0.013560179537575934,9.294117647058824,0.0752767961481362,1.5043145234736306,1.61577167519111,-0.20722058429611045,7.2594840352540535,0.20384615384615384,107527.67961481362
10,-80,-30,5,-80,100,17,0.7058823529411765,1.3430266001341438,0.00575433348164606,0.013560179537575934,9.294117647058824,0.0752767961481362,1.5043145234736306,1.61577167519111,-0.20722058429611045,7.2594840352540535,0.20384615384615384,107527.67961481362
3,-85,-50,5,-80,0,20,0.7,1.3031092833797402,0.005290011717316701,0.01832497937441857,8.05,0.08057122882259193,1.6648332029288584,1.6588181182107775,-0.23074533831658284,7.215024212730597,0.2153846153846154,108057.1228822592
3,-85,-50,5,-80,50,20,0.7,1.3031092833797402,0.005290011717316701,0.01832497937441857,8.05,0.08057122882259193,1.6648332029288584,1.6588181182107775,-0.23074533831658284,7.215024212730597,0.2153846153846154,108057.1228822592
3,-85,-50,5,-80,100,20,0.7,1.3031092833797402,0.005290011717316701,0.01832497937441857,8.05,0.08057122882259193,1.6648332029288584,1.6588181182107775,-0.23074533831658284,7.215024212730597,0.2153846153846154,108057.1228822592
3,-85,-40,3,-80,50,22,0.6818181818181818,1.2924458764604871,0.004687009777914283,0.012369513829526224,7.590909090909091,0.07798709005248639,1.5853387694052175,1.6196875579362624,-0.22093989935033786,7.1754299430153745,0.23846153846153847,107798.70900524865
2,-80,-20,7,-80,50,17,0.6470588235294118,1.3284896888562363,0.006117142356819725,0.0179026217228464,11.411764705882353,0.07746088668896256,1.5694215461336727,1.6295422454472317,-0.22201124503685477,7.069108350224073,0.2076923076923077,107746.08866889625
2,-80,-20,7,-80,100,17,0.6470588235294118,1.3284896888562363,0.006117142356819725,0.0179026217228464,11.411764705882353,0.07746088668896256,1.5694215461336727,1.6295422454472317,-0.22201124503685477,7.069108350224073,0.2076923076923077,107746.08866889625
5,-85,-40,5,-100,50,18,0.6666666666666666,1.3354658119894394,0.005921648771902161,0.01443742476359755,9.333333333333334,0.07994599530229851,1.6453957226313993,1.6605642559513947,-0.23276073521351837,7.0690433295032715,0.2423076923076923,107994.59953022985
5,-85,-40,5,-100,100,18,0.6666666666666666,1.3354658119894394,0.005921648771902161,0.01443742476359755,9.333333333333334,0.07994599530229851,1.6453957226313993,1.6605642559513947,-0.23276073521351837,7.0690433295032715,0.2423076923076923,107994.59953022985
5,-85,-40,5,-80,50,18,0.6666666666666666,1.3354658119894394,0.005921648771902161,0.01443742476359755,9.333333333333334,0.07994599530229851,1.6453957226313993,1.6605642559513947,-0.23276073521351837,7.0690433295032715,0.2423076923076923,107994.59953022985
5,-85,-40,5,-80,100,18,0.6666666666666666,1.3354658119894394,0.005921648771902161,0.01443742476359755,9.333333333333334,0.07994599530229851,1.6453957226313993,1.6605642559513947,-0.23276073521351837,7.0690433295032715,0.2423076923076923,107994.59953022985
5,-85,-30,5,-100,50,18,0.6666666666666666,1.3354658119894394,0.005921648771902161,0.01443742476359755,9.333333333333334,0.07994599530229851,1.6453957226313993,1.6605642559513947,-0.23276073521351837,7.0690433295032715,0.2423076923076923,107994.59953022985
5,-85,-30,5,-100,100,18,0.6666666666666666,1.3354658119894394,0.005921648771902161,0.01443742476359755,9.333333333333334,0.07994599530229851,1.6453957226313993,1.6605642559513947,-0.23276073521351837,7.0690433295032715,0.2423076923076923,107994.59953022985
5,-85,-30,5,-80,50,18,0.6666666666666666,1.3354658119894394,0.005921648771902161,0.01443742476359755,9.333333333333334,0.07994599530229851,1.6453957226313993,1.6605642559513947,-0.23276073521351837,7.0690433295032715,0.2423076923076923,107994.59953022985
5,-85,-30,5,-80,100,18,0.6666666666666666,1.3354658119894394,0.005921648771902161,0.01443742476359755,9.333333333333334,0.07994599530229851,1.6453957226313993,1.6605642559513947,-0.23276073521351837,7.0690433295032715,0.2423076923076923,107994.59953022985
4,-85,-50,3,-50,100,20,0.7,1.3134698610841293,0.0054553449770482435,0.01832497937441857,8.35,0.08264084345906175,1.7301163131049568,1.6938177340311114,-0.24653414535035545,7.017755332212696,0.23846153846153847,108264.08434590617
7,-80,-20,5,-50,0,19,0.6842105263157895,1.3235835863205672,0.005291570280888254,0.008409949397762073,8.736842105263158,0.07546910993225997,1.509985731649258,1.6003613811430804,-0.21568152456186762,7.000997117006761,0.23461538461538461,107546.91099322599
7,-85,-20,3,-80,100,15,0.6666666666666666,1.342788314076637,0.00651704768174947,0.013760095722405108,10.466666666666667,0.07292704402022165,1.4359682307799408,1.5690777846446826,-0.20722058429611045,6.929660176655018,0.2,107292.70440202217
2,-85,-20,5,-100,0,18,0.6666666666666666,1.3142234849875298,0.005863167565421262,0.015347997469798758,8.88888888888889,0.07701589766828154,1.5560314750868076,1.6224089284587238,-0.22666021962315241,6.865040004257833,0.21153846153846154,107701.58976682815
3,-90,-20,3,-80,100,17,0.6470588235294118,1.3632104568700707,0.006113178544729618,0.013766799854703748,7.588235294117647,0.07928184515793113,1.6248914658015328,1.704958178044789,-0.23692996117193388,6.8581088595308195,0.22692307692307692,107928.18451579312
7,-80,-40,5,-80,50,17,0.7058823529411765,1.3335133548478633,0.005594747065174135,0.017553501540511274,9.411764705882353,0.07234752613112194,1.4193782212395227,1.5678786464338843,-0.20722058429611034,6.849600516574576,0.21153846153846154,107234.7526131122
7,-80,-40,5,-80,100,17,0.7058823529411765,1.3335133548478633,0.005594747065174135,0.017553501540511274,9.411764705882353,0.07234752613112194,1.4193782212395227,1.5678786464338843,-0.20722058429611034,6.849600516574576,0.21153846153846154,107234.7526131122
7,-80,-30,5,-80,50,17,0.7058823529411765,1.3335133548478633,0.005594747065174135,0.017553501540511274,9.411764705882353,0.07234752613112194,1.4193782212395227,1.5678786464338843,-0.20722058429611034,6.849600516574576,0.21153846153846154,107234.7526131122
7,-80,-30,5,-80,100,17,0.7058823529411765,1.3335133548478633,0.005594747065174135,0.017553501540511274,9.411764705882353,0.07234752613112194,1.4193782212395227,1.5678786464338843,-0.20722058429611034,6.849600516574576,0.21153846153846154,107234.7526131122
4,-85,-30,5,-80,0,18,0.6666666666666666,1.315351002145856,0.005993516028255282,0.01832497937441857,9.222222222222221,0.08028971536299534,1.6560651926896592,1.6589733266390752,-0.24199346318410908,6.843429450115856,0.23461538461538461,108028.97153629953
5,-85,-40,3,-80,100,18,0.6666666666666666,1.32803490987896,0.00579047834921232,0.012366161763376904,9.38888888888889,0.07746712056060345,1.5696095862310777,1.6206382109352886,-0.23276073521351826,6.743446590298956,0.24615384615384617,107746.71205606035
5,-85,-30,3,-80,100,18,0.6666666666666666,1.32803490987896,0.00579047834921232,0.012366161763376904,9.38888888888889,0.07746712056060345,1.5696095862310777,1.6206382109352886,-0.23276073521351826,6.743446590298956,0.24615384615384617,107746.71205606035
2,-85,-20,7,-50,50,19,0.6842105263157895,1.314207826810795,0.005663963356705703,0.0179026217228464,10.894736842105264,0.07822098300775204,1.5924429512532008,1.6231079470499152,-0.23692996117193388,6.721154823039061,0.25769230769230766,107822.09830077521
2,-85,-20,7,-50,100,19,0.6842105263157895,1.314207826810795,0.005663963356705703,0.0179026217228464,10.894736842105264,0.07822098300775204,1.5924429512532008,1.6231079470499152,-0.23692996117193388,6.721154823039061,0.25769230769230766,107822.09830077521
7,-90,-20,7,-120,0,13,0.6153846153846154,1.3812628021242048,0.007205448888044615,0.0179026217228464,8.692307692307692,0.0710626259095617,1.3829654930699338,1.5944072250577512,-0.20722058429611045,6.673880868387707,0.16538461538461538,107106.26259095618
7,-90,-20,7,-120,50,13,0.6153846153846154,1.3812628021242048,0.007205448888044615,0.0179026217228464,8.692307692307692,0.0710626259095617,1.3829654930699338,1.5944072250577512,-0.20722058429611045,6.673880868387707,0.16538461538461538,107106.26259095618
7,-90,-20,7,-120,100,13,0.6153846153846154,1.3812628021242048,0.007205448888044615,0.0179026217228464,8.692307692307692,0.0710626259095617,1.3829654930699338,1.5944072250577512,-0.20722058429611045,6.673880868387707,0.16538461538461538,107106.26259095618
10,-90,-20,7,-120,0,13,0.6153846153846154,1.3812628021242048,0.007205448888044615,0.0179026217228464,8.692307692307692,0.0710626259095617,1.3829654930699338,1.5944072250577512,-0.20722058429611045,6.673880868387707,0.16538461538461538,107106.26259095618
10,-90,-20,7,-120,50,13,0.6153846153846154,1.3812628021242048,0.007205448888044615,0.0179026217228464,8.692307692307692,0.0710626259095617,1.3829654930699338,1.5944072250577512,-0.20722058429611045,6.673880868387707,0.16538461538461538,107106.26259095618
10,-90,-20,7,-120,100,13,0.6153846153846154,1.3812628021242048,0.007205448888044615,0.0179026217228464,8.692307692307692,0.0710626259095617,1.3829654930699338,1.5944072250577512,-0.20722058429611045,6.673880868387707,0.16538461538461538,107106.26259095618
10,-90,-20,7,-100,0,13,0.6153846153846154,1.3812628021242048,0.007205448888044615,0.0179026217228464,8.692307692307692,0.0710626259095617,1.3829654930699338,1.5944072250577512,-0.20722058429611045,6.673880868387707,0.16538461538461538,107106.26259095618
10,-90,-20,7,-100,50,13,0.6153846153846154,1.3812628021242048,0.007205448888044615,0.0179026217228464,8.692307692307692,0.0710626259095617,1.3829654930699338,1.5944072250577512,-0.20722058429611045,6.673880868387707,0.16538461538461538,107106.26259095618
10,-90,-20,7,-100,100,13,0.6153846153846154,1.3812628021242048,0.007205448888044615,0.0179026217228464,8.692307692307692,0.0710626259095617,1.3829654930699338,1.5944072250577512,-0.20722058429611045,6.673880868387707,0.16538461538461538,107106.26259095618
10,-90,-20,10,-100,0,13,0.6153846153846154,1.3812628021242048,0.007205448888044615,0.0179026217228464,8.692307692307692,0.0710626259095617,1.3829654930699338,1.5944072250577512,-0.20722058429611045,6.673880868387707,0.16538461538461538,107106.26259095618
10,-90,-20,10,-100,50,13,0.6153846153846154,1.3812628021242048,0.007205448888044615,0.0179026217228464,8.692307692307692,0.0710626259095617,1.3829654930699338,1.5944072250577512,-0.20722058429611045,6.673880868387707,0.16538461538461538,107106.26259095618
10,-90,-20,10,-100,100,13,0.6153846153846154,1.3812628021242048,0.007205448888044615,0.0179026217228464,8.692307692307692,0.0710626259095617,1.3829654930699338,1.5944072250577512,-0.20722058429611045,6.673880868387707,0.16538461538461538,107106.26259095618
3,-85,-30,3,-50,0,24,0.7083333333333334,1.2824695490612503,0.00419494309464954,0.013280086535727431,7.041666666666667,0.07675411386259046,1.548184247266204,1.608599127278046,-0.23212763396433567,6.6695387396404024,0.24615384615384617,107675.41138625905
10,-85,-50,3,-50,100,18,0.7222222222222222,1.306873056986747,0.005142935839792436,0.012366161763376904,8.944444444444445,0.06936971057872077,1.3357604690816376,1.5213266037703315,-0.20055334952645332,6.6603747692852595,0.2153846153846154,106936.97105787208
7,-90,-50,3,-80,100,14,0.6428571428571429,1.3526975846346614,0.006604831834917256,0.015831358722625755,8.285714285714286,0.0704330049023929,1.3653075609871097,1.5605784460082381,-0.20722058429611057,6.5886676539630615,0.17692307692307693,107043.30049023929
3,-90,-30,7,-80,0,16,0.6875,1.3661609418620055,0.005622532734787834,0.01443742476359755,7.4375,0.0703120707654612,1.3619297494391494,1.5894104840848151,-0.20722058429611057,6.572367094057616,0.18846153846153846,107031.20707654612
3,-90,-30,7,-80,50,16,0.6875,1.3661609418620055,0.005622532734787834,0.01443742476359755,7.4375,0.0703120707654612,1.3619297494391494,1.5894104840848151,-0.20722058429611057,6.572367094057616,0.18846153846153846,107031.20707654612
3,-90,-30,7,-80,100,16,0.6875,1.3661609418620055,0.005622532734787834,0.01443742476359755,7.4375,0.0703120707654612,1.3619297494391494,1.5894104840848151,-0.20722058429611057,6.572367094057616,0.18846153846153846,107031.20707654612
10,-85,-40,7,-80,0,16,0.6875,1.3258957726749487,0.005808645787864775,0.015831358722625755,9.8125,0.0700474237916977,1.3545533865920283,1.533363801133551,-0.20722058429611057,6.536770423619796,0.2,107004.74237916977
10,-85,-40,7,-80,50,16,0.6875,1.3258957726749487,0.005808645787864775,0.015831358722625755,9.8125,0.0700474237916977,1.3545533865920283,1.533363801133551,-0.20722058429611057,6.536770423619796,0.2,107004.74237916977
10,-85,-40,7,-80,100,16,0.6875,1.3258957726749487,0.005808645787864775,0.015831358722625755,9.8125,0.0700474237916977,1.3545533865920283,1.533363801133551,-0.20722058429611057,6.536770423619796,0.2,107004.74237916977
10,-85,-30,7,-80,0,16,0.6875,1.3258957726749487,0.005808645787864775,0.015831358722625755,9.8125,0.0700474237916977,1.3545533865920283,1.533363801133551,-0.20722058429611057,6.536770423619796,0.2,107004.74237916977
10,-85,-30,7,-80,50,16,0.6875,1.3258957726749487,0.005808645787864775,0.015831358722625755,9.8125,0.0700474237916977,1.3545533865920283,1.533363801133551,-0.20722058429611057,6.536770423619796,0.2,107004.74237916977
10,-85,-30,7,-80,100,16,0.6875,1.3258957726749487,0.005808645787864775,0.015831358722625755,9.8125,0.0700474237916977,1.3545533865920283,1.533363801133551,-0.20722058429611057,6.536770423619796,0.2,107004.74237916977
4,-80,-40,5,-100,50,18,0.6111111111111112,1.3122270790990238,0.005698596194585588,0.01832497937441857,9.222222222222221,0.07556281869961312,1.5127534256890285,1.5853672996529165,-0.23276073521351837,6.499177897429026,0.23461538461538461,107556.28186996131
4,-80,-40,5,-100,100,18,0.6111111111111112,1.3122270790990238,0.005698596194585588,0.01832497937441857,9.222222222222221,0.07556281869961312,1.5127534256890285,1.5853672996529165,-0.23276073521351837,6.499177897429026,0.23461538461538461,107556.28186996131
4,-80,-20,5,-120,50,15,0.6666666666666666,1.3326172100691764,0.006582417165000831,0.0179026217228464,10.533333333333333,0.07182026649451911,1.4043746878704688,1.5565355238043705,-0.2181744374038893,6.4369350716860545,0.20384615384615384,107182.02664945192
4,-80,-20,5,-120,100,15,0.6666666666666666,1.3326172100691764,0.006582417165000831,0.0179026217228464,10.533333333333333,0.07182026649451911,1.4043746878704688,1.5565355238043705,-0.2181744374038893,6.4369350716860545,0.20384615384615384,107182.02664945192
5,-80,-20,5,-120,50,15,0.6666666666666666,1.3326172100691764,0.006582417165000831,0.0179026217228464,10.533333333333333,0.07182026649451911,1.4043746878704688,1.5565355238043705,-0.2181744374038893,6.4369350716860545,0.20384615384615384,107182.02664945192
5,-80,-20,5,-120,100,15,0.6666666666666666,1.3326172100691764,0.006582417165000831,0.0179026217228464,10.533333333333333,0.07182026649451911,1.4043746878704688,1.5565355238043705,-0.2181744374038893,6.4369350716860545,0.20384615384615384,107182.02664945192
3,-90,-30,5,-100,50,17,0.6470588235294118,1.3487492033136033,0.005156150795636452,0.0109722278043487,7.294117647058823,0.06781128336011188,1.2930682992990015,1.5450697728986464,-0.20179135532296277,6.407946947129986,0.2076923076923077,106781.12833601118
3,-90,-30,5,-100,100,17,0.6470588235294118,1.3487492033136033,0.005156150795636452,0.0109722278043487,7.294117647058823,0.06781128336011188,1.2930682992990015,1.5450697728986464,-0.20179135532296277,6.407946947129986,0.2076923076923077,106781.12833601118
10,-85,-40,3,-80,100,17,0.7058823529411765,1.3166876276691093,0.005312492437632471,0.0109722278043487,9.411764705882353,0.06735734803904814,1.2807688523690142,1.489044887770371,-0.20055334952645343,6.3861753263815615,0.21153846153846154,106735.73480390481
10,-85,-30,3,-80,100,17,0.7058823529411765,1.3166876276691093,0.005312492437632471,0.0109722278043487,9.411764705882353,0.06735734803904814,1.2807688523690142,1.489044887770371,-0.20055334952645343,6.3861753263815615,0.21153846153846154,106735.73480390481
4,-80,-20,7,-50,0,18,0.6111111111111112,1.3201096768665903,0.0059515693782697075,0.01057620119043301,9.444444444444445,0.0777298945024647,1.5775475027796122,1.608899092361448,-0.24953069848520226,6.322057816357871,0.25,107772.98945024647
4,-80,-20,7,-50,50,18,0.6111111111111112,1.3201096768665903,0.0059515693782697075,0.01057620119043301,9.444444444444445,0.0777298945024647,1.5775475027796122,1.608899092361448,-0.24953069848520226,6.322057816357871,0.25,107772.98945024647
4,-80,-20,7,-50,100,18,0.6111111111111112,1.3201096768665903,0.0059515693782697075,0.01057620119043301,9.444444444444445,0.0777298945024647,1.5775475027796122,1.608899092361448,-0.24953069848520226,6.322057816357871,0.25,107772.98945024647
7,-85,-40,7,-50,0,17,0.7058823529411765,1.3195621984052421,0.005360713883508156,0.013760095722405108,9.588235294117647,0.06816034002333815,1.302567554984143,1.496941759444182,-0.20722058429611045,6.285898475813689,0.2230769230769231,106816.0340023338
7,-85,-40,7,-50,50,17,0.7058823529411765,1.3195621984052421,0.005360713883508156,0.013760095722405108,9.588235294117647,0.06816034002333815,1.302567554984143,1.496941759444182,-0.20722058429611045,6.285898475813689,0.2230769230769231,106816.0340023338
7,-85,-40,7,-50,100,17,0.7058823529411765,1.3195621984052421,0.005360713883508156,0.013760095722405108,9.588235294117647,0.06816034002333815,1.302567554984143,1.496941759444182,-0.20722058429611045,6.285898475813689,0.2230769230769231,106816.0340023338
7,-85,-40,10,-50,0,17,0.7058823529411765,1.3195621984052421,0.005360713883508156,0.013760095722405108,9.588235294117647,0.06816034002333815,1.302567554984143,1.496941759444182,-0.20722058429611045,6.285898475813689,0.2230769230769231,106816.0340023338
7,-85,-40,10,-50,50,17,0.7058823529411765,1.3195621984052421,0.005360713883508156,0.013760095722405108,9.588235294117647,0.06816034002333815,1.302567554984143,1.496941759444182,-0.20722058429611045,6.285898475813689,0.2230769230769231,106816.0340023338
7,-85,-40,10,-50,100,17,0.7058823529411765,1.3195621984052421,0.005360713883508156,0.013760095722405108,9.588235294117647,0.06816034002333815,1.302567554984143,1.496941759444182,-0.20722058429611045,6.285898475813689,0.2230769230769231,106816.0340023338
7,-85,-30,7,-50,0,17,0.7058823529411765,1.3195621984052421,0.005360713883508156,0.013760095722405108,9.588235294117647,0.06816034002333815,1.302567554984143,1.496941759444182,-0.20722058429611045,6.285898475813689,0.2230769230769231,106816.0340023338
7,-85,-30,7,-50,50,17,0.7058823529411765,1.3195621984052421,0.005360713883508156,0.013760095722405108,9.588235294117647,0.06816034002333815,1.302567554984143,1.496941759444182,-0.20722058429611045,6.285898475813689,0.2230769230769231,106816.0340023338
7,-85,-30,7,-50,100,17,0.7058823529411765,1.3195621984052421,0.005360713883508156,0.013760095722405108,9.588235294117647,0.06816034002333815,1.302567554984143,1.496941759444182,-0.20722058429611045,6.285898475813689,0.2230769230769231,106816.0340023338
7,-85,-30,10,-50,0,17,0.7058823529411765,1.3195621984052421,0.005360713883508156,0.013760095722405108,9.588235294117647,0.06816034002333815,1.302567554984143,1.496941759444182,-0.20722058429611045,6.285898475813689,0.2230769230769231,106816.0340023338
7,-85,-30,10,-50,50,17,0.7058823529411765,1.3195621984052421,0.005360713883508156,0.013760095722405108,9.588235294117647,0.06816034002333815,1.302567554984143,1.496941759444182,-0.20722058429611045,6.285898475813689,0.2230769230769231,106816.0340023338
7,-85,-30,10,-50,100,17,0.7058823529411765,1.3195621984052421,0.005360713883508156,0.013760095722405108,9.588235294117647,0.06816034002333815,1.302567554984143,1.496941759444182,-0.20722058429611045,6.285898475813689,0.2230769230769231,106816.0340023338
3,-85,-20,10,-50,0,17,0.6470588235294118,1.3133372633254086,0.005691885104199412,0.0109722278043487,9.529411764705882,0.07073137294032628,1.373660315848391,1.5287102818900655,-0.22201124503685454,6.187345670803113,0.21923076923076923,107073.13729403263
3,-85,-20,10,-50,50,17,0.6470588235294118,1.3133372633254086,0.005691885104199412,0.0109722278043487,9.529411764705882,0.07073137294032628,1.373660315848391,1.5287102818900655,-0.22201124503685454,6.187345670803113,0.21923076923076923,107073.13729403263
3,-85,-20,10,-50,100,17,0.6470588235294118,1.3133372633254086,0.005691885104199412,0.0109722278043487,9.529411764705882,0.07073137294032628,1.373660315848391,1.5287102818900655,-0.22201124503685454,6.187345670803113,0.21923076923076923,107073.13729403263
4,-85,-20,10,-50,0,17,0.6470588235294118,1.3133372633254086,0.005691885104199412,0.0109722278043487,9.529411764705882,0.07073137294032628,1.373660315848391,1.5287102818900655,-0.22201124503685454,6.187345670803113,0.21923076923076923,107073.13729403263
4,-85,-20,10,-50,50,17,0.6470588235294118,1.3133372633254086,0.005691885104199412,0.0109722278043487,9.529411764705882,0.07073137294032628,1.373660315848391,1.5287102818900655,-0.22201124503685454,6.187345670803113,0.21923076923076923,107073.13729403263
4,-85,-20,10,-50,100,17,0.6470588235294118,1.3133372633254086,0.005691885104199412,0.0109722278043487,9.529411764705882,0.07073137294032628,1.373660315848391,1.5287102818900655,-0.22201124503685454,6.187345670803113,0.21923076923076923,107073.13729403263
4,-85,-30,7,-50,0,18,0.6666666666666666,1.3112034697285986,0.0056296458939092036,0.01443742476359755,9.333333333333334,0.07392115101212005,1.4646709946318075,1.5650332247826317,-0.23692996117193388,6.181873273380289,0.2423076923076923,107392.11510121201
4,-85,-30,7,-50,50,18,0.6666666666666666,1.3112034697285986,0.0056296458939092036,0.01443742476359755,9.333333333333334,0.07392115101212005,1.4646709946318075,1.5650332247826317,-0.23692996117193388,6.181873273380289,0.2423076923076923,107392.11510121201
4,-85,-30,7,-50,100,18,0.6666666666666666,1.3112034697285986,0.0056296458939092036,0.01443742476359755,9.333333333333334,0.07392115101212005,1.4646709946318075,1.5650332247826317,-0.23692996117193388,6.181873273380289,0.2423076923076923,107392.11510121201
3,-80,-50,3,-80,50,23,0.6521739130434783,1.2846216435041162,0.004241414653982684,0.006953096740484721,8.91304347826087,0.07271879348411936,1.4299945668510734,1.537582726050278,-0.23144366642887715,6.178585868931142,0.25,107271.87934841194
2,-85,-30,5,-80,50,20,0.7,1.2861803728373769,0.004733835271999459,0.015347997469798758,8.05,0.07019002098496241,1.3585252813718816,1.5128186885615167,-0.22093989935033775,6.148845389024591,0.2153846153846154,107019.00209849623
2,-85,-30,5,-80,100,20,0.7,1.2861803728373769,0.004733835271999459,0.015347997469798758,8.05,0.07019002098496241,1.3585252813718816,1.5128186885615167,-0.22093989935033775,6.148845389024591,0.2153846153846154,107019.00209849623
10,-90,-20,3,-50,50,16,0.625,1.3438149265674029,0.005597489617892838,0.00802874028566225,7.3125,0.0670507958390707,1.2724971738520723,1.5173882490359982,-0.20722058429611034,6.140785569997825,0.18076923076923077,106705.07958390708
3,-85,-30,5,-100,0,19,0.6842105263157895,1.289251504316231,0.004952260283473731,0.0179026217228464,8.578947368421053,0.07029155490195338,1.3613571617604046,1.5215969526924293,-0.22188116033104444,6.135523898150134,0.2230769230769231,107029.15549019534
10,-80,-20,10,-80,50,17,0.7058823529411765,1.3190558466136577,0.005352219740293997,0.013760095722405108,11.705882352941176,0.06694757522595518,1.2697182019924655,1.49483889004754,-0.20722058429611034,6.127374875934557,0.22692307692307692,106694.75752259552
10,-80,-20,10,-80,100,17,0.7058823529411765,1.3190558466136577,0.005352219740293997,0.013760095722405108,11.705882352941176,0.06694757522595518,1.2697182019924655,1.49483889004754,-0.20722058429611034,6.127374875934557,0.22692307692307692,106694.75752259552
4,-80,-40,3,-80,100,18,0.6111111111111112,1.3255248108306321,0.005520182258675843,0.011973842826323522,11.444444444444445,0.07314308921307155,1.442179774774158,1.5411477830126181,-0.23692996117193388,6.0869455582597505,0.25384615384615383,107314.30892130717
4,-90,-40,5,-100,50,16,0.625,1.3445276511460156,0.00579161041284653,0.01443742476359755,7.75,0.06869373191272565,1.3171533456525388,1.542701394471122,-0.2181744374038892,6.037157062603977,0.2076923076923077,106869.37319127256
4,-90,-40,5,-100,100,16,0.625,1.3445276511460156,0.00579161041284653,0.01443742476359755,7.75,0.06869373191272565,1.3171533456525388,1.542701394471122,-0.2181744374038892,6.037157062603977,0.2076923076923077,106869.37319127256
5,-90,-50,3,-50,100,16,0.625,1.3354639452864494,0.005802516799873543,0.01443742476359755,7.75,0.06867862037585426,1.3167389468319053,1.5443788406106116,-0.2181744374038893,6.035257670422356,0.2076923076923077,106867.86203758542
5,-90,-50,5,-100,0,16,0.625,1.3354639452864494,0.005802516799873543,0.01443742476359755,7.75,0.06867862037585426,1.3167389468319053,1.5443788406106116,-0.2181744374038893,6.035257670422356,0.2076923076923077,106867.86203758542
5,-90,-50,5,-100,50,16,0.625,1.3354639452864494,0.005802516799873543,0.01443742476359755,7.75,0.06867862037585426,1.3167389468319053,1.5443788406106116,-0.2181744374038893,6.035257670422356,0.2076923076923077,106867.86203758542
5,-90,-50,5,-100,100,16,0.625,1.3354639452864494,0.005802516799873543,0.01443742476359755,7.75,0.06867862037585426,1.3167389468319053,1.5443788406106116,-0.2181744374038893,6.035257670422356,0.2076923076923077,106867.86203758542
5,-90,-50,5,-80,0,16,0.625,1.3354639452864494,0.005802516799873543,0.01443742476359755,7.75,0.06867862037585426,1.3167389468319053,1.5443788406106116,-0.2181744374038893,6.035257670422356,0.2076923076923077,106867.86203758542
5,-90,-50,5,-80,50,16,0.625,1.3354639452864494,0.005802516799873543,0.01443742476359755,7.75,0.06867862037585426,1.3167389468319053,1.5443788406106116,-0.2181744374038893,6.035257670422356,0.2076923076923077,106867.86203758542
5,-90,-50,5,-80,100,16,0.625,1.3354639452864494,0.005802516799873543,0.01443742476359755,7.75,0.06867862037585426,1.3167389468319053,1.5443788406106116,-0.2181744374038893,6.035257670422356,0.2076923076923077,106867.86203758542
5,-90,-50,5,-50,0,16,0.625,1.3354639452864494,0.005802516799873543,0.01443742476359755,7.75,0.06867862037585426,1.3167389468319053,1.5443788406106116,-0.2181744374038893,6.035257670422356,0.2076923076923077,106867.86203758542
5,-90,-50,5,-50,50,16,0.625,1.3354639452864494,0.005802516799873543,0.01443742476359755,7.75,0.06867862037585426,1.3167389468319053,1.5443788406106116,-0.2181744374038893,6.035257670422356,0.2076923076923077,106867.86203758542
5,-90,-50,5,-50,100,16,0.625,1.3354639452864494,0.005802516799873543,0.01443742476359755,7.75,0.06867862037585426,1.3167389468319053,1.5443788406106116,-0.2181744374038893,6.035257670422356,0.2076923076923077,106867.86203758542
5,-90,-50,7,-50,0,16,0.625,1.3354639452864494,0.005802516799873543,0.01443742476359755,7.75,0.06867862037585426,1.3167389468319053,1.5443788406106116,-0.2181744374038893,6.035257670422356,0.2076923076923077,106867.86203758542
5,-90,-50,7,-50,50,16,0.625,1.3354639452864494,0.005802516799873543,0.01443742476359755,7.75,0.06867862037585426,1.3167389468319053,1.5443788406106116,-0.2181744374038893,6.035257670422356,0.2076923076923077,106867.86203758542
5,-90,-50,7,-50,100,16,0.625,1.3354639452864494,0.005802516799873543,0.01443742476359755,7.75,0.06867862037585426,1.3167389468319053,1.5443788406106116,-0.2181744374038893,6.035257670422356,0.2076923076923077,106867.86203758542
5,-90,-40,5,-100,0,16,0.625,1.3354639452864494,0.005802516799873543,0.01443742476359755,7.75,0.06867862037585426,1.3167389468319053,1.5443788406106116,-0.2181744374038893,6.035257670422356,0.2076923076923077,106867.86203758542
5,-90,-40,5,-80,0,16,0.625,1.3354639452864494,0.005802516799873543,0.01443742476359755,7.75,0.06867862037585426,1.3167389468319053,1.5443788406106116,-0.2181744374038893,6.035257670422356,0.2076923076923077,106867.86203758542
5,-90,-40,5,-50,0,16,0.625,1.3354639452864494,0.005802516799873543,0.01443742476359755,7.75,0.06867862037585426,1.3167389468319053,1.5443788406106116,-0.2181744374038893,6.035257670422356,0.2076923076923077,106867.86203758542
5,-90,-30,5,-100,0,16,0.625,1.3354639452864494,0.005802516799873543,0.01443742476359755,7.75,0.06867862037585426,1.3167389468319053,1.5443788406106116,-0.2181744374038893,6.035257670422356,0.2076923076923077,106867.86203758542
5,-90,-30,5,-80,0,16,0.625,1.3354639452864494,0.005802516799873543,0.01443742476359755,7.75,0.06867862037585426,1.3167389468319053,1.5443788406106116,-0.2181744374038893,6.035257670422356,0.2076923076923077,106867.86203758542
5,-90,-30,5,-50,0,16,0.625,1.3354639452864494,0.005802516799873543,0.01443742476359755,7.75,0.06867862037585426,1.3167389468319053,1.5443788406106116,-0.2181744374038893,6.035257670422356,0.2076923076923077,106867.86203758542
5,-90,-20,5,-100,0,16,0.625,1.3354639452864494,0.005802516799873543,0.01443742476359755,7.75,0.06867862037585426,1.3167389468319053,1.5443788406106116,-0.2181744374038893,6.035257670422356,0.2076923076923077,106867.86203758542
5,-90,-20,5,-80,0,16,0.625,1.3354639452864494,0.005802516799873543,0.01443742476359755,7.75,0.06867862037585426,1.3167389468319053,1.5443788406106116,-0.2181744374038893,6.035257670422356,0.2076923076923077,106867.86203758542
5,-90,-20,5,-50,0,16,0.625,1.3354639452864494,0.005802516799873543,0.01443742476359755,7.75,0.06867862037585426,1.3167389468319053,1.5443788406106116,-0.2181744374038893,6.035257670422356,0.2076923076923077,106867.86203758542
4,-80,-30,5,-100,0,18,0.6666666666666666,1.2966816079966408,0.005553986106719293,0.01832497937441857,9.277777777777779,0.07258849355199248,1.4262637793922748,1.5417455118988672,-0.23785190294830827,5.996436276998132,0.23846153846153847,107258.84935519926
7,-85,-20,5,-50,0,16,0.6875,1.3027907160564838,0.005708834121707786,0.012807024092495345,9.8125,0.06575145741360666,1.2377430017619306,1.4576102079023685,-0.20722058429611057,5.973069740954121,0.2,106575.14574136067
3,-90,-30,5,-50,50,18,0.6666666666666666,1.327829127451106,0.004998625575055001,0.01443742476359755,7.055555555555555,0.06870719286184124,1.3175225384210667,1.5496248346842196,-0.22093989935033775,5.9632621463808615,0.21923076923076923,106870.71928618413
3,-90,-30,5,-50,100,18,0.6666666666666666,1.327829127451106,0.004998625575055001,0.01443742476359755,7.055555555555555,0.06870719286184124,1.3175225384210667,1.5496248346842196,-0.22093989935033775,5.9632621463808615,0.21923076923076923,106870.71928618413
3,-90,-30,7,-50,0,18,0.6666666666666666,1.327829127451106,0.004998625575055001,0.01443742476359755,7.055555555555555,0.06870719286184124,1.3175225384210667,1.5496248346842196,-0.22093989935033775,5.9632621463808615,0.21923076923076923,106870.71928618413
3,-90,-30,7,-50,50,18,0.6666666666666666,1.327829127451106,0.004998625575055001,0.01443742476359755,7.055555555555555,0.06870719286184124,1.3175225384210667,1.5496248346842196,-0.22093989935033775,5.9632621463808615,0.21923076923076923,106870.71928618413
3,-90,-30,7,-50,100,18,0.6666666666666666,1.327829127451106,0.004998625575055001,0.01443742476359755,7.055555555555555,0.06870719286184124,1.3175225384210667,1.5496248346842196,-0.22093989935033775,5.9632621463808615,0.21923076923076923,106870.71928618413
4,-85,-40,5,-50,0,19,0.6842105263157895,1.2921222368424174,0.005351400314198089,0.0179026217228464,8.736842105263158,0.07357062417547255,1.4545149052264397,1.554797066961172,-0.24653414535035523,5.899851735180114,0.23461538461538461,107357.06241754726
4,-85,-40,3,-80,100,18,0.6666666666666666,1.299830012857301,0.005523118460736214,0.01443742476359755,9.166666666666666,0.07155035626773998,1.3967274117439894,1.5237931161178953,-0.23692996117193377,5.895106743086922,0.23076923076923078,107155.035626774
10,-80,-30,3,-80,100,18,0.6666666666666666,1.2943052920349596,0.004814137156071608,0.010193346967616312,11.277777777777779,0.06329352353054896,1.1733344553699983,1.4119659548971875,-0.2005533495264532,5.850485460055775,0.2423076923076923,106329.35235305488
7,-90,-20,7,-100,0,13,0.6153846153846154,1.3571904333451146,0.006750507514573332,0.0179026217228464,8.76923076923077,0.06478718669216477,1.2122682425842268,1.489060016159126,-0.20722058429611045,5.8501342745561455,0.16923076923076924,106478.71866921647
7,-90,-20,7,-100,50,13,0.6153846153846154,1.3571904333451146,0.006750507514573332,0.0179026217228464,8.76923076923077,0.06478718669216477,1.2122682425842268,1.489060016159126,-0.20722058429611045,5.8501342745561455,0.16923076923076924,106478.71866921647
7,-90,-20,7,-100,100,13,0.6153846153846154,1.3571904333451146,0.006750507514573332,0.0179026217228464,8.76923076923077,0.06478718669216477,1.2122682425842268,1.489060016159126,-0.20722058429611045,5.8501342745561455,0.16923076923076924,106478.71866921647
7,-90,-20,10,-100,0,13,0.6153846153846154,1.3571904333451146,0.006750507514573332,0.0179026217228464,8.76923076923077,0.06478718669216477,1.2122682425842268,1.489060016159126,-0.20722058429611045,5.8501342745561455,0.16923076923076924,106478.71866921647
7,-90,-20,10,-100,50,13,0.6153846153846154,1.3571904333451146,0.006750507514573332,0.0179026217228464,8.76923076923077,0.06478718669216477,1.2122682425842268,1.489060016159126,-0.20722058429611045,5.8501342745561455,0.16923076923076924,106478.71866921647
7,-90,-20,10,-100,100,13,0.6153846153846154,1.3571904333451146,0.006750507514573332,0.0179026217228464,8.76923076923077,0.06478718669216477,1.2122682425842268,1.489060016159126,-0.20722058429611045,5.8501342745561455,0.16923076923076924,106478.71866921647
5,-85,-50,3,-50,100,19,0.6842105263157895,1.2926614347840337,0.005148117947731804,0.0109722278043487,8.894736842105264,0.07026117055453973,1.3605093843969627,1.5116057676909047,-0.23276073521351848,5.845098328757753,0.24615384615384617,107026.11705545397
5,-85,-50,5,-50,0,19,0.6842105263157895,1.2926614347840337,0.005148117947731804,0.0109722278043487,8.894736842105264,0.07026117055453973,1.3605093843969627,1.5116057676909047,-0.23276073521351848,5.845098328757753,0.24615384615384617,107026.11705545397
5,-85,-50,5,-50,50,19,0.6842105263157895,1.2926614347840337,0.005148117947731804,0.0109722278043487,8.894736842105264,0.07026117055453973,1.3605093843969627,1.5116057676909047,-0.23276073521351848,5.845098328757753,0.24615384615384617,107026.11705545397
5,-85,-50,5,-50,100,19,0.6842105263157895,1.2926614347840337,0.005148117947731804,0.0109722278043487,8.894736842105264,0.07026117055453973,1.3605093843969627,1.5116057676909047,-0.23276073521351848,5.845098328757753,0.24615384615384617,107026.11705545397
5,-85,-50,7,-50,0,19,0.6842105263157895,1.2926614347840337,0.005148117947731804,0.0109722278043487,8.894736842105264,0.07026117055453973,1.3605093843969627,1.5116057676909047,-0.23276073521351848,5.845098328757753,0.24615384615384617,107026.11705545397
5,-85,-50,7,-50,50,19,0.6842105263157895,1.2926614347840337,0.005148117947731804,0.0109722278043487,8.894736842105264,0.07026117055453973,1.3605093843969627,1.5116057676909047,-0.23276073521351848,5.845098328757753,0.24615384615384617,107026.11705545397
5,-85,-50,7,-50,100,19,0.6842105263157895,1.2926614347840337,0.005148117947731804,0.0109722278043487,8.894736842105264,0.07026117055453973,1.3605093843969627,1.5116057676909047,-0.23276073521351848,5.845098328757753,0.24615384615384617,107026.11705545397
5,-85,-40,5,-50,0,19,0.6842105263157895,1.2926614347840337,0.005148117947731804,0.0109722278043487,8.894736842105264,0.07026117055453973,1.3605093843969627,1.5116057676909047,-0.23276073521351848,5.845098328757753,0.24615384615384617,107026.11705545397
5,-85,-30,5,-50,0,19,0.6842105263157895,1.2926614347840337,0.005148117947731804,0.0109722278043487,8.894736842105264,0.07026117055453973,1.3605093843969627,1.5116057676909047,-0.23276073521351848,5.845098328757753,0.24615384615384617,107026.11705545397
2,-80,-20,5,-100,50,18,0.6666666666666666,1.2955378136017468,0.005539006483798508,0.015347997469798758,9.055555555555555,0.07009039606022927,1.3557496849604003,1.5104348786366755,-0.23276073521351837,5.824649435467415,0.2230769230769231,107009.03960602292
2,-80,-20,5,-100,100,18,0.6666666666666666,1.2955378136017468,0.005539006483798508,0.015347997469798758,9.055555555555555,0.07009039606022927,1.3557496849604003,1.5104348786366755,-0.23276073521351837,5.824649435467415,0.2230769230769231,107009.03960602292
5,-90,-40,3,-80,100,15,0.6,1.348029117960312,0.006038653008097657,0.0109722278043487,8.2,0.06666755834434301,1.2621951603975639,1.510666587971084,-0.2181744374038893,5.785256858762791,0.20384615384615384,106666.75583443431
5,-90,-30,3,-80,100,15,0.6,1.348029117960312,0.006038653008097657,0.0109722278043487,8.2,0.06666755834434301,1.2621951603975639,1.510666587971084,-0.2181744374038893,5.785256858762791,0.20384615384615384,106666.75583443431
5,-90,-20,3,-80,100,15,0.6,1.348029117960312,0.006038653008097657,0.0109722278043487,8.2,0.06666755834434301,1.2621951603975639,1.510666587971084,-0.2181744374038893,5.785256858762791,0.20384615384615384,106666.75583443431
10,-85,-50,7,-50,0,18,0.7222222222222222,1.2863731982628754,0.004799375348764272,0.011587280926644516,9.166666666666666,0.0628312242568081,1.161412670608894,1.4149650684985702,-0.20259927825447255,5.732560750537891,0.23076923076923078,106283.1224256808
10,-85,-50,7,-50,50,18,0.7222222222222222,1.2863731982628754,0.004799375348764272,0.011587280926644516,9.166666666666666,0.0628312242568081,1.161412670608894,1.4149650684985702,-0.20259927825447255,5.732560750537891,0.23076923076923078,106283.1224256808
10,-85,-50,7,-50,100,18,0.7222222222222222,1.2863731982628754,0.004799375348764272,0.011587280926644516,9.166666666666666,0.0628312242568081,1.161412670608894,1.4149650684985702,-0.20259927825447255,5.732560750537891,0.23076923076923078,106283.1224256808
10,-85,-50,10,-50,0,18,0.7222222222222222,1.2863731982628754,0.004799375348764272,0.011587280926644516,9.166666666666666,0.0628312242568081,1.161412670608894,1.4149650684985702,-0.20259927825447255,5.732560750537891,0.23076923076923078,106283.1224256808
10,-85,-50,10,-50,50,18,0.7222222222222222,1.2863731982628754,0.004799375348764272,0.011587280926644516,9.166666666666666,0.0628312242568081,1.161412670608894,1.4149650684985702,-0.20259927825447255,5.732560750537891,0.23076923076923078,106283.1224256808
10,-85,-50,10,-50,100,18,0.7222222222222222,1.2863731982628754,0.004799375348764272,0.011587280926644516,9.166666666666666,0.0628312242568081,1.161412670608894,1.4149650684985702,-0.20259927825447255,5.732560750537891,0.23076923076923078,106283.1224256808
7,-85,-20,5,-100,0,15,0.6666666666666666,1.2968331508425748,0.005969610489353797,0.0179026217228464,10.266666666666667,0.06382894101852421,1.1872174831425375,1.4306232149277565,-0.20722058429611045,5.729244935657783,0.18846153846153846,106382.89410185242
2,-80,-20,7,-80,0,17,0.6470588235294118,1.2971838126815238,0.0055341636282256025,0.012793373216751114,9.117647058823529,0.06699287238332574,1.2709373356709333,1.4751335881068326,-0.22201124503685477,5.7246529807981235,0.19230769230769232,106699.28723833257
4,-85,-40,5,-100,0,18,0.6666666666666666,1.2889983554731081,0.005505786025873649,0.01832497937441857,9.055555555555555,0.07117605317259024,1.3861594743281023,1.5219115797044194,-0.242417394278842,5.7180693590562415,0.2230769230769231,107117.60531725902
3,-90,-20,5,-100,0,16,0.625,1.3223563091764696,0.005631063266065078,0.01443742476359755,7.8125,0.06573840230605921,1.237396306528864,1.495646210401724,-0.2181744374038892,5.67159160006527,0.21153846153846154,106573.84023060593
4,-90,-30,5,-100,0,16,0.625,1.3223563091764696,0.005631063266065078,0.01443742476359755,7.8125,0.06573840230605921,1.237396306528864,1.495646210401724,-0.2181744374038892,5.67159160006527,0.21153846153846154,106573.84023060593
4,-90,-20,5,-100,0,16,0.625,1.3223563091764696,0.005631063266065078,0.01443742476359755,7.8125,0.06573840230605921,1.237396306528864,1.495646210401724,-0.2181744374038892,5.67159160006527,0.21153846153846154,106573.84023060593
4,-80,-20,10,-50,0,17,0.6470588235294118,1.299274434993988,0.005436428723898425,0.0109722278043487,9.588235294117647,0.06612830523940638,1.2477720341457124,1.4569588256536898,-0.22201124503685454,5.620310061044783,0.2230769230769231,106612.83052394065
4,-80,-20,10,-50,50,17,0.6470588235294118,1.299274434993988,0.005436428723898425,0.0109722278043487,9.588235294117647,0.06612830523940638,1.2477720341457124,1.4569588256536898,-0.22201124503685454,5.620310061044783,0.2230769230769231,106612.83052394065
4,-80,-20,10,-50,100,17,0.6470588235294118,1.299274434993988,0.005436428723898425,0.0109722278043487,9.588235294117647,0.06612830523940638,1.2477720341457124,1.4569588256536898,-0.22201124503685454,5.620310061044783,0.2230769230769231,106612.83052394065
10,-90,-20,5,-120,50,13,0.6153846153846154,1.3496162398678642,0.00660736356330292,0.0109722278043487,8.692307692307692,0.06288824488592515,1.1628798568041794,1.4591175750573682,-0.20722058429611045,5.611797016953044,0.16538461538461538,106288.82448859252
10,-90,-20,5,-120,100,13,0.6153846153846154,1.3496162398678642,0.00660736356330292,0.0109722278043487,8.692307692307692,0.06288824488592515,1.1628798568041794,1.4591175750573682,-0.20722058429611045,5.611797016953044,0.16538461538461538,106288.82448859252
3,-80,-30,5,-100,0,19,0.6842105263157895,1.27590141293835,0.004723694048467585,0.0179026217228464,8.631578947368421,0.06569037797612265,1.2361213840901457,1.4498672587083477,-0.22188116033104444,5.571096627788791,0.22692307692307692,106569.03779761227
4,-80,-50,5,-80,0,18,0.6666666666666666,1.301350316870471,0.00523123846733896,0.01832497937441857,11.166666666666666,0.06878662957274861,1.3197023484217243,1.494855213860574,-0.23692996117193388,5.570010402627175,0.23461538461538461,106878.66295727486
4,-80,-50,5,-80,50,18,0.6666666666666666,1.301350316870471,0.00523123846733896,0.01832497937441857,11.166666666666666,0.06878662957274861,1.3197023484217243,1.494855213860574,-0.23692996117193388,5.570010402627175,0.23461538461538461,106878.66295727486
4,-80,-50,5,-80,100,18,0.6666666666666666,1.301350316870471,0.00523123846733896,0.01832497937441857,11.166666666666666,0.06878662957274861,1.3197023484217243,1.494855213860574,-0.23692996117193388,5.570010402627175,0.23461538461538461,106878.66295727486
3,-80,-20,3,-80,0,23,0.6521739130434783,1.2801554167880835,0.004020696114953805,0.0109722278043487,9.0,0.06746065677016544,1.283562665963708,1.464704788518929,-0.2311106697505536,5.5538875264785705,0.25769230769230766,106746.06567701655
7,-80,-40,5,-50,50,19,0.6842105263157895,1.28647531749524,0.0044361547285593815,0.008409949397762073,8.736842105263158,0.060858960380062,1.1112253237226417,1.377902570200014,-0.20266115038636368,5.483168932990583,0.23461538461538461,106085.89603800619
7,-80,-40,5,-50,100,19,0.6842105263157895,1.28647531749524,0.0044361547285593815,0.008409949397762073,8.736842105263158,0.060858960380062,1.1112253237226417,1.377902570200014,-0.20266115038636368,5.483168932990583,0.23461538461538461,106085.89603800619
7,-80,-30,5,-50,50,19,0.6842105263157895,1.28647531749524,0.0044361547285593815,0.008409949397762073,8.736842105263158,0.060858960380062,1.1112253237226417,1.377902570200014,-0.20266115038636368,5.483168932990583,0.23461538461538461,106085.89603800619
7,-80,-30,5,-50,100,19,0.6842105263157895,1.28647531749524,0.0044361547285593815,0.008409949397762073,8.736842105263158,0.060858960380062,1.1112253237226417,1.377902570200014,-0.20266115038636368,5.483168932990583,0.23461538461538461,106085.89603800619
7,-80,-30,3,-80,100,18,0.6666666666666666,1.2849785895818715,0.004661574405627755,0.01108502256008359,11.38888888888889,0.060396898355597806,1.0996236692739036,1.3655300300239133,-0.2005533495264532,5.482948411833242,0.25,106039.68983555978
10,-85,-50,5,-50,0,18,0.7222222222222222,1.2781165077711623,0.004661000120046364,0.010193346967616312,8.88888888888889,0.06021901078326963,1.0951728653666382,1.3764316157255025,-0.20055334952645332,5.460755793670667,0.21153846153846154,106021.90107832696
10,-85,-50,5,-50,50,18,0.7222222222222222,1.2781165077711623,0.004661000120046364,0.010193346967616312,8.88888888888889,0.06021901078326963,1.0951728653666382,1.3764316157255025,-0.20055334952645332,5.460755793670667,0.21153846153846154,106021.90107832696
10,-85,-50,5,-50,100,18,0.7222222222222222,1.2781165077711623,0.004661000120046364,0.010193346967616312,8.88888888888889,0.06021901078326963,1.0951728653666382,1.3764316157255025,-0.20055334952645332,5.460755793670667,0.21153846153846154,106021.90107832696
10,-85,-40,5,-50,0,18,0.7222222222222222,1.2781165077711623,0.004661000120046364,0.010193346967616312,8.88888888888889,0.06021901078326963,1.0951728653666382,1.3764316157255025,-0.20055334952645332,5.460755793670667,0.21153846153846154,106021.90107832696
10,-85,-30,5,-50,0,18,0.7222222222222222,1.2781165077711623,0.004661000120046364,0.010193346967616312,8.88888888888889,0.06021901078326963,1.0951728653666382,1.3764316157255025,-0.20055334952645332,5.460755793670667,0.21153846153846154,106021.90107832696
2,-85,-20,7,-50,0,19,0.6842105263157895,1.2852714205535107,0.005142350810068857,0.012793373216751114,8.842105263157896,0.067745584026498,1.2912843933517677,1.4715614573355,-0.23692996117193388,5.450067973525376,0.2423076923076923,106774.5584026498
4,-80,-20,3,-50,0,22,0.6363636363636364,1.2800858811938085,0.004135868589190506,0.009341827133246494,9.409090909090908,0.06599734083353126,1.2442820014385734,1.4529137495836784,-0.22988218106713865,5.412694431827982,0.25769230769230766,106599.73408335312
10,-85,-40,5,-100,50,16,0.6875,1.2954767349267298,0.005266468103150443,0.01443742476359755,9.75,0.06089092473889157,1.1120300779747136,1.388235837650704,-0.20722058429611045,5.366407404708715,0.19615384615384615,106089.09247388916
10,-85,-40,5,-100,100,16,0.6875,1.2954767349267298,0.005266468103150443,0.01443742476359755,9.75,0.06089092473889157,1.1120300779747136,1.388235837650704,-0.20722058429611045,5.366407404708715,0.19615384615384615,106089.09247388916
10,-85,-40,5,-80,50,16,0.6875,1.2954767349267298,0.005266468103150443,0.01443742476359755,9.75,0.06089092473889157,1.1120300779747136,1.388235837650704,-0.20722058429611045,5.366407404708715,0.19615384615384615,106089.09247388916
10,-85,-40,5,-80,100,16,0.6875,1.2954767349267298,0.005266468103150443,0.01443742476359755,9.75,0.06089092473889157,1.1120300779747136,1.388235837650704,-0.20722058429611045,5.366407404708715,0.19615384615384615,106089.09247388916
10,-85,-30,5,-100,50,16,0.6875,1.2954767349267298,0.005266468103150443,0.01443742476359755,9.75,0.06089092473889157,1.1120300779747136,1.388235837650704,-0.20722058429611045,5.366407404708715,0.19615384615384615,106089.09247388916
10,-85,-30,5,-100,100,16,0.6875,1.2954767349267298,0.005266468103150443,0.01443742476359755,9.75,0.06089092473889157,1.1120300779747136,1.388235837650704,-0.20722058429611045,5.366407404708715,0.19615384615384615,106089.09247388916
10,-85,-30,5,-80,50,16,0.6875,1.2954767349267298,0.005266468103150443,0.01443742476359755,9.75,0.06089092473889157,1.1120300779747136,1.388235837650704,-0.20722058429611045,5.366407404708715,0.19615384615384615,106089.09247388916
10,-85,-30,5,-80,100,16,0.6875,1.2954767349267298,0.005266468103150443,0.01443742476359755,9.75,0.06089092473889157,1.1120300779747136,1.388235837650704,-0.20722058429611045,5.366407404708715,0.19615384615384615,106089.09247388916
7,-80,-40,5,-100,0,17,0.7058823529411765,1.280238306988081,0.004972827918447533,0.017553501540511274,9.294117647058824,0.06081377604471516,1.1100882169872834,1.3873186208235753,-0.20722058429611045,5.357036419707267,0.20384615384615384,106081.37760447152
7,-80,-30,5,-100,0,17,0.7058823529411765,1.280238306988081,0.004972827918447533,0.017553501540511274,9.294117647058824,0.06081377604471516,1.1100882169872834,1.3873186208235753,-0.20722058429611045,5.357036419707267,0.20384615384615384,106081.37760447152
2,-85,-20,3,-50,50,23,0.6956521739130435,1.2648509448973178,0.0041746948062102536,0.0109722278043487,7.391304347826087,0.06672608803179636,1.2637657405942675,1.4484782430445566,-0.2369299611719341,5.333921190647495,0.25,106672.60880317964
3,-90,-30,3,-80,100,18,0.6666666666666666,1.3096823041050945,0.0047219290655390565,0.012369513829526224,7.055555555555555,0.06348240776958436,1.1782228092110092,1.463975215384896,-0.22093989935033775,5.332775169516742,0.21923076923076923,106348.24077695844
3,-90,-20,5,-50,0,17,0.6470588235294118,1.3053989203471177,0.005436335828365387,0.0179026217228464,7.529411764705882,0.06663257262984468,1.2612568362424406,1.5010351039041996,-0.23692996117193377,5.323331966982344,0.2230769230769231,106663.25726298447
7,-85,-40,3,-50,100,16,0.6875,1.2937227563887777,0.005235205838031581,0.015831358722625755,9.875,0.06034681125796104,1.0983695942092786,1.376374803549682,-0.20722058429611045,5.300484978074135,0.20384615384615384,106034.6811257961
7,-85,-30,3,-50,100,16,0.6875,1.2937227563887777,0.005235205838031581,0.015831358722625755,9.875,0.06034681125796104,1.0983695942092786,1.376374803549682,-0.20722058429611045,5.300484978074135,0.20384615384615384,106034.6811257961
2,-90,-20,3,-50,100,18,0.6666666666666666,1.3075146901595034,0.004790634723280489,0.013280086535727431,6.833333333333333,0.06252432456699397,1.1535316275713634,1.4405512144865018,-0.2181744374038893,5.287198818053649,0.20384615384615384,106252.4324566994
5,-80,-40,7,-50,0,19,0.631578947368421,1.2830995333274593,0.0049098712971388766,0.0109722278043487,9.105263157894736,0.06567013895909679,1.2355842906635064,1.433735377611875,-0.2352199145169075,5.252889803999539,0.26153846153846155,106567.01389590968
5,-80,-40,7,-50,50,19,0.631578947368421,1.2830995333274593,0.0049098712971388766,0.0109722278043487,9.105263157894736,0.06567013895909679,1.2355842906635064,1.433735377611875,-0.2352199145169075,5.252889803999539,0.26153846153846155,106567.01389590968
5,-80,-40,7,-50,100,19,0.631578947368421,1.2830995333274593,0.0049098712971388766,0.0109722278043487,9.105263157894736,0.06567013895909679,1.2355842906635064,1.433735377611875,-0.2352199145169075,5.252889803999539,0.26153846153846155,106567.01389590968
5,-80,-30,7,-50,0,19,0.631578947368421,1.2830995333274593,0.0049098712971388766,0.0109722278043487,9.105263157894736,0.06567013895909679,1.2355842906635064,1.433735377611875,-0.2352199145169075,5.252889803999539,0.26153846153846155,106567.01389590968
5,-80,-30,7,-50,50,19,0.631578947368421,1.2830995333274593,0.0049098712971388766,0.0109722278043487,9.105263157894736,0.06567013895909679,1.2355842906635064,1.433735377611875,-0.2352199145169075,5.252889803999539,0.26153846153846155,106567.01389590968
5,-80,-30,7,-50,100,19,0.631578947368421,1.2830995333274593,0.0049098712971388766,0.0109722278043487,9.105263157894736,0.06567013895909679,1.2355842906635064,1.433735377611875,-0.2352199145169075,5.252889803999539,0.26153846153846155,106567.01389590968
5,-80,-50,3,-50,0,24,0.7083333333333334,1.2638047785387796,0.0034913732816716594,0.009341827133246494,8.625,0.061241755204072046,1.1208813859239846,1.3861228512292905,-0.216683307649027,5.172901401983088,0.25769230769230766,106124.17552040721
5,-80,-40,3,-50,0,24,0.7083333333333334,1.2638047785387796,0.0034913732816716594,0.009341827133246494,8.625,0.061241755204072046,1.1208813859239846,1.3861228512292905,-0.216683307649027,5.172901401983088,0.25769230769230766,106124.17552040721
5,-80,-30,3,-50,0,24,0.7083333333333334,1.2638047785387796,0.0034913732816716594,0.009341827133246494,8.625,0.061241755204072046,1.1208813859239846,1.3861228512292905,-0.216683307649027,5.172901401983088,0.25769230769230766,106124.17552040721
10,-80,-40,5,-50,0,20,0.7,1.269487803518097,0.004186593593805526,0.010193346967616312,8.2,0.059978771085819726,1.0891757818979642,1.3659380642205072,-0.21123701483471635,5.156178630673209,0.22692307692307692,105997.87710858198
10,-80,-30,5,-50,0,20,0.7,1.269487803518097,0.004186593593805526,0.010193346967616312,8.2,0.059978771085819726,1.0891757818979642,1.3659380642205072,-0.21123701483471635,5.156178630673209,0.22692307692307692,105997.87710858198
10,-80,-50,7,-80,0,17,0.7058823529411765,1.2719020731609556,0.004824901474144546,0.013760095722405108,9.235294117647058,0.058199820248050926,1.0452575086748523,1.3463704653327682,-0.20722058429611034,5.044177981764683,0.2,105819.98202480508
10,-80,-50,7,-80,50,17,0.7058823529411765,1.2719020731609556,0.004824901474144546,0.013760095722405108,9.235294117647058,0.058199820248050926,1.0452575086748523,1.3463704653327682,-0.20722058429611034,5.044177981764683,0.2,105819.98202480508
10,-80,-50,7,-80,100,17,0.7058823529411765,1.2719020731609556,0.004824901474144546,0.013760095722405108,9.235294117647058,0.058199820248050926,1.0452575086748523,1.3463704653327682,-0.20722058429611034,5.044177981764683,0.2,105819.98202480508
4,-85,-40,5,-80,0,18,0.6666666666666666,1.2699669030182603,0.0052202877504233,0.01832497937441857,9.11111111111111,0.06535521577297776,1.2272423007929065,1.4326459437120673,-0.24653414535035523,4.977981038078295,0.22692307692307692,106535.52157729777
7,-85,-20,5,-80,0,15,0.6666666666666666,1.2772278308584037,0.005575327965678685,0.0179026217228464,10.333333333333334,0.05759588452343789,1.030542108835823,1.3313440754543344,-0.20722058429611057,4.973164767083257,0.19230769230769232,105759.58845234379
10,-80,-40,5,-100,0,17,0.7058823529411765,1.2696263058767554,0.004784517990500242,0.013560179537575934,9.235294117647058,0.05747917134718117,1.0277095617378094,1.3348446329301678,-0.20722058429611045,4.959495530951939,0.2,105747.91713471811
10,-80,-40,5,-80,0,17,0.7058823529411765,1.2696263058767554,0.004784517990500242,0.013560179537575934,9.235294117647058,0.05747917134718117,1.0277095617378094,1.3348446329301678,-0.20722058429611045,4.959495530951939,0.2,105747.91713471811
10,-80,-30,5,-100,0,17,0.7058823529411765,1.2696263058767554,0.004784517990500242,0.013560179537575934,9.235294117647058,0.05747917134718117,1.0277095617378094,1.3348446329301678,-0.20722058429611045,4.959495530951939,0.2,105747.91713471811
10,-80,-30,5,-80,0,17,0.7058823529411765,1.2696263058767554,0.004784517990500242,0.013560179537575934,9.235294117647058,0.05747917134718117,1.0277095617378094,1.3348446329301678,-0.20722058429611045,4.959495530951939,0.2,105747.91713471811
3,-85,-40,3,-50,0,24,0.7083333333333334,1.2384914385079715,0.003667594254409772,0.013280086535727431,7.0,0.06238259541423119,1.1499010282857776,1.389940306823367,-0.23212763396433544,4.953744664723764,0.2423076923076923,106238.25954142312
3,-85,-40,5,-100,50,19,0.6842105263157895,1.2565643819405405,0.0044213330299341935,0.0179026217228464,8.473684210526315,0.058934634844679534,1.063294307426479,1.344464102453732,-0.2166833076490272,4.90713529788252,0.2153846153846154,105893.46348446795
3,-85,-40,5,-100,100,19,0.6842105263157895,1.2565643819405405,0.0044213330299341935,0.0179026217228464,8.473684210526315,0.058934634844679534,1.063294307426479,1.344464102453732,-0.2166833076490272,4.90713529788252,0.2153846153846154,105893.46348446795
5,-85,-50,5,-100,0,18,0.6666666666666666,1.2695887501789014,0.005005711919153333,0.01443742476359755,9.277777777777779,0.06207108746597623,1.1419410984845881,1.3881881777586382,-0.23276073521351848,4.906072742196191,0.23846153846153847,106207.10874659763
5,-85,-50,5,-100,50,18,0.6666666666666666,1.2695887501789014,0.005005711919153333,0.01443742476359755,9.277777777777779,0.06207108746597623,1.1419410984845881,1.3881881777586382,-0.23276073521351848,4.906072742196191,0.23846153846153847,106207.10874659763
5,-85,-50,5,-100,100,18,0.6666666666666666,1.2695887501789014,0.005005711919153333,0.01443742476359755,9.277777777777779,0.06207108746597623,1.1419410984845881,1.3881881777586382,-0.23276073521351848,4.906072742196191,0.23846153846153847,106207.10874659763
5,-85,-50,5,-80,0,18,0.6666666666666666,1.2695887501789014,0.005005711919153333,0.01443742476359755,9.277777777777779,0.06207108746597623,1.1419410984845881,1.3881881777586382,-0.23276073521351848,4.906072742196191,0.23846153846153847,106207.10874659763
5,-85,-50,5,-80,50,18,0.6666666666666666,1.2695887501789014,0.005005711919153333,0.01443742476359755,9.277777777777779,0.06207108746597623,1.1419410984845881,1.3881881777586382,-0.23276073521351848,4.906072742196191,0.23846153846153847,106207.10874659763
5,-85,-50,5,-80,100,18,0.6666666666666666,1.2695887501789014,0.005005711919153333,0.01443742476359755,9.277777777777779,0.06207108746597623,1.1419410984845881,1.3881881777586382,-0.23276073521351848,4.906072742196191,0.23846153846153847,106207.10874659763
5,-85,-40,5,-100,0,18,0.6666666666666666,1.2695887501789014,0.005005711919153333,0.01443742476359755,9.277777777777779,0.06207108746597623,1.1419410984845881,1.3881881777586382,-0.23276073521351848,4.906072742196191,0.23846153846153847,106207.10874659763
5,-85,-40,5,-80,0,18,0.6666666666666666,1.2695887501789014,0.005005711919153333,0.01443742476359755,9.277777777777779,0.06207108746597623,1.1419410984845881,1.3881881777586382,-0.23276073521351848,4.906072742196191,0.23846153846153847,106207.10874659763
5,-85,-30,5,-100,0,18,0.6666666666666666,1.2695887501789014,0.005005711919153333,0.01443742476359755,9.277777777777779,0.06207108746597623,1.1419410984845881,1.3881881777586382,-0.23276073521351848,4.906072742196191,0.23846153846153847,106207.10874659763
5,-85,-30,5,-80,0,18,0.6666666666666666,1.2695887501789014,0.005005711919153333,0.01443742476359755,9.277777777777779,0.06207108746597623,1.1419410984845881,1.3881881777586382,-0.23276073521351848,4.906072742196191,0.23846153846153847,106207.10874659763
7,-80,-50,7,-50,0,21,0.7142857142857143,1.2613501211095448,0.0038668301531502897,0.008409949397762073,8.142857142857142,0.05732511212968805,1.023976224080652,1.320988778083926,-0.20909055002649524,4.8972860033650365,0.25384615384615383,105732.5112129688
7,-80,-50,7,-50,50,21,0.7142857142857143,1.2613501211095448,0.0038668301531502897,0.008409949397762073,8.142857142857142,0.05732511212968805,1.023976224080652,1.320988778083926,-0.20909055002649524,4.8972860033650365,0.25384615384615383,105732.5112129688
7,-80,-50,7,-50,100,21,0.7142857142857143,1.2613501211095448,0.0038668301531502897,0.008409949397762073,8.142857142857142,0.05732511212968805,1.023976224080652,1.320988778083926,-0.20909055002649524,4.8972860033650365,0.25384615384615383,105732.5112129688
4,-85,-40,3,-50,50,20,0.65,1.25981213854227,0.004499657058740248,0.01443742476359755,8.35,0.062469065545517344,1.1521154159766644,1.3938052163450194,-0.23692996117193388,4.862683513211756,0.23846153846153847,106246.90655455174
4,-85,-30,3,-50,50,20,0.65,1.25981213854227,0.004499657058740248,0.01443742476359755,8.35,0.062469065545517344,1.1521154159766644,1.3938052163450194,-0.23692996117193388,4.862683513211756,0.23846153846153847,106246.90655455174
10,-80,-20,10,-80,0,17,0.7058823529411765,1.2841871126158304,0.004767290398290073,0.013560179537575934,9.411764705882353,0.05658170244225591,1.006049888587822,1.3337844381729067,-0.20722058429611034,4.854970812890938,0.21153846153846154,105658.17024422559
10,-80,-50,7,-50,0,20,0.7,1.2564683790767188,0.003984331976583028,0.008562946296514107,8.45,0.0557267414226168,0.9856144786166805,1.2964421850336219,-0.20646524869479776,4.773754832095938,0.24615384615384617,105572.67414226168
10,-80,-50,7,-50,50,20,0.7,1.2564683790767188,0.003984331976583028,0.008562946296514107,8.45,0.0557267414226168,0.9856144786166805,1.2964421850336219,-0.20646524869479776,4.773754832095938,0.24615384615384617,105572.67414226168
10,-80,-50,7,-50,100,20,0.7,1.2564683790767188,0.003984331976583028,0.008562946296514107,8.45,0.0557267414226168,0.9856144786166805,1.2964421850336219,-0.20646524869479776,4.773754832095938,0.24615384615384617,105572.67414226168
3,-85,-30,7,-80,0,17,0.7058823529411765,1.2709414340533394,0.0048316362786125205,0.0179026217228464,9.294117647058824,0.05831265105825145,1.0480175899570678,1.3403897326079428,-0.22201124503685465,4.720560842686564,0.20384615384615384,105831.26510582514
3,-85,-30,7,-80,50,17,0.7058823529411765,1.2709414340533394,0.0048316362786125205,0.0179026217228464,9.294117647058824,0.05831265105825145,1.0480175899570678,1.3403897326079428,-0.22201124503685465,4.720560842686564,0.20384615384615384,105831.26510582514
3,-85,-30,7,-80,100,17,0.7058823529411765,1.2709414340533394,0.0048316362786125205,0.0179026217228464,9.294117647058824,0.05831265105825145,1.0480175899570678,1.3403897326079428,-0.22201124503685465,4.720560842686564,0.20384615384615384,105831.26510582514
3,-80,-30,7,-80,0,17,0.7058823529411765,1.2709414340533394,0.0048316362786125205,0.0179026217228464,9.294117647058824,0.05831265105825145,1.0480175899570678,1.3403897326079428,-0.22201124503685465,4.720560842686564,0.20384615384615384,105831.26510582514
3,-80,-30,7,-80,50,17,0.7058823529411765,1.2709414340533394,0.0048316362786125205,0.0179026217228464,9.294117647058824,0.05831265105825145,1.0480175899570678,1.3403897326079428,-0.22201124503685465,4.720560842686564,0.20384615384615384,105831.26510582514
3,-80,-30,7,-80,100,17,0.7058823529411765,1.2709414340533394,0.0048316362786125205,0.0179026217228464,9.294117647058824,0.05831265105825145,1.0480175899570678,1.3403897326079428,-0.22201124503685465,4.720560842686564,0.20384615384615384,105831.26510582514
7,-80,-20,7,-120,50,15,0.6666666666666666,1.2793523587898443,0.0053110113953172295,0.0179026217228464,12.933333333333334,0.054989837636856054,0.9681549093836961,1.3033463344913807,-0.20722058429611034,4.672098154111174,0.2076923076923077,105498.9837636856
7,-80,-20,7,-120,100,15,0.6666666666666666,1.2793523587898443,0.0053110113953172295,0.0179026217228464,12.933333333333334,0.054989837636856054,0.9681549093836961,1.3033463344913807,-0.20722058429611034,4.672098154111174,0.2076923076923077,105498.9837636856
7,-80,-40,5,-80,0,17,0.7058823529411765,1.26063298700391,0.004624931574028317,0.017553501540511274,9.352941176470589,0.05459838563568775,0.9589377878394405,1.2873749793386393,-0.20722058429611034,4.62761839561824,0.2076923076923077,105459.83856356877
7,-80,-30,5,-80,0,17,0.7058823529411765,1.26063298700391,0.004624931574028317,0.017553501540511274,9.352941176470589,0.05459838563568775,0.9589377878394405,1.2873749793386393,-0.20722058429611034,4.62761839561824,0.2076923076923077,105459.83856356877
10,-80,-40,3,-80,100,18,0.6666666666666666,1.260533085544934,0.004261703888623458,0.010193346967616312,9.11111111111111,0.05296315149299602,0.9208628358497548,1.2550750956099985,-0.2005533495264532,4.591610352178596,0.22692307692307692,105296.3151492996
2,-85,-30,3,-50,50,24,0.7083333333333334,1.2331221700982387,0.003408124666657885,0.010683233213184873,7.0,0.056502996775811276,1.0041605910438163,1.2998479252594433,-0.22093989935033798,4.544949074370438,0.2423076923076923,105650.29967758113
2,-80,-30,3,-50,0,27,0.7037037037037037,1.233875537033613,0.002953931548343513,0.010394238622021046,7.777777777777778,0.05570584512328547,0.9851174208634279,1.2852668888934025,-0.21814089955153226,4.515968453823625,0.2692307692307692,105570.58451232855
4,-85,-40,7,-50,0,18,0.6666666666666666,1.2636372488876082,0.004856417616077222,0.01443742476359755,9.222222222222221,0.05907469384288477,1.0667487800713267,1.3379543029489764,-0.23692996117193377,4.502380259528323,0.23461538461538461,105907.46938428849
4,-85,-40,7,-50,50,18,0.6666666666666666,1.2636372488876082,0.004856417616077222,0.01443742476359755,9.222222222222221,0.05907469384288477,1.0667487800713267,1.3379543029489764,-0.23692996117193377,4.502380259528323,0.23461538461538461,105907.46938428849
4,-85,-40,7,-50,100,18,0.6666666666666666,1.2636372488876082,0.004856417616077222,0.01443742476359755,9.222222222222221,0.05907469384288477,1.0667487800713267,1.3379543029489764,-0.23692996117193377,4.502380259528323,0.23461538461538461,105907.46938428849
10,-90,-40,10,-80,0,14,0.6428571428571429,1.3040110139562118,0.005335083744518402,0.015831358722625755,8.357142857142858,0.053322383859889966,0.929168338479001,1.3024155355071567,-0.20722058429611045,4.483957718945789,0.18076923076923077,105332.238385989
10,-90,-40,10,-80,50,14,0.6428571428571429,1.3040110139562118,0.005335083744518402,0.015831358722625755,8.357142857142858,0.053322383859889966,0.929168338479001,1.3024155355071567,-0.20722058429611045,4.483957718945789,0.18076923076923077,105332.238385989
10,-90,-40,10,-80,100,14,0.6428571428571429,1.3040110139562118,0.005335083744518402,0.015831358722625755,8.357142857142858,0.053322383859889966,0.929168338479001,1.3024155355071567,-0.20722058429611045,4.483957718945789,0.18076923076923077,105332.238385989
10,-90,-30,10,-80,0,14,0.6428571428571429,1.3040110139562118,0.005335083744518402,0.015831358722625755,8.357142857142858,0.053322383859889966,0.929168338479001,1.3024155355071567,-0.20722058429611045,4.483957718945789,0.18076923076923077,105332.238385989
10,-90,-30,10,-80,50,14,0.6428571428571429,1.3040110139562118,0.005335083744518402,0.015831358722625755,8.357142857142858,0.053322383859889966,0.929168338479001,1.3024155355071567,-0.20722058429611045,4.483957718945789,0.18076923076923077,105332.238385989
10,-90,-30,10,-80,100,14,0.6428571428571429,1.3040110139562118,0.005335083744518402,0.015831358722625755,8.357142857142858,0.053322383859889966,0.929168338479001,1.3024155355071567,-0.20722058429611045,4.483957718945789,0.18076923076923077,105332.238385989
3,-85,-40,7,-50,0,20,0.7,1.2443702960924012,0.004063425148989169,0.01443742476359755,8.2,0.0558351784590696,0.9881956985166627,1.2954148000262231,-0.22093989935033775,4.4726900909360445,0.22692307692307692,105583.51784590696
3,-85,-40,7,-50,50,20,0.7,1.2443702960924012,0.004063425148989169,0.01443742476359755,8.2,0.0558351784590696,0.9881956985166627,1.2954148000262231,-0.22093989935033775,4.4726900909360445,0.22692307692307692,105583.51784590696
3,-85,-40,7,-50,100,20,0.7,1.2443702960924012,0.004063425148989169,0.01443742476359755,8.2,0.0558351784590696,0.9881956985166627,1.2954148000262231,-0.22093989935033775,4.4726900909360445,0.22692307692307692,105583.51784590696
5,-85,-40,10,-50,0,18,0.6666666666666666,1.2630972955717663,0.004473646677277948,0.012366161763376904,9.166666666666666,0.05590168283417207,0.9897802876725874,1.3020042687103475,-0.22201124503685454,4.458243939437756,0.23076923076923078,105590.16828341721
5,-85,-40,10,-50,50,18,0.6666666666666666,1.2630972955717663,0.004473646677277948,0.012366161763376904,9.166666666666666,0.05590168283417207,0.9897802876725874,1.3020042687103475,-0.22201124503685454,4.458243939437756,0.23076923076923078,105590.16828341721
5,-85,-40,10,-50,100,18,0.6666666666666666,1.2630972955717663,0.004473646677277948,0.012366161763376904,9.166666666666666,0.05590168283417207,0.9897802876725874,1.3020042687103475,-0.22201124503685454,4.458243939437756,0.23076923076923078,105590.16828341721
5,-85,-30,10,-50,0,18,0.6666666666666666,1.2630972955717663,0.004473646677277948,0.012366161763376904,9.166666666666666,0.05590168283417207,0.9897802876725874,1.3020042687103475,-0.22201124503685454,4.458243939437756,0.23076923076923078,105590.16828341721
5,-85,-30,10,-50,50,18,0.6666666666666666,1.2630972955717663,0.004473646677277948,0.012366161763376904,9.166666666666666,0.05590168283417207,0.9897802876725874,1.3020042687103475,-0.22201124503685454,4.458243939437756,0.23076923076923078,105590.16828341721
5,-85,-30,10,-50,100,18,0.6666666666666666,1.2630972955717663,0.004473646677277948,0.012366161763376904,9.166666666666666,0.05590168283417207,0.9897802876725874,1.3020042687103475,-0.22201124503685454,4.458243939437756,0.23076923076923078,105590.16828341721
2,-80,-40,5,-50,50,23,0.6521739130434783,1.2482741009217966,0.0034343314381484287,0.0077114264621442885,8.608695652173912,0.05480904585866342,0.963893037570069,1.2750937919804062,-0.21821921337415406,4.417086024031249,0.2230769230769231,105480.90458586634
2,-80,-40,5,-50,100,23,0.6521739130434783,1.2482741009217966,0.0034343314381484287,0.0077114264621442885,8.608695652173912,0.05480904585866342,0.963893037570069,1.2750937919804062,-0.21821921337415406,4.417086024031249,0.2230769230769231,105480.90458586634
3,-80,-40,5,-100,50,19,0.631578947368421,1.2418616342189153,0.004194568228248579,0.0179026217228464,8.526315789473685,0.05438228124953537,0.9538664447813647,1.2727709258803923,-0.2166833076490272,4.402122411415234,0.21923076923076923,105438.22812495354
3,-80,-40,5,-100,100,19,0.631578947368421,1.2418616342189153,0.004194568228248579,0.0179026217228464,8.526315789473685,0.05438228124953537,0.9538664447813647,1.2727709258803923,-0.2166833076490272,4.402122411415234,0.21923076923076923,105438.22812495354
10,-85,-50,7,-80,0,16,0.6875,1.2534317277638143,0.004778216828522343,0.015831358722625755,9.75,0.05233635382711399,0.9064499969406794,1.252132804043791,-0.20722058429611034,4.3743241050097454,0.19615384615384615,105233.6353827114
10,-85,-50,7,-80,50,16,0.6875,1.2534317277638143,0.004778216828522343,0.015831358722625755,9.75,0.05233635382711399,0.9064499969406794,1.252132804043791,-0.20722058429611034,4.3743241050097454,0.19615384615384615,105233.6353827114
10,-85,-50,7,-80,100,16,0.6875,1.2534317277638143,0.004778216828522343,0.015831358722625755,9.75,0.05233635382711399,0.9064499969406794,1.252132804043791,-0.20722058429611034,4.3743241050097454,0.19615384615384615,105233.6353827114
7,-85,-40,7,-80,0,15,0.6666666666666666,1.2666820164180592,0.005070124463090734,0.0179026217228464,10.4,0.052232596965391176,0.9040738000690058,1.248998724071374,-0.20722058429611045,4.36285711257873,0.19615384615384615,105223.25969653913
7,-85,-40,7,-80,50,15,0.6666666666666666,1.2666820164180592,0.005070124463090734,0.0179026217228464,10.4,0.052232596965391176,0.9040738000690058,1.248998724071374,-0.20722058429611045,4.36285711257873,0.19615384615384615,105223.25969653913
7,-85,-40,7,-80,100,15,0.6666666666666666,1.2666820164180592,0.005070124463090734,0.0179026217228464,10.4,0.052232596965391176,0.9040738000690058,1.248998724071374,-0.20722058429611045,4.36285711257873,0.19615384615384615,105223.25969653913
7,-85,-30,7,-80,0,15,0.6666666666666666,1.2666820164180592,0.005070124463090734,0.0179026217228464,10.4,0.052232596965391176,0.9040738000690058,1.248998724071374,-0.20722058429611045,4.36285711257873,0.19615384615384615,105223.25969653913
7,-85,-30,7,-80,50,15,0.6666666666666666,1.2666820164180592,0.005070124463090734,0.0179026217228464,10.4,0.052232596965391176,0.9040738000690058,1.248998724071374,-0.20722058429611045,4.36285711257873,0.19615384615384615,105223.25969653913
7,-85,-30,7,-80,100,15,0.6666666666666666,1.2666820164180592,0.005070124463090734,0.0179026217228464,10.4,0.052232596965391176,0.9040738000690058,1.248998724071374,-0.20722058429611045,4.36285711257873,0.19615384615384615,105223.25969653913
4,-80,-50,3,-50,50,21,0.6190476190476191,1.2547241968479557,0.0040820145099553255,0.01226887852082248,9.904761904761905,0.05927512837840809,1.0717016457884374,1.339672696092878,-0.24568870424087108,4.362030599248675,0.26153846153846155,105927.51283784081
3,-90,-20,5,-80,50,16,0.625,1.2917100787091262,0.005216618893427637,0.01443742476359755,8.0,0.05767832141206242,1.0325449898268122,1.3565318355929947,-0.236929961171934,4.358017807116934,0.2230769230769231,105767.83214120624
3,-90,-20,5,-80,100,16,0.625,1.2917100787091262,0.005216618893427637,0.01443742476359755,8.0,0.05767832141206242,1.0325449898268122,1.3565318355929947,-0.236929961171934,4.358017807116934,0.2230769230769231,105767.83214120624
4,-90,-30,5,-80,50,16,0.625,1.2917100787091262,0.005216618893427637,0.01443742476359755,8.0,0.05767832141206242,1.0325449898268122,1.3565318355929947,-0.236929961171934,4.358017807116934,0.2230769230769231,105767.83214120624
4,-90,-30,5,-80,100,16,0.625,1.2917100787091262,0.005216618893427637,0.01443742476359755,8.0,0.05767832141206242,1.0325449898268122,1.3565318355929947,-0.236929961171934,4.358017807116934,0.2230769230769231,105767.83214120624
4,-90,-30,5,-50,50,16,0.625,1.2917100787091262,0.005216618893427637,0.01443742476359755,8.0,0.05767832141206242,1.0325449898268122,1.3565318355929947,-0.236929961171934,4.358017807116934,0.2230769230769231,105767.83214120624
4,-90,-30,5,-50,100,16,0.625,1.2917100787091262,0.005216618893427637,0.01443742476359755,8.0,0.05767832141206242,1.0325449898268122,1.3565318355929947,-0.236929961171934,4.358017807116934,0.2230769230769231,105767.83214120624
4,-90,-30,7,-50,0,16,0.625,1.2917100787091262,0.005216618893427637,0.01443742476359755,8.0,0.05767832141206242,1.0325449898268122,1.3565318355929947,-0.236929961171934,4.358017807116934,0.2230769230769231,105767.83214120624
4,-90,-30,7,-50,50,16,0.625,1.2917100787091262,0.005216618893427637,0.01443742476359755,8.0,0.05767832141206242,1.0325449898268122,1.3565318355929947,-0.236929961171934,4.358017807116934,0.2230769230769231,105767.83214120624
4,-90,-30,7,-50,100,16,0.625,1.2917100787091262,0.005216618893427637,0.01443742476359755,8.0,0.05767832141206242,1.0325449898268122,1.3565318355929947,-0.236929961171934,4.358017807116934,0.2230769230769231,105767.83214120624
4,-90,-20,5,-80,50,16,0.625,1.2917100787091262,0.005216618893427637,0.01443742476359755,8.0,0.05767832141206242,1.0325449898268122,1.3565318355929947,-0.236929961171934,4.358017807116934,0.2230769230769231,105767.83214120624
4,-90,-20,5,-80,100,16,0.625,1.2917100787091262,0.005216618893427637,0.01443742476359755,8.0,0.05767832141206242,1.0325449898268122,1.3565318355929947,-0.236929961171934,4.358017807116934,0.2230769230769231,105767.83214120624
4,-90,-20,5,-50,50,16,0.625,1.2917100787091262,0.005216618893427637,0.01443742476359755,8.0,0.05767832141206242,1.0325449898268122,1.3565318355929947,-0.236929961171934,4.358017807116934,0.2230769230769231,105767.83214120624
4,-90,-20,5,-50,100,16,0.625,1.2917100787091262,0.005216618893427637,0.01443742476359755,8.0,0.05767832141206242,1.0325449898268122,1.3565318355929947,-0.236929961171934,4.358017807116934,0.2230769230769231,105767.83214120624
4,-90,-20,7,-50,0,16,0.625,1.2917100787091262,0.005216618893427637,0.01443742476359755,8.0,0.05767832141206242,1.0325449898268122,1.3565318355929947,-0.236929961171934,4.358017807116934,0.2230769230769231,105767.83214120624
4,-90,-20,7,-50,50,16,0.625,1.2917100787091262,0.005216618893427637,0.01443742476359755,8.0,0.05767832141206242,1.0325449898268122,1.3565318355929947,-0.236929961171934,4.358017807116934,0.2230769230769231,105767.83214120624
4,-90,-20,7,-50,100,16,0.625,1.2917100787091262,0.005216618893427637,0.01443742476359755,8.0,0.05767832141206242,1.0325449898268122,1.3565318355929947,-0.236929961171934,4.358017807116934,0.2230769230769231,105767.83214120624
4,-80,-20,5,-120,0,15,0.6666666666666666,1.2624980340934153,0.005483292941702237,0.0179026217228464,10.466666666666667,0.054079853025668534,0.9467896300153598,1.2771916839960773,-0.2181744374038893,4.339599273322025,0.2,105407.98530256686
5,-80,-20,5,-120,0,15,0.6666666666666666,1.2624980340934153,0.005483292941702237,0.0179026217228464,10.466666666666667,0.054079853025668534,0.9467896300153598,1.2771916839960773,-0.2181744374038893,4.339599273322025,0.2,105407.98530256686
3,-90,-40,3,-50,100,19,0.6842105263157895,1.2610390726022358,0.004033709041272648,0.013766799854703748,6.631578947368421,0.054181521014448286,0.949166020803921,1.3083738107429506,-0.22093989935033764,4.296037173887083,0.2153846153846154,105418.15210144484
2,-80,-20,7,-50,50,20,0.65,1.2533998608989227,0.004454005852496601,0.010601661307256594,10.55,0.058506894064606074,1.0527772236382944,1.3199252489948488,-0.2464327958360144,4.272066224249031,0.27307692307692305,105850.6894064606
2,-80,-20,7,-50,100,20,0.65,1.2533998608989227,0.004454005852496601,0.010601661307256594,10.55,0.058506894064606074,1.0527772236382944,1.3199252489948488,-0.2464327958360144,4.272066224249031,0.27307692307692305,105850.6894064606
4,-80,-40,5,-100,0,18,0.6111111111111112,1.2495207072596466,0.00478265934183676,0.01832497937441857,9.166666666666666,0.05776045974827593,1.0345424266005745,1.3154869380445395,-0.24241739427884224,4.26760806367956,0.23076923076923078,105776.04597482759
7,-80,-40,3,-80,100,18,0.6666666666666666,1.2513190061287283,0.004110983384177752,0.009295061987139697,9.222222222222221,0.05009466832685838,0.8557148742631633,1.208455064227964,-0.2005533495264532,4.266769297464631,0.23461538461538461,105009.46683268584
7,-90,-20,5,-120,50,12,0.5833333333333334,1.3049566369732133,0.006243624876549105,0.013658543926865163,9.25,0.051352565039624265,0.8840290708325402,1.2642875955810216,-0.20722058429611045,4.266125751143022,0.1576923076923077,105135.25650396242
7,-90,-20,5,-120,100,12,0.5833333333333334,1.3049566369732133,0.006243624876549105,0.013658543926865163,9.25,0.051352565039624265,0.8840290708325402,1.2642875955810216,-0.20722058429611045,4.266125751143022,0.1576923076923077,105135.25650396242
7,-85,-40,5,-50,50,16,0.6875,1.2633037186405587,0.00469302815331725,0.012807024092495345,9.8125,0.05127332128260531,0.8822336851287993,1.2317428750131996,-0.20722058429611034,4.257461622963676,0.2,105127.33212826053
7,-85,-40,5,-50,100,16,0.6875,1.2633037186405587,0.00469302815331725,0.012807024092495345,9.8125,0.05127332128260531,0.8822336851287993,1.2317428750131996,-0.20722058429611034,4.257461622963676,0.2,105127.33212826053
7,-85,-30,5,-50,50,16,0.6875,1.2633037186405587,0.00469302815331725,0.012807024092495345,9.8125,0.05127332128260531,0.8822336851287993,1.2317428750131996,-0.20722058429611034,4.257461622963676,0.2,105127.33212826053
7,-85,-30,5,-50,100,16,0.6875,1.2633037186405587,0.00469302815331725,0.012807024092495345,9.8125,0.05127332128260531,0.8822336851287993,1.2317428750131996,-0.20722058429611034,4.257461622963676,0.2,105127.33212826053
3,-90,-30,5,-100,0,17,0.6470588235294118,1.2657229597628532,0.0041863353044906335,0.0109722278043487,7.235294117647059,0.05013722525009978,0.8566663542553179,1.2472487335894125,-0.20179135532296288,4.245307500334894,0.20384615384615384,105013.72252500999
10,-85,-50,3,-80,100,17,0.7058823529411765,1.244726834557251,0.004342676946486653,0.0109722278043487,9.352941176470589,0.049690803315875165,0.8467076586081723,1.2083037525217537,-0.20055334952645332,4.221857478857466,0.2076923076923077,104969.08033158752
5,-80,-40,3,-80,50,20,0.65,1.2597735663003085,0.004063040571552945,0.009341827133246494,10.3,0.05553405850945792,0.9810354945129105,1.2845120560440282,-0.23276073521351826,4.214780871924029,0.25384615384615383,105553.40585094578
5,-80,-30,3,-80,50,20,0.65,1.2597735663003085,0.004063040571552945,0.009341827133246494,10.3,0.05553405850945792,0.9810354945129105,1.2845120560440282,-0.23276073521351826,4.214780871924029,0.25384615384615383,105553.40585094578
10,-80,-50,5,-50,0,20,0.7,1.2437776913649712,0.00378717740713172,0.008912207764322999,8.15,0.05162460155055926,0.8902044716740984,1.2337632042199047,-0.21123701483471635,4.214244706926218,0.2230769230769231,105162.46015505593
10,-80,-50,5,-50,50,20,0.7,1.2437776913649712,0.00378717740713172,0.008912207764322999,8.15,0.05162460155055926,0.8902044716740984,1.2337632042199047,-0.21123701483471635,4.214244706926218,0.2230769230769231,105162.46015505593
10,-80,-50,5,-50,100,20,0.7,1.2437776913649712,0.00378717740713172,0.008912207764322999,8.15,0.05162460155055926,0.8902044716740984,1.2337632042199047,-0.21123701483471635,4.214244706926218,0.2230769230769231,105162.46015505593
7,-80,-20,10,-80,0,16,0.6875,1.263455174329638,0.004695727643535236,0.01565679863145819,10.0,0.050337246491947596,0.8611444143035814,1.2302111657491985,-0.20722058429611045,4.155689538414959,0.21153846153846154,105033.72464919476
7,-80,-20,10,-80,50,16,0.6875,1.263455174329638,0.004695727643535236,0.01565679863145819,10.0,0.050337246491947596,0.8611444143035814,1.2302111657491985,-0.20722058429611045,4.155689538414959,0.21153846153846154,105033.72464919476
7,-80,-20,10,-80,100,16,0.6875,1.263455174329638,0.004695727643535236,0.01565679863145819,10.0,0.050337246491947596,0.8611444143035814,1.2302111657491985,-0.20722058429611045,4.155689538414959,0.21153846153846154,105033.72464919476
5,-80,-40,10,-50,0,18,0.6666666666666666,1.251876846770519,0.0043212435361148676,0.012366161763376904,9.222222222222221,0.05299661750526652,0.9216351814391885,1.2557373454307437,-0.22201124503685465,4.151299549201635,0.23461538461538461,105299.66175052666
5,-80,-40,10,-50,50,18,0.6666666666666666,1.251876846770519,0.0043212435361148676,0.012366161763376904,9.222222222222221,0.05299661750526652,0.9216351814391885,1.2557373454307437,-0.22201124503685465,4.151299549201635,0.23461538461538461,105299.66175052666
5,-80,-40,10,-50,100,18,0.6666666666666666,1.251876846770519,0.0043212435361148676,0.012366161763376904,9.222222222222221,0.05299661750526652,0.9216351814391885,1.2557373454307437,-0.22201124503685465,4.151299549201635,0.23461538461538461,105299.66175052666
5,-80,-30,10,-50,0,18,0.6666666666666666,1.251876846770519,0.0043212435361148676,0.012366161763376904,9.222222222222221,0.05299661750526652,0.9216351814391885,1.2557373454307437,-0.22201124503685465,4.151299549201635,0.23461538461538461,105299.66175052666
5,-80,-30,10,-50,50,18,0.6666666666666666,1.251876846770519,0.0043212435361148676,0.012366161763376904,9.222222222222221,0.05299661750526652,0.9216351814391885,1.2557373454307437,-0.22201124503685465,4.151299549201635,0.23461538461538461,105299.66175052666
5,-80,-30,10,-50,100,18,0.6666666666666666,1.251876846770519,0.0043212435361148676,0.012366161763376904,9.222222222222221,0.05299661750526652,0.9216351814391885,1.2557373454307437,-0.22201124503685465,4.151299549201635,0.23461538461538461,105299.66175052666
7,-80,-50,7,-80,0,17,0.7058823529411765,1.2452787215844179,0.004352470180131335,0.013760095722405108,9.352941176470589,0.0497904158368101,0.84892552240615,1.2104083308661668,-0.20722058429611045,4.09672391036726,0.2076923076923077,104979.041583681
7,-80,-50,7,-80,50,17,0.7058823529411765,1.2452787215844179,0.004352470180131335,0.013760095722405108,9.352941176470589,0.0497904158368101,0.84892552240615,1.2104083308661668,-0.20722058429611045,4.09672391036726,0.2076923076923077,104979.041583681
7,-80,-50,7,-80,100,17,0.7058823529411765,1.2452787215844179,0.004352470180131335,0.013760095722405108,9.352941176470589,0.0497904158368101,0.84892552240615,1.2104083308661668,-0.20722058429611045,4.09672391036726,0.2076923076923077,104979.041583681
7,-85,-40,5,-100,50,15,0.6666666666666666,1.2570017315776894,0.004886084123070559,0.0179026217228464,10.266666666666667,0.04937692209701705,0.8397351350141757,1.2035130981902873,-0.20722058429611045,4.052373164888994,0.18846153846153846,104937.6922097017
7,-85,-40,5,-100,100,15,0.6666666666666666,1.2570017315776894,0.004886084123070559,0.0179026217228464,10.266666666666667,0.04937692209701705,0.8397351350141757,1.2035130981902873,-0.20722058429611045,4.052373164888994,0.18846153846153846,104937.6922097017
7,-85,-30,5,-100,50,15,0.6666666666666666,1.2570017315776894,0.004886084123070559,0.0179026217228464,10.266666666666667,0.04937692209701705,0.8397351350141757,1.2035130981902873,-0.20722058429611045,4.052373164888994,0.18846153846153846,104937.6922097017
7,-85,-30,5,-100,100,15,0.6666666666666666,1.2570017315776894,0.004886084123070559,0.0179026217228464,10.266666666666667,0.04937692209701705,0.8397351350141757,1.2035130981902873,-0.20722058429611045,4.052373164888994,0.18846153846153846,104937.6922097017
7,-90,-20,3,-50,50,15,0.5333333333333333,1.2764597937655817,0.004847253083438104,0.005085252766975801,7.733333333333333,0.04928585877171532,0.8377168061266582,1.2211548926013327,-0.20722058429611057,4.042633162975701,0.17692307692307693,104928.58587717153
10,-80,-50,5,-100,0,17,0.7058823529411765,1.2431455239453708,0.00431461659441341,0.0109722278043487,9.176470588235293,0.04914470228192669,0.8345922416213052,1.2007192970904756,-0.20722058429611045,4.027554716420952,0.19615384615384615,104914.47022819267
10,-80,-50,5,-100,50,17,0.7058823529411765,1.2431455239453708,0.00431461659441341,0.0109722278043487,9.176470588235293,0.04914470228192669,0.8345922416213052,1.2007192970904756,-0.20722058429611045,4.027554716420952,0.19615384615384615,104914.47022819267
10,-80,-50,5,-100,100,17,0.7058823529411765,1.2431455239453708,0.00431461659441341,0.0109722278043487,9.176470588235293,0.04914470228192669,0.8345922416213052,1.2007192970904756,-0.20722058429611045,4.027554716420952,0.19615384615384615,104914.47022819267
10,-80,-50,5,-80,0,17,0.7058823529411765,1.2431455239453708,0.00431461659441341,0.0109722278043487,9.176470588235293,0.04914470228192669,0.8345922416213052,1.2007192970904756,-0.20722058429611045,4.027554716420952,0.19615384615384615,104914.47022819267
10,-80,-50,5,-80,50,17,0.7058823529411765,1.2431455239453708,0.00431461659441341,0.0109722278043487,9.176470588235293,0.04914470228192669,0.8345922416213052,1.2007192970904756,-0.20722058429611045,4.027554716420952,0.19615384615384615,104914.47022819267
10,-80,-50,5,-80,100,17,0.7058823529411765,1.2431455239453708,0.00431461659441341,0.0109722278043487,9.176470588235293,0.04914470228192669,0.8345922416213052,1.2007192970904756,-0.20722058429611045,4.027554716420952,0.19615384615384615,104914.47022819267
4,-90,-40,5,-100,0,16,0.625,1.2668715837337154,0.004761181453504099,0.01443742476359755,7.6875,0.05100506780702818,0.8761676901810664,1.2507530375160885,-0.21888738995676515,4.00282396511799,0.20384615384615384,105100.50678070281
7,-80,-20,7,-100,50,15,0.6666666666666666,1.2586136058819952,0.004916728871642117,0.0179026217228464,13.0,0.04880857013586404,0.8271714866111939,1.201902265368818,-0.20722058429611034,3.9917438193746104,0.21153846153846154,104880.85701358641
7,-80,-20,7,-100,100,15,0.6666666666666666,1.2586136058819952,0.004916728871642117,0.0179026217228464,13.0,0.04880857013586404,0.8271714866111939,1.201902265368818,-0.20722058429611034,3.9917438193746104,0.21153846153846154,104880.85701358641
3,-90,-30,5,-50,0,18,0.6666666666666666,1.2525854804470777,0.0040826887223061725,0.01443742476359755,7.0,0.05101830595497958,0.8764666205669431,1.255427471454308,-0.22093989935033798,3.9669911281038264,0.2153846153846154,105101.83059549796
2,-85,-30,5,-80,0,20,0.7,1.2251261702281049,0.003909492104525514,0.015347997469798758,8.0,0.052476590798942846,0.9096659863652568,1.2394767811353937,-0.2293956657848324,3.965488987130653,0.21153846153846154,105247.65907989428
2,-90,-30,3,-50,100,19,0.6842105263157895,1.2504305859165445,0.003542216470439385,0.012793373216751114,6.368421052631579,0.04697019789016155,0.7870726362016809,1.1915926770427694,-0.201791355322963,3.900427919431866,0.19615384615384615,104697.01978901617
2,-85,-30,5,-100,50,19,0.6842105263157895,1.2286393769993464,0.003702884663296508,0.012793373216751114,8.31578947368421,0.04683265189685004,0.7841052937069493,1.1628098410440877,-0.20179135532296288,3.8857229163856153,0.20384615384615384,104683.26518968501
2,-85,-30,5,-100,100,19,0.6842105263157895,1.2286393769993464,0.003702884663296508,0.012793373216751114,8.31578947368421,0.04683265189685004,0.7841052937069493,1.1628098410440877,-0.20179135532296288,3.8857229163856153,0.20384615384615384,104683.26518968501
2,-90,-20,10,-50,50,15,0.6,1.2598157182335534,0.004654955050775341,0.0179026217228464,8.0,0.04748389703654543,0.7981951342810734,1.1982348273530001,-0.20722058429611057,3.851910450848271,0.19230769230769232,104748.38970365455
2,-90,-20,10,-50,100,15,0.6,1.2598157182335534,0.004654955050775341,0.0179026217228464,8.0,0.04748389703654543,0.7981951342810734,1.1982348273530001,-0.20722058429611057,3.851910450848271,0.19230769230769232,104748.38970365455
10,-90,-20,3,-80,50,15,0.6,1.271845004078384,0.004720833124019645,0.005085252766975801,7.666666666666667,0.04741456203860284,0.7966901960491155,1.1908363045188715,-0.20722058429611034,3.844647956935955,0.17307692307692307,104741.45620386027
7,-90,-40,10,-80,0,14,0.6428571428571429,1.2799386451771215,0.004912638183437924,0.015831358722625755,8.428571428571429,0.047150886100248535,0.7909776126543411,1.1961464752176667,-0.20722058429611034,3.817080312465793,0.18461538461538463,104715.08861002486
7,-90,-40,10,-80,50,14,0.6428571428571429,1.2799386451771215,0.004912638183437924,0.015831358722625755,8.428571428571429,0.047150886100248535,0.7909776126543411,1.1961464752176667,-0.20722058429611034,3.817080312465793,0.18461538461538463,104715.08861002486
7,-90,-40,10,-80,100,14,0.6428571428571429,1.2799386451771215,0.004912638183437924,0.015831358722625755,8.428571428571429,0.047150886100248535,0.7909776126543411,1.1961464752176667,-0.20722058429611034,3.817080312465793,0.18461538461538463,104715.08861002486
7,-90,-30,10,-80,0,14,0.6428571428571429,1.2799386451771215,0.004912638183437924,0.015831358722625755,8.428571428571429,0.047150886100248535,0.7909776126543411,1.1961464752176667,-0.20722058429611034,3.817080312465793,0.18461538461538463,104715.08861002486
7,-90,-30,10,-80,50,14,0.6428571428571429,1.2799386451771215,0.004912638183437924,0.015831358722625755,8.428571428571429,0.047150886100248535,0.7909776126543411,1.1961464752176667,-0.20722058429611034,3.817080312465793,0.18461538461538463,104715.08861002486
7,-90,-30,10,-80,100,14,0.6428571428571429,1.2799386451771215,0.004912638183437924,0.015831358722625755,8.428571428571429,0.047150886100248535,0.7909776126543411,1.1961464752176667,-0.20722058429611034,3.817080312465793,0.18461538461538463,104715.08861002486
2,-85,-30,10,-50,50,18,0.6666666666666666,1.23029378356834,0.003936882632954053,0.01832497937441857,11.166666666666666,0.0471137489276483,0.7901743748282066,1.1610108609328302,-0.20722058429611034,3.813204067116602,0.23461538461538461,104711.37489276483
2,-85,-30,10,-50,100,18,0.6666666666666666,1.23029378356834,0.003936882632954053,0.01832497937441857,11.166666666666666,0.0471137489276483,0.7901743748282066,1.1610108609328302,-0.20722058429611034,3.813204067116602,0.23461538461538461,104711.37489276483
5,-90,-50,3,-80,100,15,0.6,1.267723343888162,0.004939528784799063,0.0109722278043487,8.133333333333333,0.04901243079135509,0.8316687917029653,1.2181252624834884,-0.2181744374038893,3.811944247910958,0.2,104901.2430791355
7,-80,-50,5,-100,0,17,0.7058823529411765,1.2361274923530043,0.004190081644819416,0.01018017457651732,9.235294117647058,0.046941368852130294,0.7864503179822784,1.164803259499848,-0.20722058429611045,3.795232605166629,0.2,104694.13688521304
7,-80,-50,5,-100,50,17,0.7058823529411765,1.2361274923530043,0.004190081644819416,0.01018017457651732,9.235294117647058,0.046941368852130294,0.7864503179822784,1.164803259499848,-0.20722058429611045,3.795232605166629,0.2,104694.13688521304
7,-80,-50,5,-100,100,17,0.7058823529411765,1.2361274923530043,0.004190081644819416,0.01018017457651732,9.235294117647058,0.046941368852130294,0.7864503179822784,1.164803259499848,-0.20722058429611045,3.795232605166629,0.2,104694.13688521304
2,-85,-20,3,-50,0,24,0.7083333333333334,1.210000071101196,0.003214351729435692,0.010683233213184873,6.958333333333333,0.04945578783125426,0.8414847656906443,1.1889862991124356,-0.22291810863095107,3.7748605120445937,0.23846153846153847,104945.57878312543
2,-80,-20,5,-100,0,18,0.6666666666666666,1.2351742401543464,0.00462306963104968,0.015347997469798758,9.0,0.052378614832913506,0.9074186235319184,1.2375000923315551,-0.24108820060033243,3.763845021333936,0.21923076923076923,105237.86148329134
7,-85,-50,7,-50,0,17,0.7058823529411765,1.2341686268618286,0.004155321582543503,0.013760095722405108,9.470588235294118,0.0463043077968075,0.7727492258075999,1.1509529833173273,-0.20722058429611045,3.729114211469311,0.2153846153846154,104630.43077968074
7,-85,-50,7,-50,50,17,0.7058823529411765,1.2341686268618286,0.004155321582543503,0.013760095722405108,9.470588235294118,0.0463043077968075,0.7727492258075999,1.1509529833173273,-0.20722058429611045,3.729114211469311,0.2153846153846154,104630.43077968074
7,-85,-50,7,-50,100,17,0.7058823529411765,1.2341686268618286,0.004155321582543503,0.013760095722405108,9.470588235294118,0.0463043077968075,0.7727492258075999,1.1509529833173273,-0.20722058429611045,3.729114211469311,0.2153846153846154,104630.43077968074
7,-85,-50,10,-50,0,17,0.7058823529411765,1.2341686268618286,0.004155321582543503,0.013760095722405108,9.470588235294118,0.0463043077968075,0.7727492258075999,1.1509529833173273,-0.20722058429611045,3.729114211469311,0.2153846153846154,104630.43077968074
7,-85,-50,10,-50,50,17,0.7058823529411765,1.2341686268618286,0.004155321582543503,0.013760095722405108,9.470588235294118,0.0463043077968075,0.7727492258075999,1.1509529833173273,-0.20722058429611045,3.729114211469311,0.2153846153846154,104630.43077968074
7,-85,-50,10,-50,100,17,0.7058823529411765,1.2341686268618286,0.004155321582543503,0.013760095722405108,9.470588235294118,0.0463043077968075,0.7727492258075999,1.1509529833173273,-0.20722058429611045,3.729114211469311,0.2153846153846154,104630.43077968074
2,-80,-40,3,-50,0,27,0.7037037037037037,1.2131368078147284,0.0026846907250637087,0.009353365738695052,7.666666666666667,0.04818244830188445,0.8134223134828509,1.1683854467948964,-0.21814089955153237,3.728884932422737,0.25769230769230766,104818.24483018844
2,-80,-20,3,-80,0,25,0.68,1.2243355189838472,0.003060112730784552,0.009353365738695052,8.32,0.05012088831435446,0.8563010428821642,1.196611676340422,-0.2297616382000358,3.7269104172065863,0.26153846153846155,105012.08883143545
5,-85,-50,3,-80,100,18,0.6666666666666666,1.2365691674830075,0.004392605776717419,0.01057620119043301,9.277777777777779,0.05056585834023619,0.8662747383922682,1.2079562813224747,-0.23276073521351848,3.721739139540044,0.23846153846153847,105056.58583402362
10,-80,-20,3,-50,50,21,0.6666666666666666,1.2275295713528174,0.003350536524591861,0.005571855804099801,7.857142857142857,0.04551033320220821,0.755808910162048,1.1407501340917325,-0.20664880727220358,3.6574559521482035,0.23076923076923078,104551.03332022083
5,-90,-40,10,-50,0,15,0.6,1.2690174912649723,0.004458455001776411,0.0109722278043487,7.933333333333334,0.04531827318721371,0.7517335556136204,1.1667708285188867,-0.20722058429611045,3.6276973070369367,0.18846153846153846,104531.82731872136
5,-90,-40,10,-50,50,15,0.6,1.2690174912649723,0.004458455001776411,0.0109722278043487,7.933333333333334,0.04531827318721371,0.7517335556136204,1.1667708285188867,-0.20722058429611045,3.6276973070369367,0.18846153846153846,104531.82731872136
5,-90,-40,10,-50,100,15,0.6,1.2690174912649723,0.004458455001776411,0.0109722278043487,7.933333333333334,0.04531827318721371,0.7517335556136204,1.1667708285188867,-0.20722058429611045,3.6276973070369367,0.18846153846153846,104531.82731872136
5,-90,-30,10,-50,0,15,0.6,1.2690174912649723,0.004458455001776411,0.0109722278043487,7.933333333333334,0.04531827318721371,0.7517335556136204,1.1667708285188867,-0.20722058429611045,3.6276973070369367,0.18846153846153846,104531.82731872136
5,-90,-30,10,-50,50,15,0.6,1.2690174912649723,0.004458455001776411,0.0109722278043487,7.933333333333334,0.04531827318721371,0.7517335556136204,1.1667708285188867,-0.20722058429611045,3.6276973070369367,0.18846153846153846,104531.82731872136
5,-90,-30,10,-50,100,15,0.6,1.2690174912649723,0.004458455001776411,0.0109722278043487,7.933333333333334,0.04531827318721371,0.7517335556136204,1.1667708285188867,-0.20722058429611045,3.6276973070369367,0.18846153846153846,104531.82731872136
5,-90,-20,10,-50,0,15,0.6,1.2690174912649723,0.004458455001776411,0.0109722278043487,7.933333333333334,0.04531827318721371,0.7517335556136204,1.1667708285188867,-0.20722058429611045,3.6276973070369367,0.18846153846153846,104531.82731872136
5,-90,-20,10,-50,50,15,0.6,1.2690174912649723,0.004458455001776411,0.0109722278043487,7.933333333333334,0.04531827318721371,0.7517335556136204,1.1667708285188867,-0.20722058429611045,3.6276973070369367,0.18846153846153846,104531.82731872136
5,-90,-20,10,-50,100,15,0.6,1.2690174912649723,0.004458455001776411,0.0109722278043487,7.933333333333334,0.04531827318721371,0.7517335556136204,1.1667708285188867,-0.20722058429611045,3.6276973070369367,0.18846153846153846,104531.82731872136
10,-90,-20,5,-120,0,13,0.6153846153846154,1.2647449076983617,0.005339143305650696,0.0109722278043487,8.615384615384615,0.04529567127549394,0.7512545350928033,1.1620707056477042,-0.20722058429611045,3.62538566158702,0.16153846153846155,104529.5671275494
3,-85,-50,3,-50,0,24,0.7083333333333334,1.2066388148626648,0.0031777548698169408,0.010252399839447701,6.916666666666667,0.05008326818004449,0.8554600681118418,1.1992845891439827,-0.23798799492193323,3.594551348661334,0.23461538461538461,105008.32681800445
7,-80,-20,7,-120,0,15,0.6666666666666666,1.2445999045120357,0.004650302169577225,0.017553501540511274,10.333333333333334,0.04474013962079071,0.739518559276128,1.1396935582576622,-0.20722058429611034,3.568750478086598,0.19230769230769232,104474.01396207907
4,-80,-50,5,-50,0,19,0.631578947368421,1.2330518259568508,0.003943609618368798,0.012975457848298344,10.736842105263158,0.04851822814775275,0.8207838978751139,1.1733522136378873,-0.23781209795841574,3.4513967326365274,0.24615384615384617,104851.82281477527
4,-80,-50,5,-50,50,19,0.631578947368421,1.2330518259568508,0.003943609618368798,0.012975457848298344,10.736842105263158,0.04851822814775275,0.8207838978751139,1.1733522136378873,-0.23781209795841574,3.4513967326365274,0.24615384615384617,104851.82281477527
4,-80,-50,5,-50,100,19,0.631578947368421,1.2330518259568508,0.003943609618368798,0.012975457848298344,10.736842105263158,0.04851822814775275,0.8207838978751139,1.1733522136378873,-0.23781209795841574,3.4513967326365274,0.24615384615384617,104851.82281477527
10,-85,-50,5,-100,0,16,0.6875,1.2246751785482297,0.004236039143808011,0.01443742476359755,9.6875,0.04333141010891217,0.7100821576704375,1.1063679388310377,-0.20722058429611045,3.4266970150791423,0.19230769230769232,104333.14101089121
10,-85,-50,5,-100,50,16,0.6875,1.2246751785482297,0.004236039143808011,0.01443742476359755,9.6875,0.04333141010891217,0.7100821576704375,1.1063679388310377,-0.20722058429611045,3.4266970150791423,0.19230769230769232,104333.14101089121
10,-85,-50,5,-100,100,16,0.6875,1.2246751785482297,0.004236039143808011,0.01443742476359755,9.6875,0.04333141010891217,0.7100821576704375,1.1063679388310377,-0.20722058429611045,3.4266970150791423,0.19230769230769232,104333.14101089121
10,-85,-50,5,-80,0,16,0.6875,1.2246751785482297,0.004236039143808011,0.01443742476359755,9.6875,0.04333141010891217,0.7100821576704375,1.1063679388310377,-0.20722058429611045,3.4266970150791423,0.19230769230769232,104333.14101089121
10,-85,-50,5,-80,50,16,0.6875,1.2246751785482297,0.004236039143808011,0.01443742476359755,9.6875,0.04333141010891217,0.7100821576704375,1.1063679388310377,-0.20722058429611045,3.4266970150791423,0.19230769230769232,104333.14101089121
10,-85,-50,5,-80,100,16,0.6875,1.2246751785482297,0.004236039143808011,0.01443742476359755,9.6875,0.04333141010891217,0.7100821576704375,1.1063679388310377,-0.20722058429611045,3.4266970150791423,0.19230769230769232,104333.14101089121
10,-85,-40,5,-100,0,16,0.6875,1.2246751785482297,0.004236039143808011,0.01443742476359755,9.6875,0.04333141010891217,0.7100821576704375,1.1063679388310377,-0.20722058429611045,3.4266970150791423,0.19230769230769232,104333.14101089121
10,-85,-40,5,-80,0,16,0.6875,1.2246751785482297,0.004236039143808011,0.01443742476359755,9.6875,0.04333141010891217,0.7100821576704375,1.1063679388310377,-0.20722058429611045,3.4266970150791423,0.19230769230769232,104333.14101089121
10,-85,-30,5,-100,0,16,0.6875,1.2246751785482297,0.004236039143808011,0.01443742476359755,9.6875,0.04333141010891217,0.7100821576704375,1.1063679388310377,-0.20722058429611045,3.4266970150791423,0.19230769230769232,104333.14101089121
10,-85,-30,5,-80,0,16,0.6875,1.2246751785482297,0.004236039143808011,0.01443742476359755,9.6875,0.04333141010891217,0.7100821576704375,1.1063679388310377,-0.20722058429611045,3.4266970150791423,0.19230769230769232,104333.14101089121
7,-85,-40,5,-80,50,15,0.6666666666666666,1.2362629786698403,0.0044918015993954475,0.0179026217228464,10.333333333333334,0.043228541104666895,0.7079507134259697,1.1036417819636852,-0.20722058429611034,3.416411143857866,0.19230769230769232,104322.85411046668
7,-85,-40,5,-80,100,15,0.6666666666666666,1.2362629786698403,0.0044918015993954475,0.0179026217228464,10.333333333333334,0.043228541104666895,0.7079507134259697,1.1036417819636852,-0.20722058429611034,3.416411143857866,0.19230769230769232,104322.85411046668
7,-85,-30,5,-80,50,15,0.6666666666666666,1.2362629786698403,0.0044918015993954475,0.0179026217228464,10.333333333333334,0.043228541104666895,0.7079507134259697,1.1036417819636852,-0.20722058429611034,3.416411143857866,0.19230769230769232,104322.85411046668
7,-85,-30,5,-80,100,15,0.6666666666666666,1.2362629786698403,0.0044918015993954475,0.0179026217228464,10.333333333333334,0.043228541104666895,0.7079507134259697,1.1036417819636852,-0.20722058429611034,3.416411143857866,0.19230769230769232,104322.85411046668
3,-85,-50,3,-80,50,22,0.6818181818181818,1.2028593826383231,0.0034032366606548806,0.007332261601314505,7.454545454545454,0.04787118760364528,0.8066227740476384,1.161358851429526,-0.23798799492193323,3.3893422830518545,0.22692307692307692,104787.11876036454
7,-85,-50,3,-50,100,16,0.6875,1.223017060018407,0.0042047768786891496,0.015831358722625755,9.8125,0.042796302613805404,0.699021448925788,1.0958537175904346,-0.20722058429611045,3.3733205188096202,0.2,104279.63026138053
2,-80,-40,5,-80,50,20,0.65,1.2241656999592945,0.0034646197740430098,0.012884415532524729,9.6,0.04487695693050053,0.7424021740641187,1.1258932026736361,-0.22093989935033775,3.3601996572240393,0.2,104487.69569305005
2,-80,-40,5,-80,100,20,0.65,1.2241656999592945,0.0034646197740430098,0.012884415532524729,9.6,0.04487695693050053,0.7424021740641187,1.1258932026736361,-0.22093989935033775,3.3601996572240393,0.2,104487.69569305005
3,-90,-20,10,-50,0,15,0.6,1.2551667593263607,0.004275571232380715,0.0109722278043487,8.0,0.042442325622705335,0.6917409674975159,1.1168133704825518,-0.20722058429611023,3.338186550565096,0.19230769230769232,104244.23256227052
3,-90,-20,10,-50,50,15,0.6,1.2551667593263607,0.004275571232380715,0.0109722278043487,8.0,0.042442325622705335,0.6917409674975159,1.1168133704825518,-0.20722058429611023,3.338186550565096,0.19230769230769232,104244.23256227052
3,-90,-20,10,-50,100,15,0.6,1.2551667593263607,0.004275571232380715,0.0109722278043487,8.0,0.042442325622705335,0.6917409674975159,1.1168133704825518,-0.20722058429611023,3.338186550565096,0.19230769230769232,104244.23256227052
4,-90,-30,10,-50,0,15,0.6,1.2551667593263607,0.004275571232380715,0.0109722278043487,8.0,0.042442325622705335,0.6917409674975159,1.1168133704825518,-0.20722058429611023,3.338186550565096,0.19230769230769232,104244.23256227052
4,-90,-30,10,-50,50,15,0.6,1.2551667593263607,0.004275571232380715,0.0109722278043487,8.0,0.042442325622705335,0.6917409674975159,1.1168133704825518,-0.20722058429611023,3.338186550565096,0.19230769230769232,104244.23256227052
4,-90,-30,10,-50,100,15,0.6,1.2551667593263607,0.004275571232380715,0.0109722278043487,8.0,0.042442325622705335,0.6917409674975159,1.1168133704825518,-0.20722058429611023,3.338186550565096,0.19230769230769232,104244.23256227052
4,-90,-20,10,-50,0,15,0.6,1.2551667593263607,0.004275571232380715,0.0109722278043487,8.0,0.042442325622705335,0.6917409674975159,1.1168133704825518,-0.20722058429611023,3.338186550565096,0.19230769230769232,104244.23256227052
4,-90,-20,10,-50,50,15,0.6,1.2551667593263607,0.004275571232380715,0.0109722278043487,8.0,0.042442325622705335,0.6917409674975159,1.1168133704825518,-0.20722058429611023,3.338186550565096,0.19230769230769232,104244.23256227052
4,-90,-20,10,-50,100,15,0.6,1.2551667593263607,0.004275571232380715,0.0109722278043487,8.0,0.042442325622705335,0.6917409674975159,1.1168133704825518,-0.20722058429611023,3.338186550565096,0.19230769230769232,104244.23256227052
2,-85,-20,3,-80,50,22,0.6818181818181818,1.2131392769620917,0.0035123019780384135,0.010683233213184873,7.636363636363637,0.04709582961548553,0.7897869177030412,1.148532572421309,-0.2369299611719341,3.3334193522697317,0.2423076923076923,104709.58296154856
2,-80,-20,7,-50,0,20,0.65,1.2252077741389829,0.0039584739331915975,0.009295061987139697,8.6,0.048223026272677716,0.8143104801117034,1.1665637544846423,-0.2464327958360144,3.3043916794807457,0.25769230769230766,104822.30262726777
3,-80,-40,7,-50,0,22,0.6818181818181818,1.2121944998413907,0.003294854434199397,0.009341827133246494,7.681818181818182,0.04660851989943793,0.779279711554479,1.1460592026181746,-0.2359070798488846,3.3033332956927937,0.24615384615384617,104660.8519899438
3,-80,-40,7,-50,50,22,0.6818181818181818,1.2121944998413907,0.003294854434199397,0.009341827133246494,7.681818181818182,0.04660851989943793,0.779279711554479,1.1460592026181746,-0.2359070798488846,3.3033332956927937,0.24615384615384617,104660.8519899438
3,-80,-40,7,-50,100,22,0.6818181818181818,1.2121944998413907,0.003294854434199397,0.009341827133246494,7.681818181818182,0.04660851989943793,0.779279711554479,1.1460592026181746,-0.2359070798488846,3.3033332956927937,0.24615384615384617,104660.8519899438
7,-80,-20,3,-50,50,21,0.6190476190476191,1.2171936471962341,0.0032243031095613916,0.005085252766975801,7.9523809523809526,0.042662153010374126,0.6962589155982606,1.0938077716213663,-0.21129711360609804,3.29516529457299,0.23846153846153847,104266.21530103742
7,-80,-40,5,-50,0,19,0.6842105263157895,1.2182119339160593,0.0035684250785868073,0.008409949397762073,8.68421052631579,0.043299974813545195,0.7094305590487382,1.1003310194163374,-0.21585843850369557,3.2865546696549113,0.23076923076923078,104329.99748135451
7,-80,-30,5,-50,0,19,0.6842105263157895,1.2182119339160593,0.0035684250785868073,0.008409949397762073,8.68421052631579,0.043299974813545195,0.7094305590487382,1.1003310194163374,-0.21585843850369557,3.2865546696549113,0.23076923076923078,104329.99748135451
3,-90,-40,7,-80,0,16,0.625,1.2402786610659016,0.003925256146137195,0.01443742476359755,7.25,0.04142746227606642,0.671026560522034,1.0983106831353313,-0.20722058429611045,3.238223474764274,0.17692307692307693,104142.74622760664
3,-90,-40,7,-80,50,16,0.625,1.2402786610659016,0.003925256146137195,0.01443742476359755,7.25,0.04142746227606642,0.671026560522034,1.0983106831353313,-0.20722058429611045,3.238223474764274,0.17692307692307693,104142.74622760664
3,-90,-40,7,-80,100,16,0.625,1.2402786610659016,0.003925256146137195,0.01443742476359755,7.25,0.04142746227606642,0.671026560522034,1.0983106831353313,-0.20722058429611045,3.238223474764274,0.17692307692307693,104142.74622760664
2,-90,-20,3,-80,100,17,0.6470588235294118,1.2406587668625173,0.003969652234885768,0.012793373216751114,7.117647058823529,0.04297138843945425,0.7026332118954819,1.114976939097544,-0.2181744374038893,3.220511166460587,0.19615384615384615,104297.13884394542
7,-85,-40,3,-80,100,15,0.6666666666666666,1.22798370432729,0.0043343970921676375,0.013760095722405108,10.4,0.0408339464752967,0.659020799226206,1.0637955084893382,-0.20722058429611045,3.1802863671327652,0.19615384615384615,104083.39464752967
7,-85,-30,3,-80,100,15,0.6666666666666666,1.22798370432729,0.0043343970921676375,0.013760095722405108,10.4,0.0408339464752967,0.659020799226206,1.0637955084893382,-0.20722058429611045,3.1802863671327652,0.19615384615384615,104083.39464752967
7,-80,-50,5,-80,0,17,0.7058823529411765,1.2165221723688333,0.003842185300400199,0.01018017457651732,9.294117647058824,0.040807257955645326,0.6584828093063431,1.0647859589907571,-0.20722058429611034,3.177690148607033,0.20384615384615384,104080.72579556453
7,-80,-50,5,-80,50,17,0.7058823529411765,1.2165221723688333,0.003842185300400199,0.01018017457651732,9.294117647058824,0.040807257955645326,0.6584828093063431,1.0647859589907571,-0.20722058429611034,3.177690148607033,0.20384615384615384,104080.72579556453
7,-80,-50,5,-80,100,17,0.7058823529411765,1.2165221723688333,0.003842185300400199,0.01018017457651732,9.294117647058824,0.040807257955645326,0.6584828093063431,1.0647859589907571,-0.20722058429611034,3.177690148607033,0.20384615384615384,104080.72579556453
10,-80,-20,7,-120,50,14,0.6428571428571429,1.2297681275392542,0.004680345341305173,0.01832497937441857,13.642857142857142,0.040259575107857604,0.6474779791216363,1.0619344936841744,-0.20722058429611034,3.1245833097179903,0.19615384615384615,104025.95751078577
10,-80,-20,7,-120,100,14,0.6428571428571429,1.2297681275392542,0.004680345341305173,0.01832497937441857,13.642857142857142,0.040259575107857604,0.6474779791216363,1.0619344936841744,-0.20722058429611034,3.1245833097179903,0.19615384615384615,104025.95751078577
10,-80,-20,7,-100,50,14,0.6428571428571429,1.2297681275392542,0.004680345341305173,0.01832497937441857,13.642857142857142,0.040259575107857604,0.6474779791216363,1.0619344936841744,-0.20722058429611034,3.1245833097179903,0.19615384615384615,104025.95751078577
10,-80,-20,7,-100,100,14,0.6428571428571429,1.2297681275392542,0.004680345341305173,0.01832497937441857,13.642857142857142,0.040259575107857604,0.6474779791216363,1.0619344936841744,-0.20722058429611034,3.1245833097179903,0.19615384615384615,104025.95751078577
10,-80,-20,10,-100,50,14,0.6428571428571429,1.2297681275392542,0.004680345341305173,0.01832497937441857,13.642857142857142,0.040259575107857604,0.6474779791216363,1.0619344936841744,-0.20722058429611034,3.1245833097179903,0.19615384615384615,104025.95751078577
10,-80,-20,10,-100,100,14,0.6428571428571429,1.2297681275392542,0.004680345341305173,0.01832497937441857,13.642857142857142,0.040259575107857604,0.6474779791216363,1.0619344936841744,-0.20722058429611034,3.1245833097179903,0.19615384615384615,104025.95751078577
3,-90,-30,5,-80,50,17,0.6470588235294118,1.2351421265805635,0.003796270012596571,0.0109722278043487,7.411764705882353,0.042195134614163354,0.6866738740515526,1.1070212264457822,-0.22093989935033786,3.1079668093933277,0.2153846153846154,104219.51346141633
3,-90,-30,5,-80,100,17,0.6470588235294118,1.2351421265805635,0.003796270012596571,0.0109722278043487,7.411764705882353,0.042195134614163354,0.6866738740515526,1.1070212264457822,-0.22093989935033786,3.1079668093933277,0.2153846153846154,104219.51346141633
3,-90,-40,5,-100,50,17,0.6470588235294118,1.2238725077582824,0.003561939712018014,0.0109722278043487,7.117647058823529,0.038994163846214125,0.6223082139210803,1.0551004793962968,-0.201791355322963,3.0839190951717854,0.19615384615384615,103899.41638462142
3,-90,-40,5,-100,100,17,0.6470588235294118,1.2238725077582824,0.003561939712018014,0.0109722278043487,7.117647058823529,0.038994163846214125,0.6223082139210803,1.0551004793962968,-0.201791355322963,3.0839190951717854,0.19615384615384615,103899.41638462142
2,-90,-20,10,-50,0,15,0.6,1.231631472905852,0.004149995627871831,0.0179026217228464,7.866666666666666,0.03983204493192205,0.6389342101050661,1.0688521063259133,-0.20722058429611023,3.083352999294963,0.18461538461538463,103983.2044931922
4,-80,-30,7,-50,0,18,0.6111111111111112,1.2222800778515317,0.004132693886951515,0.01057620119043301,9.38888888888889,0.04549313541980626,0.7554436318472952,1.1238240256791794,-0.24969997727501747,3.025405288744804,0.24615384615384617,104549.31354198062
4,-80,-30,7,-50,50,18,0.6111111111111112,1.2222800778515317,0.004132693886951515,0.01057620119043301,9.38888888888889,0.04549313541980626,0.7554436318472952,1.1238240256791794,-0.24969997727501747,3.025405288744804,0.24615384615384617,104549.31354198062
4,-80,-30,7,-50,100,18,0.6111111111111112,1.2222800778515317,0.004132693886951515,0.01057620119043301,9.38888888888889,0.04549313541980626,0.7554436318472952,1.1238240256791794,-0.24969997727501747,3.025405288744804,0.24615384615384617,104549.31354198062
4,-85,-50,3,-50,50,20,0.65,1.2025721916693415,0.003675313891266302,0.01443742476359755,8.3,0.044883430052463424,0.7425387131031418,1.1202241112889477,-0.24653414535035545,3.0119102246380622,0.23461538461538461,104488.34300524634
7,-90,-40,7,-120,0,13,0.6153846153846154,1.2480041189379147,0.004687005900065578,0.0179026217228464,8.615384615384615,0.03902529632446505,0.6229231838444602,1.056295280156581,-0.20722058429611045,3.006087382488635,0.16153846153846155,103902.5296324465
7,-90,-40,7,-120,50,13,0.6153846153846154,1.2480041189379147,0.004687005900065578,0.0179026217228464,8.615384615384615,0.03902529632446505,0.6229231838444602,1.056295280156581,-0.20722058429611045,3.006087382488635,0.16153846153846155,103902.5296324465
7,-90,-40,7,-120,100,13,0.6153846153846154,1.2480041189379147,0.004687005900065578,0.0179026217228464,8.615384615384615,0.03902529632446505,0.6229231838444602,1.056295280156581,-0.20722058429611045,3.006087382488635,0.16153846153846155,103902.5296324465
7,-90,-30,7,-120,0,13,0.6153846153846154,1.2480041189379147,0.004687005900065578,0.0179026217228464,8.615384615384615,0.03902529632446505,0.6229231838444602,1.056295280156581,-0.20722058429611045,3.006087382488635,0.16153846153846155,103902.5296324465
7,-90,-30,7,-120,50,13,0.6153846153846154,1.2480041189379147,0.004687005900065578,0.0179026217228464,8.615384615384615,0.03902529632446505,0.6229231838444602,1.056295280156581,-0.20722058429611045,3.006087382488635,0.16153846153846155,103902.5296324465
7,-90,-30,7,-120,100,13,0.6153846153846154,1.2480041189379147,0.004687005900065578,0.0179026217228464,8.615384615384615,0.03902529632446505,0.6229231838444602,1.056295280156581,-0.20722058429611045,3.006087382488635,0.16153846153846155,103902.5296324465
10,-90,-40,7,-120,0,13,0.6153846153846154,1.2480041189379147,0.004687005900065578,0.0179026217228464,8.615384615384615,0.03902529632446505,0.6229231838444602,1.056295280156581,-0.20722058429611045,3.006087382488635,0.16153846153846155,103902.5296324465
10,-90,-40,7,-120,50,13,0.6153846153846154,1.2480041189379147,0.004687005900065578,0.0179026217228464,8.615384615384615,0.03902529632446505,0.6229231838444602,1.056295280156581,-0.20722058429611045,3.006087382488635,0.16153846153846155,103902.5296324465
10,-90,-40,7,-120,100,13,0.6153846153846154,1.2480041189379147,0.004687005900065578,0.0179026217228464,8.615384615384615,0.03902529632446505,0.6229231838444602,1.056295280156581,-0.20722058429611045,3.006087382488635,0.16153846153846155,103902.5296324465
10,-90,-40,7,-100,0,13,0.6153846153846154,1.2480041189379147,0.004687005900065578,0.0179026217228464,8.615384615384615,0.03902529632446505,0.6229231838444602,1.056295280156581,-0.20722058429611045,3.006087382488635,0.16153846153846155,103902.5296324465
10,-90,-40,7,-100,50,13,0.6153846153846154,1.2480041189379147,0.004687005900065578,0.0179026217228464,8.615384615384615,0.03902529632446505,0.6229231838444602,1.056295280156581,-0.20722058429611045,3.006087382488635,0.16153846153846155,103902.5296324465
10,-90,-40,7,-100,100,13,0.6153846153846154,1.2480041189379147,0.004687005900065578,0.0179026217228464,8.615384615384615,0.03902529632446505,0.6229231838444602,1.056295280156581,-0.20722058429611045,3.006087382488635,0.16153846153846155,103902.5296324465
10,-90,-40,10,-100,0,13,0.6153846153846154,1.2480041189379147,0.004687005900065578,0.0179026217228464,8.615384615384615,0.03902529632446505,0.6229231838444602,1.056295280156581,-0.20722058429611045,3.006087382488635,0.16153846153846155,103902.5296324465
10,-90,-40,10,-100,50,13,0.6153846153846154,1.2480041189379147,0.004687005900065578,0.0179026217228464,8.615384615384615,0.03902529632446505,0.6229231838444602,1.056295280156581,-0.20722058429611045,3.006087382488635,0.16153846153846155,103902.5296324465
10,-90,-40,10,-100,100,13,0.6153846153846154,1.2480041189379147,0.004687005900065578,0.0179026217228464,8.615384615384615,0.03902529632446505,0.6229231838444602,1.056295280156581,-0.20722058429611045,3.006087382488635,0.16153846153846155,103902.5296324465
10,-90,-30,7,-120,0,13,0.6153846153846154,1.2480041189379147,0.004687005900065578,0.0179026217228464,8.615384615384615,0.03902529632446505,0.6229231838444602,1.056295280156581,-0.20722058429611045,3.006087382488635,0.16153846153846155,103902.5296324465
10,-90,-30,7,-120,50,13,0.6153846153846154,1.2480041189379147,0.004687005900065578,0.0179026217228464,8.615384615384615,0.03902529632446505,0.6229231838444602,1.056295280156581,-0.20722058429611045,3.006087382488635,0.16153846153846155,103902.5296324465
10,-90,-30,7,-120,100,13,0.6153846153846154,1.2480041189379147,0.004687005900065578,0.0179026217228464,8.615384615384615,0.03902529632446505,0.6229231838444602,1.056295280156581,-0.20722058429611045,3.006087382488635,0.16153846153846155,103902.5296324465
10,-90,-30,7,-100,0,13,0.6153846153846154,1.2480041189379147,0.004687005900065578,0.0179026217228464,8.615384615384615,0.03902529632446505,0.6229231838444602,1.056295280156581,-0.20722058429611045,3.006087382488635,0.16153846153846155,103902.5296324465
10,-90,-30,7,-100,50,13,0.6153846153846154,1.2480041189379147,0.004687005900065578,0.0179026217228464,8.615384615384615,0.03902529632446505,0.6229231838444602,1.056295280156581,-0.20722058429611045,3.006087382488635,0.16153846153846155,103902.5296324465
10,-90,-30,7,-100,100,13,0.6153846153846154,1.2480041189379147,0.004687005900065578,0.0179026217228464,8.615384615384615,0.03902529632446505,0.6229231838444602,1.056295280156581,-0.20722058429611045,3.006087382488635,0.16153846153846155,103902.5296324465
10,-90,-30,10,-100,0,13,0.6153846153846154,1.2480041189379147,0.004687005900065578,0.0179026217228464,8.615384615384615,0.03902529632446505,0.6229231838444602,1.056295280156581,-0.20722058429611045,3.006087382488635,0.16153846153846155,103902.5296324465
10,-90,-30,10,-100,50,13,0.6153846153846154,1.2480041189379147,0.004687005900065578,0.0179026217228464,8.615384615384615,0.03902529632446505,0.6229231838444602,1.056295280156581,-0.20722058429611045,3.006087382488635,0.16153846153846155,103902.5296324465
10,-90,-30,10,-100,100,13,0.6153846153846154,1.2480041189379147,0.004687005900065578,0.0179026217228464,8.615384615384615,0.03902529632446505,0.6229231838444602,1.056295280156581,-0.20722058429611045,3.006087382488635,0.16153846153846155,103902.5296324465
3,-85,-20,3,-80,0,22,0.6818181818181818,1.1958198178564634,0.003172485460761053,0.011882800510549907,7.545454545454546,0.042734846191058384,0.697755367264506,1.084551432974262,-0.23212763396433567,3.00591254624906,0.23461538461538461,104273.48461910583
4,-90,-40,5,-80,50,16,0.625,1.2381099817651111,0.004346737080866657,0.01443742476359755,7.875,0.04305641375815927,0.7043897085307349,1.1134757696465294,-0.23692996117193377,2.972987059325849,0.2153846153846154,104305.64137581592
4,-90,-40,5,-80,100,16,0.625,1.2381099817651111,0.004346737080866657,0.01443742476359755,7.875,0.04305641375815927,0.7043897085307349,1.1134757696465294,-0.23692996117193377,2.972987059325849,0.2153846153846154,104305.64137581592
4,-90,-40,5,-50,50,16,0.625,1.2381099817651111,0.004346737080866657,0.01443742476359755,7.875,0.04305641375815927,0.7043897085307349,1.1134757696465294,-0.23692996117193377,2.972987059325849,0.2153846153846154,104305.64137581592
4,-90,-40,5,-50,100,16,0.625,1.2381099817651111,0.004346737080866657,0.01443742476359755,7.875,0.04305641375815927,0.7043897085307349,1.1134757696465294,-0.23692996117193377,2.972987059325849,0.2153846153846154,104305.64137581592
4,-90,-40,7,-50,0,16,0.625,1.2381099817651111,0.004346737080866657,0.01443742476359755,7.875,0.04305641375815927,0.7043897085307349,1.1134757696465294,-0.23692996117193377,2.972987059325849,0.2153846153846154,104305.64137581592
4,-90,-40,7,-50,50,16,0.625,1.2381099817651111,0.004346737080866657,0.01443742476359755,7.875,0.04305641375815927,0.7043897085307349,1.1134757696465294,-0.23692996117193377,2.972987059325849,0.2153846153846154,104305.64137581592
4,-90,-40,7,-50,100,16,0.625,1.2381099817651111,0.004346737080866657,0.01443742476359755,7.875,0.04305641375815927,0.7043897085307349,1.1134757696465294,-0.23692996117193377,2.972987059325849,0.2153846153846154,104305.64137581592
7,-80,-20,7,-100,0,15,0.6666666666666666,1.2238611516041866,0.004256019645902113,0.017553501540511274,10.4,0.03861892589755245,0.6149128794621206,1.0372171923874296,-0.20722058429611034,2.967431452579216,0.19615384615384615,103861.89258975524
3,-85,-40,5,-100,0,19,0.6842105263157895,1.1963254959749097,0.0035536033799616193,0.0179026217228464,8.421052631578947,0.041407500076019677,0.6706214641301433,1.068122415716191,-0.22654232110855788,2.960248049232201,0.21153846153846154,104140.75000760198
10,-85,-20,10,-80,0,15,0.6666666666666666,1.2226411557674235,0.004232825240745279,0.013760095722405108,10.466666666666667,0.03830169304510189,0.6086849640260616,1.031330792542504,-0.20722058429611034,2.937376931416591,0.2,103830.16930451019
10,-85,-20,10,-80,50,15,0.6666666666666666,1.2226411557674235,0.004232825240745279,0.013760095722405108,10.466666666666667,0.03830169304510189,0.6086849640260616,1.031330792542504,-0.20722058429611034,2.937376931416591,0.2,103830.16930451019
10,-85,-20,10,-80,100,15,0.6666666666666666,1.2226411557674235,0.004232825240745279,0.013760095722405108,10.466666666666667,0.03830169304510189,0.6086849640260616,1.031330792542504,-0.20722058429611034,2.937376931416591,0.2,103830.16930451019
4,-80,-30,5,-120,50,15,0.6666666666666666,1.2223253322582903,0.004399766575418999,0.0179026217228464,10.466666666666667,0.03976027457340181,0.6375039567051108,1.04855036107379,-0.2181744374038893,2.9219919816955895,0.2,103976.02745734018
4,-80,-30,5,-120,100,15,0.6666666666666666,1.2223253322582903,0.004399766575418999,0.0179026217228464,10.466666666666667,0.03976027457340181,0.6375039567051108,1.04855036107379,-0.2181744374038893,2.9219919816955895,0.2,103976.02745734018
5,-80,-40,5,-120,50,15,0.6666666666666666,1.2223253322582903,0.004399766575418999,0.0179026217228464,10.466666666666667,0.03976027457340181,0.6375039567051108,1.04855036107379,-0.2181744374038893,2.9219919816955895,0.2,103976.02745734018
5,-80,-40,5,-120,100,15,0.6666666666666666,1.2223253322582903,0.004399766575418999,0.0179026217228464,10.466666666666667,0.03976027457340181,0.6375039567051108,1.04855036107379,-0.2181744374038893,2.9219919816955895,0.2,103976.02745734018
5,-80,-30,5,-120,50,15,0.6666666666666666,1.2223253322582903,0.004399766575418999,0.0179026217228464,10.466666666666667,0.03976027457340181,0.6375039567051108,1.04855036107379,-0.2181744374038893,2.9219919816955895,0.2,103976.02745734018
5,-80,-30,5,-120,100,15,0.6666666666666666,1.2223253322582903,0.004399766575418999,0.0179026217228464,10.466666666666667,0.03976027457340181,0.6375039567051108,1.04855036107379,-0.2181744374038893,2.9219919816955895,0.2,103976.02745734018
4,-90,-50,7,-80,0,16,0.625,1.2247993644540336,0.0037187946505783734,0.01443742476359755,7.25,0.03804496493489795,0.6036610793620976,1.0398959327752062,-0.20722058429611045,2.913132792345998,0.17692307692307693,103804.4964934898
4,-90,-50,7,-80,50,16,0.625,1.2247993644540336,0.0037187946505783734,0.01443742476359755,7.25,0.03804496493489795,0.6036610793620976,1.0398959327752062,-0.20722058429611045,2.913132792345998,0.17692307692307693,103804.4964934898
4,-90,-50,7,-80,100,16,0.625,1.2247993644540336,0.0037187946505783734,0.01443742476359755,7.25,0.03804496493489795,0.6036610793620976,1.0398959327752062,-0.20722058429611045,2.913132792345998,0.17692307692307693,103804.4964934898
3,-90,-40,5,-50,50,18,0.6666666666666666,1.2141490602743858,0.0034929817738598096,0.01443742476359755,6.888888888888889,0.03986589535733143,0.6396091870342946,1.0656489528084918,-0.22093989935033786,2.894946494114606,0.2076923076923077,103986.58953573315
3,-90,-40,5,-50,100,18,0.6666666666666666,1.2141490602743858,0.0034929817738598096,0.01443742476359755,6.888888888888889,0.03986589535733143,0.6396091870342946,1.0656489528084918,-0.22093989935033786,2.894946494114606,0.2076923076923077,103986.58953573315
3,-90,-40,7,-50,0,18,0.6666666666666666,1.2141490602743858,0.0034929817738598096,0.01443742476359755,6.888888888888889,0.03986589535733143,0.6396091870342946,1.0656489528084918,-0.22093989935033786,2.894946494114606,0.2076923076923077,103986.58953573315
3,-90,-40,7,-50,50,18,0.6666666666666666,1.2141490602743858,0.0034929817738598096,0.01443742476359755,6.888888888888889,0.03986589535733143,0.6396091870342946,1.0656489528084918,-0.22093989935033786,2.894946494114606,0.2076923076923077,103986.58953573315
3,-90,-40,7,-50,100,18,0.6666666666666666,1.2141490602743858,0.0034929817738598096,0.01443742476359755,6.888888888888889,0.03986589535733143,0.6396091870342946,1.0656489528084918,-0.22093989935033786,2.894946494114606,0.2076923076923077,103986.58953573315
2,-90,-20,5,-50,50,16,0.625,1.2250645792246573,0.003944453714103124,0.015347997469798758,7.4375,0.038383028655246454,0.610279632670953,1.0421214740636249,-0.2181744374038893,2.7972096086636857,0.18846153846153846,103838.30286552465
2,-90,-20,5,-50,100,16,0.625,1.2250645792246573,0.003944453714103124,0.015347997469798758,7.4375,0.038383028655246454,0.610279632670953,1.0421214740636249,-0.2181744374038893,2.7972096086636857,0.18846153846153846,103838.30286552465
4,-85,-30,10,-50,0,17,0.6470588235294118,1.20731856301552,0.0037660169369213244,0.0109722278043487,9.470588235294118,0.038703951702598216,0.6165858751899456,1.0269329222153452,-0.22201124503685488,2.7772731741024628,0.2153846153846154,103870.39517025983
4,-85,-30,10,-50,50,17,0.6470588235294118,1.20731856301552,0.0037660169369213244,0.0109722278043487,9.470588235294118,0.038703951702598216,0.6165858751899456,1.0269329222153452,-0.22201124503685488,2.7772731741024628,0.2153846153846154,103870.39517025983
4,-85,-30,10,-50,100,17,0.6470588235294118,1.20731856301552,0.0037660169369213244,0.0109722278043487,9.470588235294118,0.038703951702598216,0.6165858751899456,1.0269329222153452,-0.22201124503685488,2.7772731741024628,0.2153846153846154,103870.39517025983
2,-90,-20,7,-80,0,15,0.6,1.225152777845074,0.0038970965349999736,0.012793373216751114,7.466666666666667,0.03626389981418621,0.5692034758387856,1.0103943035547223,-0.20722058429611045,2.746848136599283,0.16153846153846155,103626.38998141862
2,-90,-20,7,-80,50,15,0.6,1.225152777845074,0.0038970965349999736,0.012793373216751114,7.466666666666667,0.03626389981418621,0.5692034758387856,1.0103943035547223,-0.20722058429611045,2.746848136599283,0.16153846153846155,103626.38998141862
2,-90,-20,7,-80,100,15,0.6,1.225152777845074,0.0038970965349999736,0.012793373216751114,7.466666666666667,0.03626389981418621,0.5692034758387856,1.0103943035547223,-0.20722058429611045,2.746848136599283,0.16153846153846155,103626.38998141862
3,-90,-20,5,-80,0,16,0.625,1.2213355685067366,0.004186189934085205,0.01443742476359755,7.9375,0.04017198072654993,0.6457241580093047,1.0657371976482852,-0.23692996117193388,2.725379917404028,0.21923076923076923,104017.198072655
4,-90,-30,5,-80,0,16,0.625,1.2213355685067366,0.004186189934085205,0.01443742476359755,7.9375,0.04017198072654993,0.6457241580093047,1.0657371976482852,-0.23692996117193388,2.725379917404028,0.21923076923076923,104017.198072655
4,-90,-30,5,-50,0,16,0.625,1.2213355685067366,0.004186189934085205,0.01443742476359755,7.9375,0.04017198072654993,0.6457241580093047,1.0657371976482852,-0.23692996117193388,2.725379917404028,0.21923076923076923,104017.198072655
4,-90,-20,5,-80,0,16,0.625,1.2213355685067366,0.004186189934085205,0.01443742476359755,7.9375,0.04017198072654993,0.6457241580093047,1.0657371976482852,-0.23692996117193388,2.725379917404028,0.21923076923076923,104017.198072655
4,-90,-20,5,-50,0,16,0.625,1.2213355685067366,0.004186189934085205,0.01443742476359755,7.9375,0.04017198072654993,0.6457241580093047,1.0657371976482852,-0.23692996117193388,2.725379917404028,0.21923076923076923,104017.198072655
10,-90,-50,10,-80,0,14,0.6428571428571429,1.22200759057639,0.004157450648127051,0.015831358722625755,8.285714285714286,0.035888141207635504,0.562021483112213,1.0024137756782674,-0.20722058429611045,2.7121894527095116,0.17692307692307693,103588.81412076355
10,-90,-50,10,-80,50,14,0.6428571428571429,1.22200759057639,0.004157450648127051,0.015831358722625755,8.285714285714286,0.035888141207635504,0.562021483112213,1.0024137756782674,-0.20722058429611045,2.7121894527095116,0.17692307692307693,103588.81412076355
10,-90,-50,10,-80,100,14,0.6428571428571429,1.22200759057639,0.004157450648127051,0.015831358722625755,8.285714285714286,0.035888141207635504,0.562021483112213,1.0024137756782674,-0.20722058429611045,2.7121894527095116,0.17692307692307693,103588.81412076355
2,-80,-40,5,-50,0,23,0.6521739130434783,1.1867751296334212,0.002717511292518911,0.0077114264621442885,8.565217391304348,0.037350196470213204,0.590137601800752,1.0007133389371237,-0.21821921337415384,2.704333833285867,0.21923076923076923,103735.01964702131
2,-85,-30,3,-80,50,23,0.6956521739130435,1.1796907828676697,0.002741202390165152,0.010394238622021046,7.217391304347826,0.03706086718227897,0.58453692557631,0.9954252228185286,-0.22093989935033798,2.6456829540300766,0.23461538461538461,103706.0867182279
10,-90,-40,3,-50,50,16,0.625,1.218128920974952,0.0035512546901598704,0.00802874028566225,7.25,0.03513346700752362,0.5476885248196566,0.9845458051823957,-0.20722058429611034,2.6430218150385603,0.17692307692307693,103513.34670075236
10,-90,-30,3,-50,50,16,0.625,1.218128920974952,0.0035512546901598704,0.00802874028566225,7.25,0.03513346700752362,0.5476885248196566,0.9845458051823957,-0.20722058429611034,2.6430218150385603,0.17692307692307693,103513.34670075236
10,-80,-30,10,-80,50,17,0.7058823529411765,1.2042512368643108,0.00342635157301591,0.013760095722405108,11.647058823529411,0.03503333390089214,0.5457959007462803,0.9762759939880254,-0.20722058429611034,2.633888436326184,0.2230769230769231,103503.33339008922
10,-80,-30,10,-80,100,17,0.7058823529411765,1.2042512368643108,0.00342635157301591,0.013760095722405108,11.647058823529411,0.03503333390089214,0.5457959007462803,0.9762759939880254,-0.20722058429611034,2.633888436326184,0.2230769230769231,103503.33339008922
7,-85,-50,7,-80,0,15,0.6666666666666666,1.1974541748203267,0.003971000239792141,0.0179026217228464,10.333333333333334,0.0348163921042719,0.5417027751366834,0.9668735116067311,-0.20722058429611045,2.6141359314121537,0.19230769230769232,103481.63921042718
7,-85,-50,7,-80,50,15,0.6666666666666666,1.1974541748203267,0.003971000239792141,0.0179026217228464,10.333333333333334,0.0348163921042719,0.5417027751366834,0.9668735116067311,-0.20722058429611045,2.6141359314121537,0.19230769230769232,103481.63921042718
7,-85,-50,7,-80,100,15,0.6666666666666666,1.1974541748203267,0.003971000239792141,0.0179026217228464,10.333333333333334,0.0348163921042719,0.5417027751366834,0.9668735116067311,-0.20722058429611045,2.6141359314121537,0.19230769230769232,103481.63921042718
3,-85,-50,5,-100,0,19,0.6842105263157895,1.1846389461011042,0.0033420701660740416,0.0179026217228464,8.368421052631579,0.03726737325692131,0.5885324963369958,1.0017961542248641,-0.22654232110855788,2.597892055917332,0.2076923076923077,103726.73732569214
3,-85,-50,5,-100,50,19,0.6842105263157895,1.1846389461011042,0.0033420701660740416,0.0179026217228464,8.368421052631579,0.03726737325692131,0.5885324963369958,1.0017961542248641,-0.22654232110855788,2.597892055917332,0.2076923076923077,103726.73732569214
3,-85,-50,5,-100,100,19,0.6842105263157895,1.1846389461011042,0.0033420701660740416,0.0179026217228464,8.368421052631579,0.03726737325692131,0.5885324963369958,1.0017961542248641,-0.22654232110855788,2.597892055917332,0.2076923076923077,103726.73732569214
5,-80,-50,3,-80,50,20,0.65,1.19670141494279,0.0032386974040789994,0.009341827133246494,10.25,0.03806320895213822,0.6040176170819176,1.0112781477122175,-0.23276073521351848,2.5950150764381883,0.25,103806.32089521382
3,-80,-40,5,-100,0,19,0.631578947368421,1.1826872078199535,0.0033268385782760047,0.0179026217228464,8.473684210526315,0.03693049552731442,0.5820192053778119,0.9962886109963168,-0.22654232110855788,2.569141176490866,0.2153846153846154,103693.04955273143
4,-90,-30,3,-80,100,15,0.6,1.2261888657457791,0.00431457101792343,0.0109722278043487,8.4,0.03821456309247617,0.6069783048664381,1.0324899394663516,-0.236929961171934,2.5618469773266437,0.2153846153846154,103821.45630924762
4,-90,-20,3,-80,100,15,0.6,1.2261888657457791,0.00431457101792343,0.0109722278043487,8.4,0.03821456309247617,0.6069783048664381,1.0324899394663516,-0.236929961171934,2.5618469773266437,0.2153846153846154,103821.45630924762
7,-90,-20,5,-120,0,12,0.5833333333333334,1.2228937475890473,0.004869719597425863,0.013658543926865163,9.166666666666666,0.03395092617498463,0.5254728292755444,0.9663732629287347,-0.20722058429611045,2.5358138577809597,0.15384615384615385,103395.09261749846
7,-85,-50,5,-50,0,16,0.6875,1.1942605108028224,0.003662599193974818,0.012807024092495345,9.75,0.03387299403434252,0.5240191297803933,0.9505861544837407,-0.20722058429611034,2.5287986305047276,0.19615384615384615,103387.29940343424
7,-85,-50,5,-50,50,16,0.6875,1.1942605108028224,0.003662599193974818,0.012807024092495345,9.75,0.03387299403434252,0.5240191297803933,0.9505861544837407,-0.20722058429611034,2.5287986305047276,0.19615384615384615,103387.29940343424
7,-85,-50,5,-50,100,16,0.6875,1.1942605108028224,0.003662599193974818,0.012807024092495345,9.75,0.03387299403434252,0.5240191297803933,0.9505861544837407,-0.20722058429611034,2.5287986305047276,0.19615384615384615,103387.29940343424
7,-85,-40,5,-50,0,16,0.6875,1.1942605108028224,0.003662599193974818,0.012807024092495345,9.75,0.03387299403434252,0.5240191297803933,0.9505861544837407,-0.20722058429611034,2.5287986305047276,0.19615384615384615,103387.29940343424
7,-85,-30,5,-50,0,16,0.6875,1.1942605108028224,0.003662599193974818,0.012807024092495345,9.75,0.03387299403434252,0.5240191297803933,0.9505861544837407,-0.20722058429611034,2.5287986305047276,0.19615384615384615,103387.29940343424
2,-90,-20,7,-50,0,16,0.625,1.2122143464821022,0.003719242139527165,0.015347997469798758,7.625,0.034681943771373014,0.5391710981655766,0.9770955033837364,-0.2181744374038893,2.4712844666006917,0.2,103468.1943771373
2,-90,-20,7,-50,50,16,0.625,1.2122143464821022,0.003719242139527165,0.015347997469798758,7.625,0.034681943771373014,0.5391710981655766,0.9770955033837364,-0.2181744374038893,2.4712844666006917,0.2,103468.1943771373
2,-90,-20,7,-50,100,16,0.625,1.2122143464821022,0.003719242139527165,0.015347997469798758,7.625,0.034681943771373014,0.5391710981655766,0.9770955033837364,-0.2181744374038893,2.4712844666006917,0.2,103468.1943771373
5,-80,-50,7,-50,0,19,0.631578947368421,1.1968904110162744,0.003585570965301602,0.01018017457651732,9.0,0.03906341351801057,0.6236764174480753,1.0244860444693065,-0.2543142787233911,2.4523845872076526,0.25384615384615383,103906.34135180106
5,-80,-50,7,-50,50,19,0.631578947368421,1.1968904110162744,0.003585570965301602,0.01018017457651732,9.0,0.03906341351801057,0.6236764174480753,1.0244860444693065,-0.2543142787233911,2.4523845872076526,0.25384615384615383,103906.34135180106
5,-80,-50,7,-50,100,19,0.631578947368421,1.1968904110162744,0.003585570965301602,0.01018017457651732,9.0,0.03906341351801057,0.6236764174480753,1.0244860444693065,-0.2543142787233911,2.4523845872076526,0.25384615384615383,103906.34135180106
3,-90,-40,3,-80,100,18,0.6666666666666666,1.1971852450213318,0.0032162852643438655,0.012369513829526224,6.888888888888889,0.03478211201209125,0.5410569132256393,0.9789000165609646,-0.22093989935033764,2.4488872983856207,0.2076923076923077,103478.21120120912
7,-90,-40,7,-100,0,13,0.6153846153846154,1.2239317501588245,0.004232064526594295,0.0179026217228464,8.692307692307692,0.032937566312519984,0.5066694965638772,0.9500405678682704,-0.20722058429611045,2.4450731971678326,0.16538461538461538,103293.756631252
7,-90,-40,7,-100,50,13,0.6153846153846154,1.2239317501588245,0.004232064526594295,0.0179026217228464,8.692307692307692,0.032937566312519984,0.5066694965638772,0.9500405678682704,-0.20722058429611045,2.4450731971678326,0.16538461538461538,103293.756631252
7,-90,-40,7,-100,100,13,0.6153846153846154,1.2239317501588245,0.004232064526594295,0.0179026217228464,8.692307692307692,0.032937566312519984,0.5066694965638772,0.9500405678682704,-0.20722058429611045,2.4450731971678326,0.16538461538461538,103293.756631252
7,-90,-40,10,-100,0,13,0.6153846153846154,1.2239317501588245,0.004232064526594295,0.0179026217228464,8.692307692307692,0.032937566312519984,0.5066694965638772,0.9500405678682704,-0.20722058429611045,2.4450731971678326,0.16538461538461538,103293.756631252
7,-90,-40,10,-100,50,13,0.6153846153846154,1.2239317501588245,0.004232064526594295,0.0179026217228464,8.692307692307692,0.032937566312519984,0.5066694965638772,0.9500405678682704,-0.20722058429611045,2.4450731971678326,0.16538461538461538,103293.756631252
7,-90,-40,10,-100,100,13,0.6153846153846154,1.2239317501588245,0.004232064526594295,0.0179026217228464,8.692307692307692,0.032937566312519984,0.5066694965638772,0.9500405678682704,-0.20722058429611045,2.4450731971678326,0.16538461538461538,103293.756631252
7,-90,-30,7,-100,0,13,0.6153846153846154,1.2239317501588245,0.004232064526594295,0.0179026217228464,8.692307692307692,0.032937566312519984,0.5066694965638772,0.9500405678682704,-0.20722058429611045,2.4450731971678326,0.16538461538461538,103293.756631252
7,-90,-30,7,-100,50,13,0.6153846153846154,1.2239317501588245,0.004232064526594295,0.0179026217228464,8.692307692307692,0.032937566312519984,0.5066694965638772,0.9500405678682704,-0.20722058429611045,2.4450731971678326,0.16538461538461538,103293.756631252
7,-90,-30,7,-100,100,13,0.6153846153846154,1.2239317501588245,0.004232064526594295,0.0179026217228464,8.692307692307692,0.032937566312519984,0.5066694965638772,0.9500405678682704,-0.20722058429611045,2.4450731971678326,0.16538461538461538,103293.756631252
7,-90,-30,10,-100,0,13,0.6153846153846154,1.2239317501588245,0.004232064526594295,0.0179026217228464,8.692307692307692,0.032937566312519984,0.5066694965638772,0.9500405678682704,-0.20722058429611045,2.4450731971678326,0.16538461538461538,103293.756631252
7,-90,-30,10,-100,50,13,0.6153846153846154,1.2239317501588245,0.004232064526594295,0.0179026217228464,8.692307692307692,0.032937566312519984,0.5066694965638772,0.9500405678682704,-0.20722058429611045,2.4450731971678326,0.16538461538461538,103293.756631252
7,-90,-30,10,-100,100,13,0.6153846153846154,1.2239317501588245,0.004232064526594295,0.0179026217228464,8.692307692307692,0.032937566312519984,0.5066694965638772,0.9500405678682704,-0.20722058429611045,2.4450731971678326,0.16538461538461538,103293.756631252
3,-80,-30,3,-80,0,23,0.6521739130434783,1.1809705501341592,0.0025972283391395663,0.0109722278043487,8.956521739130435,0.03553106829159547,0.5552246992799532,0.9710600996058222,-0.2311106697505534,2.4024191521716785,0.25384615384615383,103553.10682915954
4,-80,-30,10,-50,0,17,0.6470588235294118,1.1932557346840995,0.0035105605566203373,0.0109722278043487,9.529411764705882,0.034238569692010445,0.530849421370635,0.9546008183178499,-0.22201124503685488,2.391092493006431,0.21923076923076923,103423.85696920105
4,-80,-30,10,-50,50,17,0.6470588235294118,1.1932557346840995,0.0035105605566203373,0.0109722278043487,9.529411764705882,0.034238569692010445,0.530849421370635,0.9546008183178499,-0.22201124503685488,2.391092493006431,0.21923076923076923,103423.85696920105
4,-80,-30,10,-50,100,17,0.6470588235294118,1.1932557346840995,0.0035105605566203373,0.0109722278043487,9.529411764705882,0.034238569692010445,0.530849421370635,0.9546008183178499,-0.22201124503685488,2.391092493006431,0.21923076923076923,103423.85696920105
4,-85,-20,3,-50,0,21,0.6666666666666666,1.1780600357343811,0.002977809730112397,0.0109722278043487,7.809523809523809,0.03525560338592015,0.5499999234780972,0.97130899280225,-0.23074533831658295,2.3835797831958647,0.22692307692307692,103525.56033859201
7,-85,-20,10,-80,0,15,0.6666666666666666,1.2019024028595742,0.0038385427170701666,0.013760095722405108,10.533333333333333,0.03221820268104225,0.4934511928885692,0.9291465941168291,-0.20722058429611045,2.381284632338677,0.20384615384615384,103221.82026810423
7,-85,-20,10,-80,50,15,0.6666666666666666,1.2019024028595742,0.0038385427170701666,0.013760095722405108,10.533333333333333,0.03221820268104225,0.4934511928885692,0.9291465941168291,-0.20722058429611045,2.381284632338677,0.20384615384615384,103221.82026810423
7,-85,-20,10,-80,100,15,0.6666666666666666,1.2019024028595742,0.0038385427170701666,0.013760095722405108,10.533333333333333,0.03221820268104225,0.4934511928885692,0.9291465941168291,-0.20722058429611045,2.381284632338677,0.20384615384615384,103221.82026810423
4,-80,-40,5,-120,50,15,0.6666666666666666,1.2019555807008369,0.0039966539335003866,0.0179026217228464,10.4,0.03353180462410754,0.5176697936121382,0.946477549845863,-0.2181744374038892,2.372733486892494,0.19615384615384615,103353.18046241075
4,-80,-40,5,-120,100,15,0.6666666666666666,1.2019555807008369,0.0039966539335003866,0.0179026217228464,10.4,0.03353180462410754,0.5176697936121382,0.946477549845863,-0.2181744374038892,2.372733486892494,0.19615384615384615,103353.18046241075
7,-85,-50,5,-100,0,15,0.6666666666666666,1.1883029455889131,0.003786959899771965,0.0179026217228464,10.2,0.03200798341893307,0.4896086291744617,0.9209068677289302,-0.20722058429611045,2.362741282858412,0.18461538461538463,103200.7983418933
7,-85,-50,5,-100,50,15,0.6666666666666666,1.1883029455889131,0.003786959899771965,0.0179026217228464,10.2,0.03200798341893307,0.4896086291744617,0.9209068677289302,-0.20722058429611045,2.362741282858412,0.18461538461538463,103200.7983418933
7,-85,-50,5,-100,100,15,0.6666666666666666,1.1883029455889131,0.003786959899771965,0.0179026217228464,10.2,0.03200798341893307,0.4896086291744617,0.9209068677289302,-0.20722058429611045,2.362741282858412,0.18461538461538463,103200.7983418933
7,-85,-40,5,-100,0,15,0.6666666666666666,1.1883029455889131,0.003786959899771965,0.0179026217228464,10.2,0.03200798341893307,0.4896086291744617,0.9209068677289302,-0.20722058429611045,2.362741282858412,0.18461538461538463,103200.7983418933
7,-85,-30,5,-100,0,15,0.6666666666666666,1.1883029455889131,0.003786959899771965,0.0179026217228464,10.2,0.03200798341893307,0.4896086291744617,0.9209068677289302,-0.20722058429611045,2.362741282858412,0.18461538461538463,103200.7983418933
4,-85,-50,5,-50,0,19,0.6842105263157895,1.184537672606594,0.003380553873072754,0.0179026217228464,8.68421052631579,0.0361425220969811,0.5668802269850399,0.9811801828013273,-0.24653414535035523,2.29939843091282,0.23076923076923078,103614.25220969811
4,-85,-50,5,-50,50,19,0.6842105263157895,1.184537672606594,0.003380553873072754,0.0179026217228464,8.68421052631579,0.0361425220969811,0.5668802269850399,0.9811801828013273,-0.24653414535035523,2.29939843091282,0.23076923076923078,103614.25220969811
4,-85,-50,5,-50,100,19,0.6842105263157895,1.184537672606594,0.003380553873072754,0.0179026217228464,8.68421052631579,0.0361425220969811,0.5668802269850399,0.9811801828013273,-0.24653414535035523,2.29939843091282,0.23076923076923078,103614.25220969811
3,-85,-50,7,-50,0,20,0.7,1.174079769687838,0.003038125428322025,0.012807024092495345,8.1,0.03423133601927075,0.5307139969336045,0.952861484764002,-0.23080774308366514,2.2993769179625265,0.21923076923076923,103423.13360192708
3,-85,-50,7,-50,50,20,0.7,1.174079769687838,0.003038125428322025,0.012807024092495345,8.1,0.03423133601927075,0.5307139969336045,0.952861484764002,-0.23080774308366514,2.2993769179625265,0.21923076923076923,103423.13360192708
3,-85,-50,7,-50,100,20,0.7,1.174079769687838,0.003038125428322025,0.012807024092495345,8.1,0.03423133601927075,0.5307139969336045,0.952861484764002,-0.23080774308366514,2.2993769179625265,0.21923076923076923,103423.13360192708
4,-80,-40,3,-50,0,22,0.6363636363636364,1.1793052019409915,0.002647697732657439,0.009341827133246494,9.363636363636363,0.03411152265728945,0.528472527953898,0.9518633221880791,-0.22988218106713898,2.298884261062206,0.25384615384615383,103411.15226572895
4,-80,-30,3,-50,0,22,0.6363636363636364,1.1793052019409915,0.002647697732657439,0.009341827133246494,9.363636363636363,0.03411152265728945,0.528472527953898,0.9518633221880791,-0.22988218106713898,2.298884261062206,0.25384615384615383,103411.15226572895
10,-90,-40,5,-120,50,13,0.6153846153846154,1.2163575566815743,0.0040889205753238825,0.0109722278043487,8.615384615384615,0.0310954251293607,0.47303344244216183,0.9184079972641277,-0.20722058429611045,2.282753154320879,0.16153846153846155,103109.54251293607
10,-90,-40,5,-120,100,13,0.6153846153846154,1.2163575566815743,0.0040889205753238825,0.0109722278043487,8.615384615384615,0.0310954251293607,0.47303344244216183,0.9184079972641277,-0.20722058429611045,2.282753154320879,0.16153846153846155,103109.54251293607
10,-90,-30,5,-120,50,13,0.6153846153846154,1.2163575566815743,0.0040889205753238825,0.0109722278043487,8.615384615384615,0.0310954251293607,0.47303344244216183,0.9184079972641277,-0.20722058429611045,2.282753154320879,0.16153846153846155,103109.54251293607
10,-90,-30,5,-120,100,13,0.6153846153846154,1.2163575566815743,0.0040889205753238825,0.0109722278043487,8.615384615384615,0.0310954251293607,0.47303344244216183,0.9184079972641277,-0.20722058429611045,2.282753154320879,0.16153846153846155,103109.54251293607
2,-80,-30,10,-50,50,19,0.6842105263157895,1.174735177915803,0.002995235168301235,0.015705448722977522,10.842105263157896,0.03176522082385391,0.4851825406457644,0.9133800771224004,-0.21546839897558678,2.251757301546279,0.25384615384615383,103176.52208238539
2,-80,-30,10,-50,100,19,0.6842105263157895,1.174735177915803,0.002995235168301235,0.015705448722977522,10.842105263157896,0.03176522082385391,0.4851825406457644,0.9133800771224004,-0.21546839897558678,2.251757301546279,0.25384615384615383,103176.52208238539
4,-90,-50,3,-50,100,17,0.6470588235294118,1.1960375923839688,0.0035583072656228693,0.0179026217228464,7.411764705882353,0.034458645349473516,0.534974822668929,0.970178820955002,-0.23762581042301112,2.2513329748001287,0.2153846153846154,103445.86453494735
3,-80,-50,5,-100,0,19,0.631578947368421,1.1710712513203965,0.0031153053643884266,0.0179026217228464,8.421052631578947,0.03280816708838907,0.504283867728468,0.9299665395601617,-0.22654232110855788,2.226002917515875,0.21153846153846154,103280.8167088389
3,-80,-50,5,-100,50,19,0.631578947368421,1.1710712513203965,0.0031153053643884266,0.0179026217228464,8.421052631578947,0.03280816708838907,0.504283867728468,0.9299665395601617,-0.22654232110855788,2.226002917515875,0.21153846153846154,103280.8167088389
3,-80,-50,5,-100,100,19,0.631578947368421,1.1710712513203965,0.0031153053643884266,0.0179026217228464,8.421052631578947,0.03280816708838907,0.504283867728468,0.9299665395601617,-0.22654232110855788,2.226002917515875,0.21153846153846154,103280.8167088389
10,-80,-20,7,-120,0,14,0.6428571428571429,1.194899393541427,0.003970073997443265,0.015731400630211168,10.857142857142858,0.03015298817896417,0.4560939827537305,0.8952775863381909,-0.20722058429611034,2.2010071263093702,0.18076923076923077,103015.29881789642
10,-80,-20,7,-100,0,14,0.6428571428571429,1.194899393541427,0.003970073997443265,0.015731400630211168,10.857142857142858,0.03015298817896417,0.4560939827537305,0.8952775863381909,-0.20722058429611034,2.2010071263093702,0.18076923076923077,103015.29881789642
10,-80,-20,10,-100,0,14,0.6428571428571429,1.194899393541427,0.003970073997443265,0.015731400630211168,10.857142857142858,0.03015298817896417,0.4560939827537305,0.8952775863381909,-0.20722058429611034,2.2010071263093702,0.18076923076923077,103015.29881789642
7,-90,-20,3,-80,50,14,0.5,1.2051770165081157,0.0038543899446843444,0.001287109719357693,8.142857142857142,0.029976541420834613,0.4529425192136136,0.893758202530051,-0.20722058429611057,2.18579887105412,0.16923076923076924,102997.65414208347
7,-90,-50,10,-80,0,14,0.6428571428571429,1.1994490254597077,0.003735005087046574,0.015831358722625755,8.357142857142858,0.029818792031483854,0.450130323486829,0.8959413243806482,-0.20722058429611034,2.1722278460696254,0.18076923076923077,102981.87920314838
7,-90,-50,10,-80,50,14,0.6428571428571429,1.1994490254597077,0.003735005087046574,0.015831358722625755,8.357142857142858,0.029818792031483854,0.450130323486829,0.8959413243806482,-0.20722058429611034,2.1722278460696254,0.18076923076923077,102981.87920314838
7,-90,-50,10,-80,100,14,0.6428571428571429,1.1994490254597077,0.003735005087046574,0.015831358722625755,8.357142857142858,0.029818792031483854,0.450130323486829,0.8959413243806482,-0.20722058429611034,2.1722278460696254,0.18076923076923077,102981.87920314838
4,-85,-50,5,-100,0,18,0.6666666666666666,1.1798015519621796,0.0034254481157969066,0.01832497937441857,9.0,0.033831433490050467,0.5232444059706265,0.9452642106304041,-0.242417394278842,2.1584441476537015,0.21923076923076923,103383.14334900505
4,-85,-50,5,-100,50,18,0.6666666666666666,1.1798015519621796,0.0034254481157969066,0.01832497937441857,9.0,0.033831433490050467,0.5232444059706265,0.9452642106304041,-0.242417394278842,2.1584441476537015,0.21923076923076923,103383.14334900505
4,-85,-50,5,-100,100,18,0.6666666666666666,1.1798015519621796,0.0034254481157969066,0.01832497937441857,9.0,0.033831433490050467,0.5232444059706265,0.9452642106304041,-0.242417394278842,2.1584441476537015,0.21923076923076923,103383.14334900505
3,-90,-30,3,-50,50,19,0.631578947368421,1.1836728032674464,0.0028538594467936453,0.0109722278043487,6.631578947368421,0.031179870310972024,0.4745600939841321,0.9191432481687895,-0.22093989935033786,2.1479148645380537,0.2153846153846154,103117.9870310972
2,-85,-30,10,-50,0,18,0.6666666666666666,1.1734708544238326,0.002965492092417791,0.01404139814968186,8.88888888888889,0.0293657373511651,0.4420815727557408,0.8770481452965062,-0.20722058429611045,2.133386382715835,0.21153846153846154,102936.5737351165
2,-85,-30,5,-100,0,19,0.6842105263157895,1.166157715389801,0.002835155013323934,0.012793373216751114,8.263157894736842,0.029505825135044628,0.444565899884962,0.8798195062274048,-0.21045495632082556,2.112404039595289,0.2,102950.58251350446
2,-85,-30,7,-50,50,20,0.7,1.1691093252802403,0.0027973116426490197,0.015347997469798758,10.2,0.0306577509139081,0.46514419766694304,0.8956388661303203,-0.22093989935033775,2.105297409090324,0.24615384615384617,103065.77509139081
2,-85,-30,7,-50,100,20,0.7,1.1691093252802403,0.0027973116426490197,0.015347997469798758,10.2,0.0306577509139081,0.46514419766694304,0.8956388661303203,-0.22093989935033775,2.105297409090324,0.24615384615384617,103065.77509139081
7,-80,-50,5,-50,0,19,0.6842105263157895,1.1753848756225327,0.0028680731495511233,0.0077114264621442885,8.631578947368421,0.029656598000896484,0.4472441205047757,0.8801952202182778,-0.21585843850369557,2.0719325295087723,0.22692307692307692,102965.65980008965
7,-80,-50,5,-50,50,19,0.6842105263157895,1.1753848756225327,0.0028680731495511233,0.0077114264621442885,8.631578947368421,0.029656598000896484,0.4472441205047757,0.8801952202182778,-0.21585843850369557,2.0719325295087723,0.22692307692307692,102965.65980008965
7,-80,-50,5,-50,100,19,0.6842105263157895,1.1753848756225327,0.0028680731495511233,0.0077114264621442885,8.631578947368421,0.029656598000896484,0.4472441205047757,0.8801952202182778,-0.21585843850369557,2.0719325295087723,0.22692307692307692,102965.65980008965
2,-85,-40,5,-50,50,22,0.6818181818181818,1.1627226909019752,0.002549615805152374,0.010252399839447701,7.181818181818182,0.030150920501297307,0.4560570161485191,0.8864001651552269,-0.22093989935033798,2.0641677555277727,0.20384615384615384,103015.09205012972
2,-85,-40,5,-50,100,22,0.6818181818181818,1.1627226909019752,0.002549615805152374,0.010252399839447701,7.181818181818182,0.030150920501297307,0.4560570161485191,0.8864001651552269,-0.22093989935033798,2.0641677555277727,0.20384615384615384,103015.09205012972
2,-90,-30,3,-80,100,18,0.6666666666666666,1.1806719053815882,0.0026974875506865317,0.011882800510549907,6.611111111111111,0.02770349412304851,0.4129020365946581,0.8583684118277878,-0.201791355322963,2.046182979116309,0.18846153846153846,102770.34941230486
2,-85,-20,3,-80,0,23,0.6956521739130435,1.1589666844885438,0.0025390045426289505,0.010394238622021046,7.173913043478261,0.03014334338768454,0.4559215574652882,0.8849575289393534,-0.22291810863095107,2.045242354985537,0.23076923076923078,103014.33433876846
10,-90,-20,3,-50,0,16,0.625,1.1883543873869773,0.003260595284326581,0.00802874028566225,7.1875,0.028228799581337283,0.4220641066518702,0.8646273193849005,-0.20722058429611045,2.036786587034985,0.17307692307692307,102822.87995813374
7,-80,-20,10,-100,0,14,0.6428571428571429,1.1881635468962275,0.0038328657222867412,0.017728061631678838,10.928571428571429,0.028152157443553927,0.42072395910048876,0.8611148552136183,-0.20722058429611034,2.0303193359366762,0.18461538461538463,102815.2157443554
7,-80,-20,10,-100,50,14,0.6428571428571429,1.1881635468962275,0.0038328657222867412,0.017728061631678838,10.928571428571429,0.028152157443553927,0.42072395910048876,0.8611148552136183,-0.20722058429611034,2.0303193359366762,0.18461538461538463,102815.2157443554
7,-80,-20,10,-100,100,14,0.6428571428571429,1.1881635468962275,0.0038328657222867412,0.017728061631678838,10.928571428571429,0.028152157443553927,0.42072395910048876,0.8611148552136183,-0.20722058429611034,2.0303193359366762,0.18461538461538463,102815.2157443554
3,-85,-40,7,-80,0,17,0.6470588235294118,1.1743770879723807,0.0032652057983991734,0.0179026217228464,9.117647058823529,0.029751871991890777,0.4489388560549745,0.8819881049716515,-0.22201124503685477,2.0221446710073123,0.19230769230769232,102975.18719918908
3,-85,-40,7,-80,50,17,0.6470588235294118,1.1743770879723807,0.0032652057983991734,0.0179026217228464,9.117647058823529,0.029751871991890777,0.4489388560549745,0.8819881049716515,-0.22201124503685477,2.0221446710073123,0.19230769230769232,102975.18719918908
3,-85,-40,7,-80,100,17,0.6470588235294118,1.1743770879723807,0.0032652057983991734,0.0179026217228464,9.117647058823529,0.029751871991890777,0.4489388560549745,0.8819881049716515,-0.22201124503685477,2.0221446710073123,0.19230769230769232,102975.18719918908
3,-80,-40,7,-80,0,17,0.6470588235294118,1.1743770879723807,0.0032652057983991734,0.0179026217228464,9.117647058823529,0.029751871991890777,0.4489388560549745,0.8819881049716515,-0.22201124503685477,2.0221446710073123,0.19230769230769232,102975.18719918908
3,-80,-40,7,-80,50,17,0.6470588235294118,1.1743770879723807,0.0032652057983991734,0.0179026217228464,9.117647058823529,0.029751871991890777,0.4489388560549745,0.8819881049716515,-0.22201124503685477,2.0221446710073123,0.19230769230769232,102975.18719918908
3,-80,-40,7,-80,100,17,0.6470588235294118,1.1743770879723807,0.0032652057983991734,0.0179026217228464,9.117647058823529,0.029751871991890777,0.4489388560549745,0.8819881049716515,-0.22201124503685477,2.0221446710073123,0.19230769230769232,102975.18719918908
4,-90,-40,10,-50,0,15,0.6,1.1951659212892671,0.0033476972989823365,0.0109722278043487,7.866666666666666,0.028031048478037945,0.418608645286745,0.8650207660745003,-0.20722058429611045,2.0201113065513265,0.18461538461538463,102803.10484780378
4,-90,-40,10,-50,50,15,0.6,1.1951659212892671,0.0033476972989823365,0.0109722278043487,7.866666666666666,0.028031048478037945,0.418608645286745,0.8650207660745003,-0.20722058429611045,2.0201113065513265,0.18461538461538463,102803.10484780378
4,-90,-40,10,-50,100,15,0.6,1.1951659212892671,0.0033476972989823365,0.0109722278043487,7.866666666666666,0.028031048478037945,0.418608645286745,0.8650207660745003,-0.20722058429611045,2.0201113065513265,0.18461538461538463,102803.10484780378
5,-90,-50,10,-50,0,15,0.6,1.190090951533727,0.0033593307784778167,0.0109722278043487,7.866666666666666,0.02801651191940624,0.41835494185765487,0.8652029660257019,-0.20722058429611034,2.0188869907819655,0.18461538461538463,102801.65119194062
5,-90,-50,10,-50,50,15,0.6,1.190090951533727,0.0033593307784778167,0.0109722278043487,7.866666666666666,0.02801651191940624,0.41835494185765487,0.8652029660257019,-0.20722058429611034,2.0188869907819655,0.18461538461538463,102801.65119194062
5,-90,-50,10,-50,100,15,0.6,1.190090951533727,0.0033593307784778167,0.0109722278043487,7.866666666666666,0.02801651191940624,0.41835494185765487,0.8652029660257019,-0.20722058429611034,2.0188869907819655,0.18461538461538463,102801.65119194062
2,-85,-30,7,-80,50,17,0.6470588235294118,1.1734272770599206,0.0030461519526116566,0.0179026217228464,11.235294117647058,0.027970596839268946,0.4175538702505672,0.8544394202468385,-0.20722058429611034,2.015021199119382,0.19615384615384615,102797.05968392688
2,-85,-30,7,-80,100,17,0.6470588235294118,1.1734272770599206,0.0030461519526116566,0.0179026217228464,11.235294117647058,0.027970596839268946,0.4175538702505672,0.8544394202468385,-0.20722058429611034,2.015021199119382,0.19615384615384615,102797.05968392688
5,-85,-50,10,-50,0,18,0.6666666666666666,1.1716419595456486,0.0030757741047830467,0.01057620119043301,9.055555555555555,0.029538847712048177,0.4451520984870434,0.8786288638510955,-0.22201124503685454,2.005088068458635,0.2230769230769231,102953.88477120482
5,-85,-50,10,-50,50,18,0.6666666666666666,1.1716419595456486,0.0030757741047830467,0.01057620119043301,9.055555555555555,0.029538847712048177,0.4451520984870434,0.8786288638510955,-0.22201124503685454,2.005088068458635,0.2230769230769231,102953.88477120482
5,-85,-50,10,-50,100,18,0.6666666666666666,1.1716419595456486,0.0030757741047830467,0.01057620119043301,9.055555555555555,0.029538847712048177,0.4451520984870434,0.8786288638510955,-0.22201124503685454,2.005088068458635,0.2230769230769231,102953.88477120482
10,-80,-50,3,-80,100,18,0.6666666666666666,1.168000694406543,0.0029019712729037336,0.008912207764322999,9.0,0.027373338701496275,0.40717151253856,0.8432177791253794,-0.2046032484226814,1.9900539980548166,0.21923076923076923,102737.33387014962
5,-85,-20,3,-50,50,19,0.631578947368421,1.177422444856881,0.0031610324835973486,0.0077114264621442885,8.789473684210526,0.03051299524876483,0.4625434970415234,0.8931170082702496,-0.23276073521351826,1.9872058602032627,0.23846153846153847,103051.2995248765
2,-80,-50,3,-50,0,27,0.7037037037037037,1.1543690266730233,0.0020051162464333906,0.0077114264621442885,7.555555555555555,0.02880023458598946,0.43209285247933993,0.8630683827245134,-0.21814089955153226,1.9807970599170697,0.24615384615384617,102880.02345859895
2,-80,-50,3,-50,50,27,0.7037037037037037,1.1543690266730233,0.0020051162464333906,0.0077114264621442885,7.555555555555555,0.02880023458598946,0.43209285247933993,0.8630683827245134,-0.21814089955153226,1.9807970599170697,0.24615384615384617,102880.02345859895
2,-80,-50,3,-50,100,27,0.7037037037037037,1.1543690266730233,0.0020051162464333906,0.0077114264621442885,7.555555555555555,0.02880023458598946,0.43209285247933993,0.8630683827245134,-0.21814089955153226,1.9807970599170697,0.24615384615384617,102880.02345859895
5,-80,-20,3,-80,0,21,0.6666666666666666,1.1704581826623988,0.002578240504258002,0.0068483475549463435,9.666666666666666,0.02849822557001591,0.4267844754547696,0.8608214073994767,-0.216683307649027,1.9696232261049578,0.2423076923076923,102849.8225570016
4,-80,-20,3,-80,50,18,0.5555555555555556,1.184526239851851,0.003280907522381804,0.009341827133246494,11.38888888888889,0.030430463548901443,0.4610626245440095,0.8891588872689309,-0.23692996117193388,1.945987000814255,0.25,103043.04635489015
3,-80,-20,7,-120,0,14,0.6428571428571429,1.183047133041972,0.0037286450716533643,0.01404139814968186,10.928571428571429,0.026717649773815966,0.39585410322650083,0.8369527408792525,-0.20722058429611034,1.9103029970267835,0.18461538461538463,102671.7649773816
3,-80,-20,7,-120,50,14,0.6428571428571429,1.183047133041972,0.0037286450716533643,0.01404139814968186,10.928571428571429,0.026717649773815966,0.39585410322650083,0.8369527408792525,-0.20722058429611034,1.9103029970267835,0.18461538461538463,102671.7649773816
3,-80,-20,7,-120,100,14,0.6428571428571429,1.183047133041972,0.0037286450716533643,0.01404139814968186,10.928571428571429,0.026717649773815966,0.39585410322650083,0.8369527408792525,-0.20722058429611034,1.9103029970267835,0.18461538461538463,102671.7649773816
4,-85,-20,7,-120,0,14,0.6428571428571429,1.183047133041972,0.0037286450716533643,0.01404139814968186,10.928571428571429,0.026717649773815966,0.39585410322650083,0.8369527408792525,-0.20722058429611034,1.9103029970267835,0.18461538461538463,102671.7649773816
4,-85,-20,7,-120,50,14,0.6428571428571429,1.183047133041972,0.0037286450716533643,0.01404139814968186,10.928571428571429,0.026717649773815966,0.39585410322650083,0.8369527408792525,-0.20722058429611034,1.9103029970267835,0.18461538461538463,102671.7649773816
4,-85,-20,7,-120,100,14,0.6428571428571429,1.183047133041972,0.0037286450716533643,0.01404139814968186,10.928571428571429,0.026717649773815966,0.39585410322650083,0.8369527408792525,-0.20722058429611034,1.9103029970267835,0.18461538461538463,102671.7649773816
4,-80,-20,7,-120,0,14,0.6428571428571429,1.183047133041972,0.0037286450716533643,0.01404139814968186,10.928571428571429,0.026717649773815966,0.39585410322650083,0.8369527408792525,-0.20722058429611034,1.9103029970267835,0.18461538461538463,102671.7649773816
4,-80,-20,7,-120,50,14,0.6428571428571429,1.183047133041972,0.0037286450716533643,0.01404139814968186,10.928571428571429,0.026717649773815966,0.39585410322650083,0.8369527408792525,-0.20722058429611034,1.9103029970267835,0.18461538461538463,102671.7649773816
4,-80,-20,7,-120,100,14,0.6428571428571429,1.183047133041972,0.0037286450716533643,0.01404139814968186,10.928571428571429,0.026717649773815966,0.39585410322650083,0.8369527408792525,-0.20722058429611034,1.9103029970267835,0.18461538461538463,102671.7649773816
5,-85,-20,7,-120,0,14,0.6428571428571429,1.183047133041972,0.0037286450716533643,0.01404139814968186,10.928571428571429,0.026717649773815966,0.39585410322650083,0.8369527408792525,-0.20722058429611034,1.9103029970267835,0.18461538461538463,102671.7649773816
5,-85,-20,7,-120,50,14,0.6428571428571429,1.183047133041972,0.0037286450716533643,0.01404139814968186,10.928571428571429,0.026717649773815966,0.39585410322650083,0.8369527408792525,-0.20722058429611034,1.9103029970267835,0.18461538461538463,102671.7649773816
5,-85,-20,7,-120,100,14,0.6428571428571429,1.183047133041972,0.0037286450716533643,0.01404139814968186,10.928571428571429,0.026717649773815966,0.39585410322650083,0.8369527408792525,-0.20722058429611034,1.9103029970267835,0.18461538461538463,102671.7649773816
5,-80,-20,7,-120,0,14,0.6428571428571429,1.183047133041972,0.0037286450716533643,0.01404139814968186,10.928571428571429,0.026717649773815966,0.39585410322650083,0.8369527408792525,-0.20722058429611034,1.9103029970267835,0.18461538461538463,102671.7649773816
5,-80,-20,7,-120,50,14,0.6428571428571429,1.183047133041972,0.0037286450716533643,0.01404139814968186,10.928571428571429,0.026717649773815966,0.39585410322650083,0.8369527408792525,-0.20722058429611034,1.9103029970267835,0.18461538461538463,102671.7649773816
5,-80,-20,7,-120,100,14,0.6428571428571429,1.183047133041972,0.0037286450716533643,0.01404139814968186,10.928571428571429,0.026717649773815966,0.39585410322650083,0.8369527408792525,-0.20722058429611034,1.9103029970267835,0.18461538461538463,102671.7649773816
2,-85,-40,3,-50,50,24,0.7083333333333334,1.1532310903092424,0.0022342518243188884,0.009873802180358049,6.833333333333333,0.027821770135378232,0.41496018247139044,0.8483954838240881,-0.22093989935033775,1.8781586471776226,0.22692307692307692,102782.17701353783
2,-85,-40,3,-50,100,24,0.7083333333333334,1.1532310903092424,0.0022342518243188884,0.009873802180358049,6.833333333333333,0.027821770135378232,0.41496018247139044,0.8483954838240881,-0.22093989935033775,1.8781586471776226,0.22692307692307692,102782.17701353783
2,-80,-40,5,-80,0,20,0.65,1.1621795241725212,0.002640276606569064,0.012884415532524729,9.55,0.027582500182965042,0.4107994485620654,0.8460034925053808,-0.22093989935033786,1.8593266755800992,0.19615384615384615,102758.2500182965
4,-80,-40,7,-50,0,18,0.6111111111111112,1.1775316327138532,0.0033594656091195324,0.009341827133246494,9.277777777777779,0.031039682257894663,0.47202648649920764,0.8980379292897008,-0.25419449515454984,1.8569500736521312,0.23846153846153847,103103.96822578947
4,-80,-40,7,-50,50,18,0.6111111111111112,1.1775316327138532,0.0033594656091195324,0.009341827133246494,9.277777777777779,0.031039682257894663,0.47202648649920764,0.8980379292897008,-0.25419449515454984,1.8569500736521312,0.23846153846153847,103103.96822578947
4,-80,-40,7,-50,100,18,0.6111111111111112,1.1775316327138532,0.0033594656091195324,0.009341827133246494,9.277777777777779,0.031039682257894663,0.47202648649920764,0.8980379292897008,-0.25419449515454984,1.8569500736521312,0.23846153846153847,103103.96822578947
7,-85,-50,5,-80,0,15,0.6666666666666666,1.168697625604742,0.003392677376096853,0.0179026217228464,10.266666666666667,0.025961368389009642,0.38290456734925504,0.82086652467202,-0.20722058429611034,1.8478114452283319,0.18846153846153846,102596.13683890096
7,-85,-50,5,-80,50,15,0.6666666666666666,1.168697625604742,0.003392677376096853,0.0179026217228464,10.266666666666667,0.025961368389009642,0.38290456734925504,0.82086652467202,-0.20722058429611034,1.8478114452283319,0.18846153846153846,102596.13683890096
7,-85,-50,5,-80,100,15,0.6666666666666666,1.168697625604742,0.003392677376096853,0.0179026217228464,10.266666666666667,0.025961368389009642,0.38290456734925504,0.82086652467202,-0.20722058429611034,1.8478114452283319,0.18846153846153846,102596.13683890096
7,-85,-40,5,-80,0,15,0.6666666666666666,1.168697625604742,0.003392677376096853,0.0179026217228464,10.266666666666667,0.025961368389009642,0.38290456734925504,0.82086652467202,-0.20722058429611034,1.8478114452283319,0.18846153846153846,102596.13683890096
7,-85,-30,5,-80,0,15,0.6666666666666666,1.168697625604742,0.003392677376096853,0.0179026217228464,10.266666666666667,0.025961368389009642,0.38290456734925504,0.82086652467202,-0.20722058429611034,1.8478114452283319,0.18846153846153846,102596.13683890096
4,-85,-20,3,-80,50,18,0.6111111111111112,1.17064949719353,0.0032838437244421754,0.009341827133246494,9.11111111111111,0.028901123646641436,0.43387021655400115,0.8660238151153489,-0.236929961171934,1.831217185061507,0.22692307692307692,102890.11236466415
5,-80,-50,10,-50,0,18,0.6666666666666666,1.1617614372446978,0.002923370963619967,0.01057620119043301,9.11111111111111,0.026706313528352732,0.3956591751301639,0.8322578762169672,-0.22330673960196323,1.771819228722846,0.22692307692307692,102670.63135283528
5,-80,-50,10,-50,50,18,0.6666666666666666,1.1617614372446978,0.002923370963619967,0.01057620119043301,9.11111111111111,0.026706313528352732,0.3956591751301639,0.8322578762169672,-0.22330673960196323,1.771819228722846,0.22692307692307692,102670.63135283528
5,-80,-50,10,-50,100,18,0.6666666666666666,1.1617614372446978,0.002923370963619967,0.01057620119043301,9.11111111111111,0.026706313528352732,0.3956591751301639,0.8322578762169672,-0.22330673960196323,1.771819228722846,0.22692307692307692,102670.63135283528
10,-80,-40,10,-80,0,17,0.7058823529411765,1.1693825028664835,0.002841422231011986,0.013560179537575934,9.352941176470589,0.024977522242261463,0.36622409414059787,0.8079171623174248,-0.20722058429611034,1.767315227802261,0.2076923076923077,102497.75222422615
10,-80,-40,10,-80,50,17,0.7058823529411765,1.1693825028664835,0.002841422231011986,0.013560179537575934,9.352941176470589,0.024977522242261463,0.36622409414059787,0.8079171623174248,-0.20722058429611034,1.767315227802261,0.2076923076923077,102497.75222422615
10,-80,-40,10,-80,100,17,0.7058823529411765,1.1693825028664835,0.002841422231011986,0.013560179537575934,9.352941176470589,0.024977522242261463,0.36622409414059787,0.8079171623174248,-0.20722058429611034,1.767315227802261,0.2076923076923077,102497.75222422615
10,-80,-30,10,-80,0,17,0.7058823529411765,1.1693825028664835,0.002841422231011986,0.013560179537575934,9.352941176470589,0.024977522242261463,0.36622409414059787,0.8079171623174248,-0.20722058429611034,1.767315227802261,0.2076923076923077,102497.75222422615
2,-80,-50,5,-50,0,23,0.6521739130434783,1.1502991228890067,0.002256141868316536,0.0077114264621442885,8.478260869565217,0.02599865174235272,0.38354035519539,0.8188785361058323,-0.21821921337415406,1.7575920528032505,0.21153846153846154,102599.86517423527
2,-80,-50,5,-50,50,23,0.6521739130434783,1.1502991228890067,0.002256141868316536,0.0077114264621442885,8.478260869565217,0.02599865174235272,0.38354035519539,0.8188785361058323,-0.21821921337415406,1.7575920528032505,0.21153846153846154,102599.86517423527
2,-80,-50,5,-50,100,23,0.6521739130434783,1.1502991228890067,0.002256141868316536,0.0077114264621442885,8.478260869565217,0.02599865174235272,0.38354035519539,0.8188785361058323,-0.21821921337415406,1.7575920528032505,0.21153846153846154,102599.86517423527
4,-85,-50,7,-80,0,17,0.6470588235294118,1.1604134950856944,0.0030398827875918514,0.0179026217228464,9.117647058823529,0.02640729630587657,0.3905265809209497,0.8273382792050021,-0.2247937951869421,1.7372658377700398,0.19230769230769232,102640.72963058767
4,-85,-50,7,-80,50,17,0.6470588235294118,1.1604134950856944,0.0030398827875918514,0.0179026217228464,9.117647058823529,0.02640729630587657,0.3905265809209497,0.8273382792050021,-0.2247937951869421,1.7372658377700398,0.19230769230769232,102640.72963058767
4,-85,-50,7,-80,100,17,0.6470588235294118,1.1604134950856944,0.0030398827875918514,0.0179026217228464,9.117647058823529,0.02640729630587657,0.3905265809209497,0.8273382792050021,-0.2247937951869421,1.7372658377700398,0.19230769230769232,102640.72963058767
4,-80,-50,7,-80,0,17,0.6470588235294118,1.1604134950856944,0.0030398827875918514,0.0179026217228464,9.117647058823529,0.02640729630587657,0.3905265809209497,0.8273382792050021,-0.2247937951869421,1.7372658377700398,0.19230769230769232,102640.72963058767
4,-80,-50,7,-80,50,17,0.6470588235294118,1.1604134950856944,0.0030398827875918514,0.0179026217228464,9.117647058823529,0.02640729630587657,0.3905265809209497,0.8273382792050021,-0.2247937951869421,1.7372658377700398,0.19230769230769232,102640.72963058767
4,-80,-50,7,-80,100,17,0.6470588235294118,1.1604134950856944,0.0030398827875918514,0.0179026217228464,9.117647058823529,0.02640729630587657,0.3905265809209497,0.8273382792050021,-0.2247937951869421,1.7372658377700398,0.19230769230769232,102640.72963058767
4,-85,-50,5,-80,0,18,0.6666666666666666,1.1623823387824368,0.0031399498403465575,0.01832497937441857,9.055555555555555,0.028213529080098,0.42179699719326114,0.8550447279008364,-0.24653414535035523,1.7109070088195528,0.2230769230769231,102821.3529080098
4,-85,-50,5,-80,50,18,0.6666666666666666,1.1623823387824368,0.0031399498403465575,0.01832497937441857,9.055555555555555,0.028213529080098,0.42179699719326114,0.8550447279008364,-0.24653414535035523,1.7109070088195528,0.2230769230769231,102821.3529080098
4,-85,-50,5,-80,100,18,0.6666666666666666,1.1623823387824368,0.0031399498403465575,0.01832497937441857,9.055555555555555,0.028213529080098,0.42179699719326114,0.8550447279008364,-0.24653414535035523,1.7109070088195528,0.2230769230769231,102821.3529080098
10,-85,-20,3,-50,50,18,0.6666666666666666,1.1637222847520592,0.002728530464071054,0.006398339614560045,8.777777777777779,0.023935567694592264,0.3487606137015826,0.7881028868434513,-0.2044519868070156,1.7058313746336027,0.20384615384615384,102393.55676945922
3,-80,-20,5,-120,50,14,0.6428571428571429,1.1796392248611003,0.003808948334936129,0.01443742476359755,11.071428571428571,0.025262108581219467,0.3710299220126225,0.81085633872224,-0.2181744374038893,1.7006113384665857,0.19230769230769232,102526.21085812194
3,-80,-20,5,-120,100,14,0.6428571428571429,1.1796392248611003,0.003808948334936129,0.01443742476359755,11.071428571428571,0.025262108581219467,0.3710299220126225,0.81085633872224,-0.2181744374038893,1.7006113384665857,0.19230769230769232,102526.21085812194
4,-85,-20,5,-120,50,14,0.6428571428571429,1.1796392248611003,0.003808948334936129,0.01443742476359755,11.071428571428571,0.025262108581219467,0.3710299220126225,0.81085633872224,-0.2181744374038893,1.7006113384665857,0.19230769230769232,102526.21085812194
4,-85,-20,5,-120,100,14,0.6428571428571429,1.1796392248611003,0.003808948334936129,0.01443742476359755,11.071428571428571,0.025262108581219467,0.3710299220126225,0.81085633872224,-0.2181744374038893,1.7006113384665857,0.19230769230769232,102526.21085812194
2,-90,-30,5,-50,50,17,0.6470588235294118,1.164400647728032,0.0025989380791146773,0.012793373216751114,6.882352941176471,0.02318230261694265,0.3362639449249476,0.7803293079226843,-0.20179135532296288,1.6663942039874013,0.18076923076923077,102318.23026169428
2,-90,-30,5,-50,100,17,0.6470588235294118,1.164400647728032,0.0025989380791146773,0.012793373216751114,6.882352941176471,0.02318230261694265,0.3362639449249476,0.7803293079226843,-0.20179135532296288,1.6663942039874013,0.18076923076923077,102318.23026169428
7,-85,-50,3,-80,100,15,0.6666666666666666,1.160870837588911,0.0032352728688690435,0.013760095722405108,10.333333333333334,0.023606408295525405,0.34328667832298376,0.7816590406088781,-0.20722058429611045,1.6566244105963912,0.19230769230769232,102360.64082955253
3,-90,-30,5,-80,0,17,0.6470588235294118,1.1651507427112902,0.002826454521450753,0.0109722278043487,7.352941176470588,0.02494506649989847,0.36567699859194325,0.8092493647548596,-0.22093989935033786,1.6550971538739594,0.21153846153846154,102494.50664998985
7,-80,-30,7,-120,50,15,0.6666666666666666,1.1645477490404974,0.0031283608057353974,0.0179026217228464,12.866666666666667,0.023433272857465104,0.3404156464393875,0.7809947556916009,-0.20722058429611045,1.6427694555331736,0.20384615384615384,102343.3272857465
7,-80,-30,7,-120,100,15,0.6666666666666666,1.1645477490404974,0.0031283608057353974,0.0179026217228464,12.866666666666667,0.023433272857465104,0.3404156464393875,0.7809947556916009,-0.20722058429611045,1.6427694555331736,0.20384615384615384,102343.3272857465
3,-90,-50,3,-50,100,19,0.6842105263157895,1.1560782723520018,0.0025472349054986034,0.006953096740484721,6.473684210526316,0.024730678659094618,0.36206819982601535,0.8050276402693705,-0.22093989935033786,1.6387633057254838,0.20384615384615384,102473.06786590947
4,-85,-40,10,-50,0,17,0.6470588235294118,1.1591783266335132,0.0029473046427462846,0.0109722278043487,9.352941176470589,0.024344355827301767,0.35558737564017373,0.7934136737795062,-0.22201124503685454,1.601663805728152,0.2076923076923077,102434.43558273018
4,-85,-40,10,-50,50,17,0.6470588235294118,1.1591783266335132,0.0029473046427462846,0.0109722278043487,9.352941176470589,0.024344355827301767,0.35558737564017373,0.7934136737795062,-0.22201124503685454,1.601663805728152,0.2076923076923077,102434.43558273018
4,-85,-40,10,-50,100,17,0.6470588235294118,1.1591783266335132,0.0029473046427462846,0.0109722278043487,9.352941176470589,0.024344355827301767,0.35558737564017373,0.7934136737795062,-0.22201124503685454,1.601663805728152,0.2076923076923077,102434.43558273018
4,-90,-40,5,-80,0,16,0.625,1.1719577874511262,0.003316308121524225,0.01443742476359755,7.8125,0.02579209003723726,0.38002126990087937,0.8215778872044308,-0.23762581042301112,1.59924239384763,0.21153846153846154,102579.20900372374
4,-90,-40,5,-50,0,16,0.625,1.1719577874511262,0.003316308121524225,0.01443742476359755,7.8125,0.02579209003723726,0.38002126990087937,0.8215778872044308,-0.23762581042301112,1.59924239384763,0.21153846153846154,102579.20900372374
3,-90,-40,5,-100,0,17,0.6470588235294118,1.1535583340192401,0.002592124220872196,0.0109722278043487,7.0588235294117645,0.021797077138161702,0.31356099508250246,0.7545647903195614,-0.20251924773039476,1.5483021915029669,0.19230769230769232,102179.70771381617
2,-80,-30,5,-100,50,19,0.6842105263157895,1.1474809564506057,0.002528055041260273,0.012793373216751114,8.421052631578947,0.02288582605897882,0.3313747098685287,0.7697436390977972,-0.216683307649027,1.529304280352196,0.21153846153846154,102288.58260589789
2,-80,-30,5,-100,100,19,0.6842105263157895,1.1474809564506057,0.002528055041260273,0.012793373216751114,8.421052631578947,0.02288582605897882,0.3313747098685287,0.7697436390977972,-0.216683307649027,1.529304280352196,0.21153846153846154,102288.58260589789
7,-90,-50,7,-120,0,13,0.6153846153846154,1.1695227188195692,0.0034187856424133544,0.0179026217228464,8.538461538461538,0.021827694321960633,0.31405892790288736,0.755111314700649,-0.20722058429611045,1.5155778513495017,0.1576923076923077,102182.76943219607
7,-90,-50,7,-120,50,13,0.6153846153846154,1.1695227188195692,0.0034187856424133544,0.0179026217228464,8.538461538461538,0.021827694321960633,0.31405892790288736,0.755111314700649,-0.20722058429611045,1.5155778513495017,0.1576923076923077,102182.76943219607
7,-90,-50,7,-120,100,13,0.6153846153846154,1.1695227188195692,0.0034187856424133544,0.0179026217228464,8.538461538461538,0.021827694321960633,0.31405892790288736,0.755111314700649,-0.20722058429611045,1.5155778513495017,0.1576923076923077,102182.76943219607
10,-90,-50,7,-120,0,13,0.6153846153846154,1.1695227188195692,0.0034187856424133544,0.0179026217228464,8.538461538461538,0.021827694321960633,0.31405892790288736,0.755111314700649,-0.20722058429611045,1.5155778513495017,0.1576923076923077,102182.76943219607
10,-90,-50,7,-120,50,13,0.6153846153846154,1.1695227188195692,0.0034187856424133544,0.0179026217228464,8.538461538461538,0.021827694321960633,0.31405892790288736,0.755111314700649,-0.20722058429611045,1.5155778513495017,0.1576923076923077,102182.76943219607
10,-90,-50,7,-120,100,13,0.6153846153846154,1.1695227188195692,0.0034187856424133544,0.0179026217228464,8.538461538461538,0.021827694321960633,0.31405892790288736,0.755111314700649,-0.20722058429611045,1.5155778513495017,0.1576923076923077,102182.76943219607
10,-90,-50,7,-100,0,13,0.6153846153846154,1.1695227188195692,0.0034187856424133544,0.0179026217228464,8.538461538461538,0.021827694321960633,0.31405892790288736,0.755111314700649,-0.20722058429611045,1.5155778513495017,0.1576923076923077,102182.76943219607
10,-90,-50,7,-100,50,13,0.6153846153846154,1.1695227188195692,0.0034187856424133544,0.0179026217228464,8.538461538461538,0.021827694321960633,0.31405892790288736,0.755111314700649,-0.20722058429611045,1.5155778513495017,0.1576923076923077,102182.76943219607
10,-90,-50,7,-100,100,13,0.6153846153846154,1.1695227188195692,0.0034187856424133544,0.0179026217228464,8.538461538461538,0.021827694321960633,0.31405892790288736,0.755111314700649,-0.20722058429611045,1.5155778513495017,0.1576923076923077,102182.76943219607
10,-90,-50,10,-100,0,13,0.6153846153846154,1.1695227188195692,0.0034187856424133544,0.0179026217228464,8.538461538461538,0.021827694321960633,0.31405892790288736,0.755111314700649,-0.20722058429611045,1.5155778513495017,0.1576923076923077,102182.76943219607
10,-90,-50,10,-100,50,13,0.6153846153846154,1.1695227188195692,0.0034187856424133544,0.0179026217228464,8.538461538461538,0.021827694321960633,0.31405892790288736,0.755111314700649,-0.20722058429611045,1.5155778513495017,0.1576923076923077,102182.76943219607
10,-90,-50,10,-100,100,13,0.6153846153846154,1.1695227188195692,0.0034187856424133544,0.0179026217228464,8.538461538461538,0.021827694321960633,0.31405892790288736,0.755111314700649,-0.20722058429611045,1.5155778513495017,0.1576923076923077,102182.76943219607
4,-80,-30,5,-120,0,15,0.6666666666666666,1.15800945488207,0.0033006423521204048,0.0179026217228464,10.4,0.02255050745475451,0.32586478226741056,0.76488898310852,-0.2181744374038893,1.493597444984641,0.19615384615384615,102255.05074547544
5,-80,-50,5,-120,0,15,0.6666666666666666,1.15800945488207,0.0033006423521204048,0.0179026217228464,10.4,0.02255050745475451,0.32586478226741056,0.76488898310852,-0.2181744374038893,1.493597444984641,0.19615384615384615,102255.05074547544
5,-80,-50,5,-120,50,15,0.6666666666666666,1.15800945488207,0.0033006423521204048,0.0179026217228464,10.4,0.02255050745475451,0.32586478226741056,0.76488898310852,-0.2181744374038893,1.493597444984641,0.19615384615384615,102255.05074547544
5,-80,-50,5,-120,100,15,0.6666666666666666,1.15800945488207,0.0033006423521204048,0.0179026217228464,10.4,0.02255050745475451,0.32586478226741056,0.76488898310852,-0.2181744374038893,1.493597444984641,0.19615384615384615,102255.05074547544
5,-80,-40,5,-120,0,15,0.6666666666666666,1.15800945488207,0.0033006423521204048,0.0179026217228464,10.4,0.02255050745475451,0.32586478226741056,0.76488898310852,-0.2181744374038893,1.493597444984641,0.19615384615384615,102255.05074547544
5,-80,-30,5,-120,0,15,0.6666666666666666,1.15800945488207,0.0033006423521204048,0.0179026217228464,10.4,0.02255050745475451,0.32586478226741056,0.76488898310852,-0.2181744374038893,1.493597444984641,0.19615384615384615,102255.05074547544
3,-80,-50,7,-50,0,22,0.6818181818181818,1.1451603434025195,0.002362763779047448,0.007332261601314505,7.590909090909091,0.025193467605899578,0.36986935489721207,0.8063602744679383,-0.24855409237126924,1.4880839473153082,0.23846153846153847,102519.34676058996
3,-80,-50,7,-50,50,22,0.6818181818181818,1.1451603434025195,0.002362763779047448,0.007332261601314505,7.590909090909091,0.025193467605899578,0.36986935489721207,0.8063602744679383,-0.24855409237126924,1.4880839473153082,0.23846153846153847,102519.34676058996
3,-80,-50,7,-50,100,22,0.6818181818181818,1.1451603434025195,0.002362763779047448,0.007332261601314505,7.590909090909091,0.025193467605899578,0.36986935489721207,0.8063602744679383,-0.24855409237126924,1.4880839473153082,0.23846153846153847,102519.34676058996
3,-90,-40,5,-50,0,18,0.6666666666666666,1.149594058525362,0.0025770449211109814,0.01443742476359755,6.833333333333333,0.022654380038508393,0.3275693587605457,0.768839172209676,-0.22165033005786983,1.4778654228713393,0.20384615384615384,102265.43800385084
4,-90,-40,3,-80,100,15,0.6,1.1739249391349127,0.0033866970845250516,0.0109722278043487,8.266666666666667,0.023861732785612544,0.3475309517650065,0.7884373328902916,-0.23692996117193377,1.4668087988788068,0.2076923076923077,102386.17327856125
3,-80,-30,10,-50,0,19,0.6842105263157895,1.1467387339340949,0.0023849768449457224,0.0109722278043487,8.736842105263158,0.021344012882582364,0.30621300997150747,0.7443622347936824,-0.21546839897558667,1.4211504398201913,0.23461538461538461,102134.40128825825
3,-80,-30,10,-50,50,19,0.6842105263157895,1.1467387339340949,0.0023849768449457224,0.0109722278043487,8.736842105263158,0.021344012882582364,0.30621300997150747,0.7443622347936824,-0.21546839897558667,1.4211504398201913,0.23461538461538461,102134.40128825825
3,-80,-30,10,-50,100,19,0.6842105263157895,1.1467387339340949,0.0023849768449457224,0.0109722278043487,8.736842105263158,0.021344012882582364,0.30621300997150747,0.7443622347936824,-0.21546839897558667,1.4211504398201913,0.23461538461538461,102134.40128825825
2,-90,-20,5,-50,0,16,0.625,1.1570369152735405,0.0029140247547606926,0.015347997469798758,7.375,0.02119605725412743,0.30382161570886224,0.7436789129121274,-0.21817443740388942,1.392562847069113,0.18461538461538463,102119.60572541274
3,-90,-50,7,-80,0,16,0.625,1.1522242134012775,0.002643631495303264,0.012427859231665561,7.125,0.020118421559760957,0.28652513801696666,0.7249175663611995,-0.20722058429611034,1.3827059651927875,0.16923076923076924,102011.8421559761
3,-90,-50,7,-80,50,16,0.625,1.1522242134012775,0.002643631495303264,0.012427859231665561,7.125,0.020118421559760957,0.28652513801696666,0.7249175663611995,-0.20722058429611034,1.3827059651927875,0.16923076923076924,102011.8421559761
3,-90,-50,7,-80,100,16,0.625,1.1522242134012775,0.002643631495303264,0.012427859231665561,7.125,0.020118421559760957,0.28652513801696666,0.7249175663611995,-0.20722058429611034,1.3827059651927875,0.16923076923076924,102011.8421559761
2,-90,-30,7,-50,0,17,0.6470588235294118,1.1509924822808855,0.0023869742442196567,0.012793373216751114,7.0588235294117645,0.01953539733328613,0.2772557025624889,0.7149178906664453,-0.20179135532296288,1.373972151179355,0.19230769230769232,101953.53973332862
2,-90,-30,7,-50,50,17,0.6470588235294118,1.1509924822808855,0.0023869742442196567,0.012793373216751114,7.0588235294117645,0.01953539733328613,0.2772557025624889,0.7149178906664453,-0.20179135532296288,1.373972151179355,0.19230769230769232,101953.53973332862
2,-90,-30,7,-50,100,17,0.6470588235294118,1.1509924822808855,0.0023869742442196567,0.012793373216751114,7.0588235294117645,0.01953539733328613,0.2772557025624889,0.7149178906664453,-0.20179135532296288,1.373972151179355,0.19230769230769232,101953.53973332862
7,-90,-40,5,-120,50,12,0.5833333333333334,1.1716979537869234,0.0035153116395718145,0.013658543926865163,9.166666666666666,0.019904797354044046,0.2831215840024439,0.7209525219068746,-0.20722058429611045,1.3662811779252286,0.15384615384615385,101990.47973540441
7,-90,-40,5,-120,100,12,0.5833333333333334,1.1716979537869234,0.0035153116395718145,0.013658543926865163,9.166666666666666,0.019904797354044046,0.2831215840024439,0.7209525219068746,-0.20722058429611045,1.3662811779252286,0.15384615384615385,101990.47973540441
7,-90,-30,5,-120,50,12,0.5833333333333334,1.1716979537869234,0.0035153116395718145,0.013658543926865163,9.166666666666666,0.019904797354044046,0.2831215840024439,0.7209525219068746,-0.20722058429611045,1.3662811779252286,0.15384615384615385,101990.47973540441
7,-90,-30,5,-120,100,12,0.5833333333333334,1.1716979537869234,0.0035153116395718145,0.013658543926865163,9.166666666666666,0.019904797354044046,0.2831215840024439,0.7209525219068746,-0.20722058429611045,1.3662811779252286,0.15384615384615385,101990.47973540441
3,-80,-40,3,-80,0,23,0.6521739130434783,1.1373613964731666,0.002046951288454591,0.0109722278043487,8.91304347826087,0.021709756944647163,0.31214184523137267,0.749641840804177,-0.2311106697505536,1.350616332721804,0.25,102170.97569446472
2,-85,-30,7,-50,0,20,0.7,1.1391523239755394,0.002301779723344016,0.011486773896634217,8.25,0.02064445000055737,0.2949415270647828,0.7327820953658465,-0.22093989935033775,1.3349400806827694,0.23076923076923078,102064.44500005574
7,-80,-50,3,-80,100,18,0.6666666666666666,1.1421701807884836,0.0024557861618912566,0.00806068792995318,9.11111111111111,0.019208909147499176,0.27209180892880247,0.7090857723842462,-0.20926353984494972,1.3002351443084843,0.22692307692307692,101920.89091474992
7,-80,-40,10,-80,0,16,0.6875,1.1486505645802911,0.002649492715802268,0.01565679863145819,9.9375,0.01891984873447372,0.26753594512384615,0.7039716362115522,-0.20722058429611045,1.291068385086432,0.2076923076923077,101891.98487344738
7,-80,-40,10,-80,50,16,0.6875,1.1486505645802911,0.002649492715802268,0.01565679863145819,9.9375,0.01891984873447372,0.26753594512384615,0.7039716362115522,-0.20722058429611045,1.291068385086432,0.2076923076923077,101891.98487344738
7,-80,-40,10,-80,100,16,0.6875,1.1486505645802911,0.002649492715802268,0.01565679863145819,9.9375,0.01891984873447372,0.26753594512384615,0.7039716362115522,-0.20722058429611045,1.291068385086432,0.2076923076923077,101891.98487344738
7,-80,-30,10,-80,0,16,0.6875,1.1486505645802911,0.002649492715802268,0.01565679863145819,9.9375,0.01891984873447372,0.26753594512384615,0.7039716362115522,-0.20722058429611045,1.291068385086432,0.2076923076923077,101891.98487344738
7,-80,-30,10,-80,50,16,0.6875,1.1486505645802911,0.002649492715802268,0.01565679863145819,9.9375,0.01891984873447372,0.26753594512384615,0.7039716362115522,-0.20722058429611045,1.291068385086432,0.2076923076923077,101891.98487344738
7,-80,-30,10,-80,100,16,0.6875,1.1486505645802911,0.002649492715802268,0.01565679863145819,9.9375,0.01891984873447372,0.26753594512384615,0.7039716362115522,-0.20722058429611045,1.291068385086432,0.2076923076923077,101891.98487344738
4,-80,-40,10,-50,0,17,0.5882352941176471,1.1445306743372776,0.0026938616290976564,0.0109722278043487,9.411764705882353,0.019940705632594424,0.28369310994521935,0.7210613777964919,-0.22201124503685454,1.2778321652046292,0.21153846153846154,101994.07056325943
4,-80,-40,10,-50,50,17,0.5882352941176471,1.1445306743372776,0.0026938616290976564,0.0109722278043487,9.411764705882353,0.019940705632594424,0.28369310994521935,0.7210613777964919,-0.22201124503685454,1.2778321652046292,0.21153846153846154,101994.07056325943
4,-80,-40,10,-50,100,17,0.5882352941176471,1.1445306743372776,0.0026938616290976564,0.0109722278043487,9.411764705882353,0.019940705632594424,0.28369310994521935,0.7210613777964919,-0.22201124503685454,1.2778321652046292,0.21153846153846154,101994.07056325943
4,-80,-50,5,-100,0,18,0.6111111111111112,1.1409854030366093,0.002702321431760018,0.01832497937441857,9.11111111111111,0.020883550516098692,0.2987838421411002,0.7367151316324759,-0.24241739427884224,1.2325181657444189,0.22692307692307692,102088.35505160986
4,-80,-50,5,-100,50,18,0.6111111111111112,1.1409854030366093,0.002702321431760018,0.01832497937441857,9.11111111111111,0.020883550516098692,0.2987838421411002,0.7367151316324759,-0.24241739427884224,1.2325181657444189,0.22692307692307692,102088.35505160986
4,-80,-50,5,-100,100,18,0.6111111111111112,1.1409854030366093,0.002702321431760018,0.01832497937441857,9.11111111111111,0.020883550516098692,0.2987838421411002,0.7367151316324759,-0.24241739427884224,1.2325181657444189,0.22692307692307692,102088.35505160986
3,-90,-50,5,-100,0,17,0.6470588235294118,1.1395527627129785,0.002355704746527256,0.006953096740484721,7.0,0.017734911768287676,0.24901683080899772,0.6825327131558353,-0.20251924773039476,1.2295958710082866,0.18846153846153846,101773.49117682877
3,-90,-50,5,-100,50,17,0.6470588235294118,1.1395527627129785,0.002355704746527256,0.006953096740484721,7.0,0.017734911768287676,0.24901683080899772,0.6825327131558353,-0.20251924773039476,1.2295958710082866,0.18846153846153846,101773.49117682877
3,-90,-50,5,-100,100,17,0.6470588235294118,1.1395527627129785,0.002355704746527256,0.006953096740484721,7.0,0.017734911768287676,0.24901683080899772,0.6825327131558353,-0.20251924773039476,1.2295958710082866,0.18846153846153846,101773.49117682877
10,-90,-50,3,-50,50,16,0.625,1.1456202149711172,0.0025208257308174387,0.00802874028566225,7.1875,0.018000281272737784,0.25314244315277,0.6866413119993526,-0.20722058429611045,1.2216085772204897,0.17307692307692307,101800.02812727378
2,-85,-30,7,-80,0,17,0.6470588235294118,1.1402364136175207,0.002463173224017535,0.012793373216751114,8.941176470588236,0.017983402829326423,0.2528796662894377,0.6877432825119069,-0.20722058429611034,1.2203404750952842,0.18076923076923077,101798.34028293264
7,-90,-40,3,-50,50,15,0.5333333333333333,1.151973796960537,0.0026646024938562717,0.005085252766975801,7.666666666666667,0.017899909833479555,0.2515805279921586,0.6849152530095426,-0.20722058429611034,1.2140711254469756,0.17307692307692307,101789.99098334796
7,-90,-30,3,-50,50,15,0.5333333333333333,1.151973796960537,0.0026646024938562717,0.005085252766975801,7.666666666666667,0.017899909833479555,0.2515805279921586,0.6849152530095426,-0.20722058429611034,1.2140711254469756,0.17307692307692307,101789.99098334796
3,-90,-50,5,-50,0,18,0.6666666666666666,1.1366326553593757,0.0023537598620074268,0.012427859231665561,6.777777777777778,0.01858880645164951,0.2623368685320031,0.697703839714766,-0.22165033005786983,1.1835618221886275,0.2,101858.88064516494
3,-90,-50,5,-50,50,18,0.6666666666666666,1.1366326553593757,0.0023537598620074268,0.012427859231665561,6.777777777777778,0.01858880645164951,0.2623368685320031,0.697703839714766,-0.22165033005786983,1.1835618221886275,0.2,101858.88064516494
3,-90,-50,5,-50,100,18,0.6666666666666666,1.1366326553593757,0.0023537598620074268,0.012427859231665561,6.777777777777778,0.01858880645164951,0.2623368685320031,0.697703839714766,-0.22165033005786983,1.1835618221886275,0.2,101858.88064516494
3,-90,-50,7,-50,0,18,0.6666666666666666,1.1366326553593757,0.0023537598620074268,0.012427859231665561,6.777777777777778,0.01858880645164951,0.2623368685320031,0.697703839714766,-0.22165033005786983,1.1835618221886275,0.2,101858.88064516494
3,-90,-50,7,-50,50,18,0.6666666666666666,1.1366326553593757,0.0023537598620074268,0.012427859231665561,6.777777777777778,0.01858880645164951,0.2623368685320031,0.697703839714766,-0.22165033005786983,1.1835618221886275,0.2,101858.88064516494
3,-90,-50,7,-50,100,18,0.6666666666666666,1.1366326553593757,0.0023537598620074268,0.012427859231665561,6.777777777777778,0.01858880645164951,0.2623368685320031,0.697703839714766,-0.22165033005786983,1.1835618221886275,0.2,101858.88064516494
7,-80,-30,7,-100,50,15,0.6666666666666666,1.1438089961326483,0.0027340782820602853,0.0179026217228464,12.933333333333334,0.01743689772354129,0.24439861806837215,0.6787305796306433,-0.20722058429611057,1.1794128411448523,0.2076923076923077,101743.68977235412
7,-80,-30,7,-100,100,15,0.6666666666666666,1.1438089961326483,0.0027340782820602853,0.0179026217228464,12.933333333333334,0.01743689772354129,0.24439861806837215,0.6787305796306433,-0.20722058429611057,1.1794128411448523,0.2076923076923077,101743.68977235412
3,-85,-20,7,-120,0,13,0.6153846153846154,1.1500345468676654,0.003291274220943321,0.0179026217228464,11.461538461538462,0.01714180272178556,0.2398411407817651,0.6733627126072315,-0.20722058429611045,1.1574194793266344,0.16923076923076924,101714.18027217855
3,-85,-20,7,-120,50,13,0.6153846153846154,1.1500345468676654,0.003291274220943321,0.0179026217228464,11.461538461538462,0.01714180272178556,0.2398411407817651,0.6733627126072315,-0.20722058429611045,1.1574194793266344,0.16923076923076924,101714.18027217855
3,-85,-20,7,-120,100,13,0.6153846153846154,1.1500345468676654,0.003291274220943321,0.0179026217228464,11.461538461538462,0.01714180272178556,0.2398411407817651,0.6733627126072315,-0.20722058429611045,1.1574194793266344,0.16923076923076924,101714.18027217855
2,-80,-30,3,-80,0,25,0.68,1.1283300258825446,0.0017505223770354528,0.009353365738695052,8.28,0.018709962202959618,0.2642373578003334,0.7014018320991774,-0.2297616382000358,1.150049938146255,0.25769230769230766,101870.99622029597
2,-85,-30,3,-50,0,24,0.7083333333333334,1.120876972265315,0.0018501951109470467,0.010683233213184873,6.916666666666667,0.018064756021900497,0.2541467040236436,0.6908663355138467,-0.22291810863095096,1.1400899890299747,0.23461538461538461,101806.47560219004
4,-80,-50,3,-50,0,22,0.6363636363636364,1.1303683362757118,0.001925074926053291,0.009341827133246494,9.318181818181818,0.01812189911368045,0.25503738624552996,0.6910602201368172,-0.22988218106713898,1.109426511709684,0.25,101812.18991136804
3,-90,-40,3,-50,50,19,0.631578947368421,1.1330732474427037,0.002159992108870605,0.0109722278043487,6.578947368421052,0.017416634731969527,0.24408518172370441,0.677090772523326,-0.22093989935033775,1.1047582733649475,0.21153846153846154,101741.66347319695
7,-85,-20,7,-120,0,13,0.6153846153846154,1.147349528334013,0.0032323735712792142,0.0179026217228464,11.538461538461538,0.016370817418023043,0.22800641018055745,0.6601300384006538,-0.20722058429611034,1.1003077274154625,0.17307692307692307,101637.0817418023
7,-85,-20,7,-120,50,13,0.6153846153846154,1.147349528334013,0.0032323735712792142,0.0179026217228464,11.538461538461538,0.016370817418023043,0.22800641018055745,0.6601300384006538,-0.20722058429611034,1.1003077274154625,0.17307692307692307,101637.0817418023
7,-85,-20,7,-120,100,13,0.6153846153846154,1.147349528334013,0.0032323735712792142,0.0179026217228464,11.538461538461538,0.016370817418023043,0.22800641018055745,0.6601300384006538,-0.20722058429611034,1.1003077274154625,0.17307692307692307,101637.0817418023
10,-85,-20,7,-120,0,13,0.6153846153846154,1.147349528334013,0.0032323735712792142,0.0179026217228464,11.538461538461538,0.016370817418023043,0.22800641018055745,0.6601300384006538,-0.20722058429611034,1.1003077274154625,0.17307692307692307,101637.0817418023
10,-85,-20,7,-120,50,13,0.6153846153846154,1.147349528334013,0.0032323735712792142,0.0179026217228464,11.538461538461538,0.016370817418023043,0.22800641018055745,0.6601300384006538,-0.20722058429611034,1.1003077274154625,0.17307692307692307,101637.0817418023
10,-85,-20,7,-120,100,13,0.6153846153846154,1.147349528334013,0.0032323735712792142,0.0179026217228464,11.538461538461538,0.016370817418023043,0.22800641018055745,0.6601300384006538,-0.20722058429611034,1.1003077274154625,0.17307692307692307,101637.0817418023
10,-85,-20,7,-100,0,13,0.6153846153846154,1.147349528334013,0.0032323735712792142,0.0179026217228464,11.538461538461538,0.016370817418023043,0.22800641018055745,0.6601300384006538,-0.20722058429611034,1.1003077274154625,0.17307692307692307,101637.0817418023
10,-85,-20,7,-100,50,13,0.6153846153846154,1.147349528334013,0.0032323735712792142,0.0179026217228464,11.538461538461538,0.016370817418023043,0.22800641018055745,0.6601300384006538,-0.20722058429611034,1.1003077274154625,0.17307692307692307,101637.0817418023
10,-85,-20,7,-100,100,13,0.6153846153846154,1.147349528334013,0.0032323735712792142,0.0179026217228464,11.538461538461538,0.016370817418023043,0.22800641018055745,0.6601300384006538,-0.20722058429611034,1.1003077274154625,0.17307692307692307,101637.0817418023
10,-85,-20,10,-100,0,13,0.6153846153846154,1.147349528334013,0.0032323735712792142,0.0179026217228464,11.538461538461538,0.016370817418023043,0.22800641018055745,0.6601300384006538,-0.20722058429611034,1.1003077274154625,0.17307692307692307,101637.0817418023
10,-85,-20,10,-100,50,13,0.6153846153846154,1.147349528334013,0.0032323735712792142,0.0179026217228464,11.538461538461538,0.016370817418023043,0.22800641018055745,0.6601300384006538,-0.20722058429611034,1.1003077274154625,0.17307692307692307,101637.0817418023
10,-85,-20,10,-100,100,13,0.6153846153846154,1.147349528334013,0.0032323735712792142,0.0179026217228464,11.538461538461538,0.016370817418023043,0.22800641018055745,0.6601300384006538,-0.20722058429611034,1.1003077274154625,0.17307692307692307,101637.0817418023
10,-90,-40,3,-80,50,15,0.6,1.146158998485933,0.0025381825344378125,0.005085252766975801,7.6,0.016084586811651036,0.22363927712510057,0.6529338183184804,-0.20722058429611034,1.0792329241072331,0.16923076923076924,101608.45868116511
10,-90,-30,3,-80,50,15,0.6,1.146158998485933,0.0025381825344378125,0.005085252766975801,7.6,0.016084586811651036,0.22363927712510057,0.6529338183184804,-0.20722058429611034,1.0792329241072331,0.16923076923076924,101608.45868116511
4,-80,-50,3,-80,100,18,0.6111111111111112,1.141207658385524,0.0025239074958502724,0.011973842826323522,11.333333333333334,0.01858683479986012,0.2623059623172914,0.6998084374788622,-0.2456887042408712,1.0676354174595215,0.24615384615384617,101858.68347998602
7,-90,-50,7,-100,0,13,0.6153846153846154,1.1469641537028865,0.002963844268942071,0.0179026217228464,8.615384615384615,0.01584072639753642,0.21992989136352814,0.6486465616511432,-0.20722058429611045,1.0613322615153742,0.16153846153846155,101584.07263975363
7,-90,-50,7,-100,50,13,0.6153846153846154,1.1469641537028865,0.002963844268942071,0.0179026217228464,8.615384615384615,0.01584072639753642,0.21992989136352814,0.6486465616511432,-0.20722058429611045,1.0613322615153742,0.16153846153846155,101584.07263975363
7,-90,-50,7,-100,100,13,0.6153846153846154,1.1469641537028865,0.002963844268942071,0.0179026217228464,8.615384615384615,0.01584072639753642,0.21992989136352814,0.6486465616511432,-0.20722058429611045,1.0613322615153742,0.16153846153846155,101584.07263975363
7,-90,-50,10,-100,0,13,0.6153846153846154,1.1469641537028865,0.002963844268942071,0.0179026217228464,8.615384615384615,0.01584072639753642,0.21992989136352814,0.6486465616511432,-0.20722058429611045,1.0613322615153742,0.16153846153846155,101584.07263975363
7,-90,-50,10,-100,50,13,0.6153846153846154,1.1469641537028865,0.002963844268942071,0.0179026217228464,8.615384615384615,0.01584072639753642,0.21992989136352814,0.6486465616511432,-0.20722058429611045,1.0613322615153742,0.16153846153846155,101584.07263975363
7,-90,-50,10,-100,100,13,0.6153846153846154,1.1469641537028865,0.002963844268942071,0.0179026217228464,8.615384615384615,0.01584072639753642,0.21992989136352814,0.6486465616511432,-0.20722058429611045,1.0613322615153742,0.16153846153846155,101584.07263975363
4,-80,-40,5,-120,0,15,0.6666666666666666,1.138711511630293,0.002897529710201792,0.0179026217228464,10.333333333333334,0.016425129073731615,0.22883668294166748,0.6623952087996821,-0.2181744374038893,1.048870278592904,0.19230769230769232,101642.51290737317
2,-80,-50,5,-80,0,20,0.65,1.1254987689822644,0.0021097017687363327,0.012884415532524729,9.45,0.016337841675081677,0.22750255573014622,0.6606786030728462,-0.22093989935033786,1.0297033555238573,0.18846153846153846,101633.78416750816
2,-80,-50,5,-80,50,20,0.65,1.1254987689822644,0.0021097017687363327,0.012884415532524729,9.45,0.016337841675081677,0.22750255573014622,0.6606786030728462,-0.22093989935033786,1.0297033555238573,0.18846153846153846,101633.78416750816
2,-80,-50,5,-80,100,20,0.65,1.1254987689822644,0.0021097017687363327,0.012884415532524729,9.45,0.016337841675081677,0.22750255573014622,0.6606786030728462,-0.22093989935033786,1.0297033555238573,0.18846153846153846,101633.78416750816
7,-80,-20,5,-120,50,13,0.6153846153846154,1.143163247742589,0.0031405400723961783,0.017553501540511274,11.538461538461538,0.015179766895347058,0.20992797756157233,0.6396097906805771,-0.20722058429611034,1.0130652718438107,0.17307692307692307,101517.97668953471
7,-80,-20,5,-120,100,13,0.6153846153846154,1.143163247742589,0.0031405400723961783,0.017553501540511274,11.538461538461538,0.015179766895347058,0.20992797756157233,0.6396097906805771,-0.20722058429611034,1.0130652718438107,0.17307692307692307,101517.97668953471
3,-85,-20,5,-120,50,13,0.6153846153846154,1.1479242952210151,0.00337775465832476,0.0179026217228464,11.615384615384615,0.015699836867882455,0.21779152894622533,0.6496160629376175,-0.21817443740388942,0.9982449435313302,0.17692307692307693,101569.98368678825
3,-85,-20,5,-120,100,13,0.6153846153846154,1.1479242952210151,0.00337775465832476,0.0179026217228464,11.615384615384615,0.015699836867882455,0.21779152894622533,0.6496160629376175,-0.21817443740388942,0.9982449435313302,0.17692307692307693,101569.98368678825
4,-85,-50,3,-80,100,18,0.6666666666666666,1.1306755872759753,0.0025268436979106437,0.01443742476359755,9.055555555555555,0.017075072924138235,0.23881269231029645,0.6750241126704305,-0.24653414535035523,0.9686799853663854,0.2230769230769231,101707.50729241382
10,-80,-40,3,-50,50,21,0.6666666666666666,1.121657923331349,0.0017915003891762666,0.005571855804099801,7.809523809523809,0.01423731674252271,0.19579699957452323,0.6251462110581553,-0.20682775866905967,0.9466669311434811,0.22692307692307692,101423.73167425227
10,-80,-30,3,-50,50,21,0.6666666666666666,1.121657923331349,0.0017915003891762666,0.005571855804099801,7.809523809523809,0.01423731674252271,0.19579699957452323,0.6251462110581553,-0.20682775866905967,0.9466669311434811,0.22692307692307692,101423.73167425227
2,-80,-40,3,-80,0,25,0.68,1.119581775346958,0.0016267640177611798,0.0077114264621442885,8.2,0.015612909514053586,0.21647390437602687,0.6513109415998238,-0.22976163820003614,0.9421673090072563,0.25,101561.29095140536
10,-90,-50,5,-120,0,13,0.6153846153846154,1.1398662673946927,0.002820700317671659,0.0109722278043487,8.538461538461538,0.01402907572410017,0.19269523376662923,0.6161259107245604,-0.20722058429611045,0.9299039206031527,0.1576923076923077,101402.90757241001
10,-90,-50,5,-120,50,13,0.6153846153846154,1.1398662673946927,0.002820700317671659,0.0109722278043487,8.538461538461538,0.01402907572410017,0.19269523376662923,0.6161259107245604,-0.20722058429611045,0.9299039206031527,0.1576923076923077,101402.90757241001
10,-90,-50,5,-120,100,13,0.6153846153846154,1.1398662673946927,0.002820700317671659,0.0109722278043487,8.538461538461538,0.01402907572410017,0.19269523376662923,0.6161259107245604,-0.20722058429611045,0.9299039206031527,0.1576923076923077,101402.90757241001
10,-90,-40,5,-120,0,13,0.6153846153846154,1.1398662673946927,0.002820700317671659,0.0109722278043487,8.538461538461538,0.01402907572410017,0.19269523376662923,0.6161259107245604,-0.20722058429611045,0.9299039206031527,0.1576923076923077,101402.90757241001
10,-90,-30,5,-120,0,13,0.6153846153846154,1.1398662673946927,0.002820700317671659,0.0109722278043487,8.538461538461538,0.01402907572410017,0.19269523376662923,0.6161259107245604,-0.20722058429611045,0.9299039206031527,0.1576923076923077,101402.90757241001
2,-80,-30,10,-50,0,19,0.6842105263157895,1.1211798531235682,0.00207721285487336,0.008409949397762073,8.68421052631579,0.01427735849547962,0.196394275417634,0.6270333999710608,-0.21546839897558678,0.9114760046083883,0.23076923076923078,101427.73584954796
4,-90,-50,5,-100,0,16,0.625,1.1356896569455173,0.0024208013046677634,0.01443742476359755,7.625,0.014363673121787546,0.19768270707718227,0.6231744482896876,-0.21888738995676515,0.9031251508651492,0.2,101436.36731217876
4,-90,-50,5,-100,50,16,0.625,1.1356896569455173,0.0024208013046677634,0.01443742476359755,7.625,0.014363673121787546,0.19768270707718227,0.6231744482896876,-0.21888738995676515,0.9031251508651492,0.2,101436.36731217876
4,-90,-50,5,-100,100,16,0.625,1.1356896569455173,0.0024208013046677634,0.01443742476359755,7.625,0.014363673121787546,0.19768270707718227,0.6231744482896876,-0.21888738995676515,0.9031251508651492,0.2,101436.36731217876
7,-80,-40,7,-120,0,15,0.6666666666666666,1.1297952947626888,0.002467651579995393,0.017553501540511274,10.266666666666667,0.013490160978890664,0.1847024251030942,0.6098757536343461,-0.20722058429611045,0.8913324211033078,0.18846153846153846,101349.01609788906
7,-80,-40,7,-120,50,15,0.6666666666666666,1.1297952947626888,0.002467651579995393,0.017553501540511274,10.266666666666667,0.013490160978890664,0.1847024251030942,0.6098757536343461,-0.20722058429611045,0.8913324211033078,0.18846153846153846,101349.01609788906
7,-80,-40,7,-120,100,15,0.6666666666666666,1.1297952947626888,0.002467651579995393,0.017553501540511274,10.266666666666667,0.013490160978890664,0.1847024251030942,0.6098757536343461,-0.20722058429611045,0.8913324211033078,0.18846153846153846,101349.01609788906
7,-80,-30,7,-120,0,15,0.6666666666666666,1.1297952947626888,0.002467651579995393,0.017553501540511274,10.266666666666667,0.013490160978890664,0.1847024251030942,0.6098757536343461,-0.20722058429611045,0.8913324211033078,0.18846153846153846,101349.01609788906
4,-90,-40,3,-50,50,17,0.5882352941176471,1.1348303482871513,0.0024339685382016975,0.0109722278043487,7.411764705882353,0.015184598761627033,0.21000082053092317,0.6382216034957154,-0.236929961171934,0.8863413453165215,0.2153846153846154,101518.4598761627
4,-90,-30,3,-50,50,17,0.5882352941176471,1.1348303482871513,0.0024339685382016975,0.0109722278043487,7.411764705882353,0.015184598761627033,0.21000082053092317,0.6382216034957154,-0.236929961171934,0.8863413453165215,0.2153846153846154,101518.4598761627
4,-90,-20,3,-50,50,17,0.5882352941176471,1.1348303482871513,0.0024339685382016975,0.0109722278043487,7.411764705882353,0.015184598761627033,0.21000082053092317,0.6382216034957154,-0.236929961171934,0.8863413453165215,0.2153846153846154,101518.4598761627
2,-85,-20,7,-120,50,13,0.6153846153846154,1.1344398877573094,0.0030800639302006774,0.01874733702599074,14.384615384615385,0.01341168193225073,0.18354260206894746,0.6101265840346731,-0.20722058429611045,0.8857353756259656,0.18076923076923077,101341.16819322506
2,-85,-20,7,-120,100,13,0.6153846153846154,1.1344398877573094,0.0030800639302006774,0.01874733702599074,14.384615384615385,0.01341168193225073,0.18354260206894746,0.6101265840346731,-0.20722058429611045,0.8857353756259656,0.18076923076923077,101341.16819322506
2,-80,-20,7,-120,50,13,0.6153846153846154,1.1344398877573094,0.0030800639302006774,0.01874733702599074,14.384615384615385,0.01341168193225073,0.18354260206894746,0.6101265840346731,-0.20722058429611045,0.8857353756259656,0.18076923076923077,101341.16819322506
2,-80,-20,7,-120,100,13,0.6153846153846154,1.1344398877573094,0.0030800639302006774,0.01874733702599074,14.384615384615385,0.01341168193225073,0.18354260206894746,0.6101265840346731,-0.20722058429611045,0.8857353756259656,0.18076923076923077,101341.16819322506
3,-90,-40,5,-80,50,17,0.6470588235294118,1.1275044101806768,0.0022020589289781334,0.0109722278043487,7.235294117647059,0.014069320419287212,0.1932941033271589,0.6180116942364683,-0.22093989935033786,0.8748718719232246,0.20384615384615384,101406.93204192871
3,-90,-40,5,-80,100,17,0.6470588235294118,1.1275044101806768,0.0022020589289781334,0.0109722278043487,7.235294117647059,0.014069320419287212,0.1932941033271589,0.6180116942364683,-0.22093989935033786,0.8748718719232246,0.20384615384615384,101406.93204192871
2,-85,-20,7,-100,50,14,0.5714285714285714,1.1315489619523227,0.0028057079930162076,0.01832497937441857,13.5,0.012640557535710917,0.17220182608190582,0.5970362810493445,-0.20722058429611057,0.8310073377451526,0.18846153846153846,101264.0557535711
2,-85,-20,7,-100,100,14,0.5714285714285714,1.1315489619523227,0.0028057079930162076,0.01832497937441857,13.5,0.012640557535710917,0.17220182608190582,0.5970362810493445,-0.20722058429611057,0.8310073377451526,0.18846153846153846,101264.0557535711
2,-85,-40,3,-80,50,23,0.6956521739130435,1.1115905318558705,0.0016978369567113246,0.009353365738695052,7.086956521739131,0.013059673487205048,0.17835320641854557,0.609390338976851,-0.22093989935033775,0.807247613233209,0.2230769230769231,101305.96734872051
2,-85,-40,3,-80,100,23,0.6956521739130435,1.1115905318558705,0.0016978369567113246,0.009353365738695052,7.086956521739131,0.013059673487205048,0.17835320641854557,0.609390338976851,-0.22093989935033775,0.807247613233209,0.2230769230769231,101305.96734872051
2,-90,-20,5,-100,50,15,0.6,1.1343463200346386,0.002511505952586779,0.012793373216751114,7.866666666666666,0.012623240077995757,0.17194829448944815,0.5919615463897931,-0.21817443740388942,0.7881230108142028,0.18461538461538463,101262.32400779957
2,-90,-20,5,-100,100,15,0.6,1.1343463200346386,0.002511505952586779,0.012793373216751114,7.866666666666666,0.012623240077995757,0.17194829448944815,0.5919615463897931,-0.21817443740388942,0.7881230108142028,0.18461538461538463,101262.32400779957
2,-90,-20,5,-80,50,15,0.6,1.1343463200346386,0.002511505952586779,0.012793373216751114,7.866666666666666,0.012623240077995757,0.17194829448944815,0.5919615463897931,-0.21817443740388942,0.7881230108142028,0.18461538461538463,101262.32400779957
2,-90,-20,5,-80,100,15,0.6,1.1343463200346386,0.002511505952586779,0.012793373216751114,7.866666666666666,0.012623240077995757,0.17194829448944815,0.5919615463897931,-0.21817443740388942,0.7881230108142028,0.18461538461538463,101262.32400779957
2,-85,-40,5,-50,0,22,0.6818181818181818,1.1096495752576185,0.0018002129256306056,0.010252399839447701,7.136363636363637,0.013100204223295497,0.17894965125408335,0.6090416563223809,-0.2293956657848324,0.780091684129437,0.2,101310.02042232956
3,-90,-30,3,-80,50,18,0.6111111111111112,1.1201692158299243,0.0019708884701715845,0.008910287679647522,6.888888888888889,0.01220374555409931,0.16582220423874783,0.5843018350423926,-0.22093989935033786,0.7505308218494681,0.2076923076923077,101220.37455540993
7,-80,-40,3,-50,50,21,0.6190476190476191,1.112174753855373,0.001665266974145797,0.005085252766975801,7.904761904761905,0.011474330530308885,0.15524036245307316,0.5787640106546077,-0.21147501651280332,0.734083699403208,0.23461538461538461,101147.4330530309
7,-80,-30,3,-50,50,21,0.6190476190476191,1.112174753855373,0.001665266974145797,0.005085252766975801,7.904761904761905,0.011474330530308885,0.15524036245307316,0.5787640106546077,-0.21147501651280332,0.734083699403208,0.23461538461538461,101147.4330530309
7,-90,-20,3,-50,0,15,0.5333333333333333,1.1263692528853018,0.002354565794300763,0.005085252766975801,7.6,0.011110195681097723,0.14999091671203169,0.5657173043164191,-0.20722058429611034,0.7238224774894967,0.16923076923076924,101111.01956810977
2,-90,-30,10,-50,50,15,0.6,1.1204791663538396,0.00215854955868325,0.0179026217228464,7.933333333333334,0.010965261614706678,0.14790763509573712,0.561322826436938,-0.20722058429611045,0.7137690282949046,0.18846153846153846,101096.52616147067
2,-90,-30,10,-50,100,15,0.6,1.1204791663538396,0.00215854955868325,0.0179026217228464,7.933333333333334,0.010965261614706678,0.14790763509573712,0.561322826436938,-0.20722058429611045,0.7137690282949046,0.18846153846153846,101096.52616147067
2,-90,-30,3,-50,50,19,0.631578947368421,1.111802777704796,0.0016684995380373414,0.0109722278043487,6.315789473684211,0.010456808593093392,0.14062658677245787,0.5518608444815563,-0.20179135532296277,0.6968910365232842,0.19230769230769232,101045.68085930933
2,-80,-30,7,-50,50,21,0.6666666666666666,1.1100741546466053,0.0017814783869287646,0.008409949397762073,9.904761904761905,0.011813303540253006,0.16014689421133954,0.5895918165453322,-0.2308154044615185,0.6938310490365872,0.26153846153846155,101181.33035402531
2,-80,-30,7,-50,100,21,0.6666666666666666,1.1100741546466053,0.0017814783869287646,0.008409949397762073,9.904761904761905,0.011813303540253006,0.16014689421133954,0.5895918165453322,-0.2308154044615185,0.6938310490365872,0.26153846153846155,101181.33035402531
7,-85,-20,7,-100,0,13,0.6153846153846154,1.1266107754261636,0.002777432197807931,0.0179026217228464,11.615384615384615,0.010415821759737653,0.14004151165128453,0.5575373647853985,-0.20722058429611034,0.6758088832100315,0.17692307692307693,101041.58217597377
7,-85,-20,7,-100,50,13,0.6153846153846154,1.1266107754261636,0.002777432197807931,0.0179026217228464,11.615384615384615,0.010415821759737653,0.14004151165128453,0.5575373647853985,-0.20722058429611034,0.6758088832100315,0.17692307692307693,101041.58217597377
7,-85,-20,7,-100,100,13,0.6153846153846154,1.1266107754261636,0.002777432197807931,0.0179026217228464,11.615384615384615,0.010415821759737653,0.14004151165128453,0.5575373647853985,-0.20722058429611034,0.6758088832100315,0.17692307692307693,101041.58217597377
7,-85,-20,10,-100,0,13,0.6153846153846154,1.1266107754261636,0.002777432197807931,0.0179026217228464,11.615384615384615,0.010415821759737653,0.14004151165128453,0.5575373647853985,-0.20722058429611034,0.6758088832100315,0.17692307692307693,101041.58217597377
7,-85,-20,10,-100,50,13,0.6153846153846154,1.1266107754261636,0.002777432197807931,0.0179026217228464,11.615384615384615,0.010415821759737653,0.14004151165128453,0.5575373647853985,-0.20722058429611034,0.6758088832100315,0.17692307692307693,101041.58217597377
7,-85,-20,10,-100,100,13,0.6153846153846154,1.1266107754261636,0.002777432197807931,0.0179026217228464,11.615384615384615,0.010415821759737653,0.14004151165128453,0.5575373647853985,-0.20722058429611034,0.6758088832100315,0.17692307692307693,101041.58217597377
3,-85,-30,3,-80,0,22,0.6818181818181818,1.1039633382382101,0.0016843146042279857,0.011882800510549907,7.5,0.011544849332640661,0.15625952370812413,0.5840446916789492,-0.23212763396433556,0.6731620920761725,0.23076923076923078,101154.48493326406
5,-85,-20,3,-80,50,18,0.6111111111111112,1.1220408336275571,0.0022951266756866045,0.006398339614560045,9.166666666666666,0.011549142554935665,0.1563215975206933,0.5833212763644056,-0.23276073521351826,0.6715977992477765,0.23076923076923078,101154.91425549357
2,-85,-40,3,-50,0,24,0.7083333333333334,1.101343402112436,0.001547299184757267,0.009873802180358049,6.791666666666667,0.010809605181525184,0.14567410146864135,0.572505684467815,-0.22291810863095107,0.653487069145244,0.2230769230769231,101080.96051815251
10,-90,-20,3,-80,0,15,0.6,1.1206684498366777,0.002228145834882304,0.005085252766975801,7.533333333333333,0.009306981437640749,0.12431763083067149,0.5335109645339404,-0.20722058429611045,0.5999289658069212,0.16538461538461538,100930.69814376406
10,-80,-30,7,-120,50,14,0.6428571428571429,1.1149635177899073,0.0023417911381817813,0.01832497937441857,13.571428571428571,0.009143617874748822,0.1220180128354269,0.5358067227194845,-0.20722058429611045,0.5888315258346523,0.19230769230769232,100914.36178747487
10,-80,-30,7,-120,100,14,0.6428571428571429,1.1149635177899073,0.0023417911381817813,0.01832497937441857,13.571428571428571,0.009143617874748822,0.1220180128354269,0.5358067227194845,-0.20722058429611045,0.5888315258346523,0.19230769230769232,100914.36178747487
10,-80,-30,7,-100,50,14,0.6428571428571429,1.1149635177899073,0.0023417911381817813,0.01832497937441857,13.571428571428571,0.009143617874748822,0.1220180128354269,0.5358067227194845,-0.20722058429611045,0.5888315258346523,0.19230769230769232,100914.36178747487
10,-80,-30,7,-100,100,14,0.6428571428571429,1.1149635177899073,0.0023417911381817813,0.01832497937441857,13.571428571428571,0.009143617874748822,0.1220180128354269,0.5358067227194845,-0.20722058429611045,0.5888315258346523,0.19230769230769232,100914.36178747487
10,-80,-30,10,-100,50,14,0.6428571428571429,1.1149635177899073,0.0023417911381817813,0.01832497937441857,13.571428571428571,0.009143617874748822,0.1220180128354269,0.5358067227194845,-0.20722058429611045,0.5888315258346523,0.19230769230769232,100914.36178747487
10,-80,-30,10,-100,100,14,0.6428571428571429,1.1149635177899073,0.0023417911381817813,0.01832497937441857,13.571428571428571,0.009143617874748822,0.1220180128354269,0.5358067227194845,-0.20722058429611045,0.5888315258346523,0.19230769230769232,100914.36178747487
3,-80,-50,3,-80,0,23,0.6521739130434783,1.1030613825711846,0.0015358145393142455,0.006953096740484721,8.826086956521738,0.00988130390591535,0.1324366868490956,0.5572506984160733,-0.23144366642887737,0.5722199656294911,0.2423076923076923,100988.13039059154
3,-90,-20,3,-50,50,18,0.6111111111111112,1.116351443814194,0.001983697732688799,0.012369513829526224,7.055555555555555,0.010015097706511877,0.13433583507697633,0.5465063337743905,-0.23692996117193388,0.5669854264631915,0.21923076923076923,101001.50977065119
10,-85,-20,5,-120,50,13,0.6153846153846154,1.1200854796215656,0.0026342882465375185,0.0109722278043487,11.538461538461538,0.00861384586295233,0.11459034397691648,0.5259071545532733,-0.20722058429611034,0.5529872641087201,0.17307692307692307,100861.38458629523
10,-85,-20,5,-120,100,13,0.6153846153846154,1.1200854796215656,0.0026342882465375185,0.0109722278043487,11.538461538461538,0.00861384586295233,0.11459034397691648,0.5259071545532733,-0.20722058429611034,0.5529872641087201,0.17307692307692307,100861.38458629523
10,-80,-20,5,-120,50,13,0.6153846153846154,1.1200854796215656,0.0026342882465375185,0.0109722278043487,11.538461538461538,0.00861384586295233,0.11459034397691648,0.5259071545532733,-0.20722058429611034,0.5529872641087201,0.17307692307692307,100861.38458629523
10,-80,-20,5,-120,100,13,0.6153846153846154,1.1200854796215656,0.0026342882465375185,0.0109722278043487,11.538461538461538,0.00861384586295233,0.11459034397691648,0.5259071545532733,-0.20722058429611034,0.5529872641087201,0.17307692307692307,100861.38458629523
2,-80,-30,7,-80,50,17,0.6470588235294118,1.1067855796948163,0.0019885634612250864,0.0179026217228464,11.294117647058824,0.008792040928088385,0.11708365864859216,0.5346728737952194,-0.22201124503685465,0.5273771543831298,0.2,100879.20409280884
2,-80,-30,7,-80,100,17,0.6470588235294118,1.1067855796948163,0.0019885634612250864,0.0179026217228464,11.294117647058824,0.008792040928088385,0.11708365864859216,0.5346728737952194,-0.22201124503685465,0.5273771543831298,0.2,100879.20409280884
3,-85,-50,7,-80,0,17,0.6470588235294118,1.1045439565413788,0.0020589708329084152,0.0179026217228464,9.0,0.00868172993897276,0.11553957657137981,0.5335314752632492,-0.2247937951869423,0.5139802745680554,0.18461538461538463,100868.17299389727
3,-85,-50,7,-80,50,17,0.6470588235294118,1.1045439565413788,0.0020589708329084152,0.0179026217228464,9.0,0.00868172993897276,0.11553957657137981,0.5335314752632492,-0.2247937951869423,0.5139802745680554,0.18461538461538463,100868.17299389727
3,-85,-50,7,-80,100,17,0.6470588235294118,1.1045439565413788,0.0020589708329084152,0.0179026217228464,9.0,0.00868172993897276,0.11553957657137981,0.5335314752632492,-0.2247937951869423,0.5139802745680554,0.18461538461538463,100868.17299389727
3,-80,-50,7,-80,0,17,0.6470588235294118,1.1045439565413788,0.0020589708329084152,0.0179026217228464,9.0,0.00868172993897276,0.11553957657137981,0.5335314752632492,-0.2247937951869423,0.5139802745680554,0.18461538461538463,100868.17299389727
3,-80,-50,7,-80,50,17,0.6470588235294118,1.1045439565413788,0.0020589708329084152,0.0179026217228464,9.0,0.00868172993897276,0.11553957657137981,0.5335314752632492,-0.2247937951869423,0.5139802745680554,0.18461538461538463,100868.17299389727
3,-80,-50,7,-80,100,17,0.6470588235294118,1.1045439565413788,0.0020589708329084152,0.0179026217228464,9.0,0.00868172993897276,0.11553957657137981,0.5335314752632492,-0.2247937951869423,0.5139802745680554,0.18461538461538463,100868.17299389727
3,-80,-20,5,-120,0,14,0.6428571428571429,1.1175693898244867,0.0026313152385447785,0.01443742476359755,11.0,0.008292310296229344,0.11010436438213578,0.5232524619249332,-0.2181744374038893,0.5046620754121994,0.18846153846153846,100829.23102962294
4,-85,-20,5,-120,0,14,0.6428571428571429,1.1175693898244867,0.0026313152385447785,0.01443742476359755,11.0,0.008292310296229344,0.11010436438213578,0.5232524619249332,-0.2181744374038893,0.5046620754121994,0.18846153846153846,100829.23102962294
7,-80,-40,7,-100,0,15,0.6666666666666666,1.1090565418548397,0.0020733690563202807,0.017553501540511274,10.333333333333334,0.007552043310698808,0.09983948974084322,0.506545227287819,-0.20722058429611057,0.48180295446989124,0.19230769230769232,100755.20433106988
7,-80,-40,7,-100,50,15,0.6666666666666666,1.1090565418548397,0.0020733690563202807,0.017553501540511274,10.333333333333334,0.007552043310698808,0.09983948974084322,0.506545227287819,-0.20722058429611057,0.48180295446989124,0.19230769230769232,100755.20433106988
7,-80,-40,7,-100,100,15,0.6666666666666666,1.1090565418548397,0.0020733690563202807,0.017553501540511274,10.333333333333334,0.007552043310698808,0.09983948974084322,0.506545227287819,-0.20722058429611057,0.48180295446989124,0.19230769230769232,100755.20433106988
7,-80,-30,7,-100,0,15,0.6666666666666666,1.1090565418548397,0.0020733690563202807,0.017553501540511274,10.333333333333334,0.007552043310698808,0.09983948974084322,0.506545227287819,-0.20722058429611057,0.48180295446989124,0.19230769230769232,100755.20433106988
10,-85,-40,10,-80,0,15,0.6666666666666666,1.1078365460180766,0.002050174651163446,0.013760095722405108,10.4,0.00724429943975502,0.09559795608138555,0.5015574567341424,-0.20722058429611034,0.4613342656383002,0.19615384615384615,100724.42994397551
10,-85,-40,10,-80,50,15,0.6666666666666666,1.1078365460180766,0.002050174651163446,0.013760095722405108,10.4,0.00724429943975502,0.09559795608138555,0.5015574567341424,-0.20722058429611034,0.4613342656383002,0.19615384615384615,100724.42994397551
10,-85,-40,10,-80,100,15,0.6666666666666666,1.1078365460180766,0.002050174651163446,0.013760095722405108,10.4,0.00724429943975502,0.09559795608138555,0.5015574567341424,-0.20722058429611034,0.4613342656383002,0.19615384615384615,100724.42994397551
10,-85,-30,10,-80,0,15,0.6666666666666666,1.1078365460180766,0.002050174651163446,0.013760095722405108,10.4,0.00724429943975502,0.09559795608138555,0.5015574567341424,-0.20722058429611034,0.4613342656383002,0.19615384615384615,100724.42994397551
10,-85,-30,10,-80,50,15,0.6666666666666666,1.1078365460180766,0.002050174651163446,0.013760095722405108,10.4,0.00724429943975502,0.09559795608138555,0.5015574567341424,-0.20722058429611034,0.4613342656383002,0.19615384615384615,100724.42994397551
10,-85,-30,10,-80,100,15,0.6666666666666666,1.1078365460180766,0.002050174651163446,0.013760095722405108,10.4,0.00724429943975502,0.09559795608138555,0.5015574567341424,-0.20722058429611034,0.4613342656383002,0.19615384615384615,100724.42994397551
10,-80,-20,3,-50,0,21,0.6666666666666666,1.1012226851290523,0.001570045603779475,0.005571855804099801,7.761904761904762,0.007472033243787868,0.09873528469502113,0.5110188927959407,-0.21978009301568768,0.4492458044777218,0.2230769230769231,100747.20332437879
2,-90,-30,5,-50,0,17,0.6470588235294118,1.0970965424484813,0.0016291225879688591,0.012793373216751114,6.823529411764706,0.006246928590286638,0.08195482345863958,0.47431003354636186,-0.20179135532296288,0.4061364438901388,0.17692307692307693,100624.69285902866
3,-90,-30,10,-50,0,15,0.6,1.1061808894249547,0.001779165740288624,0.0109722278043487,7.933333333333334,0.0060994554884621355,0.07995085526189771,0.4710268632330415,-0.20722058429611045,0.3858248712765472,0.18846153846153846,100609.94554884621
3,-90,-30,10,-50,50,15,0.6,1.1061808894249547,0.001779165740288624,0.0109722278043487,7.933333333333334,0.0060994554884621355,0.07995085526189771,0.4710268632330415,-0.20722058429611045,0.3858248712765472,0.18846153846153846,100609.94554884621
3,-90,-30,10,-50,100,15,0.6,1.1061808894249547,0.001779165740288624,0.0109722278043487,7.933333333333334,0.0060994554884621355,0.07995085526189771,0.4710268632330415,-0.20722058429611045,0.3858248712765472,0.18846153846153846,100609.94554884621
5,-85,-20,10,-80,0,15,0.6,1.108433729051778,0.0022125390105122824,0.013760095722405108,10.666666666666666,0.006488911046347301,0.08525047244920225,0.49201135160598525,-0.22201124503685477,0.3839916867051051,0.21153846153846154,100648.89110463473
5,-85,-20,10,-80,50,15,0.6,1.108433729051778,0.0022125390105122824,0.013760095722405108,10.666666666666666,0.006488911046347301,0.08525047244920225,0.49201135160598525,-0.22201124503685477,0.3839916867051051,0.21153846153846154,100648.89110463473
5,-85,-20,10,-80,100,15,0.6,1.108433729051778,0.0022125390105122824,0.013760095722405108,10.666666666666666,0.006488911046347301,0.08525047244920225,0.49201135160598525,-0.22201124503685477,0.3839916867051051,0.21153846153846154,100648.89110463473
3,-90,-50,3,-80,100,18,0.6666666666666666,1.095619484215625,0.0016472292321379294,0.006900722147715532,6.722222222222222,0.005873234133373151,0.076883443084522,0.47281632668135254,-0.22093989935033786,0.3479835163797653,0.19615384615384615,100587.32341333732
2,-80,-30,5,-100,0,19,0.6842105263157895,1.0921926718110586,0.0016603253912876987,0.012793373216751114,8.368421052631579,0.005955359213952294,0.07799607603272074,0.48676943488706664,-0.22518527429991486,0.34636401636476916,0.2076923076923077,100595.53592139523
10,-85,-20,3,-80,50,17,0.6470588235294118,1.101227169782278,0.0017862477251346016,0.005085252766975801,9.176470588235293,0.005092755072859667,0.06636214968184295,0.4679812528642625,-0.2044519868070156,0.3245854966647152,0.19615384615384615,100509.27550728597
4,-85,-50,7,-50,0,18,0.6666666666666666,1.0961971885981148,0.0018601428532516512,0.01443742476359755,9.11111111111111,0.005233645970829315,0.0682544072486555,0.4796013971738975,-0.24659526927134767,0.2767871721559668,0.22692307692307692,100523.36459708292
4,-85,-50,7,-50,50,18,0.6666666666666666,1.0961971885981148,0.0018601428532516512,0.01443742476359755,9.11111111111111,0.005233645970829315,0.0682544072486555,0.4796013971738975,-0.24659526927134767,0.2767871721559668,0.22692307692307692,100523.36459708292
4,-85,-50,7,-50,100,18,0.6666666666666666,1.0961971885981148,0.0018601428532516512,0.01443742476359755,9.11111111111111,0.005233645970829315,0.0682544072486555,0.4796013971738975,-0.24659526927134767,0.2767871721559668,0.22692307692307692,100523.36459708292
7,-80,-20,3,-50,0,21,0.6190476190476191,1.092372170271464,0.0014438121887490052,0.005085252766975801,7.857142857142857,0.004727477022977933,0.061470591565870425,0.46497950155628154,-0.22435146212524415,0.2739923822362008,0.23076923076923078,100472.7477022978
3,-85,-20,10,-100,0,13,0.5384615384615384,1.1030777875435254,0.002284274409746656,0.0179026217228464,11.692307692307692,0.003960588936337661,0.051268104501126954,0.4457532493511458,-0.20722058429611045,0.2474083579837163,0.18076923076923077,100396.05889363377
3,-85,-20,10,-100,50,13,0.5384615384615384,1.1030777875435254,0.002284274409746656,0.0179026217228464,11.692307692307692,0.003960588936337661,0.051268104501126954,0.4457532493511458,-0.20722058429611045,0.2474083579837163,0.18076923076923077,100396.05889363377
3,-85,-20,10,-100,100,13,0.5384615384615384,1.1030777875435254,0.002284274409746656,0.0179026217228464,11.692307692307692,0.003960588936337661,0.051268104501126954,0.4457532493511458,-0.20722058429611045,0.2474083579837163,0.18076923076923077,100396.05889363377
3,-80,-20,10,-100,0,13,0.5384615384615384,1.1030777875435254,0.002284274409746656,0.0179026217228464,11.692307692307692,0.003960588936337661,0.051268104501126954,0.4457532493511458,-0.20722058429611045,0.2474083579837163,0.18076923076923077,100396.05889363377
3,-80,-20,10,-100,50,13,0.5384615384615384,1.1030777875435254,0.002284274409746656,0.0179026217228464,11.692307692307692,0.003960588936337661,0.051268104501126954,0.4457532493511458,-0.20722058429611045,0.2474083579837163,0.18076923076923077,100396.05889363377
3,-80,-20,10,-100,100,13,0.5384615384615384,1.1030777875435254,0.002284274409746656,0.0179026217228464,11.692307692307692,0.003960588936337661,0.051268104501126954,0.4457532493511458,-0.20722058429611045,0.2474083579837163,0.18076923076923077,100396.05889363377
4,-85,-20,10,-100,0,13,0.5384615384615384,1.1030777875435254,0.002284274409746656,0.0179026217228464,11.692307692307692,0.003960588936337661,0.051268104501126954,0.4457532493511458,-0.20722058429611045,0.2474083579837163,0.18076923076923077,100396.05889363377
4,-85,-20,10,-100,50,13,0.5384615384615384,1.1030777875435254,0.002284274409746656,0.0179026217228464,11.692307692307692,0.003960588936337661,0.051268104501126954,0.4457532493511458,-0.20722058429611045,0.2474083579837163,0.18076923076923077,100396.05889363377
4,-85,-20,10,-100,100,13,0.5384615384615384,1.1030777875435254,0.002284274409746656,0.0179026217228464,11.692307692307692,0.003960588936337661,0.051268104501126954,0.4457532493511458,-0.20722058429611045,0.2474083579837163,0.18076923076923077,100396.05889363377
4,-80,-20,10,-100,0,13,0.5384615384615384,1.1030777875435254,0.002284274409746656,0.0179026217228464,11.692307692307692,0.003960588936337661,0.051268104501126954,0.4457532493511458,-0.20722058429611045,0.2474083579837163,0.18076923076923077,100396.05889363377
4,-80,-20,10,-100,50,13,0.5384615384615384,1.1030777875435254,0.002284274409746656,0.0179026217228464,11.692307692307692,0.003960588936337661,0.051268104501126954,0.4457532493511458,-0.20722058429611045,0.2474083579837163,0.18076923076923077,100396.05889363377
4,-80,-20,10,-100,100,13,0.5384615384615384,1.1030777875435254,0.002284274409746656,0.0179026217228464,11.692307692307692,0.003960588936337661,0.051268104501126954,0.4457532493511458,-0.20722058429611045,0.2474083579837163,0.18076923076923077,100396.05889363377
5,-85,-20,10,-100,0,13,0.5384615384615384,1.1030777875435254,0.002284274409746656,0.0179026217228464,11.692307692307692,0.003960588936337661,0.051268104501126954,0.4457532493511458,-0.20722058429611045,0.2474083579837163,0.18076923076923077,100396.05889363377
5,-85,-20,10,-100,50,13,0.5384615384615384,1.1030777875435254,0.002284274409746656,0.0179026217228464,11.692307692307692,0.003960588936337661,0.051268104501126954,0.4457532493511458,-0.20722058429611045,0.2474083579837163,0.18076923076923077,100396.05889363377
5,-85,-20,10,-100,100,13,0.5384615384615384,1.1030777875435254,0.002284274409746656,0.0179026217228464,11.692307692307692,0.003960588936337661,0.051268104501126954,0.4457532493511458,-0.20722058429611045,0.2474083579837163,0.18076923076923077,100396.05889363377
5,-80,-20,10,-100,0,13,0.5384615384615384,1.1030777875435254,0.002284274409746656,0.0179026217228464,11.692307692307692,0.003960588936337661,0.051268104501126954,0.4457532493511458,-0.20722058429611045,0.2474083579837163,0.18076923076923077,100396.05889363377
5,-80,-20,10,-100,50,13,0.5384615384615384,1.1030777875435254,0.002284274409746656,0.0179026217228464,11.692307692307692,0.003960588936337661,0.051268104501126954,0.4457532493511458,-0.20722058429611045,0.2474083579837163,0.18076923076923077,100396.05889363377
5,-80,-20,10,-100,100,13,0.5384615384615384,1.1030777875435254,0.002284274409746656,0.0179026217228464,11.692307692307692,0.003960588936337661,0.051268104501126954,0.4457532493511458,-0.20722058429611045,0.2474083579837163,0.18076923076923077,100396.05889363377
4,-85,-50,3,-50,0,21,0.6666666666666666,1.084836473739769,0.0014187735946968026,0.0109722278043487,7.761904761904762,0.004289323573544834,0.05563039753841492,0.45886265843465635,-0.23074533831658306,0.24109001700433014,0.2230769230769231,100428.93235735448
4,-85,-40,3,-50,0,21,0.6666666666666666,1.084836473739769,0.0014187735946968026,0.0109722278043487,7.761904761904762,0.004289323573544834,0.05563039753841492,0.45886265843465635,-0.23074533831658306,0.24109001700433014,0.2230769230769231,100428.93235735448
4,-85,-30,3,-50,0,21,0.6666666666666666,1.084836473739769,0.0014187735946968026,0.0109722278043487,7.761904761904762,0.004289323573544834,0.05563039753841492,0.45886265843465635,-0.23074533831658306,0.24109001700433014,0.2230769230769231,100428.93235735448
2,-90,-30,10,-50,0,15,0.6,1.0922949210261381,0.0016535901357797405,0.0179026217228464,7.8,0.0035801775225563492,0.04624078740562454,0.4266379710969119,-0.20722058429611045,0.22314765476941317,0.18076923076923077,100358.01775225563
2,-85,-20,7,-120,0,13,0.6153846153846154,1.101164226991204,0.002317707131269903,0.0179026217228464,11.384615384615385,0.0035659342907137237,0.0460529870779216,0.4378875654325602,-0.20722058429611045,0.2222413725661231,0.16538461538461538,100356.59342907136
2,-80,-20,7,-120,0,13,0.6153846153846154,1.101164226991204,0.002317707131269903,0.0179026217228464,11.384615384615385,0.0035659342907137237,0.0460529870779216,0.4378875654325602,-0.20722058429611045,0.2222413725661231,0.16538461538461538,100356.59342907136
5,-80,-20,10,-80,0,15,0.6,1.098587200245166,0.0020296552411165863,0.013760095722405108,10.733333333333333,0.0037197933463353205,0.048083299172298366,0.4444452738275077,-0.22201124503685465,0.21658046719352603,0.2153846153846154,100371.97933463354
5,-80,-20,10,-80,50,15,0.6,1.098587200245166,0.0020296552411165863,0.013760095722405108,10.733333333333333,0.0037197933463353205,0.048083299172298366,0.4444452738275077,-0.22201124503685465,0.21658046719352603,0.2153846153846154,100371.97933463354
5,-80,-20,10,-80,100,15,0.6,1.098587200245166,0.0020296552411165863,0.013760095722405108,10.733333333333333,0.0037197933463353205,0.048083299172298366,0.4444452738275077,-0.22201124503685465,0.21658046719352603,0.2153846153846154,100371.97933463354
7,-85,-20,3,-50,50,16,0.5625,1.095110798740822,0.001798140224735352,0.006398339614560045,9.6875,0.0033843540451548026,0.04366152838491555,0.4392925085696535,-0.20722058429611023,0.21070073001302278,0.19230769230769232,100338.43540451548
7,-90,-50,5,-120,0,12,0.5833333333333334,1.098015107285378,0.0021414063604485722,0.013658543926865163,9.083333333333334,0.003023671507169201,0.03892617335664461,0.4177374199138769,-0.20722058429611045,0.1878489701632178,0.15,100302.36715071692
7,-90,-50,5,-120,50,12,0.5833333333333334,1.098015107285378,0.0021414063604485722,0.013658543926865163,9.083333333333334,0.003023671507169201,0.03892617335664461,0.4177374199138769,-0.20722058429611045,0.1878489701632178,0.15,100302.36715071692
7,-90,-50,5,-120,100,12,0.5833333333333334,1.098015107285378,0.0021414063604485722,0.013658543926865163,9.083333333333334,0.003023671507169201,0.03892617335664461,0.4177374199138769,-0.20722058429611045,0.1878489701632178,0.15,100302.36715071692
7,-90,-40,5,-120,0,12,0.5833333333333334,1.098015107285378,0.0021414063604485722,0.013658543926865163,9.083333333333334,0.003023671507169201,0.03892617335664461,0.4177374199138769,-0.20722058429611045,0.1878489701632178,0.15,100302.36715071692
7,-90,-30,5,-120,0,12,0.5833333333333334,1.098015107285378,0.0021414063604485722,0.013658543926865163,9.083333333333334,0.003023671507169201,0.03892617335664461,0.4177374199138769,-0.20722058429611045,0.1878489701632178,0.15,100302.36715071692
2,-85,-20,7,-100,0,14,0.5714285714285714,1.098358098509923,0.002097805251151917,0.01404139814968186,10.714285714285714,0.0028023017124980676,0.03602964480339099,0.42477730350098697,-0.20722058429611057,0.17387097389854841,0.17307692307692307,100280.23017124982
3,-85,-30,10,-50,0,17,0.6470588235294118,1.0860597289257368,0.0015633062086047736,0.0109722278043487,9.411764705882353,0.0024914132275299927,0.03197435781093838,0.4272109537318057,-0.22201124503685465,0.1440213436289253,0.21153846153846154,100249.141322753
3,-85,-30,10,-50,50,17,0.6470588235294118,1.0860597289257368,0.0015633062086047736,0.0109722278043487,9.411764705882353,0.0024914132275299927,0.03197435781093838,0.4272109537318057,-0.22201124503685465,0.1440213436289253,0.21153846153846154,100249.141322753
3,-85,-30,10,-50,100,17,0.6470588235294118,1.0860597289257368,0.0015633062086047736,0.0109722278043487,9.411764705882353,0.0024914132275299927,0.03197435781093838,0.4272109537318057,-0.22201124503685465,0.1440213436289253,0.21153846153846154,100249.141322753
2,-85,-20,5,-120,50,13,0.6153846153846154,1.1009827059623858,0.0024041875686513416,0.0179026217228464,11.538461538461538,0.0021432144639252915,0.027449747061275565,0.4175472448246884,-0.2181744374038893,0.1258155968586732,0.17307692307692307,100214.32144639254
2,-85,-20,5,-120,100,13,0.6153846153846154,1.1009827059623858,0.0024041875686513416,0.0179026217228464,11.538461538461538,0.0021432144639252915,0.027449747061275565,0.4175472448246884,-0.2181744374038893,0.1258155968586732,0.17307692307692307,100214.32144639254
2,-80,-20,5,-120,50,13,0.6153846153846154,1.1009827059623858,0.0024041875686513416,0.0179026217228464,11.538461538461538,0.0021432144639252915,0.027449747061275565,0.4175472448246884,-0.2181744374038893,0.1258155968586732,0.17307692307692307,100214.32144639254
2,-80,-20,5,-120,100,13,0.6153846153846154,1.1009827059623858,0.0024041875686513416,0.0179026217228464,11.538461538461538,0.0021432144639252915,0.027449747061275565,0.4175472448246884,-0.2181744374038893,0.1258155968586732,0.17307692307692307,100214.32144639254
2,-85,-50,5,-50,0,22,0.6363636363636364,1.0783780347058343,0.0013167870050972115,0.010252399839447701,7.045454545454546,0.002014022988475306,0.025775641935887883,0.4257373815489687,-0.2293956657848325,0.11236324735125904,0.19230769230769232,100201.40229884753
2,-85,-50,5,-50,50,22,0.6363636363636364,1.0783780347058343,0.0013167870050972115,0.010252399839447701,7.045454545454546,0.002014022988475306,0.025775641935887883,0.4257373815489687,-0.2293956657848325,0.11236324735125904,0.19230769230769232,100201.40229884753
2,-85,-50,5,-50,100,22,0.6363636363636364,1.0783780347058343,0.0013167870050972115,0.010252399839447701,7.045454545454546,0.002014022988475306,0.025775641935887883,0.4257373815489687,-0.2293956657848325,0.11236324735125904,0.19230769230769232,100201.40229884753
2,-80,-30,7,-50,0,21,0.6666666666666666,1.0809141803786186,0.0013095432256859042,0.008409949397762073,8.047619047619047,0.001983084859516593,0.02537510860826009,0.4248981419002,-0.2308154044615185,0.10993680715314053,0.24615384615384617,100198.30848595165
3,-85,-20,7,-100,0,14,0.6428571428571429,1.0933766344856701,0.002021984913889195,0.01404139814968186,11.071428571428571,0.0016590828764677656,0.021189135686410232,0.40732004411822326,-0.22201124503685465,0.09544172270595014,0.19230769230769232,100165.90828764677
3,-85,-20,7,-100,50,14,0.6428571428571429,1.0933766344856701,0.002021984913889195,0.01404139814968186,11.071428571428571,0.0016590828764677656,0.021189135686410232,0.40732004411822326,-0.22201124503685465,0.09544172270595014,0.19230769230769232,100165.90828764677
3,-85,-20,7,-100,100,14,0.6428571428571429,1.0933766344856701,0.002021984913889195,0.01404139814968186,11.071428571428571,0.0016590828764677656,0.021189135686410232,0.40732004411822326,-0.22201124503685465,0.09544172270595014,0.19230769230769232,100165.90828764677
3,-80,-20,7,-100,0,14,0.6428571428571429,1.0933766344856701,0.002021984913889195,0.01404139814968186,11.071428571428571,0.0016590828764677656,0.021189135686410232,0.40732004411822326,-0.22201124503685465,0.09544172270595014,0.19230769230769232,100165.90828764677
3,-80,-20,7,-100,50,14,0.6428571428571429,1.0933766344856701,0.002021984913889195,0.01404139814968186,11.071428571428571,0.0016590828764677656,0.021189135686410232,0.40732004411822326,-0.22201124503685465,0.09544172270595014,0.19230769230769232,100165.90828764677
3,-80,-20,7,-100,100,14,0.6428571428571429,1.0933766344856701,0.002021984913889195,0.01404139814968186,11.071428571428571,0.0016590828764677656,0.021189135686410232,0.40732004411822326,-0.22201124503685465,0.09544172270595014,0.19230769230769232,100165.90828764677
4,-85,-20,7,-100,0,14,0.6428571428571429,1.0933766344856701,0.002021984913889195,0.01404139814968186,11.071428571428571,0.0016590828764677656,0.021189135686410232,0.40732004411822326,-0.22201124503685465,0.09544172270595014,0.19230769230769232,100165.90828764677
4,-85,-20,7,-100,50,14,0.6428571428571429,1.0933766344856701,0.002021984913889195,0.01404139814968186,11.071428571428571,0.0016590828764677656,0.021189135686410232,0.40732004411822326,-0.22201124503685465,0.09544172270595014,0.19230769230769232,100165.90828764677
4,-85,-20,7,-100,100,14,0.6428571428571429,1.0933766344856701,0.002021984913889195,0.01404139814968186,11.071428571428571,0.0016590828764677656,0.021189135686410232,0.40732004411822326,-0.22201124503685465,0.09544172270595014,0.19230769230769232,100165.90828764677
4,-80,-20,7,-100,0,14,0.6428571428571429,1.0933766344856701,0.002021984913889195,0.01404139814968186,11.071428571428571,0.0016590828764677656,0.021189135686410232,0.40732004411822326,-0.22201124503685465,0.09544172270595014,0.19230769230769232,100165.90828764677
4,-80,-20,7,-100,50,14,0.6428571428571429,1.0933766344856701,0.002021984913889195,0.01404139814968186,11.071428571428571,0.0016590828764677656,0.021189135686410232,0.40732004411822326,-0.22201124503685465,0.09544172270595014,0.19230769230769232,100165.90828764677
4,-80,-20,7,-100,100,14,0.6428571428571429,1.0933766344856701,0.002021984913889195,0.01404139814968186,11.071428571428571,0.0016590828764677656,0.021189135686410232,0.40732004411822326,-0.22201124503685465,0.09544172270595014,0.19230769230769232,100165.90828764677
5,-85,-20,7,-100,0,14,0.6428571428571429,1.0933766344856701,0.002021984913889195,0.01404139814968186,11.071428571428571,0.0016590828764677656,0.021189135686410232,0.40732004411822326,-0.22201124503685465,0.09544172270595014,0.19230769230769232,100165.90828764677
5,-85,-20,7,-100,50,14,0.6428571428571429,1.0933766344856701,0.002021984913889195,0.01404139814968186,11.071428571428571,0.0016590828764677656,0.021189135686410232,0.40732004411822326,-0.22201124503685465,0.09544172270595014,0.19230769230769232,100165.90828764677
5,-85,-20,7,-100,100,14,0.6428571428571429,1.0933766344856701,0.002021984913889195,0.01404139814968186,11.071428571428571,0.0016590828764677656,0.021189135686410232,0.40732004411822326,-0.22201124503685465,0.09544172270595014,0.19230769230769232,100165.90828764677
5,-80,-20,7,-100,0,14,0.6428571428571429,1.0933766344856701,0.002021984913889195,0.01404139814968186,11.071428571428571,0.0016590828764677656,0.021189135686410232,0.40732004411822326,-0.22201124503685465,0.09544172270595014,0.19230769230769232,100165.90828764677
5,-80,-20,7,-100,50,14,0.6428571428571429,1.0933766344856701,0.002021984913889195,0.01404139814968186,11.071428571428571,0.0016590828764677656,0.021189135686410232,0.40732004411822326,-0.22201124503685465,0.09544172270595014,0.19230769230769232,100165.90828764677
5,-80,-20,7,-100,100,14,0.6428571428571429,1.0933766344856701,0.002021984913889195,0.01404139814968186,11.071428571428571,0.0016590828764677656,0.021189135686410232,0.40732004411822326,-0.22201124503685465,0.09544172270595014,0.19230769230769232,100165.90828764677
7,-85,-40,10,-80,0,15,0.6666666666666666,1.0870977931102273,0.0016558921274883343,0.013760095722405108,10.466666666666667,0.0013427767600366902,0.017117776958048614,0.3985214369416205,-0.20722058429611045,0.0826065471062853,0.2,100134.27767600366
7,-85,-40,10,-80,50,15,0.6666666666666666,1.0870977931102273,0.0016558921274883343,0.013760095722405108,10.466666666666667,0.0013427767600366902,0.017117776958048614,0.3985214369416205,-0.20722058429611045,0.0826065471062853,0.2,100134.27767600366
7,-85,-40,10,-80,100,15,0.6666666666666666,1.0870977931102273,0.0016558921274883343,0.013760095722405108,10.466666666666667,0.0013427767600366902,0.017117776958048614,0.3985214369416205,-0.20722058429611045,0.0826065471062853,0.2,100134.27767600366
7,-85,-30,10,-80,0,15,0.6666666666666666,1.0870977931102273,0.0016558921274883343,0.013760095722405108,10.466666666666667,0.0013427767600366902,0.017117776958048614,0.3985214369416205,-0.20722058429611045,0.0826065471062853,0.2,100134.27767600366
7,-85,-30,10,-80,50,15,0.6666666666666666,1.0870977931102273,0.0016558921274883343,0.013760095722405108,10.466666666666667,0.0013427767600366902,0.017117776958048614,0.3985214369416205,-0.20722058429611045,0.0826065471062853,0.2,100134.27767600366
7,-85,-30,10,-80,100,15,0.6666666666666666,1.0870977931102273,0.0016558921274883343,0.013760095722405108,10.466666666666667,0.0013427767600366902,0.017117776958048614,0.3985214369416205,-0.20722058429611045,0.0826065471062853,0.2,100134.27767600366
7,-90,-50,3,-50,50,15,0.5333333333333333,1.0840190237781389,0.001565478270557678,0.005085252766975801,7.6,0.0010519682197127622,0.013387807364718451,0.3859116155839911,-0.20722058429611034,0.06460655156530098,0.16923076923076924,100105.19682197127
2,-90,-30,7,-80,0,15,0.6,1.080924215343674,0.001400691042907883,0.012793373216751114,7.4,0.0001364293440531128,0.001727018716612072,0.3603158688440533,-0.20722058429611034,0.008334204454052826,0.1576923076923077,100013.6429344053
2,-90,-30,7,-80,50,15,0.6,1.080924215343674,0.001400691042907883,0.012793373216751114,7.4,0.0001364293440531128,0.001727018716612072,0.3603158688440533,-0.20722058429611034,0.008334204454052826,0.1576923076923077,100013.6429344053
2,-90,-30,7,-80,100,15,0.6,1.080924215343674,0.001400691042907883,0.012793373216751114,7.4,0.0001364293440531128,0.001727018716612072,0.3603158688440533,-0.20722058429611034,0.008334204454052826,0.1576923076923077,100013.6429344053
10,-80,-50,10,-80,0,17,0.7058823529411765,1.0789915796160305,0.0014017053437793364,0.009414466130883925,9.235294117647058,6.783487809824962e-05,0.0008583586177661751,0.37507450494446637,-0.20722058429611045,0.0041422459099893895,0.2,100006.78348780982
10,-80,-50,10,-80,50,17,0.7058823529411765,1.0789915796160305,0.0014017053437793364,0.009414466130883925,9.235294117647058,6.783487809824962e-05,0.0008583586177661751,0.37507450494446637,-0.20722058429611045,0.0041422459099893895,0.2,100006.78348780982
10,-80,-50,10,-80,100,17,0.7058823529411765,1.0789915796160305,0.0014017053437793364,0.009414466130883925,9.235294117647058,6.783487809824962e-05,0.0008583586177661751,0.37507450494446637,-0.20722058429611045,0.0041422459099893895,0.2,100006.78348780982
5,-85,-40,3,-50,50,19,0.631578947368421,1.0807057435189042,0.001437887281295902,0.0077114264621442885,8.736842105263158,-0.000311424978271857,-0.003931968116005158,0.3837547467982395,-0.23276073521351826,-0.01689274658974697,0.23461538461538461,99968.85750217282
5,-85,-30,3,-50,50,19,0.631578947368421,1.0807057435189042,0.001437887281295902,0.0077114264621442885,8.736842105263158,-0.000311424978271857,-0.003931968116005158,0.3837547467982395,-0.23276073521351826,-0.01689274658974697,0.23461538461538461,99968.85750217282
4,-80,-40,3,-80,50,18,0.5555555555555556,1.0822282467258575,0.0014620320310636105,0.009341827133246494,11.333333333333334,-0.00039148801271327027,-0.004940519148545652,0.3883481967109067,-0.23692996117193377,-0.020852234660860173,0.24615384615384617,99960.85119872868
4,-80,-30,3,-80,50,18,0.5555555555555556,1.0822282467258575,0.0014620320310636105,0.009341827133246494,11.333333333333334,-0.00039148801271327027,-0.004940519148545652,0.3883481967109067,-0.23692996117193377,-0.020852234660860173,0.24615384615384617,99960.85119872868
2,-85,-30,3,-80,0,23,0.6956521739130435,1.0698435856526627,0.0011155367668147123,0.010394238622021046,7.130434782608695,-0.000670019914930875,-0.008441852665967864,0.38274456174029214,-0.22291810863095096,-0.037869748302699166,0.22692307692307692,99932.99800850691
10,-80,-40,7,-120,0,14,0.6428571428571429,1.08009478379208,0.0016315197943198737,0.015731400630211168,10.785714285714286,-0.0006606636159853796,-0.008324422095147943,0.3615219307607735,-0.20722058429611045,-0.04017179144352115,0.17692307692307693,99933.93363840146
10,-80,-40,7,-120,50,14,0.6428571428571429,1.08009478379208,0.0016315197943198737,0.015731400630211168,10.785714285714286,-0.0006606636159853796,-0.008324422095147943,0.3615219307607735,-0.20722058429611045,-0.04017179144352115,0.17692307692307693,99933.93363840146
10,-80,-40,7,-120,100,14,0.6428571428571429,1.08009478379208,0.0016315197943198737,0.015731400630211168,10.785714285714286,-0.0006606636159853796,-0.008324422095147943,0.3615219307607735,-0.20722058429611045,-0.04017179144352115,0.17692307692307693,99933.93363840146
10,-80,-40,7,-100,0,14,0.6428571428571429,1.08009478379208,0.0016315197943198737,0.015731400630211168,10.785714285714286,-0.0006606636159853796,-0.008324422095147943,0.3615219307607735,-0.20722058429611045,-0.04017179144352115,0.17692307692307693,99933.93363840146
10,-80,-40,7,-100,50,14,0.6428571428571429,1.08009478379208,0.0016315197943198737,0.015731400630211168,10.785714285714286,-0.0006606636159853796,-0.008324422095147943,0.3615219307607735,-0.20722058429611045,-0.04017179144352115,0.17692307692307693,99933.93363840146
10,-80,-40,7,-100,100,14,0.6428571428571429,1.08009478379208,0.0016315197943198737,0.015731400630211168,10.785714285714286,-0.0006606636159853796,-0.008324422095147943,0.3615219307607735,-0.20722058429611045,-0.04017179144352115,0.17692307692307693,99933.93363840146
10,-80,-40,10,-100,0,14,0.6428571428571429,1.08009478379208,0.0016315197943198737,0.015731400630211168,10.785714285714286,-0.0006606636159853796,-0.008324422095147943,0.3615219307607735,-0.20722058429611045,-0.04017179144352115,0.17692307692307693,99933.93363840146
10,-80,-40,10,-100,50,14,0.6428571428571429,1.08009478379208,0.0016315197943198737,0.015731400630211168,10.785714285714286,-0.0006606636159853796,-0.008324422095147943,0.3615219307607735,-0.20722058429611045,-0.04017179144352115,0.17692307692307693,99933.93363840146
10,-80,-40,10,-100,100,14,0.6428571428571429,1.08009478379208,0.0016315197943198737,0.015731400630211168,10.785714285714286,-0.0006606636159853796,-0.008324422095147943,0.3615219307607735,-0.20722058429611045,-0.04017179144352115,0.17692307692307693,99933.93363840146
10,-80,-30,7,-120,0,14,0.6428571428571429,1.08009478379208,0.0016315197943198737,0.015731400630211168,10.785714285714286,-0.0006606636159853796,-0.008324422095147943,0.3615219307607735,-0.20722058429611045,-0.04017179144352115,0.17692307692307693,99933.93363840146
10,-80,-30,7,-100,0,14,0.6428571428571429,1.08009478379208,0.0016315197943198737,0.015731400630211168,10.785714285714286,-0.0006606636159853796,-0.008324422095147943,0.3615219307607735,-0.20722058429611045,-0.04017179144352115,0.17692307692307693,99933.93363840146
10,-80,-30,10,-100,0,14,0.6428571428571429,1.08009478379208,0.0016315197943198737,0.015731400630211168,10.785714285714286,-0.0006606636159853796,-0.008324422095147943,0.3615219307607735,-0.20722058429611045,-0.04017179144352115,0.17692307692307693,99933.93363840146
10,-90,-50,3,-80,50,15,0.6,1.0779342774208176,0.0014390583111392186,0.005085252766975801,7.533333333333333,-0.0007333081777015638,-0.009235845143377164,0.3530617082981738,-0.20722058429611045,-0.0445701143771484,0.16538461538461538,99926.66918222985
7,-90,-40,3,-80,50,14,0.5,1.080691019703071,0.0015158357415609527,0.001287109719357693,8.071428571428571,-0.0008318325473957167,-0.01047073233638085,0.35237831627447636,-0.20722058429611034,-0.0505294026264233,0.16538461538461538,99916.81674526042
7,-90,-30,3,-80,50,14,0.5,1.080691019703071,0.0015158357415609527,0.001287109719357693,8.071428571428571,-0.0008318325473957167,-0.01047073233638085,0.35237831627447636,-0.20722058429611034,-0.0505294026264233,0.16538461538461538,99916.81674526042
2,-80,-30,7,-80,0,17,0.6470588235294118,1.0754797035201038,0.0014055847326309647,0.012793373216751114,9.0,-0.0010088248353998797,-0.012685562900233482,0.36522705266784616,-0.22201124503685465,-0.057139280932043034,0.18461538461538463,99899.11751646001
3,-85,-20,5,-120,0,13,0.6153846153846154,1.0875232250147586,0.002109534400672536,0.0179026217228464,11.538461538461538,-0.0011116898680438858,-0.013970687666470916,0.3610616039831785,-0.218946255426414,-0.0638087536106154,0.17307692307692307,99888.83101319561
3,-90,-40,3,-80,50,18,0.6111111111111112,1.0722843065770606,0.0012384729468083752,0.008910287679647522,6.833333333333333,-0.0013062142551515388,-0.01639673097412575,0.34073849597695877,-0.22093989935033775,-0.07421353509411148,0.20384615384615384,99869.37857448484
4,-90,-50,3,-50,50,17,0.5882352941176471,1.0769719754746685,0.0014641530470558795,0.0109722278043487,7.352941176470588,-0.0016183999240972913,-0.020278718785700423,0.3395054791168384,-0.24891104748284365,-0.08146974186470428,0.21153846153846154,99838.16000759027
7,-80,-20,5,-120,0,13,0.6153846153846154,1.080686064669553,0.0018723198147439545,0.017553501540511274,11.461538461538462,-0.0016231518149297797,-0.02033769875170688,0.346659923313194,-0.20722058429611034,-0.098145166518038,0.16923076923076924,99837.68481850703
4,-85,-40,3,-80,50,18,0.6111111111111112,1.0761291076449042,0.0014649682331239816,0.009341827133246494,9.055555555555555,-0.001875082722011423,-0.023459960357358534,0.360584615757703,-0.236929961171934,-0.0990164360865034,0.2230769230769231,99812.49172779886
4,-85,-30,3,-80,50,18,0.6111111111111112,1.0761291076449042,0.0014649682331239816,0.009341827133246494,9.055555555555555,-0.001875082722011423,-0.023459960357358534,0.360584615757703,-0.236929961171934,-0.0990164360865034,0.2230769230769231,99812.49172779886
5,-90,-40,3,-50,50,16,0.5625,1.0795112379498053,0.0013966178834809093,0.006595358993505607,7.5625,-0.00178962242816183,-0.022401851730237343,0.3308614000209362,-0.2181744374038893,-0.10267862723425542,0.19615384615384615,99821.03775718382
5,-90,-30,3,-50,50,16,0.5625,1.0795112379498053,0.0013966178834809093,0.006595358993505607,7.5625,-0.00178962242816183,-0.022401851730237343,0.3308614000209362,-0.2181744374038893,-0.10267862723425542,0.19615384615384615,99821.03775718382
5,-90,-20,3,-50,50,16,0.5625,1.0795112379498053,0.0013966178834809093,0.006595358993505607,7.5625,-0.00178962242816183,-0.022401851730237343,0.3308614000209362,-0.2181744374038893,-0.10267862723425542,0.19615384615384615,99821.03775718382
3,-85,-40,3,-80,0,22,0.6818181818181818,1.0661065160069574,0.0011090249603300567,0.011882800510549907,7.454545454545454,-0.001956316138998715,-0.024464756953025857,0.36033953056846557,-0.23212763396433578,-0.10539355670503511,0.22692307692307692,99804.36838610013
5,-80,-50,3,-80,0,21,0.6666666666666666,1.0673838317982878,0.0010192043688424075,0.0068483475549463435,9.619047619047619,-0.002265929422594515,-0.02828571781717526,0.3485349232684018,-0.2166833076490271,-0.13053944082758356,0.23846153846153847,99773.40705774055
5,-80,-40,3,-80,0,21,0.6666666666666666,1.0673838317982878,0.0010192043688424075,0.0068483475549463435,9.619047619047619,-0.002265929422594515,-0.02828571781717526,0.3485349232684018,-0.2166833076490271,-0.13053944082758356,0.23846153846153847,99773.40705774055
5,-80,-30,3,-80,0,21,0.6666666666666666,1.0673838317982878,0.0010192043688424075,0.0068483475549463435,9.619047619047619,-0.002265929422594515,-0.02828571781717526,0.3485349232684018,-0.2166833076490271,-0.13053944082758356,0.23846153846153847,99773.40705774055
2,-90,-30,5,-100,50,16,0.625,1.0697435739873546,0.0011714548255063253,0.011882800510549907,7.25,-0.0022003924618956283,-0.027478073081642962,0.31808308908785765,-0.20179135532296288,-0.1361707147348551,0.17692307692307693,99779.96075381043
2,-90,-30,5,-100,100,16,0.625,1.0697435739873546,0.0011714548255063253,0.011882800510549907,7.25,-0.0022003924618956283,-0.027478073081642962,0.31808308908785765,-0.20179135532296288,-0.1361707147348551,0.17692307692307693,99779.96075381043
2,-90,-30,5,-80,50,16,0.625,1.0697435739873546,0.0011714548255063253,0.011882800510549907,7.25,-0.0022003924618956283,-0.027478073081642962,0.31808308908785765,-0.20179135532296288,-0.1361707147348551,0.17692307692307693,99779.96075381043
2,-90,-30,5,-80,100,16,0.625,1.0697435739873546,0.0011714548255063253,0.011882800510549907,7.25,-0.0022003924618956283,-0.027478073081642962,0.31808308908785765,-0.20179135532296288,-0.1361707147348551,0.17692307692307693,99779.96075381043
7,-85,-20,5,-120,50,12,0.5833333333333334,1.0816104762725252,0.0019394599500532534,0.013658543926865163,12.333333333333334,-0.0023327860810958834,-0.02910898933400008,0.33458246487945603,-0.20722058429611034,-0.14047344491802244,0.16538461538461538,99766.72139189042
7,-85,-20,5,-120,100,12,0.5833333333333334,1.0816104762725252,0.0019394599500532534,0.013658543926865163,12.333333333333334,-0.0023327860810958834,-0.02910898933400008,0.33458246487945603,-0.20722058429611034,-0.14047344491802244,0.16538461538461538,99766.72139189042
10,-80,-50,3,-50,50,21,0.6666666666666666,1.064884542301119,0.0010064116582486997,0.005571855804099801,7.761904761904762,-0.0025500028454872314,-0.031779360297195636,0.33820462271995066,-0.21995608246839105,-0.1444804796510345,0.2230769230769231,99744.99971545128
10,-90,-50,3,-50,0,16,0.625,1.0701497981465864,0.0012143603565936134,0.00802874028566225,7.125,-0.0025272964154777755,-0.03150053397325536,0.319820166101808,-0.20722058429611045,-0.15201450222841897,0.16923076923076924,99747.27035845222
10,-90,-40,3,-50,0,16,0.625,1.0701497981465864,0.0012143603565936134,0.00802874028566225,7.125,-0.0025272964154777755,-0.03150053397325536,0.319820166101808,-0.20722058429611045,-0.15201450222841897,0.16923076923076924,99747.27035845222
10,-90,-30,3,-50,0,16,0.625,1.0701497981465864,0.0012143603565936134,0.00802874028566225,7.125,-0.0025272964154777755,-0.03150053397325536,0.319820166101808,-0.20722058429611045,-0.15201450222841897,0.16923076923076924,99747.27035845222
3,-90,-40,5,-80,0,17,0.6470588235294118,1.0675562114357906,0.001232243437832315,0.0109722278043487,7.176470588235294,-0.0027152185493141134,-0.03380592149996975,0.31749195252460205,-0.22165033005786972,-0.1525191570485977,0.2,99728.47814506858
7,-80,-40,10,-100,0,14,0.6428571428571429,1.0733589371468806,0.0014943115191633494,0.017728061631678838,10.857142857142858,-0.0026016460547944043,-0.03241324401343482,0.3278409141553499,-0.20722058429611057,-0.15641903589615155,0.18076923076923077,99739.83539452056
7,-80,-40,10,-100,50,14,0.6428571428571429,1.0733589371468806,0.0014943115191633494,0.017728061631678838,10.857142857142858,-0.0026016460547944043,-0.03241324401343482,0.3278409141553499,-0.20722058429611057,-0.15641903589615155,0.18076923076923077,99739.83539452056
7,-80,-40,10,-100,100,14,0.6428571428571429,1.0733589371468806,0.0014943115191633494,0.017728061631678838,10.857142857142858,-0.0026016460547944043,-0.03241324401343482,0.3278409141553499,-0.20722058429611057,-0.15641903589615155,0.18076923076923077,99739.83539452056
7,-80,-30,10,-100,0,14,0.6428571428571429,1.0733589371468806,0.0014943115191633494,0.017728061631678838,10.857142857142858,-0.0026016460547944043,-0.03241324401343482,0.3278409141553499,-0.20722058429611057,-0.15641903589615155,0.18076923076923077,99739.83539452056
7,-80,-30,10,-100,50,14,0.6428571428571429,1.0733589371468806,0.0014943115191633494,0.017728061631678838,10.857142857142858,-0.0026016460547944043,-0.03241324401343482,0.3278409141553499,-0.20722058429611057,-0.15641903589615155,0.18076923076923077,99739.83539452056
7,-80,-30,10,-100,100,14,0.6428571428571429,1.0733589371468806,0.0014943115191633494,0.017728061631678838,10.857142857142858,-0.0026016460547944043,-0.03241324401343482,0.3278409141553499,-0.20722058429611057,-0.15641903589615155,0.18076923076923077,99739.83539452056
2,-80,-50,3,-80,0,25,0.68,1.0636447385302,0.0008928235808404361,0.006953096740484721,8.08,-0.0031670524064248973,-0.039328252039279366,0.3438844673047525,-0.23009521912762376,-0.1709216392604216,0.23846153846153847,99683.29475935751
2,-80,-50,3,-80,50,25,0.68,1.0636447385302,0.0008928235808404361,0.006953096740484721,8.08,-0.0031670524064248973,-0.039328252039279366,0.3438844673047525,-0.23009521912762376,-0.1709216392604216,0.23846153846153847,99683.29475935751
2,-80,-50,3,-80,100,25,0.68,1.0636447385302,0.0008928235808404361,0.006953096740484721,8.08,-0.0031670524064248973,-0.039328252039279366,0.3438844673047525,-0.23009521912762376,-0.1709216392604216,0.23846153846153847,99683.29475935751
2,-85,-40,5,-80,50,20,0.65,1.0665536040760037,0.0011470725557179817,0.009873234978617917,7.75,-0.003092230203829982,-0.038415785130040514,0.33775985108169126,-0.22093989935033786,-0.1738743669341758,0.19230769230769232,99690.776979617
2,-85,-40,5,-80,100,20,0.65,1.0665536040760037,0.0011470725557179817,0.009873234978617917,7.75,-0.003092230203829982,-0.038415785130040514,0.33775985108169126,-0.22093989935033786,-0.1738743669341758,0.19230769230769232,99690.776979617
2,-85,-40,3,-80,0,23,0.6956521739130435,1.0615763903675475,0.0009810168110818069,0.009353365738695052,7.043478260869565,-0.0037081541403328755,-0.04590336343011925,0.3321803556913448,-0.22291810863095107,-0.2059202983195677,0.21923076923076923,99629.18458596671
2,-90,-20,5,-100,0,15,0.6,1.071356228269565,0.001412381729288185,0.012793373216751114,7.8,-0.004137363848541908,-0.051089333897878286,0.28974408153442205,-0.2181744374038893,-0.23416736857810977,0.18076923076923077,99586.26361514581
2,-90,-20,5,-80,0,15,0.6,1.071356228269565,0.001412381729288185,0.012793373216751114,7.8,-0.004137363848541908,-0.051089333897878286,0.28974408153442205,-0.2181744374038893,-0.23416736857810977,0.18076923076923077,99586.26361514581
4,-85,-30,7,-120,0,14,0.6428571428571429,1.0682425232926251,0.0013900908685299726,0.01404139814968186,10.857142857142858,-0.003993245127130063,-0.04935090668381026,0.30266174495287884,-0.20722058429611045,-0.23815639190211751,0.18076923076923077,99600.675487287
4,-85,-30,7,-120,50,14,0.6428571428571429,1.0682425232926251,0.0013900908685299726,0.01404139814968186,10.857142857142858,-0.003993245127130063,-0.04935090668381026,0.30266174495287884,-0.20722058429611045,-0.23815639190211751,0.18076923076923077,99600.675487287
4,-85,-30,7,-120,100,14,0.6428571428571429,1.0682425232926251,0.0013900908685299726,0.01404139814968186,10.857142857142858,-0.003993245127130063,-0.04935090668381026,0.30266174495287884,-0.20722058429611045,-0.23815639190211751,0.18076923076923077,99600.675487287
4,-80,-30,7,-120,0,14,0.6428571428571429,1.0682425232926251,0.0013900908685299726,0.01404139814968186,10.857142857142858,-0.003993245127130063,-0.04935090668381026,0.30266174495287884,-0.20722058429611045,-0.23815639190211751,0.18076923076923077,99600.675487287
4,-80,-30,7,-120,50,14,0.6428571428571429,1.0682425232926251,0.0013900908685299726,0.01404139814968186,10.857142857142858,-0.003993245127130063,-0.04935090668381026,0.30266174495287884,-0.20722058429611045,-0.23815639190211751,0.18076923076923077,99600.675487287
4,-80,-30,7,-120,100,14,0.6428571428571429,1.0682425232926251,0.0013900908685299726,0.01404139814968186,10.857142857142858,-0.003993245127130063,-0.04935090668381026,0.30266174495287884,-0.20722058429611045,-0.23815639190211751,0.18076923076923077,99600.675487287
5,-85,-40,7,-120,0,14,0.6428571428571429,1.0682425232926251,0.0013900908685299726,0.01404139814968186,10.857142857142858,-0.003993245127130063,-0.04935090668381026,0.30266174495287884,-0.20722058429611045,-0.23815639190211751,0.18076923076923077,99600.675487287
5,-85,-40,7,-120,50,14,0.6428571428571429,1.0682425232926251,0.0013900908685299726,0.01404139814968186,10.857142857142858,-0.003993245127130063,-0.04935090668381026,0.30266174495287884,-0.20722058429611045,-0.23815639190211751,0.18076923076923077,99600.675487287
5,-85,-40,7,-120,100,14,0.6428571428571429,1.0682425232926251,0.0013900908685299726,0.01404139814968186,10.857142857142858,-0.003993245127130063,-0.04935090668381026,0.30266174495287884,-0.20722058429611045,-0.23815639190211751,0.18076923076923077,99600.675487287
5,-85,-30,7,-120,0,14,0.6428571428571429,1.0682425232926251,0.0013900908685299726,0.01404139814968186,10.857142857142858,-0.003993245127130063,-0.04935090668381026,0.30266174495287884,-0.20722058429611045,-0.23815639190211751,0.18076923076923077,99600.675487287
5,-85,-30,7,-120,50,14,0.6428571428571429,1.0682425232926251,0.0013900908685299726,0.01404139814968186,10.857142857142858,-0.003993245127130063,-0.04935090668381026,0.30266174495287884,-0.20722058429611045,-0.23815639190211751,0.18076923076923077,99600.675487287
5,-85,-30,7,-120,100,14,0.6428571428571429,1.0682425232926251,0.0013900908685299726,0.01404139814968186,10.857142857142858,-0.003993245127130063,-0.04935090668381026,0.30266174495287884,-0.20722058429611045,-0.23815639190211751,0.18076923076923077,99600.675487287
5,-80,-40,7,-120,0,14,0.6428571428571429,1.0682425232926251,0.0013900908685299726,0.01404139814968186,10.857142857142858,-0.003993245127130063,-0.04935090668381026,0.30266174495287884,-0.20722058429611045,-0.23815639190211751,0.18076923076923077,99600.675487287
5,-80,-40,7,-120,50,14,0.6428571428571429,1.0682425232926251,0.0013900908685299726,0.01404139814968186,10.857142857142858,-0.003993245127130063,-0.04935090668381026,0.30266174495287884,-0.20722058429611045,-0.23815639190211751,0.18076923076923077,99600.675487287
5,-80,-40,7,-120,100,14,0.6428571428571429,1.0682425232926251,0.0013900908685299726,0.01404139814968186,10.857142857142858,-0.003993245127130063,-0.04935090668381026,0.30266174495287884,-0.20722058429611045,-0.23815639190211751,0.18076923076923077,99600.675487287
5,-80,-30,7,-120,0,14,0.6428571428571429,1.0682425232926251,0.0013900908685299726,0.01404139814968186,10.857142857142858,-0.003993245127130063,-0.04935090668381026,0.30266174495287884,-0.20722058429611045,-0.23815639190211751,0.18076923076923077,99600.675487287
5,-80,-30,7,-120,50,14,0.6428571428571429,1.0682425232926251,0.0013900908685299726,0.01404139814968186,10.857142857142858,-0.003993245127130063,-0.04935090668381026,0.30266174495287884,-0.20722058429611045,-0.23815639190211751,0.18076923076923077,99600.675487287
5,-80,-30,7,-120,100,14,0.6428571428571429,1.0682425232926251,0.0013900908685299726,0.01404139814968186,10.857142857142858,-0.003993245127130063,-0.04935090668381026,0.30266174495287884,-0.20722058429611045,-0.23815639190211751,0.18076923076923077,99600.675487287
5,-85,-20,5,-120,50,13,0.6153846153846154,1.0760572343382964,0.0017367172660964002,0.0109722278043487,11.846153846153847,-0.005322196989832273,-0.06527076451916691,0.28537514282126825,-0.2181744374038893,-0.29916779113006825,0.18846153846153846,99467.78030101677
5,-85,-20,5,-120,100,13,0.6153846153846154,1.0760572343382964,0.0017367172660964002,0.0109722278043487,11.846153846153847,-0.005322196989832273,-0.06527076451916691,0.28537514282126825,-0.2181744374038893,-0.29916779113006825,0.18846153846153846,99467.78030101677
4,-85,-30,5,-120,50,14,0.6428571428571429,1.0693473470502142,0.0014703941318127372,0.01443742476359755,11.0,-0.005405248573395416,-0.06625746254000298,0.28416316778258033,-0.2181744374038892,-0.3036903100492279,0.18846153846153846,99459.47514266046
4,-85,-30,5,-120,100,14,0.6428571428571429,1.0693473470502142,0.0014703941318127372,0.01443742476359755,11.0,-0.005405248573395416,-0.06625746254000298,0.28416316778258033,-0.2181744374038892,-0.3036903100492279,0.18846153846153846,99459.47514266046
2,-80,-20,7,-100,50,14,0.5714285714285714,1.0672856326856264,0.0015214933963325153,0.01832497937441857,13.571428571428571,-0.006251990179507727,-0.07626261545695057,0.27295338369017563,-0.22201124503685477,-0.34350789503608553,0.19230769230769232,99374.80098204923
2,-80,-20,7,-100,100,14,0.5714285714285714,1.0672856326856264,0.0015214933963325153,0.01832497937441857,13.571428571428571,-0.006251990179507727,-0.07626261545695057,0.27295338369017563,-0.22201124503685477,-0.34350789503608553,0.19230769230769232,99374.80098204923
3,-90,-50,5,-80,0,17,0.6470588235294118,1.0545948082698047,0.000995823963487375,0.006953096740484721,7.117647058823529,-0.006679935021647432,-0.08128159225774967,0.24573579596529269,-0.22165033005786972,-0.3667109010689414,0.19615384615384615,99332.00649783526
3,-90,-50,5,-80,50,17,0.6470588235294118,1.0545948082698047,0.000995823963487375,0.006953096740484721,7.117647058823529,-0.006679935021647432,-0.08128159225774967,0.24573579596529269,-0.22165033005786972,-0.3667109010689414,0.19615384615384615,99332.00649783526
3,-90,-50,5,-80,100,17,0.6470588235294118,1.0545948082698047,0.000995823963487375,0.006953096740484721,7.117647058823529,-0.006679935021647432,-0.08128159225774967,0.24573579596529269,-0.22165033005786972,-0.3667109010689414,0.19615384615384615,99332.00649783526
10,-85,-40,3,-50,50,18,0.6666666666666666,1.054582784556109,0.0009096549727528602,0.006398339614560045,8.722222222222221,-0.006692110335230983,-0.08142401734378335,0.26100360407591483,-0.20445198680701537,-0.3982549576328668,0.2,99330.7889664769
10,-85,-30,3,-50,50,18,0.6666666666666666,1.054582784556109,0.0009096549727528602,0.006398339614560045,8.722222222222221,-0.006692110335230983,-0.08142401734378335,0.26100360407591483,-0.20445198680701537,-0.3982549576328668,0.2,99330.7889664769
2,-85,-50,3,-50,0,24,0.6666666666666666,1.0500546695542872,0.0007817831673364908,0.00853239610041967,6.666666666666667,-0.007881537591803656,-0.09524015460426039,0.2631445966832338,-0.22884875619487688,-0.41617073296722806,0.21153846153846154,99211.84624081964
2,-85,-50,3,-50,50,24,0.6666666666666666,1.0500546695542872,0.0007817831673364908,0.00853239610041967,6.666666666666667,-0.007881537591803656,-0.09524015460426039,0.2631445966832338,-0.22884875619487688,-0.41617073296722806,0.21153846153846154,99211.84624081964
2,-85,-50,3,-50,100,24,0.6666666666666666,1.0500546695542872,0.0007817831673364908,0.00853239610041967,6.666666666666667,-0.007881537591803656,-0.09524015460426039,0.2631445966832338,-0.22884875619487688,-0.41617073296722806,0.21153846153846154,99211.84624081964
2,-85,-20,10,-100,0,13,0.5384615384615384,1.0642645546810134,0.0014760845338161166,0.0179026217228464,11.307692307692308,-0.007303521737705876,-0.08855012711224186,0.24686804243940683,-0.20722058429611057,-0.42732302590995014,0.16153846153846155,99269.64782622941
2,-85,-20,10,-100,50,13,0.5384615384615384,1.0642645546810134,0.0014760845338161166,0.0179026217228464,11.307692307692308,-0.007303521737705876,-0.08855012711224186,0.24686804243940683,-0.20722058429611057,-0.42732302590995014,0.16153846153846155,99269.64782622941
2,-85,-20,10,-100,100,13,0.5384615384615384,1.0642645546810134,0.0014760845338161166,0.0179026217228464,11.307692307692308,-0.007303521737705876,-0.08855012711224186,0.24686804243940683,-0.20722058429611057,-0.42732302590995014,0.16153846153846155,99269.64782622941
2,-80,-20,10,-100,0,13,0.5384615384615384,1.0642645546810134,0.0014760845338161166,0.0179026217228464,11.307692307692308,-0.007303521737705876,-0.08855012711224186,0.24686804243940683,-0.20722058429611057,-0.42732302590995014,0.16153846153846155,99269.64782622941
2,-80,-20,10,-100,50,13,0.5384615384615384,1.0642645546810134,0.0014760845338161166,0.0179026217228464,11.307692307692308,-0.007303521737705876,-0.08855012711224186,0.24686804243940683,-0.20722058429611057,-0.42732302590995014,0.16153846153846155,99269.64782622941
2,-80,-20,10,-100,100,13,0.5384615384615384,1.0642645546810134,0.0014760845338161166,0.0179026217228464,11.307692307692308,-0.007303521737705876,-0.08855012711224186,0.24686804243940683,-0.20722058429611057,-0.42732302590995014,0.16153846153846155,99269.64782622941
3,-90,-20,3,-80,50,17,0.5882352941176471,1.0552623951848863,0.0009976013036710376,0.0109722278043487,7.352941176470588,-0.008571545664080471,-0.10316716898031508,0.21238931701044006,-0.23692996117193388,-0.43543319076243536,0.21153846153846154,99142.84543359195
7,-90,-20,3,-80,0,14,0.5,1.0592914366895574,0.001183653563465765,0.001287109719357693,8.0,-0.007496600057073977,-0.09078988991669823,0.2336719052131972,-0.20722058429611034,-0.43813161817439394,0.16153846153846155,99250.3399942926
10,-85,-20,5,-120,0,13,0.6153846153846154,1.0588695634294072,0.001366067988885295,0.0109722278043487,11.461538461538462,-0.00808039590067633,-0.09753128981267623,0.232146183313232,-0.20722058429611034,-0.47066410001676146,0.16923076923076924,99191.96040993236
10,-80,-20,5,-120,0,13,0.6153846153846154,1.0588695634294072,0.001366067988885295,0.0109722278043487,11.461538461538462,-0.00808039590067633,-0.09753128981267623,0.232146183313232,-0.20722058429611034,-0.47066410001676146,0.16923076923076924,99191.96040993236
2,-90,-30,3,-80,50,18,0.6111111111111112,1.0456858767884047,0.0007196752331510416,0.010162796771521876,6.555555555555555,-0.008137963292350503,-0.09819355139913788,0.21149315698114332,-0.20179135532296277,-0.48660930614188697,0.18461538461538463,99186.20367076495
4,-90,-50,5,-80,0,16,0.625,1.0506039875504514,0.00097592797268789,0.01443742476359755,7.75,-0.00997029968603802,-0.11904057456641104,0.19015409412915515,-0.237625810423011,-0.500958100277492,0.2076923076923077,99002.9700313962
4,-90,-50,5,-80,50,16,0.625,1.0506039875504514,0.00097592797268789,0.01443742476359755,7.75,-0.00997029968603802,-0.11904057456641104,0.19015409412915515,-0.237625810423011,-0.500958100277492,0.2076923076923077,99002.9700313962
4,-90,-50,5,-80,100,16,0.625,1.0506039875504514,0.00097592797268789,0.01443742476359755,7.75,-0.00997029968603802,-0.11904057456641104,0.19015409412915515,-0.237625810423011,-0.500958100277492,0.2076923076923077,99002.9700313962
4,-90,-50,5,-50,0,16,0.625,1.0506039875504514,0.00097592797268789,0.01443742476359755,7.75,-0.00997029968603802,-0.11904057456641104,0.19015409412915515,-0.237625810423011,-0.500958100277492,0.2076923076923077,99002.9700313962
4,-90,-50,5,-50,50,16,0.625,1.0506039875504514,0.00097592797268789,0.01443742476359755,7.75,-0.00997029968603802,-0.11904057456641104,0.19015409412915515,-0.237625810423011,-0.500958100277492,0.2076923076923077,99002.9700313962
4,-90,-50,5,-50,100,16,0.625,1.0506039875504514,0.00097592797268789,0.01443742476359755,7.75,-0.00997029968603802,-0.11904057456641104,0.19015409412915515,-0.237625810423011,-0.500958100277492,0.2076923076923077,99002.9700313962
4,-90,-50,7,-50,0,16,0.625,1.0506039875504514,0.00097592797268789,0.01443742476359755,7.75,-0.00997029968603802,-0.11904057456641104,0.19015409412915515,-0.237625810423011,-0.500958100277492,0.2076923076923077,99002.9700313962
4,-90,-50,7,-50,50,16,0.625,1.0506039875504514,0.00097592797268789,0.01443742476359755,7.75,-0.00997029968603802,-0.11904057456641104,0.19015409412915515,-0.237625810423011,-0.500958100277492,0.2076923076923077,99002.9700313962
4,-90,-50,7,-50,100,16,0.625,1.0506039875504514,0.00097592797268789,0.01443742476359755,7.75,-0.00997029968603802,-0.11904057456641104,0.19015409412915515,-0.237625810423011,-0.500958100277492,0.2076923076923077,99002.9700313962
2,-85,-20,10,-80,0,14,0.5714285714285714,1.0577980644626883,0.0012703635293778873,0.012807024092495345,10.785714285714286,-0.008774000512163371,-0.10548086321956784,0.22356057139902055,-0.20722058429611045,-0.5090269558782811,0.17692307692307693,99122.59994878367
2,-85,-20,10,-80,50,14,0.5714285714285714,1.0577980644626883,0.0012703635293778873,0.012807024092495345,10.785714285714286,-0.008774000512163371,-0.10548086321956784,0.22356057139902055,-0.20722058429611045,-0.5090269558782811,0.17692307692307693,99122.59994878367
2,-85,-20,10,-80,100,14,0.5714285714285714,1.0577980644626883,0.0012703635293778873,0.012807024092495345,10.785714285714286,-0.008774000512163371,-0.10548086321956784,0.22356057139902055,-0.20722058429611045,-0.5090269558782811,0.17692307692307693,99122.59994878367
3,-85,-20,10,-80,0,14,0.5714285714285714,1.054028916490167,0.0011917666353102635,0.012807024092495345,11.142857142857142,-0.009904022084154862,-0.11829431838592808,0.20774767313736114,-0.22201124503685465,-0.5328303004034358,0.19615384615384615,99009.59779158451
3,-85,-20,10,-80,50,14,0.5714285714285714,1.054028916490167,0.0011917666353102635,0.012807024092495345,11.142857142857142,-0.009904022084154862,-0.11829431838592808,0.20774767313736114,-0.22201124503685465,-0.5328303004034358,0.19615384615384615,99009.59779158451
3,-85,-20,10,-80,100,14,0.5714285714285714,1.054028916490167,0.0011917666353102635,0.012807024092495345,11.142857142857142,-0.009904022084154862,-0.11829431838592808,0.20774767313736114,-0.22201124503685465,-0.5328303004034358,0.19615384615384615,99009.59779158451
3,-80,-20,10,-80,0,14,0.5714285714285714,1.054028916490167,0.0011917666353102635,0.012807024092495345,11.142857142857142,-0.009904022084154862,-0.11829431838592808,0.20774767313736114,-0.22201124503685465,-0.5328303004034358,0.19615384615384615,99009.59779158451
3,-80,-20,10,-80,50,14,0.5714285714285714,1.054028916490167,0.0011917666353102635,0.012807024092495345,11.142857142857142,-0.009904022084154862,-0.11829431838592808,0.20774767313736114,-0.22201124503685465,-0.5328303004034358,0.19615384615384615,99009.59779158451
3,-80,-20,10,-80,100,14,0.5714285714285714,1.054028916490167,0.0011917666353102635,0.012807024092495345,11.142857142857142,-0.009904022084154862,-0.11829431838592808,0.20774767313736114,-0.22201124503685465,-0.5328303004034358,0.19615384615384615,99009.59779158451
4,-85,-20,10,-80,0,14,0.5714285714285714,1.054028916490167,0.0011917666353102635,0.012807024092495345,11.142857142857142,-0.009904022084154862,-0.11829431838592808,0.20774767313736114,-0.22201124503685465,-0.5328303004034358,0.19615384615384615,99009.59779158451
4,-85,-20,10,-80,50,14,0.5714285714285714,1.054028916490167,0.0011917666353102635,0.012807024092495345,11.142857142857142,-0.009904022084154862,-0.11829431838592808,0.20774767313736114,-0.22201124503685465,-0.5328303004034358,0.19615384615384615,99009.59779158451
4,-85,-20,10,-80,100,14,0.5714285714285714,1.054028916490167,0.0011917666353102635,0.012807024092495345,11.142857142857142,-0.009904022084154862,-0.11829431838592808,0.20774767313736114,-0.22201124503685465,-0.5328303004034358,0.19615384615384615,99009.59779158451
4,-80,-20,10,-80,0,14,0.5714285714285714,1.054028916490167,0.0011917666353102635,0.012807024092495345,11.142857142857142,-0.009904022084154862,-0.11829431838592808,0.20774767313736114,-0.22201124503685465,-0.5328303004034358,0.19615384615384615,99009.59779158451
4,-80,-20,10,-80,50,14,0.5714285714285714,1.054028916490167,0.0011917666353102635,0.012807024092495345,11.142857142857142,-0.009904022084154862,-0.11829431838592808,0.20774767313736114,-0.22201124503685465,-0.5328303004034358,0.19615384615384615,99009.59779158451
4,-80,-20,10,-80,100,14,0.5714285714285714,1.054028916490167,0.0011917666353102635,0.012807024092495345,11.142857142857142,-0.009904022084154862,-0.11829431838592808,0.20774767313736114,-0.22201124503685465,-0.5328303004034358,0.19615384615384615,99009.59779158451
10,-85,-50,10,-80,0,15,0.6666666666666666,1.0472900695307947,0.0009510504278648524,0.013760095722405108,10.333333333333334,-0.009427274045830991,-0.11290916913854276,0.20680055349751902,-0.20722058429611045,-0.5448742919149373,0.19230769230769232,99057.2725954169
10,-85,-50,10,-80,50,15,0.6666666666666666,1.0472900695307947,0.0009510504278648524,0.013760095722405108,10.333333333333334,-0.009427274045830991,-0.11290916913854276,0.20680055349751902,-0.20722058429611045,-0.5448742919149373,0.19230769230769232,99057.2725954169
10,-85,-50,10,-80,100,15,0.6666666666666666,1.0472900695307947,0.0009510504278648524,0.013760095722405108,10.333333333333334,-0.009427274045830991,-0.11290916913854276,0.20680055349751902,-0.20722058429611045,-0.5448742919149373,0.19230769230769232,99057.2725954169
2,-90,-20,3,-50,50,18,0.6111111111111112,1.0446611537912691,0.0007324844956682557,0.011882800510549907,6.722222222222222,-0.01028262707301586,-0.12254941857156942,0.17626196280275266,-0.2181744374038892,-0.5617038367547309,0.19615384615384615,98971.73729269841
3,-90,-50,3,-50,50,19,0.631578947368421,1.0393885533951177,0.0006735179730965601,0.0068483475549463435,6.421052631578948,-0.011007100954813387,-0.13063902930047278,0.16323682469069317,-0.2285482400034835,-0.5716037423805215,0.2,98899.28990451866
3,-80,-40,10,-50,0,19,0.631578947368421,1.0420516989646267,0.0007292959918613749,0.0109722278043487,8.526315789473685,-0.011065431487880528,-0.1312873618979048,0.1949566237337419,-0.2192943004859892,-0.5986811403987803,0.21923076923076923,98893.45685121194
3,-80,-40,10,-50,50,19,0.631578947368421,1.0420516989646267,0.0007292959918613749,0.0109722278043487,8.526315789473685,-0.011065431487880528,-0.1312873618979048,0.1949566237337419,-0.2192943004859892,-0.5986811403987803,0.21923076923076923,98893.45685121194
3,-80,-40,10,-50,100,19,0.631578947368421,1.0420516989646267,0.0007292959918613749,0.0109722278043487,8.526315789473685,-0.011065431487880528,-0.1312873618979048,0.1949566237337419,-0.2192943004859892,-0.5986811403987803,0.21923076923076923,98893.45685121194
4,-85,-40,5,-120,50,14,0.6428571428571429,1.0489775954927607,0.0010384877297570808,0.01443742476359755,10.928571428571429,-0.011363163751034189,-0.13458966721203314,0.17952605464019183,-0.2181744374038892,-0.616890176564901,0.18461538461538463,98863.68362489658
4,-85,-40,5,-120,100,14,0.6428571428571429,1.0489775954927607,0.0010384877297570808,0.01443742476359755,10.928571428571429,-0.011363163751034189,-0.13458966721203314,0.17952605464019183,-0.2181744374038892,-0.616890176564901,0.18461538461538463,98863.68362489658
7,-80,-50,10,-80,0,16,0.6875,1.0417626691110093,0.0007873958407299611,0.010735761092274698,9.8125,-0.011048985524274024,-0.13110461328004286,0.17831828314434145,-0.20722058429611045,-0.6326814188145482,0.2,98895.1014475726
7,-80,-50,10,-80,50,16,0.6875,1.0417626691110093,0.0007873958407299611,0.010735761092274698,9.8125,-0.011048985524274024,-0.13110461328004286,0.17831828314434145,-0.20722058429611045,-0.6326814188145482,0.2,98895.1014475726
7,-80,-50,10,-80,100,16,0.6875,1.0417626691110093,0.0007873958407299611,0.010735761092274698,9.8125,-0.011048985524274024,-0.13110461328004286,0.17831828314434145,-0.20722058429611045,-0.6326814188145482,0.2,98895.1014475726
3,-85,-50,3,-80,0,22,0.6818181818181818,1.0342538923616507,0.0005746547225924229,0.007332261601314505,7.363636363636363,-0.01351078428899044,-0.15806976009835005,0.16637042427937634,-0.23798799492193345,-0.6641921587271713,0.21923076923076923,98648.92157110096
10,-85,-20,3,-50,0,18,0.6666666666666666,1.0370440298546764,0.0006512910564566031,0.006398339614560045,8.666666666666666,-0.013317787939655212,-0.15598396368539535,0.14595947745330481,-0.2044519868070157,-0.7629368935046359,0.19615384615384615,98668.22120603448
2,-85,-20,5,-120,0,13,0.6153846153846154,1.0453007351128176,0.001135967310999118,0.0179026217228464,11.461538461538462,-0.014443927555453429,-0.16808785126897974,0.12759412983250523,-0.2189462554264141,-0.7677128386672618,0.16923076923076924,98555.60724445466
2,-80,-20,5,-120,0,13,0.6153846153846154,1.0453007351128176,0.001135967310999118,0.0179026217228464,11.461538461538462,-0.014443927555453429,-0.16808785126897974,0.12759412983250523,-0.2189462554264141,-0.7677128386672618,0.16923076923076924,98555.60724445466
7,-85,-40,7,-120,0,13,0.6153846153846154,1.0325449185846658,0.0007139305833001768,0.0179026217228464,11.461538461538462,-0.014030585889877378,-0.16366389744732068,0.12318909244069945,-0.20722058429611045,-0.789805211693888,0.16923076923076924,98596.94141101226
7,-85,-40,7,-120,50,13,0.6153846153846154,1.0325449185846658,0.0007139305833001768,0.0179026217228464,11.461538461538462,-0.014030585889877378,-0.16366389744732068,0.12318909244069945,-0.20722058429611045,-0.789805211693888,0.16923076923076924,98596.94141101226
7,-85,-40,7,-120,100,13,0.6153846153846154,1.0325449185846658,0.0007139305833001768,0.0179026217228464,11.461538461538462,-0.014030585889877378,-0.16366389744732068,0.12318909244069945,-0.20722058429611045,-0.789805211693888,0.16923076923076924,98596.94141101226
7,-85,-30,7,-120,0,13,0.6153846153846154,1.0325449185846658,0.0007139305833001768,0.0179026217228464,11.461538461538462,-0.014030585889877378,-0.16366389744732068,0.12318909244069945,-0.20722058429611045,-0.789805211693888,0.16923076923076924,98596.94141101226
7,-85,-30,7,-120,50,13,0.6153846153846154,1.0325449185846658,0.0007139305833001768,0.0179026217228464,11.461538461538462,-0.014030585889877378,-0.16366389744732068,0.12318909244069945,-0.20722058429611045,-0.789805211693888,0.16923076923076924,98596.94141101226
7,-85,-30,7,-120,100,13,0.6153846153846154,1.0325449185846658,0.0007139305833001768,0.0179026217228464,11.461538461538462,-0.014030585889877378,-0.16366389744732068,0.12318909244069945,-0.20722058429611045,-0.789805211693888,0.16923076923076924,98596.94141101226
10,-85,-40,7,-120,0,13,0.6153846153846154,1.0325449185846658,0.0007139305833001768,0.0179026217228464,11.461538461538462,-0.014030585889877378,-0.16366389744732068,0.12318909244069945,-0.20722058429611045,-0.789805211693888,0.16923076923076924,98596.94141101226
10,-85,-40,7,-120,50,13,0.6153846153846154,1.0325449185846658,0.0007139305833001768,0.0179026217228464,11.461538461538462,-0.014030585889877378,-0.16366389744732068,0.12318909244069945,-0.20722058429611045,-0.789805211693888,0.16923076923076924,98596.94141101226
10,-85,-40,7,-120,100,13,0.6153846153846154,1.0325449185846658,0.0007139305833001768,0.0179026217228464,11.461538461538462,-0.014030585889877378,-0.16366389744732068,0.12318909244069945,-0.20722058429611045,-0.789805211693888,0.16923076923076924,98596.94141101226
10,-85,-40,7,-100,0,13,0.6153846153846154,1.0325449185846658,0.0007139305833001768,0.0179026217228464,11.461538461538462,-0.014030585889877378,-0.16366389744732068,0.12318909244069945,-0.20722058429611045,-0.789805211693888,0.16923076923076924,98596.94141101226
10,-85,-40,7,-100,50,13,0.6153846153846154,1.0325449185846658,0.0007139305833001768,0.0179026217228464,11.461538461538462,-0.014030585889877378,-0.16366389744732068,0.12318909244069945,-0.20722058429611045,-0.789805211693888,0.16923076923076924,98596.94141101226
10,-85,-40,7,-100,100,13,0.6153846153846154,1.0325449185846658,0.0007139305833001768,0.0179026217228464,11.461538461538462,-0.014030585889877378,-0.16366389744732068,0.12318909244069945,-0.20722058429611045,-0.789805211693888,0.16923076923076924,98596.94141101226
10,-85,-40,10,-100,0,13,0.6153846153846154,1.0325449185846658,0.0007139305833001768,0.0179026217228464,11.461538461538462,-0.014030585889877378,-0.16366389744732068,0.12318909244069945,-0.20722058429611045,-0.789805211693888,0.16923076923076924,98596.94141101226
10,-85,-40,10,-100,50,13,0.6153846153846154,1.0325449185846658,0.0007139305833001768,0.0179026217228464,11.461538461538462,-0.014030585889877378,-0.16366389744732068,0.12318909244069945,-0.20722058429611045,-0.789805211693888,0.16923076923076924,98596.94141101226
10,-85,-40,10,-100,100,13,0.6153846153846154,1.0325449185846658,0.0007139305833001768,0.0179026217228464,11.461538461538462,-0.014030585889877378,-0.16366389744732068,0.12318909244069945,-0.20722058429611045,-0.789805211693888,0.16923076923076924,98596.94141101226
10,-85,-30,7,-120,0,13,0.6153846153846154,1.0325449185846658,0.0007139305833001768,0.0179026217228464,11.461538461538462,-0.014030585889877378,-0.16366389744732068,0.12318909244069945,-0.20722058429611045,-0.789805211693888,0.16923076923076924,98596.94141101226
10,-85,-30,7,-120,50,13,0.6153846153846154,1.0325449185846658,0.0007139305833001768,0.0179026217228464,11.461538461538462,-0.014030585889877378,-0.16366389744732068,0.12318909244069945,-0.20722058429611045,-0.789805211693888,0.16923076923076924,98596.94141101226
10,-85,-30,7,-120,100,13,0.6153846153846154,1.0325449185846658,0.0007139305833001768,0.0179026217228464,11.461538461538462,-0.014030585889877378,-0.16366389744732068,0.12318909244069945,-0.20722058429611045,-0.789805211693888,0.16923076923076924,98596.94141101226
10,-85,-30,7,-100,0,13,0.6153846153846154,1.0325449185846658,0.0007139305833001768,0.0179026217228464,11.461538461538462,-0.014030585889877378,-0.16366389744732068,0.12318909244069945,-0.20722058429611045,-0.789805211693888,0.16923076923076924,98596.94141101226
10,-85,-30,7,-100,50,13,0.6153846153846154,1.0325449185846658,0.0007139305833001768,0.0179026217228464,11.461538461538462,-0.014030585889877378,-0.16366389744732068,0.12318909244069945,-0.20722058429611045,-0.789805211693888,0.16923076923076924,98596.94141101226
10,-85,-30,7,-100,100,13,0.6153846153846154,1.0325449185846658,0.0007139305833001768,0.0179026217228464,11.461538461538462,-0.014030585889877378,-0.16366389744732068,0.12318909244069945,-0.20722058429611045,-0.789805211693888,0.16923076923076924,98596.94141101226
10,-85,-30,10,-100,0,13,0.6153846153846154,1.0325449185846658,0.0007139305833001768,0.0179026217228464,11.461538461538462,-0.014030585889877378,-0.16366389744732068,0.12318909244069945,-0.20722058429611045,-0.789805211693888,0.16923076923076924,98596.94141101226
10,-85,-30,10,-100,50,13,0.6153846153846154,1.0325449185846658,0.0007139305833001768,0.0179026217228464,11.461538461538462,-0.014030585889877378,-0.16366389744732068,0.12318909244069945,-0.20722058429611045,-0.789805211693888,0.16923076923076924,98596.94141101226
10,-85,-30,10,-100,100,13,0.6153846153846154,1.0325449185846658,0.0007139305833001768,0.0179026217228464,11.461538461538462,-0.014030585889877378,-0.16366389744732068,0.12318909244069945,-0.20722058429611045,-0.789805211693888,0.16923076923076924,98596.94141101226
4,-80,-50,3,-80,50,18,0.5555555555555556,1.029209035047249,0.0005460951783147822,0.009341827133246494,11.277777777777779,-0.0169366764776,-0.1943138112613334,0.11048208464534982,-0.2456887042408712,-0.7908943630995332,0.2423076923076923,98306.33235224
5,-85,-50,3,-50,50,19,0.631578947368421,1.0305155811510542,0.0005701576313233279,0.0077114264621442885,8.68421052631579,-0.01685793861994289,-0.19349720114586066,0.10101371738176582,-0.23652614677245098,-0.8180795391387061,0.23076923076923078,98314.20613800571
2,-80,-20,7,-100,0,14,0.5714285714285714,1.035979756510914,0.0008135906544682246,0.01404139814968186,10.785714285714286,-0.015906696453779734,-0.18357121350117878,0.0978233571460545,-0.22201124503685477,-0.8268554751391318,0.17692307692307693,98409.33035462203
7,-85,-20,3,-80,50,15,0.5333333333333333,1.0331344656983101,0.0006681937713183261,0.005085252766975801,10.2,-0.015080268112096062,-0.1748564277137048,0.11813748272995848,-0.20722058429611023,-0.8438178490214162,0.18461538461538463,98491.97318879039
4,-85,-50,3,-80,50,18,0.6111111111111112,1.0272348550293666,0.0005490313803751534,0.009341827133246494,9.0,-0.01839571521945993,-0.2093087520585668,0.08014324257064943,-0.24653414535035523,-0.84900512162773,0.21923076923076923,98160.428478054
7,-80,-40,5,-120,50,13,0.6153846153846154,1.0283586379932421,0.0006220970844171409,0.017553501540511274,11.461538461538462,-0.015186010038124254,-0.1759762483857802,0.1021878562951295,-0.20722058429611045,-0.849221852083559,0.16923076923076924,98481.39899618758
7,-80,-40,5,-120,100,13,0.6153846153846154,1.0283586379932421,0.0006220970844171409,0.017553501540511274,11.461538461538462,-0.015186010038124254,-0.1759762483857802,0.1021878562951295,-0.20722058429611045,-0.849221852083559,0.16923076923076924,98481.39899618758
7,-80,-30,5,-120,50,13,0.6153846153846154,1.0283586379932421,0.0006220970844171409,0.017553501540511274,11.461538461538462,-0.015186010038124254,-0.1759762483857802,0.1021878562951295,-0.20722058429611045,-0.849221852083559,0.16923076923076924,98481.39899618758
7,-80,-30,5,-120,100,13,0.6153846153846154,1.0283586379932421,0.0006220970844171409,0.017553501540511274,11.461538461538462,-0.015186010038124254,-0.1759762483857802,0.1021878562951295,-0.20722058429611045,-0.849221852083559,0.16923076923076924,98481.39899618758
7,-85,-50,10,-80,0,15,0.6666666666666666,1.0276847495466237,0.0005567679041897403,0.013760095722405108,10.4,-0.015231116680017198,-0.17645350756875378,0.10355953559709749,-0.20722058429611045,-0.8515249977126226,0.19615384615384615,98476.88833199829
7,-85,-50,10,-80,50,15,0.6666666666666666,1.0276847495466237,0.0005567679041897403,0.013760095722405108,10.4,-0.015231116680017198,-0.17645350756875378,0.10355953559709749,-0.20722058429611045,-0.8515249977126226,0.19615384615384615,98476.88833199829
7,-85,-50,10,-80,100,15,0.6666666666666666,1.0276847495466237,0.0005567679041897403,0.013760095722405108,10.4,-0.015231116680017198,-0.17645350756875378,0.10355953559709749,-0.20722058429611045,-0.8515249977126226,0.19615384615384615,98476.88833199829
4,-80,-50,7,-50,0,18,0.6111111111111112,1.0183067917904094,0.0003631908462939617,0.009341827133246494,9.166666666666666,-0.021376126762154724,-0.23914372324667965,0.03879671082612282,-0.2665388204457443,-0.8972191099470965,0.23076923076923078,97862.38732378453
4,-80,-50,7,-50,50,18,0.6111111111111112,1.0183067917904094,0.0003631908462939617,0.009341827133246494,9.166666666666666,-0.021376126762154724,-0.23914372324667965,0.03879671082612282,-0.2665388204457443,-0.8972191099470965,0.23076923076923078,97862.38732378453
4,-80,-50,7,-50,100,18,0.6111111111111112,1.0183067917904094,0.0003631908462939617,0.009341827133246494,9.166666666666666,-0.021376126762154724,-0.23914372324667965,0.03879671082612282,-0.2665388204457443,-0.8972191099470965,0.23076923076923078,97862.38732378453
7,-80,-50,7,-120,0,15,0.6666666666666666,1.0239378944100164,0.0004814149132515988,0.01018017457651732,10.133333333333333,-0.01631897336565291,-0.18788695833990965,0.0810298236901289,-0.20722058429611057,-0.9067002632876767,0.18076923076923077,98368.1026634347
7,-80,-50,7,-120,50,15,0.6666666666666666,1.0239378944100164,0.0004814149132515988,0.01018017457651732,10.133333333333333,-0.01631897336565291,-0.18788695833990965,0.0810298236901289,-0.20722058429611057,-0.9067002632876767,0.18076923076923077,98368.1026634347
7,-80,-50,7,-120,100,15,0.6666666666666666,1.0239378944100164,0.0004814149132515988,0.01018017457651732,10.133333333333333,-0.01631897336565291,-0.18788695833990965,0.0810298236901289,-0.20722058429611057,-0.9067002632876767,0.18076923076923077,98368.1026634347
10,-80,-20,3,-80,50,18,0.6111111111111112,1.0283798452946062,0.00048756589718235155,0.0042887599448876434,8.833333333333334,-0.016276510928756593,-0.1874434309691405,0.10289042631954305,-0.2066488072722038,-0.9070627285171532,0.2076923076923077,98372.34890712434
5,-85,-40,3,-80,50,18,0.6111111111111112,1.0253241322895803,0.000476251184368411,0.006398339614560045,9.11111111111111,-0.018708036145547502,-0.21248497552569368,0.06958579862712762,-0.23276073521351826,-0.9128901201088533,0.22692307692307692,98129.19638544525
5,-85,-30,3,-80,50,18,0.6111111111111112,1.0253241322895803,0.000476251184368411,0.006398339614560045,9.11111111111111,-0.018708036145547502,-0.21248497552569368,0.06958579862712762,-0.23276073521351826,-0.9128901201088533,0.22692307692307692,98129.19638544525
5,-90,-50,3,-50,50,16,0.5625,1.0196923762655092,0.0003661889241384775,0.006595358993505607,7.5,-0.018311669436042677,-0.20845201582977102,0.02532331763157634,-0.22832693013426353,-0.9129541386431927,0.19230769230769232,98168.83305639573
7,-80,-50,3,-50,50,21,0.6190476190476191,1.0157722644384923,0.00024652649790022984,0.004246814888833272,7.809523809523809,-0.018275513489600437,-0.20808319057958036,0.06539443989011741,-0.22452642044205806,-0.9267648331536952,0.22692307692307692,98172.44865103996
3,-90,-20,7,-100,0,13,0.6153846153846154,1.0138011139890117,0.00026082592083951874,0.01018017457651732,8.846153846153847,-0.017284909492571,-0.19791630038609853,0.019122476068404642,-0.20722058429611057,-0.9550996155057813,0.17307692307692307,98271.5090507429
3,-90,-20,7,-100,50,13,0.6153846153846154,1.0138011139890117,0.00026082592083951874,0.01018017457651732,8.846153846153847,-0.017284909492571,-0.19791630038609853,0.019122476068404642,-0.20722058429611057,-0.9550996155057813,0.17307692307692307,98271.5090507429
3,-90,-20,7,-100,100,13,0.6153846153846154,1.0138011139890117,0.00026082592083951874,0.01018017457651732,8.846153846153847,-0.017284909492571,-0.19791630038609853,0.019122476068404642,-0.20722058429611057,-0.9550996155057813,0.17307692307692307,98271.5090507429
4,-90,-30,7,-100,0,13,0.6153846153846154,1.0138011139890117,0.00026082592083951874,0.01018017457651732,8.846153846153847,-0.017284909492571,-0.19791630038609853,0.019122476068404642,-0.20722058429611057,-0.9550996155057813,0.17307692307692307,98271.5090507429
4,-90,-30,7,-100,50,13,0.6153846153846154,1.0138011139890117,0.00026082592083951874,0.01018017457651732,8.846153846153847,-0.017284909492571,-0.19791630038609853,0.019122476068404642,-0.20722058429611057,-0.9550996155057813,0.17307692307692307,98271.5090507429
4,-90,-30,7,-100,100,13,0.6153846153846154,1.0138011139890117,0.00026082592083951874,0.01018017457651732,8.846153846153847,-0.017284909492571,-0.19791630038609853,0.019122476068404642,-0.20722058429611057,-0.9550996155057813,0.17307692307692307,98271.5090507429
4,-90,-20,7,-100,0,13,0.6153846153846154,1.0138011139890117,0.00026082592083951874,0.01018017457651732,8.846153846153847,-0.017284909492571,-0.19791630038609853,0.019122476068404642,-0.20722058429611057,-0.9550996155057813,0.17307692307692307,98271.5090507429
4,-90,-20,7,-100,50,13,0.6153846153846154,1.0138011139890117,0.00026082592083951874,0.01018017457651732,8.846153846153847,-0.017284909492571,-0.19791630038609853,0.019122476068404642,-0.20722058429611057,-0.9550996155057813,0.17307692307692307,98271.5090507429
4,-90,-20,7,-100,100,13,0.6153846153846154,1.0138011139890117,0.00026082592083951874,0.01018017457651732,8.846153846153847,-0.017284909492571,-0.19791630038609853,0.019122476068404642,-0.20722058429611057,-0.9550996155057813,0.17307692307692307,98271.5090507429
5,-90,-40,7,-100,0,13,0.6153846153846154,1.0138011139890117,0.00026082592083951874,0.01018017457651732,8.846153846153847,-0.017284909492571,-0.19791630038609853,0.019122476068404642,-0.20722058429611057,-0.9550996155057813,0.17307692307692307,98271.5090507429
5,-90,-40,7,-100,50,13,0.6153846153846154,1.0138011139890117,0.00026082592083951874,0.01018017457651732,8.846153846153847,-0.017284909492571,-0.19791630038609853,0.019122476068404642,-0.20722058429611057,-0.9550996155057813,0.17307692307692307,98271.5090507429
5,-90,-40,7,-100,100,13,0.6153846153846154,1.0138011139890117,0.00026082592083951874,0.01018017457651732,8.846153846153847,-0.017284909492571,-0.19791630038609853,0.019122476068404642,-0.20722058429611057,-0.9550996155057813,0.17307692307692307,98271.5090507429
5,-90,-30,7,-100,0,13,0.6153846153846154,1.0138011139890117,0.00026082592083951874,0.01018017457651732,8.846153846153847,-0.017284909492571,-0.19791630038609853,0.019122476068404642,-0.20722058429611057,-0.9550996155057813,0.17307692307692307,98271.5090507429
5,-90,-30,7,-100,50,13,0.6153846153846154,1.0138011139890117,0.00026082592083951874,0.01018017457651732,8.846153846153847,-0.017284909492571,-0.19791630038609853,0.019122476068404642,-0.20722058429611057,-0.9550996155057813,0.17307692307692307,98271.5090507429
5,-90,-30,7,-100,100,13,0.6153846153846154,1.0138011139890117,0.00026082592083951874,0.01018017457651732,8.846153846153847,-0.017284909492571,-0.19791630038609853,0.019122476068404642,-0.20722058429611057,-0.9550996155057813,0.17307692307692307,98271.5090507429
5,-90,-20,7,-100,0,13,0.6153846153846154,1.0138011139890117,0.00026082592083951874,0.01018017457651732,8.846153846153847,-0.017284909492571,-0.19791630038609853,0.019122476068404642,-0.20722058429611057,-0.9550996155057813,0.17307692307692307,98271.5090507429
5,-90,-20,7,-100,50,13,0.6153846153846154,1.0138011139890117,0.00026082592083951874,0.01018017457651732,8.846153846153847,-0.017284909492571,-0.19791630038609853,0.019122476068404642,-0.20722058429611057,-0.9550996155057813,0.17307692307692307,98271.5090507429
5,-90,-20,7,-100,100,13,0.6153846153846154,1.0138011139890117,0.00026082592083951874,0.01018017457651732,8.846153846153847,-0.017284909492571,-0.19791630038609853,0.019122476068404642,-0.20722058429611057,-0.9550996155057813,0.17307692307692307,98271.5090507429
7,-90,-50,3,-80,50,14,0.5,1.0169412075823943,0.000338202645169602,0.001287109719357693,8.0,-0.017369732575631236,-0.1987915500015427,0.05136884883664779,-0.20722058429611034,-0.9593233735770049,0.16153846153846155,98263.02674243688
2,-90,-40,3,-50,50,19,0.631578947368421,1.0124849746828049,0.0001857127898196616,0.009353365738695052,6.105263157894737,-0.016974387367610144,-0.19470465063346876,0.04569786827291208,-0.201791355322963,-0.9648810293277821,0.17692307692307693,98302.56126323898
2,-90,-40,3,-50,100,19,0.631578947368421,1.0124849746828049,0.0001857127898196616,0.009353365738695052,6.105263157894737,-0.016974387367610144,-0.19470465063346876,0.04569786827291208,-0.201791355322963,-0.9648810293277821,0.17692307692307693,98302.56126323898
2,-85,-40,5,-80,0,20,0.65,1.0178701792035434,0.0003227293882440363,0.009873234978617917,7.7,-0.019592716879955563,-0.2214182808781341,0.05575580306850993,-0.2293956657848324,-0.9652243433658381,0.18846153846153846,98040.72831200444
4,-85,-40,7,-120,0,14,0.6428571428571429,1.0191210279093597,0.00038949272405611586,0.010635199112475568,10.714285714285714,-0.01776257224444444,-0.20283362032234697,0.05627882473307086,-0.20722058429611034,-0.9788294971338631,0.17307692307692307,98223.74277555555
4,-85,-40,7,-120,50,14,0.6428571428571429,1.0191210279093597,0.00038949272405611586,0.010635199112475568,10.714285714285714,-0.01776257224444444,-0.20283362032234697,0.05627882473307086,-0.20722058429611034,-0.9788294971338631,0.17307692307692307,98223.74277555555
4,-85,-40,7,-120,100,14,0.6428571428571429,1.0191210279093597,0.00038949272405611586,0.010635199112475568,10.714285714285714,-0.01776257224444444,-0.20283362032234697,0.05627882473307086,-0.20722058429611034,-0.9788294971338631,0.17307692307692307,98223.74277555555
4,-80,-40,7,-120,0,14,0.6428571428571429,1.0191210279093597,0.00038949272405611586,0.010635199112475568,10.714285714285714,-0.01776257224444444,-0.20283362032234697,0.05627882473307086,-0.20722058429611034,-0.9788294971338631,0.17307692307692307,98223.74277555555
4,-80,-40,7,-120,50,14,0.6428571428571429,1.0191210279093597,0.00038949272405611586,0.010635199112475568,10.714285714285714,-0.01776257224444444,-0.20283362032234697,0.05627882473307086,-0.20722058429611034,-0.9788294971338631,0.17307692307692307,98223.74277555555
4,-80,-40,7,-120,100,14,0.6428571428571429,1.0191210279093597,0.00038949272405611586,0.010635199112475568,10.714285714285714,-0.01776257224444444,-0.20283362032234697,0.05627882473307086,-0.20722058429611034,-0.9788294971338631,0.17307692307692307,98223.74277555555
4,-80,-50,5,-120,0,15,0.6666666666666666,1.0192027527619867,0.0004011242181097015,0.0179026217228464,10.266666666666667,-0.019010698462377906,-0.21555175868139487,0.046953479299596305,-0.2181744374038892,-0.9879789825347909,0.18846153846153846,98098.93015376221
4,-80,-50,5,-120,50,15,0.6666666666666666,1.0192027527619867,0.0004011242181097015,0.0179026217228464,10.266666666666667,-0.019010698462377906,-0.21555175868139487,0.046953479299596305,-0.2181744374038892,-0.9879789825347909,0.18846153846153846,98098.93015376221
4,-80,-50,5,-120,100,15,0.6666666666666666,1.0192027527619867,0.0004011242181097015,0.0179026217228464,10.266666666666667,-0.019010698462377906,-0.21555175868139487,0.046953479299596305,-0.2181744374038892,-0.9879789825347909,0.18846153846153846,98098.93015376221
4,-95,-30,7,-80,0,9,0.6666666666666666,1.0011022066619015,2.3972340234163563e-05,0.0109722278043487,11.0,-0.01835327964656941,-0.20887628399760716,-0.0478152082067995,-0.20748113480766428,-1.006724221897264,0.11153846153846154,98164.67203534306
4,-95,-30,7,-80,50,9,0.6666666666666666,1.0011022066619015,2.3972340234163563e-05,0.0109722278043487,11.0,-0.01835327964656941,-0.20887628399760716,-0.0478152082067995,-0.20748113480766428,-1.006724221897264,0.11153846153846154,98164.67203534306
4,-95,-30,7,-80,100,9,0.6666666666666666,1.0011022066619015,2.3972340234163563e-05,0.0109722278043487,11.0,-0.01835327964656941,-0.20887628399760716,-0.0478152082067995,-0.20748113480766428,-1.006724221897264,0.11153846153846154,98164.67203534306
4,-95,-20,7,-80,0,9,0.6666666666666666,1.0011022066619015,2.3972340234163563e-05,0.0109722278043487,11.0,-0.01835327964656941,-0.20887628399760716,-0.0478152082067995,-0.20748113480766428,-1.006724221897264,0.11153846153846154,98164.67203534306
4,-95,-20,7,-80,50,9,0.6666666666666666,1.0011022066619015,2.3972340234163563e-05,0.0109722278043487,11.0,-0.01835327964656941,-0.20887628399760716,-0.0478152082067995,-0.20748113480766428,-1.006724221897264,0.11153846153846154,98164.67203534306
4,-95,-20,7,-80,100,9,0.6666666666666666,1.0011022066619015,2.3972340234163563e-05,0.0109722278043487,11.0,-0.01835327964656941,-0.20887628399760716,-0.0478152082067995,-0.20748113480766428,-1.006724221897264,0.11153846153846154,98164.67203534306
5,-95,-40,3,-80,100,9,0.6666666666666666,1.0011022066619015,2.3972340234163563e-05,0.0109722278043487,11.0,-0.01835327964656941,-0.20887628399760716,-0.0478152082067995,-0.20748113480766428,-1.006724221897264,0.11153846153846154,98164.67203534306
5,-95,-40,3,-50,100,9,0.6666666666666666,1.0011022066619015,2.3972340234163563e-05,0.0109722278043487,11.0,-0.01835327964656941,-0.20887628399760716,-0.0478152082067995,-0.20748113480766428,-1.006724221897264,0.11153846153846154,98164.67203534306
5,-95,-40,5,-80,50,9,0.6666666666666666,1.0011022066619015,2.3972340234163563e-05,0.0109722278043487,11.0,-0.01835327964656941,-0.20887628399760716,-0.0478152082067995,-0.20748113480766428,-1.006724221897264,0.11153846153846154,98164.67203534306
5,-95,-40,5,-80,100,9,0.6666666666666666,1.0011022066619015,2.3972340234163563e-05,0.0109722278043487,11.0,-0.01835327964656941,-0.20887628399760716,-0.0478152082067995,-0.20748113480766428,-1.006724221897264,0.11153846153846154,98164.67203534306
5,-95,-40,5,-50,50,9,0.6666666666666666,1.0011022066619015,2.3972340234163563e-05,0.0109722278043487,11.0,-0.01835327964656941,-0.20887628399760716,-0.0478152082067995,-0.20748113480766428,-1.006724221897264,0.11153846153846154,98164.67203534306
5,-95,-40,5,-50,100,9,0.6666666666666666,1.0011022066619015,2.3972340234163563e-05,0.0109722278043487,11.0,-0.01835327964656941,-0.20887628399760716,-0.0478152082067995,-0.20748113480766428,-1.006724221897264,0.11153846153846154,98164.67203534306
5,-95,-40,7,-80,0,9,0.6666666666666666,1.0011022066619015,2.3972340234163563e-05,0.0109722278043487,11.0,-0.01835327964656941,-0.20887628399760716,-0.0478152082067995,-0.20748113480766428,-1.006724221897264,0.11153846153846154,98164.67203534306
5,-95,-40,7,-80,50,9,0.6666666666666666,1.0011022066619015,2.3972340234163563e-05,0.0109722278043487,11.0,-0.01835327964656941,-0.20887628399760716,-0.0478152082067995,-0.20748113480766428,-1.006724221897264,0.11153846153846154,98164.67203534306
5,-95,-40,7,-80,100,9,0.6666666666666666,1.0011022066619015,2.3972340234163563e-05,0.0109722278043487,11.0,-0.01835327964656941,-0.20887628399760716,-0.0478152082067995,-0.20748113480766428,-1.006724221897264,0.11153846153846154,98164.67203534306
5,-95,-40,7,-50,0,9,0.6666666666666666,1.0011022066619015,2.3972340234163563e-05,0.0109722278043487,11.0,-0.01835327964656941,-0.20887628399760716,-0.0478152082067995,-0.20748113480766428,-1.006724221897264,0.11153846153846154,98164.67203534306
5,-95,-40,7,-50,50,9,0.6666666666666666,1.0011022066619015,2.3972340234163563e-05,0.0109722278043487,11.0,-0.01835327964656941,-0.20887628399760716,-0.0478152082067995,-0.20748113480766428,-1.006724221897264,0.11153846153846154,98164.67203534306
5,-95,-40,7,-50,100,9,0.6666666666666666,1.0011022066619015,2.3972340234163563e-05,0.0109722278043487,11.0,-0.01835327964656941,-0.20887628399760716,-0.0478152082067995,-0.20748113480766428,-1.006724221897264,0.11153846153846154,98164.67203534306
5,-95,-30,3,-80,100,9,0.6666666666666666,1.0011022066619015,2.3972340234163563e-05,0.0109722278043487,11.0,-0.01835327964656941,-0.20887628399760716,-0.0478152082067995,-0.20748113480766428,-1.006724221897264,0.11153846153846154,98164.67203534306
5,-95,-30,3,-50,100,9,0.6666666666666666,1.0011022066619015,2.3972340234163563e-05,0.0109722278043487,11.0,-0.01835327964656941,-0.20887628399760716,-0.0478152082067995,-0.20748113480766428,-1.006724221897264,0.11153846153846154,98164.67203534306
5,-95,-30,5,-80,50,9,0.6666666666666666,1.0011022066619015,2.3972340234163563e-05,0.0109722278043487,11.0,-0.01835327964656941,-0.20887628399760716,-0.0478152082067995,-0.20748113480766428,-1.006724221897264,0.11153846153846154,98164.67203534306
5,-95,-30,5,-80,100,9,0.6666666666666666,1.0011022066619015,2.3972340234163563e-05,0.0109722278043487,11.0,-0.01835327964656941,-0.20887628399760716,-0.0478152082067995,-0.20748113480766428,-1.006724221897264,0.11153846153846154,98164.67203534306
5,-95,-30,5,-50,50,9,0.6666666666666666,1.0011022066619015,2.3972340234163563e-05,0.0109722278043487,11.0,-0.01835327964656941,-0.20887628399760716,-0.0478152082067995,-0.20748113480766428,-1.006724221897264,0.11153846153846154,98164.67203534306
5,-95,-30,5,-50,100,9,0.6666666666666666,1.0011022066619015,2.3972340234163563e-05,0.0109722278043487,11.0,-0.01835327964656941,-0.20887628399760716,-0.0478152082067995,-0.20748113480766428,-1.006724221897264,0.11153846153846154,98164.67203534306
5,-95,-30,7,-80,0,9,0.6666666666666666,1.0011022066619015,2.3972340234163563e-05,0.0109722278043487,11.0,-0.01835327964656941,-0.20887628399760716,-0.0478152082067995,-0.20748113480766428,-1.006724221897264,0.11153846153846154,98164.67203534306
5,-95,-30,7,-80,50,9,0.6666666666666666,1.0011022066619015,2.3972340234163563e-05,0.0109722278043487,11.0,-0.01835327964656941,-0.20887628399760716,-0.0478152082067995,-0.20748113480766428,-1.006724221897264,0.11153846153846154,98164.67203534306
5,-95,-30,7,-80,100,9,0.6666666666666666,1.0011022066619015,2.3972340234163563e-05,0.0109722278043487,11.0,-0.01835327964656941,-0.20887628399760716,-0.0478152082067995,-0.20748113480766428,-1.006724221897264,0.11153846153846154,98164.67203534306
5,-95,-30,7,-50,0,9,0.6666666666666666,1.0011022066619015,2.3972340234163563e-05,0.0109722278043487,11.0,-0.01835327964656941,-0.20887628399760716,-0.0478152082067995,-0.20748113480766428,-1.006724221897264,0.11153846153846154,98164.67203534306
5,-95,-30,7,-50,50,9,0.6666666666666666,1.0011022066619015,2.3972340234163563e-05,0.0109722278043487,11.0,-0.01835327964656941,-0.20887628399760716,-0.0478152082067995,-0.20748113480766428,-1.006724221897264,0.11153846153846154,98164.67203534306
5,-95,-30,7,-50,100,9,0.6666666666666666,1.0011022066619015,2.3972340234163563e-05,0.0109722278043487,11.0,-0.01835327964656941,-0.20887628399760716,-0.0478152082067995,-0.20748113480766428,-1.006724221897264,0.11153846153846154,98164.67203534306
5,-95,-20,3,-80,100,9,0.6666666666666666,1.0011022066619015,2.3972340234163563e-05,0.0109722278043487,11.0,-0.01835327964656941,-0.20887628399760716,-0.0478152082067995,-0.20748113480766428,-1.006724221897264,0.11153846153846154,98164.67203534306
5,-95,-20,3,-50,100,9,0.6666666666666666,1.0011022066619015,2.3972340234163563e-05,0.0109722278043487,11.0,-0.01835327964656941,-0.20887628399760716,-0.0478152082067995,-0.20748113480766428,-1.006724221897264,0.11153846153846154,98164.67203534306
5,-95,-20,5,-80,50,9,0.6666666666666666,1.0011022066619015,2.3972340234163563e-05,0.0109722278043487,11.0,-0.01835327964656941,-0.20887628399760716,-0.0478152082067995,-0.20748113480766428,-1.006724221897264,0.11153846153846154,98164.67203534306
5,-95,-20,5,-80,100,9,0.6666666666666666,1.0011022066619015,2.3972340234163563e-05,0.0109722278043487,11.0,-0.01835327964656941,-0.20887628399760716,-0.0478152082067995,-0.20748113480766428,-1.006724221897264,0.11153846153846154,98164.67203534306
5,-95,-20,5,-50,50,9,0.6666666666666666,1.0011022066619015,2.3972340234163563e-05,0.0109722278043487,11.0,-0.01835327964656941,-0.20887628399760716,-0.0478152082067995,-0.20748113480766428,-1.006724221897264,0.11153846153846154,98164.67203534306
5,-95,-20,5,-50,100,9,0.6666666666666666,1.0011022066619015,2.3972340234163563e-05,0.0109722278043487,11.0,-0.01835327964656941,-0.20887628399760716,-0.0478152082067995,-0.20748113480766428,-1.006724221897264,0.11153846153846154,98164.67203534306
5,-95,-20,7,-80,0,9,0.6666666666666666,1.0011022066619015,2.3972340234163563e-05,0.0109722278043487,11.0,-0.01835327964656941,-0.20887628399760716,-0.0478152082067995,-0.20748113480766428,-1.006724221897264,0.11153846153846154,98164.67203534306
5,-95,-20,7,-80,50,9,0.6666666666666666,1.0011022066619015,2.3972340234163563e-05,0.0109722278043487,11.0,-0.01835327964656941,-0.20887628399760716,-0.0478152082067995,-0.20748113480766428,-1.006724221897264,0.11153846153846154,98164.67203534306
5,-95,-20,7,-80,100,9,0.6666666666666666,1.0011022066619015,2.3972340234163563e-05,0.0109722278043487,11.0,-0.01835327964656941,-0.20887628399760716,-0.0478152082067995,-0.20748113480766428,-1.006724221897264,0.11153846153846154,98164.67203534306
5,-95,-20,7,-50,0,9,0.6666666666666666,1.0011022066619015,2.3972340234163563e-05,0.0109722278043487,11.0,-0.01835327964656941,-0.20887628399760716,-0.0478152082067995,-0.20748113480766428,-1.006724221897264,0.11153846153846154,98164.67203534306
5,-95,-20,7,-50,50,9,0.6666666666666666,1.0011022066619015,2.3972340234163563e-05,0.0109722278043487,11.0,-0.01835327964656941,-0.20887628399760716,-0.0478152082067995,-0.20748113480766428,-1.006724221897264,0.11153846153846154,98164.67203534306
5,-95,-20,7,-50,100,9,0.6666666666666666,1.0011022066619015,2.3972340234163563e-05,0.0109722278043487,11.0,-0.01835327964656941,-0.20887628399760716,-0.0478152082067995,-0.20748113480766428,-1.006724221897264,0.11153846153846154,98164.67203534306
7,-80,-20,3,-80,50,18,0.5555555555555556,1.0196479942228522,0.00034029357964680357,0.002855378652731,8.944444444444445,-0.01895637134413153,-0.2150020901082389,0.05763522565834801,-0.21129711360609782,-1.0175344397228632,0.2153846153846154,98104.36286558685
7,-85,-20,5,-120,0,12,0.5833333333333334,1.0224973304700908,0.0005655546709300111,0.013658543926865163,12.25,-0.018845842824390835,-0.21388269433423324,0.03995514695846347,-0.20722058429611034,-1.0321498467961223,0.16153846153846155,98115.41571756091
5,-90,-40,3,-80,50,15,0.5333333333333333,1.0128043744964168,0.00023990327398025387,0.0022184901826625136,7.933333333333334,-0.02015903130024921,-0.22708770383430954,-0.008583345689230217,-0.2181744374038893,-1.0408538531666742,0.18846153846153846,97984.09686997508
5,-90,-30,3,-80,50,15,0.5333333333333333,1.0128043744964168,0.00023990327398025387,0.0022184901826625136,7.933333333333334,-0.02015903130024921,-0.22708770383430954,-0.008583345689230217,-0.2181744374038893,-1.0408538531666742,0.18846153846153846,97984.09686997508
5,-90,-20,3,-80,50,15,0.5333333333333333,1.0128043744964168,0.00023990327398025387,0.0022184901826625136,7.933333333333334,-0.02015903130024921,-0.22708770383430954,-0.008583345689230217,-0.2181744374038893,-1.0408538531666742,0.18846153846153846,97984.09686997508
7,-90,-50,3,-50,0,15,0.5333333333333333,1.0092266676227692,0.00017191520471893096,0.005085252766975801,7.533333333333333,-0.019133853361672393,-0.21679649773773424,0.017315503849802603,-0.20722058429611057,-1.0462112076083139,0.16538461538461538,98086.61466383276
7,-90,-40,3,-50,0,15,0.5333333333333333,1.0092266676227692,0.00017191520471893096,0.005085252766975801,7.533333333333333,-0.019133853361672393,-0.21679649773773424,0.017315503849802603,-0.20722058429611057,-1.0462112076083139,0.16538461538461538,98086.61466383276
7,-90,-30,3,-50,0,15,0.5333333333333333,1.0092266676227692,0.00017191520471893096,0.005085252766975801,7.533333333333333,-0.019133853361672393,-0.21679649773773424,0.017315503849802603,-0.20722058429611057,-1.0462112076083139,0.16538461538461538,98086.61466383276
2,-90,-30,5,-100,0,16,0.625,1.0079107896564203,0.00014102586616389357,0.011882800510549907,7.1875,-0.018715640540453493,-0.21256216352698232,0.007966649996927663,-0.20179135532296277,-1.053375964430097,0.17307692307692307,98128.43594595465
2,-90,-30,5,-80,0,16,0.625,1.0079107896564203,0.00014102586616389357,0.011882800510549907,7.1875,-0.018715640540453493,-0.21256216352698232,0.007966649996927663,-0.20179135532296277,-1.053375964430097,0.17307692307692307,98128.43594595465
2,-85,-50,3,-80,0,23,0.6521739130434783,1.0111805954658202,0.0001822174885557794,0.0077114264621442885,6.913043478260869,-0.022130845257837817,-0.2465323914636921,0.021839657362640198,-0.22884875619487688,-1.0772721493568296,0.2076923076923077,97786.91547421622
2,-85,-50,3,-80,50,23,0.6521739130434783,1.0111805954658202,0.0001822174885557794,0.0077114264621442885,6.913043478260869,-0.022130845257837817,-0.2465323914636921,0.021839657362640198,-0.22884875619487688,-1.0772721493568296,0.2076923076923077,97786.91547421622
2,-85,-50,3,-80,100,23,0.6521739130434783,1.0111805954658202,0.0001822174885557794,0.0077114264621442885,6.913043478260869,-0.022130845257837817,-0.2465323914636921,0.021839657362640198,-0.22884875619487688,-1.0772721493568296,0.2076923076923077,97786.91547421622
7,-85,-40,7,-100,0,13,0.6153846153846154,1.0118061656768167,0.0002589892098288936,0.0179026217228464,11.538461538461538,-0.0198074573619883,-0.22357255898810235,0.019716096253645794,-0.20722058429611057,-1.0789109573623508,0.17307692307692307,98019.25426380117
7,-85,-40,7,-100,50,13,0.6153846153846154,1.0118061656768167,0.0002589892098288936,0.0179026217228464,11.538461538461538,-0.0198074573619883,-0.22357255898810235,0.019716096253645794,-0.20722058429611057,-1.0789109573623508,0.17307692307692307,98019.25426380117
7,-85,-40,7,-100,100,13,0.6153846153846154,1.0118061656768167,0.0002589892098288936,0.0179026217228464,11.538461538461538,-0.0198074573619883,-0.22357255898810235,0.019716096253645794,-0.20722058429611057,-1.0789109573623508,0.17307692307692307,98019.25426380117
7,-85,-40,10,-100,0,13,0.6153846153846154,1.0118061656768167,0.0002589892098288936,0.0179026217228464,11.538461538461538,-0.0198074573619883,-0.22357255898810235,0.019716096253645794,-0.20722058429611057,-1.0789109573623508,0.17307692307692307,98019.25426380117
7,-85,-40,10,-100,50,13,0.6153846153846154,1.0118061656768167,0.0002589892098288936,0.0179026217228464,11.538461538461538,-0.0198074573619883,-0.22357255898810235,0.019716096253645794,-0.20722058429611057,-1.0789109573623508,0.17307692307692307,98019.25426380117
7,-85,-40,10,-100,100,13,0.6153846153846154,1.0118061656768167,0.0002589892098288936,0.0179026217228464,11.538461538461538,-0.0198074573619883,-0.22357255898810235,0.019716096253645794,-0.20722058429611057,-1.0789109573623508,0.17307692307692307,98019.25426380117
7,-85,-30,7,-100,0,13,0.6153846153846154,1.0118061656768167,0.0002589892098288936,0.0179026217228464,11.538461538461538,-0.0198074573619883,-0.22357255898810235,0.019716096253645794,-0.20722058429611057,-1.0789109573623508,0.17307692307692307,98019.25426380117
7,-85,-30,7,-100,50,13,0.6153846153846154,1.0118061656768167,0.0002589892098288936,0.0179026217228464,11.538461538461538,-0.0198074573619883,-0.22357255898810235,0.019716096253645794,-0.20722058429611057,-1.0789109573623508,0.17307692307692307,98019.25426380117
7,-85,-30,7,-100,100,13,0.6153846153846154,1.0118061656768167,0.0002589892098288936,0.0179026217228464,11.538461538461538,-0.0198074573619883,-0.22357255898810235,0.019716096253645794,-0.20722058429611057,-1.0789109573623508,0.17307692307692307,98019.25426380117
7,-85,-30,10,-100,0,13,0.6153846153846154,1.0118061656768167,0.0002589892098288936,0.0179026217228464,11.538461538461538,-0.0198074573619883,-0.22357255898810235,0.019716096253645794,-0.20722058429611057,-1.0789109573623508,0.17307692307692307,98019.25426380117
7,-85,-30,10,-100,50,13,0.6153846153846154,1.0118061656768167,0.0002589892098288936,0.0179026217228464,11.538461538461538,-0.0198074573619883,-0.22357255898810235,0.019716096253645794,-0.20722058429611057,-1.0789109573623508,0.17307692307692307,98019.25426380117
7,-85,-30,10,-100,100,13,0.6153846153846154,1.0118061656768167,0.0002589892098288936,0.0179026217228464,11.538461538461538,-0.0198074573619883,-0.22357255898810235,0.019716096253645794,-0.20722058429611057,-1.0789109573623508,0.17307692307692307,98019.25426380117
5,-85,-50,7,-120,0,14,0.6428571428571429,1.0098599748456305,0.0002124577721386221,0.01404139814968186,10.785714285714286,-0.020478818503161134,-0.23027230074085203,0.005861594320054606,-0.20722058429611057,-1.1112424063615294,0.17692307692307693,97952.11814968388
5,-85,-50,7,-120,50,14,0.6428571428571429,1.0098599748456305,0.0002124577721386221,0.01404139814968186,10.785714285714286,-0.020478818503161134,-0.23027230074085203,0.005861594320054606,-0.20722058429611057,-1.1112424063615294,0.17692307692307693,97952.11814968388
5,-85,-50,7,-120,100,14,0.6428571428571429,1.0098599748456305,0.0002124577721386221,0.01404139814968186,10.785714285714286,-0.020478818503161134,-0.23027230074085203,0.005861594320054606,-0.20722058429611057,-1.1112424063615294,0.17692307692307693,97952.11814968388
5,-80,-50,7,-120,0,14,0.6428571428571429,1.0098599748456305,0.0002124577721386221,0.01404139814968186,10.785714285714286,-0.020478818503161134,-0.23027230074085203,0.005861594320054606,-0.20722058429611057,-1.1112424063615294,0.17692307692307693,97952.11814968388
5,-80,-50,7,-120,50,14,0.6428571428571429,1.0098599748456305,0.0002124577721386221,0.01404139814968186,10.785714285714286,-0.020478818503161134,-0.23027230074085203,0.005861594320054606,-0.20722058429611057,-1.1112424063615294,0.17692307692307693,97952.11814968388
5,-80,-50,7,-120,100,14,0.6428571428571429,1.0098599748456305,0.0002124577721386221,0.01404139814968186,10.785714285714286,-0.020478818503161134,-0.23027230074085203,0.005861594320054606,-0.20722058429611057,-1.1112424063615294,0.17692307692307693,97952.11814968388
5,-85,-20,5,-120,0,13,0.6153846153846154,1.0194376394505482,0.0004684970084441763,0.0109722278043487,11.76923076923077,-0.021785773995518842,-0.24316239407844276,-0.007185615771507766,-0.2181744374038893,-1.1145320092119462,0.18461538461538463,97821.42260044812
3,-80,-30,5,-120,50,15,0.6666666666666666,1.0058076193348287,0.00011041371764518952,0.0109722278043487,10.133333333333333,-0.019964964899989668,-0.2251491844426151,0.013550571012413214,-0.20179135532296288,-1.1157523774111557,0.18076923076923077,98003.50351000103
3,-80,-30,5,-120,100,15,0.6666666666666666,1.0058076193348287,0.00011041371764518952,0.0109722278043487,10.133333333333333,-0.019964964899989668,-0.2251491844426151,0.013550571012413214,-0.20179135532296288,-1.1157523774111557,0.18076923076923077,98003.50351000103
4,-85,-30,5,-120,0,14,0.6428571428571429,1.0130808106131415,0.0002927610354213866,0.01443742476359755,10.928571428571429,-0.02186745093682363,-0.24396131010621913,-0.008233833302372658,-0.2181744374038892,-1.1181938315467852,0.18461538461538463,97813.25490631764
3,-90,-20,7,-120,0,12,0.5833333333333334,0.9995543440874615,-9.124275403625074e-06,0.01404139814968186,9.166666666666666,-0.020712638804319727,-0.23259314454482327,-0.048955707286743526,-0.20722058429611034,-1.1224422773195954,0.15384615384615385,97928.73611956803
3,-90,-20,7,-120,50,12,0.5833333333333334,0.9995543440874615,-9.124275403625074e-06,0.01404139814968186,9.166666666666666,-0.020712638804319727,-0.23259314454482327,-0.048955707286743526,-0.20722058429611034,-1.1224422773195954,0.15384615384615385,97928.73611956803
3,-90,-20,7,-120,100,12,0.5833333333333334,0.9995543440874615,-9.124275403625074e-06,0.01404139814968186,9.166666666666666,-0.020712638804319727,-0.23259314454482327,-0.048955707286743526,-0.20722058429611034,-1.1224422773195954,0.15384615384615385,97928.73611956803
4,-90,-30,7,-120,0,12,0.5833333333333334,0.9995543440874615,-9.124275403625074e-06,0.01404139814968186,9.166666666666666,-0.020712638804319727,-0.23259314454482327,-0.048955707286743526,-0.20722058429611034,-1.1224422773195954,0.15384615384615385,97928.73611956803
4,-90,-30,7,-120,50,12,0.5833333333333334,0.9995543440874615,-9.124275403625074e-06,0.01404139814968186,9.166666666666666,-0.020712638804319727,-0.23259314454482327,-0.048955707286743526,-0.20722058429611034,-1.1224422773195954,0.15384615384615385,97928.73611956803
4,-90,-30,7,-120,100,12,0.5833333333333334,0.9995543440874615,-9.124275403625074e-06,0.01404139814968186,9.166666666666666,-0.020712638804319727,-0.23259314454482327,-0.048955707286743526,-0.20722058429611034,-1.1224422773195954,0.15384615384615385,97928.73611956803
4,-90,-20,7,-120,0,12,0.5833333333333334,0.9995543440874615,-9.124275403625074e-06,0.01404139814968186,9.166666666666666,-0.020712638804319727,-0.23259314454482327,-0.048955707286743526,-0.20722058429611034,-1.1224422773195954,0.15384615384615385,97928.73611956803
4,-90,-20,7,-120,50,12,0.5833333333333334,0.9995543440874615,-9.124275403625074e-06,0.01404139814968186,9.166666666666666,-0.020712638804319727,-0.23259314454482327,-0.048955707286743526,-0.20722058429611034,-1.1224422773195954,0.15384615384615385,97928.73611956803
4,-90,-20,7,-120,100,12,0.5833333333333334,0.9995543440874615,-9.124275403625074e-06,0.01404139814968186,9.166666666666666,-0.020712638804319727,-0.23259314454482327,-0.048955707286743526,-0.20722058429611034,-1.1224422773195954,0.15384615384615385,97928.73611956803
5,-90,-40,7,-120,0,12,0.5833333333333334,0.9995543440874615,-9.124275403625074e-06,0.01404139814968186,9.166666666666666,-0.020712638804319727,-0.23259314454482327,-0.048955707286743526,-0.20722058429611034,-1.1224422773195954,0.15384615384615385,97928.73611956803
5,-90,-40,7,-120,50,12,0.5833333333333334,0.9995543440874615,-9.124275403625074e-06,0.01404139814968186,9.166666666666666,-0.020712638804319727,-0.23259314454482327,-0.048955707286743526,-0.20722058429611034,-1.1224422773195954,0.15384615384615385,97928.73611956803
5,-90,-40,7,-120,100,12,0.5833333333333334,0.9995543440874615,-9.124275403625074e-06,0.01404139814968186,9.166666666666666,-0.020712638804319727,-0.23259314454482327,-0.048955707286743526,-0.20722058429611034,-1.1224422773195954,0.15384615384615385,97928.73611956803
5,-90,-30,7,-120,0,12,0.5833333333333334,0.9995543440874615,-9.124275403625074e-06,0.01404139814968186,9.166666666666666,-0.020712638804319727,-0.23259314454482327,-0.048955707286743526,-0.20722058429611034,-1.1224422773195954,0.15384615384615385,97928.73611956803
5,-90,-30,7,-120,50,12,0.5833333333333334,0.9995543440874615,-9.124275403625074e-06,0.01404139814968186,9.166666666666666,-0.020712638804319727,-0.23259314454482327,-0.048955707286743526,-0.20722058429611034,-1.1224422773195954,0.15384615384615385,97928.73611956803
5,-90,-30,7,-120,100,12,0.5833333333333334,0.9995543440874615,-9.124275403625074e-06,0.01404139814968186,9.166666666666666,-0.020712638804319727,-0.23259314454482327,-0.048955707286743526,-0.20722058429611034,-1.1224422773195954,0.15384615384615385,97928.73611956803
5,-90,-20,7,-120,0,12,0.5833333333333334,0.9995543440874615,-9.124275403625074e-06,0.01404139814968186,9.166666666666666,-0.020712638804319727,-0.23259314454482327,-0.048955707286743526,-0.20722058429611034,-1.1224422773195954,0.15384615384615385,97928.73611956803
5,-90,-20,7,-120,50,12,0.5833333333333334,0.9995543440874615,-9.124275403625074e-06,0.01404139814968186,9.166666666666666,-0.020712638804319727,-0.23259314454482327,-0.048955707286743526,-0.20722058429611034,-1.1224422773195954,0.15384615384615385,97928.73611956803
5,-90,-20,7,-120,100,12,0.5833333333333334,0.9995543440874615,-9.124275403625074e-06,0.01404139814968186,9.166666666666666,-0.020712638804319727,-0.23259314454482327,-0.048955707286743526,-0.20722058429611034,-1.1224422773195954,0.15384615384615385,97928.73611956803
10,-90,-50,3,-80,0,15,0.6,1.002463860596287,4.549524530047163e-05,0.005085252766975801,7.466666666666667,-0.020883130358480217,-0.23428133794355888,-0.016666796290395126,-0.20722058429611045,-1.1305891195093805,0.16153846153846155,97911.68696415197
10,-90,-40,3,-80,0,15,0.6,1.002463860596287,4.549524530047163e-05,0.005085252766975801,7.466666666666667,-0.020883130358480217,-0.23428133794355888,-0.016666796290395126,-0.20722058429611045,-1.1305891195093805,0.16153846153846155,97911.68696415197
10,-90,-30,3,-80,0,15,0.6,1.002463860596287,4.549524530047163e-05,0.005085252766975801,7.466666666666667,-0.020883130358480217,-0.23428133794355888,-0.016666796290395126,-0.20722058429611045,-1.1305891195093805,0.16153846153846155,97911.68696415197
3,-90,-40,10,-50,0,15,0.6,0.9984690079379779,-2.7606821145605606e-05,0.0109722278043487,7.733333333333333,-0.021052241354865164,-0.23595248180872852,-0.03547838333495129,-0.20722058429611034,-1.138653684479344,0.17692307692307693,97894.77586451349
3,-90,-40,10,-50,50,15,0.6,0.9984690079379779,-2.7606821145605606e-05,0.0109722278043487,7.733333333333333,-0.021052241354865164,-0.23595248180872852,-0.03547838333495129,-0.20722058429611034,-1.138653684479344,0.17692307692307693,97894.77586451349
3,-90,-40,10,-50,100,15,0.6,0.9984690079379779,-2.7606821145605606e-05,0.0109722278043487,7.733333333333333,-0.021052241354865164,-0.23595248180872852,-0.03547838333495129,-0.20722058429611034,-1.138653684479344,0.17692307692307693,97894.77586451349
10,-80,-50,3,-50,0,21,0.6666666666666666,1.0007097933632965,1.1009468363880403e-05,0.005571855804099801,7.714285714285714,-0.022663192088520412,-0.2517042434625105,-0.015344729913342717,-0.21995608246839093,-1.1443386363215575,0.21923076923076923,97733.68079114796
10,-80,-40,3,-50,0,21,0.6666666666666666,1.0007097933632965,1.1009468363880403e-05,0.005571855804099801,7.714285714285714,-0.022663192088520412,-0.2517042434625105,-0.015344729913342717,-0.21995608246839093,-1.1443386363215575,0.21923076923076923,97733.68079114796
10,-80,-30,3,-50,0,21,0.6666666666666666,1.0007097933632965,1.1009468363880403e-05,0.005571855804099801,7.714285714285714,-0.022663192088520412,-0.2517042434625105,-0.015344729913342717,-0.21995608246839093,-1.1443386363215575,0.21923076923076923,97733.68079114796
5,-95,-40,5,-100,50,8,0.625,0.9832206032712603,-0.00041055965170622155,0.01443742476359755,11.75,-0.021777282462482228,-0.24307929027150588,-0.12095828978826807,-0.21024545599350353,-1.1561690554635193,0.09230769230769231,97822.27175375177
5,-95,-40,5,-100,100,8,0.625,0.9832206032712603,-0.00041055965170622155,0.01443742476359755,11.75,-0.021777282462482228,-0.24307929027150588,-0.12095828978826807,-0.21024545599350353,-1.1561690554635193,0.09230769230769231,97822.27175375177
5,-95,-30,5,-100,50,8,0.625,0.9832206032712603,-0.00041055965170622155,0.01443742476359755,11.75,-0.021777282462482228,-0.24307929027150588,-0.12095828978826807,-0.21024545599350353,-1.1561690554635193,0.09230769230769231,97822.27175375177
5,-95,-30,5,-100,100,8,0.625,0.9832206032712603,-0.00041055965170622155,0.01443742476359755,11.75,-0.021777282462482228,-0.24307929027150588,-0.12095828978826807,-0.21024545599350353,-1.1561690554635193,0.09230769230769231,97822.27175375177
5,-95,-20,5,-100,50,8,0.625,0.9832206032712603,-0.00041055965170622155,0.01443742476359755,11.75,-0.021777282462482228,-0.24307929027150588,-0.12095828978826807,-0.21024545599350353,-1.1561690554635193,0.09230769230769231,97822.27175375177
5,-95,-20,5,-100,100,8,0.625,0.9832206032712603,-0.00041055965170622155,0.01443742476359755,11.75,-0.021777282462482228,-0.24307929027150588,-0.12095828978826807,-0.21024545599350353,-1.1561690554635193,0.09230769230769231,97822.27175375177
7,-90,-40,10,-120,0,12,0.5833333333333334,0.9964377267764798,-7.293331253974134e-05,0.013658543926865163,9.25,-0.02145493074593685,-0.2399183195991903,-0.06314474978545054,-0.20722058429611045,-1.1577919269658847,0.1576923076923077,97854.50692540631
7,-90,-40,10,-120,50,12,0.5833333333333334,0.9964377267764798,-7.293331253974134e-05,0.013658543926865163,9.25,-0.02145493074593685,-0.2399183195991903,-0.06314474978545054,-0.20722058429611045,-1.1577919269658847,0.1576923076923077,97854.50692540631
7,-90,-40,10,-120,100,12,0.5833333333333334,0.9964377267764798,-7.293331253974134e-05,0.013658543926865163,9.25,-0.02145493074593685,-0.2399183195991903,-0.06314474978545054,-0.20722058429611045,-1.1577919269658847,0.1576923076923077,97854.50692540631
7,-90,-30,10,-120,0,12,0.5833333333333334,0.9964377267764798,-7.293331253974134e-05,0.013658543926865163,9.25,-0.02145493074593685,-0.2399183195991903,-0.06314474978545054,-0.20722058429611045,-1.1577919269658847,0.1576923076923077,97854.50692540631
7,-90,-30,10,-120,50,12,0.5833333333333334,0.9964377267764798,-7.293331253974134e-05,0.013658543926865163,9.25,-0.02145493074593685,-0.2399183195991903,-0.06314474978545054,-0.20722058429611045,-1.1577919269658847,0.1576923076923077,97854.50692540631
7,-90,-30,10,-120,100,12,0.5833333333333334,0.9964377267764798,-7.293331253974134e-05,0.013658543926865163,9.25,-0.02145493074593685,-0.2399183195991903,-0.06314474978545054,-0.20722058429611045,-1.1577919269658847,0.1576923076923077,97854.50692540631
7,-90,-20,10,-120,0,12,0.5833333333333334,0.9964377267764798,-7.293331253974134e-05,0.013658543926865163,9.25,-0.02145493074593685,-0.2399183195991903,-0.06314474978545054,-0.20722058429611045,-1.1577919269658847,0.1576923076923077,97854.50692540631
7,-90,-20,10,-120,50,12,0.5833333333333334,0.9964377267764798,-7.293331253974134e-05,0.013658543926865163,9.25,-0.02145493074593685,-0.2399183195991903,-0.06314474978545054,-0.20722058429611045,-1.1577919269658847,0.1576923076923077,97854.50692540631
7,-90,-20,10,-120,100,12,0.5833333333333334,0.9964377267764798,-7.293331253974134e-05,0.013658543926865163,9.25,-0.02145493074593685,-0.2399183195991903,-0.06314474978545054,-0.20722058429611045,-1.1577919269658847,0.1576923076923077,97854.50692540631
10,-90,-40,10,-120,0,12,0.5833333333333334,0.9964377267764798,-7.293331253974134e-05,0.013658543926865163,9.25,-0.02145493074593685,-0.2399183195991903,-0.06314474978545054,-0.20722058429611045,-1.1577919269658847,0.1576923076923077,97854.50692540631
10,-90,-40,10,-120,50,12,0.5833333333333334,0.9964377267764798,-7.293331253974134e-05,0.013658543926865163,9.25,-0.02145493074593685,-0.2399183195991903,-0.06314474978545054,-0.20722058429611045,-1.1577919269658847,0.1576923076923077,97854.50692540631
10,-90,-40,10,-120,100,12,0.5833333333333334,0.9964377267764798,-7.293331253974134e-05,0.013658543926865163,9.25,-0.02145493074593685,-0.2399183195991903,-0.06314474978545054,-0.20722058429611045,-1.1577919269658847,0.1576923076923077,97854.50692540631
10,-90,-30,10,-120,0,12,0.5833333333333334,0.9964377267764798,-7.293331253974134e-05,0.013658543926865163,9.25,-0.02145493074593685,-0.2399183195991903,-0.06314474978545054,-0.20722058429611045,-1.1577919269658847,0.1576923076923077,97854.50692540631
10,-90,-30,10,-120,50,12,0.5833333333333334,0.9964377267764798,-7.293331253974134e-05,0.013658543926865163,9.25,-0.02145493074593685,-0.2399183195991903,-0.06314474978545054,-0.20722058429611045,-1.1577919269658847,0.1576923076923077,97854.50692540631
10,-90,-30,10,-120,100,12,0.5833333333333334,0.9964377267764798,-7.293331253974134e-05,0.013658543926865163,9.25,-0.02145493074593685,-0.2399183195991903,-0.06314474978545054,-0.20722058429611045,-1.1577919269658847,0.1576923076923077,97854.50692540631
10,-90,-20,10,-120,0,12,0.5833333333333334,0.9964377267764798,-7.293331253974134e-05,0.013658543926865163,9.25,-0.02145493074593685,-0.2399183195991903,-0.06314474978545054,-0.20722058429611045,-1.1577919269658847,0.1576923076923077,97854.50692540631
10,-90,-20,10,-120,50,12,0.5833333333333334,0.9964377267764798,-7.293331253974134e-05,0.013658543926865163,9.25,-0.02145493074593685,-0.2399183195991903,-0.06314474978545054,-0.20722058429611045,-1.1577919269658847,0.1576923076923077,97854.50692540631
10,-90,-20,10,-120,100,12,0.5833333333333334,0.9964377267764798,-7.293331253974134e-05,0.013658543926865163,9.25,-0.02145493074593685,-0.2399183195991903,-0.06314474978545054,-0.20722058429611045,-1.1577919269658847,0.1576923076923077,97854.50692540631
10,-85,-40,5,-120,50,13,0.6153846153846154,1.0052808698722187,0.00011584525855848135,0.0109722278043487,11.461538461538462,-0.02155553305320823,-0.24090612516636312,-0.013588708778367837,-0.20722058429611045,-1.1625588547811316,0.16923076923076924,97844.44669467918
10,-85,-40,5,-120,100,13,0.6153846153846154,1.0052808698722187,0.00011584525855848135,0.0109722278043487,11.461538461538462,-0.02155553305320823,-0.24090612516636312,-0.013588708778367837,-0.20722058429611045,-1.1625588547811316,0.16923076923076924,97844.44669467918
10,-85,-30,5,-120,50,13,0.6153846153846154,1.0052808698722187,0.00011584525855848135,0.0109722278043487,11.461538461538462,-0.02155553305320823,-0.24090612516636312,-0.013588708778367837,-0.20722058429611045,-1.1625588547811316,0.16923076923076924,97844.44669467918
10,-85,-30,5,-120,100,13,0.6153846153846154,1.0052808698722187,0.00011584525855848135,0.0109722278043487,11.461538461538462,-0.02155553305320823,-0.24090612516636312,-0.013588708778367837,-0.20722058429611045,-1.1625588547811316,0.16923076923076924,97844.44669467918
10,-80,-40,5,-120,50,13,0.6153846153846154,1.0052808698722187,0.00011584525855848135,0.0109722278043487,11.461538461538462,-0.02155553305320823,-0.24090612516636312,-0.013588708778367837,-0.20722058429611045,-1.1625588547811316,0.16923076923076924,97844.44669467918
10,-80,-40,5,-120,100,13,0.6153846153846154,1.0052808698722187,0.00011584525855848135,0.0109722278043487,11.461538461538462,-0.02155553305320823,-0.24090612516636312,-0.013588708778367837,-0.20722058429611045,-1.1625588547811316,0.16923076923076924,97844.44669467918
10,-80,-30,5,-120,50,13,0.6153846153846154,1.0052808698722187,0.00011584525855848135,0.0109722278043487,11.461538461538462,-0.02155553305320823,-0.24090612516636312,-0.013588708778367837,-0.20722058429611045,-1.1625588547811316,0.16923076923076924,97844.44669467918
10,-80,-30,5,-120,100,13,0.6153846153846154,1.0052808698722187,0.00011584525855848135,0.0109722278043487,11.461538461538462,-0.02155553305320823,-0.24090612516636312,-0.013588708778367837,-0.20722058429611045,-1.1625588547811316,0.16923076923076924,97844.44669467918
5,-85,-40,10,-80,0,15,0.6,1.0014647935794847,2.9888420930449892e-05,0.013760095722405108,10.6,-0.023616907406195042,-0.26088810050415556,-0.04084166000969377,-0.22201124503685454,-1.1751121005643086,0.2076923076923077,97638.30925938049
5,-85,-40,10,-80,50,15,0.6,1.0014647935794847,2.9888420930449892e-05,0.013760095722405108,10.6,-0.023616907406195042,-0.26088810050415556,-0.04084166000969377,-0.22201124503685454,-1.1751121005643086,0.2076923076923077,97638.30925938049
5,-85,-40,10,-80,100,15,0.6,1.0014647935794847,2.9888420930449892e-05,0.013760095722405108,10.6,-0.023616907406195042,-0.26088810050415556,-0.04084166000969377,-0.22201124503685454,-1.1751121005643086,0.2076923076923077,97638.30925938049
5,-85,-30,10,-80,0,15,0.6,1.0014647935794847,2.9888420930449892e-05,0.013760095722405108,10.6,-0.023616907406195042,-0.26088810050415556,-0.04084166000969377,-0.22201124503685454,-1.1751121005643086,0.2076923076923077,97638.30925938049
5,-85,-30,10,-80,50,15,0.6,1.0014647935794847,2.9888420930449892e-05,0.013760095722405108,10.6,-0.023616907406195042,-0.26088810050415556,-0.04084166000969377,-0.22201124503685454,-1.1751121005643086,0.2076923076923077,97638.30925938049
5,-85,-30,10,-80,100,15,0.6,1.0014647935794847,2.9888420930449892e-05,0.013760095722405108,10.6,-0.023616907406195042,-0.26088810050415556,-0.04084166000969377,-0.22201124503685454,-1.1751121005643086,0.2076923076923077,97638.30925938049
7,-80,-50,7,-100,0,15,0.6666666666666666,1.0043325744258451,8.713238957648676e-05,0.01018017457651732,10.2,-0.022082436997584276,-0.2460604668099705,-0.022609772465139587,-0.20722058429611045,-1.187432549936059,0.18461538461538463,97791.75630024157
7,-80,-50,7,-100,50,15,0.6666666666666666,1.0043325744258451,8.713238957648676e-05,0.01018017457651732,10.2,-0.022082436997584276,-0.2460604668099705,-0.022609772465139587,-0.20722058429611045,-1.187432549936059,0.18461538461538463,97791.75630024157
7,-80,-50,7,-100,100,15,0.6666666666666666,1.0043325744258451,8.713238957648676e-05,0.01018017457651732,10.2,-0.022082436997584276,-0.2460604668099705,-0.022609772465139587,-0.20722058429611045,-1.187432549936059,0.18461538461538463,97791.75630024157
3,-85,-40,10,-50,0,17,0.6470588235294118,1.0000052665037629,1.0143409123752889e-07,0.0109722278043487,9.235294117647058,-0.024562913053540858,-0.26989506690907084,-0.04110282320809189,-0.22201124503685477,-1.215681966308811,0.2,97543.70869464592
3,-85,-40,10,-50,50,17,0.6470588235294118,1.0000052665037629,1.0143409123752889e-07,0.0109722278043487,9.235294117647058,-0.024562913053540858,-0.26989506690907084,-0.04110282320809189,-0.22201124503685477,-1.215681966308811,0.2,97543.70869464592
3,-85,-40,10,-50,100,17,0.6470588235294118,1.0000052665037629,1.0143409123752889e-07,0.0109722278043487,9.235294117647058,-0.024562913053540858,-0.26989506690907084,-0.04110282320809189,-0.22201124503685477,-1.215681966308811,0.2,97543.70869464592
4,-80,-20,3,-80,0,19,0.5789473684210527,0.9975337663120238,-4.2167593815572124e-05,0.0068483475549463435,10.578947368421053,-0.025994876664232613,-0.2833367078150185,-0.05673493987468065,-0.22988218106713898,-1.2325301008531309,0.23461538461538461,97400.51233357674
7,-80,-40,3,-50,0,21,0.6190476190476191,0.9926282060064485,-0.00011522394666658931,0.005085252766975801,7.809523809523809,-0.025325653901325018,-0.2770834336329232,-0.060783471408353405,-0.22452642044205806,-1.234079415185921,0.22692307692307692,97467.4346098675
7,-80,-30,3,-50,0,21,0.6190476190476191,0.9926282060064485,-0.00011522394666658931,0.005085252766975801,7.809523809523809,-0.025325653901325018,-0.2770834336329232,-0.060783471408353405,-0.22452642044205806,-1.234079415185921,0.22692307692307692,97467.4346098675
10,-85,-50,3,-50,50,18,0.6666666666666666,0.9996427002216487,-6.281879995968027e-06,0.006398339614560045,8.666666666666666,-0.02313301298970083,-0.2562414641787173,-0.0315636533163232,-0.2044519868070156,-1.2533087507757326,0.19615384615384615,97686.69870102992
4,-95,-40,7,-80,0,9,0.5555555555555556,0.9707674941969148,-0.0006439456157677986,0.0109722278043487,10.88888888888889,-0.024233632308680586,-0.26677150191263166,-0.17048781931560805,-0.21222855597464885,-1.2570009756109262,0.1076923076923077,97576.63676913195
4,-95,-40,7,-80,50,9,0.5555555555555556,0.9707674941969148,-0.0006439456157677986,0.0109722278043487,10.88888888888889,-0.024233632308680586,-0.26677150191263166,-0.17048781931560805,-0.21222855597464885,-1.2570009756109262,0.1076923076923077,97576.63676913195
4,-95,-40,7,-80,100,9,0.5555555555555556,0.9707674941969148,-0.0006439456157677986,0.0109722278043487,10.88888888888889,-0.024233632308680586,-0.26677150191263166,-0.17048781931560805,-0.21222855597464885,-1.2570009756109262,0.1076923076923077,97576.63676913195
5,-95,-40,3,-80,50,9,0.5555555555555556,0.9707674941969148,-0.0006439456157677986,0.0109722278043487,10.88888888888889,-0.024233632308680586,-0.26677150191263166,-0.17048781931560805,-0.21222855597464885,-1.2570009756109262,0.1076923076923077,97576.63676913195
5,-95,-40,3,-50,50,9,0.5555555555555556,0.9707674941969148,-0.0006439456157677986,0.0109722278043487,10.88888888888889,-0.024233632308680586,-0.26677150191263166,-0.17048781931560805,-0.21222855597464885,-1.2570009756109262,0.1076923076923077,97576.63676913195
5,-95,-30,3,-80,50,9,0.5555555555555556,0.9707674941969148,-0.0006439456157677986,0.0109722278043487,10.88888888888889,-0.024233632308680586,-0.26677150191263166,-0.17048781931560805,-0.21222855597464885,-1.2570009756109262,0.1076923076923077,97576.63676913195
5,-95,-30,3,-50,50,9,0.5555555555555556,0.9707674941969148,-0.0006439456157677986,0.0109722278043487,10.88888888888889,-0.024233632308680586,-0.26677150191263166,-0.17048781931560805,-0.21222855597464885,-1.2570009756109262,0.1076923076923077,97576.63676913195
5,-95,-20,3,-80,50,9,0.5555555555555556,0.9707674941969148,-0.0006439456157677986,0.0109722278043487,10.88888888888889,-0.024233632308680586,-0.26677150191263166,-0.17048781931560805,-0.21222855597464885,-1.2570009756109262,0.1076923076923077,97576.63676913195
5,-95,-20,3,-50,50,9,0.5555555555555556,0.9707674941969148,-0.0006439456157677986,0.0109722278043487,10.88888888888889,-0.024233632308680586,-0.26677150191263166,-0.17048781931560805,-0.21222855597464885,-1.2570009756109262,0.1076923076923077,97576.63676913195
4,-90,-50,3,-80,100,15,0.6,0.9898483506068714,-0.00020883263086563336,0.0109722278043487,8.133333333333333,-0.028189164936483158,-0.303492571517442,-0.14382170774952455,-0.237625810423011,-1.2771868972363647,0.2,97181.08350635169
5,-85,-20,3,-50,0,20,0.65,0.9995943309913943,-6.963924891123519e-06,0.007279887008545316,8.15,-0.025916864317597543,-0.2826103276164139,-0.06938401575209636,-0.2203517625529159,-1.2825417157647971,0.2230769230769231,97408.31356824025
4,-90,-50,10,-50,0,15,0.6,0.9864217839664435,-0.0002478324164083482,0.0109722278043487,7.733333333333333,-0.02423180816168158,-0.2667541637855436,-0.09645621154360824,-0.20794352574920993,-1.2828202408535776,0.17692307692307693,97576.81918383185
4,-90,-50,10,-50,50,15,0.6,0.9864217839664435,-0.0002478324164083482,0.0109722278043487,7.733333333333333,-0.02423180816168158,-0.2667541637855436,-0.09645621154360824,-0.20794352574920993,-1.2828202408535776,0.17692307692307693,97576.81918383185
4,-90,-50,10,-50,100,15,0.6,0.9864217839664435,-0.0002478324164083482,0.0109722278043487,7.733333333333333,-0.02423180816168158,-0.2667541637855436,-0.09645621154360824,-0.20794352574920993,-1.2828202408535776,0.17692307692307693,97576.81918383185
4,-85,-20,3,-80,0,19,0.631578947368421,0.9968971511970754,-5.7353086642786266e-05,0.0077114264621442885,8.421052631578947,-0.02744047144506989,-0.2966748086637929,-0.08915610393597662,-0.23074533831658295,-1.2857239536373846,0.21153846153846154,97255.95285549301
5,-80,-40,10,-80,0,15,0.6,0.9925684999352775,-0.00015299534846524576,0.013760095722405108,10.666666666666666,-0.02630319602201625,-0.2862008745936143,-0.08884469833903859,-0.22201124503685465,-1.289127830196637,0.21153846153846154,97369.68039779838
5,-80,-40,10,-80,50,15,0.6,0.9925684999352775,-0.00015299534846524576,0.013760095722405108,10.666666666666666,-0.02630319602201625,-0.2862008745936143,-0.08884469833903859,-0.22201124503685465,-1.289127830196637,0.21153846153846154,97369.68039779838
5,-80,-40,10,-80,100,15,0.6,0.9925684999352775,-0.00015299534846524576,0.013760095722405108,10.666666666666666,-0.02630319602201625,-0.2862008745936143,-0.08884469833903859,-0.22201124503685465,-1.289127830196637,0.21153846153846154,97369.68039779838
5,-80,-30,10,-80,0,15,0.6,0.9925684999352775,-0.00015299534846524576,0.013760095722405108,10.666666666666666,-0.02630319602201625,-0.2862008745936143,-0.08884469833903859,-0.22201124503685465,-1.289127830196637,0.21153846153846154,97369.68039779838
5,-80,-30,10,-80,50,15,0.6,0.9925684999352775,-0.00015299534846524576,0.013760095722405108,10.666666666666666,-0.02630319602201625,-0.2862008745936143,-0.08884469833903859,-0.22201124503685465,-1.289127830196637,0.21153846153846154,97369.68039779838
5,-80,-30,10,-80,100,15,0.6,0.9925684999352775,-0.00015299534846524576,0.013760095722405108,10.666666666666666,-0.02630319602201625,-0.2862008745936143,-0.08884469833903859,-0.22201124503685465,-1.289127830196637,0.21153846153846154,97369.68039779838
4,-85,-50,10,-50,0,17,0.6470588235294118,0.9884416142434875,-0.00022522157671608432,0.0109722278043487,9.235294117647058,-0.027731077397760373,-0.2993283932707753,-0.09744270399846533,-0.23186551873648353,-1.290956908564588,0.2,97226.89226022396
4,-85,-50,10,-50,50,17,0.6470588235294118,0.9884416142434875,-0.00022522157671608432,0.0109722278043487,9.235294117647058,-0.027731077397760373,-0.2993283932707753,-0.09744270399846533,-0.23186551873648353,-1.290956908564588,0.2,97226.89226022396
4,-85,-50,10,-50,100,17,0.6470588235294118,0.9884416142434875,-0.00022522157671608432,0.0109722278043487,9.235294117647058,-0.027731077397760373,-0.2993283932707753,-0.09744270399846533,-0.23186551873648353,-1.290956908564588,0.2,97226.89226022396
10,-80,-50,7,-120,0,14,0.6428571428571429,0.9945836930430664,-0.00011670785446262924,0.013658543926865163,10.642857142857142,-0.02494727468778668,-0.27352562772104705,-0.07584353008748898,-0.20722058429611057,-1.3199732480736037,0.16923076923076924,97505.27253122133
10,-80,-50,7,-120,50,14,0.6428571428571429,0.9945836930430664,-0.00011670785446262924,0.013658543926865163,10.642857142857142,-0.02494727468778668,-0.27352562772104705,-0.07584353008748898,-0.20722058429611057,-1.3199732480736037,0.16923076923076924,97505.27253122133
10,-80,-50,7,-120,100,14,0.6428571428571429,0.9945836930430664,-0.00011670785446262924,0.013658543926865163,10.642857142857142,-0.02494727468778668,-0.27352562772104705,-0.07584353008748898,-0.20722058429611057,-1.3199732480736037,0.16923076923076924,97505.27253122133
10,-80,-50,7,-100,0,14,0.6428571428571429,0.9945836930430664,-0.00011670785446262924,0.013658543926865163,10.642857142857142,-0.02494727468778668,-0.27352562772104705,-0.07584353008748898,-0.20722058429611057,-1.3199732480736037,0.16923076923076924,97505.27253122133
10,-80,-50,7,-100,50,14,0.6428571428571429,0.9945836930430664,-0.00011670785446262924,0.013658543926865163,10.642857142857142,-0.02494727468778668,-0.27352562772104705,-0.07584353008748898,-0.20722058429611057,-1.3199732480736037,0.16923076923076924,97505.27253122133
10,-80,-50,7,-100,100,14,0.6428571428571429,0.9945836930430664,-0.00011670785446262924,0.013658543926865163,10.642857142857142,-0.02494727468778668,-0.27352562772104705,-0.07584353008748898,-0.20722058429611057,-1.3199732480736037,0.16923076923076924,97505.27253122133
10,-80,-50,10,-100,0,14,0.6428571428571429,0.9945836930430664,-0.00011670785446262924,0.013658543926865163,10.642857142857142,-0.02494727468778668,-0.27352562772104705,-0.07584353008748898,-0.20722058429611057,-1.3199732480736037,0.16923076923076924,97505.27253122133
10,-80,-50,10,-100,50,14,0.6428571428571429,0.9945836930430664,-0.00011670785446262924,0.013658543926865163,10.642857142857142,-0.02494727468778668,-0.27352562772104705,-0.07584353008748898,-0.20722058429611057,-1.3199732480736037,0.16923076923076924,97505.27253122133
10,-80,-50,10,-100,100,14,0.6428571428571429,0.9945836930430664,-0.00011670785446262924,0.013658543926865163,10.642857142857142,-0.02494727468778668,-0.27352562772104705,-0.07584353008748898,-0.20722058429611057,-1.3199732480736037,0.16923076923076924,97505.27253122133
2,-80,-20,10,-80,0,14,0.5714285714285714,0.9994046023796546,-1.3851067305805018e-05,0.012807024092495345,10.857142857142858,-0.027267022890667847,-0.2950866058661752,-0.10122554039589174,-0.22201124503685465,-1.329151619401935,0.18076923076923077,97273.29771093321
2,-80,-20,10,-80,50,14,0.5714285714285714,0.9994046023796546,-1.3851067305805018e-05,0.012807024092495345,10.857142857142858,-0.027267022890667847,-0.2950866058661752,-0.10122554039589174,-0.22201124503685465,-1.329151619401935,0.18076923076923077,97273.29771093321
2,-80,-20,10,-80,100,14,0.5714285714285714,0.9994046023796546,-1.3851067305805018e-05,0.012807024092495345,10.857142857142858,-0.027267022890667847,-0.2950866058661752,-0.10122554039589174,-0.22201124503685465,-1.329151619401935,0.18076923076923077,97273.29771093321
10,-85,-40,3,-80,50,17,0.6470588235294118,0.9920876695863278,-0.00013962044214348566,0.005085252766975801,9.117647058823529,-0.02497130194763153,-0.27375202866939363,-0.06396843636060644,-0.20445198680701537,-1.3389550913378572,0.19230769230769232,97502.86980523684
10,-85,-30,3,-80,50,17,0.6470588235294118,0.9920876695863278,-0.00013962044214348566,0.005085252766975801,9.117647058823529,-0.02497130194763153,-0.27375202866939363,-0.06396843636060644,-0.20445198680701537,-1.3389550913378572,0.19230769230769232,97502.86980523684
2,-85,-40,5,-100,50,19,0.631578947368421,0.995707414361513,-7.265503805241544e-05,0.006953096740484721,8.0,-0.024850181847319575,-0.27261009171941275,-0.057358666701461634,-0.20179135532296277,-1.3509502985551889,0.18076923076923077,97514.98181526804
2,-85,-40,5,-100,100,19,0.631578947368421,0.995707414361513,-7.265503805241544e-05,0.006953096740484721,8.0,-0.024850181847319575,-0.27261009171941275,-0.057358666701461634,-0.20179135532296277,-1.3509502985551889,0.18076923076923077,97514.98181526804
3,-90,-50,3,-80,50,18,0.6111111111111112,0.9816844327252797,-0.00033058308539756095,0.006439066621643064,6.666666666666667,-0.029206886633603824,-0.3126625850821596,-0.17611223446221416,-0.2285482400034835,-1.3680375971278276,0.19230769230769232,97079.31133663961
4,-85,-30,10,-100,0,13,0.5384615384615384,0.9894331526661528,-0.00023416857823238118,0.0179026217228464,11.615384615384615,-0.026069603043227252,-0.28403185686372345,-0.09303315024678194,-0.20722058429611034,-1.3706739503149588,0.17692307692307693,97393.03969567727
4,-85,-30,10,-100,50,13,0.5384615384615384,0.9894331526661528,-0.00023416857823238118,0.0179026217228464,11.615384615384615,-0.026069603043227252,-0.28403185686372345,-0.09303315024678194,-0.20722058429611034,-1.3706739503149588,0.17692307692307693,97393.03969567727
4,-85,-30,10,-100,100,13,0.5384615384615384,0.9894331526661528,-0.00023416857823238118,0.0179026217228464,11.615384615384615,-0.026069603043227252,-0.28403185686372345,-0.09303315024678194,-0.20722058429611034,-1.3706739503149588,0.17692307692307693,97393.03969567727
4,-80,-30,10,-100,0,13,0.5384615384615384,0.9894331526661528,-0.00023416857823238118,0.0179026217228464,11.615384615384615,-0.026069603043227252,-0.28403185686372345,-0.09303315024678194,-0.20722058429611034,-1.3706739503149588,0.17692307692307693,97393.03969567727
4,-80,-30,10,-100,50,13,0.5384615384615384,0.9894331526661528,-0.00023416857823238118,0.0179026217228464,11.615384615384615,-0.026069603043227252,-0.28403185686372345,-0.09303315024678194,-0.20722058429611034,-1.3706739503149588,0.17692307692307693,97393.03969567727
4,-80,-30,10,-100,100,13,0.5384615384615384,0.9894331526661528,-0.00023416857823238118,0.0179026217228464,11.615384615384615,-0.026069603043227252,-0.28403185686372345,-0.09303315024678194,-0.20722058429611034,-1.3706739503149588,0.17692307692307693,97393.03969567727
5,-85,-40,10,-100,0,13,0.5384615384615384,0.9894331526661528,-0.00023416857823238118,0.0179026217228464,11.615384615384615,-0.026069603043227252,-0.28403185686372345,-0.09303315024678194,-0.20722058429611034,-1.3706739503149588,0.17692307692307693,97393.03969567727
5,-85,-40,10,-100,50,13,0.5384615384615384,0.9894331526661528,-0.00023416857823238118,0.0179026217228464,11.615384615384615,-0.026069603043227252,-0.28403185686372345,-0.09303315024678194,-0.20722058429611034,-1.3706739503149588,0.17692307692307693,97393.03969567727
5,-85,-40,10,-100,100,13,0.5384615384615384,0.9894331526661528,-0.00023416857823238118,0.0179026217228464,11.615384615384615,-0.026069603043227252,-0.28403185686372345,-0.09303315024678194,-0.20722058429611034,-1.3706739503149588,0.17692307692307693,97393.03969567727
5,-85,-30,10,-100,0,13,0.5384615384615384,0.9894331526661528,-0.00023416857823238118,0.0179026217228464,11.615384615384615,-0.026069603043227252,-0.28403185686372345,-0.09303315024678194,-0.20722058429611034,-1.3706739503149588,0.17692307692307693,97393.03969567727
5,-85,-30,10,-100,50,13,0.5384615384615384,0.9894331526661528,-0.00023416857823238118,0.0179026217228464,11.615384615384615,-0.026069603043227252,-0.28403185686372345,-0.09303315024678194,-0.20722058429611034,-1.3706739503149588,0.17692307692307693,97393.03969567727
5,-85,-30,10,-100,100,13,0.5384615384615384,0.9894331526661528,-0.00023416857823238118,0.0179026217228464,11.615384615384615,-0.026069603043227252,-0.28403185686372345,-0.09303315024678194,-0.20722058429611034,-1.3706739503149588,0.17692307692307693,97393.03969567727
5,-80,-40,10,-100,0,13,0.5384615384615384,0.9894331526661528,-0.00023416857823238118,0.0179026217228464,11.615384615384615,-0.026069603043227252,-0.28403185686372345,-0.09303315024678194,-0.20722058429611034,-1.3706739503149588,0.17692307692307693,97393.03969567727
5,-80,-40,10,-100,50,13,0.5384615384615384,0.9894331526661528,-0.00023416857823238118,0.0179026217228464,11.615384615384615,-0.026069603043227252,-0.28403185686372345,-0.09303315024678194,-0.20722058429611034,-1.3706739503149588,0.17692307692307693,97393.03969567727
5,-80,-40,10,-100,100,13,0.5384615384615384,0.9894331526661528,-0.00023416857823238118,0.0179026217228464,11.615384615384615,-0.026069603043227252,-0.28403185686372345,-0.09303315024678194,-0.20722058429611034,-1.3706739503149588,0.17692307692307693,97393.03969567727
5,-80,-30,10,-100,0,13,0.5384615384615384,0.9894331526661528,-0.00023416857823238118,0.0179026217228464,11.615384615384615,-0.026069603043227252,-0.28403185686372345,-0.09303315024678194,-0.20722058429611034,-1.3706739503149588,0.17692307692307693,97393.03969567727
5,-80,-30,10,-100,50,13,0.5384615384615384,0.9894331526661528,-0.00023416857823238118,0.0179026217228464,11.615384615384615,-0.026069603043227252,-0.28403185686372345,-0.09303315024678194,-0.20722058429611034,-1.3706739503149588,0.17692307692307693,97393.03969567727
5,-80,-30,10,-100,100,13,0.5384615384615384,0.9894331526661528,-0.00023416857823238118,0.0179026217228464,11.615384615384615,-0.026069603043227252,-0.28403185686372345,-0.09303315024678194,-0.20722058429611034,-1.3706739503149588,0.17692307692307693,97393.03969567727
4,-85,-30,7,-100,0,14,0.6428571428571429,0.9853806155490288,-0.0003165692892341968,0.01404139814968186,11.0,-0.028302267089196254,-0.30451719581534253,-0.1291577041872402,-0.22201124503685465,-1.371629602657251,0.18846153846153846,97169.77329108038
4,-85,-30,7,-100,50,14,0.6428571428571429,0.9853806155490288,-0.0003165692892341968,0.01404139814968186,11.0,-0.028302267089196254,-0.30451719581534253,-0.1291577041872402,-0.22201124503685465,-1.371629602657251,0.18846153846153846,97169.77329108038
4,-85,-30,7,-100,100,14,0.6428571428571429,0.9853806155490288,-0.0003165692892341968,0.01404139814968186,11.0,-0.028302267089196254,-0.30451719581534253,-0.1291577041872402,-0.22201124503685465,-1.371629602657251,0.18846153846153846,97169.77329108038
4,-80,-30,7,-100,0,14,0.6428571428571429,0.9853806155490288,-0.0003165692892341968,0.01404139814968186,11.0,-0.028302267089196254,-0.30451719581534253,-0.1291577041872402,-0.22201124503685465,-1.371629602657251,0.18846153846153846,97169.77329108038
4,-80,-30,7,-100,50,14,0.6428571428571429,0.9853806155490288,-0.0003165692892341968,0.01404139814968186,11.0,-0.028302267089196254,-0.30451719581534253,-0.1291577041872402,-0.22201124503685465,-1.371629602657251,0.18846153846153846,97169.77329108038
4,-80,-30,7,-100,100,14,0.6428571428571429,0.9853806155490288,-0.0003165692892341968,0.01404139814968186,11.0,-0.028302267089196254,-0.30451719581534253,-0.1291577041872402,-0.22201124503685465,-1.371629602657251,0.18846153846153846,97169.77329108038
5,-85,-40,7,-100,0,14,0.6428571428571429,0.9853806155490288,-0.0003165692892341968,0.01404139814968186,11.0,-0.028302267089196254,-0.30451719581534253,-0.1291577041872402,-0.22201124503685465,-1.371629602657251,0.18846153846153846,97169.77329108038
5,-85,-40,7,-100,50,14,0.6428571428571429,0.9853806155490288,-0.0003165692892341968,0.01404139814968186,11.0,-0.028302267089196254,-0.30451719581534253,-0.1291577041872402,-0.22201124503685465,-1.371629602657251,0.18846153846153846,97169.77329108038
5,-85,-40,7,-100,100,14,0.6428571428571429,0.9853806155490288,-0.0003165692892341968,0.01404139814968186,11.0,-0.028302267089196254,-0.30451719581534253,-0.1291577041872402,-0.22201124503685465,-1.371629602657251,0.18846153846153846,97169.77329108038
5,-85,-30,7,-100,0,14,0.6428571428571429,0.9853806155490288,-0.0003165692892341968,0.01404139814968186,11.0,-0.028302267089196254,-0.30451719581534253,-0.1291577041872402,-0.22201124503685465,-1.371629602657251,0.18846153846153846,97169.77329108038
5,-85,-30,7,-100,50,14,0.6428571428571429,0.9853806155490288,-0.0003165692892341968,0.01404139814968186,11.0,-0.028302267089196254,-0.30451719581534253,-0.1291577041872402,-0.22201124503685465,-1.371629602657251,0.18846153846153846,97169.77329108038
5,-85,-30,7,-100,100,14,0.6428571428571429,0.9853806155490288,-0.0003165692892341968,0.01404139814968186,11.0,-0.028302267089196254,-0.30451719581534253,-0.1291577041872402,-0.22201124503685465,-1.371629602657251,0.18846153846153846,97169.77329108038
5,-80,-40,7,-100,0,14,0.6428571428571429,0.9853806155490288,-0.0003165692892341968,0.01404139814968186,11.0,-0.028302267089196254,-0.30451719581534253,-0.1291577041872402,-0.22201124503685465,-1.371629602657251,0.18846153846153846,97169.77329108038
5,-80,-40,7,-100,50,14,0.6428571428571429,0.9853806155490288,-0.0003165692892341968,0.01404139814968186,11.0,-0.028302267089196254,-0.30451719581534253,-0.1291577041872402,-0.22201124503685465,-1.371629602657251,0.18846153846153846,97169.77329108038
5,-80,-40,7,-100,100,14,0.6428571428571429,0.9853806155490288,-0.0003165692892341968,0.01404139814968186,11.0,-0.028302267089196254,-0.30451719581534253,-0.1291577041872402,-0.22201124503685465,-1.371629602657251,0.18846153846153846,97169.77329108038
5,-80,-30,7,-100,0,14,0.6428571428571429,0.9853806155490288,-0.0003165692892341968,0.01404139814968186,11.0,-0.028302267089196254,-0.30451719581534253,-0.1291577041872402,-0.22201124503685465,-1.371629602657251,0.18846153846153846,97169.77329108038
5,-80,-30,7,-100,50,14,0.6428571428571429,0.9853806155490288,-0.0003165692892341968,0.01404139814968186,11.0,-0.028302267089196254,-0.30451719581534253,-0.1291577041872402,-0.22201124503685465,-1.371629602657251,0.18846153846153846,97169.77329108038
5,-80,-30,7,-100,100,14,0.6428571428571429,0.9853806155490288,-0.0003165692892341968,0.01404139814968186,11.0,-0.028302267089196254,-0.30451719581534253,-0.1291577041872402,-0.22201124503685465,-1.371629602657251,0.18846153846153846,97169.77329108038
4,-85,-40,5,-120,0,14,0.6428571428571429,0.9937828673613646,-0.00013914536663426982,0.01443742476359755,10.857142857142858,-0.027726752679013034,-0.29928897102475316,-0.11334592478725547,-0.21817443740388942,-1.3717875228008618,0.18076923076923077,97227.3247320987
4,-95,-30,3,-80,100,9,0.5555555555555556,0.9556176121356693,-0.0009931729692916151,0.0109722278043487,11.222222222222221,-0.027308231485903223,-0.2954642362304014,-0.23345563466024827,-0.21471079097868007,-1.3761033382795365,0.11923076923076924,97269.17685140968
4,-95,-30,3,-50,100,9,0.5555555555555556,0.9556176121356693,-0.0009931729692916151,0.0109722278043487,11.222222222222221,-0.027308231485903223,-0.2954642362304014,-0.23345563466024827,-0.21471079097868007,-1.3761033382795365,0.11923076923076924,97269.17685140968
4,-95,-30,5,-100,50,9,0.5555555555555556,0.9556176121356693,-0.0009931729692916151,0.0109722278043487,11.222222222222221,-0.027308231485903223,-0.2954642362304014,-0.23345563466024827,-0.21471079097868007,-1.3761033382795365,0.11923076923076924,97269.17685140968
4,-95,-30,5,-100,100,9,0.5555555555555556,0.9556176121356693,-0.0009931729692916151,0.0109722278043487,11.222222222222221,-0.027308231485903223,-0.2954642362304014,-0.23345563466024827,-0.21471079097868007,-1.3761033382795365,0.11923076923076924,97269.17685140968
4,-95,-30,5,-80,50,9,0.5555555555555556,0.9556176121356693,-0.0009931729692916151,0.0109722278043487,11.222222222222221,-0.027308231485903223,-0.2954642362304014,-0.23345563466024827,-0.21471079097868007,-1.3761033382795365,0.11923076923076924,97269.17685140968
4,-95,-30,5,-80,100,9,0.5555555555555556,0.9556176121356693,-0.0009931729692916151,0.0109722278043487,11.222222222222221,-0.027308231485903223,-0.2954642362304014,-0.23345563466024827,-0.21471079097868007,-1.3761033382795365,0.11923076923076924,97269.17685140968
4,-95,-30,5,-50,50,9,0.5555555555555556,0.9556176121356693,-0.0009931729692916151,0.0109722278043487,11.222222222222221,-0.027308231485903223,-0.2954642362304014,-0.23345563466024827,-0.21471079097868007,-1.3761033382795365,0.11923076923076924,97269.17685140968
4,-95,-30,5,-50,100,9,0.5555555555555556,0.9556176121356693,-0.0009931729692916151,0.0109722278043487,11.222222222222221,-0.027308231485903223,-0.2954642362304014,-0.23345563466024827,-0.21471079097868007,-1.3761033382795365,0.11923076923076924,97269.17685140968
4,-95,-30,7,-50,0,9,0.5555555555555556,0.9556176121356693,-0.0009931729692916151,0.0109722278043487,11.222222222222221,-0.027308231485903223,-0.2954642362304014,-0.23345563466024827,-0.21471079097868007,-1.3761033382795365,0.11923076923076924,97269.17685140968
4,-95,-30,7,-50,50,9,0.5555555555555556,0.9556176121356693,-0.0009931729692916151,0.0109722278043487,11.222222222222221,-0.027308231485903223,-0.2954642362304014,-0.23345563466024827,-0.21471079097868007,-1.3761033382795365,0.11923076923076924,97269.17685140968
4,-95,-30,7,-50,100,9,0.5555555555555556,0.9556176121356693,-0.0009931729692916151,0.0109722278043487,11.222222222222221,-0.027308231485903223,-0.2954642362304014,-0.23345563466024827,-0.21471079097868007,-1.3761033382795365,0.11923076923076924,97269.17685140968
4,-95,-20,3,-80,100,9,0.5555555555555556,0.9556176121356693,-0.0009931729692916151,0.0109722278043487,11.222222222222221,-0.027308231485903223,-0.2954642362304014,-0.23345563466024827,-0.21471079097868007,-1.3761033382795365,0.11923076923076924,97269.17685140968
4,-95,-20,3,-50,100,9,0.5555555555555556,0.9556176121356693,-0.0009931729692916151,0.0109722278043487,11.222222222222221,-0.027308231485903223,-0.2954642362304014,-0.23345563466024827,-0.21471079097868007,-1.3761033382795365,0.11923076923076924,97269.17685140968
4,-95,-20,5,-100,50,9,0.5555555555555556,0.9556176121356693,-0.0009931729692916151,0.0109722278043487,11.222222222222221,-0.027308231485903223,-0.2954642362304014,-0.23345563466024827,-0.21471079097868007,-1.3761033382795365,0.11923076923076924,97269.17685140968
4,-95,-20,5,-100,100,9,0.5555555555555556,0.9556176121356693,-0.0009931729692916151,0.0109722278043487,11.222222222222221,-0.027308231485903223,-0.2954642362304014,-0.23345563466024827,-0.21471079097868007,-1.3761033382795365,0.11923076923076924,97269.17685140968
4,-95,-20,5,-80,50,9,0.5555555555555556,0.9556176121356693,-0.0009931729692916151,0.0109722278043487,11.222222222222221,-0.027308231485903223,-0.2954642362304014,-0.23345563466024827,-0.21471079097868007,-1.3761033382795365,0.11923076923076924,97269.17685140968
4,-95,-20,5,-80,100,9,0.5555555555555556,0.9556176121356693,-0.0009931729692916151,0.0109722278043487,11.222222222222221,-0.027308231485903223,-0.2954642362304014,-0.23345563466024827,-0.21471079097868007,-1.3761033382795365,0.11923076923076924,97269.17685140968
4,-95,-20,5,-50,50,9,0.5555555555555556,0.9556176121356693,-0.0009931729692916151,0.0109722278043487,11.222222222222221,-0.027308231485903223,-0.2954642362304014,-0.23345563466024827,-0.21471079097868007,-1.3761033382795365,0.11923076923076924,97269.17685140968
4,-95,-20,5,-50,100,9,0.5555555555555556,0.9556176121356693,-0.0009931729692916151,0.0109722278043487,11.222222222222221,-0.027308231485903223,-0.2954642362304014,-0.23345563466024827,-0.21471079097868007,-1.3761033382795365,0.11923076923076924,97269.17685140968
4,-95,-20,7,-50,0,9,0.5555555555555556,0.9556176121356693,-0.0009931729692916151,0.0109722278043487,11.222222222222221,-0.027308231485903223,-0.2954642362304014,-0.23345563466024827,-0.21471079097868007,-1.3761033382795365,0.11923076923076924,97269.17685140968
4,-95,-20,7,-50,50,9,0.5555555555555556,0.9556176121356693,-0.0009931729692916151,0.0109722278043487,11.222222222222221,-0.027308231485903223,-0.2954642362304014,-0.23345563466024827,-0.21471079097868007,-1.3761033382795365,0.11923076923076924,97269.17685140968
4,-95,-20,7,-50,100,9,0.5555555555555556,0.9556176121356693,-0.0009931729692916151,0.0109722278043487,11.222222222222221,-0.027308231485903223,-0.2954642362304014,-0.23345563466024827,-0.21471079097868007,-1.3761033382795365,0.11923076923076924,97269.17685140968
7,-85,-40,3,-50,50,16,0.5625,0.9868772829610977,-0.00024809470299761577,0.006398339614560045,9.625,-0.0266286017554227,-0.2892123300030053,-0.09175457494213507,-0.20722058429611057,-1.395673750199119,0.18846153846153846,97337.13982445773
7,-85,-30,3,-50,50,16,0.5625,0.9868772829610977,-0.00024809470299761577,0.006398339614560045,9.625,-0.0266286017554227,-0.2892123300030053,-0.09175457494213507,-0.20722058429611057,-1.395673750199119,0.18846153846153846,97337.13982445773
2,-90,-20,3,-80,50,17,0.5882352941176471,0.9811575190123464,-0.00032721271199777276,0.0109722278043487,7.0,-0.028495744768033626,-0.3062667468590329,-0.16337861975523235,-0.2181744374038892,-1.4037700772985853,0.18846153846153846,97150.42552319664
2,-85,-50,5,-80,0,20,0.6,0.9886886685137334,-0.000209039124342697,0.009873234978617917,7.6,-0.03032114510383399,-0.32257483440261037,-0.12989140910880437,-0.22939566578483228,-1.4061941113794971,0.18076923076923077,96967.8854896166
2,-85,-50,5,-80,50,20,0.6,0.9886886685137334,-0.000209039124342697,0.009873234978617917,7.6,-0.03032114510383399,-0.32257483440261037,-0.12989140910880437,-0.22939566578483228,-1.4061941113794971,0.18076923076923077,96967.8854896166
2,-85,-50,5,-80,100,20,0.6,0.9886886685137334,-0.000209039124342697,0.009873234978617917,7.6,-0.03032114510383399,-0.32257483440261037,-0.12989140910880437,-0.22939566578483228,-1.4061941113794971,0.18076923076923077,96967.8854896166
2,-90,-30,3,-50,0,19,0.631578947368421,0.9810394974089661,-0.00029941147970266444,0.0109722278043487,6.2105263157894735,-0.026306155826941957,-0.28622831887071154,-0.13207281766171078,-0.20179135532296288,-1.4184369712597897,0.18461538461538463,97369.3844173058
2,-90,-20,3,-50,0,19,0.631578947368421,0.9810394974089661,-0.00029941147970266444,0.0109722278043487,6.2105263157894735,-0.026306155826941957,-0.28622831887071154,-0.13207281766171078,-0.20179135532296288,-1.4184369712597897,0.18461538461538463,97369.3844173058
3,-90,-20,10,-100,0,12,0.5833333333333334,0.9723653579973895,-0.0005657864671336313,0.010701424999301823,9.333333333333334,-0.02718830240417458,-0.29436470305136175,-0.17448772600947807,-0.20722058429611057,-1.4205379453554936,0.16153846153846155,97281.16975958254
3,-90,-20,10,-100,50,12,0.5833333333333334,0.9723653579973895,-0.0005657864671336313,0.010701424999301823,9.333333333333334,-0.02718830240417458,-0.29436470305136175,-0.17448772600947807,-0.20722058429611057,-1.4205379453554936,0.16153846153846155,97281.16975958254
3,-90,-20,10,-100,100,12,0.5833333333333334,0.9723653579973895,-0.0005657864671336313,0.010701424999301823,9.333333333333334,-0.02718830240417458,-0.29436470305136175,-0.17448772600947807,-0.20722058429611057,-1.4205379453554936,0.16153846153846155,97281.16975958254
4,-90,-30,10,-100,0,12,0.5833333333333334,0.9723653579973895,-0.0005657864671336313,0.010701424999301823,9.333333333333334,-0.02718830240417458,-0.29436470305136175,-0.17448772600947807,-0.20722058429611057,-1.4205379453554936,0.16153846153846155,97281.16975958254
4,-90,-30,10,-100,50,12,0.5833333333333334,0.9723653579973895,-0.0005657864671336313,0.010701424999301823,9.333333333333334,-0.02718830240417458,-0.29436470305136175,-0.17448772600947807,-0.20722058429611057,-1.4205379453554936,0.16153846153846155,97281.16975958254
4,-90,-30,10,-100,100,12,0.5833333333333334,0.9723653579973895,-0.0005657864671336313,0.010701424999301823,9.333333333333334,-0.02718830240417458,-0.29436470305136175,-0.17448772600947807,-0.20722058429611057,-1.4205379453554936,0.16153846153846155,97281.16975958254
4,-90,-20,10,-100,0,12,0.5833333333333334,0.9723653579973895,-0.0005657864671336313,0.010701424999301823,9.333333333333334,-0.02718830240417458,-0.29436470305136175,-0.17448772600947807,-0.20722058429611057,-1.4205379453554936,0.16153846153846155,97281.16975958254
4,-90,-20,10,-100,50,12,0.5833333333333334,0.9723653579973895,-0.0005657864671336313,0.010701424999301823,9.333333333333334,-0.02718830240417458,-0.29436470305136175,-0.17448772600947807,-0.20722058429611057,-1.4205379453554936,0.16153846153846155,97281.16975958254
4,-90,-20,10,-100,100,12,0.5833333333333334,0.9723653579973895,-0.0005657864671336313,0.010701424999301823,9.333333333333334,-0.02718830240417458,-0.29436470305136175,-0.17448772600947807,-0.20722058429611057,-1.4205379453554936,0.16153846153846155,97281.16975958254
3,-80,-50,10,-50,0,19,0.631578947368421,0.9807822143543643,-0.00034996687199877706,0.0077114264621442885,8.421052631578947,-0.03130039527511441,-0.33117720984505006,-0.16027052204101414,-0.22918298794167824,-1.4450340002082833,0.21153846153846154,96869.96047248856
3,-80,-50,10,-50,50,19,0.631578947368421,0.9807822143543643,-0.00034996687199877706,0.0077114264621442885,8.421052631578947,-0.03130039527511441,-0.33117720984505006,-0.16027052204101414,-0.22918298794167824,-1.4450340002082833,0.21153846153846154,96869.96047248856
3,-80,-50,10,-50,100,19,0.631578947368421,0.9807822143543643,-0.00034996687199877706,0.0077114264621442885,8.421052631578947,-0.03130039527511441,-0.33117720984505006,-0.16027052204101414,-0.22918298794167824,-1.4450340002082833,0.21153846153846154,96869.96047248856
4,-80,-50,10,-50,0,17,0.5882352941176471,0.9755889235614474,-0.0004786645903647126,0.0109722278043487,9.294117647058824,-0.031910855619769696,-0.33648886817952905,-0.17089967843176762,-0.23186551873648353,-1.451224270056086,0.20384615384615384,96808.91443802303
4,-80,-50,10,-50,50,17,0.5882352941176471,0.9755889235614474,-0.0004786645903647126,0.0109722278043487,9.294117647058824,-0.031910855619769696,-0.33648886817952905,-0.17089967843176762,-0.23186551873648353,-1.451224270056086,0.20384615384615384,96808.91443802303
4,-80,-50,10,-50,100,17,0.5882352941176471,0.9755889235614474,-0.0004786645903647126,0.0109722278043487,9.294117647058824,-0.031910855619769696,-0.33648886817952905,-0.17089967843176762,-0.23186551873648353,-1.451224270056086,0.20384615384615384,96808.91443802303
4,-90,-40,7,-120,0,12,0.5833333333333334,0.9671483760614266,-0.0006725979748915256,0.010060555952754457,9.083333333333334,-0.028430843038529163,-0.3056803154893277,-0.20033997224073985,-0.20722058429611034,-1.475144549599967,0.15,97156.91569614709
4,-90,-40,7,-120,50,12,0.5833333333333334,0.9671483760614266,-0.0006725979748915256,0.010060555952754457,9.083333333333334,-0.028430843038529163,-0.3056803154893277,-0.20033997224073985,-0.20722058429611034,-1.475144549599967,0.15,97156.91569614709
4,-90,-40,7,-120,100,12,0.5833333333333334,0.9671483760614266,-0.0006725979748915256,0.010060555952754457,9.083333333333334,-0.028430843038529163,-0.3056803154893277,-0.20033997224073985,-0.20722058429611034,-1.475144549599967,0.15,97156.91569614709
5,-85,-50,3,-80,50,18,0.6111111111111112,0.9777060040544833,-0.0004396856683804172,0.006398339614560045,9.055555555555555,-0.03495005518235306,-0.3623597474793939,-0.2148613900866439,-0.23652614677245098,-1.5320071477256196,0.2230769230769231,96504.99448176469
3,-85,-30,5,-120,50,14,0.6428571428571429,0.972795033160522,-0.0005541614547290059,0.01443742476359755,10.571428571428571,-0.02910541904901187,-0.311753343794516,-0.15414773179225247,-0.2017913553229631,-1.5449291338350988,0.16538461538461538,97089.45809509882
3,-85,-30,5,-120,100,14,0.6428571428571429,0.972795033160522,-0.0005541614547290059,0.01443742476359755,10.571428571428571,-0.02910541904901187,-0.311753343794516,-0.15414773179225247,-0.2017913553229631,-1.5449291338350988,0.16538461538461538,97089.45809509882
7,-85,-50,7,-120,0,13,0.6153846153846154,0.9761133476459251,-0.000554289674352047,0.0179026217228464,11.384615384615385,-0.030350024531545783,-0.32282998158699117,-0.17463140228469,-0.20722058429611057,-1.5579049865320282,0.16538461538461538,96964.99754684542
7,-85,-50,7,-120,50,13,0.6153846153846154,0.9761133476459251,-0.000554289674352047,0.0179026217228464,11.384615384615385,-0.030350024531545783,-0.32282998158699117,-0.17463140228469,-0.20722058429611057,-1.5579049865320282,0.16538461538461538,96964.99754684542
7,-85,-50,7,-120,100,13,0.6153846153846154,0.9761133476459251,-0.000554289674352047,0.0179026217228464,11.384615384615385,-0.030350024531545783,-0.32282998158699117,-0.17463140228469,-0.20722058429611057,-1.5579049865320282,0.16538461538461538,96964.99754684542
10,-85,-50,7,-120,0,13,0.6153846153846154,0.9761133476459251,-0.000554289674352047,0.0179026217228464,11.384615384615385,-0.030350024531545783,-0.32282998158699117,-0.17463140228469,-0.20722058429611057,-1.5579049865320282,0.16538461538461538,96964.99754684542
10,-85,-50,7,-120,50,13,0.6153846153846154,0.9761133476459251,-0.000554289674352047,0.0179026217228464,11.384615384615385,-0.030350024531545783,-0.32282998158699117,-0.17463140228469,-0.20722058429611057,-1.5579049865320282,0.16538461538461538,96964.99754684542
10,-85,-50,7,-120,100,13,0.6153846153846154,0.9761133476459251,-0.000554289674352047,0.0179026217228464,11.384615384615385,-0.030350024531545783,-0.32282998158699117,-0.17463140228469,-0.20722058429611057,-1.5579049865320282,0.16538461538461538,96964.99754684542
10,-85,-50,7,-100,0,13,0.6153846153846154,0.9761133476459251,-0.000554289674352047,0.0179026217228464,11.384615384615385,-0.030350024531545783,-0.32282998158699117,-0.17463140228469,-0.20722058429611057,-1.5579049865320282,0.16538461538461538,96964.99754684542
10,-85,-50,7,-100,50,13,0.6153846153846154,0.9761133476459251,-0.000554289674352047,0.0179026217228464,11.384615384615385,-0.030350024531545783,-0.32282998158699117,-0.17463140228469,-0.20722058429611057,-1.5579049865320282,0.16538461538461538,96964.99754684542
10,-85,-50,7,-100,100,13,0.6153846153846154,0.9761133476459251,-0.000554289674352047,0.0179026217228464,11.384615384615385,-0.030350024531545783,-0.32282998158699117,-0.17463140228469,-0.20722058429611057,-1.5579049865320282,0.16538461538461538,96964.99754684542
10,-85,-50,10,-100,0,13,0.6153846153846154,0.9761133476459251,-0.000554289674352047,0.0179026217228464,11.384615384615385,-0.030350024531545783,-0.32282998158699117,-0.17463140228469,-0.20722058429611057,-1.5579049865320282,0.16538461538461538,96964.99754684542
10,-85,-50,10,-100,50,13,0.6153846153846154,0.9761133476459251,-0.000554289674352047,0.0179026217228464,11.384615384615385,-0.030350024531545783,-0.32282998158699117,-0.17463140228469,-0.20722058429611057,-1.5579049865320282,0.16538461538461538,96964.99754684542
10,-85,-50,10,-100,100,13,0.6153846153846154,0.9761133476459251,-0.000554289674352047,0.0179026217228464,11.384615384615385,-0.030350024531545783,-0.32282998158699117,-0.17463140228469,-0.20722058429611057,-1.5579049865320282,0.16538461538461538,96964.99754684542
3,-90,-20,10,-120,0,11,0.5454545454545454,0.9581185880958393,-0.0009354241710328019,0.0179026217228464,9.727272727272727,-0.030581488489207165,-0.3248717501799381,-0.24315246466483356,-0.20722058429611034,-1.5677581031993844,0.1423076923076923,96941.85115107929
3,-90,-20,10,-120,50,11,0.5454545454545454,0.9581185880958393,-0.0009354241710328019,0.0179026217228464,9.727272727272727,-0.030581488489207165,-0.3248717501799381,-0.24315246466483356,-0.20722058429611034,-1.5677581031993844,0.1423076923076923,96941.85115107929
3,-90,-20,10,-120,100,11,0.5454545454545454,0.9581185880958393,-0.0009354241710328019,0.0179026217228464,9.727272727272727,-0.030581488489207165,-0.3248717501799381,-0.24315246466483356,-0.20722058429611034,-1.5677581031993844,0.1423076923076923,96941.85115107929
4,-90,-40,10,-120,0,11,0.5454545454545454,0.9581185880958393,-0.0009354241710328019,0.0179026217228464,9.727272727272727,-0.030581488489207165,-0.3248717501799381,-0.24315246466483356,-0.20722058429611034,-1.5677581031993844,0.1423076923076923,96941.85115107929
4,-90,-40,10,-120,50,11,0.5454545454545454,0.9581185880958393,-0.0009354241710328019,0.0179026217228464,9.727272727272727,-0.030581488489207165,-0.3248717501799381,-0.24315246466483356,-0.20722058429611034,-1.5677581031993844,0.1423076923076923,96941.85115107929
4,-90,-40,10,-120,100,11,0.5454545454545454,0.9581185880958393,-0.0009354241710328019,0.0179026217228464,9.727272727272727,-0.030581488489207165,-0.3248717501799381,-0.24315246466483356,-0.20722058429611034,-1.5677581031993844,0.1423076923076923,96941.85115107929
4,-90,-30,10,-120,0,11,0.5454545454545454,0.9581185880958393,-0.0009354241710328019,0.0179026217228464,9.727272727272727,-0.030581488489207165,-0.3248717501799381,-0.24315246466483356,-0.20722058429611034,-1.5677581031993844,0.1423076923076923,96941.85115107929
4,-90,-30,10,-120,50,11,0.5454545454545454,0.9581185880958393,-0.0009354241710328019,0.0179026217228464,9.727272727272727,-0.030581488489207165,-0.3248717501799381,-0.24315246466483356,-0.20722058429611034,-1.5677581031993844,0.1423076923076923,96941.85115107929
4,-90,-30,10,-120,100,11,0.5454545454545454,0.9581185880958393,-0.0009354241710328019,0.0179026217228464,9.727272727272727,-0.030581488489207165,-0.3248717501799381,-0.24315246466483356,-0.20722058429611034,-1.5677581031993844,0.1423076923076923,96941.85115107929
4,-90,-20,10,-120,0,11,0.5454545454545454,0.9581185880958393,-0.0009354241710328019,0.0179026217228464,9.727272727272727,-0.030581488489207165,-0.3248717501799381,-0.24315246466483356,-0.20722058429611034,-1.5677581031993844,0.1423076923076923,96941.85115107929
4,-90,-20,10,-120,50,11,0.5454545454545454,0.9581185880958393,-0.0009354241710328019,0.0179026217228464,9.727272727272727,-0.030581488489207165,-0.3248717501799381,-0.24315246466483356,-0.20722058429611034,-1.5677581031993844,0.1423076923076923,96941.85115107929
4,-90,-20,10,-120,100,11,0.5454545454545454,0.9581185880958393,-0.0009354241710328019,0.0179026217228464,9.727272727272727,-0.030581488489207165,-0.3248717501799381,-0.24315246466483356,-0.20722058429611034,-1.5677581031993844,0.1423076923076923,96941.85115107929
5,-90,-40,10,-120,0,11,0.5454545454545454,0.9581185880958393,-0.0009354241710328019,0.0179026217228464,9.727272727272727,-0.030581488489207165,-0.3248717501799381,-0.24315246466483356,-0.20722058429611034,-1.5677581031993844,0.1423076923076923,96941.85115107929
5,-90,-40,10,-120,50,11,0.5454545454545454,0.9581185880958393,-0.0009354241710328019,0.0179026217228464,9.727272727272727,-0.030581488489207165,-0.3248717501799381,-0.24315246466483356,-0.20722058429611034,-1.5677581031993844,0.1423076923076923,96941.85115107929
5,-90,-40,10,-120,100,11,0.5454545454545454,0.9581185880958393,-0.0009354241710328019,0.0179026217228464,9.727272727272727,-0.030581488489207165,-0.3248717501799381,-0.24315246466483356,-0.20722058429611034,-1.5677581031993844,0.1423076923076923,96941.85115107929
5,-90,-30,10,-120,0,11,0.5454545454545454,0.9581185880958393,-0.0009354241710328019,0.0179026217228464,9.727272727272727,-0.030581488489207165,-0.3248717501799381,-0.24315246466483356,-0.20722058429611034,-1.5677581031993844,0.1423076923076923,96941.85115107929
5,-90,-30,10,-120,50,11,0.5454545454545454,0.9581185880958393,-0.0009354241710328019,0.0179026217228464,9.727272727272727,-0.030581488489207165,-0.3248717501799381,-0.24315246466483356,-0.20722058429611034,-1.5677581031993844,0.1423076923076923,96941.85115107929
5,-90,-30,10,-120,100,11,0.5454545454545454,0.9581185880958393,-0.0009354241710328019,0.0179026217228464,9.727272727272727,-0.030581488489207165,-0.3248717501799381,-0.24315246466483356,-0.20722058429611034,-1.5677581031993844,0.1423076923076923,96941.85115107929
5,-90,-20,10,-120,0,11,0.5454545454545454,0.9581185880958393,-0.0009354241710328019,0.0179026217228464,9.727272727272727,-0.030581488489207165,-0.3248717501799381,-0.24315246466483356,-0.20722058429611034,-1.5677581031993844,0.1423076923076923,96941.85115107929
5,-90,-20,10,-120,50,11,0.5454545454545454,0.9581185880958393,-0.0009354241710328019,0.0179026217228464,9.727272727272727,-0.030581488489207165,-0.3248717501799381,-0.24315246466483356,-0.20722058429611034,-1.5677581031993844,0.1423076923076923,96941.85115107929
5,-90,-20,10,-120,100,11,0.5454545454545454,0.9581185880958393,-0.0009354241710328019,0.0179026217228464,9.727272727272727,-0.030581488489207165,-0.3248717501799381,-0.24315246466483356,-0.20722058429611034,-1.5677581031993844,0.1423076923076923,96941.85115107929
4,-90,-40,7,-100,0,13,0.5384615384615384,0.9573636325891421,-0.0008140160789968248,0.0022184901826625136,8.692307692307692,-0.030870485572369044,-0.32741306596186304,-0.2464768041189477,-0.20722058429611023,-1.5800219224071022,0.16538461538461538,96912.9514427631
4,-90,-40,7,-100,50,13,0.5384615384615384,0.9573636325891421,-0.0008140160789968248,0.0022184901826625136,8.692307692307692,-0.030870485572369044,-0.32741306596186304,-0.2464768041189477,-0.20722058429611023,-1.5800219224071022,0.16538461538461538,96912.9514427631
4,-90,-40,7,-100,100,13,0.5384615384615384,0.9573636325891421,-0.0008140160789968248,0.0022184901826625136,8.692307692307692,-0.030870485572369044,-0.32741306596186304,-0.2464768041189477,-0.20722058429611023,-1.5800219224071022,0.16538461538461538,96912.9514427631
4,-95,-40,3,-80,50,9,0.5555555555555556,0.9281668156340314,-0.0016549979256383783,0.0109722278043487,11.11111111111111,-0.0331349413518881,-0.3470228619513912,-0.3561378921096166,-0.21941490437818578,-1.5815829053857664,0.11538461538461539,96686.50586481119
4,-95,-40,3,-80,100,9,0.5555555555555556,0.9281668156340314,-0.0016549979256383783,0.0109722278043487,11.11111111111111,-0.0331349413518881,-0.3470228619513912,-0.3561378921096166,-0.21941490437818578,-1.5815829053857664,0.11538461538461539,96686.50586481119
4,-95,-40,3,-50,50,9,0.5555555555555556,0.9281668156340314,-0.0016549979256383783,0.0109722278043487,11.11111111111111,-0.0331349413518881,-0.3470228619513912,-0.3561378921096166,-0.21941490437818578,-1.5815829053857664,0.11538461538461539,96686.50586481119
4,-95,-40,3,-50,100,9,0.5555555555555556,0.9281668156340314,-0.0016549979256383783,0.0109722278043487,11.11111111111111,-0.0331349413518881,-0.3470228619513912,-0.3561378921096166,-0.21941490437818578,-1.5815829053857664,0.11538461538461539,96686.50586481119
4,-95,-40,5,-100,50,9,0.5555555555555556,0.9281668156340314,-0.0016549979256383783,0.0109722278043487,11.11111111111111,-0.0331349413518881,-0.3470228619513912,-0.3561378921096166,-0.21941490437818578,-1.5815829053857664,0.11538461538461539,96686.50586481119
4,-95,-40,5,-100,100,9,0.5555555555555556,0.9281668156340314,-0.0016549979256383783,0.0109722278043487,11.11111111111111,-0.0331349413518881,-0.3470228619513912,-0.3561378921096166,-0.21941490437818578,-1.5815829053857664,0.11538461538461539,96686.50586481119
4,-95,-40,5,-80,50,9,0.5555555555555556,0.9281668156340314,-0.0016549979256383783,0.0109722278043487,11.11111111111111,-0.0331349413518881,-0.3470228619513912,-0.3561378921096166,-0.21941490437818578,-1.5815829053857664,0.11538461538461539,96686.50586481119
4,-95,-40,5,-80,100,9,0.5555555555555556,0.9281668156340314,-0.0016549979256383783,0.0109722278043487,11.11111111111111,-0.0331349413518881,-0.3470228619513912,-0.3561378921096166,-0.21941490437818578,-1.5815829053857664,0.11538461538461539,96686.50586481119
4,-95,-40,5,-50,50,9,0.5555555555555556,0.9281668156340314,-0.0016549979256383783,0.0109722278043487,11.11111111111111,-0.0331349413518881,-0.3470228619513912,-0.3561378921096166,-0.21941490437818578,-1.5815829053857664,0.11538461538461539,96686.50586481119
4,-95,-40,5,-50,100,9,0.5555555555555556,0.9281668156340314,-0.0016549979256383783,0.0109722278043487,11.11111111111111,-0.0331349413518881,-0.3470228619513912,-0.3561378921096166,-0.21941490437818578,-1.5815829053857664,0.11538461538461539,96686.50586481119
4,-95,-40,7,-50,0,9,0.5555555555555556,0.9281668156340314,-0.0016549979256383783,0.0109722278043487,11.11111111111111,-0.0331349413518881,-0.3470228619513912,-0.3561378921096166,-0.21941490437818578,-1.5815829053857664,0.11538461538461539,96686.50586481119
4,-95,-40,7,-50,50,9,0.5555555555555556,0.9281668156340314,-0.0016549979256383783,0.0109722278043487,11.11111111111111,-0.0331349413518881,-0.3470228619513912,-0.3561378921096166,-0.21941490437818578,-1.5815829053857664,0.11538461538461539,96686.50586481119
4,-95,-40,7,-50,100,9,0.5555555555555556,0.9281668156340314,-0.0016549979256383783,0.0109722278043487,11.11111111111111,-0.0331349413518881,-0.3470228619513912,-0.3561378921096166,-0.21941490437818578,-1.5815829053857664,0.11538461538461539,96686.50586481119
4,-95,-30,3,-80,50,9,0.5555555555555556,0.9281668156340314,-0.0016549979256383783,0.0109722278043487,11.11111111111111,-0.0331349413518881,-0.3470228619513912,-0.3561378921096166,-0.21941490437818578,-1.5815829053857664,0.11538461538461539,96686.50586481119
4,-95,-30,3,-50,50,9,0.5555555555555556,0.9281668156340314,-0.0016549979256383783,0.0109722278043487,11.11111111111111,-0.0331349413518881,-0.3470228619513912,-0.3561378921096166,-0.21941490437818578,-1.5815829053857664,0.11538461538461539,96686.50586481119
4,-95,-20,3,-80,50,9,0.5555555555555556,0.9281668156340314,-0.0016549979256383783,0.0109722278043487,11.11111111111111,-0.0331349413518881,-0.3470228619513912,-0.3561378921096166,-0.21941490437818578,-1.5815829053857664,0.11538461538461539,96686.50586481119
4,-95,-20,3,-50,50,9,0.5555555555555556,0.9281668156340314,-0.0016549979256383783,0.0109722278043487,11.11111111111111,-0.0331349413518881,-0.3470228619513912,-0.3561378921096166,-0.21941490437818578,-1.5815829053857664,0.11538461538461539,96686.50586481119
7,-80,-40,5,-120,0,13,0.6153846153846154,0.9721558594158914,-0.0006461231732350828,0.017553501540511274,11.384615384615385,-0.03148632448260924,-0.33279912543508905,-0.19584952629793123,-0.20722058429611057,-1.6060138357661002,0.16538461538461538,96851.36755173908
7,-80,-30,5,-120,0,13,0.6153846153846154,0.9721558594158914,-0.0006461231732350828,0.017553501540511274,11.384615384615385,-0.03148632448260924,-0.33279912543508905,-0.19584952629793123,-0.20722058429611057,-1.6060138357661002,0.16538461538461538,96851.36755173908
4,-85,-40,10,-100,0,13,0.5384615384615384,0.9693362073105605,-0.0006936191567620777,0.0179026217228464,11.538461538461538,-0.031903732657997286,-0.33642711544166926,-0.19947431313139302,-0.20722058429611057,-1.6235217007250946,0.17307692307692307,96809.62673420027
4,-85,-40,10,-100,50,13,0.5384615384615384,0.9693362073105605,-0.0006936191567620777,0.0179026217228464,11.538461538461538,-0.031903732657997286,-0.33642711544166926,-0.19947431313139302,-0.20722058429611057,-1.6235217007250946,0.17307692307692307,96809.62673420027
4,-85,-40,10,-100,100,13,0.5384615384615384,0.9693362073105605,-0.0006936191567620777,0.0179026217228464,11.538461538461538,-0.031903732657997286,-0.33642711544166926,-0.19947431313139302,-0.20722058429611057,-1.6235217007250946,0.17307692307692307,96809.62673420027
4,-80,-40,10,-100,0,13,0.5384615384615384,0.9693362073105605,-0.0006936191567620777,0.0179026217228464,11.538461538461538,-0.031903732657997286,-0.33642711544166926,-0.19947431313139302,-0.20722058429611057,-1.6235217007250946,0.17307692307692307,96809.62673420027
4,-80,-40,10,-100,50,13,0.5384615384615384,0.9693362073105605,-0.0006936191567620777,0.0179026217228464,11.538461538461538,-0.031903732657997286,-0.33642711544166926,-0.19947431313139302,-0.20722058429611057,-1.6235217007250946,0.17307692307692307,96809.62673420027
4,-80,-40,10,-100,100,13,0.5384615384615384,0.9693362073105605,-0.0006936191567620777,0.0179026217228464,11.538461538461538,-0.031903732657997286,-0.33642711544166926,-0.19947431313139302,-0.20722058429611057,-1.6235217007250946,0.17307692307692307,96809.62673420027
7,-80,-50,10,-100,0,14,0.6428571428571429,0.9705859472261397,-0.0006337991952050014,0.011074718305839837,10.714285714285714,-0.03193748242745553,-0.3367196632471702,-0.20301208887745362,-0.20722058429611045,-1.6249334707309309,0.17307692307692307,96806.25175725445
7,-80,-50,10,-100,50,14,0.6428571428571429,0.9705859472261397,-0.0006337991952050014,0.011074718305839837,10.714285714285714,-0.03193748242745553,-0.3367196632471702,-0.20301208887745362,-0.20722058429611045,-1.6249334707309309,0.17307692307692307,96806.25175725445
7,-80,-50,10,-100,100,14,0.6428571428571429,0.9705859472261397,-0.0006337991952050014,0.011074718305839837,10.714285714285714,-0.03193748242745553,-0.3367196632471702,-0.20301208887745362,-0.20722058429611045,-1.6249334707309309,0.17307692307692307,96806.25175725445
10,-85,-20,3,-80,0,17,0.6470588235294118,0.9778046923707535,-0.00041318223586893436,0.005085252766975801,9.058823529411764,-0.03147505156602726,-0.3327008916872741,-0.1785642827961082,-0.2044519868070157,-1.6272812843893458,0.18846153846153846,96852.49484339727
5,-95,-50,3,-80,100,9,0.6666666666666666,0.923333195464198,-0.0018079013652634928,0.0109722278043487,10.88888888888889,-0.03460117049525424,-0.3594378388100702,-0.3918226794986495,-0.22059864414191055,-1.6293746510012308,0.1076923076923077,96539.88295047458
5,-95,-50,3,-50,100,9,0.6666666666666666,0.923333195464198,-0.0018079013652634928,0.0109722278043487,10.88888888888889,-0.03460117049525424,-0.3594378388100702,-0.3918226794986495,-0.22059864414191055,-1.6293746510012308,0.1076923076923077,96539.88295047458
5,-95,-50,5,-80,0,9,0.6666666666666666,0.923333195464198,-0.0018079013652634928,0.0109722278043487,10.88888888888889,-0.03460117049525424,-0.3594378388100702,-0.3918226794986495,-0.22059864414191055,-1.6293746510012308,0.1076923076923077,96539.88295047458
5,-95,-50,5,-80,50,9,0.6666666666666666,0.923333195464198,-0.0018079013652634928,0.0109722278043487,10.88888888888889,-0.03460117049525424,-0.3594378388100702,-0.3918226794986495,-0.22059864414191055,-1.6293746510012308,0.1076923076923077,96539.88295047458
5,-95,-50,5,-80,100,9,0.6666666666666666,0.923333195464198,-0.0018079013652634928,0.0109722278043487,10.88888888888889,-0.03460117049525424,-0.3594378388100702,-0.3918226794986495,-0.22059864414191055,-1.6293746510012308,0.1076923076923077,96539.88295047458
5,-95,-50,5,-50,0,9,0.6666666666666666,0.923333195464198,-0.0018079013652634928,0.0109722278043487,10.88888888888889,-0.03460117049525424,-0.3594378388100702,-0.3918226794986495,-0.22059864414191055,-1.6293746510012308,0.1076923076923077,96539.88295047458
5,-95,-50,5,-50,50,9,0.6666666666666666,0.923333195464198,-0.0018079013652634928,0.0109722278043487,10.88888888888889,-0.03460117049525424,-0.3594378388100702,-0.3918226794986495,-0.22059864414191055,-1.6293746510012308,0.1076923076923077,96539.88295047458
5,-95,-50,5,-50,100,9,0.6666666666666666,0.923333195464198,-0.0018079013652634928,0.0109722278043487,10.88888888888889,-0.03460117049525424,-0.3594378388100702,-0.3918226794986495,-0.22059864414191055,-1.6293746510012308,0.1076923076923077,96539.88295047458
5,-95,-50,7,-80,0,9,0.6666666666666666,0.923333195464198,-0.0018079013652634928,0.0109722278043487,10.88888888888889,-0.03460117049525424,-0.3594378388100702,-0.3918226794986495,-0.22059864414191055,-1.6293746510012308,0.1076923076923077,96539.88295047458
5,-95,-50,7,-80,50,9,0.6666666666666666,0.923333195464198,-0.0018079013652634928,0.0109722278043487,10.88888888888889,-0.03460117049525424,-0.3594378388100702,-0.3918226794986495,-0.22059864414191055,-1.6293746510012308,0.1076923076923077,96539.88295047458
5,-95,-50,7,-80,100,9,0.6666666666666666,0.923333195464198,-0.0018079013652634928,0.0109722278043487,10.88888888888889,-0.03460117049525424,-0.3594378388100702,-0.3918226794986495,-0.22059864414191055,-1.6293746510012308,0.1076923076923077,96539.88295047458
5,-95,-50,7,-50,0,9,0.6666666666666666,0.923333195464198,-0.0018079013652634928,0.0109722278043487,10.88888888888889,-0.03460117049525424,-0.3594378388100702,-0.3918226794986495,-0.22059864414191055,-1.6293746510012308,0.1076923076923077,96539.88295047458
5,-95,-50,7,-50,50,9,0.6666666666666666,0.923333195464198,-0.0018079013652634928,0.0109722278043487,10.88888888888889,-0.03460117049525424,-0.3594378388100702,-0.3918226794986495,-0.22059864414191055,-1.6293746510012308,0.1076923076923077,96539.88295047458
5,-95,-50,7,-50,100,9,0.6666666666666666,0.923333195464198,-0.0018079013652634928,0.0109722278043487,10.88888888888889,-0.03460117049525424,-0.3594378388100702,-0.3918226794986495,-0.22059864414191055,-1.6293746510012308,0.1076923076923077,96539.88295047458
5,-95,-40,5,-80,0,9,0.6666666666666666,0.923333195464198,-0.0018079013652634928,0.0109722278043487,10.88888888888889,-0.03460117049525424,-0.3594378388100702,-0.3918226794986495,-0.22059864414191055,-1.6293746510012308,0.1076923076923077,96539.88295047458
5,-95,-40,5,-50,0,9,0.6666666666666666,0.923333195464198,-0.0018079013652634928,0.0109722278043487,10.88888888888889,-0.03460117049525424,-0.3594378388100702,-0.3918226794986495,-0.22059864414191055,-1.6293746510012308,0.1076923076923077,96539.88295047458
5,-95,-30,5,-80,0,9,0.6666666666666666,0.923333195464198,-0.0018079013652634928,0.0109722278043487,10.88888888888889,-0.03460117049525424,-0.3594378388100702,-0.3918226794986495,-0.22059864414191055,-1.6293746510012308,0.1076923076923077,96539.88295047458
5,-95,-30,5,-50,0,9,0.6666666666666666,0.923333195464198,-0.0018079013652634928,0.0109722278043487,10.88888888888889,-0.03460117049525424,-0.3594378388100702,-0.3918226794986495,-0.22059864414191055,-1.6293746510012308,0.1076923076923077,96539.88295047458
5,-95,-20,5,-80,0,9,0.6666666666666666,0.923333195464198,-0.0018079013652634928,0.0109722278043487,10.88888888888889,-0.03460117049525424,-0.3594378388100702,-0.3918226794986495,-0.22059864414191055,-1.6293746510012308,0.1076923076923077,96539.88295047458
5,-95,-20,5,-50,0,9,0.6666666666666666,0.923333195464198,-0.0018079013652634928,0.0109722278043487,10.88888888888889,-0.03460117049525424,-0.3594378388100702,-0.3918226794986495,-0.22059864414191055,-1.6293746510012308,0.1076923076923077,96539.88295047458
2,-90,-40,3,-80,50,18,0.6111111111111112,0.960925881856503,-0.0006135139318177379,0.008153231239589886,6.388888888888889,-0.031093098921460283,-0.32936462184922244,-0.2225082951185321,-0.201791355322963,-1.6322038242028802,0.17307692307692307,96890.69010785397
2,-90,-40,3,-80,100,18,0.6111111111111112,0.960925881856503,-0.0006135139318177379,0.008153231239589886,6.388888888888889,-0.031093098921460283,-0.32936462184922244,-0.2225082951185321,-0.201791355322963,-1.6322038242028802,0.17307692307692307,96890.69010785397
7,-85,-40,5,-120,50,12,0.5833333333333334,0.9668058665231782,-0.0007888532869240369,0.013658543926865163,12.25,-0.03217473236450952,-0.33877282957794497,-0.2074824098638055,-0.20722058429611045,-1.6348415903212168,0.16153846153846155,96782.52676354905
7,-85,-40,5,-120,100,12,0.5833333333333334,0.9668058665231782,-0.0007888532869240369,0.013658543926865163,12.25,-0.03217473236450952,-0.33877282957794497,-0.2074824098638055,-0.20722058429611045,-1.6348415903212168,0.16153846153846155,96782.52676354905
7,-85,-30,5,-120,50,12,0.5833333333333334,0.9668058665231782,-0.0007888532869240369,0.013658543926865163,12.25,-0.03217473236450952,-0.33877282957794497,-0.2074824098638055,-0.20722058429611045,-1.6348415903212168,0.16153846153846155,96782.52676354905
7,-85,-30,5,-120,100,12,0.5833333333333334,0.9668058665231782,-0.0007888532869240369,0.013658543926865163,12.25,-0.03217473236450952,-0.33877282957794497,-0.2074824098638055,-0.20722058429611045,-1.6348415903212168,0.16153846153846155,96782.52676354905
5,-90,-50,3,-80,50,15,0.5333333333333333,0.9566819343944378,-0.00085922094931834,0.0022184901826625136,7.866666666666666,-0.036377033946629944,-0.37418337887285635,-0.3162827050898579,-0.22832693013426353,-1.6388052808874738,0.18461538461538463,96362.296605337
5,-85,-40,5,-120,50,13,0.6153846153846154,0.9657653565274099,-0.0007817257218826373,0.0109722278043487,11.76923076923077,-0.03507472483941043,-0.3634008753837492,-0.25308235865123835,-0.2181744374038893,-1.665643691845592,0.18461538461538463,96492.52751605895
5,-85,-40,5,-120,100,13,0.6153846153846154,0.9657653565274099,-0.0007817257218826373,0.0109722278043487,11.76923076923077,-0.03507472483941043,-0.3634008753837492,-0.25308235865123835,-0.2181744374038893,-1.665643691845592,0.18461538461538463,96492.52751605895
5,-85,-30,5,-120,50,13,0.6153846153846154,0.9657653565274099,-0.0007817257218826373,0.0109722278043487,11.76923076923077,-0.03507472483941043,-0.3634008753837492,-0.25308235865123835,-0.2181744374038893,-1.665643691845592,0.18461538461538463,96492.52751605895
5,-85,-30,5,-120,100,13,0.6153846153846154,0.9657653565274099,-0.0007817257218826373,0.0109722278043487,11.76923076923077,-0.03507472483941043,-0.3634008753837492,-0.25308235865123835,-0.2181744374038893,-1.665643691845592,0.18461538461538463,96492.52751605895
4,-90,-40,10,-100,0,12,0.5,0.9484251999533464,-0.001066724934135103,0.007695794197292993,9.25,-0.03301573068064301,-0.3460037937005517,-0.2892373267915448,-0.20722058429611023,-1.669736599169731,0.1576923076923077,96698.4269319357
4,-90,-40,10,-100,50,12,0.5,0.9484251999533464,-0.001066724934135103,0.007695794197292993,9.25,-0.03301573068064301,-0.3460037937005517,-0.2892373267915448,-0.20722058429611023,-1.669736599169731,0.1576923076923077,96698.4269319357
4,-90,-40,10,-100,100,12,0.5,0.9484251999533464,-0.001066724934135103,0.007695794197292993,9.25,-0.03301573068064301,-0.3460037937005517,-0.2892373267915448,-0.20722058429611023,-1.669736599169731,0.1576923076923077,96698.4269319357
7,-85,-20,3,-50,0,16,0.5625,0.9729760489479985,-0.000538754108830905,0.006398339614560045,9.5625,-0.033121296660235,-0.3469062949399162,-0.206024139706471,-0.20722058429611034,-1.6740918674575316,0.18461538461538463,96687.8703339765
5,-90,-40,10,-100,0,12,0.5,0.9468999553643437,-0.0011000407375333459,0.0074958993769035365,9.416666666666666,-0.0334032941591248,-0.3493115175974485,-0.2957971857729213,-0.20722058429611045,-1.6856989318121767,0.16538461538461538,96659.67058408752
5,-90,-40,10,-100,50,12,0.5,0.9468999553643437,-0.0011000407375333459,0.0074958993769035365,9.416666666666666,-0.0334032941591248,-0.3493115175974485,-0.2957971857729213,-0.20722058429611045,-1.6856989318121767,0.16538461538461538,96659.67058408752
5,-90,-40,10,-100,100,12,0.5,0.9468999553643437,-0.0011000407375333459,0.0074958993769035365,9.416666666666666,-0.0334032941591248,-0.3493115175974485,-0.2957971857729213,-0.20722058429611045,-1.6856989318121767,0.16538461538461538,96659.67058408752
5,-90,-40,10,-80,0,12,0.5,0.9468999553643437,-0.0011000407375333459,0.0074958993769035365,9.416666666666666,-0.0334032941591248,-0.3493115175974485,-0.2957971857729213,-0.20722058429611045,-1.6856989318121767,0.16538461538461538,96659.67058408752
5,-90,-40,10,-80,50,12,0.5,0.9468999553643437,-0.0011000407375333459,0.0074958993769035365,9.416666666666666,-0.0334032941591248,-0.3493115175974485,-0.2957971857729213,-0.20722058429611045,-1.6856989318121767,0.16538461538461538,96659.67058408752
5,-90,-40,10,-80,100,12,0.5,0.9468999553643437,-0.0011000407375333459,0.0074958993769035365,9.416666666666666,-0.0334032941591248,-0.3493115175974485,-0.2957971857729213,-0.20722058429611045,-1.6856989318121767,0.16538461538461538,96659.67058408752
5,-90,-30,10,-100,0,12,0.5,0.9468999553643437,-0.0011000407375333459,0.0074958993769035365,9.416666666666666,-0.0334032941591248,-0.3493115175974485,-0.2957971857729213,-0.20722058429611045,-1.6856989318121767,0.16538461538461538,96659.67058408752
5,-90,-30,10,-100,50,12,0.5,0.9468999553643437,-0.0011000407375333459,0.0074958993769035365,9.416666666666666,-0.0334032941591248,-0.3493115175974485,-0.2957971857729213,-0.20722058429611045,-1.6856989318121767,0.16538461538461538,96659.67058408752
5,-90,-30,10,-100,100,12,0.5,0.9468999553643437,-0.0011000407375333459,0.0074958993769035365,9.416666666666666,-0.0334032941591248,-0.3493115175974485,-0.2957971857729213,-0.20722058429611045,-1.6856989318121767,0.16538461538461538,96659.67058408752
5,-90,-30,10,-80,0,12,0.5,0.9468999553643437,-0.0011000407375333459,0.0074958993769035365,9.416666666666666,-0.0334032941591248,-0.3493115175974485,-0.2957971857729213,-0.20722058429611045,-1.6856989318121767,0.16538461538461538,96659.67058408752
5,-90,-30,10,-80,50,12,0.5,0.9468999553643437,-0.0011000407375333459,0.0074958993769035365,9.416666666666666,-0.0334032941591248,-0.3493115175974485,-0.2957971857729213,-0.20722058429611045,-1.6856989318121767,0.16538461538461538,96659.67058408752
5,-90,-30,10,-80,100,12,0.5,0.9468999553643437,-0.0011000407375333459,0.0074958993769035365,9.416666666666666,-0.0334032941591248,-0.3493115175974485,-0.2957971857729213,-0.20722058429611045,-1.6856989318121767,0.16538461538461538,96659.67058408752
5,-90,-20,10,-100,0,12,0.5,0.9468999553643437,-0.0011000407375333459,0.0074958993769035365,9.416666666666666,-0.0334032941591248,-0.3493115175974485,-0.2957971857729213,-0.20722058429611045,-1.6856989318121767,0.16538461538461538,96659.67058408752
5,-90,-20,10,-100,50,12,0.5,0.9468999553643437,-0.0011000407375333459,0.0074958993769035365,9.416666666666666,-0.0334032941591248,-0.3493115175974485,-0.2957971857729213,-0.20722058429611045,-1.6856989318121767,0.16538461538461538,96659.67058408752
5,-90,-20,10,-100,100,12,0.5,0.9468999553643437,-0.0011000407375333459,0.0074958993769035365,9.416666666666666,-0.0334032941591248,-0.3493115175974485,-0.2957971857729213,-0.20722058429611045,-1.6856989318121767,0.16538461538461538,96659.67058408752
5,-90,-20,10,-80,0,12,0.5,0.9468999553643437,-0.0011000407375333459,0.0074958993769035365,9.416666666666666,-0.0334032941591248,-0.3493115175974485,-0.2957971857729213,-0.20722058429611045,-1.6856989318121767,0.16538461538461538,96659.67058408752
5,-90,-20,10,-80,50,12,0.5,0.9468999553643437,-0.0011000407375333459,0.0074958993769035365,9.416666666666666,-0.0334032941591248,-0.3493115175974485,-0.2957971857729213,-0.20722058429611045,-1.6856989318121767,0.16538461538461538,96659.67058408752
5,-90,-20,10,-80,100,12,0.5,0.9468999553643437,-0.0011000407375333459,0.0074958993769035365,9.416666666666666,-0.0334032941591248,-0.3493115175974485,-0.2957971857729213,-0.20722058429611045,-1.6856989318121767,0.16538461538461538,96659.67058408752
5,-90,-50,7,-100,0,13,0.6153846153846154,0.9500476939000557,-0.001007394336812705,0.01018017457651732,8.76923076923077,-0.03355048364960689,-0.3505636884758191,-0.3015213544020129,-0.20722058429611057,-1.6917416272452765,0.16923076923076924,96644.95163503931
5,-90,-50,7,-100,50,13,0.6153846153846154,0.9500476939000557,-0.001007394336812705,0.01018017457651732,8.76923076923077,-0.03355048364960689,-0.3505636884758191,-0.3015213544020129,-0.20722058429611057,-1.6917416272452765,0.16923076923076924,96644.95163503931
5,-90,-50,7,-100,100,13,0.6153846153846154,0.9500476939000557,-0.001007394336812705,0.01018017457651732,8.76923076923077,-0.03355048364960689,-0.3505636884758191,-0.3015213544020129,-0.20722058429611057,-1.6917416272452765,0.16923076923076924,96644.95163503931
2,-90,-40,3,-50,0,19,0.631578947368421,0.9566770776656873,-0.0006820168601529126,0.009353365738695052,6.052631578947368,-0.033245101183841164,-0.34796325915621285,-0.2642357329150159,-0.20179135532296288,-1.724371485583735,0.17307692307692307,96675.48988161588
7,-80,-50,3,-50,0,21,0.6190476190476191,0.9520884548065092,-0.0007488756919845894,0.004246814888833272,7.761904761904762,-0.038071603958328204,-0.38796183047501975,-0.2895221478994636,-0.22452642044205806,-1.727911707277845,0.2230769230769231,96192.83960416718
5,-95,-50,5,-100,0,8,0.625,0.906840695608706,-0.002471417570391085,0.01443742476359755,11.625,-0.037968500352489554,-0.3871315498881682,-0.4662867929625175,-0.22331721120056036,-1.733549992886517,0.08846153846153847,96203.14996475105
5,-95,-50,5,-100,50,8,0.625,0.906840695608706,-0.002471417570391085,0.01443742476359755,11.625,-0.037968500352489554,-0.3871315498881682,-0.4662867929625175,-0.22331721120056036,-1.733549992886517,0.08846153846153847,96203.14996475105
5,-95,-50,5,-100,100,8,0.625,0.906840695608706,-0.002471417570391085,0.01443742476359755,11.625,-0.037968500352489554,-0.3871315498881682,-0.4662867929625175,-0.22331721120056036,-1.733549992886517,0.08846153846153847,96203.14996475105
5,-95,-40,5,-100,0,8,0.625,0.906840695608706,-0.002471417570391085,0.01443742476359755,11.625,-0.037968500352489554,-0.3871315498881682,-0.4662867929625175,-0.22331721120056036,-1.733549992886517,0.08846153846153847,96203.14996475105
5,-95,-30,5,-100,0,8,0.625,0.906840695608706,-0.002471417570391085,0.01443742476359755,11.625,-0.037968500352489554,-0.3871315498881682,-0.4662867929625175,-0.22331721120056036,-1.733549992886517,0.08846153846153847,96203.14996475105
5,-95,-20,5,-100,0,8,0.625,0.906840695608706,-0.002471417570391085,0.01443742476359755,11.625,-0.037968500352489554,-0.3871315498881682,-0.4662867929625175,-0.22331721120056036,-1.733549992886517,0.08846153846153847,96203.14996475105
4,-90,-50,3,-50,0,18,0.6111111111111112,0.9396175850853002,-0.0010456350298190685,0.008910287679647522,6.777777777777778,-0.0404058931644099,-0.40648459756550814,-0.40367247663958294,-0.2331720482125902,-1.7432818413762166,0.2,95959.410683559
4,-90,-40,3,-50,0,18,0.6111111111111112,0.9396175850853002,-0.0010456350298190685,0.008910287679647522,6.777777777777778,-0.0404058931644099,-0.40648459756550814,-0.40367247663958294,-0.2331720482125902,-1.7432818413762166,0.2,95959.410683559
4,-90,-30,3,-50,0,18,0.6111111111111112,0.9396175850853002,-0.0010456350298190685,0.008910287679647522,6.777777777777778,-0.0404058931644099,-0.40648459756550814,-0.40367247663958294,-0.2331720482125902,-1.7432818413762166,0.2,95959.410683559
4,-90,-20,3,-50,0,18,0.6111111111111112,0.9396175850853002,-0.0010456350298190685,0.008910287679647522,6.777777777777778,-0.0404058931644099,-0.40648459756550814,-0.40367247663958294,-0.2331720482125902,-1.7432818413762166,0.2,95959.410683559
7,-85,-50,7,-100,0,13,0.6153846153846154,0.956508027661754,-0.0010092310478233301,0.0179026217228464,11.461538461538462,-0.03603127914355819,-0.37133721368523875,-0.2783220852588785,-0.20722058429611045,-1.7919899943656745,0.16923076923076924,96396.87208564418
7,-85,-50,7,-100,50,13,0.6153846153846154,0.956508027661754,-0.0010092310478233301,0.0179026217228464,11.461538461538462,-0.03603127914355819,-0.37133721368523875,-0.2783220852588785,-0.20722058429611045,-1.7919899943656745,0.16923076923076924,96396.87208564418
7,-85,-50,7,-100,100,13,0.6153846153846154,0.956508027661754,-0.0010092310478233301,0.0179026217228464,11.461538461538462,-0.03603127914355819,-0.37133721368523875,-0.2783220852588785,-0.20722058429611045,-1.7919899943656745,0.16923076923076924,96396.87208564418
7,-85,-50,10,-100,0,13,0.6153846153846154,0.956508027661754,-0.0010092310478233301,0.0179026217228464,11.461538461538462,-0.03603127914355819,-0.37133721368523875,-0.2783220852588785,-0.20722058429611045,-1.7919899943656745,0.16923076923076924,96396.87208564418
7,-85,-50,10,-100,50,13,0.6153846153846154,0.956508027661754,-0.0010092310478233301,0.0179026217228464,11.461538461538462,-0.03603127914355819,-0.37133721368523875,-0.2783220852588785,-0.20722058429611045,-1.7919899943656745,0.16923076923076924,96396.87208564418
7,-85,-50,10,-100,100,13,0.6153846153846154,0.956508027661754,-0.0010092310478233301,0.0179026217228464,11.461538461538462,-0.03603127914355819,-0.37133721368523875,-0.2783220852588785,-0.20722058429611045,-1.7919899943656745,0.16923076923076924,96396.87208564418
3,-90,-20,10,-80,0,12,0.5,0.9365649855591905,-0.0013286454492779654,0.0069936563773486116,9.5,-0.03606265783173046,-0.3715960060069865,-0.347978820890798,-0.20722058429611034,-1.7932388679880853,0.16923076923076924,96393.73421682695
3,-90,-20,10,-80,50,12,0.5,0.9365649855591905,-0.0013286454492779654,0.0069936563773486116,9.5,-0.03606265783173046,-0.3715960060069865,-0.347978820890798,-0.20722058429611034,-1.7932388679880853,0.16923076923076924,96393.73421682695
3,-90,-20,10,-80,100,12,0.5,0.9365649855591905,-0.0013286454492779654,0.0069936563773486116,9.5,-0.03606265783173046,-0.3715960060069865,-0.347978820890798,-0.20722058429611034,-1.7932388679880853,0.16923076923076924,96393.73421682695
4,-90,-30,10,-80,0,12,0.5,0.9365649855591905,-0.0013286454492779654,0.0069936563773486116,9.5,-0.03606265783173046,-0.3715960060069865,-0.347978820890798,-0.20722058429611034,-1.7932388679880853,0.16923076923076924,96393.73421682695
4,-90,-30,10,-80,50,12,0.5,0.9365649855591905,-0.0013286454492779654,0.0069936563773486116,9.5,-0.03606265783173046,-0.3715960060069865,-0.347978820890798,-0.20722058429611034,-1.7932388679880853,0.16923076923076924,96393.73421682695
4,-90,-30,10,-80,100,12,0.5,0.9365649855591905,-0.0013286454492779654,0.0069936563773486116,9.5,-0.03606265783173046,-0.3715960060069865,-0.347978820890798,-0.20722058429611034,-1.7932388679880853,0.16923076923076924,96393.73421682695
4,-90,-20,10,-80,0,12,0.5,0.9365649855591905,-0.0013286454492779654,0.0069936563773486116,9.5,-0.03606265783173046,-0.3715960060069865,-0.347978820890798,-0.20722058429611034,-1.7932388679880853,0.16923076923076924,96393.73421682695
4,-90,-20,10,-80,50,12,0.5,0.9365649855591905,-0.0013286454492779654,0.0069936563773486116,9.5,-0.03606265783173046,-0.3715960060069865,-0.347978820890798,-0.20722058429611034,-1.7932388679880853,0.16923076923076924,96393.73421682695
4,-90,-20,10,-80,100,12,0.5,0.9365649855591905,-0.0013286454492779654,0.0069936563773486116,9.5,-0.03606265783173046,-0.3715960060069865,-0.347978820890798,-0.20722058429611034,-1.7932388679880853,0.16923076923076924,96393.73421682695
4,-85,-30,10,-80,0,14,0.5714285714285714,0.9480102161802786,-0.0011467875678131281,0.012807024092495345,11.071428571428571,-0.03951949964638535,-0.3995126676486588,-0.328740529304059,-0.22201124503685465,-1.799515459599077,0.19230769230769232,96048.05003536146
4,-85,-30,10,-80,50,14,0.5714285714285714,0.9480102161802786,-0.0011467875678131281,0.012807024092495345,11.071428571428571,-0.03951949964638535,-0.3995126676486588,-0.328740529304059,-0.22201124503685465,-1.799515459599077,0.19230769230769232,96048.05003536146
4,-85,-30,10,-80,100,14,0.5714285714285714,0.9480102161802786,-0.0011467875678131281,0.012807024092495345,11.071428571428571,-0.03951949964638535,-0.3995126676486588,-0.328740529304059,-0.22201124503685465,-1.799515459599077,0.19230769230769232,96048.05003536146
4,-80,-30,10,-80,0,14,0.5714285714285714,0.9480102161802786,-0.0011467875678131281,0.012807024092495345,11.071428571428571,-0.03951949964638535,-0.3995126676486588,-0.328740529304059,-0.22201124503685465,-1.799515459599077,0.19230769230769232,96048.05003536146
4,-80,-30,10,-80,50,14,0.5714285714285714,0.9480102161802786,-0.0011467875678131281,0.012807024092495345,11.071428571428571,-0.03951949964638535,-0.3995126676486588,-0.328740529304059,-0.22201124503685465,-1.799515459599077,0.19230769230769232,96048.05003536146
4,-80,-30,10,-80,100,14,0.5714285714285714,0.9480102161802786,-0.0011467875678131281,0.012807024092495345,11.071428571428571,-0.03951949964638535,-0.3995126676486588,-0.328740529304059,-0.22201124503685465,-1.799515459599077,0.19230769230769232,96048.05003536146
4,-95,-50,7,-80,0,9,0.5555555555555556,0.8962368017893177,-0.002475819321265455,0.0109722278043487,10.777777777777779,-0.0403841935109408,-0.40631481286616966,-0.5152763759643347,-0.22526748756872206,-1.803699314319452,0.10384615384615385,95961.58064890592
4,-95,-50,7,-80,50,9,0.5555555555555556,0.8962368017893177,-0.002475819321265455,0.0109722278043487,10.777777777777779,-0.0403841935109408,-0.40631481286616966,-0.5152763759643347,-0.22526748756872206,-1.803699314319452,0.10384615384615385,95961.58064890592
4,-95,-50,7,-80,100,9,0.5555555555555556,0.8962368017893177,-0.002475819321265455,0.0109722278043487,10.777777777777779,-0.0403841935109408,-0.40631481286616966,-0.5152763759643347,-0.22526748756872206,-1.803699314319452,0.10384615384615385,95961.58064890592
5,-95,-50,3,-80,50,9,0.5555555555555556,0.8962368017893177,-0.002475819321265455,0.0109722278043487,10.777777777777779,-0.0403841935109408,-0.40631481286616966,-0.5152763759643347,-0.22526748756872206,-1.803699314319452,0.10384615384615385,95961.58064890592
5,-95,-50,3,-50,50,9,0.5555555555555556,0.8962368017893177,-0.002475819321265455,0.0109722278043487,10.777777777777779,-0.0403841935109408,-0.40631481286616966,-0.5152763759643347,-0.22526748756872206,-1.803699314319452,0.10384615384615385,95961.58064890592
5,-90,-50,7,-120,0,12,0.5833333333333334,0.9366968396706341,-0.0013830295545268674,0.01404139814968186,9.083333333333334,-0.03692147832295534,-0.37864105967359063,-0.3706682171134622,-0.20722058429611045,-1.827236714729685,0.15,96307.85216770446
5,-90,-50,7,-120,50,12,0.5833333333333334,0.9366968396706341,-0.0013830295545268674,0.01404139814968186,9.083333333333334,-0.03692147832295534,-0.37864105967359063,-0.3706682171134622,-0.20722058429611045,-1.827236714729685,0.15,96307.85216770446
5,-90,-50,7,-120,100,12,0.5833333333333334,0.9366968396706341,-0.0013830295545268674,0.01404139814968186,9.083333333333334,-0.03692147832295534,-0.37864105967359063,-0.3706682171134622,-0.20722058429611045,-1.827236714729685,0.15,96307.85216770446
7,-90,-50,3,-80,0,14,0.5,0.9421488514270249,-0.001154900639657627,0.001287109719357693,7.928571428571429,-0.03718408776237769,-0.3807807242986958,-0.3201865984310099,-0.20722058429611057,-1.8375622556616973,0.1576923076923077,96281.59122376223
7,-90,-40,3,-80,0,14,0.5,0.9421488514270249,-0.001154900639657627,0.001287109719357693,7.928571428571429,-0.03718408776237769,-0.3807807242986958,-0.3201865984310099,-0.20722058429611057,-1.8375622556616973,0.1576923076923077,96281.59122376223
7,-90,-30,3,-80,0,14,0.5,0.9421488514270249,-0.001154900639657627,0.001287109719357693,7.928571428571429,-0.03718408776237769,-0.3807807242986958,-0.3201865984310099,-0.20722058429611057,-1.8375622556616973,0.1576923076923077,96281.59122376223
3,-80,-30,5,-120,0,15,0.6666666666666666,0.9508373192543046,-0.0009887105056534044,0.0109722278043487,10.066666666666666,-0.03618617966904514,-0.37261378596856876,-0.2859945127422789,-0.20179135532296288,-1.846529973358909,0.17692307692307693,96381.38203309549
7,-90,-50,10,-120,0,12,0.5833333333333334,0.9337762124902035,-0.0014468385916629838,0.013658543926865163,9.166666666666666,-0.037651484094614385,-0.3845721547337052,-0.38480794550894387,-0.20722058429611045,-1.855858847421094,0.15384615384615385,96234.85159053856
7,-90,-50,10,-120,50,12,0.5833333333333334,0.9337762124902035,-0.0014468385916629838,0.013658543926865163,9.166666666666666,-0.037651484094614385,-0.3845721547337052,-0.38480794550894387,-0.20722058429611045,-1.855858847421094,0.15384615384615385,96234.85159053856
7,-90,-50,10,-120,100,12,0.5833333333333334,0.9337762124902035,-0.0014468385916629838,0.013658543926865163,9.166666666666666,-0.037651484094614385,-0.3845721547337052,-0.38480794550894387,-0.20722058429611045,-1.855858847421094,0.15384615384615385,96234.85159053856
10,-90,-50,10,-120,0,12,0.5833333333333334,0.9337762124902035,-0.0014468385916629838,0.013658543926865163,9.166666666666666,-0.037651484094614385,-0.3845721547337052,-0.38480794550894387,-0.20722058429611045,-1.855858847421094,0.15384615384615385,96234.85159053856
10,-90,-50,10,-120,50,12,0.5833333333333334,0.9337762124902035,-0.0014468385916629838,0.013658543926865163,9.166666666666666,-0.037651484094614385,-0.3845721547337052,-0.38480794550894387,-0.20722058429611045,-1.855858847421094,0.15384615384615385,96234.85159053856
10,-90,-50,10,-120,100,12,0.5833333333333334,0.9337762124902035,-0.0014468385916629838,0.013658543926865163,9.166666666666666,-0.037651484094614385,-0.3845721547337052,-0.38480794550894387,-0.20722058429611045,-1.855858847421094,0.15384615384615385,96234.85159053856
10,-85,-50,5,-120,0,13,0.6153846153846154,0.9503393581757457,-0.0011523749990937425,0.0109722278043487,11.384615384615385,-0.03775042126587114,-0.3853719675267546,-0.3124904632172304,-0.20722058429611057,-1.8597185643298462,0.16538461538461538,96224.95787341289
10,-85,-50,5,-120,50,13,0.6153846153846154,0.9503393581757457,-0.0011523749990937425,0.0109722278043487,11.384615384615385,-0.03775042126587114,-0.3853719675267546,-0.3124904632172304,-0.20722058429611057,-1.8597185643298462,0.16538461538461538,96224.95787341289
10,-85,-50,5,-120,100,13,0.6153846153846154,0.9503393581757457,-0.0011523749990937425,0.0109722278043487,11.384615384615385,-0.03775042126587114,-0.3853719675267546,-0.3124904632172304,-0.20722058429611057,-1.8597185643298462,0.16538461538461538,96224.95787341289
10,-85,-40,5,-120,0,13,0.6153846153846154,0.9503393581757457,-0.0011523749990937425,0.0109722278043487,11.384615384615385,-0.03775042126587114,-0.3853719675267546,-0.3124904632172304,-0.20722058429611057,-1.8597185643298462,0.16538461538461538,96224.95787341289
10,-85,-30,5,-120,0,13,0.6153846153846154,0.9503393581757457,-0.0011523749990937425,0.0109722278043487,11.384615384615385,-0.03775042126587114,-0.3853719675267546,-0.3124904632172304,-0.20722058429611057,-1.8597185643298462,0.16538461538461538,96224.95787341289
10,-80,-50,5,-120,0,13,0.6153846153846154,0.9503393581757457,-0.0011523749990937425,0.0109722278043487,11.384615384615385,-0.03775042126587114,-0.3853719675267546,-0.3124904632172304,-0.20722058429611057,-1.8597185643298462,0.16538461538461538,96224.95787341289
10,-80,-50,5,-120,50,13,0.6153846153846154,0.9503393581757457,-0.0011523749990937425,0.0109722278043487,11.384615384615385,-0.03775042126587114,-0.3853719675267546,-0.3124904632172304,-0.20722058429611057,-1.8597185643298462,0.16538461538461538,96224.95787341289
10,-80,-50,5,-120,100,13,0.6153846153846154,0.9503393581757457,-0.0011523749990937425,0.0109722278043487,11.384615384615385,-0.03775042126587114,-0.3853719675267546,-0.3124904632172304,-0.20722058429611057,-1.8597185643298462,0.16538461538461538,96224.95787341289
10,-80,-40,5,-120,0,13,0.6153846153846154,0.9503393581757457,-0.0011523749990937425,0.0109722278043487,11.384615384615385,-0.03775042126587114,-0.3853719675267546,-0.3124904632172304,-0.20722058429611057,-1.8597185643298462,0.16538461538461538,96224.95787341289
10,-80,-30,5,-120,0,13,0.6153846153846154,0.9503393581757457,-0.0011523749990937425,0.0109722278043487,11.384615384615385,-0.03775042126587114,-0.3853719675267546,-0.3124904632172304,-0.20722058429611057,-1.8597185643298462,0.16538461538461538,96224.95787341289
4,-85,-40,7,-100,0,14,0.5714285714285714,0.9397879116721635,-0.0013146368605108014,0.010060555952754457,10.857142857142858,-0.04173553335786684,-0.4168032000052163,-0.37491594959825975,-0.22201124503685465,-1.877396795536305,0.18076923076923077,95826.44666421332
4,-85,-40,7,-100,50,14,0.5714285714285714,0.9397879116721635,-0.0013146368605108014,0.010060555952754457,10.857142857142858,-0.04173553335786684,-0.4168032000052163,-0.37491594959825975,-0.22201124503685465,-1.877396795536305,0.18076923076923077,95826.44666421332
4,-85,-40,7,-100,100,14,0.5714285714285714,0.9397879116721635,-0.0013146368605108014,0.010060555952754457,10.857142857142858,-0.04173553335786684,-0.4168032000052163,-0.37491594959825975,-0.22201124503685465,-1.877396795536305,0.18076923076923077,95826.44666421332
4,-80,-40,7,-100,0,14,0.5714285714285714,0.9397879116721635,-0.0013146368605108014,0.010060555952754457,10.857142857142858,-0.04173553335786684,-0.4168032000052163,-0.37491594959825975,-0.22201124503685465,-1.877396795536305,0.18076923076923077,95826.44666421332
4,-80,-40,7,-100,50,14,0.5714285714285714,0.9397879116721635,-0.0013146368605108014,0.010060555952754457,10.857142857142858,-0.04173553335786684,-0.4168032000052163,-0.37491594959825975,-0.22201124503685465,-1.877396795536305,0.18076923076923077,95826.44666421332
4,-80,-40,7,-100,100,14,0.5714285714285714,0.9397879116721635,-0.0013146368605108014,0.010060555952754457,10.857142857142858,-0.04173553335786684,-0.4168032000052163,-0.37491594959825975,-0.22201124503685465,-1.877396795536305,0.18076923076923077,95826.44666421332
4,-95,-30,5,-100,0,9,0.5555555555555556,0.8833083948948223,-0.0028250466747892717,0.0109722278043487,11.11111111111111,-0.04340790294259689,-0.42954693134937183,-0.5780255034299123,-0.22770863744246128,-1.8863883960392684,0.11538461538461539,95659.20970574032
4,-95,-30,5,-80,0,9,0.5555555555555556,0.8833083948948223,-0.0028250466747892717,0.0109722278043487,11.11111111111111,-0.04340790294259689,-0.42954693134937183,-0.5780255034299123,-0.22770863744246128,-1.8863883960392684,0.11538461538461539,95659.20970574032
4,-95,-30,5,-50,0,9,0.5555555555555556,0.8833083948948223,-0.0028250466747892717,0.0109722278043487,11.11111111111111,-0.04340790294259689,-0.42954693134937183,-0.5780255034299123,-0.22770863744246128,-1.8863883960392684,0.11538461538461539,95659.20970574032
4,-95,-20,5,-100,0,9,0.5555555555555556,0.8833083948948223,-0.0028250466747892717,0.0109722278043487,11.11111111111111,-0.04340790294259689,-0.42954693134937183,-0.5780255034299123,-0.22770863744246128,-1.8863883960392684,0.11538461538461539,95659.20970574032
4,-95,-20,5,-80,0,9,0.5555555555555556,0.8833083948948223,-0.0028250466747892717,0.0109722278043487,11.11111111111111,-0.04340790294259689,-0.42954693134937183,-0.5780255034299123,-0.22770863744246128,-1.8863883960392684,0.11538461538461539,95659.20970574032
4,-95,-20,5,-50,0,9,0.5555555555555556,0.8833083948948223,-0.0028250466747892717,0.0109722278043487,11.11111111111111,-0.04340790294259689,-0.42954693134937183,-0.5780255034299123,-0.22770863744246128,-1.8863883960392684,0.11538461538461539,95659.20970574032
3,-85,-50,10,-50,0,17,0.6470588235294118,0.940379109173536,-0.0012061335313995206,0.0077114264621442885,9.117647058823529,-0.044521699771637224,-0.43789143033235967,-0.39803584973015155,-0.23186551873648342,-1.8885577843509622,0.19230769230769232,95547.83002283628
3,-85,-50,10,-50,50,17,0.6470588235294118,0.940379109173536,-0.0012061335313995206,0.0077114264621442885,9.117647058823529,-0.044521699771637224,-0.43789143033235967,-0.39803584973015155,-0.23186551873648342,-1.8885577843509622,0.19230769230769232,95547.83002283628
3,-85,-50,10,-50,100,17,0.6470588235294118,0.940379109173536,-0.0012061335313995206,0.0077114264621442885,9.117647058823529,-0.044521699771637224,-0.43789143033235967,-0.39803584973015155,-0.23186551873648342,-1.8885577843509622,0.19230769230769232,95547.83002283628
3,-80,-30,7,-120,0,14,0.6428571428571429,0.9369348097888033,-0.001284629301568696,0.01404139814968186,10.785714285714286,-0.03871722290072099,-0.39313741222485354,-0.34002169391941195,-0.20722058429611045,-1.8971928563963265,0.17692307692307693,96128.2777099279
3,-80,-30,7,-120,50,14,0.6428571428571429,0.9369348097888033,-0.001284629301568696,0.01404139814968186,10.785714285714286,-0.03871722290072099,-0.39313741222485354,-0.34002169391941195,-0.20722058429611045,-1.8971928563963265,0.17692307692307693,96128.2777099279
3,-80,-30,7,-120,100,14,0.6428571428571429,0.9369348097888033,-0.001284629301568696,0.01404139814968186,10.785714285714286,-0.03871722290072099,-0.39313741222485354,-0.34002169391941195,-0.20722058429611045,-1.8971928563963265,0.17692307692307693,96128.2777099279
4,-90,-40,3,-80,50,15,0.5333333333333333,0.9275095917052031,-0.0014830831886096278,0.0022184901826625136,8.133333333333333,-0.04629595672926701,-0.4509521931412467,-0.4948718727169831,-0.23692996117193377,-1.903314341971308,0.2,95370.4043270733
4,-90,-30,3,-80,50,15,0.5333333333333333,0.9275095917052031,-0.0014830831886096278,0.0022184901826625136,8.133333333333333,-0.04629595672926701,-0.4509521931412467,-0.4948718727169831,-0.23692996117193377,-1.903314341971308,0.2,95370.4043270733
4,-90,-20,3,-80,50,15,0.5333333333333333,0.9275095917052031,-0.0014830831886096278,0.0022184901826625136,8.133333333333333,-0.04629595672926701,-0.4509521931412467,-0.4948718727169831,-0.23692996117193377,-1.903314341971308,0.2,95370.4043270733
3,-80,-40,5,-120,50,15,0.6666666666666666,0.9427639899389634,-0.0011364570686570523,0.0109722278043487,10.0,-0.038837908043474756,-0.39410039740001257,-0.33447354771307275,-0.20179135532296288,-1.9530093188048767,0.17307692307692307,96116.20919565253
3,-80,-40,5,-120,100,15,0.6666666666666666,0.9427639899389634,-0.0011364570686570523,0.0109722278043487,10.0,-0.038837908043474756,-0.39410039740001257,-0.33447354771307275,-0.20179135532296288,-1.9530093188048767,0.17307692307692307,96116.20919565253
2,-85,-40,5,-100,0,19,0.631578947368421,0.947149906221392,-0.0009403846880249896,0.006953096740484721,7.947368421052632,-0.04099053812615994,-0.41104223997938016,-0.35008680714903445,-0.2104549563208259,-1.953112662040475,0.17692307692307693,95900.946187384
5,-85,-20,3,-80,0,19,0.631578947368421,0.9449899681914351,-0.000994032395990169,0.0068483475549463435,8.473684210526315,-0.04384227543011354,-0.4328147000800737,-0.3914744875013568,-0.2203517625529159,-1.9641989474721646,0.2153846153846154,95615.77245698865
5,-85,-50,7,-100,0,14,0.6428571428571429,0.9345558294699466,-0.0014942023856255474,0.01404139814968186,10.928571428571429,-0.04438548559836064,-0.436876990150031,-0.42602504456551726,-0.22201124503685477,-1.967814693699446,0.18461538461538463,95561.45144016393
5,-85,-50,7,-100,50,14,0.6428571428571429,0.9345558294699466,-0.0014942023856255474,0.01404139814968186,10.928571428571429,-0.04438548559836064,-0.436876990150031,-0.42602504456551726,-0.22201124503685477,-1.967814693699446,0.18461538461538463,95561.45144016393
5,-85,-50,7,-100,100,14,0.6428571428571429,0.9345558294699466,-0.0014942023856255474,0.01404139814968186,10.928571428571429,-0.04438548559836064,-0.436876990150031,-0.42602504456551726,-0.22201124503685477,-1.967814693699446,0.18461538461538463,95561.45144016393
5,-80,-50,7,-100,0,14,0.6428571428571429,0.9345558294699466,-0.0014942023856255474,0.01404139814968186,10.928571428571429,-0.04438548559836064,-0.436876990150031,-0.42602504456551726,-0.22201124503685477,-1.967814693699446,0.18461538461538463,95561.45144016393
5,-80,-50,7,-100,50,14,0.6428571428571429,0.9345558294699466,-0.0014942023856255474,0.01404139814968186,10.928571428571429,-0.04438548559836064,-0.436876990150031,-0.42602504456551726,-0.22201124503685477,-1.967814693699446,0.18461538461538463,95561.45144016393
5,-80,-50,7,-100,100,14,0.6428571428571429,0.9345558294699466,-0.0014942023856255474,0.01404139814968186,10.928571428571429,-0.04438548559836064,-0.436876990150031,-0.42602504456551726,-0.22201124503685477,-1.967814693699446,0.18461538461538463,95561.45144016393
2,-90,-40,5,-50,50,17,0.5882352941176471,0.9306793451189633,-0.0011524483874603077,0.006953096740484721,6.588235294117647,-0.03930941693322165,-0.39784924318387027,-0.3964234158830823,-0.20179135532296277,-1.9715871502380318,0.16153846153846155,96069.05830667783
2,-90,-40,5,-50,100,17,0.5882352941176471,0.9306793451189633,-0.0011524483874603077,0.006953096740484721,6.588235294117647,-0.03930941693322165,-0.39784924318387027,-0.3964234158830823,-0.20179135532296277,-1.9715871502380318,0.16153846153846155,96069.05830667783
3,-90,-50,10,-50,0,15,0.6,0.927099190885405,-0.0013946731153684647,0.006953096740484721,7.6,-0.04108286125278293,-0.41175899772325186,-0.4219668149697445,-0.20794352574920982,-1.9801481976402264,0.16923076923076924,95891.71387472171
3,-90,-50,10,-50,50,15,0.6,0.927099190885405,-0.0013946731153684647,0.006953096740484721,7.6,-0.04108286125278293,-0.41175899772325186,-0.4219668149697445,-0.20794352574920982,-1.9801481976402264,0.16923076923076924,95891.71387472171
3,-90,-50,10,-50,100,15,0.6,0.927099190885405,-0.0013946731153684647,0.006953096740484721,7.6,-0.04108286125278293,-0.41175899772325186,-0.4219668149697445,-0.20794352574920982,-1.9801481976402264,0.16923076923076924,95891.71387472171
2,-85,-40,10,-50,0,18,0.6111111111111112,0.9429641377341952,-0.0010190039647314181,0.0055377316531787235,8.555555555555555,-0.041121033269511775,-0.4120551143254324,-0.3481864285972759,-0.20722058429611034,-1.9884854379940426,0.18846153846153846,95887.89667304882
2,-85,-40,10,-50,50,18,0.6111111111111112,0.9429641377341952,-0.0010190039647314181,0.0055377316531787235,8.555555555555555,-0.041121033269511775,-0.4120551143254324,-0.3481864285972759,-0.20722058429611034,-1.9884854379940426,0.18846153846153846,95887.89667304882
2,-85,-40,10,-50,100,18,0.6111111111111112,0.9429641377341952,-0.0010190039647314181,0.0055377316531787235,8.555555555555555,-0.041121033269511775,-0.4120551143254324,-0.3481864285972759,-0.20722058429611034,-1.9884854379940426,0.18846153846153846,95887.89667304882
3,-90,-30,3,-50,0,19,0.631578947368421,0.9214243347894363,-0.0012890703419880902,0.0109722278043487,6.473684210526316,-0.045292317518976,-0.44359889825845944,-0.5043395155537022,-0.22261528127734065,-1.9926704748799833,0.20384615384615384,95470.7682481024
3,-90,-20,3,-50,0,19,0.631578947368421,0.9214243347894363,-0.0012890703419880902,0.0109722278043487,6.473684210526316,-0.045292317518976,-0.44359889825845944,-0.5043395155537022,-0.22261528127734065,-1.9926704748799833,0.20384615384615384,95470.7682481024
4,-85,-40,10,-80,0,14,0.5714285714285714,0.9300707856826183,-0.0015722464683217616,0.012807024092495345,11.0,-0.045273060423450806,-0.44345692599723363,-0.4343156489217825,-0.22201124503685477,-1.9974525431070755,0.18846153846153846,95472.69395765492
4,-85,-40,10,-80,50,14,0.5714285714285714,0.9300707856826183,-0.0015722464683217616,0.012807024092495345,11.0,-0.045273060423450806,-0.44345692599723363,-0.4343156489217825,-0.22201124503685477,-1.9974525431070755,0.18846153846153846,95472.69395765492
4,-85,-40,10,-80,100,14,0.5714285714285714,0.9300707856826183,-0.0015722464683217616,0.012807024092495345,11.0,-0.045273060423450806,-0.44345692599723363,-0.4343156489217825,-0.22201124503685477,-1.9974525431070755,0.18846153846153846,95472.69395765492
4,-80,-40,10,-80,0,14,0.5714285714285714,0.9300707856826183,-0.0015722464683217616,0.012807024092495345,11.0,-0.045273060423450806,-0.44345692599723363,-0.4343156489217825,-0.22201124503685477,-1.9974525431070755,0.18846153846153846,95472.69395765492
4,-80,-40,10,-80,50,14,0.5714285714285714,0.9300707856826183,-0.0015722464683217616,0.012807024092495345,11.0,-0.045273060423450806,-0.44345692599723363,-0.4343156489217825,-0.22201124503685477,-1.9974525431070755,0.18846153846153846,95472.69395765492
4,-80,-40,10,-80,100,14,0.5714285714285714,0.9300707856826183,-0.0015722464683217616,0.012807024092495345,11.0,-0.045273060423450806,-0.44345692599723363,-0.4343156489217825,-0.22201124503685477,-1.9974525431070755,0.18846153846153846,95472.69395765492
5,-85,-50,10,-100,0,13,0.5384615384615384,0.9358745617427776,-0.001502388835884605,0.0179026217228464,11.538461538461538,-0.04218977586698236,-0.4202902885683071,-0.39131247457309776,-0.21037264106259357,-1.9978372018596056,0.17307692307692307,95781.02241330176
5,-85,-50,10,-100,50,13,0.5384615384615384,0.9358745617427776,-0.001502388835884605,0.0179026217228464,11.538461538461538,-0.04218977586698236,-0.4202902885683071,-0.39131247457309776,-0.21037264106259357,-1.9978372018596056,0.17307692307692307,95781.02241330176
5,-85,-50,10,-100,100,13,0.5384615384615384,0.9358745617427776,-0.001502388835884605,0.0179026217228464,11.538461538461538,-0.04218977586698236,-0.4202902885683071,-0.39131247457309776,-0.21037264106259357,-1.9978372018596056,0.17307692307692307,95781.02241330176
5,-80,-50,10,-100,0,13,0.5384615384615384,0.9358745617427776,-0.001502388835884605,0.0179026217228464,11.538461538461538,-0.04218977586698236,-0.4202902885683071,-0.39131247457309776,-0.21037264106259357,-1.9978372018596056,0.17307692307692307,95781.02241330176
5,-80,-50,10,-100,50,13,0.5384615384615384,0.9358745617427776,-0.001502388835884605,0.0179026217228464,11.538461538461538,-0.04218977586698236,-0.4202902885683071,-0.39131247457309776,-0.21037264106259357,-1.9978372018596056,0.17307692307692307,95781.02241330176
5,-80,-50,10,-100,100,13,0.5384615384615384,0.9358745617427776,-0.001502388835884605,0.0179026217228464,11.538461538461538,-0.04218977586698236,-0.4202902885683071,-0.39131247457309776,-0.21037264106259357,-1.9978372018596056,0.17307692307692307,95781.02241330176
10,-85,-50,3,-80,50,17,0.6470588235294118,0.9404033627377258,-0.0011094359332893039,0.005085252766975801,9.058823529411764,-0.04110965348675366,-0.41196685086618035,-0.3584343825013235,-0.2044519868070156,-2.014980912144621,0.18846153846153846,95889.03465132463
4,-90,-40,10,-80,0,12,0.5,0.9148834462932751,-0.0018250141665380377,0.0069936563773486116,9.416666666666666,-0.041836926108291705,-0.41758323333311687,-0.4627385484509271,-0.20722058429611023,-2.015162898761093,0.16538461538461538,95816.30738917083
4,-90,-40,10,-80,50,12,0.5,0.9148834462932751,-0.0018250141665380377,0.0069936563773486116,9.416666666666666,-0.041836926108291705,-0.41758323333311687,-0.4627385484509271,-0.20722058429611023,-2.015162898761093,0.16538461538461538,95816.30738917083
4,-90,-40,10,-80,100,12,0.5,0.9148834462932751,-0.0018250141665380377,0.0069936563773486116,9.416666666666666,-0.041836926108291705,-0.41758323333311687,-0.4627385484509271,-0.20722058429611023,-2.015162898761093,0.16538461538461538,95816.30738917083
4,-95,-50,3,-80,50,9,0.5555555555555556,0.859803604260626,-0.003486871631136035,0.0109722278043487,11.0,-0.049138171039922574,-0.4712932525021568,-0.7014956637249621,-0.23233488991759343,-2.0285082996760377,0.11153846153846154,95086.18289600774
4,-95,-50,3,-80,100,9,0.5555555555555556,0.859803604260626,-0.003486871631136035,0.0109722278043487,11.0,-0.049138171039922574,-0.4712932525021568,-0.7014956637249621,-0.23233488991759343,-2.0285082996760377,0.11153846153846154,95086.18289600774
4,-95,-50,3,-50,50,9,0.5555555555555556,0.859803604260626,-0.003486871631136035,0.0109722278043487,11.0,-0.049138171039922574,-0.4712932525021568,-0.7014956637249621,-0.23233488991759343,-2.0285082996760377,0.11153846153846154,95086.18289600774
4,-95,-50,3,-50,100,9,0.5555555555555556,0.859803604260626,-0.003486871631136035,0.0109722278043487,11.0,-0.049138171039922574,-0.4712932525021568,-0.7014956637249621,-0.23233488991759343,-2.0285082996760377,0.11153846153846154,95086.18289600774
4,-95,-50,5,-100,0,9,0.5555555555555556,0.859803604260626,-0.003486871631136035,0.0109722278043487,11.0,-0.049138171039922574,-0.4712932525021568,-0.7014956637249621,-0.23233488991759343,-2.0285082996760377,0.11153846153846154,95086.18289600774
4,-95,-50,5,-100,50,9,0.5555555555555556,0.859803604260626,-0.003486871631136035,0.0109722278043487,11.0,-0.049138171039922574,-0.4712932525021568,-0.7014956637249621,-0.23233488991759343,-2.0285082996760377,0.11153846153846154,95086.18289600774
4,-95,-50,5,-100,100,9,0.5555555555555556,0.859803604260626,-0.003486871631136035,0.0109722278043487,11.0,-0.049138171039922574,-0.4712932525021568,-0.7014956637249621,-0.23233488991759343,-2.0285082996760377,0.11153846153846154,95086.18289600774
4,-95,-50,5,-80,0,9,0.5555555555555556,0.859803604260626,-0.003486871631136035,0.0109722278043487,11.0,-0.049138171039922574,-0.4712932525021568,-0.7014956637249621,-0.23233488991759343,-2.0285082996760377,0.11153846153846154,95086.18289600774
4,-95,-50,5,-80,50,9,0.5555555555555556,0.859803604260626,-0.003486871631136035,0.0109722278043487,11.0,-0.049138171039922574,-0.4712932525021568,-0.7014956637249621,-0.23233488991759343,-2.0285082996760377,0.11153846153846154,95086.18289600774
4,-95,-50,5,-80,100,9,0.5555555555555556,0.859803604260626,-0.003486871631136035,0.0109722278043487,11.0,-0.049138171039922574,-0.4712932525021568,-0.7014956637249621,-0.23233488991759343,-2.0285082996760377,0.11153846153846154,95086.18289600774
4,-95,-50,5,-50,0,9,0.5555555555555556,0.859803604260626,-0.003486871631136035,0.0109722278043487,11.0,-0.049138171039922574,-0.4712932525021568,-0.7014956637249621,-0.23233488991759343,-2.0285082996760377,0.11153846153846154,95086.18289600774
4,-95,-50,5,-50,50,9,0.5555555555555556,0.859803604260626,-0.003486871631136035,0.0109722278043487,11.0,-0.049138171039922574,-0.4712932525021568,-0.7014956637249621,-0.23233488991759343,-2.0285082996760377,0.11153846153846154,95086.18289600774
4,-95,-50,5,-50,100,9,0.5555555555555556,0.859803604260626,-0.003486871631136035,0.0109722278043487,11.0,-0.049138171039922574,-0.4712932525021568,-0.7014956637249621,-0.23233488991759343,-2.0285082996760377,0.11153846153846154,95086.18289600774
4,-95,-50,7,-50,0,9,0.5555555555555556,0.859803604260626,-0.003486871631136035,0.0109722278043487,11.0,-0.049138171039922574,-0.4712932525021568,-0.7014956637249621,-0.23233488991759343,-2.0285082996760377,0.11153846153846154,95086.18289600774
4,-95,-50,7,-50,50,9,0.5555555555555556,0.859803604260626,-0.003486871631136035,0.0109722278043487,11.0,-0.049138171039922574,-0.4712932525021568,-0.7014956637249621,-0.23233488991759343,-2.0285082996760377,0.11153846153846154,95086.18289600774
4,-95,-50,7,-50,100,9,0.5555555555555556,0.859803604260626,-0.003486871631136035,0.0109722278043487,11.0,-0.049138171039922574,-0.4712932525021568,-0.7014956637249621,-0.23233488991759343,-2.0285082996760377,0.11153846153846154,95086.18289600774
4,-95,-40,5,-100,0,9,0.5555555555555556,0.859803604260626,-0.003486871631136035,0.0109722278043487,11.0,-0.049138171039922574,-0.4712932525021568,-0.7014956637249621,-0.23233488991759343,-2.0285082996760377,0.11153846153846154,95086.18289600774
4,-95,-40,5,-80,0,9,0.5555555555555556,0.859803604260626,-0.003486871631136035,0.0109722278043487,11.0,-0.049138171039922574,-0.4712932525021568,-0.7014956637249621,-0.23233488991759343,-2.0285082996760377,0.11153846153846154,95086.18289600774
4,-95,-40,5,-50,0,9,0.5555555555555556,0.859803604260626,-0.003486871631136035,0.0109722278043487,11.0,-0.049138171039922574,-0.4712932525021568,-0.7014956637249621,-0.23233488991759343,-2.0285082996760377,0.11153846153846154,95086.18289600774
7,-85,-50,3,-50,50,16,0.5625,0.9358691464184314,-0.0012785236623400476,0.006398339614560045,9.5625,-0.04273952221794408,-0.42448484752660887,-0.38563318381661527,-0.20722058429611045,-2.0484685388206216,0.18461538461538463,95726.0477782056
2,-90,-20,7,-120,0,11,0.5454545454545454,0.9093243109024424,-0.002133922300172599,0.0179026217228464,9.636363636363637,-0.04352039054956791,-0.43039483111548604,-0.5025469088185749,-0.20722058429611034,-2.07698879229328,0.13846153846153847,95647.9609450432
2,-90,-20,7,-120,50,11,0.5454545454545454,0.9093243109024424,-0.002133922300172599,0.0179026217228464,9.636363636363637,-0.04352039054956791,-0.43039483111548604,-0.5025469088185749,-0.20722058429611034,-2.07698879229328,0.13846153846153847,95647.9609450432
2,-90,-20,7,-120,100,11,0.5454545454545454,0.9093243109024424,-0.002133922300172599,0.0179026217228464,9.636363636363637,-0.04352039054956791,-0.43039483111548604,-0.5025469088185749,-0.20722058429611034,-2.07698879229328,0.13846153846153847,95647.9609450432
2,-90,-20,10,-120,0,11,0.5454545454545454,0.9093243109024424,-0.002133922300172599,0.0179026217228464,9.636363636363637,-0.04352039054956791,-0.43039483111548604,-0.5025469088185749,-0.20722058429611034,-2.07698879229328,0.13846153846153847,95647.9609450432
2,-90,-20,10,-120,50,11,0.5454545454545454,0.9093243109024424,-0.002133922300172599,0.0179026217228464,9.636363636363637,-0.04352039054956791,-0.43039483111548604,-0.5025469088185749,-0.20722058429611034,-2.07698879229328,0.13846153846153847,95647.9609450432
2,-90,-20,10,-120,100,11,0.5454545454545454,0.9093243109024424,-0.002133922300172599,0.0179026217228464,9.636363636363637,-0.04352039054956791,-0.43039483111548604,-0.5025469088185749,-0.20722058429611034,-2.07698879229328,0.13846153846153847,95647.9609450432
2,-85,-30,5,-120,50,14,0.6428571428571429,0.9314564450509093,-0.0014581880379971799,0.01443742476359755,10.5,-0.04206402231962758,-0.4193268420531723,-0.39564441387238203,-0.20179135532296288,-2.078021832907799,0.16153846153846155,95793.59776803725
2,-85,-30,5,-120,100,14,0.6428571428571429,0.9314564450509093,-0.0014581880379971799,0.01443742476359755,10.5,-0.04206402231962758,-0.4193268420531723,-0.39564441387238203,-0.20179135532296288,-2.078021832907799,0.16153846153846155,95793.59776803725
2,-80,-30,5,-120,50,14,0.6428571428571429,0.9314564450509093,-0.0014581880379971799,0.01443742476359755,10.5,-0.04206402231962758,-0.4193268420531723,-0.39564441387238203,-0.20179135532296288,-2.078021832907799,0.16153846153846155,95793.59776803725
2,-80,-30,5,-120,100,14,0.6428571428571429,0.9314564450509093,-0.0014581880379971799,0.01443742476359755,10.5,-0.04206402231962758,-0.4193268420531723,-0.39564441387238203,-0.20179135532296288,-2.078021832907799,0.16153846153846155,95793.59776803725
3,-85,-40,5,-120,50,14,0.6428571428571429,0.9314564450509093,-0.0014581880379971799,0.01443742476359755,10.5,-0.04206402231962758,-0.4193268420531723,-0.39564441387238203,-0.20179135532296288,-2.078021832907799,0.16153846153846155,95793.59776803725
3,-85,-40,5,-120,100,14,0.6428571428571429,0.9314564450509093,-0.0014581880379971799,0.01443742476359755,10.5,-0.04206402231962758,-0.4193268420531723,-0.39564441387238203,-0.20179135532296288,-2.078021832907799,0.16153846153846155,95793.59776803725
10,-85,-50,3,-50,0,18,0.6666666666666666,0.9335903169034993,-0.0011675844348615905,0.006398339614560045,8.61111111111111,-0.04283115388003178,-0.42518127230335045,-0.39261954978746516,-0.2044519868070156,-2.079614284720469,0.19230769230769232,95716.88461199682
10,-85,-40,3,-50,0,18,0.6666666666666666,0.9335903169034993,-0.0011675844348615905,0.006398339614560045,8.61111111111111,-0.04283115388003178,-0.42518127230335045,-0.39261954978746516,-0.2044519868070156,-2.079614284720469,0.19230769230769232,95716.88461199682
10,-85,-30,3,-50,0,18,0.6666666666666666,0.9335903169034993,-0.0011675844348615905,0.006398339614560045,8.61111111111111,-0.04283115388003178,-0.42518127230335045,-0.39261954978746516,-0.2044519868070156,-2.079614284720469,0.19230769230769232,95716.88461199682
5,-85,-50,10,-80,0,15,0.6,0.9233823778243382,-0.0016475586660634311,0.0077114264621442885,10.466666666666667,-0.047994391507735545,-0.4631924342649222,-0.48756394220283616,-0.22201124503685477,-2.0863467262121356,0.2,95200.56084922644
5,-85,-50,10,-80,50,15,0.6,0.9233823778243382,-0.0016475586660634311,0.0077114264621442885,10.466666666666667,-0.047994391507735545,-0.4631924342649222,-0.48756394220283616,-0.22201124503685477,-2.0863467262121356,0.2,95200.56084922644
5,-85,-50,10,-80,100,15,0.6,0.9233823778243382,-0.0016475586660634311,0.0077114264621442885,10.466666666666667,-0.047994391507735545,-0.4631924342649222,-0.48756394220283616,-0.22201124503685477,-2.0863467262121356,0.2,95200.56084922644
7,-80,-50,5,-120,0,13,0.6153846153846154,0.9280450447808148,-0.0016697144541333907,0.009414466130883925,11.307692307692308,-0.044151710605760064,-0.43513204569886144,-0.4316887698624533,-0.20722058429611057,-2.099849525938378,0.16153846153846155,95584.828939424
7,-80,-50,5,-120,50,13,0.6153846153846154,0.9280450447808148,-0.0016697144541333907,0.009414466130883925,11.307692307692308,-0.044151710605760064,-0.43513204569886144,-0.4316887698624533,-0.20722058429611057,-2.099849525938378,0.16153846153846155,95584.828939424
7,-80,-50,5,-120,100,13,0.6153846153846154,0.9280450447808148,-0.0016697144541333907,0.009414466130883925,11.307692307692308,-0.044151710605760064,-0.43513204569886144,-0.4316887698624533,-0.20722058429611057,-2.099849525938378,0.16153846153846155,95584.828939424
2,-90,-20,7,-100,0,12,0.5,0.9066592801433959,-0.002019505374356708,0.008570851266232249,9.0,-0.044248194239607685,-0.43585282190524266,-0.516040868133911,-0.20722058429611045,-2.1033278300307527,0.14615384615384616,95575.18057603923
2,-90,-20,7,-100,50,12,0.5,0.9066592801433959,-0.002019505374356708,0.008570851266232249,9.0,-0.044248194239607685,-0.43585282190524266,-0.516040868133911,-0.20722058429611045,-2.1033278300307527,0.14615384615384616,95575.18057603923
2,-90,-20,7,-100,100,12,0.5,0.9066592801433959,-0.002019505374356708,0.008570851266232249,9.0,-0.044248194239607685,-0.43585282190524266,-0.516040868133911,-0.20722058429611045,-2.1033278300307527,0.14615384615384616,95575.18057603923
2,-90,-20,10,-100,0,12,0.5,0.9066592801433959,-0.002019505374356708,0.008570851266232249,9.0,-0.044248194239607685,-0.43585282190524266,-0.516040868133911,-0.20722058429611045,-2.1033278300307527,0.14615384615384616,95575.18057603923
2,-90,-20,10,-100,50,12,0.5,0.9066592801433959,-0.002019505374356708,0.008570851266232249,9.0,-0.044248194239607685,-0.43585282190524266,-0.516040868133911,-0.20722058429611045,-2.1033278300307527,0.14615384615384616,95575.18057603923
2,-90,-20,10,-100,100,12,0.5,0.9066592801433959,-0.002019505374356708,0.008570851266232249,9.0,-0.044248194239607685,-0.43585282190524266,-0.516040868133911,-0.20722058429611045,-2.1033278300307527,0.14615384615384616,95575.18057603923
2,-90,-40,7,-50,0,17,0.5882352941176471,0.9179802447093771,-0.0013635695578292232,0.0068483475549463435,6.764705882352941,-0.042733584409911374,-0.4244396918238216,-0.4580088590833468,-0.20179135532296277,-2.103359141151091,0.17307692307692307,95726.64155900886
2,-90,-40,7,-50,50,17,0.5882352941176471,0.9179802447093771,-0.0013635695578292232,0.0068483475549463435,6.764705882352941,-0.042733584409911374,-0.4244396918238216,-0.4580088590833468,-0.20179135532296277,-2.103359141151091,0.17307692307692307,95726.64155900886
2,-90,-40,7,-50,100,17,0.5882352941176471,0.9179802447093771,-0.0013635695578292232,0.0068483475549463435,6.764705882352941,-0.042733584409911374,-0.4244396918238216,-0.4580088590833468,-0.20179135532296277,-2.103359141151091,0.17307692307692307,95726.64155900886
2,-80,-40,5,-100,50,19,0.5789473684210527,0.9307259887937969,-0.0012456832267681193,0.006953096740484721,8.105263157894736,-0.04715722664461486,-0.45719093401365807,-0.45318069367531055,-0.216683307649027,-2.109949949417394,0.18846153846153846,95284.27733553851
2,-80,-40,5,-100,100,19,0.5789473684210527,0.9307259887937969,-0.0012456832267681193,0.006953096740484721,8.105263157894736,-0.04715722664461486,-0.45719093401365807,-0.45318069367531055,-0.216683307649027,-2.109949949417394,0.18846153846153846,95284.27733553851
7,-85,-40,3,-80,50,15,0.5333333333333333,0.9249009499185857,-0.0015144568182635062,0.005085252766975801,10.133333333333333,-0.0445409152321109,-0.43803439984417736,-0.4178521121803133,-0.20722058429611057,-2.113855635201966,0.18076923076923077,95545.90847678891
7,-85,-30,3,-80,50,15,0.5333333333333333,0.9249009499185857,-0.0015144568182635062,0.005085252766975801,10.133333333333333,-0.0445409152321109,-0.43803439984417736,-0.4178521121803133,-0.20722058429611057,-2.113855635201966,0.18076923076923077,95545.90847678891
2,-85,-40,7,-50,0,20,0.65,0.9254863356958224,-0.001284266728090272,0.007279887008545316,7.95,-0.04924512240505108,-0.4720449505290878,-0.485466226761222,-0.22093989935033786,-2.1365310291038924,0.2076923076923077,95075.48775949489
2,-85,-40,7,-50,50,20,0.65,0.9254863356958224,-0.001284266728090272,0.007279887008545316,7.95,-0.04924512240505108,-0.4720449505290878,-0.485466226761222,-0.22093989935033786,-2.1365310291038924,0.2076923076923077,95075.48775949489
2,-85,-40,7,-50,100,20,0.65,0.9254863356958224,-0.001284266728090272,0.007279887008545316,7.95,-0.04924512240505108,-0.4720449505290878,-0.485466226761222,-0.22093989935033786,-2.1365310291038924,0.2076923076923077,95075.48775949489
5,-80,-50,10,-80,0,15,0.6,0.9155954424879353,-0.0018304424354591267,0.0077114264621442885,10.533333333333333,-0.050613611205095554,-0.48157677992385994,-0.5357097698732188,-0.22330673960196334,-2.156570736656915,0.20384615384615384,94938.63887949045
5,-80,-50,10,-80,50,15,0.6,0.9155954424879353,-0.0018304424354591267,0.0077114264621442885,10.533333333333333,-0.050613611205095554,-0.48157677992385994,-0.5357097698732188,-0.22330673960196334,-2.156570736656915,0.20384615384615384,94938.63887949045
5,-80,-50,10,-80,100,15,0.6,0.9155954424879353,-0.0018304424354591267,0.0077114264621442885,10.533333333333333,-0.050613611205095554,-0.48157677992385994,-0.5357097698732188,-0.22330673960196334,-2.156570736656915,0.20384615384615384,94938.63887949045
2,-90,-30,3,-80,0,18,0.6111111111111112,0.9185557046226225,-0.0013575641744634091,0.010162796771521876,6.444444444444445,-0.04422440306392006,-0.43567516982709187,-0.4777955142839242,-0.20179135532296288,-2.1590378295928625,0.17692307692307693,95577.559693608
2,-90,-20,3,-80,0,18,0.6111111111111112,0.9185557046226225,-0.0013575641744634091,0.010162796771521876,6.444444444444445,-0.04422440306392006,-0.43567516982709187,-0.4777955142839242,-0.20179135532296288,-2.1590378295928625,0.17692307692307693,95577.559693608
10,-80,-40,3,-80,50,18,0.6111111111111112,0.9225081972731379,-0.001331309594135842,0.0042887599448876434,8.777777777777779,-0.04570137636387783,-0.44660680236438677,-0.4284447644886476,-0.20682775866905956,-2.159317517330893,0.20384615384615384,95429.86236361222
10,-80,-30,3,-80,50,18,0.6111111111111112,0.9225081972731379,-0.001331309594135842,0.0042887599448876434,8.777777777777779,-0.04570137636387783,-0.44660680236438677,-0.4284447644886476,-0.20682775866905956,-2.159317517330893,0.20384615384615384,95429.86236361222
3,-85,-30,5,-120,0,14,0.6428571428571429,0.9196289665472647,-0.0017317945511203564,0.01443742476359755,10.5,-0.04517534405338752,-0.44273600119276946,-0.45478998741216675,-0.2025793467204957,-2.1854942685920715,0.16153846153846155,95482.46559466125
5,-90,-50,10,-120,0,11,0.5454545454545454,0.8978667931440995,-0.002434229930076339,0.0179026217228464,9.636363636363637,-0.046626982081902635,-0.45335779722244096,-0.5661765664874462,-0.20722058429611045,-2.1878029094571496,0.13846153846153847,95337.30179180973
5,-90,-50,10,-120,50,11,0.5454545454545454,0.8978667931440995,-0.002434229930076339,0.0179026217228464,9.636363636363637,-0.046626982081902635,-0.45335779722244096,-0.5661765664874462,-0.20722058429611045,-2.1878029094571496,0.13846153846153847,95337.30179180973
5,-90,-50,10,-120,100,11,0.5454545454545454,0.8978667931440995,-0.002434229930076339,0.0179026217228464,9.636363636363637,-0.046626982081902635,-0.45335779722244096,-0.5661765664874462,-0.20722058429611045,-2.1878029094571496,0.13846153846153847,95337.30179180973
7,-80,-40,3,-80,50,18,0.5555555555555556,0.9146291008819911,-0.00147858191167139,0.002855378652731,8.88888888888889,-0.04830107753431945,-0.46537567961526716,-0.473079259807026,-0.21147501651280343,-2.200617771731403,0.21153846153846154,95169.89224656805
7,-80,-30,3,-80,50,18,0.5555555555555556,0.9146291008819911,-0.00147858191167139,0.002855378652731,8.88888888888889,-0.04830107753431945,-0.46537567961526716,-0.473079259807026,-0.21147501651280343,-2.200617771731403,0.21153846153846154,95169.89224656805
2,-95,-30,10,-50,50,9,0.5555555555555556,0.8346332634633071,-0.003778097257466004,0.007368842611133353,11.444444444444445,-0.05067380886569417,-0.48199240793378806,-0.7402790822842114,-0.21804535237579803,-2.210514476378662,0.12692307692307692,94932.61911343058
2,-95,-30,10,-50,100,9,0.5555555555555556,0.8346332634633071,-0.003778097257466004,0.007368842611133353,11.444444444444445,-0.05067380886569417,-0.48199240793378806,-0.7402790822842114,-0.21804535237579803,-2.210514476378662,0.12692307692307692,94932.61911343058
2,-95,-20,10,-50,50,9,0.5555555555555556,0.8346332634633071,-0.003778097257466004,0.007368842611133353,11.444444444444445,-0.05067380886569417,-0.48199240793378806,-0.7402790822842114,-0.21804535237579803,-2.210514476378662,0.12692307692307692,94932.61911343058
2,-95,-20,10,-50,100,9,0.5555555555555556,0.8346332634633071,-0.003778097257466004,0.007368842611133353,11.444444444444445,-0.05067380886569417,-0.48199240793378806,-0.7402790822842114,-0.21804535237579803,-2.210514476378662,0.12692307692307692,94932.61911343058
2,-90,-50,3,-50,0,19,0.631578947368421,0.9146229814644159,-0.0013678466770243227,0.006953096740484721,5.947368421052632,-0.0458346034210092,-0.44758321407948787,-0.5069830651356994,-0.201791355322963,-2.21804949653636,0.16538461538461538,95416.53965789908
2,-90,-50,3,-50,50,19,0.631578947368421,0.9146229814644159,-0.0013678466770243227,0.006953096740484721,5.947368421052632,-0.0458346034210092,-0.44758321407948787,-0.5069830651356994,-0.201791355322963,-2.21804949653636,0.16538461538461538,95416.53965789908
2,-90,-50,3,-50,100,19,0.631578947368421,0.9146229814644159,-0.0013678466770243227,0.006953096740484721,5.947368421052632,-0.0458346034210092,-0.44758321407948787,-0.5069830651356994,-0.201791355322963,-2.21804949653636,0.16538461538461538,95416.53965789908
5,-85,-50,5,-120,0,13,0.6153846153846154,0.9149490602392029,-0.002049945979534861,0.0109722278043487,11.692307692307692,-0.051045847874692796,-0.48455430822330225,-0.5507405095288084,-0.21817443740388942,-2.2209490442103648,0.18076923076923077,94895.41521253072
5,-85,-50,5,-120,50,13,0.6153846153846154,0.9149490602392029,-0.002049945979534861,0.0109722278043487,11.692307692307692,-0.051045847874692796,-0.48455430822330225,-0.5507405095288084,-0.21817443740388942,-2.2209490442103648,0.18076923076923077,94895.41521253072
5,-85,-50,5,-120,100,13,0.6153846153846154,0.9149490602392029,-0.002049945979534861,0.0109722278043487,11.692307692307692,-0.051045847874692796,-0.48455430822330225,-0.5507405095288084,-0.21817443740388942,-2.2209490442103648,0.18076923076923077,94895.41521253072
5,-85,-40,5,-120,0,13,0.6153846153846154,0.9149490602392029,-0.002049945979534861,0.0109722278043487,11.692307692307692,-0.051045847874692796,-0.48455430822330225,-0.5507405095288084,-0.21817443740388942,-2.2209490442103648,0.18076923076923077,94895.41521253072
5,-85,-30,5,-120,0,13,0.6153846153846154,0.9149490602392029,-0.002049945979534861,0.0109722278043487,11.692307692307692,-0.051045847874692796,-0.48455430822330225,-0.5507405095288084,-0.21817443740388942,-2.2209490442103648,0.18076923076923077,94895.41521253072
3,-85,-30,7,-120,0,13,0.6153846153846154,0.9039222236144966,-0.00210763664252659,0.0179026217228464,11.307692307692308,-0.047682781103875804,-0.46096572601268304,-0.5101130202529829,-0.20722058429611034,-2.2245170651289183,0.16153846153846155,95231.72188961243
3,-85,-30,7,-120,50,13,0.6153846153846154,0.9039222236144966,-0.00210763664252659,0.0179026217228464,11.307692307692308,-0.047682781103875804,-0.46096572601268304,-0.5101130202529829,-0.20722058429611034,-2.2245170651289183,0.16153846153846155,95231.72188961243
3,-85,-30,7,-120,100,13,0.6153846153846154,0.9039222236144966,-0.00210763664252659,0.0179026217228464,11.307692307692308,-0.047682781103875804,-0.46096572601268304,-0.5101130202529829,-0.20722058429611034,-2.2245170651289183,0.16153846153846155,95231.72188961243
4,-80,-50,3,-80,0,19,0.5789473684210527,0.896753087059207,-0.0017653127961170187,0.0068483475549463435,10.526315789473685,-0.0551290490263584,-0.5119151010454117,-0.5826466190837243,-0.22988218106713865,-2.2268585527988507,0.23076923076923078,94487.09509736416
4,-80,-40,3,-80,0,19,0.5789473684210527,0.896753087059207,-0.0017653127961170187,0.0068483475549463435,10.526315789473685,-0.0551290490263584,-0.5119151010454117,-0.5826466190837243,-0.22988218106713865,-2.2268585527988507,0.23076923076923078,94487.09509736416
4,-80,-30,3,-80,0,19,0.5789473684210527,0.896753087059207,-0.0017653127961170187,0.0068483475549463435,10.526315789473685,-0.0551290490263584,-0.5119151010454117,-0.5826466190837243,-0.22988218106713865,-2.2268585527988507,0.23076923076923078,94487.09509736416
3,-90,-20,5,-120,50,11,0.5454545454545454,0.8844658389637934,-0.002703017986248855,0.0109722278043487,10.090909090909092,-0.05127237155771991,-0.486108453853238,-0.6468771518386274,-0.2181744374038893,-2.228072452655594,0.1576923076923077,94872.76284422801
3,-90,-20,5,-120,100,11,0.5454545454545454,0.8844658389637934,-0.002703017986248855,0.0109722278043487,10.090909090909092,-0.05127237155771991,-0.486108453853238,-0.6468771518386274,-0.2181744374038893,-2.228072452655594,0.1576923076923077,94872.76284422801
4,-90,-40,5,-120,50,11,0.5454545454545454,0.8844658389637934,-0.002703017986248855,0.0109722278043487,10.090909090909092,-0.05127237155771991,-0.486108453853238,-0.6468771518386274,-0.2181744374038893,-2.228072452655594,0.1576923076923077,94872.76284422801
4,-90,-40,5,-120,100,11,0.5454545454545454,0.8844658389637934,-0.002703017986248855,0.0109722278043487,10.090909090909092,-0.05127237155771991,-0.486108453853238,-0.6468771518386274,-0.2181744374038893,-2.228072452655594,0.1576923076923077,94872.76284422801
4,-90,-30,5,-120,50,11,0.5454545454545454,0.8844658389637934,-0.002703017986248855,0.0109722278043487,10.090909090909092,-0.05127237155771991,-0.486108453853238,-0.6468771518386274,-0.2181744374038893,-2.228072452655594,0.1576923076923077,94872.76284422801
4,-90,-30,5,-120,100,11,0.5454545454545454,0.8844658389637934,-0.002703017986248855,0.0109722278043487,10.090909090909092,-0.05127237155771991,-0.486108453853238,-0.6468771518386274,-0.2181744374038893,-2.228072452655594,0.1576923076923077,94872.76284422801
4,-90,-20,5,-120,50,11,0.5454545454545454,0.8844658389637934,-0.002703017986248855,0.0109722278043487,10.090909090909092,-0.05127237155771991,-0.486108453853238,-0.6468771518386274,-0.2181744374038893,-2.228072452655594,0.1576923076923077,94872.76284422801
4,-90,-20,5,-120,100,11,0.5454545454545454,0.8844658389637934,-0.002703017986248855,0.0109722278043487,10.090909090909092,-0.05127237155771991,-0.486108453853238,-0.6468771518386274,-0.2181744374038893,-2.228072452655594,0.1576923076923077,94872.76284422801
5,-90,-40,5,-120,50,11,0.5454545454545454,0.8844658389637934,-0.002703017986248855,0.0109722278043487,10.090909090909092,-0.05127237155771991,-0.486108453853238,-0.6468771518386274,-0.2181744374038893,-2.228072452655594,0.1576923076923077,94872.76284422801
5,-90,-40,5,-120,100,11,0.5454545454545454,0.8844658389637934,-0.002703017986248855,0.0109722278043487,10.090909090909092,-0.05127237155771991,-0.486108453853238,-0.6468771518386274,-0.2181744374038893,-2.228072452655594,0.1576923076923077,94872.76284422801
5,-90,-30,5,-120,50,11,0.5454545454545454,0.8844658389637934,-0.002703017986248855,0.0109722278043487,10.090909090909092,-0.05127237155771991,-0.486108453853238,-0.6468771518386274,-0.2181744374038893,-2.228072452655594,0.1576923076923077,94872.76284422801
5,-90,-30,5,-120,100,11,0.5454545454545454,0.8844658389637934,-0.002703017986248855,0.0109722278043487,10.090909090909092,-0.05127237155771991,-0.486108453853238,-0.6468771518386274,-0.2181744374038893,-2.228072452655594,0.1576923076923077,94872.76284422801
5,-90,-20,5,-120,50,11,0.5454545454545454,0.8844658389637934,-0.002703017986248855,0.0109722278043487,10.090909090909092,-0.05127237155771991,-0.486108453853238,-0.6468771518386274,-0.2181744374038893,-2.228072452655594,0.1576923076923077,94872.76284422801
5,-90,-20,5,-120,100,11,0.5454545454545454,0.8844658389637934,-0.002703017986248855,0.0109722278043487,10.090909090909092,-0.05127237155771991,-0.486108453853238,-0.6468771518386274,-0.2181744374038893,-2.228072452655594,0.1576923076923077,94872.76284422801
4,-90,-50,3,-80,50,15,0.5333333333333333,0.8802212936569256,-0.0025822074119082215,0.0022184901826625136,8.066666666666666,-0.06208134965701295,-0.555443424784182,-0.8027675222834713,-0.24891104748284354,-2.23149366169642,0.19615384615384615,93791.86503429871
10,-80,-20,3,-80,0,18,0.6111111111111112,0.9121530405684055,-0.0015896735104320991,0.0042887599448876434,8.722222222222221,-0.05206684983322962,-0.4915252063947344,-0.5412345206495636,-0.21978009301568768,-2.2364409790273854,0.2,94793.31501667704
7,-85,-50,5,-120,0,12,0.5833333333333334,0.9139671252164292,-0.0021627585660472792,0.013658543926865163,12.166666666666666,-0.04819385511314844,-0.4646133129931682,-0.5073136662924922,-0.20722058429611057,-2.242119500682678,0.1576923076923077,95180.61448868515
7,-85,-50,5,-120,50,12,0.5833333333333334,0.9139671252164292,-0.0021627585660472792,0.013658543926865163,12.166666666666666,-0.04819385511314844,-0.4646133129931682,-0.5073136662924922,-0.20722058429611057,-2.242119500682678,0.1576923076923077,95180.61448868515
7,-85,-50,5,-120,100,12,0.5833333333333334,0.9139671252164292,-0.0021627585660472792,0.013658543926865163,12.166666666666666,-0.04819385511314844,-0.4646133129931682,-0.5073136662924922,-0.20722058429611057,-2.242119500682678,0.1576923076923077,95180.61448868515
7,-85,-40,5,-120,0,12,0.5833333333333334,0.9139671252164292,-0.0021627585660472792,0.013658543926865163,12.166666666666666,-0.04819385511314844,-0.4646133129931682,-0.5073136662924922,-0.20722058429611057,-2.242119500682678,0.1576923076923077,95180.61448868515
7,-85,-30,5,-120,0,12,0.5833333333333334,0.9139671252164292,-0.0021627585660472792,0.013658543926865163,12.166666666666666,-0.04819385511314844,-0.4646133129931682,-0.5073136662924922,-0.20722058429611057,-2.242119500682678,0.1576923076923077,95180.61448868515
4,-85,-50,3,-80,0,19,0.631578947368421,0.9036735892024633,-0.0017804982889442328,0.0077114264621442885,8.368421052631579,-0.05653140357518738,-0.5209990400109108,-0.6204332123374571,-0.23074533831658284,-2.257896275659964,0.2076923076923077,94346.85964248126
4,-85,-40,3,-80,0,19,0.631578947368421,0.9036735892024633,-0.0017804982889442328,0.0077114264621442885,8.368421052631579,-0.05653140357518738,-0.5209990400109108,-0.6204332123374571,-0.23074533831658284,-2.257896275659964,0.2076923076923077,94346.85964248126
4,-85,-30,3,-80,0,19,0.631578947368421,0.9036735892024633,-0.0017804982889442328,0.0077114264621442885,8.368421052631579,-0.05653140357518738,-0.5209990400109108,-0.6204332123374571,-0.23074533831658284,-2.257896275659964,0.2076923076923077,94346.85964248126
2,-90,-40,3,-80,0,18,0.6111111111111112,0.9079599080428855,-0.0015294507845665661,0.008153231239589886,6.333333333333333,-0.047130124508010796,-0.4569956145804762,-0.5343594859407101,-0.20179135532296288,-2.264693717176656,0.16923076923076924,95286.98754919892
7,-80,-20,3,-80,0,18,0.5555555555555556,0.9047489157877908,-0.001736945827967647,0.002855378652731,8.833333333333334,-0.05464921017511015,-0.5087706315772618,-0.5855364558486295,-0.22435146212524426,-2.267739317398522,0.2076923076923077,94535.07898248898
5,-90,-50,10,-100,0,12,0.5,0.8880075149819177,-0.0024739460166565883,0.0074958993769035365,9.333333333333334,-0.04940208216052111,-0.47314634599082694,-0.6180446112627466,-0.20722058429611034,-2.283298001489653,0.16153846153846155,95059.79178394789
5,-90,-50,10,-100,50,12,0.5,0.8880075149819177,-0.0024739460166565883,0.0074958993769035365,9.333333333333334,-0.04940208216052111,-0.47314634599082694,-0.6180446112627466,-0.20722058429611034,-2.283298001489653,0.16153846153846155,95059.79178394789
5,-90,-50,10,-100,100,12,0.5,0.8880075149819177,-0.0024739460166565883,0.0074958993769035365,9.333333333333334,-0.04940208216052111,-0.47314634599082694,-0.6180446112627466,-0.20722058429611034,-2.283298001489653,0.16153846153846155,95059.79178394789
5,-90,-50,10,-80,0,12,0.5,0.8880075149819177,-0.0024739460166565883,0.0074958993769035365,9.333333333333334,-0.04940208216052111,-0.47314634599082694,-0.6180446112627466,-0.20722058429611034,-2.283298001489653,0.16153846153846155,95059.79178394789
5,-90,-50,10,-80,50,12,0.5,0.8880075149819177,-0.0024739460166565883,0.0074958993769035365,9.333333333333334,-0.04940208216052111,-0.47314634599082694,-0.6180446112627466,-0.20722058429611034,-2.283298001489653,0.16153846153846155,95059.79178394789
5,-90,-50,10,-80,100,12,0.5,0.8880075149819177,-0.0024739460166565883,0.0074958993769035365,9.333333333333334,-0.04940208216052111,-0.47314634599082694,-0.6180446112627466,-0.20722058429611034,-2.283298001489653,0.16153846153846155,95059.79178394789
2,-90,-50,7,-50,0,18,0.6111111111111112,0.8964519544650444,-0.0017511342279929454,0.008402459463554335,6.222222222222222,-0.051085154014393064,-0.4848242918561606,-0.6301841170695971,-0.21220657333593518,-2.284680838272884,0.16153846153846155,94891.4845985607
2,-90,-50,7,-50,50,18,0.6111111111111112,0.8964519544650444,-0.0017511342279929454,0.008402459463554335,6.222222222222222,-0.051085154014393064,-0.4848242918561606,-0.6301841170695971,-0.21220657333593518,-2.284680838272884,0.16153846153846155,94891.4845985607
2,-90,-50,7,-50,100,18,0.6111111111111112,0.8964519544650444,-0.0017511342279929454,0.008402459463554335,6.222222222222222,-0.051085154014393064,-0.4848242918561606,-0.6301841170695971,-0.21220657333593518,-2.284680838272884,0.16153846153846155,94891.4845985607
2,-85,-50,5,-100,0,19,0.5789473684210527,0.9177393186766352,-0.0015001410170636562,0.006953096740484721,7.842105263157895,-0.05148481367355384,-0.48756206533872093,-0.5422604409511184,-0.21045495632082556,-2.316705074863919,0.16923076923076924,94851.51863264461
2,-85,-50,5,-100,50,19,0.5789473684210527,0.9177393186766352,-0.0015001410170636562,0.006953096740484721,7.842105263157895,-0.05148481367355384,-0.48756206533872093,-0.5422604409511184,-0.21045495632082556,-2.316705074863919,0.16923076923076924,94851.51863264461
2,-85,-50,5,-100,100,19,0.5789473684210527,0.9177393186766352,-0.0015001410170636562,0.006953096740484721,7.842105263157895,-0.05148481367355384,-0.48756206533872093,-0.5422604409511184,-0.21045495632082556,-2.316705074863919,0.16923076923076924,94851.51863264461
5,-85,-50,3,-50,0,20,0.65,0.9042349918272449,-0.0016439518670774977,0.007279887008545316,8.1,-0.05505337016349998,-0.5114203984288517,-0.6052269578372186,-0.2205276230576031,-2.3190763648473447,0.21923076923076923,94494.66298365
5,-85,-40,3,-50,0,20,0.65,0.9042349918272449,-0.0016439518670774977,0.007279887008545316,8.1,-0.05505337016349998,-0.5114203984288517,-0.6052269578372186,-0.2205276230576031,-2.3190763648473447,0.21923076923076923,94494.66298365
5,-85,-30,3,-50,0,20,0.65,0.9042349918272449,-0.0016439518670774977,0.007279887008545316,8.1,-0.05505337016349998,-0.5114203984288517,-0.6052269578372186,-0.2205276230576031,-2.3190763648473447,0.21923076923076923,94494.66298365
7,-85,-20,3,-80,0,15,0.5333333333333333,0.9142030496054586,-0.0018244935178190146,0.005085252766975801,10.066666666666666,-0.05091412934402817,-0.483648617703748,-0.5316779726162809,-0.20722058429611034,-2.333979606063809,0.17692307692307693,94908.58706559718
2,-85,-30,7,-120,50,13,0.6153846153846154,0.8987860224658435,-0.002318846933269234,0.01874733702599074,14.23076923076923,-0.05117517345952449,-0.4854421213696516,-0.5643652668042765,-0.20722058429611045,-2.3426346519512413,0.17307692307692307,94882.48265404755
2,-85,-30,7,-120,100,13,0.6153846153846154,0.8987860224658435,-0.002318846933269234,0.01874733702599074,14.23076923076923,-0.05117517345952449,-0.4854421213696516,-0.5643652668042765,-0.20722058429611045,-2.3426346519512413,0.17307692307692307,94882.48265404755
2,-80,-30,7,-120,50,13,0.6153846153846154,0.8987860224658435,-0.002318846933269234,0.01874733702599074,14.23076923076923,-0.05117517345952449,-0.4854421213696516,-0.5643652668042765,-0.20722058429611045,-2.3426346519512413,0.17307692307692307,94882.48265404755
2,-80,-30,7,-120,100,13,0.6153846153846154,0.8987860224658435,-0.002318846933269234,0.01874733702599074,14.23076923076923,-0.05117517345952449,-0.4854421213696516,-0.5643652668042765,-0.20722058429611045,-2.3426346519512413,0.17307692307692307,94882.48265404755
3,-90,-30,7,-100,0,13,0.6153846153846154,0.8613865634589842,-0.002619641954651355,0.01018017457651732,8.76923076923077,-0.05154549737875258,-0.4879765909606162,-0.6794397642586201,-0.20722058429611045,-2.354865432978974,0.16923076923076924,94845.45026212474
3,-90,-30,7,-100,50,13,0.6153846153846154,0.8613865634589842,-0.002619641954651355,0.01018017457651732,8.76923076923077,-0.05154549737875258,-0.4879765909606162,-0.6794397642586201,-0.20722058429611045,-2.354865432978974,0.16923076923076924,94845.45026212474
3,-90,-30,7,-100,100,13,0.6153846153846154,0.8613865634589842,-0.002619641954651355,0.01018017457651732,8.76923076923077,-0.05154549737875258,-0.4879765909606162,-0.6794397642586201,-0.20722058429611045,-2.354865432978974,0.16923076923076924,94845.45026212474
2,-85,-40,7,-80,0,17,0.5882352941176471,0.9044355400345149,-0.0017565476186665564,0.006953096740484721,8.588235294117647,-0.05172395191081747,-0.4891938111705577,-0.5592561091232375,-0.20722058429611034,-2.360739464335832,0.1576923076923077,94827.60480891826
2,-85,-40,7,-80,50,17,0.5882352941176471,0.9044355400345149,-0.0017565476186665564,0.006953096740484721,8.588235294117647,-0.05172395191081747,-0.4891938111705577,-0.5592561091232375,-0.20722058429611034,-2.360739464335832,0.1576923076923077,94827.60480891826
2,-85,-40,7,-80,100,17,0.5882352941176471,0.9044355400345149,-0.0017565476186665564,0.006953096740484721,8.588235294117647,-0.05172395191081747,-0.4891938111705577,-0.5592561091232375,-0.20722058429611034,-2.360739464335832,0.1576923076923077,94827.60480891826
2,-85,-30,7,-100,50,14,0.5714285714285714,0.8964956201857857,-0.002207566380205853,0.01832497937441857,13.357142857142858,-0.05189715247834992,-0.49037264573245054,-0.5769105007527986,-0.20722058429611045,-2.3664282551762637,0.18076923076923077,94810.28475216501
2,-85,-30,7,-100,100,14,0.5714285714285714,0.8964956201857857,-0.002207566380205853,0.01832497937441857,13.357142857142858,-0.05189715247834992,-0.49037264573245054,-0.5769105007527986,-0.20722058429611045,-2.3664282551762637,0.18076923076923077,94810.28475216501
3,-90,-40,3,-50,0,19,0.631578947368421,0.8840342057610204,-0.0019829376799111306,0.0109722278043487,6.421052631578948,-0.05803487303366739,-0.530564831779014,-0.7577502006339744,-0.22261528127734065,-2.3833261972614577,0.2,94196.51269663326
2,-90,-20,10,-80,0,12,0.5,0.8759067942849256,-0.0027791250402286563,0.0069936563773486116,9.166666666666666,-0.05296692289573668,-0.4975983465571493,-0.690053077099079,-0.20722058429611045,-2.40129786453116,0.15384615384615385,94703.30771042634
2,-90,-20,10,-80,50,12,0.5,0.8759067942849256,-0.0027791250402286563,0.0069936563773486116,9.166666666666666,-0.05296692289573668,-0.4975983465571493,-0.690053077099079,-0.20722058429611045,-2.40129786453116,0.15384615384615385,94703.30771042634
2,-90,-20,10,-80,100,12,0.5,0.8759067942849256,-0.0027791250402286563,0.0069936563773486116,9.166666666666666,-0.05296692289573668,-0.4975983465571493,-0.690053077099079,-0.20722058429611045,-2.40129786453116,0.15384615384615385,94703.30771042634
2,-90,-40,5,-50,0,17,0.5882352941176471,0.8793805522014395,-0.002122263878606126,0.006953096740484721,6.529411764705882,-0.055210448749849594,-0.5124466852070386,-0.7140893831095794,-0.21220657333593507,-2.4148483110172387,0.1576923076923077,94478.95512501504
2,-95,-30,10,-50,0,9,0.5555555555555556,0.7977966028559111,-0.00461969629563852,0.007368842611133353,11.222222222222221,-0.05760862059326055,-0.527870836959593,-0.9005129062607979,-0.21804535237579814,-2.4209222127780783,0.11923076923076924,94239.13794067394
2,-95,-20,10,-50,0,9,0.5555555555555556,0.7977966028559111,-0.00461969629563852,0.007368842611133353,11.222222222222221,-0.05760862059326055,-0.527870836959593,-0.9005129062607979,-0.21804535237579814,-2.4209222127780783,0.11923076923076924,94239.13794067394
2,-85,-50,7,-50,0,21,0.6190476190476191,0.8934913171952273,-0.0018746040990535002,0.0077114264621442885,7.380952380952381,-0.06276203756575127,-0.5595071013529647,-0.7405859350475164,-0.2294581800423139,-2.4383837667054937,0.19230769230769232,93723.79624342488
2,-85,-50,7,-50,50,21,0.6190476190476191,0.8934913171952273,-0.0018746040990535002,0.0077114264621442885,7.380952380952381,-0.06276203756575127,-0.5595071013529647,-0.7405859350475164,-0.2294581800423139,-2.4383837667054937,0.19230769230769232,93723.79624342488
2,-85,-50,7,-50,100,21,0.6190476190476191,0.8934913171952273,-0.0018746040990535002,0.0077114264621442885,7.380952380952381,-0.06276203756575127,-0.5595071013529647,-0.7405859350475164,-0.2294581800423139,-2.4383837667054937,0.19230769230769232,93723.79624342488
5,-90,-50,3,-50,0,17,0.5882352941176471,0.867581556007072,-0.002226647620616326,0.0068483475549463435,6.882352941176471,-0.05645062300144155,-0.5204800289846496,-0.7437935123543353,-0.2121565925959632,-2.4532823732509033,0.18076923076923077,94354.93769985584
5,-90,-40,3,-50,0,17,0.5882352941176471,0.867581556007072,-0.002226647620616326,0.0068483475549463435,6.882352941176471,-0.05645062300144155,-0.5204800289846496,-0.7437935123543353,-0.2121565925959632,-2.4532823732509033,0.18076923076923077,94354.93769985584
5,-90,-30,3,-50,0,17,0.5882352941176471,0.867581556007072,-0.002226647620616326,0.0068483475549463435,6.882352941176471,-0.05645062300144155,-0.5204800289846496,-0.7437935123543353,-0.2121565925959632,-2.4532823732509033,0.18076923076923077,94354.93769985584
5,-90,-20,3,-50,0,17,0.5882352941176471,0.867581556007072,-0.002226647620616326,0.0068483475549463435,6.882352941176471,-0.05645062300144155,-0.5204800289846496,-0.7437935123543353,-0.2121565925959632,-2.4532823732509033,0.18076923076923077,94354.93769985584
3,-90,-30,7,-120,0,12,0.5833333333333334,0.8471397935574341,-0.0031296311405187385,0.01404139814968186,9.083333333333334,-0.05485372509490205,-0.5101131285431966,-0.7506262485480559,-0.20722058429611045,-2.461691391692362,0.15,94514.6274905098
3,-90,-30,7,-120,50,12,0.5833333333333334,0.8471397935574341,-0.0031296311405187385,0.01404139814968186,9.083333333333334,-0.05485372509490205,-0.5101131285431966,-0.7506262485480559,-0.20722058429611045,-2.461691391692362,0.15,94514.6274905098
3,-90,-30,7,-120,100,12,0.5833333333333334,0.8471397935574341,-0.0031296311405187385,0.01404139814968186,9.083333333333334,-0.05485372509490205,-0.5101131285431966,-0.7506262485480559,-0.20722058429611045,-2.461691391692362,0.15,94514.6274905098
2,-80,-40,10,-50,0,19,0.5789473684210527,0.8913024113942154,-0.0019545968330507584,0.003492267122799486,8.31578947368421,-0.059783814952753755,-0.5414709305508973,-0.682273604744549,-0.2192943004859892,-2.469151862820494,0.20384615384615384,94021.61850472463
2,-80,-40,10,-50,50,19,0.5789473684210527,0.8913024113942154,-0.0019545968330507584,0.003492267122799486,8.31578947368421,-0.059783814952753755,-0.5414709305508973,-0.682273604744549,-0.2192943004859892,-2.469151862820494,0.20384615384615384,94021.61850472463
2,-80,-40,10,-50,100,19,0.5789473684210527,0.8913024113942154,-0.0019545968330507584,0.003492267122799486,8.31578947368421,-0.059783814952753755,-0.5414709305508973,-0.682273604744549,-0.2192943004859892,-2.469151862820494,0.20384615384615384,94021.61850472463
2,-80,-40,5,-100,0,19,0.5789473684210527,0.8878808225826446,-0.0021134128767406933,0.006953096740484721,8.052631578947368,-0.06292836411845304,-0.5604948487972681,-0.7459717185299094,-0.22518527429991497,-2.4890386395815924,0.18461538461538463,93707.1635881547
2,-85,-50,10,-50,0,19,0.5789473684210527,0.8922240160138802,-0.0019654490046881203,0.0077114264621442885,7.842105263157895,-0.059639085902066125,-0.54057736092576,-0.6952640311224532,-0.21588887264017387,-2.503961201496247,0.16923076923076924,94036.09140979339
2,-85,-50,10,-50,50,19,0.5789473684210527,0.8922240160138802,-0.0019654490046881203,0.0077114264621442885,7.842105263157895,-0.059639085902066125,-0.54057736092576,-0.6952640311224532,-0.21588887264017387,-2.503961201496247,0.16923076923076924,94036.09140979339
2,-85,-50,10,-50,100,19,0.5789473684210527,0.8922240160138802,-0.0019654490046881203,0.0077114264621442885,7.842105263157895,-0.059639085902066125,-0.54057736092576,-0.6952640311224532,-0.21588887264017387,-2.503961201496247,0.16923076923076924,94036.09140979339
3,-85,-30,7,-100,0,14,0.6428571428571429,0.8618602242942998,-0.0029912894593328654,0.01404139814968186,10.928571428571429,-0.06217875468846934,-0.5560270374546715,-0.7758377717998464,-0.22201124503685465,-2.504499433631702,0.18461538461538463,93782.12453115307
3,-85,-30,7,-100,50,14,0.6428571428571429,0.8618602242942998,-0.0029912894593328654,0.01404139814968186,10.928571428571429,-0.06217875468846934,-0.5560270374546715,-0.7758377717998464,-0.22201124503685465,-2.504499433631702,0.18461538461538463,93782.12453115307
3,-85,-30,7,-100,100,14,0.6428571428571429,0.8618602242942998,-0.0029912894593328654,0.01404139814968186,10.928571428571429,-0.06217875468846934,-0.5560270374546715,-0.7758377717998464,-0.22201124503685465,-2.504499433631702,0.18461538461538463,93782.12453115307
3,-80,-30,7,-100,0,14,0.6428571428571429,0.8618602242942998,-0.0029912894593328654,0.01404139814968186,10.928571428571429,-0.06217875468846934,-0.5560270374546715,-0.7758377717998464,-0.22201124503685465,-2.504499433631702,0.18461538461538463,93782.12453115307
3,-80,-30,7,-100,50,14,0.6428571428571429,0.8618602242942998,-0.0029912894593328654,0.01404139814968186,10.928571428571429,-0.06217875468846934,-0.5560270374546715,-0.7758377717998464,-0.22201124503685465,-2.504499433631702,0.18461538461538463,93782.12453115307
3,-80,-30,7,-100,100,14,0.6428571428571429,0.8618602242942998,-0.0029912894593328654,0.01404139814968186,10.928571428571429,-0.06217875468846934,-0.5560270374546715,-0.7758377717998464,-0.22201124503685465,-2.504499433631702,0.18461538461538463,93782.12453115307
10,-80,-50,3,-80,50,18,0.6111111111111112,0.8758148977404724,-0.0022472464468846704,0.0042887599448876434,8.722222222222221,-0.06149661058857625,-0.551925020707881,-0.7216063319046913,-0.21995608246839082,-2.5092510037188736,0.2,93850.33894114237
3,-90,-30,3,-80,0,18,0.6111111111111112,0.8612796247133784,-0.002402204084653581,0.008910287679647522,6.722222222222222,-0.06286117491302257,-0.5600960845749231,-0.8541485629371335,-0.22261528127734065,-2.515982197453637,0.19615384615384615,93713.88250869774
3,-90,-20,3,-80,0,18,0.6111111111111112,0.8612796247133784,-0.002402204084653581,0.008910287679647522,6.722222222222222,-0.06286117491302257,-0.5600960845749231,-0.8541485629371335,-0.22261528127734065,-2.515982197453637,0.19615384615384615,93713.88250869774
3,-80,-40,5,-120,0,15,0.6666666666666666,0.8933138889712339,-0.0022355812919556462,0.0109722278043487,9.933333333333334,-0.05474674411881997,-0.5094112955344713,-0.6361373384047958,-0.20179135532296277,-2.524445582513529,0.16923076923076924,94525.32558811801
2,-95,-40,10,-50,0,9,0.5555555555555556,0.7783199658373929,-0.005064674714185208,0.0033640368442131585,11.11111111111111,-0.06135510775000197,-0.5510697461626481,-0.9832715475944922,-0.21804535237579814,-2.527317093248046,0.11538461538461539,93864.48922499981
2,-95,-40,10,-50,50,9,0.5555555555555556,0.7783199658373929,-0.005064674714185208,0.0033640368442131585,11.11111111111111,-0.06135510775000197,-0.5510697461626481,-0.9832715475944922,-0.21804535237579814,-2.527317093248046,0.11538461538461539,93864.48922499981
2,-95,-40,10,-50,100,9,0.5555555555555556,0.7783199658373929,-0.005064674714185208,0.0033640368442131585,11.11111111111111,-0.06135510775000197,-0.5510697461626481,-0.9832715475944922,-0.21804535237579814,-2.527317093248046,0.11538461538461539,93864.48922499981
4,-85,-50,5,-120,0,14,0.6428571428571429,0.8742741084930582,-0.0028138655367329385,0.01443742476359755,10.785714285714286,-0.06162330454942666,-0.5526895136005021,-0.7553510578205999,-0.2181744374038892,-2.5332459667461014,0.17692307692307693,93837.66954505733
4,-85,-50,5,-120,50,14,0.6428571428571429,0.8742741084930582,-0.0028138655367329385,0.01443742476359755,10.785714285714286,-0.06162330454942666,-0.5526895136005021,-0.7553510578205999,-0.2181744374038892,-2.5332459667461014,0.17692307692307693,93837.66954505733
4,-85,-50,5,-120,100,14,0.6428571428571429,0.8742741084930582,-0.0028138655367329385,0.01443742476359755,10.785714285714286,-0.06162330454942666,-0.5526895136005021,-0.7553510578205999,-0.2181744374038892,-2.5332459667461014,0.17692307692307693,93837.66954505733
2,-90,-40,10,-50,0,15,0.5333333333333333,0.8621648965478468,-0.0025970261732089902,0.0033640368442131585,7.466666666666667,-0.057714325753584816,-0.5285402376223036,-0.7579817016791532,-0.20722058429611045,-2.550616481551077,0.16153846153846155,94228.56742464151
2,-90,-40,10,-50,50,15,0.5333333333333333,0.8621648965478468,-0.0025970261732089902,0.0033640368442131585,7.466666666666667,-0.057714325753584816,-0.5285402376223036,-0.7579817016791532,-0.20722058429611045,-2.550616481551077,0.16153846153846155,94228.56742464151
2,-90,-40,10,-50,100,15,0.5333333333333333,0.8621648965478468,-0.0025970261732089902,0.0033640368442131585,7.466666666666667,-0.057714325753584816,-0.5285402376223036,-0.7579817016791532,-0.20722058429611045,-2.550616481551077,0.16153846153846155,94228.56742464151
2,-90,-50,5,-50,0,17,0.5882352941176471,0.864087631322195,-0.002433661075911586,0.006953096740484721,6.470588235294118,-0.060342492692710636,-0.5449052619587038,-0.8169274102241583,-0.21220657333593518,-2.567805763000977,0.15384615384615385,93965.75073072893
2,-90,-50,5,-50,50,17,0.5882352941176471,0.864087631322195,-0.002433661075911586,0.006953096740484721,6.470588235294118,-0.060342492692710636,-0.5449052619587038,-0.8169274102241583,-0.21220657333593518,-2.567805763000977,0.15384615384615385,93965.75073072893
2,-90,-50,5,-50,100,17,0.5882352941176471,0.864087631322195,-0.002433661075911586,0.006953096740484721,6.470588235294118,-0.060342492692710636,-0.5449052619587038,-0.8169274102241583,-0.21220657333593518,-2.567805763000977,0.15384615384615385,93965.75073072893
2,-95,-50,10,-50,0,10,0.6,0.7571082862172901,-0.005394816189984097,0.008402459463554335,9.7,-0.06929788295195449,-0.59682135086772,-1.1738502943560212,-0.23098800628559302,-2.5837763633918356,0.10384615384615385,93070.21170480455
2,-95,-50,10,-50,50,10,0.6,0.7571082862172901,-0.005394816189984097,0.008402459463554335,9.7,-0.06929788295195449,-0.59682135086772,-1.1738502943560212,-0.23098800628559302,-2.5837763633918356,0.10384615384615385,93070.21170480455
2,-95,-50,10,-50,100,10,0.6,0.7571082862172901,-0.005394816189984097,0.008402459463554335,9.7,-0.06929788295195449,-0.59682135086772,-1.1738502943560212,-0.23098800628559302,-2.5837763633918356,0.10384615384615385,93070.21170480455
2,-80,-40,7,-50,0,21,0.6190476190476191,0.8610929784976138,-0.002339914455440208,0.003492267122799486,7.714285714285714,-0.07118037720381132,-0.6070155933985097,-0.8731045311937838,-0.2345664636948318,-2.5878191785686373,0.21923076923076923,92881.96227961886
2,-80,-40,7,-50,50,21,0.6190476190476191,0.8610929784976138,-0.002339914455440208,0.003492267122799486,7.714285714285714,-0.07118037720381132,-0.6070155933985097,-0.8731045311937838,-0.2345664636948318,-2.5878191785686373,0.21923076923076923,92881.96227961886
2,-80,-40,7,-50,100,21,0.6190476190476191,0.8610929784976138,-0.002339914455440208,0.003492267122799486,7.714285714285714,-0.07118037720381132,-0.6070155933985097,-0.8731045311937838,-0.2345664636948318,-2.5878191785686373,0.21923076923076923,92881.96227961886
2,-90,-20,5,-120,50,11,0.5454545454545454,0.8413652305554502,-0.003901516115388652,0.0109722278043487,10.0,-0.06393511083968606,-0.5664301101172013,-0.9059637387063495,-0.2181744374038893,-2.5962258312994453,0.15384615384615385,93606.48891603139
2,-90,-20,5,-120,100,11,0.5454545454545454,0.8413652305554502,-0.003901516115388652,0.0109722278043487,10.0,-0.06393511083968606,-0.5664301101172013,-0.9059637387063495,-0.2181744374038893,-2.5962258312994453,0.15384615384615385,93606.48891603139
3,-90,-50,3,-50,0,19,0.631578947368421,0.8478489053081226,-0.0026016821657126013,0.0068483475549463435,6.315789473684211,-0.06894011318891824,-0.5948566014241532,-0.9761725604482693,-0.22854824000348362,-2.6027616813635763,0.19230769230769232,93105.98868110818
2,-85,-30,5,-120,0,14,0.6428571428571429,0.8825994503562011,-0.0026358211343885307,0.01443742476359755,10.428571428571429,-0.05791946082175459,-0.5298368062091082,-0.6979015873110217,-0.2025793467204955,-2.6154532275204696,0.1576923076923077,94208.05391782454
2,-80,-30,5,-120,0,14,0.6428571428571429,0.8825994503562011,-0.0026358211343885307,0.01443742476359755,10.428571428571429,-0.05791946082175459,-0.5298368062091082,-0.6979015873110217,-0.2025793467204955,-2.6154532275204696,0.1576923076923077,94208.05391782454
3,-85,-40,5,-120,0,14,0.6428571428571429,0.8825994503562011,-0.0026358211343885307,0.01443742476359755,10.428571428571429,-0.05791946082175459,-0.5298368062091082,-0.6979015873110217,-0.2025793467204955,-2.6154532275204696,0.1576923076923077,94208.05391782454
3,-85,-30,10,-100,0,13,0.5384615384615384,0.8594521598270622,-0.003114636453723255,0.0179026217228464,11.538461538461538,-0.06002392844463289,-0.5429498821772576,-0.7425532574121526,-0.20722058429611034,-2.620154189901341,0.17307692307692307,93997.60715553671
3,-85,-30,10,-100,50,13,0.5384615384615384,0.8594521598270622,-0.003114636453723255,0.0179026217228464,11.538461538461538,-0.06002392844463289,-0.5429498821772576,-0.7425532574121526,-0.20722058429611034,-2.620154189901341,0.17307692307692307,93997.60715553671
3,-85,-30,10,-100,100,13,0.5384615384615384,0.8594521598270622,-0.003114636453723255,0.0179026217228464,11.538461538461538,-0.06002392844463289,-0.5429498821772576,-0.7425532574121526,-0.20722058429611034,-2.620154189901341,0.17307692307692307,93997.60715553671
3,-80,-30,10,-100,0,13,0.5384615384615384,0.8594521598270622,-0.003114636453723255,0.0179026217228464,11.538461538461538,-0.06002392844463289,-0.5429498821772576,-0.7425532574121526,-0.20722058429611034,-2.620154189901341,0.17307692307692307,93997.60715553671
3,-80,-30,10,-100,50,13,0.5384615384615384,0.8594521598270622,-0.003114636453723255,0.0179026217228464,11.538461538461538,-0.06002392844463289,-0.5429498821772576,-0.7425532574121526,-0.20722058429611034,-2.620154189901341,0.17307692307692307,93997.60715553671
3,-80,-30,10,-100,100,13,0.5384615384615384,0.8594521598270622,-0.003114636453723255,0.0179026217228464,11.538461538461538,-0.06002392844463289,-0.5429498821772576,-0.7425532574121526,-0.20722058429611034,-2.620154189901341,0.17307692307692307,93997.60715553671
7,-85,-50,3,-80,50,15,0.5333333333333333,0.8770961470758917,-0.0026135810415621,0.005085252766975801,10.066666666666666,-0.06035535702447292,-0.5449840624558855,-0.7136731647394677,-0.20722058429611045,-2.6299706870680555,0.17692307692307693,93964.46429755271
2,-85,-30,7,-120,0,13,0.6153846153846154,0.8655103616997382,-0.0030812037322000083,0.0179026217228464,11.23076923076923,-0.06039343092062899,-0.5452172105804771,-0.7551110179643171,-0.20722058429611045,-2.6310958075544373,0.1576923076923077,93960.6569079371
2,-80,-30,7,-120,0,13,0.6153846153846154,0.8655103616997382,-0.0030812037322000083,0.0179026217228464,11.23076923076923,-0.06039343092062899,-0.5452172105804771,-0.7551110179643171,-0.20722058429611045,-2.6310958075544373,0.1576923076923077,93960.6569079371
3,-80,-20,10,-120,0,12,0.5833333333333334,0.8584479572125138,-0.0033639617163584434,0.013658543926865163,9.333333333333334,-0.06057951907977577,-0.5463551521147303,-0.8044297019636159,-0.20722058429611057,-2.636587257827673,0.16153846153846155,93942.04809202242
3,-80,-20,10,-120,50,12,0.5833333333333334,0.8584479572125138,-0.0033639617163584434,0.013658543926865163,9.333333333333334,-0.06057951907977577,-0.5463551521147303,-0.8044297019636159,-0.20722058429611057,-2.636587257827673,0.16153846153846155,93942.04809202242
3,-80,-20,10,-120,100,12,0.5833333333333334,0.8584479572125138,-0.0033639617163584434,0.013658543926865163,9.333333333333334,-0.06057951907977577,-0.5463551521147303,-0.8044297019636159,-0.20722058429611057,-2.636587257827673,0.16153846153846155,93942.04809202242
4,-85,-30,10,-120,0,12,0.5833333333333334,0.8584479572125138,-0.0033639617163584434,0.013658543926865163,9.333333333333334,-0.06057951907977577,-0.5463551521147303,-0.8044297019636159,-0.20722058429611057,-2.636587257827673,0.16153846153846155,93942.04809202242
4,-85,-30,10,-120,50,12,0.5833333333333334,0.8584479572125138,-0.0033639617163584434,0.013658543926865163,9.333333333333334,-0.06057951907977577,-0.5463551521147303,-0.8044297019636159,-0.20722058429611057,-2.636587257827673,0.16153846153846155,93942.04809202242
4,-85,-30,10,-120,100,12,0.5833333333333334,0.8584479572125138,-0.0033639617163584434,0.013658543926865163,9.333333333333334,-0.06057951907977577,-0.5463551521147303,-0.8044297019636159,-0.20722058429611057,-2.636587257827673,0.16153846153846155,93942.04809202242
4,-85,-20,10,-120,0,12,0.5833333333333334,0.8584479572125138,-0.0033639617163584434,0.013658543926865163,9.333333333333334,-0.06057951907977577,-0.5463551521147303,-0.8044297019636159,-0.20722058429611057,-2.636587257827673,0.16153846153846155,93942.04809202242
4,-85,-20,10,-120,50,12,0.5833333333333334,0.8584479572125138,-0.0033639617163584434,0.013658543926865163,9.333333333333334,-0.06057951907977577,-0.5463551521147303,-0.8044297019636159,-0.20722058429611057,-2.636587257827673,0.16153846153846155,93942.04809202242
4,-85,-20,10,-120,100,12,0.5833333333333334,0.8584479572125138,-0.0033639617163584434,0.013658543926865163,9.333333333333334,-0.06057951907977577,-0.5463551521147303,-0.8044297019636159,-0.20722058429611057,-2.636587257827673,0.16153846153846155,93942.04809202242
4,-80,-30,10,-120,0,12,0.5833333333333334,0.8584479572125138,-0.0033639617163584434,0.013658543926865163,9.333333333333334,-0.06057951907977577,-0.5463551521147303,-0.8044297019636159,-0.20722058429611057,-2.636587257827673,0.16153846153846155,93942.04809202242
4,-80,-30,10,-120,50,12,0.5833333333333334,0.8584479572125138,-0.0033639617163584434,0.013658543926865163,9.333333333333334,-0.06057951907977577,-0.5463551521147303,-0.8044297019636159,-0.20722058429611057,-2.636587257827673,0.16153846153846155,93942.04809202242
4,-80,-30,10,-120,100,12,0.5833333333333334,0.8584479572125138,-0.0033639617163584434,0.013658543926865163,9.333333333333334,-0.06057951907977577,-0.5463551521147303,-0.8044297019636159,-0.20722058429611057,-2.636587257827673,0.16153846153846155,93942.04809202242
4,-80,-20,10,-120,0,12,0.5833333333333334,0.8584479572125138,-0.0033639617163584434,0.013658543926865163,9.333333333333334,-0.06057951907977577,-0.5463551521147303,-0.8044297019636159,-0.20722058429611057,-2.636587257827673,0.16153846153846155,93942.04809202242
4,-80,-20,10,-120,50,12,0.5833333333333334,0.8584479572125138,-0.0033639617163584434,0.013658543926865163,9.333333333333334,-0.06057951907977577,-0.5463551521147303,-0.8044297019636159,-0.20722058429611057,-2.636587257827673,0.16153846153846155,93942.04809202242
4,-80,-20,10,-120,100,12,0.5833333333333334,0.8584479572125138,-0.0033639617163584434,0.013658543926865163,9.333333333333334,-0.06057951907977577,-0.5463551521147303,-0.8044297019636159,-0.20722058429611057,-2.636587257827673,0.16153846153846155,93942.04809202242
5,-85,-40,10,-120,0,12,0.5833333333333334,0.8584479572125138,-0.0033639617163584434,0.013658543926865163,9.333333333333334,-0.06057951907977577,-0.5463551521147303,-0.8044297019636159,-0.20722058429611057,-2.636587257827673,0.16153846153846155,93942.04809202242
5,-85,-40,10,-120,50,12,0.5833333333333334,0.8584479572125138,-0.0033639617163584434,0.013658543926865163,9.333333333333334,-0.06057951907977577,-0.5463551521147303,-0.8044297019636159,-0.20722058429611057,-2.636587257827673,0.16153846153846155,93942.04809202242
5,-85,-40,10,-120,100,12,0.5833333333333334,0.8584479572125138,-0.0033639617163584434,0.013658543926865163,9.333333333333334,-0.06057951907977577,-0.5463551521147303,-0.8044297019636159,-0.20722058429611057,-2.636587257827673,0.16153846153846155,93942.04809202242
5,-85,-30,10,-120,0,12,0.5833333333333334,0.8584479572125138,-0.0033639617163584434,0.013658543926865163,9.333333333333334,-0.06057951907977577,-0.5463551521147303,-0.8044297019636159,-0.20722058429611057,-2.636587257827673,0.16153846153846155,93942.04809202242
5,-85,-30,10,-120,50,12,0.5833333333333334,0.8584479572125138,-0.0033639617163584434,0.013658543926865163,9.333333333333334,-0.06057951907977577,-0.5463551521147303,-0.8044297019636159,-0.20722058429611057,-2.636587257827673,0.16153846153846155,93942.04809202242
5,-85,-30,10,-120,100,12,0.5833333333333334,0.8584479572125138,-0.0033639617163584434,0.013658543926865163,9.333333333333334,-0.06057951907977577,-0.5463551521147303,-0.8044297019636159,-0.20722058429611057,-2.636587257827673,0.16153846153846155,93942.04809202242
5,-85,-20,10,-120,0,12,0.5833333333333334,0.8584479572125138,-0.0033639617163584434,0.013658543926865163,9.333333333333334,-0.06057951907977577,-0.5463551521147303,-0.8044297019636159,-0.20722058429611057,-2.636587257827673,0.16153846153846155,93942.04809202242
5,-85,-20,10,-120,50,12,0.5833333333333334,0.8584479572125138,-0.0033639617163584434,0.013658543926865163,9.333333333333334,-0.06057951907977577,-0.5463551521147303,-0.8044297019636159,-0.20722058429611057,-2.636587257827673,0.16153846153846155,93942.04809202242
5,-85,-20,10,-120,100,12,0.5833333333333334,0.8584479572125138,-0.0033639617163584434,0.013658543926865163,9.333333333333334,-0.06057951907977577,-0.5463551521147303,-0.8044297019636159,-0.20722058429611057,-2.636587257827673,0.16153846153846155,93942.04809202242
5,-80,-40,10,-120,0,12,0.5833333333333334,0.8584479572125138,-0.0033639617163584434,0.013658543926865163,9.333333333333334,-0.06057951907977577,-0.5463551521147303,-0.8044297019636159,-0.20722058429611057,-2.636587257827673,0.16153846153846155,93942.04809202242
5,-80,-40,10,-120,50,12,0.5833333333333334,0.8584479572125138,-0.0033639617163584434,0.013658543926865163,9.333333333333334,-0.06057951907977577,-0.5463551521147303,-0.8044297019636159,-0.20722058429611057,-2.636587257827673,0.16153846153846155,93942.04809202242
5,-80,-40,10,-120,100,12,0.5833333333333334,0.8584479572125138,-0.0033639617163584434,0.013658543926865163,9.333333333333334,-0.06057951907977577,-0.5463551521147303,-0.8044297019636159,-0.20722058429611057,-2.636587257827673,0.16153846153846155,93942.04809202242
5,-80,-30,10,-120,0,12,0.5833333333333334,0.8584479572125138,-0.0033639617163584434,0.013658543926865163,9.333333333333334,-0.06057951907977577,-0.5463551521147303,-0.8044297019636159,-0.20722058429611057,-2.636587257827673,0.16153846153846155,93942.04809202242
5,-80,-30,10,-120,50,12,0.5833333333333334,0.8584479572125138,-0.0033639617163584434,0.013658543926865163,9.333333333333334,-0.06057951907977577,-0.5463551521147303,-0.8044297019636159,-0.20722058429611057,-2.636587257827673,0.16153846153846155,93942.04809202242
5,-80,-30,10,-120,100,12,0.5833333333333334,0.8584479572125138,-0.0033639617163584434,0.013658543926865163,9.333333333333334,-0.06057951907977577,-0.5463551521147303,-0.8044297019636159,-0.20722058429611057,-2.636587257827673,0.16153846153846155,93942.04809202242
5,-80,-20,10,-120,0,12,0.5833333333333334,0.8584479572125138,-0.0033639617163584434,0.013658543926865163,9.333333333333334,-0.06057951907977577,-0.5463551521147303,-0.8044297019636159,-0.20722058429611057,-2.636587257827673,0.16153846153846155,93942.04809202242
5,-80,-20,10,-120,50,12,0.5833333333333334,0.8584479572125138,-0.0033639617163584434,0.013658543926865163,9.333333333333334,-0.06057951907977577,-0.5463551521147303,-0.8044297019636159,-0.20722058429611057,-2.636587257827673,0.16153846153846155,93942.04809202242
5,-80,-20,10,-120,100,12,0.5833333333333334,0.8584479572125138,-0.0033639617163584434,0.013658543926865163,9.333333333333334,-0.06057951907977577,-0.5463551521147303,-0.8044297019636159,-0.20722058429611057,-2.636587257827673,0.16153846153846155,93942.04809202242
7,-85,-40,10,-120,0,12,0.5833333333333334,0.8584479572125138,-0.0033639617163584434,0.013658543926865163,9.333333333333334,-0.06057951907977577,-0.5463551521147303,-0.8044297019636159,-0.20722058429611057,-2.636587257827673,0.16153846153846155,93942.04809202242
7,-85,-40,10,-120,50,12,0.5833333333333334,0.8584479572125138,-0.0033639617163584434,0.013658543926865163,9.333333333333334,-0.06057951907977577,-0.5463551521147303,-0.8044297019636159,-0.20722058429611057,-2.636587257827673,0.16153846153846155,93942.04809202242
7,-85,-40,10,-120,100,12,0.5833333333333334,0.8584479572125138,-0.0033639617163584434,0.013658543926865163,9.333333333333334,-0.06057951907977577,-0.5463551521147303,-0.8044297019636159,-0.20722058429611057,-2.636587257827673,0.16153846153846155,93942.04809202242
7,-85,-30,10,-120,0,12,0.5833333333333334,0.8584479572125138,-0.0033639617163584434,0.013658543926865163,9.333333333333334,-0.06057951907977577,-0.5463551521147303,-0.8044297019636159,-0.20722058429611057,-2.636587257827673,0.16153846153846155,93942.04809202242
7,-85,-30,10,-120,50,12,0.5833333333333334,0.8584479572125138,-0.0033639617163584434,0.013658543926865163,9.333333333333334,-0.06057951907977577,-0.5463551521147303,-0.8044297019636159,-0.20722058429611057,-2.636587257827673,0.16153846153846155,93942.04809202242
7,-85,-30,10,-120,100,12,0.5833333333333334,0.8584479572125138,-0.0033639617163584434,0.013658543926865163,9.333333333333334,-0.06057951907977577,-0.5463551521147303,-0.8044297019636159,-0.20722058429611057,-2.636587257827673,0.16153846153846155,93942.04809202242
7,-85,-20,10,-120,0,12,0.5833333333333334,0.8584479572125138,-0.0033639617163584434,0.013658543926865163,9.333333333333334,-0.06057951907977577,-0.5463551521147303,-0.8044297019636159,-0.20722058429611057,-2.636587257827673,0.16153846153846155,93942.04809202242
7,-85,-20,10,-120,50,12,0.5833333333333334,0.8584479572125138,-0.0033639617163584434,0.013658543926865163,9.333333333333334,-0.06057951907977577,-0.5463551521147303,-0.8044297019636159,-0.20722058429611057,-2.636587257827673,0.16153846153846155,93942.04809202242
7,-85,-20,10,-120,100,12,0.5833333333333334,0.8584479572125138,-0.0033639617163584434,0.013658543926865163,9.333333333333334,-0.06057951907977577,-0.5463551521147303,-0.8044297019636159,-0.20722058429611057,-2.636587257827673,0.16153846153846155,93942.04809202242
7,-80,-40,10,-120,0,12,0.5833333333333334,0.8584479572125138,-0.0033639617163584434,0.013658543926865163,9.333333333333334,-0.06057951907977577,-0.5463551521147303,-0.8044297019636159,-0.20722058429611057,-2.636587257827673,0.16153846153846155,93942.04809202242
7,-80,-40,10,-120,50,12,0.5833333333333334,0.8584479572125138,-0.0033639617163584434,0.013658543926865163,9.333333333333334,-0.06057951907977577,-0.5463551521147303,-0.8044297019636159,-0.20722058429611057,-2.636587257827673,0.16153846153846155,93942.04809202242
7,-80,-40,10,-120,100,12,0.5833333333333334,0.8584479572125138,-0.0033639617163584434,0.013658543926865163,9.333333333333334,-0.06057951907977577,-0.5463551521147303,-0.8044297019636159,-0.20722058429611057,-2.636587257827673,0.16153846153846155,93942.04809202242
7,-80,-30,10,-120,0,12,0.5833333333333334,0.8584479572125138,-0.0033639617163584434,0.013658543926865163,9.333333333333334,-0.06057951907977577,-0.5463551521147303,-0.8044297019636159,-0.20722058429611057,-2.636587257827673,0.16153846153846155,93942.04809202242
7,-80,-30,10,-120,50,12,0.5833333333333334,0.8584479572125138,-0.0033639617163584434,0.013658543926865163,9.333333333333334,-0.06057951907977577,-0.5463551521147303,-0.8044297019636159,-0.20722058429611057,-2.636587257827673,0.16153846153846155,93942.04809202242
7,-80,-30,10,-120,100,12,0.5833333333333334,0.8584479572125138,-0.0033639617163584434,0.013658543926865163,9.333333333333334,-0.06057951907977577,-0.5463551521147303,-0.8044297019636159,-0.20722058429611057,-2.636587257827673,0.16153846153846155,93942.04809202242
7,-80,-20,10,-120,0,12,0.5833333333333334,0.8584479572125138,-0.0033639617163584434,0.013658543926865163,9.333333333333334,-0.06057951907977577,-0.5463551521147303,-0.8044297019636159,-0.20722058429611057,-2.636587257827673,0.16153846153846155,93942.04809202242
7,-80,-20,10,-120,50,12,0.5833333333333334,0.8584479572125138,-0.0033639617163584434,0.013658543926865163,9.333333333333334,-0.06057951907977577,-0.5463551521147303,-0.8044297019636159,-0.20722058429611057,-2.636587257827673,0.16153846153846155,93942.04809202242
7,-80,-20,10,-120,100,12,0.5833333333333334,0.8584479572125138,-0.0033639617163584434,0.013658543926865163,9.333333333333334,-0.06057951907977577,-0.5463551521147303,-0.8044297019636159,-0.20722058429611057,-2.636587257827673,0.16153846153846155,93942.04809202242
10,-85,-40,10,-120,0,12,0.5833333333333334,0.8584479572125138,-0.0033639617163584434,0.013658543926865163,9.333333333333334,-0.06057951907977577,-0.5463551521147303,-0.8044297019636159,-0.20722058429611057,-2.636587257827673,0.16153846153846155,93942.04809202242
10,-85,-40,10,-120,50,12,0.5833333333333334,0.8584479572125138,-0.0033639617163584434,0.013658543926865163,9.333333333333334,-0.06057951907977577,-0.5463551521147303,-0.8044297019636159,-0.20722058429611057,-2.636587257827673,0.16153846153846155,93942.04809202242
10,-85,-40,10,-120,100,12,0.5833333333333334,0.8584479572125138,-0.0033639617163584434,0.013658543926865163,9.333333333333334,-0.06057951907977577,-0.5463551521147303,-0.8044297019636159,-0.20722058429611057,-2.636587257827673,0.16153846153846155,93942.04809202242
10,-85,-30,10,-120,0,12,0.5833333333333334,0.8584479572125138,-0.0033639617163584434,0.013658543926865163,9.333333333333334,-0.06057951907977577,-0.5463551521147303,-0.8044297019636159,-0.20722058429611057,-2.636587257827673,0.16153846153846155,93942.04809202242
10,-85,-30,10,-120,50,12,0.5833333333333334,0.8584479572125138,-0.0033639617163584434,0.013658543926865163,9.333333333333334,-0.06057951907977577,-0.5463551521147303,-0.8044297019636159,-0.20722058429611057,-2.636587257827673,0.16153846153846155,93942.04809202242
10,-85,-30,10,-120,100,12,0.5833333333333334,0.8584479572125138,-0.0033639617163584434,0.013658543926865163,9.333333333333334,-0.06057951907977577,-0.5463551521147303,-0.8044297019636159,-0.20722058429611057,-2.636587257827673,0.16153846153846155,93942.04809202242
10,-85,-20,10,-120,0,12,0.5833333333333334,0.8584479572125138,-0.0033639617163584434,0.013658543926865163,9.333333333333334,-0.06057951907977577,-0.5463551521147303,-0.8044297019636159,-0.20722058429611057,-2.636587257827673,0.16153846153846155,93942.04809202242
10,-85,-20,10,-120,50,12,0.5833333333333334,0.8584479572125138,-0.0033639617163584434,0.013658543926865163,9.333333333333334,-0.06057951907977577,-0.5463551521147303,-0.8044297019636159,-0.20722058429611057,-2.636587257827673,0.16153846153846155,93942.04809202242
10,-85,-20,10,-120,100,12,0.5833333333333334,0.8584479572125138,-0.0033639617163584434,0.013658543926865163,9.333333333333334,-0.06057951907977577,-0.5463551521147303,-0.8044297019636159,-0.20722058429611057,-2.636587257827673,0.16153846153846155,93942.04809202242
10,-80,-40,10,-120,0,12,0.5833333333333334,0.8584479572125138,-0.0033639617163584434,0.013658543926865163,9.333333333333334,-0.06057951907977577,-0.5463551521147303,-0.8044297019636159,-0.20722058429611057,-2.636587257827673,0.16153846153846155,93942.04809202242
10,-80,-40,10,-120,50,12,0.5833333333333334,0.8584479572125138,-0.0033639617163584434,0.013658543926865163,9.333333333333334,-0.06057951907977577,-0.5463551521147303,-0.8044297019636159,-0.20722058429611057,-2.636587257827673,0.16153846153846155,93942.04809202242
10,-80,-40,10,-120,100,12,0.5833333333333334,0.8584479572125138,-0.0033639617163584434,0.013658543926865163,9.333333333333334,-0.06057951907977577,-0.5463551521147303,-0.8044297019636159,-0.20722058429611057,-2.636587257827673,0.16153846153846155,93942.04809202242
10,-80,-30,10,-120,0,12,0.5833333333333334,0.8584479572125138,-0.0033639617163584434,0.013658543926865163,9.333333333333334,-0.06057951907977577,-0.5463551521147303,-0.8044297019636159,-0.20722058429611057,-2.636587257827673,0.16153846153846155,93942.04809202242
10,-80,-30,10,-120,50,12,0.5833333333333334,0.8584479572125138,-0.0033639617163584434,0.013658543926865163,9.333333333333334,-0.06057951907977577,-0.5463551521147303,-0.8044297019636159,-0.20722058429611057,-2.636587257827673,0.16153846153846155,93942.04809202242
10,-80,-30,10,-120,100,12,0.5833333333333334,0.8584479572125138,-0.0033639617163584434,0.013658543926865163,9.333333333333334,-0.06057951907977577,-0.5463551521147303,-0.8044297019636159,-0.20722058429611057,-2.636587257827673,0.16153846153846155,93942.04809202242
10,-80,-20,10,-120,0,12,0.5833333333333334,0.8584479572125138,-0.0033639617163584434,0.013658543926865163,9.333333333333334,-0.06057951907977577,-0.5463551521147303,-0.8044297019636159,-0.20722058429611057,-2.636587257827673,0.16153846153846155,93942.04809202242
10,-80,-20,10,-120,50,12,0.5833333333333334,0.8584479572125138,-0.0033639617163584434,0.013658543926865163,9.333333333333334,-0.06057951907977577,-0.5463551521147303,-0.8044297019636159,-0.20722058429611057,-2.636587257827673,0.16153846153846155,93942.04809202242
10,-80,-20,10,-120,100,12,0.5833333333333334,0.8584479572125138,-0.0033639617163584434,0.013658543926865163,9.333333333333334,-0.06057951907977577,-0.5463551521147303,-0.8044297019636159,-0.20722058429611057,-2.636587257827673,0.16153846153846155,93942.04809202242
3,-80,-50,5,-120,0,15,0.6666666666666666,0.880527193345016,-0.0025035233628799116,0.006953096740484721,9.866666666666667,-0.058504608696545723,-0.5335172472567666,-0.7075901700477406,-0.20179135532296277,-2.6439053665251597,0.16538461538461538,94149.53913034542
3,-80,-50,5,-120,50,15,0.6666666666666666,0.880527193345016,-0.0025035233628799116,0.006953096740484721,9.866666666666667,-0.058504608696545723,-0.5335172472567666,-0.7075901700477406,-0.20179135532296277,-2.6439053665251597,0.16538461538461538,94149.53913034542
3,-80,-50,5,-120,100,15,0.6666666666666666,0.880527193345016,-0.0025035233628799116,0.006953096740484721,9.866666666666667,-0.058504608696545723,-0.5335172472567666,-0.7075901700477406,-0.20179135532296277,-2.6439053665251597,0.16538461538461538,94149.53913034542
2,-90,-40,7,-80,0,15,0.5333333333333333,0.8436490072526724,-0.0028508802858771,0.006953096740484721,7.066666666666666,-0.06094774411615833,-0.5485991485931716,-0.8394524232252428,-0.20722058429611057,-2.6474162808519237,0.13846153846153847,93905.22558838417
2,-90,-40,7,-80,50,15,0.5333333333333333,0.8436490072526724,-0.0028508802858771,0.006953096740484721,7.066666666666666,-0.06094774411615833,-0.5485991485931716,-0.8394524232252428,-0.20722058429611057,-2.6474162808519237,0.13846153846153847,93905.22558838417
2,-90,-40,7,-80,100,15,0.5333333333333333,0.8436490072526724,-0.0028508802858771,0.006953096740484721,7.066666666666666,-0.06094774411615833,-0.5485991485931716,-0.8394524232252428,-0.20722058429611057,-2.6474162808519237,0.13846153846153847,93905.22558838417
3,-90,-30,10,-100,0,12,0.5833333333333334,0.8199508074673622,-0.003686293332248745,0.010701424999301823,9.25,-0.06110362637154931,-0.5495460256129399,-0.8779741036657206,-0.20722058429611045,-2.651985696689568,0.1576923076923077,93889.63736284507
3,-90,-30,10,-100,50,12,0.5833333333333334,0.8199508074673622,-0.003686293332248745,0.010701424999301823,9.25,-0.06110362637154931,-0.5495460256129399,-0.8779741036657206,-0.20722058429611045,-2.651985696689568,0.1576923076923077,93889.63736284507
3,-90,-30,10,-100,100,12,0.5833333333333334,0.8199508074673622,-0.003686293332248745,0.010701424999301823,9.25,-0.06110362637154931,-0.5495460256129399,-0.8779741036657206,-0.20722058429611045,-2.651985696689568,0.1576923076923077,93889.63736284507
2,-85,-30,7,-100,0,14,0.5714285714285714,0.8633047567433859,-0.0029154691220701434,0.01404139814968186,10.571428571428571,-0.06110839559045034,-0.5495749664640002,-0.7676480878671377,-0.20722058429611045,-2.6521253587369396,0.16538461538461538,93889.16044095496
10,-85,-50,3,-80,0,17,0.6470588235294118,0.8743509794195763,-0.0023390504031470215,0.005085252766975801,9.0,-0.06044530244936619,-0.5455346724117766,-0.7222830303697235,-0.2044519868070156,-2.6682776769819925,0.18461538461538463,93955.46975506339
10,-85,-40,3,-80,0,17,0.6470588235294118,0.8743509794195763,-0.0023390504031470215,0.005085252766975801,9.0,-0.06044530244936619,-0.5455346724117766,-0.7222830303697235,-0.2044519868070156,-2.6682776769819925,0.18461538461538463,93955.46975506339
10,-85,-30,3,-80,0,17,0.6470588235294118,0.8743509794195763,-0.0023390504031470215,0.005085252766975801,9.0,-0.06044530244936619,-0.5455346724117766,-0.7222830303697235,-0.2044519868070156,-2.6682776769819925,0.18461538461538463,93955.46975506339
2,-90,-50,3,-80,0,18,0.6111111111111112,0.8667530307375028,-0.0022533822579308325,0.006900722147715532,6.222222222222222,-0.059538809939991943,-0.5399573083166785,-0.7781096866932846,-0.201791355322963,-2.6758198211835573,0.16153846153846155,94046.11900600081
2,-90,-50,3,-80,50,18,0.6111111111111112,0.8667530307375028,-0.0022533822579308325,0.006900722147715532,6.222222222222222,-0.059538809939991943,-0.5399573083166785,-0.7781096866932846,-0.201791355322963,-2.6758198211835573,0.16153846153846155,94046.11900600081
2,-90,-50,3,-80,100,18,0.6111111111111112,0.8667530307375028,-0.0022533822579308325,0.006900722147715532,6.222222222222222,-0.059538809939991943,-0.5399573083166785,-0.7781096866932846,-0.201791355322963,-2.6758198211835573,0.16153846153846155,94046.11900600081
3,-90,-20,5,-120,0,11,0.5454545454545454,0.8312157201959848,-0.0042018237452923915,0.0109722278043487,10.0,-0.06697539651817774,-0.583908973073928,-0.9697142482658272,-0.2181744374038893,-2.676339996665067,0.15384615384615385,93302.46034818223
4,-90,-40,5,-120,0,11,0.5454545454545454,0.8312157201959848,-0.0042018237452923915,0.0109722278043487,10.0,-0.06697539651817774,-0.583908973073928,-0.9697142482658272,-0.2181744374038893,-2.676339996665067,0.15384615384615385,93302.46034818223
4,-90,-30,5,-120,0,11,0.5454545454545454,0.8312157201959848,-0.0042018237452923915,0.0109722278043487,10.0,-0.06697539651817774,-0.583908973073928,-0.9697142482658272,-0.2181744374038893,-2.676339996665067,0.15384615384615385,93302.46034818223
4,-90,-20,5,-120,0,11,0.5454545454545454,0.8312157201959848,-0.0042018237452923915,0.0109722278043487,10.0,-0.06697539651817774,-0.583908973073928,-0.9697142482658272,-0.2181744374038893,-2.676339996665067,0.15384615384615385,93302.46034818223
5,-90,-50,5,-120,0,11,0.5454545454545454,0.8312157201959848,-0.0042018237452923915,0.0109722278043487,10.0,-0.06697539651817774,-0.583908973073928,-0.9697142482658272,-0.2181744374038893,-2.676339996665067,0.15384615384615385,93302.46034818223
5,-90,-50,5,-120,50,11,0.5454545454545454,0.8312157201959848,-0.0042018237452923915,0.0109722278043487,10.0,-0.06697539651817774,-0.583908973073928,-0.9697142482658272,-0.2181744374038893,-2.676339996665067,0.15384615384615385,93302.46034818223
5,-90,-50,5,-120,100,11,0.5454545454545454,0.8312157201959848,-0.0042018237452923915,0.0109722278043487,10.0,-0.06697539651817774,-0.583908973073928,-0.9697142482658272,-0.2181744374038893,-2.676339996665067,0.15384615384615385,93302.46034818223
5,-90,-40,5,-120,0,11,0.5454545454545454,0.8312157201959848,-0.0042018237452923915,0.0109722278043487,10.0,-0.06697539651817774,-0.583908973073928,-0.9697142482658272,-0.2181744374038893,-2.676339996665067,0.15384615384615385,93302.46034818223
5,-90,-30,5,-120,0,11,0.5454545454545454,0.8312157201959848,-0.0042018237452923915,0.0109722278043487,10.0,-0.06697539651817774,-0.583908973073928,-0.9697142482658272,-0.2181744374038893,-2.676339996665067,0.15384615384615385,93302.46034818223
5,-90,-20,5,-120,0,11,0.5454545454545454,0.8312157201959848,-0.0042018237452923915,0.0109722278043487,10.0,-0.06697539651817774,-0.583908973073928,-0.9697142482658272,-0.2181744374038893,-2.676339996665067,0.15384615384615385,93302.46034818223
7,-85,-50,3,-50,0,16,0.5625,0.8703367342373473,-0.002584989036563873,0.006398339614560045,9.5,-0.062042305514783846,-0.5552092893299054,-0.7487761101972359,-0.20722058429611034,-2.679315335471366,0.18076923076923077,93795.76944852162
7,-85,-40,3,-50,0,16,0.5625,0.8703367342373473,-0.002584989036563873,0.006398339614560045,9.5,-0.062042305514783846,-0.5552092893299054,-0.7487761101972359,-0.20722058429611034,-2.679315335471366,0.18076923076923077,93795.76944852162
7,-85,-30,3,-50,0,16,0.5625,0.8703367342373473,-0.002584989036563873,0.006398339614560045,9.5,-0.062042305514783846,-0.5552092893299054,-0.7487761101972359,-0.20722058429611034,-2.679315335471366,0.18076923076923077,93795.76944852162
2,-80,-40,7,-80,0,17,0.5882352941176471,0.8552276298154674,-0.0028141361100531264,0.006953096740484721,8.647058823529411,-0.06941566922591413,-0.5974662704161806,-0.8834268669940384,-0.22201124503685454,-2.691153190537711,0.16153846153846155,93058.43307740858
2,-80,-40,7,-80,50,17,0.5882352941176471,0.8552276298154674,-0.0028141361100531264,0.006953096740484721,8.647058823529411,-0.06941566922591413,-0.5974662704161806,-0.8834268669940384,-0.22201124503685454,-2.691153190537711,0.16153846153846155,93058.43307740858
2,-80,-40,7,-80,100,17,0.5882352941176471,0.8552276298154674,-0.0028141361100531264,0.006953096740484721,8.647058823529411,-0.06941566922591413,-0.5974662704161806,-0.8834268669940384,-0.22201124503685454,-2.691153190537711,0.16153846153846155,93058.43307740858
2,-80,-30,7,-100,50,14,0.5714285714285714,0.8455815235242063,-0.0034917809768895453,0.01832497937441857,13.428571428571429,-0.06958563843957488,-0.5983952346361501,-0.9048196968110581,-0.22201124503685465,-2.6953375021018164,0.18461538461538463,93041.43615604252
2,-80,-30,7,-100,100,14,0.5714285714285714,0.8455815235242063,-0.0034917809768895453,0.01832497937441857,13.428571428571429,-0.06958563843957488,-0.5983952346361501,-0.9048196968110581,-0.22201124503685465,-2.6953375021018164,0.18461538461538463,93041.43615604252
2,-80,-50,7,-50,0,22,0.5909090909090909,0.8340971358480184,-0.002855434321934656,0.006900722147715532,7.181818181818182,-0.08438543808415966,-0.6721182218818547,-1.128551778014976,-0.24723566565104216,-2.718532619927531,0.20384615384615384,91561.45619158403
2,-80,-50,7,-50,50,22,0.5909090909090909,0.8340971358480184,-0.002855434321934656,0.006900722147715532,7.181818181818182,-0.08438543808415966,-0.6721182218818547,-1.128551778014976,-0.24723566565104216,-2.718532619927531,0.20384615384615384,91561.45619158403
2,-80,-50,7,-50,100,22,0.5909090909090909,0.8340971358480184,-0.002855434321934656,0.006900722147715532,7.181818181818182,-0.08438543808415966,-0.6721182218818547,-1.128551778014976,-0.24723566565104216,-2.718532619927531,0.20384615384615384,91561.45619158403
3,-85,-50,5,-120,0,14,0.6428571428571429,0.8698127547299832,-0.002922901924664529,0.012427859231665561,10.357142857142858,-0.06166471222979408,-0.5529391140037232,-0.7694584918014079,-0.2025793467204955,-2.7294940128651373,0.15384615384615385,93833.52877702059
3,-85,-50,5,-120,50,14,0.6428571428571429,0.8698127547299832,-0.002922901924664529,0.012427859231665561,10.357142857142858,-0.06166471222979408,-0.5529391140037232,-0.7694584918014079,-0.2025793467204955,-2.7294940128651373,0.15384615384615385,93833.52877702059
3,-85,-50,5,-120,100,14,0.6428571428571429,0.8698127547299832,-0.002922901924664529,0.012427859231665561,10.357142857142858,-0.06166471222979408,-0.5529391140037232,-0.7694584918014079,-0.2025793467204955,-2.7294940128651373,0.15384615384615385,93833.52877702059
2,-80,-50,5,-100,0,19,0.5789473684210527,0.8623307309683624,-0.0026719127060383053,0.006953096740484721,7.947368421052632,-0.07318257781033188,-0.6175971737812977,-0.9376193992300823,-0.22518527429991464,-2.742617942942159,0.17692307692307693,92681.74221896681
2,-80,-50,5,-100,50,19,0.5789473684210527,0.8623307309683624,-0.0026719127060383053,0.006953096740484721,7.947368421052632,-0.07318257781033188,-0.6175971737812977,-0.9376193992300823,-0.22518527429991464,-2.742617942942159,0.17692307692307693,92681.74221896681
2,-80,-50,5,-100,100,19,0.5789473684210527,0.8623307309683624,-0.0026719127060383053,0.006953096740484721,7.947368421052632,-0.07318257781033188,-0.6175971737812977,-0.9376193992300823,-0.22518527429991464,-2.742617942942159,0.17692307692307693,92681.74221896681
3,-90,-30,10,-120,0,11,0.5454545454545454,0.8057040375658119,-0.004339613478431107,0.0179026217228464,9.636363636363637,-0.06437851514823345,-0.5690207042256804,-0.9497998904890453,-0.20722058429611045,-2.7459661218432387,0.13846153846153847,93562.14848517666
3,-90,-30,10,-120,50,11,0.5454545454545454,0.8057040375658119,-0.004339613478431107,0.0179026217228464,9.636363636363637,-0.06437851514823345,-0.5690207042256804,-0.9497998904890453,-0.20722058429611045,-2.7459661218432387,0.13846153846153847,93562.14848517666
3,-90,-30,10,-120,100,11,0.5454545454545454,0.8057040375658119,-0.004339613478431107,0.0179026217228464,9.636363636363637,-0.06437851514823345,-0.5690207042256804,-0.9497998904890453,-0.20722058429611045,-2.7459661218432387,0.13846153846153847,93562.14848517666
3,-80,-40,7,-120,0,14,0.6428571428571429,0.8500859950099992,-0.003189254029310727,0.010635199112475568,10.571428571428571,-0.06465944799797962,-0.5706546720958973,-0.836431556338056,-0.20722058429611034,-2.7538512838109432,0.16538461538461538,93534.05520020204
3,-80,-40,7,-120,50,14,0.6428571428571429,0.8500859950099992,-0.003189254029310727,0.010635199112475568,10.571428571428571,-0.06465944799797962,-0.5706546720958973,-0.836431556338056,-0.20722058429611034,-2.7538512838109432,0.16538461538461538,93534.05520020204
3,-80,-40,7,-120,100,14,0.6428571428571429,0.8500859950099992,-0.003189254029310727,0.010635199112475568,10.571428571428571,-0.06465944799797962,-0.5706546720958973,-0.836431556338056,-0.20722058429611034,-2.7538512838109432,0.16538461538461538,93534.05520020204
3,-85,-30,10,-80,0,14,0.5714285714285714,0.8267513820904953,-0.003821507737911797,0.012807024092495345,11.0,-0.07300491867901382,-0.6166689696555325,-0.9759834113846975,-0.22201124503685465,-2.777647454538455,0.18846153846153846,92699.50813209862
3,-85,-30,10,-80,50,14,0.5714285714285714,0.8267513820904953,-0.003821507737911797,0.012807024092495345,11.0,-0.07300491867901382,-0.6166689696555325,-0.9759834113846975,-0.22201124503685465,-2.777647454538455,0.18846153846153846,92699.50813209862
3,-85,-30,10,-80,100,14,0.5714285714285714,0.8267513820904953,-0.003821507737911797,0.012807024092495345,11.0,-0.07300491867901382,-0.6166689696555325,-0.9759834113846975,-0.22201124503685465,-2.777647454538455,0.18846153846153846,92699.50813209862
3,-80,-30,10,-80,0,14,0.5714285714285714,0.8267513820904953,-0.003821507737911797,0.012807024092495345,11.0,-0.07300491867901382,-0.6166689696555325,-0.9759834113846975,-0.22201124503685465,-2.777647454538455,0.18846153846153846,92699.50813209862
3,-80,-30,10,-80,50,14,0.5714285714285714,0.8267513820904953,-0.003821507737911797,0.012807024092495345,11.0,-0.07300491867901382,-0.6166689696555325,-0.9759834113846975,-0.22201124503685465,-2.777647454538455,0.18846153846153846,92699.50813209862
3,-80,-30,10,-80,100,14,0.5714285714285714,0.8267513820904953,-0.003821507737911797,0.012807024092495345,11.0,-0.07300491867901382,-0.6166689696555325,-0.9759834113846975,-0.22201124503685465,-2.777647454538455,0.18846153846153846,92699.50813209862
2,-90,-50,10,-50,0,16,0.5625,0.8271531482304502,-0.003288452151531361,0.008402459463554335,6.75,-0.07076304007072654,-0.6047762950446074,-1.0312075043665514,-0.21770273733041468,-2.7779912299711618,0.14615384615384616,92923.69599292734
2,-90,-50,10,-50,50,16,0.5625,0.8271531482304502,-0.003288452151531361,0.008402459463554335,6.75,-0.07076304007072654,-0.6047762950446074,-1.0312075043665514,-0.21770273733041468,-2.7779912299711618,0.14615384615384616,92923.69599292734
2,-90,-50,10,-50,100,16,0.5625,0.8271531482304502,-0.003288452151531361,0.008402459463554335,6.75,-0.07076304007072654,-0.6047762950446074,-1.0312075043665514,-0.21770273733041468,-2.7779912299711618,0.14615384615384616,92923.69599292734
5,-85,-50,3,-80,0,19,0.631578947368421,0.8496306290272857,-0.0027171775982916153,0.0068483475549463435,8.421052631578947,-0.07244260132736702,-0.6137173721345166,-0.9323671980726517,-0.2205276230576031,-2.7829501067728377,0.21153846153846154,92755.7398672633
5,-85,-40,3,-80,0,19,0.631578947368421,0.8496306290272857,-0.0027171775982916153,0.0068483475549463435,8.421052631578947,-0.07244260132736702,-0.6137173721345166,-0.9323671980726517,-0.2205276230576031,-2.7829501067728377,0.21153846153846154,92755.7398672633
5,-85,-30,3,-80,0,19,0.631578947368421,0.8496306290272857,-0.0027171775982916153,0.0068483475549463435,8.421052631578947,-0.07244260132736702,-0.6137173721345166,-0.9323671980726517,-0.2205276230576031,-2.7829501067728377,0.21153846153846154,92755.7398672633
2,-90,-40,5,-100,50,16,0.5625,0.8406701962915024,-0.002814393295229596,0.006900722147715532,6.9375,-0.0631418425652206,-0.5617596235098166,-0.8792662949490987,-0.20179135532296288,-2.783863672508329,0.1576923076923077,93685.81574347794
2,-90,-40,5,-100,100,16,0.5625,0.8406701962915024,-0.002814393295229596,0.006900722147715532,6.9375,-0.0631418425652206,-0.5617596235098166,-0.8792662949490987,-0.20179135532296288,-2.783863672508329,0.1576923076923077,93685.81574347794
2,-90,-40,5,-80,50,16,0.5625,0.8406701962915024,-0.002814393295229596,0.006900722147715532,6.9375,-0.0631418425652206,-0.5617596235098166,-0.8792662949490987,-0.20179135532296288,-2.783863672508329,0.1576923076923077,93685.81574347794
2,-90,-40,5,-80,100,16,0.5625,0.8406701962915024,-0.002814393295229596,0.006900722147715532,6.9375,-0.0631418425652206,-0.5617596235098166,-0.8792662949490987,-0.20179135532296288,-2.783863672508329,0.1576923076923077,93685.81574347794
4,-85,-40,10,-120,0,12,0.5833333333333334,0.8372447514582839,-0.003867852518756709,0.010635199112475568,9.25,-0.06620692414443252,-0.5795533318596849,-0.9169541442691028,-0.20722058429611023,-2.79679421727489,0.1576923076923077,93379.30758555674
4,-85,-40,10,-120,50,12,0.5833333333333334,0.8372447514582839,-0.003867852518756709,0.010635199112475568,9.25,-0.06620692414443252,-0.5795533318596849,-0.9169541442691028,-0.20722058429611023,-2.79679421727489,0.1576923076923077,93379.30758555674
4,-85,-40,10,-120,100,12,0.5833333333333334,0.8372447514582839,-0.003867852518756709,0.010635199112475568,9.25,-0.06620692414443252,-0.5795533318596849,-0.9169541442691028,-0.20722058429611023,-2.79679421727489,0.1576923076923077,93379.30758555674
4,-80,-40,10,-120,0,12,0.5833333333333334,0.8372447514582839,-0.003867852518756709,0.010635199112475568,9.25,-0.06620692414443252,-0.5795533318596849,-0.9169541442691028,-0.20722058429611023,-2.79679421727489,0.1576923076923077,93379.30758555674
4,-80,-40,10,-120,50,12,0.5833333333333334,0.8372447514582839,-0.003867852518756709,0.010635199112475568,9.25,-0.06620692414443252,-0.5795533318596849,-0.9169541442691028,-0.20722058429611023,-2.79679421727489,0.1576923076923077,93379.30758555674
4,-80,-40,10,-120,100,12,0.5833333333333334,0.8372447514582839,-0.003867852518756709,0.010635199112475568,9.25,-0.06620692414443252,-0.5795533318596849,-0.9169541442691028,-0.20722058429611023,-2.79679421727489,0.1576923076923077,93379.30758555674
2,-80,-50,10,-50,0,20,0.6,0.8478263227816154,-0.0028057463028396566,0.007332261601314505,7.65,-0.07794144840262573,-0.641703431203645,-1.0300466906308285,-0.2278305742352673,-2.8165817224381633,0.18461538461538463,92205.85515973743
2,-80,-50,10,-50,50,20,0.6,0.8478263227816154,-0.0028057463028396566,0.007332261601314505,7.65,-0.07794144840262573,-0.641703431203645,-1.0300466906308285,-0.2278305742352673,-2.8165817224381633,0.18461538461538463,92205.85515973743
2,-80,-50,10,-50,100,20,0.6,0.8478263227816154,-0.0028057463028396566,0.007332261601314505,7.65,-0.07794144840262573,-0.641703431203645,-1.0300466906308285,-0.2278305742352673,-2.8165817224381633,0.18461538461538463,92205.85515973743
7,-80,-50,3,-80,50,18,0.5555555555555556,0.8281490099548192,-0.003133779133957885,0.002855378652731,8.777777777777779,-0.076292785917493,-0.6335152408122047,-0.9970390487730197,-0.22452642044205806,-2.8215621108861506,0.20384615384615384,92370.7214082507
3,-90,-40,3,-80,0,18,0.6111111111111112,0.8263300850911826,-0.00313461960801679,0.008910287679647522,6.666666666666667,-0.07536923756169689,-0.628853415472624,-1.109371625102393,-0.22261528127734065,-2.8248438825238593,0.19230769230769232,92463.0762438303
4,-85,-50,7,-120,0,14,0.6428571428571429,0.8392917449023835,-0.0034628605424339037,0.010635199112475568,10.571428571428571,-0.06769738107045631,-0.5879632267779935,-0.8966652930918051,-0.20722058429611045,-2.837378481366581,0.16538461538461538,93230.26189295437
4,-85,-50,7,-120,50,14,0.6428571428571429,0.8392917449023835,-0.0034628605424339037,0.010635199112475568,10.571428571428571,-0.06769738107045631,-0.5879632267779935,-0.8966652930918051,-0.20722058429611045,-2.837378481366581,0.16538461538461538,93230.26189295437
4,-85,-50,7,-120,100,14,0.6428571428571429,0.8392917449023835,-0.0034628605424339037,0.010635199112475568,10.571428571428571,-0.06769738107045631,-0.5879632267779935,-0.8966652930918051,-0.20722058429611045,-2.837378481366581,0.16538461538461538,93230.26189295437
4,-80,-50,7,-120,0,14,0.6428571428571429,0.8392917449023835,-0.0034628605424339037,0.010635199112475568,10.571428571428571,-0.06769738107045631,-0.5879632267779935,-0.8966652930918051,-0.20722058429611045,-2.837378481366581,0.16538461538461538,93230.26189295437
4,-80,-50,7,-120,50,14,0.6428571428571429,0.8392917449023835,-0.0034628605424339037,0.010635199112475568,10.571428571428571,-0.06769738107045631,-0.5879632267779935,-0.8966652930918051,-0.20722058429611045,-2.837378481366581,0.16538461538461538,93230.26189295437
4,-80,-50,7,-120,100,14,0.6428571428571429,0.8392917449023835,-0.0034628605424339037,0.010635199112475568,10.571428571428571,-0.06769738107045631,-0.5879632267779935,-0.8966652930918051,-0.20722058429611045,-2.837378481366581,0.16538461538461538,93230.26189295437
3,-85,-40,7,-120,0,13,0.6153846153846154,0.8387784501219452,-0.0036936409932657624,0.0179026217228464,11.153846153846153,-0.06779889298143282,-0.588530333517342,-0.8989517951080949,-0.20722058429611045,-2.8401152111237855,0.15384615384615385,93220.11070185671
3,-85,-40,7,-120,50,13,0.6153846153846154,0.8387784501219452,-0.0036936409932657624,0.0179026217228464,11.153846153846153,-0.06779889298143282,-0.588530333517342,-0.8989517951080949,-0.20722058429611045,-2.8401152111237855,0.15384615384615385,93220.11070185671
3,-85,-40,7,-120,100,13,0.6153846153846154,0.8387784501219452,-0.0036936409932657624,0.0179026217228464,11.153846153846153,-0.06779889298143282,-0.588530333517342,-0.8989517951080949,-0.20722058429611045,-2.8401152111237855,0.15384615384615385,93220.11070185671
3,-90,-30,5,-120,50,12,0.5833333333333334,0.8019318949571604,-0.00405520916078649,0.008910287679647522,9.083333333333334,-0.06516064627615126,-0.5735555919696758,-0.9663385088142205,-0.201791355322963,-2.8423199351216586,0.15,93483.93537238488
3,-90,-30,5,-120,100,12,0.5833333333333334,0.8019318949571604,-0.00405520916078649,0.008910287679647522,9.083333333333334,-0.06516064627615126,-0.5735555919696758,-0.9663385088142205,-0.201791355322963,-2.8423199351216586,0.15,93483.93537238488
5,-95,-50,3,-80,0,9,0.5555555555555556,0.7037954042039067,-0.007067525615686885,0.0109722278043487,10.666666666666666,-0.07800468570631158,-0.6420141218308435,-1.3872399721399546,-0.22526748756872184,-2.8500079117497403,0.1,92199.53142936884
5,-95,-50,3,-50,0,9,0.5555555555555556,0.7037954042039067,-0.007067525615686885,0.0109722278043487,10.666666666666666,-0.07800468570631158,-0.6420141218308435,-1.3872399721399546,-0.22526748756872184,-2.8500079117497403,0.1,92199.53142936884
5,-95,-40,3,-80,0,9,0.5555555555555556,0.7037954042039067,-0.007067525615686885,0.0109722278043487,10.666666666666666,-0.07800468570631158,-0.6420141218308435,-1.3872399721399546,-0.22526748756872184,-2.8500079117497403,0.1,92199.53142936884
5,-95,-40,3,-50,0,9,0.5555555555555556,0.7037954042039067,-0.007067525615686885,0.0109722278043487,10.666666666666666,-0.07800468570631158,-0.6420141218308435,-1.3872399721399546,-0.22526748756872184,-2.8500079117497403,0.1,92199.53142936884
5,-95,-30,3,-80,0,9,0.5555555555555556,0.7037954042039067,-0.007067525615686885,0.0109722278043487,10.666666666666666,-0.07800468570631158,-0.6420141218308435,-1.3872399721399546,-0.22526748756872184,-2.8500079117497403,0.1,92199.53142936884
5,-95,-30,3,-50,0,9,0.5555555555555556,0.7037954042039067,-0.007067525615686885,0.0109722278043487,10.666666666666666,-0.07800468570631158,-0.6420141218308435,-1.3872399721399546,-0.22526748756872184,-2.8500079117497403,0.1,92199.53142936884
5,-95,-20,3,-80,0,9,0.5555555555555556,0.7037954042039067,-0.007067525615686885,0.0109722278043487,10.666666666666666,-0.07800468570631158,-0.6420141218308435,-1.3872399721399546,-0.22526748756872184,-2.8500079117497403,0.1,92199.53142936884
5,-95,-20,3,-50,0,9,0.5555555555555556,0.7037954042039067,-0.007067525615686885,0.0109722278043487,10.666666666666666,-0.07800468570631158,-0.6420141218308435,-1.3872399721399546,-0.22526748756872184,-2.8500079117497403,0.1,92199.53142936884
5,-95,-40,10,-50,0,8,0.625,0.7246260493262984,-0.0067378723505545635,0.007236228040052972,12.125,-0.06875127768793998,-0.5938160297186841,-1.1729302624960378,-0.20748113480766417,-2.8620242041241672,0.10384615384615385,93124.872231206
5,-95,-40,10,-50,50,8,0.625,0.7246260493262984,-0.0067378723505545635,0.007236228040052972,12.125,-0.06875127768793998,-0.5938160297186841,-1.1729302624960378,-0.20748113480766417,-2.8620242041241672,0.10384615384615385,93124.872231206
5,-95,-40,10,-50,100,8,0.625,0.7246260493262984,-0.0067378723505545635,0.007236228040052972,12.125,-0.06875127768793998,-0.5938160297186841,-1.1729302624960378,-0.20748113480766417,-2.8620242041241672,0.10384615384615385,93124.872231206
5,-95,-30,10,-50,0,8,0.625,0.7246260493262984,-0.0067378723505545635,0.007236228040052972,12.125,-0.06875127768793998,-0.5938160297186841,-1.1729302624960378,-0.20748113480766417,-2.8620242041241672,0.10384615384615385,93124.872231206
5,-95,-30,10,-50,50,8,0.625,0.7246260493262984,-0.0067378723505545635,0.007236228040052972,12.125,-0.06875127768793998,-0.5938160297186841,-1.1729302624960378,-0.20748113480766417,-2.8620242041241672,0.10384615384615385,93124.872231206
5,-95,-30,10,-50,100,8,0.625,0.7246260493262984,-0.0067378723505545635,0.007236228040052972,12.125,-0.06875127768793998,-0.5938160297186841,-1.1729302624960378,-0.20748113480766417,-2.8620242041241672,0.10384615384615385,93124.872231206
5,-95,-20,10,-50,0,8,0.625,0.7246260493262984,-0.0067378723505545635,0.007236228040052972,12.125,-0.06875127768793998,-0.5938160297186841,-1.1729302624960378,-0.20748113480766417,-2.8620242041241672,0.10384615384615385,93124.872231206
5,-95,-20,10,-50,50,8,0.625,0.7246260493262984,-0.0067378723505545635,0.007236228040052972,12.125,-0.06875127768793998,-0.5938160297186841,-1.1729302624960378,-0.20748113480766417,-2.8620242041241672,0.10384615384615385,93124.872231206
5,-95,-20,10,-50,100,8,0.625,0.7246260493262984,-0.0067378723505545635,0.007236228040052972,12.125,-0.06875127768793998,-0.5938160297186841,-1.1729302624960378,-0.20748113480766417,-2.8620242041241672,0.10384615384615385,93124.872231206
3,-85,-20,10,-120,0,11,0.5454545454545454,0.8254353710382071,-0.004525636975198658,0.0179026217228464,9.818181818181818,-0.06934117506652027,-0.5970585003033257,-0.981708760776023,-0.20722058429611034,-2.8812702286861223,0.14615384615384616,93065.88249334798
3,-85,-20,10,-120,50,11,0.5454545454545454,0.8254353710382071,-0.004525636975198658,0.0179026217228464,9.818181818181818,-0.06934117506652027,-0.5970585003033257,-0.981708760776023,-0.20722058429611034,-2.8812702286861223,0.14615384615384616,93065.88249334798
3,-85,-20,10,-120,100,11,0.5454545454545454,0.8254353710382071,-0.004525636975198658,0.0179026217228464,9.818181818181818,-0.06934117506652027,-0.5970585003033257,-0.981708760776023,-0.20722058429611034,-2.8812702286861223,0.14615384615384616,93065.88249334798
3,-90,-30,10,-80,0,12,0.5,0.7875791156577845,-0.004449152314393079,0.0069936563773486116,9.416666666666666,-0.0696685934148259,-0.5988479065050808,-1.0543076125910735,-0.20722058429611034,-2.8899055011318273,0.16538461538461538,93033.14065851741
3,-90,-30,10,-80,50,12,0.5,0.7875791156577845,-0.004449152314393079,0.0069936563773486116,9.416666666666666,-0.0696685934148259,-0.5988479065050808,-1.0543076125910735,-0.20722058429611034,-2.8899055011318273,0.16538461538461538,93033.14065851741
3,-90,-30,10,-80,100,12,0.5,0.7875791156577845,-0.004449152314393079,0.0069936563773486116,9.416666666666666,-0.0696685934148259,-0.5988479065050808,-1.0543076125910735,-0.20722058429611034,-2.8899055011318273,0.16538461538461538,93033.14065851741
2,-80,-30,7,-100,0,14,0.5714285714285714,0.8142756473494939,-0.004199683718753836,0.01404139814968186,10.642857142857142,-0.07862503000107657,-0.6450488020463241,-1.0985604851547375,-0.22201124503685465,-2.9054780623352827,0.16923076923076924,92137.49699989235
2,-85,-30,10,-100,0,13,0.5384615384615384,0.8292112129144763,-0.003922826329653795,0.0179026217228464,11.153846153846153,-0.07057015368258746,-0.6037373625155695,-0.9522814245654794,-0.20722058429611045,-2.9135009177121685,0.15384615384615385,92942.98463174126
2,-85,-30,10,-100,50,13,0.5384615384615384,0.8292112129144763,-0.003922826329653795,0.0179026217228464,11.153846153846153,-0.07057015368258746,-0.6037373625155695,-0.9522814245654794,-0.20722058429611045,-2.9135009177121685,0.15384615384615385,92942.98463174126
2,-85,-30,10,-100,100,13,0.5384615384615384,0.8292112129144763,-0.003922826329653795,0.0179026217228464,11.153846153846153,-0.07057015368258746,-0.6037373625155695,-0.9522814245654794,-0.20722058429611045,-2.9135009177121685,0.15384615384615385,92942.98463174126
2,-80,-30,10,-100,0,13,0.5384615384615384,0.8292112129144763,-0.003922826329653795,0.0179026217228464,11.153846153846153,-0.07057015368258746,-0.6037373625155695,-0.9522814245654794,-0.20722058429611045,-2.9135009177121685,0.15384615384615385,92942.98463174126
2,-80,-30,10,-100,50,13,0.5384615384615384,0.8292112129144763,-0.003922826329653795,0.0179026217228464,11.153846153846153,-0.07057015368258746,-0.6037373625155695,-0.9522814245654794,-0.20722058429611045,-2.9135009177121685,0.15384615384615385,92942.98463174126
2,-80,-30,10,-100,100,13,0.5384615384615384,0.8292112129144763,-0.003922826329653795,0.0179026217228464,11.153846153846153,-0.07057015368258746,-0.6037373625155695,-0.9522814245654794,-0.20722058429611045,-2.9135009177121685,0.15384615384615385,92942.98463174126
5,-90,-50,3,-80,0,16,0.5625,0.8019991035819284,-0.003537521661029268,0.004533418868804429,7.1875,-0.07381414144056175,-0.6208801310530839,-1.0997906754156777,-0.2121565925959632,-2.9265182074049663,0.17307692307692307,92618.58585594382
5,-90,-40,3,-80,0,16,0.5625,0.8019991035819284,-0.003537521661029268,0.004533418868804429,7.1875,-0.07381414144056175,-0.6208801310530839,-1.0997906754156777,-0.2121565925959632,-2.9265182074049663,0.17307692307692307,92618.58585594382
5,-90,-30,3,-80,0,16,0.5625,0.8019991035819284,-0.003537521661029268,0.004533418868804429,7.1875,-0.07381414144056175,-0.6208801310530839,-1.0997906754156777,-0.2121565925959632,-2.9265182074049663,0.17307692307692307,92618.58585594382
5,-90,-20,3,-80,0,16,0.5625,0.8019991035819284,-0.003537521661029268,0.004533418868804429,7.1875,-0.07381414144056175,-0.6208801310530839,-1.0997906754156777,-0.2121565925959632,-2.9265182074049663,0.17307692307692307,92618.58585594382
4,-95,-50,3,-80,0,9,0.5555555555555556,0.6751852010411337,-0.008078577925557464,0.0109722278043487,10.88888888888889,-0.08641547490817325,-0.6811954325309673,-1.5780128425015691,-0.23233488991759366,-2.9319549585194844,0.1076923076923077,91358.45250918268
4,-95,-50,3,-50,0,9,0.5555555555555556,0.6751852010411337,-0.008078577925557464,0.0109722278043487,10.88888888888889,-0.08641547490817325,-0.6811954325309673,-1.5780128425015691,-0.23233488991759366,-2.9319549585194844,0.1076923076923077,91358.45250918268
4,-95,-40,3,-80,0,9,0.5555555555555556,0.6751852010411337,-0.008078577925557464,0.0109722278043487,10.88888888888889,-0.08641547490817325,-0.6811954325309673,-1.5780128425015691,-0.23233488991759366,-2.9319549585194844,0.1076923076923077,91358.45250918268
4,-95,-40,3,-50,0,9,0.5555555555555556,0.6751852010411337,-0.008078577925557464,0.0109722278043487,10.88888888888889,-0.08641547490817325,-0.6811954325309673,-1.5780128425015691,-0.23233488991759366,-2.9319549585194844,0.1076923076923077,91358.45250918268
4,-95,-30,3,-80,0,9,0.5555555555555556,0.6751852010411337,-0.008078577925557464,0.0109722278043487,10.88888888888889,-0.08641547490817325,-0.6811954325309673,-1.5780128425015691,-0.23233488991759366,-2.9319549585194844,0.1076923076923077,91358.45250918268
4,-95,-30,3,-50,0,9,0.5555555555555556,0.6751852010411337,-0.008078577925557464,0.0109722278043487,10.88888888888889,-0.08641547490817325,-0.6811954325309673,-1.5780128425015691,-0.23233488991759366,-2.9319549585194844,0.1076923076923077,91358.45250918268
4,-95,-20,3,-80,0,9,0.5555555555555556,0.6751852010411337,-0.008078577925557464,0.0109722278043487,10.88888888888889,-0.08641547490817325,-0.6811954325309673,-1.5780128425015691,-0.23233488991759366,-2.9319549585194844,0.1076923076923077,91358.45250918268
4,-95,-20,3,-50,0,9,0.5555555555555556,0.6751852010411337,-0.008078577925557464,0.0109722278043487,10.88888888888889,-0.08641547490817325,-0.6811954325309673,-1.5780128425015691,-0.23233488991759366,-2.9319549585194844,0.1076923076923077,91358.45250918268
2,-85,-30,10,-80,0,14,0.5714285714285714,0.8297077984153548,-0.0037429108438441733,0.012807024092495345,10.642857142857142,-0.07194691575567314,-0.6110981821766515,-0.9694522162338847,-0.20722058429611057,-2.9490225802250163,0.16923076923076924,92805.30842443269
2,-85,-30,10,-80,50,14,0.5714285714285714,0.8297077984153548,-0.0037429108438441733,0.012807024092495345,10.642857142857142,-0.07194691575567314,-0.6110981821766515,-0.9694522162338847,-0.20722058429611057,-2.9490225802250163,0.16923076923076924,92805.30842443269
2,-85,-30,10,-80,100,14,0.5714285714285714,0.8297077984153548,-0.0037429108438441733,0.012807024092495345,10.642857142857142,-0.07194691575567314,-0.6110981821766515,-0.9694522162338847,-0.20722058429611057,-2.9490225802250163,0.16923076923076924,92805.30842443269
7,-80,-40,3,-80,0,18,0.5555555555555556,0.8050049515227754,-0.0035558213192858406,0.002855378652731,8.777777777777779,-0.08292628202366903,-0.6654473038249977,-1.1278908242256749,-0.22452642044205784,-2.963781734527432,0.20384615384615384,91707.3717976331
7,-80,-30,3,-80,0,18,0.5555555555555556,0.8050049515227754,-0.0035558213192858406,0.002855378652731,8.777777777777779,-0.08292628202366903,-0.6654473038249977,-1.1278908242256749,-0.22452642044205784,-2.963781734527432,0.20384615384615384,91707.3717976331
10,-80,-50,3,-80,0,18,0.6111111111111112,0.8116401488026496,-0.003408549001750293,0.0042887599448876434,8.666666666666666,-0.0804211645314401,-0.6537022741863523,-1.084255833859923,-0.2199560824683907,-2.97196725296421,0.19615384615384615,91957.88354685598
10,-80,-40,3,-80,0,18,0.6111111111111112,0.8116401488026496,-0.003408549001750293,0.0042887599448876434,8.666666666666666,-0.0804211645314401,-0.6537022741863523,-1.084255833859923,-0.2199560824683907,-2.97196725296421,0.19615384615384615,91957.88354685598
10,-80,-30,3,-80,0,18,0.6111111111111112,0.8116401488026496,-0.003408549001750293,0.0042887599448876434,8.666666666666666,-0.0804211645314401,-0.6537022741863523,-1.084255833859923,-0.2199560824683907,-2.97196725296421,0.19615384615384615,91957.88354685598
3,-95,-30,3,-80,100,8,0.5,0.6869032621653167,-0.007882160823771064,0.003528459418099761,12.375,-0.07724647996981904,-0.6382725887941278,-1.3633928300121572,-0.21471079097868007,-2.9727084786227898,0.11153846153846154,92275.3520030181
3,-95,-30,3,-50,100,8,0.5,0.6869032621653167,-0.007882160823771064,0.003528459418099761,12.375,-0.07724647996981904,-0.6382725887941278,-1.3633928300121572,-0.21471079097868007,-2.9727084786227898,0.11153846153846154,92275.3520030181
3,-95,-30,5,-100,50,8,0.5,0.6869032621653167,-0.007882160823771064,0.003528459418099761,12.375,-0.07724647996981904,-0.6382725887941278,-1.3633928300121572,-0.21471079097868007,-2.9727084786227898,0.11153846153846154,92275.3520030181
3,-95,-30,5,-100,100,8,0.5,0.6869032621653167,-0.007882160823771064,0.003528459418099761,12.375,-0.07724647996981904,-0.6382725887941278,-1.3633928300121572,-0.21471079097868007,-2.9727084786227898,0.11153846153846154,92275.3520030181
3,-95,-30,5,-80,50,8,0.5,0.6869032621653167,-0.007882160823771064,0.003528459418099761,12.375,-0.07724647996981904,-0.6382725887941278,-1.3633928300121572,-0.21471079097868007,-2.9727084786227898,0.11153846153846154,92275.3520030181
3,-95,-30,5,-80,100,8,0.5,0.6869032621653167,-0.007882160823771064,0.003528459418099761,12.375,-0.07724647996981904,-0.6382725887941278,-1.3633928300121572,-0.21471079097868007,-2.9727084786227898,0.11153846153846154,92275.3520030181
3,-95,-30,5,-50,50,8,0.5,0.6869032621653167,-0.007882160823771064,0.003528459418099761,12.375,-0.07724647996981904,-0.6382725887941278,-1.3633928300121572,-0.21471079097868007,-2.9727084786227898,0.11153846153846154,92275.3520030181
3,-95,-30,5,-50,100,8,0.5,0.6869032621653167,-0.007882160823771064,0.003528459418099761,12.375,-0.07724647996981904,-0.6382725887941278,-1.3633928300121572,-0.21471079097868007,-2.9727084786227898,0.11153846153846154,92275.3520030181
3,-95,-30,7,-50,0,8,0.5,0.6869032621653167,-0.007882160823771064,0.003528459418099761,12.375,-0.07724647996981904,-0.6382725887941278,-1.3633928300121572,-0.21471079097868007,-2.9727084786227898,0.11153846153846154,92275.3520030181
3,-95,-30,7,-50,50,8,0.5,0.6869032621653167,-0.007882160823771064,0.003528459418099761,12.375,-0.07724647996981904,-0.6382725887941278,-1.3633928300121572,-0.21471079097868007,-2.9727084786227898,0.11153846153846154,92275.3520030181
3,-95,-30,7,-50,100,8,0.5,0.6869032621653167,-0.007882160823771064,0.003528459418099761,12.375,-0.07724647996981904,-0.6382725887941278,-1.3633928300121572,-0.21471079097868007,-2.9727084786227898,0.11153846153846154,92275.3520030181
3,-95,-30,10,-50,0,8,0.5,0.6869032621653167,-0.007882160823771064,0.003528459418099761,12.375,-0.07724647996981904,-0.6382725887941278,-1.3633928300121572,-0.21471079097868007,-2.9727084786227898,0.11153846153846154,92275.3520030181
3,-95,-30,10,-50,50,8,0.5,0.6869032621653167,-0.007882160823771064,0.003528459418099761,12.375,-0.07724647996981904,-0.6382725887941278,-1.3633928300121572,-0.21471079097868007,-2.9727084786227898,0.11153846153846154,92275.3520030181
3,-95,-30,10,-50,100,8,0.5,0.6869032621653167,-0.007882160823771064,0.003528459418099761,12.375,-0.07724647996981904,-0.6382725887941278,-1.3633928300121572,-0.21471079097868007,-2.9727084786227898,0.11153846153846154,92275.3520030181
3,-95,-20,3,-80,100,8,0.5,0.6869032621653167,-0.007882160823771064,0.003528459418099761,12.375,-0.07724647996981904,-0.6382725887941278,-1.3633928300121572,-0.21471079097868007,-2.9727084786227898,0.11153846153846154,92275.3520030181
3,-95,-20,3,-50,100,8,0.5,0.6869032621653167,-0.007882160823771064,0.003528459418099761,12.375,-0.07724647996981904,-0.6382725887941278,-1.3633928300121572,-0.21471079097868007,-2.9727084786227898,0.11153846153846154,92275.3520030181
3,-95,-20,5,-100,50,8,0.5,0.6869032621653167,-0.007882160823771064,0.003528459418099761,12.375,-0.07724647996981904,-0.6382725887941278,-1.3633928300121572,-0.21471079097868007,-2.9727084786227898,0.11153846153846154,92275.3520030181
3,-95,-20,5,-100,100,8,0.5,0.6869032621653167,-0.007882160823771064,0.003528459418099761,12.375,-0.07724647996981904,-0.6382725887941278,-1.3633928300121572,-0.21471079097868007,-2.9727084786227898,0.11153846153846154,92275.3520030181
3,-95,-20,5,-80,50,8,0.5,0.6869032621653167,-0.007882160823771064,0.003528459418099761,12.375,-0.07724647996981904,-0.6382725887941278,-1.3633928300121572,-0.21471079097868007,-2.9727084786227898,0.11153846153846154,92275.3520030181
3,-95,-20,5,-80,100,8,0.5,0.6869032621653167,-0.007882160823771064,0.003528459418099761,12.375,-0.07724647996981904,-0.6382725887941278,-1.3633928300121572,-0.21471079097868007,-2.9727084786227898,0.11153846153846154,92275.3520030181
3,-95,-20,5,-50,50,8,0.5,0.6869032621653167,-0.007882160823771064,0.003528459418099761,12.375,-0.07724647996981904,-0.6382725887941278,-1.3633928300121572,-0.21471079097868007,-2.9727084786227898,0.11153846153846154,92275.3520030181
3,-95,-20,5,-50,100,8,0.5,0.6869032621653167,-0.007882160823771064,0.003528459418099761,12.375,-0.07724647996981904,-0.6382725887941278,-1.3633928300121572,-0.21471079097868007,-2.9727084786227898,0.11153846153846154,92275.3520030181
3,-95,-20,7,-50,0,8,0.5,0.6869032621653167,-0.007882160823771064,0.003528459418099761,12.375,-0.07724647996981904,-0.6382725887941278,-1.3633928300121572,-0.21471079097868007,-2.9727084786227898,0.11153846153846154,92275.3520030181
3,-95,-20,7,-50,50,8,0.5,0.6869032621653167,-0.007882160823771064,0.003528459418099761,12.375,-0.07724647996981904,-0.6382725887941278,-1.3633928300121572,-0.21471079097868007,-2.9727084786227898,0.11153846153846154,92275.3520030181
3,-95,-20,7,-50,100,8,0.5,0.6869032621653167,-0.007882160823771064,0.003528459418099761,12.375,-0.07724647996981904,-0.6382725887941278,-1.3633928300121572,-0.21471079097868007,-2.9727084786227898,0.11153846153846154,92275.3520030181
3,-95,-20,10,-50,0,8,0.5,0.6869032621653167,-0.007882160823771064,0.003528459418099761,12.375,-0.07724647996981904,-0.6382725887941278,-1.3633928300121572,-0.21471079097868007,-2.9727084786227898,0.11153846153846154,92275.3520030181
3,-95,-20,10,-50,50,8,0.5,0.6869032621653167,-0.007882160823771064,0.003528459418099761,12.375,-0.07724647996981904,-0.6382725887941278,-1.3633928300121572,-0.21471079097868007,-2.9727084786227898,0.11153846153846154,92275.3520030181
3,-95,-20,10,-50,100,8,0.5,0.6869032621653167,-0.007882160823771064,0.003528459418099761,12.375,-0.07724647996981904,-0.6382725887941278,-1.3633928300121572,-0.21471079097868007,-2.9727084786227898,0.11153846153846154,92275.3520030181
4,-95,-30,10,-50,0,8,0.5,0.6869032621653167,-0.007882160823771064,0.003528459418099761,12.375,-0.07724647996981904,-0.6382725887941278,-1.3633928300121572,-0.21471079097868007,-2.9727084786227898,0.11153846153846154,92275.3520030181
4,-95,-30,10,-50,50,8,0.5,0.6869032621653167,-0.007882160823771064,0.003528459418099761,12.375,-0.07724647996981904,-0.6382725887941278,-1.3633928300121572,-0.21471079097868007,-2.9727084786227898,0.11153846153846154,92275.3520030181
4,-95,-30,10,-50,100,8,0.5,0.6869032621653167,-0.007882160823771064,0.003528459418099761,12.375,-0.07724647996981904,-0.6382725887941278,-1.3633928300121572,-0.21471079097868007,-2.9727084786227898,0.11153846153846154,92275.3520030181
4,-95,-20,10,-50,0,8,0.5,0.6869032621653167,-0.007882160823771064,0.003528459418099761,12.375,-0.07724647996981904,-0.6382725887941278,-1.3633928300121572,-0.21471079097868007,-2.9727084786227898,0.11153846153846154,92275.3520030181
4,-95,-20,10,-50,50,8,0.5,0.6869032621653167,-0.007882160823771064,0.003528459418099761,12.375,-0.07724647996981904,-0.6382725887941278,-1.3633928300121572,-0.21471079097868007,-2.9727084786227898,0.11153846153846154,92275.3520030181
4,-95,-20,10,-50,100,8,0.5,0.6869032621653167,-0.007882160823771064,0.003528459418099761,12.375,-0.07724647996981904,-0.6382725887941278,-1.3633928300121572,-0.21471079097868007,-2.9727084786227898,0.11153846153846154,92275.3520030181
3,-90,-50,3,-80,0,18,0.6111111111111112,0.7901447846382847,-0.0037877387874738983,0.006439066621643064,6.555555555555555,-0.08607379575675078,-0.6796840143121671,-1.3288839883520691,-0.22854824000348362,-2.9739192666800105,0.18461538461538463,91392.62042432492
2,-90,-20,5,-120,0,11,0.5454545454545454,0.7930366973482335,-0.0054003218744321894,0.0109722278043487,9.909090909090908,-0.07942854634048102,-0.6489443306116658,-1.2308181351170568,-0.2181744374038892,-2.974428802629733,0.15,92057.1453659519
2,-95,-30,3,-80,50,8,0.5,0.6727982106531047,-0.00840994528262988,0.003528459418099761,12.0,-0.08116475394022316,-0.657227554627613,-1.4565181159098277,-0.21804535237579825,-3.0141782315767505,0.1,91883.52460597768
2,-95,-30,3,-80,100,8,0.5,0.6727982106531047,-0.00840994528262988,0.003528459418099761,12.0,-0.08116475394022316,-0.657227554627613,-1.4565181159098277,-0.21804535237579825,-3.0141782315767505,0.1,91883.52460597768
2,-95,-30,3,-50,50,8,0.5,0.6727982106531047,-0.00840994528262988,0.003528459418099761,12.0,-0.08116475394022316,-0.657227554627613,-1.4565181159098277,-0.21804535237579825,-3.0141782315767505,0.1,91883.52460597768
2,-95,-30,3,-50,100,8,0.5,0.6727982106531047,-0.00840994528262988,0.003528459418099761,12.0,-0.08116475394022316,-0.657227554627613,-1.4565181159098277,-0.21804535237579825,-3.0141782315767505,0.1,91883.52460597768
2,-95,-30,5,-100,50,8,0.5,0.6727982106531047,-0.00840994528262988,0.003528459418099761,12.0,-0.08116475394022316,-0.657227554627613,-1.4565181159098277,-0.21804535237579825,-3.0141782315767505,0.1,91883.52460597768
2,-95,-30,5,-100,100,8,0.5,0.6727982106531047,-0.00840994528262988,0.003528459418099761,12.0,-0.08116475394022316,-0.657227554627613,-1.4565181159098277,-0.21804535237579825,-3.0141782315767505,0.1,91883.52460597768
2,-95,-30,5,-80,50,8,0.5,0.6727982106531047,-0.00840994528262988,0.003528459418099761,12.0,-0.08116475394022316,-0.657227554627613,-1.4565181159098277,-0.21804535237579825,-3.0141782315767505,0.1,91883.52460597768
2,-95,-30,5,-80,100,8,0.5,0.6727982106531047,-0.00840994528262988,0.003528459418099761,12.0,-0.08116475394022316,-0.657227554627613,-1.4565181159098277,-0.21804535237579825,-3.0141782315767505,0.1,91883.52460597768
2,-95,-30,5,-50,50,8,0.5,0.6727982106531047,-0.00840994528262988,0.003528459418099761,12.0,-0.08116475394022316,-0.657227554627613,-1.4565181159098277,-0.21804535237579825,-3.0141782315767505,0.1,91883.52460597768
2,-95,-30,5,-50,100,8,0.5,0.6727982106531047,-0.00840994528262988,0.003528459418099761,12.0,-0.08116475394022316,-0.657227554627613,-1.4565181159098277,-0.21804535237579825,-3.0141782315767505,0.1,91883.52460597768
2,-95,-20,3,-80,50,8,0.5,0.6727982106531047,-0.00840994528262988,0.003528459418099761,12.0,-0.08116475394022316,-0.657227554627613,-1.4565181159098277,-0.21804535237579825,-3.0141782315767505,0.1,91883.52460597768
2,-95,-20,3,-80,100,8,0.5,0.6727982106531047,-0.00840994528262988,0.003528459418099761,12.0,-0.08116475394022316,-0.657227554627613,-1.4565181159098277,-0.21804535237579825,-3.0141782315767505,0.1,91883.52460597768
2,-95,-20,3,-50,50,8,0.5,0.6727982106531047,-0.00840994528262988,0.003528459418099761,12.0,-0.08116475394022316,-0.657227554627613,-1.4565181159098277,-0.21804535237579825,-3.0141782315767505,0.1,91883.52460597768
2,-95,-20,3,-50,100,8,0.5,0.6727982106531047,-0.00840994528262988,0.003528459418099761,12.0,-0.08116475394022316,-0.657227554627613,-1.4565181159098277,-0.21804535237579825,-3.0141782315767505,0.1,91883.52460597768
2,-95,-20,5,-100,50,8,0.5,0.6727982106531047,-0.00840994528262988,0.003528459418099761,12.0,-0.08116475394022316,-0.657227554627613,-1.4565181159098277,-0.21804535237579825,-3.0141782315767505,0.1,91883.52460597768
2,-95,-20,5,-100,100,8,0.5,0.6727982106531047,-0.00840994528262988,0.003528459418099761,12.0,-0.08116475394022316,-0.657227554627613,-1.4565181159098277,-0.21804535237579825,-3.0141782315767505,0.1,91883.52460597768
2,-95,-20,5,-80,50,8,0.5,0.6727982106531047,-0.00840994528262988,0.003528459418099761,12.0,-0.08116475394022316,-0.657227554627613,-1.4565181159098277,-0.21804535237579825,-3.0141782315767505,0.1,91883.52460597768
2,-95,-20,5,-80,100,8,0.5,0.6727982106531047,-0.00840994528262988,0.003528459418099761,12.0,-0.08116475394022316,-0.657227554627613,-1.4565181159098277,-0.21804535237579825,-3.0141782315767505,0.1,91883.52460597768
2,-95,-20,5,-50,50,8,0.5,0.6727982106531047,-0.00840994528262988,0.003528459418099761,12.0,-0.08116475394022316,-0.657227554627613,-1.4565181159098277,-0.21804535237579825,-3.0141782315767505,0.1,91883.52460597768
2,-95,-20,5,-50,100,8,0.5,0.6727982106531047,-0.00840994528262988,0.003528459418099761,12.0,-0.08116475394022316,-0.657227554627613,-1.4565181159098277,-0.21804535237579825,-3.0141782315767505,0.1,91883.52460597768
3,-90,-40,7,-120,0,12,0.5833333333333334,0.7732417298600028,-0.004891728125051453,0.010060555952754457,8.916666666666666,-0.07481836274860909,-0.6260468075221005,-1.1719706715467928,-0.20722058429611045,-3.021161288820145,0.1423076923076923,92518.1637251391
3,-90,-40,7,-120,50,12,0.5833333333333334,0.7732417298600028,-0.004891728125051453,0.010060555952754457,8.916666666666666,-0.07481836274860909,-0.6260468075221005,-1.1719706715467928,-0.20722058429611045,-3.021161288820145,0.1423076923076923,92518.1637251391
3,-90,-40,7,-120,100,12,0.5833333333333334,0.7732417298600028,-0.004891728125051453,0.010060555952754457,8.916666666666666,-0.07481836274860909,-0.6260468075221005,-1.1719706715467928,-0.20722058429611045,-3.021161288820145,0.1423076923076923,92518.1637251391
3,-95,-40,3,-80,50,8,0.5,0.6671714767455496,-0.008626713899661173,0.003528459418099761,12.25,-0.08277404503521046,-0.6647441593892096,-1.4907031926249728,-0.219414904378186,-3.0296217172350746,0.1076923076923077,91722.59549647896
3,-95,-40,3,-80,100,8,0.5,0.6671714767455496,-0.008626713899661173,0.003528459418099761,12.25,-0.08277404503521046,-0.6647441593892096,-1.4907031926249728,-0.219414904378186,-3.0296217172350746,0.1076923076923077,91722.59549647896
3,-95,-40,3,-50,50,8,0.5,0.6671714767455496,-0.008626713899661173,0.003528459418099761,12.25,-0.08277404503521046,-0.6647441593892096,-1.4907031926249728,-0.219414904378186,-3.0296217172350746,0.1076923076923077,91722.59549647896
3,-95,-40,3,-50,100,8,0.5,0.6671714767455496,-0.008626713899661173,0.003528459418099761,12.25,-0.08277404503521046,-0.6647441593892096,-1.4907031926249728,-0.219414904378186,-3.0296217172350746,0.1076923076923077,91722.59549647896
3,-95,-40,5,-100,50,8,0.5,0.6671714767455496,-0.008626713899661173,0.003528459418099761,12.25,-0.08277404503521046,-0.6647441593892096,-1.4907031926249728,-0.219414904378186,-3.0296217172350746,0.1076923076923077,91722.59549647896
3,-95,-40,5,-100,100,8,0.5,0.6671714767455496,-0.008626713899661173,0.003528459418099761,12.25,-0.08277404503521046,-0.6647441593892096,-1.4907031926249728,-0.219414904378186,-3.0296217172350746,0.1076923076923077,91722.59549647896
3,-95,-40,5,-80,50,8,0.5,0.6671714767455496,-0.008626713899661173,0.003528459418099761,12.25,-0.08277404503521046,-0.6647441593892096,-1.4907031926249728,-0.219414904378186,-3.0296217172350746,0.1076923076923077,91722.59549647896
3,-95,-40,5,-80,100,8,0.5,0.6671714767455496,-0.008626713899661173,0.003528459418099761,12.25,-0.08277404503521046,-0.6647441593892096,-1.4907031926249728,-0.219414904378186,-3.0296217172350746,0.1076923076923077,91722.59549647896
3,-95,-40,5,-50,50,8,0.5,0.6671714767455496,-0.008626713899661173,0.003528459418099761,12.25,-0.08277404503521046,-0.6647441593892096,-1.4907031926249728,-0.219414904378186,-3.0296217172350746,0.1076923076923077,91722.59549647896
3,-95,-40,5,-50,100,8,0.5,0.6671714767455496,-0.008626713899661173,0.003528459418099761,12.25,-0.08277404503521046,-0.6647441593892096,-1.4907031926249728,-0.219414904378186,-3.0296217172350746,0.1076923076923077,91722.59549647896
3,-95,-40,7,-50,0,8,0.5,0.6671714767455496,-0.008626713899661173,0.003528459418099761,12.25,-0.08277404503521046,-0.6647441593892096,-1.4907031926249728,-0.219414904378186,-3.0296217172350746,0.1076923076923077,91722.59549647896
3,-95,-40,7,-50,50,8,0.5,0.6671714767455496,-0.008626713899661173,0.003528459418099761,12.25,-0.08277404503521046,-0.6647441593892096,-1.4907031926249728,-0.219414904378186,-3.0296217172350746,0.1076923076923077,91722.59549647896
3,-95,-40,7,-50,100,8,0.5,0.6671714767455496,-0.008626713899661173,0.003528459418099761,12.25,-0.08277404503521046,-0.6647441593892096,-1.4907031926249728,-0.219414904378186,-3.0296217172350746,0.1076923076923077,91722.59549647896
3,-95,-40,10,-50,0,8,0.5,0.6671714767455496,-0.008626713899661173,0.003528459418099761,12.25,-0.08277404503521046,-0.6647441593892096,-1.4907031926249728,-0.219414904378186,-3.0296217172350746,0.1076923076923077,91722.59549647896
3,-95,-40,10,-50,50,8,0.5,0.6671714767455496,-0.008626713899661173,0.003528459418099761,12.25,-0.08277404503521046,-0.6647441593892096,-1.4907031926249728,-0.219414904378186,-3.0296217172350746,0.1076923076923077,91722.59549647896
3,-95,-40,10,-50,100,8,0.5,0.6671714767455496,-0.008626713899661173,0.003528459418099761,12.25,-0.08277404503521046,-0.6647441593892096,-1.4907031926249728,-0.219414904378186,-3.0296217172350746,0.1076923076923077,91722.59549647896
3,-95,-30,3,-80,50,8,0.5,0.6671714767455496,-0.008626713899661173,0.003528459418099761,12.25,-0.08277404503521046,-0.6647441593892096,-1.4907031926249728,-0.219414904378186,-3.0296217172350746,0.1076923076923077,91722.59549647896
3,-95,-30,3,-50,50,8,0.5,0.6671714767455496,-0.008626713899661173,0.003528459418099761,12.25,-0.08277404503521046,-0.6647441593892096,-1.4907031926249728,-0.219414904378186,-3.0296217172350746,0.1076923076923077,91722.59549647896
3,-95,-20,3,-80,50,8,0.5,0.6671714767455496,-0.008626713899661173,0.003528459418099761,12.25,-0.08277404503521046,-0.6647441593892096,-1.4907031926249728,-0.219414904378186,-3.0296217172350746,0.1076923076923077,91722.59549647896
3,-95,-20,3,-50,50,8,0.5,0.6671714767455496,-0.008626713899661173,0.003528459418099761,12.25,-0.08277404503521046,-0.6647441593892096,-1.4907031926249728,-0.219414904378186,-3.0296217172350746,0.1076923076923077,91722.59549647896
4,-95,-40,10,-50,0,8,0.5,0.6671714767455496,-0.008626713899661173,0.003528459418099761,12.25,-0.08277404503521046,-0.6647441593892096,-1.4907031926249728,-0.219414904378186,-3.0296217172350746,0.1076923076923077,91722.59549647896
4,-95,-40,10,-50,50,8,0.5,0.6671714767455496,-0.008626713899661173,0.003528459418099761,12.25,-0.08277404503521046,-0.6647441593892096,-1.4907031926249728,-0.219414904378186,-3.0296217172350746,0.1076923076923077,91722.59549647896
4,-95,-40,10,-50,100,8,0.5,0.6671714767455496,-0.008626713899661173,0.003528459418099761,12.25,-0.08277404503521046,-0.6647441593892096,-1.4907031926249728,-0.219414904378186,-3.0296217172350746,0.1076923076923077,91722.59549647896
2,-95,-50,7,-50,0,9,0.5555555555555556,0.6491176406276409,-0.008659303831973109,0.006953096740484721,10.666666666666666,-0.09109840806068836,-0.701259303618421,-1.6911717271536988,-0.23098800628559302,-3.035912188234508,0.1,90890.15919393116
2,-95,-50,7,-50,50,9,0.5555555555555556,0.6491176406276409,-0.008659303831973109,0.006953096740484721,10.666666666666666,-0.09109840806068836,-0.701259303618421,-1.6911717271536988,-0.23098800628559302,-3.035912188234508,0.1,90890.15919393116
2,-95,-50,7,-50,100,9,0.5555555555555556,0.6491176406276409,-0.008659303831973109,0.006953096740484721,10.666666666666666,-0.09109840806068836,-0.701259303618421,-1.6911717271536988,-0.23098800628559302,-3.035912188234508,0.1,90890.15919393116
2,-90,-40,5,-100,0,16,0.5625,0.7943326832289563,-0.003844822254572028,0.006900722147715532,6.875,-0.07864840797932349,-0.6451627008431228,-1.201610690913868,-0.21220657333593496,-3.040257852059059,0.15384615384615385,92135.15920206765
2,-90,-40,5,-80,0,16,0.5625,0.7943326832289563,-0.003844822254572028,0.006900722147715532,6.875,-0.07864840797932349,-0.6451627008431228,-1.201610690913868,-0.21220657333593496,-3.040257852059059,0.15384615384615385,92135.15920206765
5,-95,-50,10,-50,0,8,0.625,0.6683346427454351,-0.008798730269239427,0.007236228040052972,12.0,-0.08416499759285234,-0.6711183389131027,-1.5334178201797446,-0.22059864414191055,-3.0422595819826252,0.1,91583.50024071477
5,-95,-50,10,-50,50,8,0.625,0.6683346427454351,-0.008798730269239427,0.007236228040052972,12.0,-0.08416499759285234,-0.6711183389131027,-1.5334178201797446,-0.22059864414191055,-3.0422595819826252,0.1,91583.50024071477
5,-95,-50,10,-50,100,8,0.625,0.6683346427454351,-0.008798730269239427,0.007236228040052972,12.0,-0.08416499759285234,-0.6711183389131027,-1.5334178201797446,-0.22059864414191055,-3.0422595819826252,0.1,91583.50024071477
5,-85,-50,10,-120,0,12,0.5833333333333334,0.8115312895472873,-0.004737866995481686,0.013658543926865163,9.25,-0.07612849522214515,-0.6326899089279898,-1.1215938411105921,-0.20722058429611057,-3.053219404226268,0.1576923076923077,92387.15047778549
5,-85,-50,10,-120,50,12,0.5833333333333334,0.8115312895472873,-0.004737866995481686,0.013658543926865163,9.25,-0.07612849522214515,-0.6326899089279898,-1.1215938411105921,-0.20722058429611057,-3.053219404226268,0.1576923076923077,92387.15047778549
5,-85,-50,10,-120,100,12,0.5833333333333334,0.8115312895472873,-0.004737866995481686,0.013658543926865163,9.25,-0.07612849522214515,-0.6326899089279898,-1.1215938411105921,-0.20722058429611057,-3.053219404226268,0.1576923076923077,92387.15047778549
5,-80,-50,10,-120,0,12,0.5833333333333334,0.8115312895472873,-0.004737866995481686,0.013658543926865163,9.25,-0.07612849522214515,-0.6326899089279898,-1.1215938411105921,-0.20722058429611057,-3.053219404226268,0.1576923076923077,92387.15047778549
5,-80,-50,10,-120,50,12,0.5833333333333334,0.8115312895472873,-0.004737866995481686,0.013658543926865163,9.25,-0.07612849522214515,-0.6326899089279898,-1.1215938411105921,-0.20722058429611057,-3.053219404226268,0.1576923076923077,92387.15047778549
5,-80,-50,10,-120,100,12,0.5833333333333334,0.8115312895472873,-0.004737866995481686,0.013658543926865163,9.25,-0.07612849522214515,-0.6326899089279898,-1.1215938411105921,-0.20722058429611057,-3.053219404226268,0.1576923076923077,92387.15047778549
7,-85,-50,10,-120,0,12,0.5833333333333334,0.8115312895472873,-0.004737866995481686,0.013658543926865163,9.25,-0.07612849522214515,-0.6326899089279898,-1.1215938411105921,-0.20722058429611057,-3.053219404226268,0.1576923076923077,92387.15047778549
7,-85,-50,10,-120,50,12,0.5833333333333334,0.8115312895472873,-0.004737866995481686,0.013658543926865163,9.25,-0.07612849522214515,-0.6326899089279898,-1.1215938411105921,-0.20722058429611057,-3.053219404226268,0.1576923076923077,92387.15047778549
7,-85,-50,10,-120,100,12,0.5833333333333334,0.8115312895472873,-0.004737866995481686,0.013658543926865163,9.25,-0.07612849522214515,-0.6326899089279898,-1.1215938411105921,-0.20722058429611057,-3.053219404226268,0.1576923076923077,92387.15047778549
7,-80,-50,10,-120,0,12,0.5833333333333334,0.8115312895472873,-0.004737866995481686,0.013658543926865163,9.25,-0.07612849522214515,-0.6326899089279898,-1.1215938411105921,-0.20722058429611057,-3.053219404226268,0.1576923076923077,92387.15047778549
7,-80,-50,10,-120,50,12,0.5833333333333334,0.8115312895472873,-0.004737866995481686,0.013658543926865163,9.25,-0.07612849522214515,-0.6326899089279898,-1.1215938411105921,-0.20722058429611057,-3.053219404226268,0.1576923076923077,92387.15047778549
7,-80,-50,10,-120,100,12,0.5833333333333334,0.8115312895472873,-0.004737866995481686,0.013658543926865163,9.25,-0.07612849522214515,-0.6326899089279898,-1.1215938411105921,-0.20722058429611057,-3.053219404226268,0.1576923076923077,92387.15047778549
10,-85,-50,10,-120,0,12,0.5833333333333334,0.8115312895472873,-0.004737866995481686,0.013658543926865163,9.25,-0.07612849522214515,-0.6326899089279898,-1.1215938411105921,-0.20722058429611057,-3.053219404226268,0.1576923076923077,92387.15047778549
10,-85,-50,10,-120,50,12,0.5833333333333334,0.8115312895472873,-0.004737866995481686,0.013658543926865163,9.25,-0.07612849522214515,-0.6326899089279898,-1.1215938411105921,-0.20722058429611057,-3.053219404226268,0.1576923076923077,92387.15047778549
10,-85,-50,10,-120,100,12,0.5833333333333334,0.8115312895472873,-0.004737866995481686,0.013658543926865163,9.25,-0.07612849522214515,-0.6326899089279898,-1.1215938411105921,-0.20722058429611057,-3.053219404226268,0.1576923076923077,92387.15047778549
10,-80,-50,10,-120,0,12,0.5833333333333334,0.8115312895472873,-0.004737866995481686,0.013658543926865163,9.25,-0.07612849522214515,-0.6326899089279898,-1.1215938411105921,-0.20722058429611057,-3.053219404226268,0.1576923076923077,92387.15047778549
10,-80,-50,10,-120,50,12,0.5833333333333334,0.8115312895472873,-0.004737866995481686,0.013658543926865163,9.25,-0.07612849522214515,-0.6326899089279898,-1.1215938411105921,-0.20722058429611057,-3.053219404226268,0.1576923076923077,92387.15047778549
10,-80,-50,10,-120,100,12,0.5833333333333334,0.8115312895472873,-0.004737866995481686,0.013658543926865163,9.25,-0.07612849522214515,-0.6326899089279898,-1.1215938411105921,-0.20722058429611057,-3.053219404226268,0.1576923076923077,92387.15047778549
4,-85,-50,10,-100,0,13,0.5384615384615384,0.7972942438942247,-0.004842307289905175,0.0179026217228464,11.384615384615385,-0.08111963572672964,-0.6570145993091248,-1.1572891063421122,-0.21510274125641027,-3.054422251764516,0.16538461538461538,91888.03642732704
4,-85,-50,10,-100,50,13,0.5384615384615384,0.7972942438942247,-0.004842307289905175,0.0179026217228464,11.384615384615385,-0.08111963572672964,-0.6570145993091248,-1.1572891063421122,-0.21510274125641027,-3.054422251764516,0.16538461538461538,91888.03642732704
4,-85,-50,10,-100,100,13,0.5384615384615384,0.7972942438942247,-0.004842307289905175,0.0179026217228464,11.384615384615385,-0.08111963572672964,-0.6570145993091248,-1.1572891063421122,-0.21510274125641027,-3.054422251764516,0.16538461538461538,91888.03642732704
4,-80,-50,10,-100,0,13,0.5384615384615384,0.7972942438942247,-0.004842307289905175,0.0179026217228464,11.384615384615385,-0.08111963572672964,-0.6570145993091248,-1.1572891063421122,-0.21510274125641027,-3.054422251764516,0.16538461538461538,91888.03642732704
4,-80,-50,10,-100,50,13,0.5384615384615384,0.7972942438942247,-0.004842307289905175,0.0179026217228464,11.384615384615385,-0.08111963572672964,-0.6570145993091248,-1.1572891063421122,-0.21510274125641027,-3.054422251764516,0.16538461538461538,91888.03642732704
4,-80,-50,10,-100,100,13,0.5384615384615384,0.7972942438942247,-0.004842307289905175,0.0179026217228464,11.384615384615385,-0.08111963572672964,-0.6570145993091248,-1.1572891063421122,-0.21510274125641027,-3.054422251764516,0.16538461538461538,91888.03642732704
2,-85,-50,7,-80,0,17,0.5294117647058824,0.8310981676506968,-0.003351973124620296,0.006953096740484721,8.411764705882353,-0.07762457040074222,-0.6401428375124139,-1.053238131772569,-0.20867006231455654,-3.067727255227634,0.14615384615384616,92237.54295992578
2,-85,-50,7,-80,50,17,0.5294117647058824,0.8310981676506968,-0.003351973124620296,0.006953096740484721,8.411764705882353,-0.07762457040074222,-0.6401428375124139,-1.053238131772569,-0.20867006231455654,-3.067727255227634,0.14615384615384616,92237.54295992578
2,-85,-50,7,-80,100,17,0.5294117647058824,0.8310981676506968,-0.003351973124620296,0.006953096740484721,8.411764705882353,-0.07762457040074222,-0.6401428375124139,-1.053238131772569,-0.20867006231455654,-3.067727255227634,0.14615384615384616,92237.54295992578
2,-90,-30,7,-120,0,11,0.5454545454545454,0.7646718035258093,-0.005538111607570905,0.0179026217228464,9.545454545454545,-0.07686632574223518,-0.636383109993264,-1.2164425180013028,-0.20722058429611045,-3.0710419631087245,0.1346153846153846,92313.36742577648
2,-90,-30,7,-120,50,11,0.5454545454545454,0.7646718035258093,-0.005538111607570905,0.0179026217228464,9.545454545454545,-0.07686632574223518,-0.636383109993264,-1.2164425180013028,-0.20722058429611045,-3.0710419631087245,0.1346153846153846,92313.36742577648
2,-90,-30,7,-120,100,11,0.5454545454545454,0.7646718035258093,-0.005538111607570905,0.0179026217228464,9.545454545454545,-0.07686632574223518,-0.636383109993264,-1.2164425180013028,-0.20722058429611045,-3.0710419631087245,0.1346153846153846,92313.36742577648
2,-90,-30,10,-120,0,11,0.5454545454545454,0.7646718035258093,-0.005538111607570905,0.0179026217228464,9.545454545454545,-0.07686632574223518,-0.636383109993264,-1.2164425180013028,-0.20722058429611045,-3.0710419631087245,0.1346153846153846,92313.36742577648
2,-90,-30,10,-120,50,11,0.5454545454545454,0.7646718035258093,-0.005538111607570905,0.0179026217228464,9.545454545454545,-0.07686632574223518,-0.636383109993264,-1.2164425180013028,-0.20722058429611045,-3.0710419631087245,0.1346153846153846,92313.36742577648
2,-90,-30,10,-120,100,11,0.5454545454545454,0.7646718035258093,-0.005538111607570905,0.0179026217228464,9.545454545454545,-0.07686632574223518,-0.636383109993264,-1.2164425180013028,-0.20722058429611045,-3.0710419631087245,0.1346153846153846,92313.36742577648
3,-90,-40,10,-120,0,11,0.5454545454545454,0.7646718035258093,-0.005538111607570905,0.0179026217228464,9.545454545454545,-0.07686632574223518,-0.636383109993264,-1.2164425180013028,-0.20722058429611045,-3.0710419631087245,0.1346153846153846,92313.36742577648
3,-90,-40,10,-120,50,11,0.5454545454545454,0.7646718035258093,-0.005538111607570905,0.0179026217228464,9.545454545454545,-0.07686632574223518,-0.636383109993264,-1.2164425180013028,-0.20722058429611045,-3.0710419631087245,0.1346153846153846,92313.36742577648
3,-90,-40,10,-120,100,11,0.5454545454545454,0.7646718035258093,-0.005538111607570905,0.0179026217228464,9.545454545454545,-0.07686632574223518,-0.636383109993264,-1.2164425180013028,-0.20722058429611045,-3.0710419631087245,0.1346153846153846,92313.36742577648
4,-85,-50,10,-80,0,14,0.5714285714285714,0.7707369831513361,-0.005424599734811781,0.012807024092495345,10.857142857142858,-0.09380929602356936,-0.7123358207054783,-1.387745657378614,-0.23186551873648342,-3.072193850069843,0.18076923076923077,90619.07039764307
4,-85,-50,10,-80,50,14,0.5714285714285714,0.7707369831513361,-0.005424599734811781,0.012807024092495345,10.857142857142858,-0.09380929602356936,-0.7123358207054783,-1.387745657378614,-0.23186551873648342,-3.072193850069843,0.18076923076923077,90619.07039764307
4,-85,-50,10,-80,100,14,0.5714285714285714,0.7707369831513361,-0.005424599734811781,0.012807024092495345,10.857142857142858,-0.09380929602356936,-0.7123358207054783,-1.387745657378614,-0.23186551873648342,-3.072193850069843,0.18076923076923077,90619.07039764307
4,-80,-50,10,-80,0,14,0.5714285714285714,0.7707369831513361,-0.005424599734811781,0.012807024092495345,10.857142857142858,-0.09380929602356936,-0.7123358207054783,-1.387745657378614,-0.23186551873648342,-3.072193850069843,0.18076923076923077,90619.07039764307
4,-80,-50,10,-80,50,14,0.5714285714285714,0.7707369831513361,-0.005424599734811781,0.012807024092495345,10.857142857142858,-0.09380929602356936,-0.7123358207054783,-1.387745657378614,-0.23186551873648342,-3.072193850069843,0.18076923076923077,90619.07039764307
4,-80,-50,10,-80,100,14,0.5714285714285714,0.7707369831513361,-0.005424599734811781,0.012807024092495345,10.857142857142858,-0.09380929602356936,-0.7123358207054783,-1.387745657378614,-0.23186551873648342,-3.072193850069843,0.18076923076923077,90619.07039764307
3,-90,-40,7,-100,0,13,0.5384615384615384,0.7658133350305454,-0.004708597756067527,0.0022184901826625136,8.538461538461538,-0.0771415246744418,-0.6377518356263495,-1.217193767145094,-0.20722058429611034,-3.077647125610969,0.1576923076923077,92285.84753255582
3,-90,-40,7,-100,50,13,0.5384615384615384,0.7658133350305454,-0.004708597756067527,0.0022184901826625136,8.538461538461538,-0.0771415246744418,-0.6377518356263495,-1.217193767145094,-0.20722058429611034,-3.077647125610969,0.1576923076923077,92285.84753255582
3,-90,-40,7,-100,100,13,0.5384615384615384,0.7658133350305454,-0.004708597756067527,0.0022184901826625136,8.538461538461538,-0.0771415246744418,-0.6377518356263495,-1.217193767145094,-0.20722058429611034,-3.077647125610969,0.1576923076923077,92285.84753255582
2,-95,-30,7,-50,0,8,0.5,0.6552738088391985,-0.008860368431781798,0.0017267668214920873,12.375,-0.08443973739634325,-0.6723640848082901,-1.5192030185745014,-0.21804535237579825,-3.0835974144015674,0.11153846153846154,91556.02626036567
2,-95,-30,7,-50,50,8,0.5,0.6552738088391985,-0.008860368431781798,0.0017267668214920873,12.375,-0.08443973739634325,-0.6723640848082901,-1.5192030185745014,-0.21804535237579825,-3.0835974144015674,0.11153846153846154,91556.02626036567
2,-95,-30,7,-50,100,8,0.5,0.6552738088391985,-0.008860368431781798,0.0017267668214920873,12.375,-0.08443973739634325,-0.6723640848082901,-1.5192030185745014,-0.21804535237579825,-3.0835974144015674,0.11153846153846154,91556.02626036567
2,-95,-20,7,-50,0,8,0.5,0.6552738088391985,-0.008860368431781798,0.0017267668214920873,12.375,-0.08443973739634325,-0.6723640848082901,-1.5192030185745014,-0.21804535237579825,-3.0835974144015674,0.11153846153846154,91556.02626036567
2,-95,-20,7,-50,50,8,0.5,0.6552738088391985,-0.008860368431781798,0.0017267668214920873,12.375,-0.08443973739634325,-0.6723640848082901,-1.5192030185745014,-0.21804535237579825,-3.0835974144015674,0.11153846153846154,91556.02626036567
2,-95,-20,7,-50,100,8,0.5,0.6552738088391985,-0.008860368431781798,0.0017267668214920873,12.375,-0.08443973739634325,-0.6723640848082901,-1.5192030185745014,-0.21804535237579825,-3.0835974144015674,0.11153846153846154,91556.02626036567
2,-90,-30,7,-100,0,12,0.5,0.762430717641996,-0.005140012239471821,0.008570851266232249,8.916666666666666,-0.07756875587026557,-0.6398673087770339,-1.2295298360195808,-0.20722058429611057,-3.0878559239206043,0.1423076923076923,92243.12441297344
2,-90,-30,7,-100,50,12,0.5,0.762430717641996,-0.005140012239471821,0.008570851266232249,8.916666666666666,-0.07756875587026557,-0.6398673087770339,-1.2295298360195808,-0.20722058429611057,-3.0878559239206043,0.1423076923076923,92243.12441297344
2,-90,-30,7,-100,100,12,0.5,0.762430717641996,-0.005140012239471821,0.008570851266232249,8.916666666666666,-0.07756875587026557,-0.6398673087770339,-1.2295298360195808,-0.20722058429611057,-3.0878559239206043,0.1423076923076923,92243.12441297344
2,-90,-30,10,-100,0,12,0.5,0.762430717641996,-0.005140012239471821,0.008570851266232249,8.916666666666666,-0.07756875587026557,-0.6398673087770339,-1.2295298360195808,-0.20722058429611057,-3.0878559239206043,0.1423076923076923,92243.12441297344
2,-90,-30,10,-100,50,12,0.5,0.762430717641996,-0.005140012239471821,0.008570851266232249,8.916666666666666,-0.07756875587026557,-0.6398673087770339,-1.2295298360195808,-0.20722058429611057,-3.0878559239206043,0.1423076923076923,92243.12441297344
2,-90,-30,10,-100,100,12,0.5,0.762430717641996,-0.005140012239471821,0.008570851266232249,8.916666666666666,-0.07756875587026557,-0.6398673087770339,-1.2295298360195808,-0.20722058429611057,-3.0878559239206043,0.1423076923076923,92243.12441297344
3,-85,-40,7,-100,0,14,0.5714285714285714,0.7847876253901548,-0.004893383613877644,0.010060555952754457,10.714285714285714,-0.08748782130909283,-0.6858964104486764,-1.2716004002086758,-0.22201124503685477,-3.089466978732608,0.17307692307692307,91251.21786909072
3,-85,-40,7,-100,50,14,0.5714285714285714,0.7847876253901548,-0.004893383613877644,0.010060555952754457,10.714285714285714,-0.08748782130909283,-0.6858964104486764,-1.2716004002086758,-0.22201124503685477,-3.089466978732608,0.17307692307692307,91251.21786909072
3,-85,-40,7,-100,100,14,0.5714285714285714,0.7847876253901548,-0.004893383613877644,0.010060555952754457,10.714285714285714,-0.08748782130909283,-0.6858964104486764,-1.2716004002086758,-0.22201124503685477,-3.089466978732608,0.17307692307692307,91251.21786909072
3,-80,-40,7,-100,0,14,0.5714285714285714,0.7847876253901548,-0.004893383613877644,0.010060555952754457,10.714285714285714,-0.08748782130909283,-0.6858964104486764,-1.2716004002086758,-0.22201124503685477,-3.089466978732608,0.17307692307692307,91251.21786909072
3,-80,-40,7,-100,50,14,0.5714285714285714,0.7847876253901548,-0.004893383613877644,0.010060555952754457,10.714285714285714,-0.08748782130909283,-0.6858964104486764,-1.2716004002086758,-0.22201124503685477,-3.089466978732608,0.17307692307692307,91251.21786909072
3,-80,-40,7,-100,100,14,0.5714285714285714,0.7847876253901548,-0.004893383613877644,0.010060555952754457,10.714285714285714,-0.08748782130909283,-0.6858964104486764,-1.2716004002086758,-0.22201124503685477,-3.089466978732608,0.17307692307692307,91251.21786909072
2,-95,-40,3,-80,50,8,0.5,0.65325190518498,-0.008912336665612877,0.0015188938861677714,11.875,-0.08481759343318573,-0.6740702905990466,-1.5408480063953165,-0.21804535237579825,-3.0914224185677455,0.09615384615384616,91518.24065668143
2,-95,-40,3,-80,100,8,0.5,0.65325190518498,-0.008912336665612877,0.0015188938861677714,11.875,-0.08481759343318573,-0.6740702905990466,-1.5408480063953165,-0.21804535237579825,-3.0914224185677455,0.09615384615384616,91518.24065668143
2,-95,-40,3,-50,50,8,0.5,0.65325190518498,-0.008912336665612877,0.0015188938861677714,11.875,-0.08481759343318573,-0.6740702905990466,-1.5408480063953165,-0.21804535237579825,-3.0914224185677455,0.09615384615384616,91518.24065668143
2,-95,-40,3,-50,100,8,0.5,0.65325190518498,-0.008912336665612877,0.0015188938861677714,11.875,-0.08481759343318573,-0.6740702905990466,-1.5408480063953165,-0.21804535237579825,-3.0914224185677455,0.09615384615384616,91518.24065668143
2,-95,-40,5,-100,50,8,0.5,0.65325190518498,-0.008912336665612877,0.0015188938861677714,11.875,-0.08481759343318573,-0.6740702905990466,-1.5408480063953165,-0.21804535237579825,-3.0914224185677455,0.09615384615384616,91518.24065668143
2,-95,-40,5,-100,100,8,0.5,0.65325190518498,-0.008912336665612877,0.0015188938861677714,11.875,-0.08481759343318573,-0.6740702905990466,-1.5408480063953165,-0.21804535237579825,-3.0914224185677455,0.09615384615384616,91518.24065668143
2,-95,-40,5,-80,50,8,0.5,0.65325190518498,-0.008912336665612877,0.0015188938861677714,11.875,-0.08481759343318573,-0.6740702905990466,-1.5408480063953165,-0.21804535237579825,-3.0914224185677455,0.09615384615384616,91518.24065668143
2,-95,-40,5,-80,100,8,0.5,0.65325190518498,-0.008912336665612877,0.0015188938861677714,11.875,-0.08481759343318573,-0.6740702905990466,-1.5408480063953165,-0.21804535237579825,-3.0914224185677455,0.09615384615384616,91518.24065668143
2,-95,-40,5,-50,50,8,0.5,0.65325190518498,-0.008912336665612877,0.0015188938861677714,11.875,-0.08481759343318573,-0.6740702905990466,-1.5408480063953165,-0.21804535237579825,-3.0914224185677455,0.09615384615384616,91518.24065668143
2,-95,-40,5,-50,100,8,0.5,0.65325190518498,-0.008912336665612877,0.0015188938861677714,11.875,-0.08481759343318573,-0.6740702905990466,-1.5408480063953165,-0.21804535237579825,-3.0914224185677455,0.09615384615384616,91518.24065668143
4,-90,-50,7,-120,0,12,0.5833333333333334,0.763498857328012,-0.005167010119129882,0.010060555952754457,8.916666666666666,-0.07782330024205786,-0.6411222930575888,-1.2376625255625766,-0.20722058429611045,-3.093912196200784,0.1423076923076923,92217.66997579421
4,-90,-50,7,-120,50,12,0.5833333333333334,0.763498857328012,-0.005167010119129882,0.010060555952754457,8.916666666666666,-0.07782330024205786,-0.6411222930575888,-1.2376625255625766,-0.20722058429611045,-3.093912196200784,0.1423076923076923,92217.66997579421
4,-90,-50,7,-120,100,12,0.5833333333333334,0.763498857328012,-0.005167010119129882,0.010060555952754457,8.916666666666666,-0.07782330024205786,-0.6411222930575888,-1.2376625255625766,-0.20722058429611045,-3.093912196200784,0.1423076923076923,92217.66997579421
3,-85,-40,10,-100,0,13,0.5384615384615384,0.8072513614873816,-0.00454765412192637,0.0179026217228464,11.384615384615385,-0.07812543943080996,-0.6426067067402259,-1.0967937777389623,-0.20722058429611045,-3.1010756432477047,0.16538461538461538,92187.456056919
3,-85,-40,10,-100,50,13,0.5384615384615384,0.8072513614873816,-0.00454765412192637,0.0179026217228464,11.384615384615385,-0.07812543943080996,-0.6426067067402259,-1.0967937777389623,-0.20722058429611045,-3.1010756432477047,0.16538461538461538,92187.456056919
3,-85,-40,10,-100,100,13,0.5384615384615384,0.8072513614873816,-0.00454765412192637,0.0179026217228464,11.384615384615385,-0.07812543943080996,-0.6426067067402259,-1.0967937777389623,-0.20722058429611045,-3.1010756432477047,0.16538461538461538,92187.456056919
3,-80,-40,10,-100,0,13,0.5384615384615384,0.8072513614873816,-0.00454765412192637,0.0179026217228464,11.384615384615385,-0.07812543943080996,-0.6426067067402259,-1.0967937777389623,-0.20722058429611045,-3.1010756432477047,0.16538461538461538,92187.456056919
3,-80,-40,10,-100,50,13,0.5384615384615384,0.8072513614873816,-0.00454765412192637,0.0179026217228464,11.384615384615385,-0.07812543943080996,-0.6426067067402259,-1.0967937777389623,-0.20722058429611045,-3.1010756432477047,0.16538461538461538,92187.456056919
3,-80,-40,10,-100,100,13,0.5384615384615384,0.8072513614873816,-0.00454765412192637,0.0179026217228464,11.384615384615385,-0.07812543943080996,-0.6426067067402259,-1.0967937777389623,-0.20722058429611045,-3.1010756432477047,0.16538461538461538,92187.456056919
3,-95,-30,5,-100,0,8,0.5,0.6349269940675006,-0.009943018742455928,0.0026590741471869683,12.25,-0.09251959010489053,-0.707114212863551,-1.7245530474790782,-0.22770863744246117,-3.1053464673347273,0.1076923076923077,90748.04098951095
3,-95,-30,5,-80,0,8,0.5,0.6349269940675006,-0.009943018742455928,0.0026590741471869683,12.25,-0.09251959010489053,-0.707114212863551,-1.7245530474790782,-0.22770863744246117,-3.1053464673347273,0.1076923076923077,90748.04098951095
3,-95,-30,5,-50,0,8,0.5,0.6349269940675006,-0.009943018742455928,0.0026590741471869683,12.25,-0.09251959010489053,-0.707114212863551,-1.7245530474790782,-0.22770863744246117,-3.1053464673347273,0.1076923076923077,90748.04098951095
3,-95,-20,5,-100,0,8,0.5,0.6349269940675006,-0.009943018742455928,0.0026590741471869683,12.25,-0.09251959010489053,-0.707114212863551,-1.7245530474790782,-0.22770863744246117,-3.1053464673347273,0.1076923076923077,90748.04098951095
3,-95,-20,5,-80,0,8,0.5,0.6349269940675006,-0.009943018742455928,0.0026590741471869683,12.25,-0.09251959010489053,-0.707114212863551,-1.7245530474790782,-0.22770863744246117,-3.1053464673347273,0.1076923076923077,90748.04098951095
3,-95,-20,5,-50,0,8,0.5,0.6349269940675006,-0.009943018742455928,0.0026590741471869683,12.25,-0.09251959010489053,-0.707114212863551,-1.7245530474790782,-0.22770863744246117,-3.1053464673347273,0.1076923076923077,90748.04098951095
4,-85,-50,7,-100,0,14,0.5714285714285714,0.7754563339202422,-0.005166990127000821,0.010060555952754457,10.714285714285714,-0.09045160911958516,-0.6985591292492546,-1.3320111470843785,-0.2247937951869423,-3.1075552092900116,0.17307692307692307,90954.83908804148
4,-85,-50,7,-100,50,14,0.5714285714285714,0.7754563339202422,-0.005166990127000821,0.010060555952754457,10.714285714285714,-0.09045160911958516,-0.6985591292492546,-1.3320111470843785,-0.2247937951869423,-3.1075552092900116,0.17307692307692307,90954.83908804148
4,-85,-50,7,-100,100,14,0.5714285714285714,0.7754563339202422,-0.005166990127000821,0.010060555952754457,10.714285714285714,-0.09045160911958516,-0.6985591292492546,-1.3320111470843785,-0.2247937951869423,-3.1075552092900116,0.17307692307692307,90954.83908804148
4,-80,-50,7,-100,0,14,0.5714285714285714,0.7754563339202422,-0.005166990127000821,0.010060555952754457,10.714285714285714,-0.09045160911958516,-0.6985591292492546,-1.3320111470843785,-0.2247937951869423,-3.1075552092900116,0.17307692307692307,90954.83908804148
4,-80,-50,7,-100,50,14,0.5714285714285714,0.7754563339202422,-0.005166990127000821,0.010060555952754457,10.714285714285714,-0.09045160911958516,-0.6985591292492546,-1.3320111470843785,-0.2247937951869423,-3.1075552092900116,0.17307692307692307,90954.83908804148
4,-80,-50,7,-100,100,14,0.5714285714285714,0.7754563339202422,-0.005166990127000821,0.010060555952754457,10.714285714285714,-0.09045160911958516,-0.6985591292492546,-1.3320111470843785,-0.2247937951869423,-3.1075552092900116,0.17307692307692307,90954.83908804148
2,-80,-30,10,-80,0,14,0.5714285714285714,0.7839055678247983,-0.005027125440527865,0.012807024092495345,10.714285714285714,-0.08926133896918664,-0.6935313185435381,-1.2981507231139526,-0.22201124503685465,-3.123856714683121,0.17307692307692307,91073.86610308134
2,-80,-30,10,-80,50,14,0.5714285714285714,0.7839055678247983,-0.005027125440527865,0.012807024092495345,10.714285714285714,-0.08926133896918664,-0.6935313185435381,-1.2981507231139526,-0.22201124503685465,-3.123856714683121,0.17307692307692307,91073.86610308134
2,-80,-30,10,-80,100,14,0.5714285714285714,0.7839055678247983,-0.005027125440527865,0.012807024092495345,10.714285714285714,-0.08926133896918664,-0.6935313185435381,-1.2981507231139526,-0.22201124503685465,-3.123856714683121,0.17307692307692307,91073.86610308134
3,-90,-40,10,-100,0,12,0.5,0.7573257384439734,-0.005285855084295031,0.007695794197292993,9.083333333333334,-0.07918434516473571,-0.647764603726493,-1.2616077325884727,-0.20722058429611034,-3.1259664956878126,0.15,92081.56548352643
3,-90,-40,10,-100,50,12,0.5,0.7573257384439734,-0.005285855084295031,0.007695794197292993,9.083333333333334,-0.07918434516473571,-0.647764603726493,-1.2616077325884727,-0.20722058429611034,-3.1259664956878126,0.15,92081.56548352643
3,-90,-40,10,-100,100,12,0.5,0.7573257384439734,-0.005285855084295031,0.007695794197292993,9.083333333333334,-0.07918434516473571,-0.647764603726493,-1.2616077325884727,-0.20722058429611034,-3.1259664956878126,0.15,92081.56548352643
2,-95,-30,3,-80,0,8,0.5,0.6228570175983965,-0.010470803201314743,0.0005479363117517067,11.875,-0.0963730101044451,-0.7224617920524701,-1.8188868919787367,-0.23098800628559302,-3.127702618287549,0.09615384615384616,90362.69898955549
2,-95,-30,3,-50,0,8,0.5,0.6228570175983965,-0.010470803201314743,0.0005479363117517067,11.875,-0.0963730101044451,-0.7224617920524701,-1.8188868919787367,-0.23098800628559302,-3.127702618287549,0.09615384615384616,90362.69898955549
2,-95,-30,5,-100,0,8,0.5,0.6228570175983965,-0.010470803201314743,0.0005479363117517067,11.875,-0.0963730101044451,-0.7224617920524701,-1.8188868919787367,-0.23098800628559302,-3.127702618287549,0.09615384615384616,90362.69898955549
2,-95,-30,5,-80,0,8,0.5,0.6228570175983965,-0.010470803201314743,0.0005479363117517067,11.875,-0.0963730101044451,-0.7224617920524701,-1.8188868919787367,-0.23098800628559302,-3.127702618287549,0.09615384615384616,90362.69898955549
2,-95,-30,5,-50,0,8,0.5,0.6228570175983965,-0.010470803201314743,0.0005479363117517067,11.875,-0.0963730101044451,-0.7224617920524701,-1.8188868919787367,-0.23098800628559302,-3.127702618287549,0.09615384615384616,90362.69898955549
2,-95,-20,3,-80,0,8,0.5,0.6228570175983965,-0.010470803201314743,0.0005479363117517067,11.875,-0.0963730101044451,-0.7224617920524701,-1.8188868919787367,-0.23098800628559302,-3.127702618287549,0.09615384615384616,90362.69898955549
2,-95,-20,3,-50,0,8,0.5,0.6228570175983965,-0.010470803201314743,0.0005479363117517067,11.875,-0.0963730101044451,-0.7224617920524701,-1.8188868919787367,-0.23098800628559302,-3.127702618287549,0.09615384615384616,90362.69898955549
2,-95,-20,5,-100,0,8,0.5,0.6228570175983965,-0.010470803201314743,0.0005479363117517067,11.875,-0.0963730101044451,-0.7224617920524701,-1.8188868919787367,-0.23098800628559302,-3.127702618287549,0.09615384615384616,90362.69898955549
2,-95,-20,5,-80,0,8,0.5,0.6228570175983965,-0.010470803201314743,0.0005479363117517067,11.875,-0.0963730101044451,-0.7224617920524701,-1.8188868919787367,-0.23098800628559302,-3.127702618287549,0.09615384615384616,90362.69898955549
2,-95,-20,5,-50,0,8,0.5,0.6228570175983965,-0.010470803201314743,0.0005479363117517067,11.875,-0.0963730101044451,-0.7224617920524701,-1.8188868919787367,-0.23098800628559302,-3.127702618287549,0.09615384615384616,90362.69898955549
7,-85,-50,3,-80,0,15,0.5333333333333333,0.8115637348948075,-0.004007144107400847,0.005085252766975801,10.0,-0.07930292389928795,-0.648337908469189,-1.0796683459987237,-0.20722058429611034,-3.1287331356171584,0.17307692307692307,92069.7076100712
7,-85,-40,3,-80,0,15,0.5333333333333333,0.8115637348948075,-0.004007144107400847,0.005085252766975801,10.0,-0.07930292389928795,-0.648337908469189,-1.0796683459987237,-0.20722058429611034,-3.1287331356171584,0.17307692307692307,92069.7076100712
7,-85,-30,3,-80,0,15,0.5333333333333333,0.8115637348948075,-0.004007144107400847,0.005085252766975801,10.0,-0.07930292389928795,-0.648337908469189,-1.0796683459987237,-0.20722058429611034,-3.1287331356171584,0.17307692307692307,92069.7076100712
2,-90,-50,7,-80,0,15,0.5333333333333333,0.781421034459199,-0.004302921332788549,0.006953096740484721,6.933333333333334,-0.08150707673402624,-0.6588393356693241,-1.266774495340802,-0.21036158077018918,-3.1319375584512135,0.13076923076923078,91849.29232659738
2,-90,-50,7,-80,50,15,0.5333333333333333,0.781421034459199,-0.004302921332788549,0.006953096740484721,6.933333333333334,-0.08150707673402624,-0.6588393356693241,-1.266774495340802,-0.21036158077018918,-3.1319375584512135,0.13076923076923078,91849.29232659738
2,-90,-50,7,-80,100,15,0.5333333333333333,0.781421034459199,-0.004302921332788549,0.006953096740484721,6.933333333333334,-0.08150707673402624,-0.6588393356693241,-1.266774495340802,-0.21036158077018918,-3.1319375584512135,0.13076923076923078,91849.29232659738
4,-90,-50,3,-80,0,16,0.5625,0.7355016743426976,-0.005152821469707282,0.004533418868804429,7.375,-0.09851983500908279,-0.730687513169981,-1.5987288377606919,-0.2331720482125904,-3.1336839847278344,0.18461538461538463,90148.01649909173
4,-90,-40,3,-80,0,16,0.5625,0.7355016743426976,-0.005152821469707282,0.004533418868804429,7.375,-0.09851983500908279,-0.730687513169981,-1.5987288377606919,-0.2331720482125904,-3.1336839847278344,0.18461538461538463,90148.01649909173
4,-90,-30,3,-80,0,16,0.5625,0.7355016743426976,-0.005152821469707282,0.004533418868804429,7.375,-0.09851983500908279,-0.730687513169981,-1.5987288377606919,-0.2331720482125904,-3.1336839847278344,0.18461538461538463,90148.01649909173
4,-90,-20,3,-80,0,16,0.5625,0.7355016743426976,-0.005152821469707282,0.004533418868804429,7.375,-0.09851983500908279,-0.730687513169981,-1.5987288377606919,-0.2331720482125904,-3.1336839847278344,0.18461538461538463,90148.01649909173
3,-95,-40,3,-80,0,8,0.5,0.6180316196435621,-0.010687571818346037,-0.0003191381563734663,12.125,-0.09795566474711914,-0.7285478851546066,-1.8527866226062413,-0.23233488991759343,-3.135766158122072,0.10384615384615385,90204.43352528808
3,-95,-40,3,-50,0,8,0.5,0.6180316196435621,-0.010687571818346037,-0.0003191381563734663,12.125,-0.09795566474711914,-0.7285478851546066,-1.8527866226062413,-0.23233488991759343,-3.135766158122072,0.10384615384615385,90204.43352528808
3,-95,-40,5,-100,0,8,0.5,0.6180316196435621,-0.010687571818346037,-0.0003191381563734663,12.125,-0.09795566474711914,-0.7285478851546066,-1.8527866226062413,-0.23233488991759343,-3.135766158122072,0.10384615384615385,90204.43352528808
3,-95,-40,5,-80,0,8,0.5,0.6180316196435621,-0.010687571818346037,-0.0003191381563734663,12.125,-0.09795566474711914,-0.7285478851546066,-1.8527866226062413,-0.23233488991759343,-3.135766158122072,0.10384615384615385,90204.43352528808
3,-95,-40,5,-50,0,8,0.5,0.6180316196435621,-0.010687571818346037,-0.0003191381563734663,12.125,-0.09795566474711914,-0.7285478851546066,-1.8527866226062413,-0.23233488991759343,-3.135766158122072,0.10384615384615385,90204.43352528808
3,-95,-30,3,-80,0,8,0.5,0.6180316196435621,-0.010687571818346037,-0.0003191381563734663,12.125,-0.09795566474711914,-0.7285478851546066,-1.8527866226062413,-0.23233488991759343,-3.135766158122072,0.10384615384615385,90204.43352528808
3,-95,-30,3,-50,0,8,0.5,0.6180316196435621,-0.010687571818346037,-0.0003191381563734663,12.125,-0.09795566474711914,-0.7285478851546066,-1.8527866226062413,-0.23233488991759343,-3.135766158122072,0.10384615384615385,90204.43352528808
3,-95,-20,3,-80,0,8,0.5,0.6180316196435621,-0.010687571818346037,-0.0003191381563734663,12.125,-0.09795566474711914,-0.7285478851546066,-1.8527866226062413,-0.23233488991759343,-3.135766158122072,0.10384615384615385,90204.43352528808
3,-95,-20,3,-50,0,8,0.5,0.6180316196435621,-0.010687571818346037,-0.0003191381563734663,12.125,-0.09795566474711914,-0.7285478851546066,-1.8527866226062413,-0.23233488991759343,-3.135766158122072,0.10384615384615385,90204.43352528808
4,-95,-50,10,-50,0,8,0.5,0.6180316196435621,-0.010687571818346037,-0.0003191381563734663,12.125,-0.09795566474711914,-0.7285478851546066,-1.8527866226062413,-0.23233488991759343,-3.135766158122072,0.10384615384615385,90204.43352528808
4,-95,-50,10,-50,50,8,0.5,0.6180316196435621,-0.010687571818346037,-0.0003191381563734663,12.125,-0.09795566474711914,-0.7285478851546066,-1.8527866226062413,-0.23233488991759343,-3.135766158122072,0.10384615384615385,90204.43352528808
4,-95,-50,10,-50,100,8,0.5,0.6180316196435621,-0.010687571818346037,-0.0003191381563734663,12.125,-0.09795566474711914,-0.7285478851546066,-1.8527866226062413,-0.23233488991759343,-3.135766158122072,0.10384615384615385,90204.43352528808
4,-90,-50,10,-120,0,11,0.5454545454545454,0.7550369123619449,-0.005838419237474645,0.0179026217228464,9.545454545454545,-0.07986461156801483,-0.6510418995851728,-1.282238989628463,-0.20722058429611045,-3.1417819894516765,0.1346153846153846,92013.53884319852
4,-90,-50,10,-120,50,11,0.5454545454545454,0.7550369123619449,-0.005838419237474645,0.0179026217228464,9.545454545454545,-0.07986461156801483,-0.6510418995851728,-1.282238989628463,-0.20722058429611045,-3.1417819894516765,0.1346153846153846,92013.53884319852
4,-90,-50,10,-120,100,11,0.5454545454545454,0.7550369123619449,-0.005838419237474645,0.0179026217228464,9.545454545454545,-0.07986461156801483,-0.6510418995851728,-1.282238989628463,-0.20722058429611045,-3.1417819894516765,0.1346153846153846,92013.53884319852
4,-90,-50,7,-100,0,13,0.5384615384615384,0.7562556024544854,-0.004962704212139923,0.0022184901826625136,8.538461538461538,-0.0801389166696953,-0.6523554466453814,-1.2828086868942734,-0.20722058429611045,-3.148120872553809,0.1576923076923077,91986.10833303047
4,-90,-50,7,-100,50,13,0.5384615384615384,0.7562556024544854,-0.004962704212139923,0.0022184901826625136,8.538461538461538,-0.0801389166696953,-0.6523554466453814,-1.2828086868942734,-0.20722058429611045,-3.148120872553809,0.1576923076923077,91986.10833303047
4,-90,-50,7,-100,100,13,0.5384615384615384,0.7562556024544854,-0.004962704212139923,0.0022184901826625136,8.538461538461538,-0.0801389166696953,-0.6523554466453814,-1.2828086868942734,-0.20722058429611045,-3.148120872553809,0.1576923076923077,91986.10833303047
3,-80,-50,7,-120,0,14,0.6428571428571429,0.8054970642350564,-0.004366887125702078,0.010635199112475568,10.5,-0.08014089451043327,-0.6523649012460899,-1.1434843836578008,-0.20722058429611034,-3.1481664983334148,0.16153846153846155,91985.91054895667
3,-80,-50,7,-120,50,14,0.6428571428571429,0.8054970642350564,-0.004366887125702078,0.010635199112475568,10.5,-0.08014089451043327,-0.6523649012460899,-1.1434843836578008,-0.20722058429611034,-3.1481664983334148,0.16153846153846155,91985.91054895667
3,-80,-50,7,-120,100,14,0.6428571428571429,0.8054970642350564,-0.004366887125702078,0.010635199112475568,10.5,-0.08014089451043327,-0.6523649012460899,-1.1434843836578008,-0.20722058429611034,-3.1481664983334148,0.16153846153846155,91985.91054895667
2,-90,-50,5,-100,0,16,0.5625,0.7805187924782364,-0.0041756817767090795,0.006900722147715532,6.8125,-0.08365313823996035,-0.6687857864823377,-1.3055229431670248,-0.21220657333593484,-3.151579029663763,0.15,91634.68617600396
2,-90,-50,5,-100,50,16,0.5625,0.7805187924782364,-0.0041756817767090795,0.006900722147715532,6.8125,-0.08365313823996035,-0.6687857864823377,-1.3055229431670248,-0.21220657333593484,-3.151579029663763,0.15,91634.68617600396
2,-90,-50,5,-100,100,16,0.5625,0.7805187924782364,-0.0041756817767090795,0.006900722147715532,6.8125,-0.08365313823996035,-0.6687857864823377,-1.3055229431670248,-0.21220657333593484,-3.151579029663763,0.15,91634.68617600396
2,-90,-50,5,-80,0,16,0.5625,0.7805187924782364,-0.0041756817767090795,0.006900722147715532,6.8125,-0.08365313823996035,-0.6687857864823377,-1.3055229431670248,-0.21220657333593484,-3.151579029663763,0.15,91634.68617600396
2,-90,-50,5,-80,50,16,0.5625,0.7805187924782364,-0.0041756817767090795,0.006900722147715532,6.8125,-0.08365313823996035,-0.6687857864823377,-1.3055229431670248,-0.21220657333593484,-3.151579029663763,0.15,91634.68617600396
2,-90,-50,5,-80,100,16,0.5625,0.7805187924782364,-0.0041756817767090795,0.006900722147715532,6.8125,-0.08365313823996035,-0.6687857864823377,-1.3055229431670248,-0.21220657333593484,-3.151579029663763,0.15,91634.68617600396
3,-85,-40,10,-80,0,14,0.5714285714285714,0.7797537367247043,-0.0051509932216886045,0.012807024092495345,10.857142857142858,-0.09085644932585046,-0.7002518235940929,-1.3275857185674702,-0.22201124503685465,-3.1541277266286607,0.18076923076923077,90914.35506741496
3,-85,-40,10,-80,50,14,0.5714285714285714,0.7797537367247043,-0.0051509932216886045,0.012807024092495345,10.857142857142858,-0.09085644932585046,-0.7002518235940929,-1.3275857185674702,-0.22201124503685465,-3.1541277266286607,0.18076923076923077,90914.35506741496
3,-85,-40,10,-80,100,14,0.5714285714285714,0.7797537367247043,-0.0051509932216886045,0.012807024092495345,10.857142857142858,-0.09085644932585046,-0.7002518235940929,-1.3275857185674702,-0.22201124503685465,-3.1541277266286607,0.18076923076923077,90914.35506741496
3,-80,-40,10,-80,0,14,0.5714285714285714,0.7797537367247043,-0.0051509932216886045,0.012807024092495345,10.857142857142858,-0.09085644932585046,-0.7002518235940929,-1.3275857185674702,-0.22201124503685465,-3.1541277266286607,0.18076923076923077,90914.35506741496
3,-80,-40,10,-80,50,14,0.5714285714285714,0.7797537367247043,-0.0051509932216886045,0.012807024092495345,10.857142857142858,-0.09085644932585046,-0.7002518235940929,-1.3275857185674702,-0.22201124503685465,-3.1541277266286607,0.18076923076923077,90914.35506741496
3,-80,-40,10,-80,100,14,0.5714285714285714,0.7797537367247043,-0.0051509932216886045,0.012807024092495345,10.857142857142858,-0.09085644932585046,-0.7002518235940929,-1.3275857185674702,-0.22201124503685465,-3.1541277266286607,0.18076923076923077,90914.35506741496
2,-95,-40,7,-50,0,8,0.5,0.6357971718206803,-0.009360969152646822,-0.0002756360619680098,12.25,-0.08807955715703208,-0.6884630603497395,-1.6030696645485283,-0.21804535237579825,-3.1574305659273243,0.1076923076923077,91192.04428429679
2,-95,-40,7,-50,50,8,0.5,0.6357971718206803,-0.009360969152646822,-0.0002756360619680098,12.25,-0.08807955715703208,-0.6884630603497395,-1.6030696645485283,-0.21804535237579825,-3.1574305659273243,0.1076923076923077,91192.04428429679
2,-95,-40,7,-50,100,8,0.5,0.6357971718206803,-0.009360969152646822,-0.0002756360619680098,12.25,-0.08807955715703208,-0.6884630603497395,-1.6030696645485283,-0.21804535237579825,-3.1574305659273243,0.1076923076923077,91192.04428429679
2,-90,-30,5,-120,50,12,0.5833333333333334,0.7610917655003967,-0.005153832445831304,0.008910287679647522,9.0,-0.0776380177069409,-0.6402091911859549,-1.2330839482689335,-0.201791355322963,-3.1726294229072054,0.14615384615384616,92236.19822930591
2,-90,-30,5,-120,100,12,0.5833333333333334,0.7610917655003967,-0.005153832445831304,0.008910287679647522,9.0,-0.0776380177069409,-0.6402091911859549,-1.2330839482689335,-0.201791355322963,-3.1726294229072054,0.14615384615384616,92236.19822930591
3,-90,-40,5,-120,50,12,0.5833333333333334,0.7610917655003967,-0.005153832445831304,0.008910287679647522,9.0,-0.0776380177069409,-0.6402091911859549,-1.2330839482689335,-0.201791355322963,-3.1726294229072054,0.14615384615384616,92236.19822930591
3,-90,-40,5,-120,100,12,0.5833333333333334,0.7610917655003967,-0.005153832445831304,0.008910287679647522,9.0,-0.0776380177069409,-0.6402091911859549,-1.2330839482689335,-0.201791355322963,-3.1726294229072054,0.14615384615384616,92236.19822930591
2,-85,-20,10,-120,0,11,0.5454545454545454,0.7903587807480682,-0.005676216262994516,0.0179026217228464,9.727272727272727,-0.08176274866393174,-0.6600385763053516,-1.237190841251212,-0.20722058429611045,-3.18519793073347,0.1423076923076923,91823.72513360683
2,-85,-20,10,-120,50,11,0.5454545454545454,0.7903587807480682,-0.005676216262994516,0.0179026217228464,9.727272727272727,-0.08176274866393174,-0.6600385763053516,-1.237190841251212,-0.20722058429611045,-3.18519793073347,0.1423076923076923,91823.72513360683
2,-85,-20,10,-120,100,11,0.5454545454545454,0.7903587807480682,-0.005676216262994516,0.0179026217228464,9.727272727272727,-0.08176274866393174,-0.6600385763053516,-1.237190841251212,-0.20722058429611045,-3.18519793073347,0.1423076923076923,91823.72513360683
2,-80,-20,10,-120,0,11,0.5454545454545454,0.7903587807480682,-0.005676216262994516,0.0179026217228464,9.727272727272727,-0.08176274866393174,-0.6600385763053516,-1.237190841251212,-0.20722058429611045,-3.18519793073347,0.1423076923076923,91823.72513360683
2,-80,-20,10,-120,50,11,0.5454545454545454,0.7903587807480682,-0.005676216262994516,0.0179026217228464,9.727272727272727,-0.08176274866393174,-0.6600385763053516,-1.237190841251212,-0.20722058429611045,-3.18519793073347,0.1423076923076923,91823.72513360683
2,-80,-20,10,-120,100,11,0.5454545454545454,0.7903587807480682,-0.005676216262994516,0.0179026217228464,9.727272727272727,-0.08176274866393174,-0.6600385763053516,-1.237190841251212,-0.20722058429611045,-3.18519793073347,0.1423076923076923,91823.72513360683
2,-95,-50,3,-80,0,8,0.5,0.6047616164273304,-0.01097319458429774,-0.0014616292201802827,11.75,-0.09996538900996932,-0.7360991273212563,-1.9037866376059336,-0.23098800628559302,-3.186741767064499,0.09230769230769231,90003.46109900306
2,-95,-50,3,-80,50,8,0.5,0.6047616164273304,-0.01097319458429774,-0.0014616292201802827,11.75,-0.09996538900996932,-0.7360991273212563,-1.9037866376059336,-0.23098800628559302,-3.186741767064499,0.09230769230769231,90003.46109900306
2,-95,-50,3,-80,100,8,0.5,0.6047616164273304,-0.01097319458429774,-0.0014616292201802827,11.75,-0.09996538900996932,-0.7360991273212563,-1.9037866376059336,-0.23098800628559302,-3.186741767064499,0.09230769230769231,90003.46109900306
2,-95,-50,3,-50,0,8,0.5,0.6047616164273304,-0.01097319458429774,-0.0014616292201802827,11.75,-0.09996538900996932,-0.7360991273212563,-1.9037866376059336,-0.23098800628559302,-3.186741767064499,0.09230769230769231,90003.46109900306
2,-95,-50,3,-50,50,8,0.5,0.6047616164273304,-0.01097319458429774,-0.0014616292201802827,11.75,-0.09996538900996932,-0.7360991273212563,-1.9037866376059336,-0.23098800628559302,-3.186741767064499,0.09230769230769231,90003.46109900306
2,-95,-50,3,-50,100,8,0.5,0.6047616164273304,-0.01097319458429774,-0.0014616292201802827,11.75,-0.09996538900996932,-0.7360991273212563,-1.9037866376059336,-0.23098800628559302,-3.186741767064499,0.09230769230769231,90003.46109900306
2,-95,-50,5,-100,0,8,0.5,0.6047616164273304,-0.01097319458429774,-0.0014616292201802827,11.75,-0.09996538900996932,-0.7360991273212563,-1.9037866376059336,-0.23098800628559302,-3.186741767064499,0.09230769230769231,90003.46109900306
2,-95,-50,5,-100,50,8,0.5,0.6047616164273304,-0.01097319458429774,-0.0014616292201802827,11.75,-0.09996538900996932,-0.7360991273212563,-1.9037866376059336,-0.23098800628559302,-3.186741767064499,0.09230769230769231,90003.46109900306
2,-95,-50,5,-100,100,8,0.5,0.6047616164273304,-0.01097319458429774,-0.0014616292201802827,11.75,-0.09996538900996932,-0.7360991273212563,-1.9037866376059336,-0.23098800628559302,-3.186741767064499,0.09230769230769231,90003.46109900306
2,-95,-50,5,-80,0,8,0.5,0.6047616164273304,-0.01097319458429774,-0.0014616292201802827,11.75,-0.09996538900996932,-0.7360991273212563,-1.9037866376059336,-0.23098800628559302,-3.186741767064499,0.09230769230769231,90003.46109900306
2,-95,-50,5,-80,50,8,0.5,0.6047616164273304,-0.01097319458429774,-0.0014616292201802827,11.75,-0.09996538900996932,-0.7360991273212563,-1.9037866376059336,-0.23098800628559302,-3.186741767064499,0.09230769230769231,90003.46109900306
2,-95,-50,5,-80,100,8,0.5,0.6047616164273304,-0.01097319458429774,-0.0014616292201802827,11.75,-0.09996538900996932,-0.7360991273212563,-1.9037866376059336,-0.23098800628559302,-3.186741767064499,0.09230769230769231,90003.46109900306
2,-95,-50,5,-50,0,8,0.5,0.6047616164273304,-0.01097319458429774,-0.0014616292201802827,11.75,-0.09996538900996932,-0.7360991273212563,-1.9037866376059336,-0.23098800628559302,-3.186741767064499,0.09230769230769231,90003.46109900306
2,-95,-50,5,-50,50,8,0.5,0.6047616164273304,-0.01097319458429774,-0.0014616292201802827,11.75,-0.09996538900996932,-0.7360991273212563,-1.9037866376059336,-0.23098800628559302,-3.186741767064499,0.09230769230769231,90003.46109900306
2,-95,-50,5,-50,100,8,0.5,0.6047616164273304,-0.01097319458429774,-0.0014616292201802827,11.75,-0.09996538900996932,-0.7360991273212563,-1.9037866376059336,-0.23098800628559302,-3.186741767064499,0.09230769230769231,90003.46109900306
2,-95,-40,3,-80,0,8,0.5,0.6047616164273304,-0.01097319458429774,-0.0014616292201802827,11.75,-0.09996538900996932,-0.7360991273212563,-1.9037866376059336,-0.23098800628559302,-3.186741767064499,0.09230769230769231,90003.46109900306
2,-95,-40,3,-50,0,8,0.5,0.6047616164273304,-0.01097319458429774,-0.0014616292201802827,11.75,-0.09996538900996932,-0.7360991273212563,-1.9037866376059336,-0.23098800628559302,-3.186741767064499,0.09230769230769231,90003.46109900306
2,-95,-40,5,-100,0,8,0.5,0.6047616164273304,-0.01097319458429774,-0.0014616292201802827,11.75,-0.09996538900996932,-0.7360991273212563,-1.9037866376059336,-0.23098800628559302,-3.186741767064499,0.09230769230769231,90003.46109900306
2,-95,-40,5,-80,0,8,0.5,0.6047616164273304,-0.01097319458429774,-0.0014616292201802827,11.75,-0.09996538900996932,-0.7360991273212563,-1.9037866376059336,-0.23098800628559302,-3.186741767064499,0.09230769230769231,90003.46109900306
2,-95,-40,5,-50,0,8,0.5,0.6047616164273304,-0.01097319458429774,-0.0014616292201802827,11.75,-0.09996538900996932,-0.7360991273212563,-1.9037866376059336,-0.23098800628559302,-3.186741767064499,0.09230769230769231,90003.46109900306
7,-80,-50,3,-80,0,18,0.5555555555555556,0.764465200322836,-0.004295081688823508,0.002855378652731,8.722222222222221,-0.094918980769362,-0.716759818071974,-1.3611930122297187,-0.22452642044205784,-3.192318376878697,0.2,90508.1019230638
3,-95,-50,3,-80,0,8,0.5,0.6000764071664267,-0.011189963201329034,-0.0023287036883054557,12.0,-0.1015417517919347,-0.7418861693748016,-1.9375928769296373,-0.23233488991759343,-3.1931758920837945,0.1,89845.82482080653
3,-95,-50,3,-80,50,8,0.5,0.6000764071664267,-0.011189963201329034,-0.0023287036883054557,12.0,-0.1015417517919347,-0.7418861693748016,-1.9375928769296373,-0.23233488991759343,-3.1931758920837945,0.1,89845.82482080653
3,-95,-50,3,-80,100,8,0.5,0.6000764071664267,-0.011189963201329034,-0.0023287036883054557,12.0,-0.1015417517919347,-0.7418861693748016,-1.9375928769296373,-0.23233488991759343,-3.1931758920837945,0.1,89845.82482080653
3,-95,-50,3,-50,0,8,0.5,0.6000764071664267,-0.011189963201329034,-0.0023287036883054557,12.0,-0.1015417517919347,-0.7418861693748016,-1.9375928769296373,-0.23233488991759343,-3.1931758920837945,0.1,89845.82482080653
3,-95,-50,3,-50,50,8,0.5,0.6000764071664267,-0.011189963201329034,-0.0023287036883054557,12.0,-0.1015417517919347,-0.7418861693748016,-1.9375928769296373,-0.23233488991759343,-3.1931758920837945,0.1,89845.82482080653
3,-95,-50,3,-50,100,8,0.5,0.6000764071664267,-0.011189963201329034,-0.0023287036883054557,12.0,-0.1015417517919347,-0.7418861693748016,-1.9375928769296373,-0.23233488991759343,-3.1931758920837945,0.1,89845.82482080653
3,-95,-50,5,-100,0,8,0.5,0.6000764071664267,-0.011189963201329034,-0.0023287036883054557,12.0,-0.1015417517919347,-0.7418861693748016,-1.9375928769296373,-0.23233488991759343,-3.1931758920837945,0.1,89845.82482080653
3,-95,-50,5,-100,50,8,0.5,0.6000764071664267,-0.011189963201329034,-0.0023287036883054557,12.0,-0.1015417517919347,-0.7418861693748016,-1.9375928769296373,-0.23233488991759343,-3.1931758920837945,0.1,89845.82482080653
3,-95,-50,5,-100,100,8,0.5,0.6000764071664267,-0.011189963201329034,-0.0023287036883054557,12.0,-0.1015417517919347,-0.7418861693748016,-1.9375928769296373,-0.23233488991759343,-3.1931758920837945,0.1,89845.82482080653
3,-95,-50,5,-80,0,8,0.5,0.6000764071664267,-0.011189963201329034,-0.0023287036883054557,12.0,-0.1015417517919347,-0.7418861693748016,-1.9375928769296373,-0.23233488991759343,-3.1931758920837945,0.1,89845.82482080653
3,-95,-50,5,-80,50,8,0.5,0.6000764071664267,-0.011189963201329034,-0.0023287036883054557,12.0,-0.1015417517919347,-0.7418861693748016,-1.9375928769296373,-0.23233488991759343,-3.1931758920837945,0.1,89845.82482080653
3,-95,-50,5,-80,100,8,0.5,0.6000764071664267,-0.011189963201329034,-0.0023287036883054557,12.0,-0.1015417517919347,-0.7418861693748016,-1.9375928769296373,-0.23233488991759343,-3.1931758920837945,0.1,89845.82482080653
3,-95,-50,5,-50,0,8,0.5,0.6000764071664267,-0.011189963201329034,-0.0023287036883054557,12.0,-0.1015417517919347,-0.7418861693748016,-1.9375928769296373,-0.23233488991759343,-3.1931758920837945,0.1,89845.82482080653
3,-95,-50,5,-50,50,8,0.5,0.6000764071664267,-0.011189963201329034,-0.0023287036883054557,12.0,-0.1015417517919347,-0.7418861693748016,-1.9375928769296373,-0.23233488991759343,-3.1931758920837945,0.1,89845.82482080653
3,-95,-50,5,-50,100,8,0.5,0.6000764071664267,-0.011189963201329034,-0.0023287036883054557,12.0,-0.1015417517919347,-0.7418861693748016,-1.9375928769296373,-0.23233488991759343,-3.1931758920837945,0.1,89845.82482080653
3,-95,-50,7,-50,0,8,0.5,0.6000764071664267,-0.011189963201329034,-0.0023287036883054557,12.0,-0.1015417517919347,-0.7418861693748016,-1.9375928769296373,-0.23233488991759343,-3.1931758920837945,0.1,89845.82482080653
3,-95,-50,7,-50,50,8,0.5,0.6000764071664267,-0.011189963201329034,-0.0023287036883054557,12.0,-0.1015417517919347,-0.7418861693748016,-1.9375928769296373,-0.23233488991759343,-3.1931758920837945,0.1,89845.82482080653
3,-95,-50,7,-50,100,8,0.5,0.6000764071664267,-0.011189963201329034,-0.0023287036883054557,12.0,-0.1015417517919347,-0.7418861693748016,-1.9375928769296373,-0.23233488991759343,-3.1931758920837945,0.1,89845.82482080653
3,-95,-50,10,-50,0,8,0.5,0.6000764071664267,-0.011189963201329034,-0.0023287036883054557,12.0,-0.1015417517919347,-0.7418861693748016,-1.9375928769296373,-0.23233488991759343,-3.1931758920837945,0.1,89845.82482080653
3,-95,-50,10,-50,50,8,0.5,0.6000764071664267,-0.011189963201329034,-0.0023287036883054557,12.0,-0.1015417517919347,-0.7418861693748016,-1.9375928769296373,-0.23233488991759343,-3.1931758920837945,0.1,89845.82482080653
3,-95,-50,10,-50,100,8,0.5,0.6000764071664267,-0.011189963201329034,-0.0023287036883054557,12.0,-0.1015417517919347,-0.7418861693748016,-1.9375928769296373,-0.23233488991759343,-3.1931758920837945,0.1,89845.82482080653
4,-90,-50,10,-100,0,12,0.5,0.74787393530878,-0.005561137078373459,0.007695794197292993,9.083333333333334,-0.08217510219487933,-0.6619645617116696,-1.3273268834595475,-0.20722058429611045,-3.1944923037459785,0.15,91782.48978051207
4,-90,-50,10,-100,50,12,0.5,0.74787393530878,-0.005561137078373459,0.007695794197292993,9.083333333333334,-0.08217510219487933,-0.6619645617116696,-1.3273268834595475,-0.20722058429611045,-3.1944923037459785,0.15,91782.48978051207
4,-90,-50,10,-100,100,12,0.5,0.74787393530878,-0.005561137078373459,0.007695794197292993,9.083333333333334,-0.08217510219487933,-0.6619645617116696,-1.3273268834595475,-0.20722058429611045,-3.1944923037459785,0.15,91782.48978051207
3,-85,-50,7,-120,0,13,0.6153846153846154,0.7947826256200237,-0.004961861250917987,0.0179026217228464,11.076923076923077,-0.08322837644204828,-0.6668385822661465,-1.2066347540936206,-0.208067465651683,-3.2049151950669352,0.15,91677.16235579517
3,-85,-50,7,-120,50,13,0.6153846153846154,0.7947826256200237,-0.004961861250917987,0.0179026217228464,11.076923076923077,-0.08322837644204828,-0.6668385822661465,-1.2066347540936206,-0.208067465651683,-3.2049151950669352,0.15,91677.16235579517
3,-85,-50,7,-120,100,13,0.6153846153846154,0.7947826256200237,-0.004961861250917987,0.0179026217228464,11.076923076923077,-0.08322837644204828,-0.6668385822661465,-1.2066347540936206,-0.208067465651683,-3.2049151950669352,0.15,91677.16235579517
2,-80,-50,7,-80,0,17,0.5294117647058824,0.789049264769616,-0.004409561616006866,0.006953096740484721,8.470588235294118,-0.09483306722162377,-0.7164195561813257,-1.3767553572629239,-0.2234336805549566,-3.2064080688368395,0.15,90516.69327783762
2,-80,-50,7,-80,50,17,0.5294117647058824,0.789049264769616,-0.004409561616006866,0.006953096740484721,8.470588235294118,-0.09483306722162377,-0.7164195561813257,-1.3767553572629239,-0.2234336805549566,-3.2064080688368395,0.15,90516.69327783762
2,-80,-50,7,-80,100,17,0.5294117647058824,0.789049264769616,-0.004409561616006866,0.006953096740484721,8.470588235294118,-0.09483306722162377,-0.7164195561813257,-1.3767553572629239,-0.2234336805549566,-3.2064080688368395,0.15,90516.69327783762
3,-90,-30,5,-120,0,12,0.5833333333333334,0.7515019829394365,-0.005429114439909732,0.008910287679647522,9.0,-0.08063379712097962,-0.6547137367900113,-1.298914652236318,-0.20179135532296288,-3.244508347456984,0.14615384615384616,91936.62028790204
3,-85,-50,10,-80,0,14,0.5714285714285714,0.7423728455400482,-0.006328626318079955,0.012807024092495345,10.785714285714286,-0.10590429176332194,-0.7572979600946153,-1.6334226339691256,-0.23186551873648364,-3.2661085797551825,0.17692307692307693,89409.5708236678
3,-85,-50,10,-80,50,14,0.5714285714285714,0.7423728455400482,-0.006328626318079955,0.012807024092495345,10.785714285714286,-0.10590429176332194,-0.7572979600946153,-1.6334226339691256,-0.23186551873648364,-3.2661085797551825,0.17692307692307693,89409.5708236678
3,-85,-50,10,-80,100,14,0.5714285714285714,0.7423728455400482,-0.006328626318079955,0.012807024092495345,10.785714285714286,-0.10590429176332194,-0.7572979600946153,-1.6334226339691256,-0.23186551873648364,-3.2661085797551825,0.17692307692307693,89409.5708236678
3,-80,-50,10,-80,0,14,0.5714285714285714,0.7423728455400482,-0.006328626318079955,0.012807024092495345,10.785714285714286,-0.10590429176332194,-0.7572979600946153,-1.6334226339691256,-0.23186551873648364,-3.2661085797551825,0.17692307692307693,89409.5708236678
3,-80,-50,10,-80,50,14,0.5714285714285714,0.7423728455400482,-0.006328626318079955,0.012807024092495345,10.785714285714286,-0.10590429176332194,-0.7572979600946153,-1.6334226339691256,-0.23186551873648364,-3.2661085797551825,0.17692307692307693,89409.5708236678
3,-80,-50,10,-80,100,14,0.5714285714285714,0.7423728455400482,-0.006328626318079955,0.012807024092495345,10.785714285714286,-0.10590429176332194,-0.7572979600946153,-1.6334226339691256,-0.23186551873648364,-3.2661085797551825,0.17692307692307693,89409.5708236678
2,-90,-30,10,-80,0,12,0.5,0.7365702424052117,-0.00589963190534377,0.0069936563773486116,9.083333333333334,-0.0859835217886038,-0.679283586704654,-1.4064478074644071,-0.20722058429611034,-3.278070028670432,0.15,91401.64782113962
2,-90,-30,10,-80,50,12,0.5,0.7365702424052117,-0.00589963190534377,0.0069936563773486116,9.083333333333334,-0.0859835217886038,-0.679283586704654,-1.4064478074644071,-0.20722058429611034,-3.278070028670432,0.15,91401.64782113962
2,-90,-30,10,-80,100,12,0.5,0.7365702424052117,-0.00589963190534377,0.0069936563773486116,9.083333333333334,-0.0859835217886038,-0.679283586704654,-1.4064478074644071,-0.20722058429611034,-3.278070028670432,0.15,91401.64782113962
3,-85,-50,10,-100,0,13,0.5384615384615384,0.7660730294281589,-0.005815874379578594,0.0179026217228464,11.307692307692308,-0.09338400132048275,-0.710623489481415,-1.4047269438735244,-0.21510274125641038,-3.3036468309547278,0.16153846153846155,90661.59986795172
3,-85,-50,10,-100,50,13,0.5384615384615384,0.7660730294281589,-0.005815874379578594,0.0179026217228464,11.307692307692308,-0.09338400132048275,-0.710623489481415,-1.4047269438735244,-0.21510274125641038,-3.3036468309547278,0.16153846153846155,90661.59986795172
3,-85,-50,10,-100,100,13,0.5384615384615384,0.7660730294281589,-0.005815874379578594,0.0179026217228464,11.307692307692308,-0.09338400132048275,-0.710623489481415,-1.4047269438735244,-0.21510274125641038,-3.3036468309547278,0.16153846153846155,90661.59986795172
3,-80,-50,10,-100,0,13,0.5384615384615384,0.7660730294281589,-0.005815874379578594,0.0179026217228464,11.307692307692308,-0.09338400132048275,-0.710623489481415,-1.4047269438735244,-0.21510274125641038,-3.3036468309547278,0.16153846153846155,90661.59986795172
3,-80,-50,10,-100,50,13,0.5384615384615384,0.7660730294281589,-0.005815874379578594,0.0179026217228464,11.307692307692308,-0.09338400132048275,-0.710623489481415,-1.4047269438735244,-0.21510274125641038,-3.3036468309547278,0.16153846153846155,90661.59986795172
3,-80,-50,10,-100,100,13,0.5384615384615384,0.7660730294281589,-0.005815874379578594,0.0179026217228464,11.307692307692308,-0.09338400132048275,-0.710623489481415,-1.4047269438735244,-0.21510274125641038,-3.3036468309547278,0.16153846153846155,90661.59986795172
3,-90,-40,10,-80,0,12,0.5,0.731847809009949,-0.006044144316697965,0.0069936563773486116,9.25,-0.08758437306783451,-0.6863165280972408,-1.4383167403800998,-0.20722058429611034,-3.3120094242979286,0.1576923076923077,91241.56269321655
3,-90,-40,10,-80,50,12,0.5,0.731847809009949,-0.006044144316697965,0.0069936563773486116,9.25,-0.08758437306783451,-0.6863165280972408,-1.4383167403800998,-0.20722058429611034,-3.3120094242979286,0.1576923076923077,91241.56269321655
3,-90,-40,10,-80,100,12,0.5,0.731847809009949,-0.006044144316697965,0.0069936563773486116,9.25,-0.08758437306783451,-0.6863165280972408,-1.4383167403800998,-0.20722058429611034,-3.3120094242979286,0.1576923076923077,91241.56269321655
3,-85,-50,7,-100,0,14,0.5714285714285714,0.7461429199691226,-0.006071016710268995,0.010060555952754457,10.642857142857142,-0.10259142015993739,-0.7456745764402011,-1.5788044312727914,-0.22479379518694242,-3.317149282612917,0.16923076923076924,89740.85798400626
3,-85,-50,7,-100,50,14,0.5714285714285714,0.7461429199691226,-0.006071016710268995,0.010060555952754457,10.642857142857142,-0.10259142015993739,-0.7456745764402011,-1.5788044312727914,-0.22479379518694242,-3.317149282612917,0.16923076923076924,89740.85798400626
3,-85,-50,7,-100,100,14,0.5714285714285714,0.7461429199691226,-0.006071016710268995,0.010060555952754457,10.642857142857142,-0.10259142015993739,-0.7456745764402011,-1.5788044312727914,-0.22479379518694242,-3.317149282612917,0.16923076923076924,89740.85798400626
3,-80,-50,7,-100,0,14,0.5714285714285714,0.7461429199691226,-0.006071016710268995,0.010060555952754457,10.642857142857142,-0.10259142015993739,-0.7456745764402011,-1.5788044312727914,-0.22479379518694242,-3.317149282612917,0.16923076923076924,89740.85798400626
3,-80,-50,7,-100,50,14,0.5714285714285714,0.7461429199691226,-0.006071016710268995,0.010060555952754457,10.642857142857142,-0.10259142015993739,-0.7456745764402011,-1.5788044312727914,-0.22479379518694242,-3.317149282612917,0.16923076923076924,89740.85798400626
3,-80,-50,7,-100,100,14,0.5714285714285714,0.7461429199691226,-0.006071016710268995,0.010060555952754457,10.642857142857142,-0.10259142015993739,-0.7456745764402011,-1.5788044312727914,-0.22479379518694242,-3.317149282612917,0.16923076923076924,89740.85798400626
3,-80,-40,3,-100,0,13,0.38461538461538464,0.23223810540754716,-0.01989734632319847,-0.0092592592592593,11.692307692307692,-0.24188609481819745,-0.9698835712635735,-5.1636266640690245,-0.29152286416975703,-3.3269554140316053,0.18076923076923077,75811.39051818025
3,-80,-40,3,-100,50,13,0.38461538461538464,0.23223810540754716,-0.01989734632319847,-0.0092592592592593,11.692307692307692,-0.24188609481819745,-0.9698835712635735,-5.1636266640690245,-0.29152286416975703,-3.3269554140316053,0.18076923076923077,75811.39051818025
3,-80,-50,3,-100,0,13,0.38461538461538464,0.2203086611873324,-0.02020651025118801,-0.0092592592592593,11.615384615384615,-0.2448999848761676,-0.9713633957490541,-5.245050546579003,-0.29152286416975703,-3.332031600730357,0.17692307692307693,75510.00151238324
3,-80,-50,3,-100,50,13,0.38461538461538464,0.2203086611873324,-0.02020651025118801,-0.0092592592592593,11.615384615384615,-0.2448999848761676,-0.9713633957490541,-5.245050546579003,-0.29152286416975703,-3.332031600730357,0.17692307692307693,75510.00151238324
4,-90,-50,10,-80,0,12,0.5,0.7230175554936904,-0.006319426310776394,0.0031460588028753844,9.25,-0.09054784728368981,-0.6989623103462363,-1.5042131439700104,-0.2079435257492096,-3.3613083544097457,0.1576923076923077,90945.21527163102
4,-90,-50,10,-80,50,12,0.5,0.7230175554936904,-0.006319426310776394,0.0031460588028753844,9.25,-0.09054784728368981,-0.6989623103462363,-1.5042131439700104,-0.2079435257492096,-3.3613083544097457,0.1576923076923077,90945.21527163102
4,-90,-50,10,-80,100,12,0.5,0.7230175554936904,-0.006319426310776394,0.0031460588028753844,9.25,-0.09054784728368981,-0.6989623103462363,-1.5042131439700104,-0.2079435257492096,-3.3613083544097457,0.1576923076923077,90945.21527163102
3,-85,-40,3,-100,0,10,0.4,0.22960716411327262,-0.025080846901575617,-0.01582002142299843,14.3,-0.23586682819734095,-0.9667151653834621,-5.090019892307508,-0.2873902062804753,-3.3637721267370093,0.14615384615384616,76413.3171802659
3,-85,-40,3,-100,50,10,0.4,0.22960716411327262,-0.025080846901575617,-0.01582002142299843,14.3,-0.23586682819734095,-0.9667151653834621,-5.090019892307508,-0.2873902062804753,-3.3637721267370093,0.14615384615384616,76413.3171802659
3,-90,-50,7,-120,0,12,0.5833333333333334,0.7269441126765867,-0.006265633404174696,0.010060555952754457,8.833333333333334,-0.09013166227438518,-0.6972151633022292,-1.5061794742504788,-0.20722058429611045,-3.3646037900652517,0.13846153846153847,90986.83377256148
3,-90,-50,7,-120,50,12,0.5833333333333334,0.7269441126765867,-0.006265633404174696,0.010060555952754457,8.833333333333334,-0.09013166227438518,-0.6972151633022292,-1.5061794742504788,-0.20722058429611045,-3.3646037900652517,0.13846153846153847,90986.83377256148
3,-90,-50,7,-120,100,12,0.5833333333333334,0.7269441126765867,-0.006265633404174696,0.010060555952754457,8.833333333333334,-0.09013166227438518,-0.6972151633022292,-1.5061794742504788,-0.20722058429611045,-3.3646037900652517,0.13846153846153847,90986.83377256148
4,-90,-50,5,-120,0,11,0.5454545454545454,0.6944718500587643,-0.007606013052690697,0.0109722278043487,9.909090909090908,-0.0995036152626898,-0.7343814041103932,-1.689517092527018,-0.2181744374038893,-3.3660286367595402,0.15,90049.63847373101
4,-90,-50,5,-120,50,11,0.5454545454545454,0.6944718500587643,-0.007606013052690697,0.0109722278043487,9.909090909090908,-0.0995036152626898,-0.7343814041103932,-1.689517092527018,-0.2181744374038893,-3.3660286367595402,0.15,90049.63847373101
4,-90,-50,5,-120,100,11,0.5454545454545454,0.6944718500587643,-0.007606013052690697,0.0109722278043487,9.909090909090908,-0.0995036152626898,-0.7343814041103932,-1.689517092527018,-0.2181744374038893,-3.3660286367595402,0.15,90049.63847373101
3,-85,-50,3,-100,0,10,0.4,0.21726184822245995,-0.025482760007962013,-0.01582002142299843,14.2,-0.23890464791509014,-0.9683506751476443,-5.1726301098128,-0.2873902062804753,-3.369463029657292,0.1423076923076923,76109.53520849098
3,-85,-50,3,-100,50,10,0.4,0.21726184822245995,-0.025482760007962013,-0.01582002142299843,14.2,-0.23890464791509014,-0.9683506751476443,-5.1726301098128,-0.2873902062804753,-3.369463029657292,0.1423076923076923,76109.53520849098
4,-80,-50,3,-100,50,12,0.3333333333333333,0.29691382839651376,-0.018691858424398466,-0.010434881688177466,12.666666666666666,-0.21524134464736022,-0.9533819508646091,-4.3605626379584015,-0.28063364056922524,-3.397247560665963,0.18076923076923077,78475.86553526398
4,-80,-40,3,-100,50,12,0.3333333333333333,0.29691382839651376,-0.018691858424398466,-0.010434881688177466,12.666666666666666,-0.21524134464736022,-0.9533819508646091,-4.3605626379584015,-0.28063364056922524,-3.397247560665963,0.18076923076923077,78475.86553526398
4,-80,-30,3,-100,50,12,0.3333333333333333,0.29691382839651376,-0.018691858424398466,-0.010434881688177466,12.666666666666666,-0.21524134464736022,-0.9533819508646091,-4.3605626379584015,-0.28063364056922524,-3.397247560665963,0.18076923076923077,78475.86553526398
4,-80,-20,3,-100,50,12,0.3333333333333333,0.29691382839651376,-0.018691858424398466,-0.010434881688177466,12.666666666666666,-0.21524134464736022,-0.9533819508646091,-4.3605626379584015,-0.28063364056922524,-3.397247560665963,0.18076923076923077,78475.86553526398
3,-90,-50,10,-120,0,11,0.5454545454545454,0.7188873081171095,-0.007036917366614442,0.0179026217228464,9.454545454545455,-0.0921457280639636,-0.705584327461658,-1.5510931964732997,-0.20722058429611045,-3.4049914966623414,0.13076923076923078,90785.42719360364
3,-90,-50,10,-120,50,11,0.5454545454545454,0.7188873081171095,-0.007036917366614442,0.0179026217228464,9.454545454545455,-0.0921457280639636,-0.705584327461658,-1.5510931964732997,-0.20722058429611045,-3.4049914966623414,0.13076923076923078,90785.42719360364
3,-90,-50,10,-120,100,11,0.5454545454545454,0.7188873081171095,-0.007036917366614442,0.0179026217228464,9.454545454545455,-0.0921457280639636,-0.705584327461658,-1.5510931964732997,-0.20722058429611045,-3.4049914966623414,0.13076923076923078,90785.42719360364
3,-90,-50,7,-100,0,13,0.5384615384615384,0.7203748543630423,-0.005976818013719751,0.0022184901826625136,8.461538461538462,-0.09241637199474284,-0.7066925660744947,-1.5509207728371133,-0.20722058429611034,-3.4103396073078236,0.15384615384615385,90758.36280052572
3,-90,-50,7,-100,50,13,0.5384615384615384,0.7203748543630423,-0.005976818013719751,0.0022184901826625136,8.461538461538462,-0.09241637199474284,-0.7066925660744947,-1.5509207728371133,-0.20722058429611034,-3.4103396073078236,0.15384615384615385,90758.36280052572
3,-90,-50,7,-100,100,13,0.5384615384615384,0.7203748543630423,-0.005976818013719751,0.0022184901826625136,8.461538461538462,-0.09241637199474284,-0.7066925660744947,-1.5509207728371133,-0.20722058429611034,-3.4103396073078236,0.15384615384615385,90758.36280052572
3,-80,-30,3,-100,0,13,0.38461538461538464,0.24130294018387186,-0.018923779233525055,-0.0092592592592593,11.76923076923077,-0.23163061056863687,-0.9643043059748347,-4.877781854558165,-0.2819388477600615,-3.4202605055529167,0.18461538461538463,76836.93894313631
3,-80,-30,3,-100,50,13,0.38461538461538464,0.24130294018387186,-0.018923779233525055,-0.0092592592592593,11.76923076923077,-0.23163061056863687,-0.9643043059748347,-4.877781854558165,-0.2819388477600615,-3.4202605055529167,0.18461538461538463,76836.93894313631
3,-80,-20,3,-100,0,13,0.38461538461538464,0.24130294018387186,-0.018923779233525055,-0.0092592592592593,11.76923076923077,-0.23163061056863687,-0.9643043059748347,-4.877781854558165,-0.2819388477600615,-3.4202605055529167,0.18461538461538463,76836.93894313631
3,-80,-20,3,-100,50,13,0.38461538461538464,0.24130294018387186,-0.018923779233525055,-0.0092592592592593,11.76923076923077,-0.23163061056863687,-0.9643043059748347,-4.877781854558165,-0.2819388477600615,-3.4202605055529167,0.18461538461538463,76836.93894313631
3,-80,-30,10,-120,0,12,0.5833333333333334,0.727140243708692,-0.006484468581473557,0.013658543926865163,9.25,-0.09333071854698571,-0.710408300755669,-1.5033637510173603,-0.20722058429611045,-3.4282709083597704,0.1576923076923077,90666.92814530143
3,-80,-30,10,-120,50,12,0.5833333333333334,0.727140243708692,-0.006484468581473557,0.013658543926865163,9.25,-0.09333071854698571,-0.710408300755669,-1.5033637510173603,-0.20722058429611045,-3.4282709083597704,0.1576923076923077,90666.92814530143
3,-80,-30,10,-120,100,12,0.5833333333333334,0.727140243708692,-0.006484468581473557,0.013658543926865163,9.25,-0.09333071854698571,-0.710408300755669,-1.5033637510173603,-0.20722058429611045,-3.4282709083597704,0.1576923076923077,90666.92814530143
3,-90,-50,10,-100,0,12,0.5,0.7123908576431364,-0.006659760363418273,0.007695794197292993,9.0,-0.0944253803979982,-0.7147997688342995,-1.5957749987589736,-0.20722058429611034,-3.449463147024418,0.14615384615384616,90557.46196020018
3,-90,-50,10,-100,50,12,0.5,0.7123908576431364,-0.006659760363418273,0.007695794197292993,9.0,-0.0944253803979982,-0.7147997688342995,-1.5957749987589736,-0.20722058429611034,-3.449463147024418,0.14615384615384616,90557.46196020018
3,-90,-50,10,-100,100,12,0.5,0.7123908576431364,-0.006659760363418273,0.007695794197292993,9.0,-0.0944253803979982,-0.7147997688342995,-1.5957749987589736,-0.20722058429611034,-3.449463147024418,0.14615384615384616,90557.46196020018
3,-85,-30,3,-100,0,10,0.4,0.23889437259668142,-0.02381520968500017,-0.01582002142299843,14.4,-0.22552991753731333,-0.9605489321941716,-4.800033619160451,-0.27775028480479624,-3.4583184419387663,0.15,77447.00824626867
3,-85,-30,3,-100,50,10,0.4,0.23889437259668142,-0.02381520968500017,-0.01582002142299843,14.4,-0.22552991753731333,-0.9605489321941716,-4.800033619160451,-0.27775028480479624,-3.4583184419387663,0.15,77447.00824626867
3,-85,-20,3,-100,0,10,0.4,0.23889437259668142,-0.02381520968500017,-0.01582002142299843,14.4,-0.22552991753731333,-0.9605489321941716,-4.800033619160451,-0.27775028480479624,-3.4583184419387663,0.15,77447.00824626867
3,-85,-20,3,-100,50,10,0.4,0.23889437259668142,-0.02381520968500017,-0.01582002142299843,14.4,-0.22552991753731333,-0.9605489321941716,-4.800033619160451,-0.27775028480479624,-3.4583184419387663,0.15,77447.00824626867
4,-80,-50,3,-100,0,12,0.3333333333333333,0.1684476026325176,-0.02210719014514756,-0.010434881688177466,12.583333333333334,-0.24600678918183427,-0.9718898102564519,-5.288818627962791,-0.2809276995797565,-3.4595727360111335,0.17692307692307693,75399.32108181657
4,-80,-40,3,-100,0,12,0.3333333333333333,0.1684476026325176,-0.02210719014514756,-0.010434881688177466,12.583333333333334,-0.24600678918183427,-0.9718898102564519,-5.288818627962791,-0.2809276995797565,-3.4595727360111335,0.17692307692307693,75399.32108181657
4,-80,-30,3,-100,0,12,0.3333333333333333,0.1684476026325176,-0.02210719014514756,-0.010434881688177466,12.583333333333334,-0.24600678918183427,-0.9718898102564519,-5.288818627962791,-0.2809276995797565,-3.4595727360111335,0.17692307692307693,75399.32108181657
4,-80,-20,3,-100,0,12,0.3333333333333333,0.1684476026325176,-0.02210719014514756,-0.010434881688177466,12.583333333333334,-0.24600678918183427,-0.9718898102564519,-5.288818627962791,-0.2809276995797565,-3.4595727360111335,0.17692307692307693,75399.32108181657
2,-80,-50,3,-100,0,15,0.4666666666666667,0.2724838555059132,-0.01672655834277374,-0.007619442418997591,10.0,-0.23628921159086402,-0.9669471347371801,-4.911787406074792,-0.27945120621062836,-3.460164469672646,0.17307692307692307,76371.0788409136
2,-80,-50,3,-100,50,15,0.4666666666666667,0.2724838555059132,-0.01672655834277374,-0.007619442418997591,10.0,-0.23628921159086402,-0.9669471347371801,-4.911787406074792,-0.27945120621062836,-3.460164469672646,0.17307692307692307,76371.0788409136
2,-80,-50,3,-100,100,15,0.4666666666666667,0.2724838555059132,-0.01672655834277374,-0.007619442418997591,10.0,-0.23628921159086402,-0.9669471347371801,-4.911787406074792,-0.27945120621062836,-3.460164469672646,0.17307692307692307,76371.0788409136
2,-80,-30,3,-100,0,15,0.4666666666666667,0.2923490871937003,-0.01581286129353964,-0.0020900410493641663,10.266666666666667,-0.22548493470947895,-0.9605199392765208,-4.629982236452123,-0.27619555404037555,-3.477680669458233,0.18846153846153846,77451.5065290521
2,-80,-30,3,-100,50,15,0.4666666666666667,0.2923490871937003,-0.01581286129353964,-0.0020900410493641663,10.266666666666667,-0.22548493470947895,-0.9605199392765208,-4.629982236452123,-0.27619555404037555,-3.477680669458233,0.18846153846153846,77451.5065290521
2,-80,-20,3,-100,0,15,0.4666666666666667,0.2923490871937003,-0.01581286129353964,-0.0020900410493641663,10.266666666666667,-0.22548493470947895,-0.9605199392765208,-4.629982236452123,-0.27619555404037555,-3.477680669458233,0.18846153846153846,77451.5065290521
2,-80,-20,3,-100,50,15,0.4666666666666667,0.2923490871937003,-0.01581286129353964,-0.0020900410493641663,10.266666666666667,-0.22548493470947895,-0.9605199392765208,-4.629982236452123,-0.27619555404037555,-3.477680669458233,0.18846153846153846,77451.5065290521
2,-80,-40,3,-100,0,15,0.4666666666666667,0.2811342351351632,-0.01601912522566343,-0.0020900410493641663,10.133333333333333,-0.2278395931054461,-0.962011513647362,-4.69111455543447,-0.2755158488661217,-3.491673954897678,0.18076923076923077,77216.04068945539
2,-80,-40,3,-100,50,15,0.4666666666666667,0.2811342351351632,-0.01601912522566343,-0.0020900410493641663,10.133333333333333,-0.2278395931054461,-0.962011513647362,-4.69111455543447,-0.2755158488661217,-3.491673954897678,0.18076923076923077,77216.04068945539
2,-80,-40,3,-100,100,15,0.4666666666666667,0.2811342351351632,-0.01601912522566343,-0.0020900410493641663,10.133333333333333,-0.2278395931054461,-0.962011513647362,-4.69111455543447,-0.2755158488661217,-3.491673954897678,0.18076923076923077,77216.04068945539
5,-80,-50,3,-100,50,12,0.4166666666666667,0.34815451105893236,-0.017216070111299785,-0.010434881688177466,12.666666666666666,-0.20151989867154452,-0.9419539179534417,-4.032304319728089,-0.2695853678581117,-3.494083990675678,0.18076923076923077,79848.01013284555
5,-80,-40,3,-100,50,12,0.4166666666666667,0.34815451105893236,-0.017216070111299785,-0.010434881688177466,12.666666666666666,-0.20151989867154452,-0.9419539179534417,-4.032304319728089,-0.2695853678581117,-3.494083990675678,0.18076923076923077,79848.01013284555
5,-80,-30,3,-100,50,12,0.4166666666666667,0.34815451105893236,-0.017216070111299785,-0.010434881688177466,12.666666666666666,-0.20151989867154452,-0.9419539179534417,-4.032304319728089,-0.2695853678581117,-3.494083990675678,0.18076923076923077,79848.01013284555
5,-80,-20,3,-100,50,12,0.4166666666666667,0.34815451105893236,-0.017216070111299785,-0.010434881688177466,12.666666666666666,-0.20151989867154452,-0.9419539179534417,-4.032304319728089,-0.2695853678581117,-3.494083990675678,0.18076923076923077,79848.01013284555
2,-90,-30,5,-120,0,12,0.5833333333333334,0.7155216237971451,-0.0065277377249545465,0.008910287679647522,8.916666666666666,-0.09290464723928249,-0.7086822535990043,-1.5678749502355798,-0.20179135532296288,-3.5119554673924114,0.1423076923076923,90709.53527607175
3,-90,-40,5,-120,0,12,0.5833333333333334,0.7155216237971451,-0.0065277377249545465,0.008910287679647522,8.916666666666666,-0.09290464723928249,-0.7086822535990043,-1.5678749502355798,-0.20179135532296288,-3.5119554673924114,0.1423076923076923,90709.53527607175
2,-85,-50,3,-100,0,12,0.5,0.307975889363116,-0.01891481455377537,-0.0034622422448120638,11.75,-0.2180246457701568,-0.9554306180231974,-4.52716288742341,-0.2678403640949928,-3.5671644236726863,0.13846153846153847,78197.53542298432
2,-85,-50,3,-100,50,12,0.5,0.307975889363116,-0.01891481455377537,-0.0034622422448120638,11.75,-0.2180246457701568,-0.9554306180231974,-4.52716288742341,-0.2678403640949928,-3.5671644236726863,0.13846153846153847,78197.53542298432
2,-85,-50,3,-100,100,12,0.5,0.307975889363116,-0.01891481455377537,-0.0034622422448120638,11.75,-0.2180246457701568,-0.9554306180231974,-4.52716288742341,-0.2678403640949928,-3.5671644236726863,0.13846153846153847,78197.53542298432
5,-80,-50,3,-100,0,12,0.4166666666666667,0.21884111020641045,-0.02063140183204888,-0.010434881688177466,12.583333333333334,-0.2328232746862543,-0.9649988274829032,-4.953315668931095,-0.26988394312673447,-3.575606671159946,0.17692307692307693,76717.67253137457
5,-80,-40,3,-100,0,12,0.4166666666666667,0.21884111020641045,-0.02063140183204888,-0.010434881688177466,12.583333333333334,-0.2328232746862543,-0.9649988274829032,-4.953315668931095,-0.26988394312673447,-3.575606671159946,0.17692307692307693,76717.67253137457
5,-80,-30,3,-100,0,12,0.4166666666666667,0.21884111020641045,-0.02063140183204888,-0.010434881688177466,12.583333333333334,-0.2328232746862543,-0.9649988274829032,-4.953315668931095,-0.26988394312673447,-3.575606671159946,0.17692307692307693,76717.67253137457
5,-80,-20,3,-100,0,12,0.4166666666666667,0.21884111020641045,-0.02063140183204888,-0.010434881688177466,12.583333333333334,-0.2328232746862543,-0.9649988274829032,-4.953315668931095,-0.26988394312673447,-3.575606671159946,0.17692307692307693,76717.67253137457
3,-90,-50,5,-120,0,12,0.5833333333333334,0.7009255017437166,-0.006862665313609878,0.006900722147715532,8.833333333333334,-0.09651081465901978,-0.7229966710869512,-1.6465309708694142,-0.20179135532296288,-3.582892190449933,0.13846153846153847,90348.91853409802
3,-90,-50,5,-120,50,12,0.5833333333333334,0.7009255017437166,-0.006862665313609878,0.006900722147715532,8.833333333333334,-0.09651081465901978,-0.7229966710869512,-1.6465309708694142,-0.20179135532296288,-3.582892190449933,0.13846153846153847,90348.91853409802
3,-90,-50,5,-120,100,12,0.5833333333333334,0.7009255017437166,-0.006862665313609878,0.006900722147715532,8.833333333333334,-0.09651081465901978,-0.7229966710869512,-1.6465309708694142,-0.20179135532296288,-3.582892190449933,0.13846153846153847,90348.91853409802
3,-80,-40,3,-100,100,13,0.46153846153846156,0.30747933482025636,-0.017158836960457023,-0.0020900410493641663,11.76923076923077,-0.21449124932255925,-0.9528151927027438,-4.358462265412744,-0.26592166949359897,-3.5830671284412916,0.18461538461538463,78550.87506774407
3,-85,-30,10,-120,0,11,0.5454545454545454,0.6941276575343853,-0.007929826282596964,0.0179026217228464,9.727272727272727,-0.10178691521203886,-0.7427756225223785,-1.6854088003273575,-0.20722058429611045,-3.5844683338069347,0.1423076923076923,89821.30847879611
3,-85,-30,10,-120,50,11,0.5454545454545454,0.6941276575343853,-0.007929826282596964,0.0179026217228464,9.727272727272727,-0.10178691521203886,-0.7427756225223785,-1.6854088003273575,-0.20722058429611045,-3.5844683338069347,0.1423076923076923,89821.30847879611
3,-85,-30,10,-120,100,11,0.5454545454545454,0.6941276575343853,-0.007929826282596964,0.0179026217228464,9.727272727272727,-0.10178691521203886,-0.7427756225223785,-1.6854088003273575,-0.20722058429611045,-3.5844683338069347,0.1423076923076923,89821.30847879611
3,-90,-50,10,-80,0,12,0.5,0.6898015389392871,-0.007418049595821208,0.0031460588028753844,9.166666666666666,-0.10268637382599966,-0.7460147400119335,-1.7730302802374953,-0.2079435257492097,-3.587583394693733,0.15384615384615385,89731.36261740004
3,-90,-50,10,-80,50,12,0.5,0.6898015389392871,-0.007418049595821208,0.0031460588028753844,9.166666666666666,-0.10268637382599966,-0.7460147400119335,-1.7730302802374953,-0.2079435257492097,-3.587583394693733,0.15384615384615385,89731.36261740004
3,-90,-50,10,-80,100,12,0.5,0.6898015389392871,-0.007418049595821208,0.0031460588028753844,9.166666666666666,-0.10268637382599966,-0.7460147400119335,-1.7730302802374953,-0.2079435257492097,-3.587583394693733,0.15384615384615385,89731.36261740004
2,-85,-40,5,-120,50,14,0.5714285714285714,0.7433122588527971,-0.005715189944074098,0.006900722147715532,10.214285714285714,-0.09686910196025711,-0.7243828993266614,-1.4923894221808587,-0.201791355322963,-3.589761802071755,0.14615384615384616,90313.08980397429
2,-85,-40,5,-120,100,14,0.5714285714285714,0.7433122588527971,-0.005715189944074098,0.006900722147715532,10.214285714285714,-0.09686910196025711,-0.7243828993266614,-1.4923894221808587,-0.201791355322963,-3.589761802071755,0.14615384615384616,90313.08980397429
2,-80,-40,5,-120,50,14,0.5714285714285714,0.7433122588527971,-0.005715189944074098,0.006900722147715532,10.214285714285714,-0.09686910196025711,-0.7243828993266614,-1.4923894221808587,-0.201791355322963,-3.589761802071755,0.14615384615384616,90313.08980397429
2,-80,-40,5,-120,100,14,0.5714285714285714,0.7433122588527971,-0.005715189944074098,0.006900722147715532,10.214285714285714,-0.09686910196025711,-0.7243828993266614,-1.4923894221808587,-0.201791355322963,-3.589761802071755,0.14615384615384616,90313.08980397429
3,-80,-50,3,-100,100,13,0.46153846153846156,0.2950016587659701,-0.01746800088844656,-0.0020900410493641663,11.692307692307692,-0.2176140478861176,-0.9551337024368249,-4.437858275637452,-0.26592166949359897,-3.591785897913882,0.18076923076923077,78238.59521138824
2,-85,-30,3,-100,0,12,0.5,0.32434032214124864,-0.0182334766897022,-0.0035456634249858565,12.0,-0.21135618823258073,-0.9503770322788125,-4.354860922371019,-0.2645322507123169,-3.5926698151915053,0.15,78864.38117674192
2,-85,-30,3,-100,50,12,0.5,0.32434032214124864,-0.0182334766897022,-0.0035456634249858565,12.0,-0.21135618823258073,-0.9503770322788125,-4.354860922371019,-0.2645322507123169,-3.5926698151915053,0.15,78864.38117674192
2,-85,-20,3,-100,0,12,0.5,0.32434032214124864,-0.0182334766897022,-0.0035456634249858565,12.0,-0.21135618823258073,-0.9503770322788125,-4.354860922371019,-0.2645322507123169,-3.5926698151915053,0.15,78864.38117674192
2,-85,-20,3,-100,50,12,0.5,0.32434032214124864,-0.0182334766897022,-0.0035456634249858565,12.0,-0.21135618823258073,-0.9503770322788125,-4.354860922371019,-0.2645322507123169,-3.5926698151915053,0.15,78864.38117674192
2,-85,-40,3,-100,0,12,0.5,0.31282295973459306,-0.018491306604856938,-0.0034622422448120638,11.833333333333334,-0.21375380043668835,-0.9522518102173883,-4.416841317156294,-0.26384159284543274,-3.6091800384757735,0.1423076923076923,78624.61995633117
2,-85,-40,3,-100,50,12,0.5,0.31282295973459306,-0.018491306604856938,-0.0034622422448120638,11.833333333333334,-0.21375380043668835,-0.9522518102173883,-4.416841317156294,-0.26384159284543274,-3.6091800384757735,0.1423076923076923,78624.61995633117
2,-85,-40,3,-100,100,12,0.5,0.31282295973459306,-0.018491306604856938,-0.0034622422448120638,11.833333333333334,-0.21375380043668835,-0.9522518102173883,-4.416841317156294,-0.26384159284543274,-3.6091800384757735,0.1423076923076923,78624.61995633117
4,-85,-50,3,-100,0,9,0.3333333333333333,0.19451049782356686,-0.02753664618102451,-0.014802753312116002,15.666666666666666,-0.2329668795438773,-0.9650816077853159,-5.061716137033998,-0.26648915095951287,-3.621466781332268,0.13846153846153847,76703.31204561227
4,-85,-50,3,-100,50,9,0.3333333333333333,0.19451049782356686,-0.02753664618102451,-0.014802753312116002,15.666666666666666,-0.2329668795438773,-0.9650816077853159,-5.061716137033998,-0.26648915095951287,-3.621466781332268,0.13846153846153847,76703.31204561227
4,-85,-40,3,-100,0,9,0.3333333333333333,0.19451049782356686,-0.02753664618102451,-0.014802753312116002,15.666666666666666,-0.2329668795438773,-0.9650816077853159,-5.061716137033998,-0.26648915095951287,-3.621466781332268,0.13846153846153847,76703.31204561227
4,-85,-40,3,-100,50,9,0.3333333333333333,0.19451049782356686,-0.02753664618102451,-0.014802753312116002,15.666666666666666,-0.2329668795438773,-0.9650816077853159,-5.061716137033998,-0.26648915095951287,-3.621466781332268,0.13846153846153847,76703.31204561227
4,-85,-30,3,-100,0,9,0.3333333333333333,0.19451049782356686,-0.02753664618102451,-0.014802753312116002,15.666666666666666,-0.2329668795438773,-0.9650816077853159,-5.061716137033998,-0.26648915095951287,-3.621466781332268,0.13846153846153847,76703.31204561227
4,-85,-30,3,-100,50,9,0.3333333333333333,0.19451049782356686,-0.02753664618102451,-0.014802753312116002,15.666666666666666,-0.2329668795438773,-0.9650816077853159,-5.061716137033998,-0.26648915095951287,-3.621466781332268,0.13846153846153847,76703.31204561227
4,-85,-20,3,-100,0,9,0.3333333333333333,0.19451049782356686,-0.02753664618102451,-0.014802753312116002,15.666666666666666,-0.2329668795438773,-0.9650816077853159,-5.061716137033998,-0.26648915095951287,-3.621466781332268,0.13846153846153847,76703.31204561227
4,-85,-20,3,-100,50,9,0.3333333333333333,0.19451049782356686,-0.02753664618102451,-0.014802753312116002,15.666666666666666,-0.2329668795438773,-0.9650816077853159,-5.061716137033998,-0.26648915095951287,-3.621466781332268,0.13846153846153847,76703.31204561227
3,-85,-40,3,-100,100,10,0.5,0.3074709944838782,-0.021520784730011733,-0.0045629315358682865,14.4,-0.2082544733301579,-0.9478511040918082,-4.273561020171445,-0.2616396758335453,-3.622734591273647,0.15,79174.55266698421
3,-85,-50,3,-100,100,10,0.5,0.29453761462057265,-0.02192269783639813,-0.00494209639669807,14.3,-0.21140206626436253,-0.9504135331809643,-4.354063089067709,-0.2616396758335453,-3.6325283241277813,0.14615384615384616,78859.79337356375
4,-80,-50,3,-100,100,12,0.4166666666666667,0.3797249414313722,-0.01572513994809523,-0.005674650154311733,12.75,-0.18688367706230846,-0.9269613378040761,-3.5910725214827273,-0.25463895805955616,-3.640296617877591,0.18461538461538463,81311.63229376916
4,-80,-40,3,-100,100,12,0.4166666666666667,0.3797249414313722,-0.01572513994809523,-0.005674650154311733,12.75,-0.18688367706230846,-0.9269613378040761,-3.5910725214827273,-0.25463895805955616,-3.640296617877591,0.18461538461538463,81311.63229376916
4,-80,-30,3,-100,100,12,0.5,0.4097505219713744,-0.014568149800771433,9.166830071288823e-05,12.916666666666666,-0.17548514518133507,-0.9128988128906548,-3.319069023845086,-0.2501471186886436,-3.649447643756128,0.19230769230769232,82451.48548186649
4,-80,-20,3,-100,100,12,0.5,0.4097505219713744,-0.014568149800771433,9.166830071288823e-05,12.916666666666666,-0.17548514518133507,-0.9128988128906548,-3.319069023845086,-0.2501471186886436,-3.649447643756128,0.19230769230769232,82451.48548186649
7,-80,-50,3,-100,0,11,0.36363636363636365,0.1866303608454775,-0.022762210183110733,-0.0092592592592593,13.363636363636363,-0.23487600101223027,-0.9661651156165446,-5.040704758042486,-0.2602866202473003,-3.7119276999278092,0.16153846153846155,76512.39989877697
7,-80,-50,3,-100,50,11,0.36363636363636365,0.1866303608454775,-0.022762210183110733,-0.0092592592592593,13.363636363636363,-0.23487600101223027,-0.9661651156165446,-5.040704758042486,-0.2602866202473003,-3.7119276999278092,0.16153846153846155,76512.39989877697
7,-80,-40,3,-100,0,11,0.36363636363636365,0.1866303608454775,-0.022762210183110733,-0.0092592592592593,13.363636363636363,-0.23487600101223027,-0.9661651156165446,-5.040704758042486,-0.2602866202473003,-3.7119276999278092,0.16153846153846155,76512.39989877697
7,-80,-40,3,-100,50,11,0.36363636363636365,0.1866303608454775,-0.022762210183110733,-0.0092592592592593,13.363636363636363,-0.23487600101223027,-0.9661651156165446,-5.040704758042486,-0.2602866202473003,-3.7119276999278092,0.16153846153846155,76512.39989877697
7,-80,-30,3,-100,0,11,0.36363636363636365,0.1866303608454775,-0.022762210183110733,-0.0092592592592593,13.363636363636363,-0.23487600101223027,-0.9661651156165446,-5.040704758042486,-0.2602866202473003,-3.7119276999278092,0.16153846153846155,76512.39989877697
7,-80,-30,3,-100,50,11,0.36363636363636365,0.1866303608454775,-0.022762210183110733,-0.0092592592592593,13.363636363636363,-0.23487600101223027,-0.9661651156165446,-5.040704758042486,-0.2602866202473003,-3.7119276999278092,0.16153846153846155,76512.39989877697
7,-80,-20,3,-100,0,11,0.36363636363636365,0.1866303608454775,-0.022762210183110733,-0.0092592592592593,13.363636363636363,-0.23487600101223027,-0.9661651156165446,-5.040704758042486,-0.2602866202473003,-3.7119276999278092,0.16153846153846155,76512.39989877697
7,-80,-20,3,-100,50,11,0.36363636363636365,0.1866303608454775,-0.022762210183110733,-0.0092592592592593,13.363636363636363,-0.23487600101223027,-0.9661651156165446,-5.040704758042486,-0.2602866202473003,-3.7119276999278092,0.16153846153846155,76512.39989877697
2,-80,-30,3,-100,100,15,0.6,0.43800081249234124,-0.011925275042676767,0.008409949397762073,13.066666666666666,-0.17918373822476574,-0.9177137679177898,-3.3618918776370212,-0.2463652712665101,-3.7250127146574825,0.2153846153846154,82081.62617752343
2,-80,-20,3,-100,100,15,0.6,0.43800081249234124,-0.011925275042676767,0.008409949397762073,13.066666666666666,-0.17918373822476574,-0.9177137679177898,-3.3618918776370212,-0.2463652712665101,-3.7250127146574825,0.2153846153846154,82081.62617752343
10,-80,-50,3,-100,0,13,0.5384615384615384,0.25338057529677216,-0.017535493736569572,0.0033677765021047357,11.461538461538462,-0.21758672903323661,-0.9551138828726096,-4.583904090816198,-0.2559270389047088,-3.731977234450144,0.16923076923076924,78241.32709667634
10,-80,-50,3,-100,50,13,0.5384615384615384,0.25338057529677216,-0.017535493736569572,0.0033677765021047357,11.461538461538462,-0.21758672903323661,-0.9551138828726096,-4.583904090816198,-0.2559270389047088,-3.731977234450144,0.16923076923076924,78241.32709667634
10,-80,-40,3,-100,0,13,0.5384615384615384,0.25338057529677216,-0.017535493736569572,0.0033677765021047357,11.461538461538462,-0.21758672903323661,-0.9551138828726096,-4.583904090816198,-0.2559270389047088,-3.731977234450144,0.16923076923076924,78241.32709667634
10,-80,-40,3,-100,50,13,0.5384615384615384,0.25338057529677216,-0.017535493736569572,0.0033677765021047357,11.461538461538462,-0.21758672903323661,-0.9551138828726096,-4.583904090816198,-0.2559270389047088,-3.731977234450144,0.16923076923076924,78241.32709667634
10,-80,-30,3,-100,0,13,0.5384615384615384,0.25338057529677216,-0.017535493736569572,0.0033677765021047357,11.461538461538462,-0.21758672903323661,-0.9551138828726096,-4.583904090816198,-0.2559270389047088,-3.731977234450144,0.16923076923076924,78241.32709667634
10,-80,-30,3,-100,50,13,0.5384615384615384,0.25338057529677216,-0.017535493736569572,0.0033677765021047357,11.461538461538462,-0.21758672903323661,-0.9551138828726096,-4.583904090816198,-0.2559270389047088,-3.731977234450144,0.16923076923076924,78241.32709667634
10,-80,-20,3,-100,0,13,0.5384615384615384,0.25338057529677216,-0.017535493736569572,0.0033677765021047357,11.461538461538462,-0.21758672903323661,-0.9551138828726096,-4.583904090816198,-0.2559270389047088,-3.731977234450144,0.16923076923076924,78241.32709667634
10,-80,-20,3,-100,50,13,0.5384615384615384,0.25338057529677216,-0.017535493736569572,0.0033677765021047357,11.461538461538462,-0.21758672903323661,-0.9551138828726096,-4.583904090816198,-0.2559270389047088,-3.731977234450144,0.16923076923076924,78241.32709667634
3,-80,-40,10,-120,0,12,0.5833333333333334,0.6759384879531238,-0.008043057064351359,0.010635199112475568,9.083333333333334,-0.11079082679409669,-0.7735518993263548,-1.8803043882644175,-0.20722058429611045,-3.732987733597827,0.15,88920.91732059034
3,-80,-40,10,-120,50,12,0.5833333333333334,0.6759384879531238,-0.008043057064351359,0.010635199112475568,9.083333333333334,-0.11079082679409669,-0.7735518993263548,-1.8803043882644175,-0.20722058429611045,-3.732987733597827,0.15,88920.91732059034
3,-80,-40,10,-120,100,12,0.5833333333333334,0.6759384879531238,-0.008043057064351359,0.010635199112475568,9.083333333333334,-0.11079082679409669,-0.7735518993263548,-1.8803043882644175,-0.20722058429611045,-3.732987733597827,0.15,88920.91732059034
5,-85,-50,3,-100,0,10,0.4,0.217470087422441,-0.023364509207340955,-0.008656893320188208,14.3,-0.22196882828197417,-0.9581920072493467,-4.772607231490987,-0.2559717564640678,-3.743350518375857,0.14615384615384616,77803.11717180259
5,-85,-50,3,-100,50,10,0.4,0.217470087422441,-0.023364509207340955,-0.008656893320188208,14.3,-0.22196882828197417,-0.9581920072493467,-4.772607231490987,-0.2559717564640678,-3.743350518375857,0.14615384615384616,77803.11717180259
5,-85,-40,3,-100,0,10,0.4,0.217470087422441,-0.023364509207340955,-0.008656893320188208,14.3,-0.22196882828197417,-0.9581920072493467,-4.772607231490987,-0.2559717564640678,-3.743350518375857,0.14615384615384616,77803.11717180259
5,-85,-40,3,-100,50,10,0.4,0.217470087422441,-0.023364509207340955,-0.008656893320188208,14.3,-0.22196882828197417,-0.9581920072493467,-4.772607231490987,-0.2559717564640678,-3.743350518375857,0.14615384615384616,77803.11717180259
5,-85,-30,3,-100,0,10,0.4,0.217470087422441,-0.023364509207340955,-0.008656893320188208,14.3,-0.22196882828197417,-0.9581920072493467,-4.772607231490987,-0.2559717564640678,-3.743350518375857,0.14615384615384616,77803.11717180259
5,-85,-30,3,-100,50,10,0.4,0.217470087422441,-0.023364509207340955,-0.008656893320188208,14.3,-0.22196882828197417,-0.9581920072493467,-4.772607231490987,-0.2559717564640678,-3.743350518375857,0.14615384615384616,77803.11717180259
5,-85,-20,3,-100,0,10,0.4,0.217470087422441,-0.023364509207340955,-0.008656893320188208,14.3,-0.22196882828197417,-0.9581920072493467,-4.772607231490987,-0.2559717564640678,-3.743350518375857,0.14615384615384616,77803.11717180259
5,-85,-20,3,-100,50,10,0.4,0.217470087422441,-0.023364509207340955,-0.008656893320188208,14.3,-0.22196882828197417,-0.9581920072493467,-4.772607231490987,-0.2559717564640678,-3.743350518375857,0.14615384615384616,77803.11717180259
3,-80,-30,3,-100,100,13,0.5384615384615384,0.3642449462425218,-0.014741418688156448,0.00583741611140054,12.076923076923077,-0.18874849245251146,-0.9290520173629248,-3.706625801801201,-0.24783960231002156,-3.748601953455273,0.2,81125.15075474886
3,-80,-20,3,-100,100,13,0.5384615384615384,0.3642449462425218,-0.014741418688156448,0.00583741611140054,12.076923076923077,-0.18874849245251146,-0.9290520173629248,-3.706625801801201,-0.24783960231002156,-3.748601953455273,0.2,81125.15075474886
7,-85,-50,3,-100,0,9,0.3333333333333333,0.18072163108499584,-0.027179702208639807,-0.014802753312116002,15.666666666666666,-0.23041291311456602,-0.9635821317177682,-5.002309790494464,-0.2559717564640678,-3.764408015276606,0.13846153846153847,76958.7086885434
7,-85,-50,3,-100,50,9,0.3333333333333333,0.18072163108499584,-0.027179702208639807,-0.014802753312116002,15.666666666666666,-0.23041291311456602,-0.9635821317177682,-5.002309790494464,-0.2559717564640678,-3.764408015276606,0.13846153846153847,76958.7086885434
7,-85,-40,3,-100,0,9,0.3333333333333333,0.18072163108499584,-0.027179702208639807,-0.014802753312116002,15.666666666666666,-0.23041291311456602,-0.9635821317177682,-5.002309790494464,-0.2559717564640678,-3.764408015276606,0.13846153846153847,76958.7086885434
7,-85,-40,3,-100,50,9,0.3333333333333333,0.18072163108499584,-0.027179702208639807,-0.014802753312116002,15.666666666666666,-0.23041291311456602,-0.9635821317177682,-5.002309790494464,-0.2559717564640678,-3.764408015276606,0.13846153846153847,76958.7086885434
7,-85,-30,3,-100,0,9,0.3333333333333333,0.18072163108499584,-0.027179702208639807,-0.014802753312116002,15.666666666666666,-0.23041291311456602,-0.9635821317177682,-5.002309790494464,-0.2559717564640678,-3.764408015276606,0.13846153846153847,76958.7086885434
7,-85,-30,3,-100,50,9,0.3333333333333333,0.18072163108499584,-0.027179702208639807,-0.014802753312116002,15.666666666666666,-0.23041291311456602,-0.9635821317177682,-5.002309790494464,-0.2559717564640678,-3.764408015276606,0.13846153846153847,76958.7086885434
7,-85,-20,3,-100,0,9,0.3333333333333333,0.18072163108499584,-0.027179702208639807,-0.014802753312116002,15.666666666666666,-0.23041291311456602,-0.9635821317177682,-5.002309790494464,-0.2559717564640678,-3.764408015276606,0.13846153846153847,76958.7086885434
7,-85,-20,3,-100,50,9,0.3333333333333333,0.18072163108499584,-0.027179702208639807,-0.014802753312116002,15.666666666666666,-0.23041291311456602,-0.9635821317177682,-5.002309790494464,-0.2559717564640678,-3.764408015276606,0.13846153846153847,76958.7086885434
3,-85,-30,3,-100,100,10,0.5,0.3270250544203026,-0.019662654919593715,-0.0016004685666554108,14.6,-0.19270811706621938,-0.9333097193800991,-3.871332606295728,-0.2471415672064846,-3.77641741909133,0.1576923076923077,80729.18829337806
3,-85,-20,3,-100,100,10,0.5,0.3270250544203026,-0.019662654919593715,-0.0016004685666554108,14.6,-0.19270811706621938,-0.9333097193800991,-3.871332606295728,-0.2471415672064846,-3.77641741909133,0.1576923076923077,80729.18829337806
4,-85,-50,10,-120,0,12,0.5833333333333334,0.6673555338294721,-0.008362264662995065,0.010635199112475568,9.083333333333334,-0.11367892776421895,-0.7826808896249098,-1.945225907502822,-0.20722058429611045,-3.777042190492466,0.15,88632.1072235781
4,-85,-50,10,-120,50,12,0.5833333333333334,0.6673555338294721,-0.008362264662995065,0.010635199112475568,9.083333333333334,-0.11367892776421895,-0.7826808896249098,-1.945225907502822,-0.20722058429611045,-3.777042190492466,0.15,88632.1072235781
4,-85,-50,10,-120,100,12,0.5833333333333334,0.6673555338294721,-0.008362264662995065,0.010635199112475568,9.083333333333334,-0.11367892776421895,-0.7826808896249098,-1.945225907502822,-0.20722058429611045,-3.777042190492466,0.15,88632.1072235781
4,-80,-50,10,-120,0,12,0.5833333333333334,0.6673555338294721,-0.008362264662995065,0.010635199112475568,9.083333333333334,-0.11367892776421895,-0.7826808896249098,-1.945225907502822,-0.20722058429611045,-3.777042190492466,0.15,88632.1072235781
4,-80,-50,10,-120,50,12,0.5833333333333334,0.6673555338294721,-0.008362264662995065,0.010635199112475568,9.083333333333334,-0.11367892776421895,-0.7826808896249098,-1.945225907502822,-0.20722058429611045,-3.777042190492466,0.15,88632.1072235781
4,-80,-50,10,-120,100,12,0.5833333333333334,0.6673555338294721,-0.008362264662995065,0.010635199112475568,9.083333333333334,-0.11367892776421895,-0.7826808896249098,-1.945225907502822,-0.20722058429611045,-3.777042190492466,0.15,88632.1072235781
2,-85,-30,10,-120,0,11,0.5454545454545454,0.6646309430650698,-0.009080405570392823,0.0179026217228464,9.636363636363637,-0.11377543306620441,-0.7829799967437222,-1.9478810046527184,-0.20722058429611057,-3.77848561427118,0.13846153846153847,88622.45669337956
2,-85,-30,10,-120,50,11,0.5454545454545454,0.6646309430650698,-0.009080405570392823,0.0179026217228464,9.636363636363637,-0.11377543306620441,-0.7829799967437222,-1.9478810046527184,-0.20722058429611057,-3.77848561427118,0.13846153846153847,88622.45669337956
2,-85,-30,10,-120,100,11,0.5454545454545454,0.6646309430650698,-0.009080405570392823,0.0179026217228464,9.636363636363637,-0.11377543306620441,-0.7829799967437222,-1.9478810046527184,-0.20722058429611057,-3.77848561427118,0.13846153846153847,88622.45669337956
2,-80,-30,10,-120,0,11,0.5454545454545454,0.6646309430650698,-0.009080405570392823,0.0179026217228464,9.636363636363637,-0.11377543306620441,-0.7829799967437222,-1.9478810046527184,-0.20722058429611057,-3.77848561427118,0.13846153846153847,88622.45669337956
2,-80,-30,10,-120,50,11,0.5454545454545454,0.6646309430650698,-0.009080405570392823,0.0179026217228464,9.636363636363637,-0.11377543306620441,-0.7829799967437222,-1.9478810046527184,-0.20722058429611057,-3.77848561427118,0.13846153846153847,88622.45669337956
2,-80,-30,10,-120,100,11,0.5454545454545454,0.6646309430650698,-0.009080405570392823,0.0179026217228464,9.636363636363637,-0.11377543306620441,-0.7829799967437222,-1.9478810046527184,-0.20722058429611057,-3.77848561427118,0.13846153846153847,88622.45669337956
3,-85,-40,10,-120,0,11,0.5454545454545454,0.6646309430650698,-0.009080405570392823,0.0179026217228464,9.636363636363637,-0.11377543306620441,-0.7829799967437222,-1.9478810046527184,-0.20722058429611057,-3.77848561427118,0.13846153846153847,88622.45669337956
3,-85,-40,10,-120,50,11,0.5454545454545454,0.6646309430650698,-0.009080405570392823,0.0179026217228464,9.636363636363637,-0.11377543306620441,-0.7829799967437222,-1.9478810046527184,-0.20722058429611057,-3.77848561427118,0.13846153846153847,88622.45669337956
3,-85,-40,10,-120,100,11,0.5454545454545454,0.6646309430650698,-0.009080405570392823,0.0179026217228464,9.636363636363637,-0.11377543306620441,-0.7829799967437222,-1.9478810046527184,-0.20722058429611057,-3.77848561427118,0.13846153846153847,88622.45669337956
5,-80,-50,3,-100,100,12,0.5,0.44277817708184875,-0.013752982917736476,-0.0002844133714994812,12.833333333333334,-0.1676805610917036,-0.901875672424793,-3.1507159564390212,-0.2386306236269371,-3.7793794388885282,0.18846153846153846,83231.94389082964
10,-90,-50,3,-100,100,9,0.6666666666666666,0.5352731165576271,-0.011851225553153592,0.0109722278043487,11.444444444444445,-0.11614842566808514,-0.7902166051252923,-2.2432942212336373,-0.20722058429611034,-3.8134078610458064,0.12692307692307692,88385.15743319149
10,-90,-40,3,-100,100,9,0.6666666666666666,0.5352731165576271,-0.011851225553153592,0.0109722278043487,11.444444444444445,-0.11614842566808514,-0.7902166051252923,-2.2432942212336373,-0.20722058429611034,-3.8134078610458064,0.12692307692307692,88385.15743319149
10,-90,-30,3,-100,100,9,0.6666666666666666,0.5352731165576271,-0.011851225553153592,0.0109722278043487,11.444444444444445,-0.11614842566808514,-0.7902166051252923,-2.2432942212336373,-0.20722058429611034,-3.8134078610458064,0.12692307692307692,88385.15743319149
10,-90,-20,3,-100,100,9,0.6666666666666666,0.5352731165576271,-0.011851225553153592,0.0109722278043487,11.444444444444445,-0.11614842566808514,-0.7902166051252923,-2.2432942212336373,-0.20722058429611034,-3.8134078610458064,0.12692307692307692,88385.15743319149
2,-80,-40,7,-100,0,14,0.5,0.6171555638704804,-0.009036549666022806,0.0007287854961403051,10.285714285714286,-0.13829130069227913,-0.8478060498405569,-2.368012332147821,-0.22201124503685454,-3.8187527379517126,0.15,86170.86993077208
2,-80,-40,7,-100,50,14,0.5,0.6171555638704804,-0.009036549666022806,0.0007287854961403051,10.285714285714286,-0.13829130069227913,-0.8478060498405569,-2.368012332147821,-0.22201124503685454,-3.8187527379517126,0.15,86170.86993077208
2,-80,-40,7,-100,100,14,0.5,0.6171555638704804,-0.009036549666022806,0.0007287854961403051,10.285714285714286,-0.13829130069227913,-0.8478060498405569,-2.368012332147821,-0.22201124503685454,-3.8187527379517126,0.15,86170.86993077208
10,-85,-50,3,-100,0,11,0.5454545454545454,0.24248521924120464,-0.020388546829113174,0.0033677765021047357,13.090909090909092,-0.21465031069738838,-0.9529359039898131,-4.583328010388569,-0.24897308599727608,-3.827465527740773,0.15,78534.96893026117
10,-85,-50,3,-100,50,11,0.5454545454545454,0.24248521924120464,-0.020388546829113174,0.0033677765021047357,13.090909090909092,-0.21465031069738838,-0.9529359039898131,-4.583328010388569,-0.24897308599727608,-3.827465527740773,0.15,78534.96893026117
10,-85,-40,3,-100,0,11,0.5454545454545454,0.24248521924120464,-0.020388546829113174,0.0033677765021047357,13.090909090909092,-0.21465031069738838,-0.9529359039898131,-4.583328010388569,-0.24897308599727608,-3.827465527740773,0.15,78534.96893026117
10,-85,-40,3,-100,50,11,0.5454545454545454,0.24248521924120464,-0.020388546829113174,0.0033677765021047357,13.090909090909092,-0.21465031069738838,-0.9529359039898131,-4.583328010388569,-0.24897308599727608,-3.827465527740773,0.15,78534.96893026117
10,-85,-30,3,-100,0,11,0.5454545454545454,0.24248521924120464,-0.020388546829113174,0.0033677765021047357,13.090909090909092,-0.21465031069738838,-0.9529359039898131,-4.583328010388569,-0.24897308599727608,-3.827465527740773,0.15,78534.96893026117
10,-85,-30,3,-100,50,11,0.5454545454545454,0.24248521924120464,-0.020388546829113174,0.0033677765021047357,13.090909090909092,-0.21465031069738838,-0.9529359039898131,-4.583328010388569,-0.24897308599727608,-3.827465527740773,0.15,78534.96893026117
10,-85,-20,3,-100,0,11,0.5454545454545454,0.24248521924120464,-0.020388546829113174,0.0033677765021047357,13.090909090909092,-0.21465031069738838,-0.9529359039898131,-4.583328010388569,-0.24897308599727608,-3.827465527740773,0.15,78534.96893026117
10,-85,-20,3,-100,50,11,0.5454545454545454,0.24248521924120464,-0.020388546829113174,0.0033677765021047357,13.090909090909092,-0.21465031069738838,-0.9529359039898131,-4.583328010388569,-0.24897308599727608,-3.827465527740773,0.15,78534.96893026117
2,-85,-40,5,-120,0,14,0.5714285714285714,0.7059724397843001,-0.006892823040465449,0.006900722147715532,10.142857142857142,-0.11181742496605396,-0.7768365653853274,-1.8056912085438301,-0.2025793467204957,-3.8347273696027373,0.1423076923076923,88818.2575033946
2,-80,-40,5,-120,0,14,0.5714285714285714,0.7059724397843001,-0.006892823040465449,0.006900722147715532,10.142857142857142,-0.11181742496605396,-0.7768365653853274,-1.8056912085438301,-0.2025793467204957,-3.8347273696027373,0.1423076923076923,88818.2575033946
5,-80,-40,3,-100,100,12,0.5,0.47206765216073693,-0.013030079338117367,0.0010286734760847627,12.916666666666666,-0.1604968516487454,-0.890608107238313,-2.9825375071310147,-0.23205928079514593,-3.8378473991070914,0.19230769230769232,83950.31483512546
5,-80,-30,3,-100,100,12,0.5,0.47206765216073693,-0.013030079338117367,0.0010286734760847627,12.916666666666666,-0.1604968516487454,-0.890608107238313,-2.9825375071310147,-0.23205928079514593,-3.8378473991070914,0.19230769230769232,83950.31483512546
5,-80,-20,3,-100,100,12,0.5,0.47206765216073693,-0.013030079338117367,0.0010286734760847627,12.916666666666666,-0.1604968516487454,-0.890608107238313,-2.9825375071310147,-0.23205928079514593,-3.8378473991070914,0.19230769230769232,83950.31483512546
2,-80,-40,10,-80,0,14,0.5,0.616764755566582,-0.009295299645378634,0.0018980587469975552,10.428571428571429,-0.14147238269267104,-0.8547617393183269,-2.4194298488514576,-0.22201124503685465,-3.850083085550164,0.1576923076923077,85852.76173073289
2,-80,-40,10,-80,50,14,0.5,0.616764755566582,-0.009295299645378634,0.0018980587469975552,10.428571428571429,-0.14147238269267104,-0.8547617393183269,-2.4194298488514576,-0.22201124503685465,-3.850083085550164,0.1576923076923077,85852.76173073289
2,-80,-40,10,-80,100,14,0.5,0.616764755566582,-0.009295299645378634,0.0018980587469975552,10.428571428571429,-0.14147238269267104,-0.8547617393183269,-2.4194298488514576,-0.22201124503685465,-3.850083085550164,0.1576923076923077,85852.76173073289
2,-80,-50,10,-80,0,14,0.5,0.5799283271934956,-0.010835939555128642,-0.001082464359350499,10.285714285714286,-0.16026873266707597,-0.8902315284830191,-2.838151792618246,-0.2305178115834542,-3.8618774070771935,0.15,83973.1267332924
2,-80,-50,10,-80,50,14,0.5,0.5799283271934956,-0.010835939555128642,-0.001082464359350499,10.285714285714286,-0.16026873266707597,-0.8902315284830191,-2.838151792618246,-0.2305178115834542,-3.8618774070771935,0.15,83973.1267332924
2,-80,-50,10,-80,100,14,0.5,0.5799283271934956,-0.010835939555128642,-0.001082464359350499,10.285714285714286,-0.16026873266707597,-0.8902315284830191,-2.838151792618246,-0.2305178115834542,-3.8618774070771935,0.15,83973.1267332924
2,-85,-30,3,-100,100,12,0.5833333333333334,0.4071765426918512,-0.015266758213398965,0.00853239610041967,12.083333333333334,-0.1828581284729741,-0.9222533923283487,-3.570436854479399,-0.23795573599461173,-3.8757350751537767,0.15384615384615385,81714.1871527026
2,-85,-20,3,-100,100,12,0.5833333333333334,0.4071765426918512,-0.015266758213398965,0.00853239610041967,12.083333333333334,-0.1828581284729741,-0.9222533923283487,-3.570436854479399,-0.23795573599461173,-3.8757350751537767,0.15384615384615385,81714.1871527026
2,-85,-40,7,-120,0,13,0.5384615384615384,0.6542585519786922,-0.00829013629079736,0.0022184901826625136,10.846153846153847,-0.12124034094032254,-0.8050008294511517,-2.0230705851505877,-0.20722058429611057,-3.884753207243327,0.13846153846153847,87875.96590596775
2,-85,-40,7,-120,50,13,0.5384615384615384,0.6542585519786922,-0.00829013629079736,0.0022184901826625136,10.846153846153847,-0.12124034094032254,-0.8050008294511517,-2.0230705851505877,-0.20722058429611057,-3.884753207243327,0.13846153846153847,87875.96590596775
2,-85,-40,7,-120,100,13,0.5384615384615384,0.6542585519786922,-0.00829013629079736,0.0022184901826625136,10.846153846153847,-0.12124034094032254,-0.8050008294511517,-2.0230705851505877,-0.20722058429611057,-3.884753207243327,0.13846153846153847,87875.96590596775
2,-80,-40,7,-120,0,13,0.5384615384615384,0.6542585519786922,-0.00829013629079736,0.0022184901826625136,10.846153846153847,-0.12124034094032254,-0.8050008294511517,-2.0230705851505877,-0.20722058429611057,-3.884753207243327,0.13846153846153847,87875.96590596775
2,-80,-40,7,-120,50,13,0.5384615384615384,0.6542585519786922,-0.00829013629079736,0.0022184901826625136,10.846153846153847,-0.12124034094032254,-0.8050008294511517,-2.0230705851505877,-0.20722058429611057,-3.884753207243327,0.13846153846153847,87875.96590596775
2,-80,-40,7,-120,100,13,0.5384615384615384,0.6542585519786922,-0.00829013629079736,0.0022184901826625136,10.846153846153847,-0.12124034094032254,-0.8050008294511517,-2.0230705851505877,-0.20722058429611057,-3.884753207243327,0.13846153846153847,87875.96590596775
2,-85,-40,7,-100,0,14,0.5,0.6526653328716023,-0.0077523350693391125,0.0007287854961403051,10.214285714285714,-0.12190900602863441,-0.8068693231639985,-2.034844735567759,-0.20722058429611034,-3.8937701382552463,0.14615384615384616,87809.09939713655
2,-85,-40,7,-100,50,14,0.5,0.6526653328716023,-0.0077523350693391125,0.0007287854961403051,10.214285714285714,-0.12190900602863441,-0.8068693231639985,-2.034844735567759,-0.20722058429611034,-3.8937701382552463,0.14615384615384616,87809.09939713655
2,-85,-40,7,-100,100,14,0.5,0.6526653328716023,-0.0077523350693391125,0.0007287854961403051,10.214285714285714,-0.12190900602863441,-0.8068693231639985,-2.034844735567759,-0.20722058429611034,-3.8937701382552463,0.14615384615384616,87809.09939713655
2,-85,-50,5,-120,0,14,0.5714285714285714,0.6952072917489303,-0.007255829853824106,0.006900722147715532,10.071428571428571,-0.11664198298357864,-0.7916935405115887,-1.9061887530479187,-0.2025793467204955,-3.9080664111525194,0.13846153846153847,88335.80170164214
2,-85,-50,5,-120,50,14,0.5714285714285714,0.6952072917489303,-0.007255829853824106,0.006900722147715532,10.071428571428571,-0.11664198298357864,-0.7916935405115887,-1.9061887530479187,-0.2025793467204955,-3.9080664111525194,0.13846153846153847,88335.80170164214
2,-85,-50,5,-120,100,14,0.5714285714285714,0.6952072917489303,-0.007255829853824106,0.006900722147715532,10.071428571428571,-0.11664198298357864,-0.7916935405115887,-1.9061887530479187,-0.2025793467204955,-3.9080664111525194,0.13846153846153847,88335.80170164214
2,-80,-50,5,-120,0,14,0.5714285714285714,0.6952072917489303,-0.007255829853824106,0.006900722147715532,10.071428571428571,-0.11664198298357864,-0.7916935405115887,-1.9061887530479187,-0.2025793467204955,-3.9080664111525194,0.13846153846153847,88335.80170164214
2,-80,-50,5,-120,50,14,0.5714285714285714,0.6952072917489303,-0.007255829853824106,0.006900722147715532,10.071428571428571,-0.11664198298357864,-0.7916935405115887,-1.9061887530479187,-0.2025793467204955,-3.9080664111525194,0.13846153846153847,88335.80170164214
2,-80,-50,5,-120,100,14,0.5714285714285714,0.6952072917489303,-0.007255829853824106,0.006900722147715532,10.071428571428571,-0.11664198298357864,-0.7916935405115887,-1.9061887530479187,-0.2025793467204955,-3.9080664111525194,0.13846153846153847,88335.80170164214
2,-85,-40,10,-100,0,13,0.46153846153846156,0.6455655499192899,-0.008519321627185392,-0.0007609191903819035,10.846153846153847,-0.12385273014537346,-0.8122075770748949,-2.0774290539240248,-0.20722058429611034,-3.9195313527071285,0.13846153846153847,87614.72698546265
2,-85,-40,10,-100,50,13,0.46153846153846156,0.6455655499192899,-0.008519321627185392,-0.0007609191903819035,10.846153846153847,-0.12385273014537346,-0.8122075770748949,-2.0774290539240248,-0.20722058429611034,-3.9195313527071285,0.13846153846153847,87614.72698546265
2,-85,-40,10,-100,100,13,0.46153846153846156,0.6455655499192899,-0.008519321627185392,-0.0007609191903819035,10.846153846153847,-0.12385273014537346,-0.8122075770748949,-2.0774290539240248,-0.20722058429611034,-3.9195313527071285,0.13846153846153847,87614.72698546265
2,-80,-40,10,-100,0,13,0.46153846153846156,0.6455655499192899,-0.008519321627185392,-0.0007609191903819035,10.846153846153847,-0.12385273014537346,-0.8122075770748949,-2.0774290539240248,-0.20722058429611034,-3.9195313527071285,0.13846153846153847,87614.72698546265
2,-80,-40,10,-100,50,13,0.46153846153846156,0.6455655499192899,-0.008519321627185392,-0.0007609191903819035,10.846153846153847,-0.12385273014537346,-0.8122075770748949,-2.0774290539240248,-0.20722058429611034,-3.9195313527071285,0.13846153846153847,87614.72698546265
2,-80,-40,10,-100,100,13,0.46153846153846156,0.6455655499192899,-0.008519321627185392,-0.0007609191903819035,10.846153846153847,-0.12385273014537346,-0.8122075770748949,-2.0774290539240248,-0.20722058429611034,-3.9195313527071285,0.13846153846153847,87614.72698546265
2,-85,-40,10,-80,0,14,0.5,0.6512461498614142,-0.008011085048694942,0.0018980587469975552,10.357142857142858,-0.12515056487314014,-0.8156959356232676,-2.0881826741019576,-0.20722058429611034,-3.9363653876087383,0.15384615384615385,87484.94351268599
2,-85,-40,10,-80,50,14,0.5,0.6512461498614142,-0.008011085048694942,0.0018980587469975552,10.357142857142858,-0.12515056487314014,-0.8156959356232676,-2.0881826741019576,-0.20722058429611034,-3.9363653876087383,0.15384615384615385,87484.94351268599
2,-85,-40,10,-80,100,14,0.5,0.6512461498614142,-0.008011085048694942,0.0018980587469975552,10.357142857142858,-0.12515056487314014,-0.8156959356232676,-2.0881826741019576,-0.20722058429611034,-3.9363653876087383,0.15384615384615385,87484.94351268599
4,-85,-50,3,-100,100,9,0.4444444444444444,0.27535487955293997,-0.023581021545953526,-0.011610504117095632,15.777777777777779,-0.20524973350380515,-0.9452917335518247,-4.238351804064803,-0.23998334986354142,-3.9389888260553643,0.1423076923076923,79475.02664961948
4,-85,-40,3,-100,100,9,0.4444444444444444,0.27535487955293997,-0.023581021545953526,-0.011610504117095632,15.777777777777779,-0.20524973350380515,-0.9452917335518247,-4.238351804064803,-0.23998334986354142,-3.9389888260553643,0.1423076923076923,79475.02664961948
3,-80,-50,10,-120,0,12,0.5833333333333334,0.6404839873209769,-0.009416962343474602,0.010635199112475568,9.0,-0.12550872202905117,-0.816648038946633,-2.2092395697342067,-0.20722058429611045,-3.9409600244137595,0.14615384615384616,87449.12779709489
3,-80,-50,10,-120,50,12,0.5833333333333334,0.6404839873209769,-0.009416962343474602,0.010635199112475568,9.0,-0.12550872202905117,-0.816648038946633,-2.2092395697342067,-0.20722058429611045,-3.9409600244137595,0.14615384615384616,87449.12779709489
3,-80,-50,10,-120,100,12,0.5833333333333334,0.6404839873209769,-0.009416962343474602,0.010635199112475568,9.0,-0.12550872202905117,-0.816648038946633,-2.2092395697342067,-0.20722058429611045,-3.9409600244137595,0.14615384615384616,87449.12779709489
2,-90,-30,3,-100,100,9,0.5555555555555556,0.5007831392826492,-0.013278598187492021,0.009353365738695052,10.88888888888889,-0.12757623773524485,-0.8220562266852983,-2.4348554152300688,-0.20722058429611034,-3.96705872381197,0.1076923076923077,87242.37622647552
2,-90,-20,3,-100,100,9,0.5555555555555556,0.5007831392826492,-0.013278598187492021,0.009353365738695052,10.88888888888889,-0.12757623773524485,-0.8220562266852983,-2.4348554152300688,-0.20722058429611034,-3.96705872381197,0.1076923076923077,87242.37622647552
3,-85,-50,10,-120,0,11,0.5454545454545454,0.6297695487059441,-0.01057921132943636,0.0179026217228464,9.545454545454545,-0.12844392808830218,-0.8242818417709181,-2.2775979537800044,-0.20722058429611034,-3.9777990423627543,0.1346153846153846,87155.60719116978
3,-85,-50,10,-120,50,11,0.5454545454545454,0.6297695487059441,-0.01057921132943636,0.0179026217228464,9.545454545454545,-0.12844392808830218,-0.8242818417709181,-2.2775979537800044,-0.20722058429611034,-3.9777990423627543,0.1346153846153846,87155.60719116978
3,-85,-50,10,-120,100,11,0.5454545454545454,0.6297695487059441,-0.01057921132943636,0.0179026217228464,9.545454545454545,-0.12844392808830218,-0.8242818417709181,-2.2775979537800044,-0.20722058429611034,-3.9777990423627543,0.1346153846153846,87155.60719116978
2,-85,-50,10,-80,0,14,0.5,0.6103124463920595,-0.00955172495844495,-0.001082464359350499,10.214285714285714,-0.1443042599040928,-0.8607062949800668,-2.5072524961801452,-0.21588887264017387,-3.9868024898838694,0.14615384615384616,85569.57400959072
2,-85,-50,10,-80,50,14,0.5,0.6103124463920595,-0.00955172495844495,-0.001082464359350499,10.214285714285714,-0.1443042599040928,-0.8607062949800668,-2.5072524961801452,-0.21588887264017387,-3.9868024898838694,0.14615384615384616,85569.57400959072
2,-85,-50,10,-80,100,14,0.5,0.6103124463920595,-0.00955172495844495,-0.001082464359350499,10.214285714285714,-0.1443042599040928,-0.8607062949800668,-2.5072524961801452,-0.21588887264017387,-3.9868024898838694,0.14615384615384616,85569.57400959072
2,-90,-40,7,-120,0,11,0.45454545454545453,0.5575615769167167,-0.01097033332283552,-0.003915308968149178,9.181818181818182,-0.12978795374772745,-0.8276786900113959,-2.4475704798317666,-0.20722058429611045,-3.994191469070824,0.11923076923076924,87021.20462522726
2,-90,-40,7,-120,50,11,0.45454545454545453,0.5575615769167167,-0.01097033332283552,-0.003915308968149178,9.181818181818182,-0.12978795374772745,-0.8276786900113959,-2.4475704798317666,-0.20722058429611045,-3.994191469070824,0.11923076923076924,87021.20462522726
2,-90,-40,7,-120,100,11,0.45454545454545453,0.5575615769167167,-0.01097033332283552,-0.003915308968149178,9.181818181818182,-0.12978795374772745,-0.8276786900113959,-2.4475704798317666,-0.20722058429611045,-3.994191469070824,0.11923076923076924,87021.20462522726
2,-90,-40,10,-120,0,11,0.45454545454545453,0.5575615769167167,-0.01097033332283552,-0.003915308968149178,9.181818181818182,-0.12978795374772745,-0.8276786900113959,-2.4475704798317666,-0.20722058429611045,-3.994191469070824,0.11923076923076924,87021.20462522726
2,-90,-40,10,-120,50,11,0.45454545454545453,0.5575615769167167,-0.01097033332283552,-0.003915308968149178,9.181818181818182,-0.12978795374772745,-0.8276786900113959,-2.4475704798317666,-0.20722058429611045,-3.994191469070824,0.11923076923076924,87021.20462522726
2,-90,-40,10,-120,100,11,0.45454545454545453,0.5575615769167167,-0.01097033332283552,-0.003915308968149178,9.181818181818182,-0.12978795374772745,-0.8276786900113959,-2.4475704798317666,-0.20722058429611045,-3.994191469070824,0.11923076923076924,87021.20462522726
2,-80,-50,7,-100,0,14,0.42857142857142855,0.5676615675950885,-0.010973852066109489,-0.002047851936216427,10.071428571428571,-0.16182747279658594,-0.8927810894819815,-2.892978028365684,-0.2234336805549565,-3.9957319203824784,0.13846153846153847,83817.2527203414
2,-80,-50,7,-100,50,14,0.42857142857142855,0.5676615675950885,-0.010973852066109489,-0.002047851936216427,10.071428571428571,-0.16182747279658594,-0.8927810894819815,-2.892978028365684,-0.2234336805549565,-3.9957319203824784,0.13846153846153847,83817.2527203414
2,-80,-50,7,-100,100,14,0.42857142857142855,0.5676615675950885,-0.010973852066109489,-0.002047851936216427,10.071428571428571,-0.16182747279658594,-0.8927810894819815,-2.892978028365684,-0.2234336805549565,-3.9957319203824784,0.13846153846153847,83817.2527203414
4,-85,-30,3,-100,100,9,0.4444444444444444,0.28107127628699985,-0.022919196589606766,-0.005654079509974763,15.88888888888889,-0.2004602552023942,-0.9409720064598852,-4.115271724368248,-0.2354031900221515,-3.997278058854426,0.14615384615384616,79953.97447976058
4,-85,-20,3,-100,100,9,0.4444444444444444,0.28107127628699985,-0.022919196589606766,-0.005654079509974763,15.88888888888889,-0.2004602552023942,-0.9409720064598852,-4.115271724368248,-0.2354031900221515,-3.997278058854426,0.14615384615384616,79953.97447976058
2,-90,-40,7,-100,0,12,0.4166666666666667,0.5560103984112871,-0.010119548811797718,-0.002338114079265541,8.583333333333334,-0.1304501147934225,-0.8293298831082543,-2.4597857921333994,-0.20722058429611045,-4.002159756113673,0.12692307692307692,86954.98852065775
2,-90,-40,7,-100,50,12,0.4166666666666667,0.5560103984112871,-0.010119548811797718,-0.002338114079265541,8.583333333333334,-0.1304501147934225,-0.8293298831082543,-2.4597857921333994,-0.20722058429611045,-4.002159756113673,0.12692307692307692,86954.98852065775
2,-90,-40,7,-100,100,12,0.4166666666666667,0.5560103984112871,-0.010119548811797718,-0.002338114079265541,8.583333333333334,-0.1304501147934225,-0.8293298831082543,-2.4597857921333994,-0.20722058429611045,-4.002159756113673,0.12692307692307692,86954.98852065775
2,-90,-40,10,-100,0,12,0.4166666666666667,0.5560103984112871,-0.010119548811797718,-0.002338114079265541,8.583333333333334,-0.1304501147934225,-0.8293298831082543,-2.4597857921333994,-0.20722058429611045,-4.002159756113673,0.12692307692307692,86954.98852065775
2,-90,-40,10,-100,50,12,0.4166666666666667,0.5560103984112871,-0.010119548811797718,-0.002338114079265541,8.583333333333334,-0.1304501147934225,-0.8293298831082543,-2.4597857921333994,-0.20722058429611045,-4.002159756113673,0.12692307692307692,86954.98852065775
2,-90,-40,10,-100,100,12,0.4166666666666667,0.5560103984112871,-0.010119548811797718,-0.002338114079265541,8.583333333333334,-0.1304501147934225,-0.8293298831082543,-2.4597857921333994,-0.20722058429611045,-4.002159756113673,0.12692307692307692,86954.98852065775
7,-90,-50,3,-100,100,8,0.625,0.4616980295752947,-0.015443436954732215,0.008630161999081176,12.75,-0.13086334613496187,-0.8303529373574259,-2.594624014829482,-0.20722058429611034,-4.007096786151723,0.12307692307692308,86913.66538650381
7,-90,-40,3,-100,100,8,0.625,0.4616980295752947,-0.015443436954732215,0.008630161999081176,12.75,-0.13086334613496187,-0.8303529373574259,-2.594624014829482,-0.20722058429611034,-4.007096786151723,0.12307692307692308,86913.66538650381
7,-90,-30,3,-100,100,8,0.625,0.4616980295752947,-0.015443436954732215,0.008630161999081176,12.75,-0.13086334613496187,-0.8303529373574259,-2.594624014829482,-0.20722058429611034,-4.007096786151723,0.12307692307692308,86913.66538650381
7,-90,-20,3,-100,100,8,0.625,0.4616980295752947,-0.015443436954732215,0.008630161999081176,12.75,-0.13086334613496187,-0.8303529373574259,-2.594624014829482,-0.20722058429611034,-4.007096786151723,0.12307692307692308,86913.66538650381
3,-90,-30,3,-100,100,8,0.5,0.4700011518163607,-0.01557980921940659,0.0026590741471869683,12.375,-0.13197483735667903,-0.8330767440515849,-2.60058415650873,-0.20722058429611034,-4.020241265516122,0.11153846153846154,86802.5162643321
3,-90,-20,3,-100,100,8,0.5,0.4700011518163607,-0.01557980921940659,0.0026590741471869683,12.375,-0.13197483735667903,-0.8330767440515849,-2.60058415650873,-0.20722058429611034,-4.020241265516122,0.11153846153846154,86802.5162643321
2,-85,-50,10,-120,0,11,0.45454545454545453,0.4562910576076034,-0.016473441716248358,-0.013877581230108849,9.090909090909092,-0.18287154089782331,-0.9222695319703127,-3.620367878643033,-0.22750765740662449,-4.053795562238769,0.11538461538461539,81712.84591021767
2,-85,-50,10,-120,50,11,0.45454545454545453,0.4562910576076034,-0.016473441716248358,-0.013877581230108849,9.090909090909092,-0.18287154089782331,-0.9222695319703127,-3.620367878643033,-0.22750765740662449,-4.053795562238769,0.11538461538461539,81712.84591021767
2,-85,-50,10,-120,100,11,0.45454545454545453,0.4562910576076034,-0.016473441716248358,-0.013877581230108849,9.090909090909092,-0.18287154089782331,-0.9222695319703127,-3.620367878643033,-0.22750765740662449,-4.053795562238769,0.11538461538461539,81712.84591021767
2,-80,-50,10,-120,0,11,0.45454545454545453,0.4562910576076034,-0.016473441716248358,-0.013877581230108849,9.090909090909092,-0.18287154089782331,-0.9222695319703127,-3.620367878643033,-0.22750765740662449,-4.053795562238769,0.11538461538461539,81712.84591021767
2,-80,-50,10,-120,50,11,0.45454545454545453,0.4562910576076034,-0.016473441716248358,-0.013877581230108849,9.090909090909092,-0.18287154089782331,-0.9222695319703127,-3.620367878643033,-0.22750765740662449,-4.053795562238769,0.11538461538461539,81712.84591021767
2,-80,-50,10,-120,100,11,0.45454545454545453,0.4562910576076034,-0.016473441716248358,-0.013877581230108849,9.090909090909092,-0.18287154089782331,-0.9222695319703127,-3.620367878643033,-0.22750765740662449,-4.053795562238769,0.11538461538461539,81712.84591021767
2,-90,-50,10,-80,0,12,0.4166666666666667,0.4995770446182873,-0.012694219786308978,-0.011876968205477068,8.583333333333334,-0.15724647645581435,-0.8851283912257124,-3.102015263743954,-0.21756496042610518,-4.068340735990627,0.12692307692307692,84275.35235441856
2,-90,-50,10,-80,50,12,0.4166666666666667,0.4995770446182873,-0.012694219786308978,-0.011876968205477068,8.583333333333334,-0.15724647645581435,-0.8851283912257124,-3.102015263743954,-0.21756496042610518,-4.068340735990627,0.12692307692307692,84275.35235441856
2,-90,-50,10,-80,100,12,0.4166666666666667,0.4995770446182873,-0.012694219786308978,-0.011876968205477068,8.583333333333334,-0.15724647645581435,-0.8851283912257124,-3.102015263743954,-0.21756496042610518,-4.068340735990627,0.12692307692307692,84275.35235441856
3,-90,-40,3,-100,100,8,0.5,0.4583908269760551,-0.0163243622952967,-0.0003191381563734663,12.25,-0.13717456345986534,-0.8452923534218257,-2.7271764418278024,-0.20722058429611034,-4.079191052824825,0.1076923076923077,86282.54365401347
2,-90,-40,10,-80,0,12,0.4166666666666667,0.5380774123688953,-0.010879168477669668,-0.006895832074497232,8.75,-0.1383824769991654,-0.8480096112342949,-2.640681437412729,-0.20722058429611045,-4.092303928757005,0.1346153846153846,86161.75230008346
2,-90,-40,10,-80,50,12,0.4166666666666667,0.5380774123688953,-0.010879168477669668,-0.006895832074497232,8.75,-0.1383824769991654,-0.8480096112342949,-2.640681437412729,-0.20722058429611045,-4.092303928757005,0.1346153846153846,86161.75230008346
2,-90,-40,10,-80,100,12,0.4166666666666667,0.5380774123688953,-0.010879168477669668,-0.006895832074497232,8.75,-0.1383824769991654,-0.8480096112342949,-2.640681437412729,-0.20722058429611045,-4.092303928757005,0.1346153846153846,86161.75230008346
2,-90,-40,5,-120,50,12,0.5,0.5547371644280298,-0.010120334669587708,0.0014665192933985827,8.666666666666666,-0.130407851051614,-0.8292249293477356,-2.4625833774260433,-0.201791355322963,-4.109318399792587,0.13076923076923078,86959.2148948386
2,-90,-40,5,-120,100,12,0.5,0.5547371644280298,-0.010120334669587708,0.0014665192933985827,8.666666666666666,-0.130407851051614,-0.8292249293477356,-2.4625833774260433,-0.201791355322963,-4.109318399792587,0.13076923076923078,86959.2148948386
2,-85,-50,10,-100,0,13,0.46153846153846156,0.603881629440428,-0.010178472299223862,-0.0007609191903819035,10.692307692307692,-0.1430348395863701,-0.8580698561783295,-2.499026361977118,-0.20867006231455643,-4.112088943956156,0.13076923076923078,85696.516041363
2,-85,-50,10,-100,50,13,0.46153846153846156,0.603881629440428,-0.010178472299223862,-0.0007609191903819035,10.692307692307692,-0.1430348395863701,-0.8580698561783295,-2.499026361977118,-0.20867006231455643,-4.112088943956156,0.13076923076923078,85696.516041363
2,-85,-50,10,-100,100,13,0.46153846153846156,0.603881629440428,-0.010178472299223862,-0.0007609191903819035,10.692307692307692,-0.1430348395863701,-0.8580698561783295,-2.499026361977118,-0.20867006231455643,-4.112088943956156,0.13076923076923078,85696.516041363
2,-80,-50,10,-100,0,13,0.46153846153846156,0.603881629440428,-0.010178472299223862,-0.0007609191903819035,10.692307692307692,-0.1430348395863701,-0.8580698561783295,-2.499026361977118,-0.20867006231455643,-4.112088943956156,0.13076923076923078,85696.516041363
2,-80,-50,10,-100,50,13,0.46153846153846156,0.603881629440428,-0.010178472299223862,-0.0007609191903819035,10.692307692307692,-0.1430348395863701,-0.8580698561783295,-2.499026361977118,-0.20867006231455643,-4.112088943956156,0.13076923076923078,85696.516041363
2,-80,-50,10,-100,100,13,0.46153846153846156,0.603881629440428,-0.010178472299223862,-0.0007609191903819035,10.692307692307692,-0.1430348395863701,-0.8580698561783295,-2.499026361977118,-0.20867006231455643,-4.112088943956156,0.13076923076923078,85696.516041363
3,-90,-50,3,-100,100,8,0.5,0.4417225016504053,-0.016826753678279696,-0.0023287036883054557,12.125,-0.14060473534719986,-0.8528941897982798,-2.8108009637665807,-0.20722058429611034,-4.115875807875951,0.10384615384615385,85939.52646528001
2,-85,-50,7,-100,0,14,0.42857142857142855,0.5979125889075502,-0.009689637469425796,-0.002047851936216427,10.0,-0.14589263387636864,-0.863941630161579,-2.560429799183656,-0.20867006231455643,-4.140227977980108,0.1346153846153846,85410.73661236314
2,-85,-50,7,-100,50,14,0.42857142857142855,0.5979125889075502,-0.009689637469425796,-0.002047851936216427,10.0,-0.14589263387636864,-0.863941630161579,-2.560429799183656,-0.20867006231455643,-4.140227977980108,0.1346153846153846,85410.73661236314
2,-85,-50,7,-100,100,14,0.42857142857142855,0.5979125889075502,-0.009689637469425796,-0.002047851936216427,10.0,-0.14589263387636864,-0.863941630161579,-2.560429799183656,-0.20867006231455643,-4.140227977980108,0.1346153846153846,85410.73661236314
2,-90,-50,7,-100,0,12,0.4166666666666667,0.5149987932914064,-0.01193460012043703,-0.007319250210245376,8.416666666666666,-0.14948778304433874,-0.8710105878650518,-2.9204426755473856,-0.2103615807701893,-4.140540229237925,0.11923076923076924,85051.22169556613
2,-90,-50,7,-100,50,12,0.4166666666666667,0.5149987932914064,-0.01193460012043703,-0.007319250210245376,8.416666666666666,-0.14948778304433874,-0.8710105878650518,-2.9204426755473856,-0.2103615807701893,-4.140540229237925,0.11923076923076924,85051.22169556613
2,-90,-50,7,-100,100,12,0.4166666666666667,0.5149987932914064,-0.01193460012043703,-0.007319250210245376,8.416666666666666,-0.14948778304433874,-0.8710105878650518,-2.9204426755473856,-0.2103615807701893,-4.140540229237925,0.11923076923076924,85051.22169556613
2,-90,-50,10,-100,0,12,0.4166666666666667,0.5149987932914064,-0.01193460012043703,-0.007319250210245376,8.416666666666666,-0.14948778304433874,-0.8710105878650518,-2.9204426755473856,-0.2103615807701893,-4.140540229237925,0.11923076923076924,85051.22169556613
2,-90,-50,10,-100,50,12,0.4166666666666667,0.5149987932914064,-0.01193460012043703,-0.007319250210245376,8.416666666666666,-0.14948778304433874,-0.8710105878650518,-2.9204426755473856,-0.2103615807701893,-4.140540229237925,0.11923076923076924,85051.22169556613
2,-90,-50,10,-100,100,12,0.4166666666666667,0.5149987932914064,-0.01193460012043703,-0.007319250210245376,8.416666666666666,-0.14948778304433874,-0.8710105878650518,-2.9204426755473856,-0.2103615807701893,-4.140540229237925,0.11923076923076924,85051.22169556613
5,-85,-50,3,-100,100,10,0.6,0.31724627428426233,-0.019203320875375306,0.004292740521366523,14.5,-0.18899610995924765,-0.9293254422815913,-3.8325589181307524,-0.2244400716292675,-4.140639572672482,0.15384615384615385,81100.38900407523
3,-90,-40,3,-100,0,8,0.375,0.35061261042994474,-0.020774440009751552,-0.013206628714605817,12.125,-0.16726585079859824,-0.9012554659002975,-3.551669775538463,-0.21742622266674028,-4.145109337992297,0.10384615384615385,83273.41492014017
3,-90,-40,3,-100,50,8,0.375,0.35061261042994474,-0.020774440009751552,-0.013206628714605817,12.125,-0.16726585079859824,-0.9012554659002975,-3.551669775538463,-0.21742622266674028,-4.145109337992297,0.10384615384615385,83273.41492014017
3,-90,-30,3,-100,0,8,0.375,0.35061261042994474,-0.020774440009751552,-0.013206628714605817,12.125,-0.16726585079859824,-0.9012554659002975,-3.551669775538463,-0.21742622266674028,-4.145109337992297,0.10384615384615385,83273.41492014017
3,-90,-30,3,-100,50,8,0.375,0.35061261042994474,-0.020774440009751552,-0.013206628714605817,12.125,-0.16726585079859824,-0.9012554659002975,-3.551669775538463,-0.21742622266674028,-4.145109337992297,0.10384615384615385,83273.41492014017
3,-90,-20,3,-100,0,8,0.375,0.35061261042994474,-0.020774440009751552,-0.013206628714605817,12.125,-0.16726585079859824,-0.9012554659002975,-3.551669775538463,-0.21742622266674028,-4.145109337992297,0.10384615384615385,83273.41492014017
3,-90,-20,3,-100,50,8,0.375,0.35061261042994474,-0.020774440009751552,-0.013206628714605817,12.125,-0.16726585079859824,-0.9012554659002975,-3.551669775538463,-0.21742622266674028,-4.145109337992297,0.10384615384615385,83273.41492014017
2,-85,-50,7,-120,0,13,0.46153846153846156,0.5992641689184549,-0.010376461952429174,-0.003334784682050951,10.615384615384615,-0.14524223228778854,-0.862625297547889,-2.549040742628879,-0.20806746565168288,-4.145892270308008,0.12692307692307692,85475.77677122115
2,-85,-50,7,-120,50,13,0.46153846153846156,0.5992641689184549,-0.010376461952429174,-0.003334784682050951,10.615384615384615,-0.14524223228778854,-0.862625297547889,-2.549040742628879,-0.20806746565168288,-4.145892270308008,0.12692307692307692,85475.77677122115
2,-85,-50,7,-120,100,13,0.46153846153846156,0.5992641689184549,-0.010376461952429174,-0.003334784682050951,10.615384615384615,-0.14524223228778854,-0.862625297547889,-2.549040742628879,-0.20806746565168288,-4.145892270308008,0.12692307692307692,85475.77677122115
2,-80,-50,7,-120,0,13,0.46153846153846156,0.5992641689184549,-0.010376461952429174,-0.003334784682050951,10.615384615384615,-0.14524223228778854,-0.862625297547889,-2.549040742628879,-0.20806746565168288,-4.145892270308008,0.12692307692307692,85475.77677122115
2,-80,-50,7,-120,50,13,0.46153846153846156,0.5992641689184549,-0.010376461952429174,-0.003334784682050951,10.615384615384615,-0.14524223228778854,-0.862625297547889,-2.549040742628879,-0.20806746565168288,-4.145892270308008,0.12692307692307692,85475.77677122115
2,-80,-50,7,-120,100,13,0.46153846153846156,0.5992641689184549,-0.010376461952429174,-0.003334784682050951,10.615384615384615,-0.14524223228778854,-0.862625297547889,-2.549040742628879,-0.20806746565168288,-4.145892270308008,0.12692307692307692,85475.77677122115
2,-90,-50,7,-120,0,11,0.45454545454545453,0.5163293059586581,-0.012950389295896586,-0.013877581230108849,9.0,-0.14884011915692186,-0.8697626457486229,-2.9086249904631343,-0.2097602721963011,-4.146460321784232,0.11153846153846154,85115.98808430781
2,-90,-50,7,-120,50,11,0.45454545454545453,0.5163293059586581,-0.012950389295896586,-0.013877581230108849,9.0,-0.14884011915692186,-0.8697626457486229,-2.9086249904631343,-0.2097602721963011,-4.146460321784232,0.11153846153846154,85115.98808430781
2,-90,-50,7,-120,100,11,0.45454545454545453,0.5163293059586581,-0.012950389295896586,-0.013877581230108849,9.0,-0.14884011915692186,-0.8697626457486229,-2.9086249904631343,-0.2097602721963011,-4.146460321784232,0.11153846153846154,85115.98808430781
2,-90,-50,10,-120,0,11,0.45454545454545453,0.5163293059586581,-0.012950389295896586,-0.013877581230108849,9.0,-0.14884011915692186,-0.8697626457486229,-2.9086249904631343,-0.2097602721963011,-4.146460321784232,0.11153846153846154,85115.98808430781
2,-90,-50,10,-120,50,11,0.45454545454545453,0.5163293059586581,-0.012950389295896586,-0.013877581230108849,9.0,-0.14884011915692186,-0.8697626457486229,-2.9086249904631343,-0.2097602721963011,-4.146460321784232,0.11153846153846154,85115.98808430781
2,-90,-50,10,-120,100,11,0.45454545454545453,0.5163293059586581,-0.012950389295896586,-0.013877581230108849,9.0,-0.14884011915692186,-0.8697626457486229,-2.9086249904631343,-0.2097602721963011,-4.146460321784232,0.11153846153846154,85115.98808430781
10,-80,-30,3,-100,100,13,0.6153846153846154,0.46720234526192234,-0.01190688149638859,0.008409949397762073,14.846153846153847,-0.15861656619820974,-0.8874682912484716,-2.98853212330817,-0.21386551759807249,-4.149655826781447,0.20384615384615384,84138.34338017902
10,-80,-20,3,-100,100,13,0.6153846153846154,0.46720234526192234,-0.01190688149638859,0.008409949397762073,14.846153846153847,-0.15861656619820974,-0.8874682912484716,-2.98853212330817,-0.21386551759807249,-4.149655826781447,0.20384615384615384,84138.34338017902
3,-90,-50,3,-100,0,8,0.375,0.3349083782780948,-0.02127683139273455,-0.013206628714605817,12.0,-0.1705763944465326,-0.9061074548478241,-3.6375692677630584,-0.21742622266674028,-4.167424902729691,0.1,82942.36055534674
3,-90,-50,3,-100,50,8,0.375,0.3349083782780948,-0.02127683139273455,-0.013206628714605817,12.0,-0.1705763944465326,-0.9061074548478241,-3.6375692677630584,-0.21742622266674028,-4.167424902729691,0.1,82942.36055534674
10,-80,-40,3,-100,100,13,0.6153846153846154,0.43297499731431266,-0.012671789097470644,0.008409949397762073,11.846153846153847,-0.1667909824859588,-0.9005408593871116,-3.2309815400171735,-0.21386551759807249,-4.210781006218779,0.18846153846153846,83320.90175140412
2,-90,-40,5,-120,0,12,0.5,0.5231161022625741,-0.011494239948710952,-0.0035146168375812525,8.583333333333334,-0.14480105180911196,-0.8617257375532311,-2.8126396376324974,-0.20434843588857532,-4.2169431530325125,0.12692307692307692,85519.8948190888
5,-85,-40,3,-100,100,10,0.6,0.3480887592182778,-0.018335836579832378,0.0056058273689507665,14.6,-0.18199637400353863,-0.9212099198031567,-3.6558885670029166,-0.21774625081892474,-4.230658008294362,0.1576923076923077,81800.36259964613
5,-85,-30,3,-100,100,10,0.6,0.3480887592182778,-0.018335836579832378,0.0056058273689507665,14.6,-0.18199637400353863,-0.9212099198031567,-3.6558885670029166,-0.21774625081892474,-4.230658008294362,0.1576923076923077,81800.36259964613
5,-85,-20,3,-100,100,10,0.6,0.3480887592182778,-0.018335836579832378,0.0056058273689507665,14.6,-0.18199637400353863,-0.9212099198031567,-3.6558885670029166,-0.21774625081892474,-4.230658008294362,0.1576923076923077,81800.36259964613
2,-90,-30,3,-100,0,9,0.4444444444444444,0.3898009473566885,-0.017234222822563,-0.009876355180845287,10.777777777777779,-0.15800226946736085,-0.8864246507490845,-3.2340843583845773,-0.2087206401696463,-4.246942947418168,0.10384615384615385,84199.77305326391
2,-90,-30,3,-100,50,9,0.4444444444444444,0.3898009473566885,-0.017234222822563,-0.009876355180845287,10.777777777777779,-0.15800226946736085,-0.8864246507490845,-3.2340843583845773,-0.2087206401696463,-4.246942947418168,0.10384615384615385,84199.77305326391
2,-90,-20,3,-100,0,9,0.4444444444444444,0.3898009473566885,-0.017234222822563,-0.009876355180845287,10.777777777777779,-0.15800226946736085,-0.8864246507490845,-3.2340843583845773,-0.2087206401696463,-4.246942947418168,0.10384615384615385,84199.77305326391
2,-90,-20,3,-100,50,9,0.4444444444444444,0.3898009473566885,-0.017234222822563,-0.009876355180845287,10.777777777777779,-0.15800226946736085,-0.8864246507490845,-3.2340843583845773,-0.2087206401696463,-4.246942947418168,0.10384615384615385,84199.77305326391
10,-80,-50,3,-100,100,13,0.6153846153846154,0.4054785504275301,-0.01328627553850727,0.0077114264621442885,11.76923076923077,-0.17335787757904608,-0.9100132626635405,-3.3904490174540785,-0.21386551759807249,-4.25507240664094,0.18461538461538463,82664.2122420954
2,-90,-50,5,-120,0,12,0.5,0.5137137617741231,-0.01193538597822702,-0.0035146168375812525,8.5,-0.1494464446124053,-0.870931265695962,-2.9238405905814133,-0.2043484358885752,-4.261991347811703,0.12307692307692308,85055.35553875947
2,-90,-50,5,-120,50,12,0.5,0.5137137617741231,-0.01193538597822702,-0.0035146168375812525,8.5,-0.1494464446124053,-0.870931265695962,-2.9238405905814133,-0.2043484358885752,-4.261991347811703,0.12307692307692308,85055.35553875947
2,-90,-50,5,-120,100,12,0.5,0.5137137617741231,-0.01193538597822702,-0.0035146168375812525,8.5,-0.1494464446124053,-0.870931265695962,-2.9238405905814133,-0.2043484358885752,-4.261991347811703,0.12307692307692308,85055.35553875947
7,-80,-50,3,-100,100,11,0.5454545454545454,0.32817521822760115,-0.01774362758765179,0.0035002282757572445,13.727272727272727,-0.19162449065191545,-0.9321685401037825,-3.834484856148971,-0.2184715406649531,-4.26677331640807,0.17692307692307693,80837.55093480846
7,-80,-40,3,-100,100,11,0.5454545454545454,0.32817521822760115,-0.01774362758765179,0.0035002282757572445,13.727272727272727,-0.19162449065191545,-0.9321685401037825,-3.834484856148971,-0.2184715406649531,-4.26677331640807,0.17692307692307693,80837.55093480846
7,-80,-30,3,-100,100,11,0.5454545454545454,0.32817521822760115,-0.01774362758765179,0.0035002282757572445,13.727272727272727,-0.19162449065191545,-0.9321685401037825,-3.834484856148971,-0.2184715406649531,-4.26677331640807,0.17692307692307693,80837.55093480846
7,-80,-20,3,-100,100,11,0.5454545454545454,0.32817521822760115,-0.01774362758765179,0.0035002282757572445,13.727272727272727,-0.19162449065191545,-0.9321685401037825,-3.834484856148971,-0.2184715406649531,-4.26677331640807,0.17692307692307693,80837.55093480846
2,-85,-40,10,-120,0,11,0.45454545454545453,0.4878641820217377,-0.014512627285657437,-0.003915308968149178,9.272727272727273,-0.16458112694180527,-0.8971522712980681,-3.167195832907272,-0.21021636793249276,-4.267756503081494,0.12307692307692308,83541.88730581947
2,-85,-40,10,-120,50,11,0.45454545454545453,0.4878641820217377,-0.014512627285657437,-0.003915308968149178,9.272727272727273,-0.16458112694180527,-0.8971522712980681,-3.167195832907272,-0.21021636793249276,-4.267756503081494,0.12307692307692308,83541.88730581947
2,-85,-40,10,-120,100,11,0.45454545454545453,0.4878641820217377,-0.014512627285657437,-0.003915308968149178,9.272727272727273,-0.16458112694180527,-0.8971522712980681,-3.167195832907272,-0.21021636793249276,-4.267756503081494,0.12307692307692308,83541.88730581947
2,-80,-40,10,-120,0,11,0.45454545454545453,0.4878641820217377,-0.014512627285657437,-0.003915308968149178,9.272727272727273,-0.16458112694180527,-0.8971522712980681,-3.167195832907272,-0.21021636793249276,-4.267756503081494,0.12307692307692308,83541.88730581947
2,-80,-40,10,-120,50,11,0.45454545454545453,0.4878641820217377,-0.014512627285657437,-0.003915308968149178,9.272727272727273,-0.16458112694180527,-0.8971522712980681,-3.167195832907272,-0.21021636793249276,-4.267756503081494,0.12307692307692308,83541.88730581947
2,-80,-40,10,-120,100,11,0.45454545454545453,0.4878641820217377,-0.014512627285657437,-0.003915308968149178,9.272727272727273,-0.16458112694180527,-0.8971522712980681,-3.167195832907272,-0.21021636793249276,-4.267756503081494,0.12307692307692308,83541.88730581947
7,-85,-50,3,-100,100,9,0.5555555555555556,0.30907816588685505,-0.02159228817807472,0.0035002282757572445,16.0,-0.1908742856635941,-0.9313679855507947,-3.8784867259349736,-0.21774625081892474,-4.277308941246981,0.15,80912.5714336406
7,-85,-40,3,-100,100,9,0.5555555555555556,0.30907816588685505,-0.02159228817807472,0.0035002282757572445,16.0,-0.1908742856635941,-0.9313679855507947,-3.8784867259349736,-0.21774625081892474,-4.277308941246981,0.15,80912.5714336406
7,-85,-30,3,-100,100,9,0.5555555555555556,0.30907816588685505,-0.02159228817807472,0.0035002282757572445,16.0,-0.1908742856635941,-0.9313679855507947,-3.8784867259349736,-0.21774625081892474,-4.277308941246981,0.15,80912.5714336406
7,-85,-20,3,-100,100,9,0.5555555555555556,0.30907816588685505,-0.02159228817807472,0.0035002282757572445,16.0,-0.1908742856635941,-0.9313679855507947,-3.8784867259349736,-0.21774625081892474,-4.277308941246981,0.15,80912.5714336406
2,-90,-50,3,-100,0,9,0.4444444444444444,0.37535574216929096,-0.017577996042769314,-0.009876355180845287,10.555555555555555,-0.16056208671873973,-0.8907155782957389,-3.298517308809818,-0.20797757112916215,-4.282748247610652,0.09615384615384616,83943.79132812603
2,-90,-50,3,-100,50,9,0.4444444444444444,0.37535574216929096,-0.017577996042769314,-0.009876355180845287,10.555555555555555,-0.16056208671873973,-0.8907155782957389,-3.298517308809818,-0.20797757112916215,-4.282748247610652,0.09615384615384616,83943.79132812603
2,-90,-50,3,-100,100,9,0.4444444444444444,0.37535574216929096,-0.017577996042769314,-0.009876355180845287,10.555555555555555,-0.16056208671873973,-0.8907155782957389,-3.298517308809818,-0.20797757112916215,-4.282748247610652,0.09615384615384616,83943.79132812603
2,-90,-40,3,-100,0,9,0.4444444444444444,0.37535574216929096,-0.017577996042769314,-0.009876355180845287,10.555555555555555,-0.16056208671873973,-0.8907155782957389,-3.298517308809818,-0.20797757112916215,-4.282748247610652,0.09615384615384616,83943.79132812603
2,-90,-40,3,-100,50,9,0.4444444444444444,0.37535574216929096,-0.017577996042769314,-0.009876355180845287,10.555555555555555,-0.16056208671873973,-0.8907155782957389,-3.298517308809818,-0.20797757112916215,-4.282748247610652,0.09615384615384616,83943.79132812603
2,-90,-40,3,-100,100,9,0.4444444444444444,0.37535574216929096,-0.017577996042769314,-0.009876355180845287,10.555555555555555,-0.16056208671873973,-0.8907155782957389,-3.298517308809818,-0.20797757112916215,-4.282748247610652,0.09615384615384616,83943.79132812603
10,-90,-50,3,-100,0,9,0.5555555555555556,0.3574587442978797,-0.017442576030914408,0.0033677765021047357,11.11111111111111,-0.15933859686184748,-0.8886836689311982,-3.3803800086343085,-0.20722058429611045,-4.28858779618777,0.11538461538461539,84066.14031381525
10,-90,-50,3,-100,50,9,0.5555555555555556,0.3574587442978797,-0.017442576030914408,0.0033677765021047357,11.11111111111111,-0.15933859686184748,-0.8886836689311982,-3.3803800086343085,-0.20722058429611045,-4.28858779618777,0.11538461538461539,84066.14031381525
10,-90,-40,3,-100,0,9,0.5555555555555556,0.3574587442978797,-0.017442576030914408,0.0033677765021047357,11.11111111111111,-0.15933859686184748,-0.8886836689311982,-3.3803800086343085,-0.20722058429611045,-4.28858779618777,0.11538461538461539,84066.14031381525
10,-90,-40,3,-100,50,9,0.5555555555555556,0.3574587442978797,-0.017442576030914408,0.0033677765021047357,11.11111111111111,-0.15933859686184748,-0.8886836689311982,-3.3803800086343085,-0.20722058429611045,-4.28858779618777,0.11538461538461539,84066.14031381525
10,-90,-30,3,-100,0,9,0.5555555555555556,0.3574587442978797,-0.017442576030914408,0.0033677765021047357,11.11111111111111,-0.15933859686184748,-0.8886836689311982,-3.3803800086343085,-0.20722058429611045,-4.28858779618777,0.11538461538461539,84066.14031381525
10,-90,-30,3,-100,50,9,0.5555555555555556,0.3574587442978797,-0.017442576030914408,0.0033677765021047357,11.11111111111111,-0.15933859686184748,-0.8886836689311982,-3.3803800086343085,-0.20722058429611045,-4.28858779618777,0.11538461538461539,84066.14031381525
10,-90,-20,3,-100,0,9,0.5555555555555556,0.3574587442978797,-0.017442576030914408,0.0033677765021047357,11.11111111111111,-0.15933859686184748,-0.8886836689311982,-3.3803800086343085,-0.20722058429611045,-4.28858779618777,0.11538461538461539,84066.14031381525
10,-90,-20,3,-100,50,9,0.5555555555555556,0.3574587442978797,-0.017442576030914408,0.0033677765021047357,11.11111111111111,-0.15933859686184748,-0.8886836689311982,-3.3803800086343085,-0.20722058429611045,-4.28858779618777,0.11538461538461539,84066.14031381525
10,-85,-50,3,-100,100,11,0.6363636363636364,0.3990168891924042,-0.015366743504130455,0.008409949397762073,13.454545454545455,-0.17025546715793638,-0.9056468967091328,-3.371976159441266,-0.20651846636067117,-4.385307099499175,0.16538461538461538,82974.45328420636
10,-85,-40,3,-100,100,11,0.6363636363636364,0.3990168891924042,-0.015366743504130455,0.008409949397762073,13.454545454545455,-0.17025546715793638,-0.9056468967091328,-3.371976159441266,-0.20651846636067117,-4.385307099499175,0.16538461538461538,82974.45328420636
10,-85,-30,3,-100,100,11,0.6363636363636364,0.3990168891924042,-0.015366743504130455,0.008409949397762073,13.454545454545455,-0.17025546715793638,-0.9056468967091328,-3.371976159441266,-0.20651846636067117,-4.385307099499175,0.16538461538461538,82974.45328420636
10,-85,-20,3,-100,100,11,0.6363636363636364,0.3990168891924042,-0.015366743504130455,0.008409949397762073,13.454545454545455,-0.17025546715793638,-0.9056468967091328,-3.371976159441266,-0.20651846636067117,-4.385307099499175,0.16538461538461538,82974.45328420636
7,-90,-50,3,-100,0,8,0.375,0.29572487451071516,-0.02172927773911794,-0.008656893320188208,12.375,-0.17333446002032116,-0.9099810135056247,-3.7417815851088294,-0.20722058429611045,-4.391363997918739,0.11153846153846154,82666.55399796789
7,-90,-50,3,-100,50,8,0.375,0.29572487451071516,-0.02172927773911794,-0.008656893320188208,12.375,-0.17333446002032116,-0.9099810135056247,-3.7417815851088294,-0.20722058429611045,-4.391363997918739,0.11153846153846154,82666.55399796789
7,-90,-40,3,-100,0,8,0.375,0.29572487451071516,-0.02172927773911794,-0.008656893320188208,12.375,-0.17333446002032116,-0.9099810135056247,-3.7417815851088294,-0.20722058429611045,-4.391363997918739,0.11153846153846154,82666.55399796789
7,-90,-40,3,-100,50,8,0.375,0.29572487451071516,-0.02172927773911794,-0.008656893320188208,12.375,-0.17333446002032116,-0.9099810135056247,-3.7417815851088294,-0.20722058429611045,-4.391363997918739,0.11153846153846154,82666.55399796789
7,-90,-30,3,-100,0,8,0.375,0.29572487451071516,-0.02172927773911794,-0.008656893320188208,12.375,-0.17333446002032116,-0.9099810135056247,-3.7417815851088294,-0.20722058429611045,-4.391363997918739,0.11153846153846154,82666.55399796789
7,-90,-30,3,-100,50,8,0.375,0.29572487451071516,-0.02172927773911794,-0.008656893320188208,12.375,-0.17333446002032116,-0.9099810135056247,-3.7417815851088294,-0.20722058429611045,-4.391363997918739,0.11153846153846154,82666.55399796789
7,-90,-20,3,-100,0,8,0.375,0.29572487451071516,-0.02172927773911794,-0.008656893320188208,12.375,-0.17333446002032116,-0.9099810135056247,-3.7417815851088294,-0.20722058429611045,-4.391363997918739,0.11153846153846154,82666.55399796789
7,-90,-20,3,-100,50,8,0.375,0.29572487451071516,-0.02172927773911794,-0.008656893320188208,12.375,-0.17333446002032116,-0.9099810135056247,-3.7417815851088294,-0.20722058429611045,-4.391363997918739,0.11153846153846154,82666.55399796789
