dt,time,timestamp,price,open,high,low,close,volume,vwap
2026-07-27 09:30:00-04:00,2026-07-27T09:30:00,1785159000,140.09494999999998,140.65,142.1899,138.0,139.5,2057284,139.66671
2026-07-27 09:35:00-04:00,2026-07-27T09:35:00,1785159300,139.54000000000002,139.45,141.96,137.12,138.6,1646108,139.79825
2026-07-27 09:40:00-04:00,2026-07-27T09:40:00,1785159600,136.19165,138.52,138.99,133.3933,135.31,1762895,135.62762
2026-07-27 09:45:00-04:00,2026-07-27T09:45:00,1785159900,135.47500000000002,135.31,136.74,134.21,135.5984,1374025,135.37947
2026-07-27 09:50:00-04:00,2026-07-27T09:50:00,1785160200,136.125,135.46,137.5,134.75,135.8,928504,136.39065
2026-07-27 09:55:00-04:00,2026-07-27T09:55:00,1785160500,133.875,135.75,135.98,131.77,132.435,1259536,133.463957
2026-07-27 10:00:00-04:00,2026-07-27T10:00:00,1785160800,130.975,132.39,132.95,129.0,129.85,1978789,130.396165
2026-07-27 10:05:00-04:00,2026-07-27T10:05:00,1785161100,129.375,129.86,130.6,128.15,129.8454,1645856,129.665694
2026-07-27 10:10:00-04:00,2026-07-27T10:10:00,1785161400,128.03025000000002,129.8473,129.9396,126.1209,126.3159,1656465,127.407112
2026-07-27 10:15:00-04:00,2026-07-27T10:15:00,1785161700,126.39500000000001,126.33,127.65,125.14,126.48,1487366,126.150506
2026-07-27 10:20:00-04:00,2026-07-27T10:20:00,1785162000,125.025,126.525,126.7,123.35,123.935,1478043,125.08503
2026-07-27 10:25:00-04:00,2026-07-27T10:25:00,1785162300,122.375,123.9746,124.02,120.73,120.9899,1842931,122.411614
2026-07-27 10:30:00-04:00,2026-07-27T10:30:00,1785162600,120.4461,120.9,121.3,119.5922,119.8,2309744,120.380092
2026-07-27 10:35:00-04:00,2026-07-27T10:35:00,1785162900,118.9396,119.79,120.2092,117.67,117.965,2290030,118.752263
2026-07-27 10:40:00-04:00,2026-07-27T10:40:00,1785163200,116.825,117.9475,118.2,115.45,116.685,3589142,116.445742
2026-07-27 10:45:00-04:00,2026-07-27T10:45:00,1785163500,119.6,116.7,122.5,116.7,122.435,3486465,120.22744
2026-07-27 10:50:00-04:00,2026-07-27T10:50:00,1785163800,122.965,122.42,124.11,121.82,122.5555,2160586,123.133982
2026-07-27 10:55:00-04:00,2026-07-27T10:55:00,1785164100,123.39005,122.5555,124.88,121.9001,124.435,1595987,123.830902
2026-07-27 11:00:00-04:00,2026-07-27T11:00:00,1785164400,123.46995000000001,124.5,125.3799,121.56,122.2501,1702036,123.125856
2026-07-27 11:05:00-04:00,2026-07-27T11:05:00,1785164700,122.899,122.4,123.798,122.0,122.29,1187747,122.549427
2026-07-27 11:10:00-04:00,2026-07-27T11:10:00,1785165000,121.685,122.41,123.18,120.19,120.19,1513838,121.564262
2026-07-27 11:15:00-04:00,2026-07-27T11:15:00,1785165300,119.095,120.21,120.41,117.78,120.06,1797023,119.072762
2026-07-27 11:20:00-04:00,2026-07-27T11:20:00,1785165600,119.85,120.0458,121.83,117.87,118.48,1506156,119.965618
2026-07-27 11:25:00-04:00,2026-07-27T11:25:00,1785165900,118.05,118.4299,118.85,117.25,118.06,902768,117.958273
2026-07-27 11:30:00-04:00,2026-07-27T11:30:00,1785166200,117.44495,118.1,118.5999,116.29,117.0367,1122573,117.087146
2026-07-27 11:35:00-04:00,2026-07-27T11:35:00,1785166500,116.8775,117.05,117.6,116.155,116.9719,1064667,116.817362
2026-07-27 11:40:00-04:00,2026-07-27T11:40:00,1785166800,117.24000000000001,116.9604,118.17,116.31,117.7675,902222,117.374112
2026-07-27 11:45:00-04:00,2026-07-27T11:45:00,1785167100,117.47,117.7556,118.3,116.64,117.34,760499,117.4516
2026-07-27 11:50:00-04:00,2026-07-27T11:50:00,1785167400,117.51,117.38,118.26,116.76,117.57,668838,117.614132
2026-07-27 11:55:00-04:00,2026-07-27T11:55:00,1785167700,118.7053,117.5508,119.95,117.4606,119.7601,758275,118.900747
2026-07-27 12:00:00-04:00,2026-07-27T12:00:00,1785168000,120.625,119.82,121.98,119.27,121.635,825787,120.529582
2026-07-27 12:05:00-04:00,2026-07-27T12:05:00,1785168300,121.50492,121.6105,122.28,120.72984,121.49,754250,121.454667
2026-07-27 12:10:00-04:00,2026-07-27T12:10:00,1785168600,121.445,121.5,122.6,120.29,120.59,798172,121.61309
2026-07-27 12:15:00-04:00,2026-07-27T12:15:00,1785168900,120.38005000000001,120.6299,121.06,119.7001,120.18,569165,120.130827
2026-07-27 12:20:00-04:00,2026-07-27T12:20:00,1785169200,120.76505,120.15,121.84,119.6901,121.54,437393,120.773147
2026-07-27 12:25:00-04:00,2026-07-27T12:25:00,1785169500,123.03,121.5301,124.64,121.42,123.32,1313995,123.728087
2026-07-27 12:30:00-04:00,2026-07-27T12:30:00,1785169800,123.79505,123.3999,124.99,122.6001,122.66,786618,123.817761
2026-07-27 12:35:00-04:00,2026-07-27T12:35:00,1785170100,122.84,122.7,124.28,121.4,124.145,649291,122.936676
2026-07-27 12:40:00-04:00,2026-07-27T12:40:00,1785170400,123.7425,124.2,124.38,123.105,123.4618,452301,123.858119
2026-07-27 12:45:00-04:00,2026-07-27T12:45:00,1785170700,123.60499999999999,123.425,124.35,122.86,123.3533,387517,123.694783
2026-07-27 12:50:00-04:00,2026-07-27T12:50:00,1785171000,121.95750000000001,123.2637,123.305,120.61,121.0,639896,121.833413
2026-07-27 12:55:00-04:00,2026-07-27T12:55:00,1785171300,120.50450000000001,120.98,121.009,120.0,120.695,437067,120.457025
2026-07-27 13:00:00-04:00,2026-07-27T13:00:00,1785171600,120.19005,120.76,121.0,119.3801,119.64,523736,119.980095
2026-07-27 13:05:00-04:00,2026-07-27T13:05:00,1785171900,119.735,119.56,120.24,119.23,119.8,414883,119.78158
2026-07-27 13:10:00-04:00,2026-07-27T13:10:00,1785172200,120.1075,119.705,120.705,119.51,120.28,392955,120.096293
2026-07-27 13:15:00-04:00,2026-07-27T13:15:00,1785172500,119.52,120.27,120.38,118.66,119.04,498560,119.309123
2026-07-27 13:20:00-04:00,2026-07-27T13:20:00,1785172800,119.33,118.9701,119.82,118.84,119.13,341758,119.398616
2026-07-27 13:25:00-04:00,2026-07-27T13:25:00,1785173100,119.08,119.21,119.56,118.6,119.0107,265464,119.075582
2026-07-27 13:30:00-04:00,2026-07-27T13:30:00,1785173400,120.02,119.11,121.07,118.97,120.785,359696,120.195323
2026-07-27 13:35:00-04:00,2026-07-27T13:35:00,1785173700,120.47,120.785,121.0,119.94,119.95,383346,120.504216
2026-07-27 13:40:00-04:00,2026-07-27T13:40:00,1785174000,119.98150000000001,119.94,120.42,119.543,120.035,269888,119.941481
2026-07-27 13:45:00-04:00,2026-07-27T13:45:00,1785174300,120.24000000000001,120.0801,121.05,119.43,120.15,290275,120.49396
2026-07-27 13:50:00-04:00,2026-07-27T13:50:00,1785174600,120.7,120.105,121.4,120.0,121.3,285931,120.775577
2026-07-27 13:55:00-04:00,2026-07-27T13:55:00,1785174900,121.6392,121.3695,122.2,121.0784,122.0,412736,121.653909
2026-07-27 14:00:00-04:00,2026-07-27T14:00:00,1785175200,122.27000000000001,122.14,122.7,121.84,122.1601,347004,122.271837
2026-07-27 14:05:00-04:00,2026-07-27T14:05:00,1785175500,122.11500000000001,122.16,122.65,121.58,122.07,356793,122.153828
2026-07-27 14:10:00-04:00,2026-07-27T14:10:00,1785175800,122.19800000000001,122.0,122.575,121.821,122.25,233208,122.22843
2026-07-27 14:15:00-04:00,2026-07-27T14:15:00,1785176100,121.55,122.36,122.38,120.72,121.43,506636,121.404573
2026-07-27 14:20:00-04:00,2026-07-27T14:20:00,1785176400,121.67500000000001,121.445,122.2,121.15,122.015,199270,121.609023
2026-07-27 14:25:00-04:00,2026-07-27T14:25:00,1785176700,122.1,122.07,122.4,121.8,122.14,244306,122.078469
2026-07-27 14:30:00-04:00,2026-07-27T14:30:00,1785177000,121.535,122.13,122.14,120.93,121.0,296832,121.344199
2026-07-27 14:35:00-04:00,2026-07-27T14:35:00,1785177300,121.13,121.01,121.55,120.71,120.835,275713,121.08123
2026-07-27 14:40:00-04:00,2026-07-27T14:40:00,1785177600,121.225,120.83,122.13,120.32,122.0,459199,121.22244
2026-07-27 14:45:00-04:00,2026-07-27T14:45:00,1785177900,121.88499999999999,121.97,122.55,121.22,121.61,291411,121.935119
2026-07-27 14:50:00-04:00,2026-07-27T14:50:00,1785178200,122.595,121.56,123.75,121.44,123.555,421595,123.05319
2026-07-27 14:55:00-04:00,2026-07-27T14:55:00,1785178500,124.4743,123.7,125.2486,123.7,125.08,610780,124.476846
2026-07-27 15:00:00-04:00,2026-07-27T15:00:00,1785178800,125.705,125.1,126.64,124.77,125.935,1016986,125.773748
2026-07-27 15:05:00-04:00,2026-07-27T15:05:00,1785179100,126.485,125.935,127.65,125.32,127.15,1068006,126.78619
2026-07-27 15:10:00-04:00,2026-07-27T15:10:00,1785179400,127.34,127.13,128.17,126.51,127.0472,1018772,127.36126
2026-07-27 15:15:00-04:00,2026-07-27T15:15:00,1785179700,127.45,127.035,128.0,126.9,127.8675,649779,127.562498
2026-07-27 15:20:00-04:00,2026-07-27T15:20:00,1785180000,128.085,127.9,128.8,127.37,128.435,805304,128.17171
2026-07-27 15:25:00-04:00,2026-07-27T15:25:00,1785180300,128.65005,128.46,129.7,127.6001,129.6964,969661,128.663583
2026-07-27 15:30:00-04:00,2026-07-27T15:30:00,1785180600,129.46499999999997,129.7,130.2,128.73,128.7417,2807177,129.787381
2026-07-27 15:35:00-04:00,2026-07-27T15:35:00,1785180900,127.88505,128.75,128.99,126.7801,127.06,1279424,127.867962
2026-07-27 15:40:00-04:00,2026-07-27T15:40:00,1785181200,127.38335000000001,127.1,127.9467,126.82,127.16,1041663,127.385327
2026-07-27 15:45:00-04:00,2026-07-27T15:45:00,1785181500,127.15,127.11,127.7,126.6,127.66,1146320,127.214834
2026-07-27 15:50:00-04:00,2026-07-27T15:50:00,1785181800,127.38,127.68,128.03,126.73,127.53,1979014,127.431628
2026-07-27 15:55:00-04:00,2026-07-27T15:55:00,1785182100,127.59,127.47,128.35,126.83,128.09,2490639,127.948293
2026-07-28 09:30:00-04:00,2026-07-28T09:30:00,1785245400,112.785,113.15,114.57,111.0,111.0001,3265009,112.202004
2026-07-28 09:35:00-04:00,2026-07-28T09:35:00,1785245700,109.015,111.03,111.5,106.53,106.56,4250328,108.971785
2026-07-28 09:40:00-04:00,2026-07-28T09:40:00,1785246000,106.8697,106.6,108.4694,105.27,106.64,3715533,106.937023
2026-07-28 09:45:00-04:00,2026-07-28T09:45:00,1785246300,106.445,106.67,108.85,104.04,108.0559,4559505,106.139743
2026-07-28 09:50:00-04:00,2026-07-28T09:50:00,1785246600,107.2748,108.07,109.2495,105.3001,106.19,3514197,107.327956
2026-07-28 09:55:00-04:00,2026-07-28T09:55:00,1785246900,106.38499999999999,106.188,107.77,105.0,105.52,2292976,106.035844
2026-07-28 10:00:00-04:00,2026-07-28T10:00:00,1785247200,106.57,105.485,107.84,105.3,107.155,2130652,106.919575
2026-07-28 10:05:00-04:00,2026-07-28T10:05:00,1785247500,107.25,107.14,109.5,105.0,105.34,2522667,107.301799
2026-07-28 10:10:00-04:00,2026-07-28T10:10:00,1785247800,105.62,105.45,107.97,103.27,103.67,2875074,105.494642
2026-07-28 10:15:00-04:00,2026-07-28T10:15:00,1785248100,103.23505,103.67,104.34,102.1301,102.155,3155316,102.975
2026-07-28 10:20:00-04:00,2026-07-28T10:20:00,1785248400,103.25999999999999,102.155,104.99,101.53,103.76,3819782,103.342358
2026-07-28 10:25:00-04:00,2026-07-28T10:25:00,1785248700,104.0,103.81,104.9,103.1,104.4095,1501330,104.125937
2026-07-28 10:30:00-04:00,2026-07-28T10:30:00,1785249000,104.315,104.3,105.5,103.13,103.4,1726164,104.276215
2026-07-28 10:35:00-04:00,2026-07-28T10:35:00,1785249300,104.695,103.44,106.18,103.21,105.1581,1678991,105.274269
2026-07-28 10:40:00-04:00,2026-07-28T10:40:00,1785249600,106.1175,105.08,107.34,104.895,106.17,1668656,106.287788
2026-07-28 10:45:00-04:00,2026-07-28T10:45:00,1785249900,107.11500000000001,106.21,109.11,105.12,109.0425,1867836,107.435626
2026-07-28 10:50:00-04:00,2026-07-28T10:50:00,1785250200,109.45495,109.0101,110.4699,108.44,108.65,2435469,109.447816
2026-07-28 10:55:00-04:00,2026-07-28T10:55:00,1785250500,107.90005,108.74,109.2,106.6001,107.1,1653713,107.831904
2026-07-28 11:00:00-04:00,2026-07-28T11:00:00,1785250800,107.67,107.145,108.62,106.72,106.85,1035591,107.679184
2026-07-28 11:05:00-04:00,2026-07-28T11:05:00,1785251100,106.875,106.88,108.06,105.69,107.14,1120925,106.80502
2026-07-28 11:10:00-04:00,2026-07-28T11:10:00,1785251400,107.4125,107.2,108.715,106.11,107.3279,855869,107.419537
2026-07-28 11:15:00-04:00,2026-07-28T11:15:00,1785251700,107.69999999999999,107.28,108.8,106.6,108.52,1135337,107.799256
2026-07-28 11:20:00-04:00,2026-07-28T11:20:00,1785252000,109.63024999999999,108.55,110.72,108.5405,110.71,1465511,109.81811
2026-07-28 11:25:00-04:00,2026-07-28T11:25:00,1785252300,110.20500000000001,110.7299,111.51,108.9,109.335,2389838,110.732468
2026-07-28 11:30:00-04:00,2026-07-28T11:30:00,1785252600,110.08995,109.35,111.1799,109.0,110.58,1105412,110.008826
2026-07-28 11:35:00-04:00,2026-07-28T11:35:00,1785252900,111.47,110.61,112.43,110.51,112.095,1183615,111.581926
2026-07-28 11:40:00-04:00,2026-07-28T11:40:00,1785253200,112.20904999999999,112.085,113.11,111.3081,112.91,1320338,112.184682
2026-07-28 11:45:00-04:00,2026-07-28T11:45:00,1785253500,113.8,112.91,114.75,112.85,114.0501,1460431,114.059964
2026-07-28 11:50:00-04:00,2026-07-28T11:50:00,1785253800,113.27,114.06,114.27,112.27,113.0216,1508258,113.305393
2026-07-28 11:55:00-04:00,2026-07-28T11:55:00,1785254100,113.1309,113.07,113.9599,112.3019,113.28,654503,113.138647
2026-07-28 12:00:00-04:00,2026-07-28T12:00:00,1785254400,113.72505000000001,113.3,114.42,113.0301,113.87,888125,113.921499
2026-07-28 12:05:00-04:00,2026-07-28T12:05:00,1785254700,113.18,113.84,114.78,111.58,111.58,1390465,113.216547
2026-07-28 12:10:00-04:00,2026-07-28T12:10:00,1785255000,111.82,111.54,112.54,111.1,111.4501,793871,111.731335
2026-07-28 12:15:00-04:00,2026-07-28T12:15:00,1785255300,111.285,111.508,111.96,110.61,111.8897,631706,111.110892
2026-07-28 12:20:00-04:00,2026-07-28T12:20:00,1785255600,111.58500000000001,111.9,112.4,110.77,111.05,693465,111.530631
2026-07-28 12:25:00-04:00,2026-07-28T12:25:00,1785255900,110.93,111.0,111.51,110.35,111.15,539921,111.013845
2026-07-28 12:30:00-04:00,2026-07-28T12:30:00,1785256200,109.92755,111.1501,111.1501,108.705,110.13,1409437,109.719393
2026-07-28 12:35:00-04:00,2026-07-28T12:35:00,1785256500,110.69505000000001,110.09,111.76,109.6301,111.725,804466,110.681466
2026-07-28 12:40:00-04:00,2026-07-28T12:40:00,1785256800,112.00005,111.725,112.48,111.5201,112.19,826810,112.079367
2026-07-28 12:45:00-04:00,2026-07-28T12:45:00,1785257100,112.08505,112.19,112.87,111.3001,111.74,746991,112.205237
2026-07-28 12:50:00-04:00,2026-07-28T12:50:00,1785257400,112.74000000000001,111.78,113.7,111.78,113.35,686620,112.998649
2026-07-28 12:55:00-04:00,2026-07-28T12:55:00,1785257700,113.0341,113.345,113.5982,112.47,112.5217,675933,113.032773
2026-07-28 13:00:00-04:00,2026-07-28T13:00:00,1785258000,112.41,112.5,113.13,111.69,111.7,512498,112.417721
2026-07-28 13:05:00-04:00,2026-07-28T13:05:00,1785258300,111.4497,111.74,112.1993,110.7001,110.8,432669,111.472118
2026-07-28 13:10:00-04:00,2026-07-28T13:10:00,1785258600,110.82,110.7902,111.3,110.34,110.87,369662,110.833255
2026-07-28 13:15:00-04:00,2026-07-28T13:15:00,1785258900,110.77005,110.87,111.1,110.4401,110.885,277954,110.709443
2026-07-28 13:20:00-04:00,2026-07-28T13:20:00,1785259200,111.375,110.87,112.09,110.66,110.83,542665,111.485236
2026-07-28 13:25:00-04:00,2026-07-28T13:25:00,1785259500,111.03999999999999,110.8333,111.53,110.55,110.9637,227707,111.104753
2026-07-28 13:30:00-04:00,2026-07-28T13:30:00,1785259800,111.32,110.9795,111.97,110.67,111.705,267457,111.385371
2026-07-28 13:35:00-04:00,2026-07-28T13:35:00,1785260100,111.375,111.75,112.18,110.57,110.6,269369,111.279135
2026-07-28 13:40:00-04:00,2026-07-28T13:40:00,1785260400,110.035,110.57,110.77,109.3,109.385,608981,109.964438
2026-07-28 13:45:00-04:00,2026-07-28T13:45:00,1785260700,109.185,109.3501,109.77,108.6,109.62,640980,109.15599
2026-07-28 13:50:00-04:00,2026-07-28T13:50:00,1785261000,109.22,109.63,109.63,108.81,108.915,286795,109.107341
2026-07-28 13:55:00-04:00,2026-07-28T13:55:00,1785261300,109.045,108.92,109.59,108.5,109.54,364808,108.981289
2026-07-28 14:00:00-04:00,2026-07-28T14:00:00,1785261600,109.8956,109.555,110.3912,109.4,110.14,430442,109.943332
2026-07-28 14:05:00-04:00,2026-07-28T14:05:00,1785261900,109.70500000000001,110.12,110.26,109.15,109.2401,258987,109.620539
2026-07-28 14:10:00-04:00,2026-07-28T14:10:00,1785262200,108.91,109.3,109.32,108.5,108.51,340020,108.918056
2026-07-28 14:15:00-04:00,2026-07-28T14:15:00,1785262500,108.83500000000001,108.5,109.31,108.36,108.925,328621,108.809305
2026-07-28 14:20:00-04:00,2026-07-28T14:20:00,1785262800,109.025,108.96,109.33,108.72,108.9499,234236,108.990636
2026-07-28 14:25:00-04:00,2026-07-28T14:25:00,1785263100,108.72,108.88,109.1,108.34,108.6008,293786,108.63989
2026-07-28 14:30:00-04:00,2026-07-28T14:30:00,1785263400,109.315,108.65,110.04,108.59,109.4,549274,109.444901
2026-07-28 14:35:00-04:00,2026-07-28T14:35:00,1785263700,109.39005,109.3875,109.77,109.0101,109.155,263810,109.411683
2026-07-28 14:40:00-04:00,2026-07-28T14:40:00,1785264000,108.975,109.16,109.4,108.55,109.21,421710,109.002901
2026-07-28 14:45:00-04:00,2026-07-28T14:45:00,1785264300,109.50505000000001,109.29,110.09,108.9201,109.4,319415,109.538542
2026-07-28 14:50:00-04:00,2026-07-28T14:50:00,1785264600,109.785,109.46,110.3,109.27,109.4544,347616,109.756181
2026-07-28 14:55:00-04:00,2026-07-28T14:55:00,1785264900,109.73495,109.5022,110.3299,109.14,110.085,341917,109.957313
2026-07-28 15:00:00-04:00,2026-07-28T15:00:00,1785265200,111.095,110.04,112.17,110.02,112.065,727435,111.309269
2026-07-28 15:05:00-04:00,2026-07-28T15:05:00,1785265500,111.63,112.0609,112.5,110.76,111.38,1056783,111.655291
2026-07-28 15:10:00-04:00,2026-07-28T15:10:00,1785265800,111.6925,111.32,112.32,111.065,112.23,552115,111.835621
2026-07-28 15:15:00-04:00,2026-07-28T15:15:00,1785266100,112.045,112.2,112.78,111.31,112.62,809421,112.082579
2026-07-28 15:20:00-04:00,2026-07-28T15:20:00,1785266400,113.43995,112.64,114.4699,112.41,114.425,1419836,113.542644
2026-07-28 15:25:00-04:00,2026-07-28T15:25:00,1785266700,113.83875,114.435,114.65,113.0275,114.52,1262821,114.059631
2026-07-28 15:30:00-04:00,2026-07-28T15:30:00,1785267000,114.17500000000001,114.53,114.95,113.4,113.825,3170899,114.285103
2026-07-28 15:35:00-04:00,2026-07-28T15:35:00,1785267300,112.5925,113.82,113.825,111.36,111.54,1542805,112.104531
2026-07-28 15:40:00-04:00,2026-07-28T15:40:00,1785267600,111.62565000000001,111.56,112.03,111.2213,111.64,1049783,111.578697
2026-07-28 15:45:00-04:00,2026-07-28T15:45:00,1785267900,111.645,111.64,112.16,111.13,112.1042,1412663,111.612137
2026-07-28 15:50:00-04:00,2026-07-28T15:50:00,1785268200,112.16499999999999,112.1,113.03,111.3,112.77,2866403,111.786155
2026-07-28 15:55:00-04:00,2026-07-28T15:55:00,1785268500,111.015,112.74,112.75,109.28,109.51,3272754,110.561078
2026-07-29 09:30:00-04:00,2026-07-29T09:30:00,1785331800,108.83,107.8,111.66,106.0,111.03,3145842,109.24325
2026-07-29 09:35:00-04:00,2026-07-29T09:35:00,1785332100,110.40424999999999,111.05,112.6685,108.14,108.6,2327145,110.475911
2026-07-29 09:40:00-04:00,2026-07-29T09:40:00,1785332400,108.765,108.58,109.91,107.62,109.82,1044693,108.742767
2026-07-29 09:45:00-04:00,2026-07-29T09:45:00,1785332700,108.195,109.78,110.24,106.15,107.06,1486660,107.609914
2026-07-29 09:50:00-04:00,2026-07-29T09:50:00,1785333000,104.871,107.09,107.41,102.332,103.58,2479158,104.210034
2026-07-29 09:55:00-04:00,2026-07-29T09:55:00,1785333300,102.06,103.51,103.53,100.59,102.3,3200664,101.71674
2026-07-29 10:00:00-04:00,2026-07-29T10:00:00,1785333600,103.13,102.32,104.18,102.08,103.755,2791470,103.374208
2026-07-29 10:05:00-04:00,2026-07-29T10:05:00,1785333900,103.555,103.83,105.11,102.0,102.37,1722837,103.517285
2026-07-29 10:10:00-04:00,2026-07-29T10:10:00,1785334200,101.92,102.37,103.48,100.36,100.71,1866835,101.620027
2026-07-29 10:15:00-04:00,2026-07-29T10:15:00,1785334500,101.41,100.72,102.17,100.65,101.17,1193113,101.367781
2026-07-29 10:20:00-04:00,2026-07-29T10:20:00,1785334800,100.7025,101.23,102.2,99.205,99.76,1850350,100.493411
2026-07-29 10:25:00-04:00,2026-07-29T10:25:00,1785335100,98.50999999999999,99.887,99.95,97.07,98.1697,3409829,98.112199
2026-07-29 10:30:00-04:00,2026-07-29T10:30:00,1785335400,99.03,98.229,100.0,98.06,98.8,1739995,99.087076
2026-07-29 10:35:00-04:00,2026-07-29T10:35:00,1785335700,97.6392,98.8,98.8584,96.42,96.6807,1705458,97.664791
2026-07-29 10:40:00-04:00,2026-07-29T10:40:00,1785336000,96.26750000000001,96.68,97.025,95.51,95.91,2171962,96.099354
2026-07-29 10:45:00-04:00,2026-07-29T10:45:00,1785336300,96.932,95.9,98.2,95.664,97.6999,2008068,96.857459
2026-07-29 10:50:00-04:00,2026-07-29T10:50:00,1785336600,98.47,97.66,99.32,97.62,98.43,1892223,98.420752
2026-07-29 10:55:00-04:00,2026-07-29T10:55:00,1785336900,98.405,98.4,99.71,97.1,99.0,1562740,98.399849
2026-07-29 11:00:00-04:00,2026-07-29T11:00:00,1785337200,99.69,99.0088,100.83,98.55,100.77,2402125,99.88795
2026-07-29 11:05:00-04:00,2026-07-29T11:05:00,1785337500,100.03540000000001,100.77,100.93,99.1408,99.815,1648487,100.057153
2026-07-29 11:10:00-04:00,2026-07-29T11:10:00,1785337800,98.69999999999999,99.865,100.05,97.35,97.8105,1282424,98.249061
2026-07-29 11:15:00-04:00,2026-07-29T11:15:00,1785338100,98.36,97.86,99.22,97.5,97.64,787066,98.465519
2026-07-29 11:20:00-04:00,2026-07-29T11:20:00,1785338400,97.81495000000001,97.655,98.5199,97.11,98.421,635936,97.737746
2026-07-29 11:25:00-04:00,2026-07-29T11:25:00,1785338700,97.825,98.425,98.75,96.9,97.04,648121,97.603826
2026-07-29 11:30:00-04:00,2026-07-29T11:30:00,1785339000,97.005,97.0,97.43,96.58,96.96,646359,96.94947
2026-07-29 11:35:00-04:00,2026-07-29T11:35:00,1785339300,96.69999999999999,97.0196,97.49,95.91,95.95,701187,96.741862
2026-07-29 11:40:00-04:00,2026-07-29T11:40:00,1785339600,96.18,95.92,96.66,95.7,96.09,771018,96.08975
2026-07-29 11:45:00-04:00,2026-07-29T11:45:00,1785339900,96.09,96.03,96.54,95.64,96.22,620303,96.050376
2026-07-29 11:50:00-04:00,2026-07-29T11:50:00,1785340200,95.31,96.2,96.37,94.25,94.55,1625386,95.297185
2026-07-29 11:55:00-04:00,2026-07-29T11:55:00,1785340500,94.69,94.55,95.66,93.72,95.63,2182689,94.635485
2026-07-29 12:00:00-04:00,2026-07-29T12:00:00,1785340800,94.95500000000001,95.63,96.4,93.51,93.6,1647086,94.876797
2026-07-29 12:05:00-04:00,2026-07-29T12:05:00,1785341100,93.41354999999999,93.6579,94.07,92.7571,93.75,1646950,93.401531
2026-07-29 12:10:00-04:00,2026-07-29T12:10:00,1785341400,93.42750000000001,93.7761,94.315,92.54,92.5601,1236723,93.61556
2026-07-29 12:15:00-04:00,2026-07-29T12:15:00,1785341700,93.0698,92.59,93.7295,92.4101,93.51,977570,93.073731
2026-07-29 12:20:00-04:00,2026-07-29T12:20:00,1785342000,94.005,93.52,94.86,93.15,94.5299,1255516,94.156238
2026-07-29 12:25:00-04:00,2026-07-29T12:25:00,1785342300,94.9845,94.53,95.519,94.45,95.25,924898,94.992046
2026-07-29 12:30:00-04:00,2026-07-29T12:30:00,1785342600,95.315,95.21,96.05,94.58,94.7,931027,95.35471
2026-07-29 12:35:00-04:00,2026-07-29T12:35:00,1785342900,94.4,94.7004,95.0,93.8,94.89,805151,94.367128
2026-07-29 12:40:00-04:00,2026-07-29T12:40:00,1785343200,94.46000000000001,94.875,95.26,93.66,93.95,563589,94.37725
2026-07-29 12:45:00-04:00,2026-07-29T12:45:00,1785343500,94.455,93.9787,95.11,93.8,95.0052,526671,94.431842
2026-07-29 12:50:00-04:00,2026-07-29T12:50:00,1785343800,94.9,94.95,95.47,94.33,94.93,562825,94.92568
2026-07-29 12:55:00-04:00,2026-07-29T12:55:00,1785344100,95.37495,94.914,95.9099,94.84,95.715,515686,95.361561
2026-07-29 13:00:00-04:00,2026-07-29T13:00:00,1785344400,96.3545,95.73,97.239,95.47,97.08,1203790,96.442125
2026-07-29 13:05:00-04:00,2026-07-29T13:05:00,1785344700,96.995,97.075,97.56,96.43,97.32,1124802,97.067357
2026-07-29 13:10:00-04:00,2026-07-29T13:10:00,1785345000,98.22285,97.32,99.2937,97.152,99.25,1387064,98.341099
2026-07-29 13:15:00-04:00,2026-07-29T13:15:00,1785345300,98.825,99.25,99.5,98.15,98.255,988831,98.753377
2026-07-29 13:20:00-04:00,2026-07-29T13:20:00,1785345600,98.47745,98.25,99.1899,97.765,97.8512,651812,98.46417
2026-07-29 13:25:00-04:00,2026-07-29T13:25:00,1785345900,97.67495,97.85,98.4599,96.89,97.05,607359,97.631584
2026-07-29 13:30:00-04:00,2026-07-29T13:30:00,1785346200,97.675,97.025,98.63,96.72,98.1499,598289,97.727744
2026-07-29 13:35:00-04:00,2026-07-29T13:35:00,1785346500,97.6168,98.04,98.1736,97.06,97.61,323134,97.622158
2026-07-29 13:40:00-04:00,2026-07-29T13:40:00,1785346800,97.72035,97.55,98.19,97.2507,97.95,350717,97.759527
2026-07-29 13:45:00-04:00,2026-07-29T13:45:00,1785347100,97.775,97.97,98.31,97.24,98.286,333585,97.868591
2026-07-29 13:50:00-04:00,2026-07-29T13:50:00,1785347400,98.64735,98.31,99.0947,98.2,98.56,577891,98.701535
2026-07-29 13:55:00-04:00,2026-07-29T13:55:00,1785347700,98.05654999999999,98.56,98.758,97.3551,98.2995,491498,98.000656
2026-07-29 14:00:00-04:00,2026-07-29T14:00:00,1785348000,100.775,98.32,103.23,98.32,100.7776,4086602,101.520069
2026-07-29 14:05:00-04:00,2026-07-29T14:05:00,1785348300,101.86994999999999,100.79,103.2999,100.44,102.655,1800948,102.330355
2026-07-29 14:10:00-04:00,2026-07-29T14:10:00,1785348600,101.81,102.65,103.07,100.55,101.25,1419420,101.881689
2026-07-29 14:15:00-04:00,2026-07-29T14:15:00,1785348900,100.74000000000001,101.13,102.33,99.15,99.66,1038982,100.565137
2026-07-29 14:20:00-04:00,2026-07-29T14:20:00,1785349200,99.50999999999999,99.66,100.27,98.75,99.6801,775820,99.489312
2026-07-29 14:25:00-04:00,2026-07-29T14:25:00,1785349500,99.12,99.68,99.89,98.35,99.6,752794,99.068112
2026-07-29 14:30:00-04:00,2026-07-29T14:30:00,1785349800,99.37495000000001,99.59,100.5999,98.15,99.29,1144658,99.42371
2026-07-29 14:35:00-04:00,2026-07-29T14:35:00,1785350100,100.595,99.34,102.6,98.59,102.22,1232339,101.141647
2026-07-29 14:40:00-04:00,2026-07-29T14:40:00,1785350400,103.7904,102.19,105.52,102.0608,104.94,2663055,104.103239
2026-07-29 14:45:00-04:00,2026-07-29T14:45:00,1785350700,105.68,104.9225,106.82,104.54,106.54,1813669,105.818569
2026-07-29 14:50:00-04:00,2026-07-29T14:50:00,1785351000,106.595,106.62,107.74,105.45,107.6199,1609515,106.755354
2026-07-29 14:55:00-04:00,2026-07-29T14:55:00,1785351300,106.8651,107.625,107.8802,105.85,107.67,1414637,107.070805
2026-07-29 15:00:00-04:00,2026-07-29T15:00:00,1785351600,107.78999999999999,107.7,109.25,106.33,106.735,1674956,107.827992
2026-07-29 15:05:00-04:00,2026-07-29T15:05:00,1785351900,105.72075,106.76,107.255,104.1865,104.2,1204280,105.649351
2026-07-29 15:10:00-04:00,2026-07-29T15:10:00,1785352200,104.375,104.2,105.5,103.25,104.675,1411038,104.589879
2026-07-29 15:15:00-04:00,2026-07-29T15:15:00,1785352500,103.61,104.71,105.4,101.82,102.33,1495480,103.33879
2026-07-29 15:20:00-04:00,2026-07-29T15:20:00,1785352800,100.88,102.4,102.49,99.27,100.86,1892185,100.690967
2026-07-29 15:25:00-04:00,2026-07-29T15:25:00,1785353100,100.245,100.82,101.49,99.0,101.35,1423099,100.268823
2026-07-29 15:30:00-04:00,2026-07-29T15:30:00,1785353400,100.375,101.44,102.85,97.9,98.55,3681615,101.185737
2026-07-29 15:35:00-04:00,2026-07-29T15:35:00,1785353700,97.79,98.55,99.29,96.29,96.515,1672029,97.739771
2026-07-29 15:40:00-04:00,2026-07-29T15:40:00,1785354000,96.48495,96.45,97.3399,95.63,96.12,1893605,96.37646
2026-07-29 15:45:00-04:00,2026-07-29T15:45:00,1785354300,95.88499999999999,96.0,96.97,94.8,96.8013,2067848,95.754332
2026-07-29 15:50:00-04:00,2026-07-29T15:50:00,1785354600,95.505,96.76,96.76,94.25,94.95,2968515,94.945355
2026-07-29 15:55:00-04:00,2026-07-29T15:55:00,1785354900,93.205,94.88,94.91,91.5,92.0,5808324,92.661066
2026-07-30 09:30:00-04:00,2026-07-30T09:30:00,1785418200,107.155,107.34,108.66,105.65,106.53,4977806,107.080824
2026-07-30 09:35:00-04:00,2026-07-30T09:35:00,1785418500,106.38495,106.64,107.6499,105.12,107.0,2409936,106.468019
2026-07-30 09:40:00-04:00,2026-07-30T09:40:00,1785418800,107.66499999999999,106.995,109.25,106.08,108.93,2571661,108.027497
2026-07-30 09:45:00-04:00,2026-07-30T09:45:00,1785419100,110.13499999999999,108.89,111.6,108.67,111.525,3082639,110.202251
2026-07-30 09:50:00-04:00,2026-07-30T09:50:00,1785419400,112.24,111.55,113.32,111.16,113.05,3196240,112.221885
2026-07-30 09:55:00-04:00,2026-07-30T09:55:00,1785419700,113.155,113.055,113.88,112.43,113.6001,1989375,113.194579
2026-07-30 10:00:00-04:00,2026-07-30T10:00:00,1785420000,113.98,113.665,114.78,113.18,114.05,2137485,114.074681
2026-07-30 10:05:00-04:00,2026-07-30T10:05:00,1785420300,112.67,114.08,114.5,110.84,111.4504,2737196,112.555426
2026-07-30 10:10:00-04:00,2026-07-30T10:10:00,1785420600,112.14500000000001,111.4101,112.98,111.31,112.5299,1607043,112.175156
2026-07-30 10:15:00-04:00,2026-07-30T10:15:00,1785420900,112.86005,112.53,113.62,112.1001,113.52,1527721,112.980004
2026-07-30 10:20:00-04:00,2026-07-30T10:20:00,1785421200,114.14,113.475,115.17,113.11,114.92,2048452,114.542768
2026-07-30 10:25:00-04:00,2026-07-30T10:25:00,1785421500,116.025,114.91,117.33,114.72,117.24,2099183,116.144545
2026-07-30 10:30:00-04:00,2026-07-30T10:30:00,1785421800,117.055,117.2401,118.0,116.11,117.62,1929409,117.199079
2026-07-30 10:35:00-04:00,2026-07-30T10:35:00,1785422100,117.0,117.57,117.72,116.28,116.84,1485774,116.98418
2026-07-30 10:40:00-04:00,2026-07-30T10:40:00,1785422400,116.19999999999999,116.89,117.3,115.1,115.46,1464636,116.205598
2026-07-30 10:45:00-04:00,2026-07-30T10:45:00,1785422700,115.17,115.48,115.98,114.36,115.91,1633979,115.079501
2026-07-30 10:50:00-04:00,2026-07-30T10:50:00,1785423000,114.21000000000001,115.93,116.19,112.23,112.36,1690056,113.867904
2026-07-30 10:55:00-04:00,2026-07-30T10:55:00,1785423300,112.63495,112.31,113.5899,111.68,113.0101,2003433,112.553327
2026-07-30 11:00:00-04:00,2026-07-30T11:00:00,1785423600,113.485,113.07,114.97,112.0,114.75,1197805,113.591557
2026-07-30 11:05:00-04:00,2026-07-30T11:05:00,1785423900,114.56025,114.66,115.57,113.5505,115.47,1388793,114.598352
2026-07-30 11:10:00-04:00,2026-07-30T11:10:00,1785424200,114.28505,115.46,115.53,113.0401,113.575,812871,113.836794
2026-07-30 11:15:00-04:00,2026-07-30T11:15:00,1785424500,114.03505,113.53,114.82,113.2501,113.67,653283,113.965891
2026-07-30 11:20:00-04:00,2026-07-30T11:20:00,1785424800,114.143,113.675,114.876,113.41,113.85,588584,114.063434
2026-07-30 11:25:00-04:00,2026-07-30T11:25:00,1785425100,113.475,113.95,114.45,112.5,113.0,766220,113.24594
2026-07-30 11:30:00-04:00,2026-07-30T11:30:00,1785425400,113.215,113.04,113.77,112.66,113.61,624802,113.208332
2026-07-30 11:35:00-04:00,2026-07-30T11:35:00,1785425700,113.4,113.61,114.0,112.8,113.54,620529,113.4116
2026-07-30 11:40:00-04:00,2026-07-30T11:40:00,1785426000,113.22999999999999,113.57,113.75,112.71,113.32,490713,113.258741
2026-07-30 11:45:00-04:00,2026-07-30T11:45:00,1785426300,113.945,113.42,114.47,113.42,114.15,719195,114.034671
2026-07-30 11:50:00-04:00,2026-07-30T11:50:00,1785426600,113.6286,114.15,114.3572,112.9,114.025,440095,113.647164
2026-07-30 11:55:00-04:00,2026-07-30T11:55:00,1785426900,113.845,113.9951,114.49,113.2,113.52,422969,114.012208
2026-07-30 12:00:00-04:00,2026-07-30T12:00:00,1785427200,114.125,113.43,115.19,113.06,115.055,638178,114.302951
2026-07-30 12:05:00-04:00,2026-07-30T12:05:00,1785427500,115.085,115.0702,115.46,114.71,115.26,594494,115.141636
2026-07-30 12:10:00-04:00,2026-07-30T12:10:00,1785427800,115.63499999999999,115.0828,116.27,115.0,116.11,630149,115.828347
2026-07-30 12:15:00-04:00,2026-07-30T12:15:00,1785428100,115.98859999999999,116.12,116.31,115.6672,115.71,563904,116.035702
2026-07-30 12:20:00-04:00,2026-07-30T12:20:00,1785428400,115.58,115.755,116.09,115.07,115.2264,520670,115.591449
2026-07-30 12:25:00-04:00,2026-07-30T12:25:00,1785428700,115.125,115.2205,115.43,114.82,114.89,361480,115.076034
2026-07-30 12:30:00-04:00,2026-07-30T12:30:00,1785429000,114.38,114.86,115.02,113.74,113.98,533233,114.236693
2026-07-30 12:35:00-04:00,2026-07-30T12:35:00,1785429300,114.16,114.04,114.4899,113.8301,114.124,332038,114.158932
2026-07-30 12:40:00-04:00,2026-07-30T12:40:00,1785429600,113.31960000000001,114.0505,114.1202,112.519,112.755,736697,113.087904
2026-07-30 12:45:00-04:00,2026-07-30T12:45:00,1785429900,113.29499999999999,112.76,113.85,112.74,113.77,537161,113.435895
2026-07-30 12:50:00-04:00,2026-07-30T12:50:00,1785430200,113.8725,113.785,114.5,113.245,113.9,406888,113.984941
2026-07-30 12:55:00-04:00,2026-07-30T12:55:00,1785430500,114.19,113.91,114.58,113.8,114.415,289769,114.327008
2026-07-30 13:00:00-04:00,2026-07-30T13:00:00,1785430800,114.88565,114.4413,115.33,114.4413,115.0,439865,114.919507
2026-07-30 13:05:00-04:00,2026-07-30T13:05:00,1785431100,115.045,115.0278,115.36,114.73,114.83,312414,115.079293
2026-07-30 13:10:00-04:00,2026-07-30T13:10:00,1785431400,114.78999999999999,114.835,115.14,114.44,114.6,258024,114.751383
2026-07-30 13:15:00-04:00,2026-07-30T13:15:00,1785431700,115.2493,114.6,115.94,114.5586,115.83,412987,115.336524
2026-07-30 13:20:00-04:00,2026-07-30T13:20:00,1785432000,115.6155,115.8001,115.96,115.271,115.64,322896,115.669118
2026-07-30 13:25:00-04:00,2026-07-30T13:25:00,1785432300,115.3,115.68,115.71,114.89,114.96,435422,115.414886
2026-07-30 13:30:00-04:00,2026-07-30T13:30:00,1785432600,114.9381,114.99,115.26,114.6162,114.761,270010,114.975039
2026-07-30 13:35:00-04:00,2026-07-30T13:35:00,1785432900,114.68,114.838,115.21,114.15,114.202,298284,114.580599
2026-07-30 13:40:00-04:00,2026-07-30T13:40:00,1785433200,114.735,114.28,115.2,114.27,114.98,310212,114.859351
2026-07-30 13:45:00-04:00,2026-07-30T13:45:00,1785433500,114.9821,114.89,115.35,114.6142,114.64,244098,115.095327
2026-07-30 13:50:00-04:00,2026-07-30T13:50:00,1785433800,114.765,114.64,115.14,114.39,114.6495,263766,114.704357
2026-07-30 13:55:00-04:00,2026-07-30T13:55:00,1785434100,114.45155,114.63,114.6898,114.2133,114.54,207189,114.475363
2026-07-30 14:00:00-04:00,2026-07-30T14:00:00,1785434400,114.64455,114.55,114.9891,114.3,114.352,192256,114.726612
2026-07-30 14:05:00-04:00,2026-07-30T14:05:00,1785434700,114.56,114.31,114.88,114.24,114.68,190024,114.649455
2026-07-30 14:10:00-04:00,2026-07-30T14:10:00,1785435000,114.54835,114.72,114.8367,114.26,114.59,139850,114.526756
2026-07-30 14:15:00-04:00,2026-07-30T14:15:00,1785435300,114.02425,114.65,114.7299,113.3186,113.49,492726,113.893543
2026-07-30 14:20:00-04:00,2026-07-30T14:20:00,1785435600,113.83500000000001,113.446,114.25,113.42,114.03,417735,113.897537
2026-07-30 14:25:00-04:00,2026-07-30T14:25:00,1785435900,114.14,114.0582,114.38,113.9,114.07,198278,114.113236
2026-07-30 14:30:00-04:00,2026-07-30T14:30:00,1785436200,114.0138,114.11,114.3876,113.64,113.65,265633,113.991561
2026-07-30 14:35:00-04:00,2026-07-30T14:35:00,1785436500,113.43495,113.64,113.8199,113.05,113.23,411028,113.433629
2026-07-30 14:40:00-04:00,2026-07-30T14:40:00,1785436800,113.30000000000001,113.23,113.54,113.06,113.4,256796,113.266257
2026-07-30 14:45:00-04:00,2026-07-30T14:45:00,1785437100,113.52,113.445,113.77,113.27,113.42,311243,113.496942
2026-07-30 14:50:00-04:00,2026-07-30T14:50:00,1785437400,113.17500000000001,113.401,113.59,112.76,112.895,459922,113.021898
2026-07-30 14:55:00-04:00,2026-07-30T14:55:00,1785437700,112.9825,112.87,113.345,112.62,113.2887,474205,112.938628
2026-07-30 15:00:00-04:00,2026-07-30T15:00:00,1785438000,113.59,113.26,113.92,113.26,113.785,557317,113.676884
2026-07-30 15:05:00-04:00,2026-07-30T15:05:00,1785438300,114.705,113.8,115.64,113.77,115.6,894486,114.891096
2026-07-30 15:10:00-04:00,2026-07-30T15:10:00,1785438600,115.9875,115.62,116.44,115.535,115.91,992713,116.046381
2026-07-30 15:15:00-04:00,2026-07-30T15:15:00,1785438900,116.04505,115.89,116.58,115.5101,116.14,778468,116.156586
2026-07-30 15:20:00-04:00,2026-07-30T15:20:00,1785439200,115.72,116.16,116.16,115.28,115.43,783644,115.659954
2026-07-30 15:25:00-04:00,2026-07-30T15:25:00,1785439500,115.08500000000001,115.35,115.5699,114.6001,114.66,827066,115.070215
2026-07-30 15:30:00-04:00,2026-07-30T15:30:00,1785439800,114.83500000000001,114.65,115.22,114.45,114.92,3161284,114.7678
2026-07-30 15:35:00-04:00,2026-07-30T15:35:00,1785440100,114.89285000000001,114.98,115.25,114.5357,115.1,951831,114.928509
2026-07-30 15:40:00-04:00,2026-07-30T15:40:00,1785440400,115.225,115.07,115.55,114.9,115.37,1113009,115.239802
2026-07-30 15:45:00-04:00,2026-07-30T15:45:00,1785440700,115.43,115.36,115.81,115.05,115.22,1208704,115.415662
2026-07-30 15:50:00-04:00,2026-07-30T15:50:00,1785441000,115.0175,115.215,115.53,114.505,115.17,2183725,114.948125
2026-07-30 15:55:00-04:00,2026-07-30T15:55:00,1785441300,114.99000000000001,115.14,115.48,114.5,115.07,2451400,115.011607
2026-07-31 09:30:00-04:00,2026-07-31T09:30:00,1785504600,131.24,129.72,133.88,128.6,132.41,4696396,131.413662
2026-07-31 09:35:00-04:00,2026-07-31T09:35:00,1785504900,130.35,132.4,133.6,127.1,127.28,3531241,130.298653
2026-07-31 09:40:00-04:00,2026-07-31T09:40:00,1785505200,124.57,127.31,128.0,121.14,121.2024,4103675,124.578288
2026-07-31 09:45:00-04:00,2026-07-31T09:45:00,1785505500,121.0282,121.28,123.91,118.1464,119.86,4470656,120.218883
2026-07-31 09:50:00-04:00,2026-07-31T09:50:00,1785505800,119.98,119.81,122.28,117.68,119.09,4065884,120.068603
2026-07-31 09:55:00-04:00,2026-07-31T09:55:00,1785506100,119.94030000000001,119.17,121.67,118.2106,121.055,2306116,120.35923
2026-07-31 10:00:00-04:00,2026-07-31T10:00:00,1785506400,119.33005,121.0,121.56,117.1001,117.145,2187429,118.784063
2026-07-31 10:05:00-04:00,2026-07-31T10:05:00,1785506700,116.065,117.15,118.39,113.74,114.03,3283318,115.705346
2026-07-31 10:10:00-04:00,2026-07-31T10:10:00,1785507000,114.49000000000001,114.04,116.56,112.42,115.21,3695295,114.793919
2026-07-31 10:15:00-04:00,2026-07-31T10:15:00,1785507300,116.065,115.2699,118.84,113.29,117.7491,2818578,116.378438
2026-07-31 10:20:00-04:00,2026-07-31T10:20:00,1785507600,118.35,117.71,120.0,116.7,117.74,2301470,118.580737
2026-07-31 10:25:00-04:00,2026-07-31T10:25:00,1785507900,118.15,117.8857,119.7,116.6,119.69,1398126,118.5266
2026-07-31 10:30:00-04:00,2026-07-31T10:30:00,1785508200,119.7847,119.62,120.9594,118.61,119.8,1679462,119.861783
2026-07-31 10:35:00-04:00,2026-07-31T10:35:00,1785508500,120.61,119.79,121.55,119.67,120.435,1424832,120.868995
2026-07-31 10:40:00-04:00,2026-07-31T10:40:00,1785508800,119.71504999999999,120.37,121.25,118.1801,119.155,1281963,119.294916
2026-07-31 10:45:00-04:00,2026-07-31T10:45:00,1785509100,119.26474999999999,119.25,121.0195,117.51,120.92,1213996,119.270163
2026-07-31 10:50:00-04:00,2026-07-31T10:50:00,1785509400,120.69495,120.9,121.5999,119.79,120.105,1236624,120.979217
2026-07-31 10:55:00-04:00,2026-07-31T10:55:00,1785509700,120.25,120.17,121.25,119.25,120.13,666824,120.366495
2026-07-31 11:00:00-04:00,2026-07-31T11:00:00,1785510000,120.18025,120.13,120.95,119.4105,120.83,591979,120.113455
2026-07-31 11:05:00-04:00,2026-07-31T11:05:00,1785510300,120.215,120.8674,121.43,119.0,119.29,626328,120.258245
2026-07-31 11:10:00-04:00,2026-07-31T11:10:00,1785510600,118.205,119.23,119.41,117.0,118.38,1087675,118.143162
2026-07-31 11:15:00-04:00,2026-07-31T11:15:00,1785510900,119.24000000000001,118.43,120.58,117.9,118.5,662007,119.063496
2026-07-31 11:20:00-04:00,2026-07-31T11:20:00,1785511200,117.525,118.4,118.67,116.38,116.44,788685,117.051759
2026-07-31 11:25:00-04:00,2026-07-31T11:25:00,1785511500,115.405,116.41,116.73,114.08,115.82,1403159,115.124878
2026-07-31 11:30:00-04:00,2026-07-31T11:30:00,1785511800,115.79990000000001,115.74,117.01,114.5898,116.49,955327,115.852836
2026-07-31 11:35:00-04:00,2026-07-31T11:35:00,1785512100,117.49000000000001,116.55,118.56,116.42,117.65,1051451,117.602724
2026-07-31 11:40:00-04:00,2026-07-31T11:40:00,1785512400,116.6687,117.61,117.93,115.4074,116.62,711254,116.476446
2026-07-31 11:45:00-04:00,2026-07-31T11:45:00,1785512700,116.06275,116.66,116.99,115.1355,116.26,590004,115.996673
2026-07-31 11:50:00-04:00,2026-07-31T11:50:00,1785513000,117.13499999999999,116.32,118.08,116.19,117.8799,794571,117.070833
2026-07-31 11:55:00-04:00,2026-07-31T11:55:00,1785513300,117.36,117.8,118.38,116.34,117.21,555395,117.46643
2026-07-31 12:00:00-04:00,2026-07-31T12:00:00,1785513600,117.38499999999999,117.16,118.13,116.64,117.45,572829,117.424192
2026-07-31 12:05:00-04:00,2026-07-31T12:05:00,1785513900,116.82,117.37,117.46,116.18,117.1,463304,116.861393
2026-07-31 12:10:00-04:00,2026-07-31T12:10:00,1785514200,117.13,117.12,117.73,116.53,117.28,340022,117.125297
2026-07-31 12:15:00-04:00,2026-07-31T12:15:00,1785514500,116.775,117.35,117.5,116.05,116.95,310314,116.859872
2026-07-31 12:20:00-04:00,2026-07-31T12:20:00,1785514800,117.345,116.96,117.95,116.74,117.61,376011,117.367029
2026-07-31 12:25:00-04:00,2026-07-31T12:25:00,1785515100,117.91505000000001,117.63,119.0,116.8301,119.0,553085,118.066284
2026-07-31 12:30:00-04:00,2026-07-31T12:30:00,1785515400,119.26085,119.0,119.88,118.6417,119.0792,806481,119.258076
2026-07-31 12:35:00-04:00,2026-07-31T12:35:00,1785515700,119.19,119.1,119.68,118.7,119.075,625717,119.239496
2026-07-31 12:40:00-04:00,2026-07-31T12:40:00,1785516000,118.025,119.03,119.09,116.96,117.215,636701,117.75118
2026-07-31 12:45:00-04:00,2026-07-31T12:45:00,1785516300,117.29419999999999,117.15,117.8184,116.77,117.74,388637,117.361513
2026-07-31 12:50:00-04:00,2026-07-31T12:50:00,1785516600,118.38499999999999,117.79,119.08,117.69,118.12,451765,118.449762
2026-07-31 12:55:00-04:00,2026-07-31T12:55:00,1785516900,118.75,118.11,119.4,118.1,118.65,394045,118.920905
2026-07-31 13:00:00-04:00,2026-07-31T13:00:00,1785517200,119.03139999999999,118.56,119.63,118.4328,119.21,344229,119.207894
2026-07-31 13:05:00-04:00,2026-07-31T13:05:00,1785517500,118.76955000000001,119.2,119.2836,118.2555,118.715,262674,118.68255
2026-07-31 13:10:00-04:00,2026-07-31T13:10:00,1785517800,119.025,118.73,119.63,118.42,119.3001,393681,119.296146
2026-07-31 13:15:00-04:00,2026-07-31T13:15:00,1785518100,119.435,119.3,119.79,119.08,119.74,378826,119.568663
2026-07-31 13:20:00-04:00,2026-07-31T13:20:00,1785518400,119.38915,119.76,120.0,118.7783,120.0,659348,119.660731
2026-07-31 13:25:00-04:00,2026-07-31T13:25:00,1785518700,120.47005,120.0,120.97,119.9701,120.52,961795,120.406795
2026-07-31 13:30:00-04:00,2026-07-31T13:30:00,1785519000,120.75,120.4401,121.3,120.2,121.19,544794,120.772357
2026-07-31 13:35:00-04:00,2026-07-31T13:35:00,1785519300,121.11005,121.21,121.9,120.3201,120.3912,903595,121.302584
2026-07-31 13:40:00-04:00,2026-07-31T13:40:00,1785519600,120.44749999999999,120.39,121.045,119.85,120.47,710216,120.408267
2026-07-31 13:45:00-04:00,2026-07-31T13:45:00,1785519900,120.225,120.43,121.1,119.35,119.6134,466232,120.179406
2026-07-31 13:50:00-04:00,2026-07-31T13:50:00,1785520200,119.97999999999999,119.51,120.61,119.35,120.05,362881,120.109281
2026-07-31 13:55:00-04:00,2026-07-31T13:55:00,1785520500,120.03999999999999,120.045,120.47,119.61,119.79,314104,120.067536
2026-07-31 14:00:00-04:00,2026-07-31T14:00:00,1785520800,119.83,119.81,120.27,119.39,119.54,274762,119.797317
2026-07-31 14:05:00-04:00,2026-07-31T14:05:00,1785521100,119.66895,119.52,120.1579,119.18,119.245,338349,119.620856
2026-07-31 14:10:00-04:00,2026-07-31T14:10:00,1785521400,118.45865,119.23,119.3168,117.6005,117.83,538240,118.373004
2026-07-31 14:15:00-04:00,2026-07-31T14:15:00,1785521700,118.395,117.8,119.1,117.69,118.52,407919,118.489981
2026-07-31 14:20:00-04:00,2026-07-31T14:20:00,1785522000,118.58500000000001,118.57,118.98,118.19,118.6,228881,118.677263
2026-07-31 14:25:00-04:00,2026-07-31T14:25:00,1785522300,118.375,118.56,118.75,118.0,118.595,214517,118.367546
2026-07-31 14:30:00-04:00,2026-07-31T14:30:00,1785522600,118.95,118.65,119.25,118.65,118.95,248118,118.969239
2026-07-31 14:35:00-04:00,2026-07-31T14:35:00,1785522900,118.81,118.97,119.23,118.39,119.06,254841,118.881117
2026-07-31 14:40:00-04:00,2026-07-31T14:40:00,1785523200,118.96525,119.0001,119.21,118.7205,118.855,178930,118.974475
2026-07-31 14:45:00-04:00,2026-07-31T14:45:00,1785523500,118.875,118.85,119.2,118.55,119.1699,180402,118.878886
2026-07-31 14:50:00-04:00,2026-07-31T14:50:00,1785523800,119.3048,119.16,119.5695,119.0401,119.23,233413,119.345826
2026-07-31 14:55:00-04:00,2026-07-31T14:55:00,1785524100,118.755,119.19,119.38,118.13,118.81,330740,118.740887
2026-07-31 15:00:00-04:00,2026-07-31T15:00:00,1785524400,118.675,118.8,119.47,117.88,117.96,454480,118.577375
2026-07-31 15:05:00-04:00,2026-07-31T15:05:00,1785524700,117.78999999999999,117.9101,118.25,117.33,118.02,746205,117.834125
2026-07-31 15:10:00-04:00,2026-07-31T15:10:00,1785525000,118.02000000000001,118.02,118.42,117.62,118.09,503014,118.043778
2026-07-31 15:15:00-04:00,2026-07-31T15:15:00,1785525300,118.36994999999999,118.075,118.9999,117.74,118.925,596335,118.310731
2026-07-31 15:20:00-04:00,2026-07-31T15:20:00,1785525600,118.845,118.89,119.28,118.41,118.5499,582647,118.942466
2026-07-31 15:25:00-04:00,2026-07-31T15:25:00,1785525900,118.455,118.48,118.8,118.11,118.68,548342,118.507672
2026-07-31 15:30:00-04:00,2026-07-31T15:30:00,1785526200,118.47,118.64,118.92,118.02,118.55,1378695,118.357934
2026-07-31 15:35:00-04:00,2026-07-31T15:35:00,1785526500,118.075,118.55,118.65,117.5,117.74,452823,118.033344
2026-07-31 15:40:00-04:00,2026-07-31T15:40:00,1785526800,117.66499999999999,117.7,118.23,117.1,118.105,576519,117.67876
2026-07-31 15:45:00-04:00,2026-07-31T15:45:00,1785527100,118.55,118.15,119.0,118.1,118.875,766828,118.537788
2026-07-31 15:50:00-04:00,2026-07-31T15:50:00,1785527400,118.21000000000001,118.8,118.93,117.49,117.54,1088277,117.969569
2026-07-31 15:55:00-04:00,2026-07-31T15:55:00,1785527700,116.19,117.63,117.77,114.61,114.61,3076492,115.32131
2026-08-03 09:30:00-04:00,2026-08-03T09:30:00,1785763800,104.56,106.15,107.03,102.09,102.4,3633420,104.044722
2026-08-03 09:35:00-04:00,2026-08-03T09:35:00,1785764100,105.545,102.49,109.0,102.09,105.77,3107015,106.024557
2026-08-03 09:40:00-04:00,2026-08-03T09:40:00,1785764400,104.27295000000001,105.81,106.2384,102.3075,104.55,2104237,103.559602
2026-08-03 09:45:00-04:00,2026-08-03T09:45:00,1785764700,103.81,104.59,105.12,102.5,102.62,1451035,103.555759
2026-08-03 09:50:00-04:00,2026-08-03T09:50:00,1785765000,102.72505000000001,102.61,103.34,102.1101,102.94,1606258,102.613966
2026-08-03 09:55:00-04:00,2026-08-03T09:55:00,1785765300,105.075,102.98,107.5,102.65,107.43,2247351,105.282649
2026-08-03 10:00:00-04:00,2026-08-03T10:00:00,1785765600,106.145,107.41,107.88,104.41,104.98,2155987,106.364572
2026-08-03 10:05:00-04:00,2026-08-03T10:05:00,1785765900,105.73995,105.03,106.8799,104.6,106.105,1091506,105.853075
2026-08-03 10:10:00-04:00,2026-08-03T10:10:00,1785766200,107.08,106.0,108.35,105.81,106.435,1472604,107.304298
2026-08-03 10:15:00-04:00,2026-08-03T10:15:00,1785766500,107.525,106.457,109.15,105.9,108.63,1729675,108.037209
2026-08-03 10:20:00-04:00,2026-08-03T10:20:00,1785766800,109.57,108.62,110.96,108.18,110.8915,1867481,110.001427
2026-08-03 10:25:00-04:00,2026-08-03T10:25:00,1785767100,110.64500000000001,110.89,111.65,109.64,111.46,1496494,110.824322
2026-08-03 10:30:00-04:00,2026-08-03T10:30:00,1785767400,111.63,111.515,112.58,110.68,112.46,1250946,111.82319
2026-08-03 10:35:00-04:00,2026-08-03T10:35:00,1785767700,112.755,112.44,113.5,112.01,112.96,1678265,112.842793
2026-08-03 10:40:00-04:00,2026-08-03T10:40:00,1785768000,112.31,112.93,113.37,111.25,111.96,1455671,112.252227
2026-08-03 10:45:00-04:00,2026-08-03T10:45:00,1785768300,113.05,111.8101,114.83,111.27,114.56,1428090,113.319766
2026-08-03 10:50:00-04:00,2026-08-03T10:50:00,1785768600,115.47505,114.53,116.63,114.3201,115.9,1600073,115.782176
2026-08-03 10:55:00-04:00,2026-08-03T10:55:00,1785768900,116.205,115.935,116.94,115.47,116.28,1276969,116.245061
2026-08-03 11:00:00-04:00,2026-08-03T11:00:00,1785769200,115.695,116.23,116.28,115.11,115.985,906887,115.678922
2026-08-03 11:05:00-04:00,2026-08-03T11:05:00,1785769500,114.94,115.9508,116.14,113.74,113.78,1102091,114.780061
2026-08-03 11:10:00-04:00,2026-08-03T11:10:00,1785769800,113.36,113.77,114.31,112.41,112.91,1290865,113.307536
2026-08-03 11:15:00-04:00,2026-08-03T11:15:00,1785770100,113.58500000000001,112.88,114.33,112.84,113.59,731006,113.65464
2026-08-03 11:20:00-04:00,2026-08-03T11:20:00,1785770400,113.505,113.77,114.51,112.5,112.6,668929,113.476415
2026-08-03 11:25:00-04:00,2026-08-03T11:25:00,1785770700,111.85505,112.53,113.12,110.5901,110.89,1191326,111.668676
2026-08-03 11:30:00-04:00,2026-08-03T11:30:00,1785771000,111.87,110.9,112.99,110.75,112.37,914788,112.143838
2026-08-03 11:35:00-04:00,2026-08-03T11:35:00,1785771300,111.985,112.4058,112.8,111.17,111.85,706103,111.810592
2026-08-03 11:40:00-04:00,2026-08-03T11:40:00,1785771600,112.465,111.86,113.11,111.82,112.79,629798,112.6324
2026-08-03 11:45:00-04:00,2026-08-03T11:45:00,1785771900,113.225,112.85,113.7299,112.7201,113.16,542425,113.135366
2026-08-03 11:50:00-04:00,2026-08-03T11:50:00,1785772200,113.53,113.205,114.35,112.71,114.014,595058,113.562717
2026-08-03 11:55:00-04:00,2026-08-03T11:55:00,1785772500,113.69435,113.94,114.2587,113.13,113.58,383482,113.632612
2026-08-03 12:00:00-04:00,2026-08-03T12:00:00,1785772800,114.025,113.56,114.49,113.56,114.4,469732,114.213138
2026-08-03 12:05:00-04:00,2026-08-03T12:05:00,1785773100,114.35045,114.39,114.9133,113.7876,114.2,721455,114.380826
2026-08-03 12:10:00-04:00,2026-08-03T12:10:00,1785773400,114.06995,114.2336,114.4299,113.71,114.12,311796,114.056402
2026-08-03 12:15:00-04:00,2026-08-03T12:15:00,1785773700,114.89,114.1272,115.68,114.1,115.62,604675,115.029418
2026-08-03 12:20:00-04:00,2026-08-03T12:20:00,1785774000,114.99504999999999,115.61,115.69,114.3001,114.51,521531,115.065449
2026-08-03 12:25:00-04:00,2026-08-03T12:25:00,1785774300,114.36529999999999,114.5,114.7498,113.9808,114.1004,401208,114.263873
2026-08-03 12:30:00-04:00,2026-08-03T12:30:00,1785774600,113.83500000000001,114.15,114.26,113.41,113.97,424987,113.87367
2026-08-03 12:35:00-04:00,2026-08-03T12:35:00,1785774900,113.57005000000001,113.91,114.2,112.9401,113.1493,464819,113.45174
2026-08-03 12:40:00-04:00,2026-08-03T12:40:00,1785775200,113.07,113.1,113.5399,112.6001,113.38,412103,113.131741
2026-08-03 12:45:00-04:00,2026-08-03T12:45:00,1785775500,113.62,113.38,114.0,113.24,113.57,304785,113.682086
2026-08-03 12:50:00-04:00,2026-08-03T12:50:00,1785775800,113.565,113.57,114.13,113.0,113.11,338833,113.401417
2026-08-03 12:55:00-04:00,2026-08-03T12:55:00,1785776100,113.36500000000001,113.11,113.79,112.94,113.035,253621,113.278542
2026-08-03 13:00:00-04:00,2026-08-03T13:00:00,1785776400,113.17134999999999,113.035,113.61,112.7327,113.23,294941,113.114425
2026-08-03 13:05:00-04:00,2026-08-03T13:05:00,1785776700,113.62955,113.27,114.0991,113.16,113.81,275098,113.670767
2026-08-03 13:10:00-04:00,2026-08-03T13:10:00,1785777000,114.3075,113.79,114.86,113.755,114.43,442939,114.42948
2026-08-03 13:15:00-04:00,2026-08-03T13:15:00,1785777300,114.56989999999999,114.43,114.8398,114.3,114.8,315815,114.561705
2026-08-03 13:20:00-04:00,2026-08-03T13:20:00,1785777600,114.68,114.87,115.02,114.34,114.76,404479,114.768532
2026-08-03 13:25:00-04:00,2026-08-03T13:25:00,1785777900,114.83045,114.76,115.099,114.5619,114.99,290183,114.853254
2026-08-03 13:30:00-04:00,2026-08-03T13:30:00,1785778200,115.1699,114.99,115.58,114.7598,115.54,430080,115.179325
2026-08-03 13:35:00-04:00,2026-08-03T13:35:00,1785778500,115.36,115.5005,115.67,115.05,115.0814,311509,115.426217
2026-08-03 13:40:00-04:00,2026-08-03T13:40:00,1785778800,115.36580000000001,115.0654,115.7816,114.95,115.54,311493,115.461651
2026-08-03 13:45:00-04:00,2026-08-03T13:45:00,1785779100,115.7436,115.545,116.0972,115.39,116.06,404271,115.810455
2026-08-03 13:50:00-04:00,2026-08-03T13:50:00,1785779400,116.115,116.06,116.35,115.88,116.33,298651,116.125252
2026-08-03 13:55:00-04:00,2026-08-03T13:55:00,1785779700,116.90055000000001,116.36,117.5411,116.26,117.495,859864,117.080072
2026-08-03 14:00:00-04:00,2026-08-03T14:00:00,1785780000,117.80505,117.48,118.15,117.4601,118.03,721345,117.768032
2026-08-03 14:05:00-04:00,2026-08-03T14:05:00,1785780300,118.15055,118.03,118.5311,117.77,118.367,622531,118.296198
2026-08-03 14:10:00-04:00,2026-08-03T14:10:00,1785780600,118.24005,118.41,118.87,117.6101,117.8113,618080,118.151662
2026-08-03 14:15:00-04:00,2026-08-03T14:15:00,1785780900,117.99,117.875,118.57,117.41,117.52,472188,117.940812
2026-08-03 14:20:00-04:00,2026-08-03T14:20:00,1785781200,117.22999999999999,117.5,117.61,116.85,116.94,411096,117.132832
2026-08-03 14:25:00-04:00,2026-08-03T14:25:00,1785781500,116.45505,116.91,117.1,115.8101,116.0,516188,116.225067
2026-08-03 14:30:00-04:00,2026-08-03T14:30:00,1785781800,116.215,116.015,116.52,115.91,116.14,374031,116.195166
2026-08-03 14:35:00-04:00,2026-08-03T14:35:00,1785782100,115.91,116.14,116.42,115.4,115.6261,532321,115.801399
2026-08-03 14:40:00-04:00,2026-08-03T14:40:00,1785782400,115.925,115.5416,116.35,115.5,116.3,331048,116.010612
2026-08-03 14:45:00-04:00,2026-08-03T14:45:00,1785782700,115.995,116.275,116.49,115.5,116.48,379650,116.010357
2026-08-03 14:50:00-04:00,2026-08-03T14:50:00,1785783000,116.36,116.455,116.69,116.03,116.089,227088,116.31404
2026-08-03 14:55:00-04:00,2026-08-03T14:55:00,1785783300,115.8425,116.1,116.19,115.495,115.9287,492415,115.808738
2026-08-03 15:00:00-04:00,2026-08-03T15:00:00,1785783600,116.58,115.8,117.38,115.78,117.13,476135,116.939589
2026-08-03 15:05:00-04:00,2026-08-03T15:05:00,1785783900,116.74115,117.12,117.2384,116.2439,116.57,268539,116.703069
2026-08-03 15:10:00-04:00,2026-08-03T15:10:00,1785784200,116.58500000000001,116.52,117.15,116.02,116.44,309588,116.610801
2026-08-03 15:15:00-04:00,2026-08-03T15:15:00,1785784500,116.74000000000001,116.409,117.18,116.3,116.97,291670,116.834417
2026-08-03 15:20:00-04:00,2026-08-03T15:20:00,1785784800,116.91765000000001,117.02,117.19,116.6453,116.75,267770,116.888093
2026-08-03 15:25:00-04:00,2026-08-03T15:25:00,1785785100,116.65254999999999,116.68,116.94,116.3651,116.49,364022,116.683717
2026-08-03 15:30:00-04:00,2026-08-03T15:30:00,1785785400,116.42,116.49,116.89,115.95,116.6458,1220576,116.459406
2026-08-03 15:35:00-04:00,2026-08-03T15:35:00,1785785700,116.6241,116.615,116.9782,116.27,116.35,434876,116.586413
2026-08-03 15:40:00-04:00,2026-08-03T15:40:00,1785786000,116.55995,116.368,116.9499,116.17,116.8885,621038,116.570982
2026-08-03 15:45:00-04:00,2026-08-03T15:45:00,1785786300,116.90525,116.87,117.14,116.6705,116.845,518311,116.905094
2026-08-03 15:50:00-04:00,2026-08-03T15:50:00,1785786600,116.945,116.88,117.39,116.5,116.69,1725905,117.138271
2026-08-03 15:55:00-04:00,2026-08-03T15:55:00,1785786900,116.505,116.67,117.08,115.93,116.72,1191263,116.524216
2026-08-04 09:30:00-04:00,2026-08-04T09:30:00,1785850200,131.7,131.505,133.74,129.66,133.1499,3070544,132.10793
2026-08-04 09:35:00-04:00,2026-08-04T09:35:00,1785850500,133.07999999999998,133.12,134.2,131.96,132.8,2119314,133.214015
2026-08-04 09:40:00-04:00,2026-08-04T09:40:00,1785850800,134.2,132.96,135.44,132.96,134.195,2582007,134.43669
2026-08-04 09:45:00-04:00,2026-08-04T09:45:00,1785851100,134.825,134.16,135.52,134.13,134.7801,1419446,134.88978
2026-08-04 09:50:00-04:00,2026-08-04T09:50:00,1785851400,135.44504999999998,134.9,136.14,134.7501,135.715,1542251,135.5012
2026-08-04 09:55:00-04:00,2026-08-04T09:55:00,1785851700,134.18,135.74,135.76,132.6,133.35,1726128,133.845143
2026-08-04 10:00:00-04:00,2026-08-04T10:00:00,1785852000,133.33,133.4,134.55,132.11,134.05,1353181,133.435873
2026-08-04 10:05:00-04:00,2026-08-04T10:05:00,1785852300,134.19504999999998,134.05,135.19,133.2001,133.68,1004595,134.43506
2026-08-04 10:10:00-04:00,2026-08-04T10:10:00,1785852600,133.70499999999998,133.716,134.5,132.91,134.21,761824,133.82407
2026-08-04 10:15:00-04:00,2026-08-04T10:15:00,1785852900,133.40019999999998,134.25,134.45,132.3504,133.04,758736,133.33768
2026-08-04 10:20:00-04:00,2026-08-04T10:20:00,1785853200,132.635,133.035,133.47,131.8,133.085,932901,132.708692
2026-08-04 10:25:00-04:00,2026-08-04T10:25:00,1785853500,133.7206,133.13,134.6311,132.8101,134.5621,904949,134.095148
2026-08-04 10:30:00-04:00,2026-08-04T10:30:00,1785853800,134.13505,134.57,134.65,133.6201,133.7392,622466,134.128944
2026-08-04 10:35:00-04:00,2026-08-04T10:35:00,1785854100,134.07,133.7,134.7,133.44,133.9205,583532,134.137617
2026-08-04 10:40:00-04:00,2026-08-04T10:40:00,1785854400,134.255,133.93,134.75,133.76,134.73,416925,134.28088
2026-08-04 10:45:00-04:00,2026-08-04T10:45:00,1785854700,134.34,134.73,134.75,133.93,134.59,386399,134.41973
2026-08-04 10:50:00-04:00,2026-08-04T10:50:00,1785855000,134.53500000000003,134.56,134.99,134.08,134.62,433267,134.66141
2026-08-04 10:55:00-04:00,2026-08-04T10:55:00,1785855300,134.47,134.6,134.96,133.98,134.8025,428067,134.42222
2026-08-04 11:00:00-04:00,2026-08-04T11:00:00,1785855600,135.285,134.84,135.94,134.63,135.5142,723533,135.32418
2026-08-04 11:05:00-04:00,2026-08-04T11:05:00,1785855900,135.575,135.59,135.98,135.17,135.92,591225,135.70301
2026-08-04 11:10:00-04:00,2026-08-04T11:10:00,1785856200,136.67975,135.93,137.5995,135.76,137.5,1043699,136.66132
2026-08-04 11:15:00-04:00,2026-08-04T11:15:00,1785856500,137.37125,137.42,137.8,136.9425,137.53,647076,137.30038
2026-08-04 11:20:00-04:00,2026-08-04T11:20:00,1785856800,137.655,137.55,137.96,137.35,137.44,572494,137.72373
2026-08-04 11:25:00-04:00,2026-08-04T11:25:00,1785857100,137.2331,137.465,137.65,136.8162,136.9175,602401,137.19739
2026-08-04 11:30:00-04:00,2026-08-04T11:30:00,1785857400,137.07999999999998,136.9593,137.44,136.72,137.13,393871,137.04452
2026-08-04 11:35:00-04:00,2026-08-04T11:35:00,1785857700,137.745,137.14,138.35,137.14,137.95,675593,137.83217
2026-08-04 11:40:00-04:00,2026-08-04T11:40:00,1785858000,138.26,137.92,138.77,137.75,138.7401,397196,138.22579
2026-08-04 11:45:00-04:00,2026-08-04T11:45:00,1785858300,138.64499999999998,138.77,138.85,138.44,138.685,454189,138.63916
2026-08-04 11:50:00-04:00,2026-08-04T11:50:00,1785858600,138.70495,138.66,138.9799,138.43,138.5,398124,138.74728
2026-08-04 11:55:00-04:00,2026-08-04T11:55:00,1785858900,138.47500000000002,138.51,138.9,138.05,138.18,396351,138.416
2026-08-04 12:00:00-04:00,2026-08-04T12:00:00,1785859200,138.6838,138.145,139.2376,138.13,138.9,625231,138.8525
2026-08-04 12:05:00-04:00,2026-08-04T12:05:00,1785859500,138.805,138.87,139.26,138.35,138.4,333804,138.87979
2026-08-04 12:10:00-04:00,2026-08-04T12:10:00,1785859800,138.095,138.4276,138.49,137.7,137.9948,493578,138.08981
2026-08-04 12:15:00-04:00,2026-08-04T12:15:00,1785860100,138.6402,138.07,139.4399,137.8405,139.24,373835,138.68149
2026-08-04 12:20:00-04:00,2026-08-04T12:20:00,1785860400,139.26,139.27,139.57,138.95,139.2,349291,139.288
2026-08-04 12:25:00-04:00,2026-08-04T12:25:00,1785860700,139.038,139.2,139.25,138.826,138.94,246097,139.01964
2026-08-04 12:30:00-04:00,2026-08-04T12:30:00,1785861000,139.055,138.95,139.5,138.61,139.36,247490,139.19234
2026-08-04 12:35:00-04:00,2026-08-04T12:35:00,1785861300,139.17000000000002,139.32,139.47,138.87,139.14,285434,139.21281
2026-08-04 12:40:00-04:00,2026-08-04T12:40:00,1785861600,139.03500000000003,139.1,139.27,138.8,139.11,228292,139.03068
2026-08-04 12:45:00-04:00,2026-08-04T12:45:00,1785861900,139.465,139.14,139.86,139.07,139.658,445465,139.51986
2026-08-04 12:50:00-04:00,2026-08-04T12:50:00,1785862200,139.45135,139.65,139.6927,139.21,139.3334,236360,139.48122
2026-08-04 12:55:00-04:00,2026-08-04T12:55:00,1785862500,139.48505,139.39151,139.83,139.1401,139.82,229580,139.47763
2026-08-04 13:00:00-04:00,2026-08-04T13:00:00,1785862800,139.95499999999998,139.825,140.2,139.71,140.115,611145,139.9981
2026-08-04 13:05:00-04:00,2026-08-04T13:05:00,1785863100,140.18505,140.1255,140.47,139.9001,140.0443,360947,140.20094
2026-08-04 13:10:00-04:00,2026-08-04T13:10:00,1785863400,140.08,140.055,140.33,139.83,140.18,265175,140.11777
2026-08-04 13:15:00-04:00,2026-08-04T13:15:00,1785863700,140.10750000000002,140.21,140.355,139.86,139.94,294967,140.13153
2026-08-04 13:20:00-04:00,2026-08-04T13:20:00,1785864000,140.045,139.99,140.45,139.64,140.38,303095,140.00424
2026-08-04 13:25:00-04:00,2026-08-04T13:25:00,1785864300,140.67000000000002,140.365,141.0,140.34,140.755,336758,140.77902
2026-08-04 13:30:00-04:00,2026-08-04T13:30:00,1785864600,140.5005,140.71,140.8,140.201,140.7,229022,140.52782
2026-08-04 13:35:00-04:00,2026-08-04T13:35:00,1785864900,140.8875,140.7,141.1,140.675,141.0,249847,140.91453
2026-08-04 13:40:00-04:00,2026-08-04T13:40:00,1785865200,141.04500000000002,140.9925,141.19,140.9,141.14,336025,141.09332
2026-08-04 13:45:00-04:00,2026-08-04T13:45:00,1785865500,141.675,141.16,142.19,141.16,141.73,854493,141.79671
2026-08-04 13:50:00-04:00,2026-08-04T13:50:00,1785865800,141.21005,141.72,141.81,140.6101,140.8234,601684,141.00381
2026-08-04 13:55:00-04:00,2026-08-04T13:55:00,1785866100,140.705,140.8,141.08,140.33,140.4,257619,140.75369
2026-08-04 14:00:00-04:00,2026-08-04T14:00:00,1785866400,140.22,140.4,140.81,139.63,139.64,533904,140.16218
2026-08-04 14:05:00-04:00,2026-08-04T14:05:00,1785866700,139.77515,139.63,140.35,139.2003,140.14,441594,139.75437
2026-08-04 14:10:00-04:00,2026-08-04T14:10:00,1785867000,140.06435,140.1134,140.53,139.5987,140.515,296997,139.99202
2026-08-04 14:15:00-04:00,2026-08-04T14:15:00,1785867300,140.69995,140.49,141.02,140.3799,140.77,397238,140.66571
2026-08-04 14:20:00-04:00,2026-08-04T14:20:00,1785867600,141.03505,140.81,141.34,140.7301,141.035,313856,141.04255
2026-08-04 14:25:00-04:00,2026-08-04T14:25:00,1785867900,140.94175,141.03,141.25,140.6335,141.18,274715,140.97519
2026-08-04 14:30:00-04:00,2026-08-04T14:30:00,1785868200,141.27075000000002,141.18,141.6695,140.872,141.0,371826,141.37197
2026-08-04 14:35:00-04:00,2026-08-04T14:35:00,1785868500,140.82055,140.97,141.1411,140.5,140.725,246957,140.78315
2026-08-04 14:40:00-04:00,2026-08-04T14:40:00,1785868800,140.52005,140.7316,140.82,140.2201,140.515,282823,140.48969
2026-08-04 14:45:00-04:00,2026-08-04T14:45:00,1785869100,140.99,140.49,141.49,140.49,141.2016,399046,141.14373
2026-08-04 14:50:00-04:00,2026-08-04T14:50:00,1785869400,141.20499999999998,141.25,141.49,140.92,141.065,328652,141.22906
2026-08-04 14:55:00-04:00,2026-08-04T14:55:00,1785869700,141.19,141.07,141.4,140.98,141.3,265397,141.17111
2026-08-04 15:00:00-04:00,2026-08-04T15:00:00,1785870000,141.72500000000002,141.3,142.3,141.15,141.955,764278,141.92776
2026-08-04 15:05:00-04:00,2026-08-04T15:05:00,1785870300,141.99245000000002,141.955,142.4199,141.565,142.24,493189,142.0573
2026-08-04 15:10:00-04:00,2026-08-04T15:10:00,1785870600,142.015,142.24,142.32,141.71,141.815,372036,142.03334
2026-08-04 15:15:00-04:00,2026-08-04T15:15:00,1785870900,141.99,141.85,142.36,141.62,142.36,426833,142.08881
2026-08-04 15:20:00-04:00,2026-08-04T15:20:00,1785871200,142.019,142.37,142.418,141.62,141.66,506293,142.10514
2026-08-04 15:25:00-04:00,2026-08-04T15:25:00,1785871500,141.415,141.6416,141.95,140.88,141.3,714194,141.31777
2026-08-04 15:30:00-04:00,2026-08-04T15:30:00,1785871800,140.85415,141.27,141.3282,140.3801,140.67,2503235,140.83364
2026-08-04 15:35:00-04:00,2026-08-04T15:35:00,1785872100,141.0375,140.68,141.5,140.575,141.28,822058,141.15079
2026-08-04 15:40:00-04:00,2026-08-04T15:40:00,1785872400,141.44,141.25,141.68,141.2,141.67,675340,141.43203
2026-08-04 15:45:00-04:00,2026-08-04T15:45:00,1785872700,141.295,141.655,141.7,140.89,140.9411,953892,141.21388
2026-08-04 15:50:00-04:00,2026-08-04T15:50:00,1785873000,140.735,140.95,141.41,140.06,140.06,1637046,140.88244
2026-08-04 15:55:00-04:00,2026-08-04T15:55:00,1785873300,140.5,140.0511,141.2,139.8,140.15,2300872,140.27418
2026-08-05 09:30:00-04:00,2026-08-05T09:30:00,1785936600,136.9099,135.54,138.5,135.3198,137.95,1895023,136.80032
2026-08-05 09:35:00-04:00,2026-08-05T09:35:00,1785936900,136.655,137.95,138.76,134.55,137.39,1432072,136.85456
2026-08-05 09:40:00-04:00,2026-08-05T09:40:00,1785937200,138.6713,137.46,140.7326,136.61,140.41,1750736,139.3501
2026-08-05 09:45:00-04:00,2026-08-05T09:45:00,1785937500,142.02499999999998,140.41,143.85,140.2,143.75,2056609,142.13261
2026-08-05 09:50:00-04:00,2026-08-05T09:50:00,1785937800,142.3793,143.781,144.34,140.4186,142.255,1747051,142.26248
2026-08-05 09:55:00-04:00,2026-08-05T09:55:00,1785938100,141.77499999999998,142.24,142.88,140.67,142.25,930656,141.86536
2026-08-05 10:00:00-04:00,2026-08-05T10:00:00,1785938400,139.30625,141.97,142.1125,136.5,137.82,1803170,138.61515
2026-08-05 10:05:00-04:00,2026-08-05T10:05:00,1785938700,139.18995,137.9107,140.4899,137.89,139.23,1226023,139.15865
2026-08-05 10:10:00-04:00,2026-08-05T10:10:00,1785939000,138.885,139.27,139.83,137.94,138.5,631206,138.8771
2026-08-05 10:15:00-04:00,2026-08-05T10:15:00,1785939300,138.34,138.425,139.38,137.3,137.33,535523,138.42228
2026-08-05 10:20:00-04:00,2026-08-05T10:20:00,1785939600,135.7994,137.41,137.41,134.1888,136.13,1392560,135.7405
2026-08-05 10:25:00-04:00,2026-08-05T10:25:00,1785939900,136.08814999999998,136.09,137.16,135.0163,135.18,729480,135.86474
2026-08-05 10:30:00-04:00,2026-08-05T10:30:00,1785940200,133.74,135.11,135.25,132.23,133.0,1681654,133.21858
2026-08-05 10:35:00-04:00,2026-08-05T10:35:00,1785940500,132.79500000000002,133.0,134.37,131.22,131.29,1201256,132.565544
2026-08-05 10:40:00-04:00,2026-08-05T10:40:00,1785940800,131.745,131.3378,132.79,130.7,132.31,1023630,131.680497
2026-08-05 10:45:00-04:00,2026-08-05T10:45:00,1785941100,132.82495,132.2919,134.2999,131.35,133.7001,1160216,133.154575
2026-08-05 10:50:00-04:00,2026-08-05T10:50:00,1785941400,132.06,133.7,134.12,130.0,131.36,1241580,131.507783
2026-08-05 10:55:00-04:00,2026-08-05T10:55:00,1785941700,131.825,131.38,133.03,130.62,132.2001,654163,131.919986
2026-08-05 11:00:00-04:00,2026-08-05T11:00:00,1785942000,132.461,132.33,133.32,131.602,132.0985,632532,132.483882
2026-08-05 11:05:00-04:00,2026-08-05T11:05:00,1785942300,133.035,132.17,134.37,131.7,134.06,655376,133.226864
2026-08-05 11:10:00-04:00,2026-08-05T11:10:00,1785942600,133.745,134.02,134.8,132.69,133.13,660293,133.921669
2026-08-05 11:15:00-04:00,2026-08-05T11:15:00,1785942900,132.945,133.2,133.89,132.0,133.89,543345,132.845574
2026-08-05 11:20:00-04:00,2026-08-05T11:20:00,1785943200,133.3807,133.85,133.99,132.7714,132.81,377444,133.5583
2026-08-05 11:25:00-04:00,2026-08-05T11:25:00,1785943500,133.1125,132.75,133.85,132.375,133.28,237030,133.061933
2026-08-05 11:30:00-04:00,2026-08-05T11:30:00,1785943800,134.3275,133.235,135.42,133.235,134.37,795471,134.85165
2026-08-05 11:35:00-04:00,2026-08-05T11:35:00,1785944100,135.37,134.37,136.37,134.37,136.03,709909,135.63938
2026-08-05 11:40:00-04:00,2026-08-05T11:40:00,1785944400,135.67495,136.075,136.4399,134.91,135.18,547871,135.55381
2026-08-05 11:45:00-04:00,2026-08-05T11:45:00,1785944700,134.838,135.2,135.725,133.951,135.0358,470943,134.75135
2026-08-05 11:50:00-04:00,2026-08-05T11:50:00,1785945000,134.76999999999998,134.98,135.56,133.98,134.25,336987,134.59046
2026-08-05 11:55:00-04:00,2026-08-05T11:55:00,1785945300,133.32,134.23,134.23,132.41,133.19,436681,133.334977
2026-08-05 12:00:00-04:00,2026-08-05T12:00:00,1785945600,134.125,133.11,135.15,133.1,134.88,387526,134.23168
2026-08-05 12:05:00-04:00,2026-08-05T12:05:00,1785945900,134.59505000000001,134.78,135.44,133.7501,134.54,457187,134.78659
2026-08-05 12:10:00-04:00,2026-08-05T12:10:00,1785946200,134.4,134.555,134.9,133.9,134.8,246171,134.50571
2026-08-05 12:15:00-04:00,2026-08-05T12:15:00,1785946500,135.17215,134.83,135.79,134.5543,134.83,376338,135.2702
2026-08-05 12:20:00-04:00,2026-08-05T12:20:00,1785946800,135.6,134.795,136.47,134.73,136.07,495477,135.8793
2026-08-05 12:25:00-04:00,2026-08-05T12:25:00,1785947100,136.99130000000002,136.05,137.9326,136.05,137.86,782027,137.18875
2026-08-05 12:30:00-04:00,2026-08-05T12:30:00,1785947400,136.97065,137.92,138.08,135.8613,136.555,560235,136.88026
2026-08-05 12:35:00-04:00,2026-08-05T12:35:00,1785947700,136.545,136.502,137.39,135.7,137.1497,432908,136.68681
2026-08-05 12:40:00-04:00,2026-08-05T12:40:00,1785948000,137.16995,137.15,137.8399,136.5,136.57,350816,137.28076
2026-08-05 12:45:00-04:00,2026-08-05T12:45:00,1785948300,136.8,136.5,137.46,136.14,136.85,230334,136.94259
2026-08-05 12:50:00-04:00,2026-08-05T12:50:00,1785948600,137.20499999999998,136.73,137.71,136.7,137.35,286284,137.17987
2026-08-05 12:55:00-04:00,2026-08-05T12:55:00,1785948900,137.33005,137.38,137.62,137.0401,137.19,239320,137.33532
2026-08-05 13:00:00-04:00,2026-08-05T13:00:00,1785949200,136.655,137.22,137.51,135.8,135.8601,371698,136.58102
2026-08-05 13:05:00-04:00,2026-08-05T13:05:00,1785949500,135.595,135.86,136.18,135.01,135.165,341095,135.48126
2026-08-05 13:10:00-04:00,2026-08-05T13:10:00,1785949800,135.17739999999998,135.13,135.7248,134.63,135.12,365587,135.10019
2026-08-05 13:15:00-04:00,2026-08-05T13:15:00,1785950100,135.00549999999998,135.05,135.51,134.501,134.8658,283217,134.94649
2026-08-05 13:20:00-04:00,2026-08-05T13:20:00,1785950400,134.7197,134.835,135.1494,134.29,135.1494,295862,134.76308
2026-08-05 13:25:00-04:00,2026-08-05T13:25:00,1785950700,135.22,135.1376,135.72,134.72,134.795,229964,135.33162
2026-08-05 13:30:00-04:00,2026-08-05T13:30:00,1785951000,134.89,134.69,135.42,134.36,134.715,225668,134.81407
2026-08-05 13:35:00-04:00,2026-08-05T13:35:00,1785951300,134.99,134.77,135.28,134.7,135.05,148455,135.03768
2026-08-05 13:40:00-04:00,2026-08-05T13:40:00,1785951600,135.2271,135.09,135.55,134.9042,135.0,173129,135.26405
2026-08-05 13:45:00-04:00,2026-08-05T13:45:00,1785951900,134.95999999999998,135.0,135.67,134.25,135.43,217833,135.02792
2026-08-05 13:50:00-04:00,2026-08-05T13:50:00,1785952200,135.47505,135.44,135.86,135.0901,135.18,182578,135.52623
2026-08-05 13:55:00-04:00,2026-08-05T13:55:00,1785952500,135.3677,135.14,135.8666,134.8688,135.58,161499,135.4295
2026-08-05 14:00:00-04:00,2026-08-05T14:00:00,1785952800,135.79500000000002,135.585,136.23,135.36,136.14,211075,135.81375
2026-08-05 14:05:00-04:00,2026-08-05T14:05:00,1785953100,135.7185,136.11,136.127,135.31,135.65,176446,135.68921
2026-08-05 14:10:00-04:00,2026-08-05T14:10:00,1785953400,135.445,135.69,135.99,134.9,134.9,170570,135.53396
2026-08-05 14:15:00-04:00,2026-08-05T14:15:00,1785953700,135.265,134.95,135.76,134.77,135.54,145493,135.38888
2026-08-05 14:20:00-04:00,2026-08-05T14:20:00,1785954000,135.63524999999998,135.59,135.91,135.3605,135.73,125059,135.68314
2026-08-05 14:25:00-04:00,2026-08-05T14:25:00,1785954300,135.92505,135.69,136.2,135.6501,136.1,190168,135.99429
2026-08-05 14:30:00-04:00,2026-08-05T14:30:00,1785954600,135.3499,136.09,136.0998,134.6,134.865,344472,135.1469
2026-08-05 14:35:00-04:00,2026-08-05T14:35:00,1785954900,135.14749999999998,134.8,135.6,134.695,134.922,159924,135.24881
2026-08-05 14:40:00-04:00,2026-08-05T14:40:00,1785955200,134.98485,134.85,135.1999,134.7698,134.98,126780,134.96653
2026-08-05 14:45:00-04:00,2026-08-05T14:45:00,1785955500,135.42000000000002,134.93,136.04,134.8,135.6101,218555,135.58656
2026-08-05 14:50:00-04:00,2026-08-05T14:50:00,1785955800,135.475,135.59,135.81,135.14,135.315,133110,135.46166
2026-08-05 14:55:00-04:00,2026-08-05T14:55:00,1785956100,135.05180000000001,135.3,135.3536,134.75,134.985,163746,135.00159
2026-08-05 15:00:00-04:00,2026-08-05T15:00:00,1785956400,135.89495,135.05,136.8899,134.9,136.42,567178,136.15893
2026-08-05 15:05:00-04:00,2026-08-05T15:05:00,1785956700,136.53755,136.455,136.975,136.1001,136.57,465227,136.53616
2026-08-05 15:10:00-04:00,2026-08-05T15:10:00,1785957000,136.73,136.6,137.2,136.26,137.1947,501065,136.79461
2026-08-05 15:15:00-04:00,2026-08-05T15:15:00,1785957300,136.95499999999998,137.21,137.35,136.56,136.6242,475109,137.00479
2026-08-05 15:20:00-04:00,2026-08-05T15:20:00,1785957600,136.8942,136.705,137.1684,136.62,136.9,467995,136.91742
2026-08-05 15:25:00-04:00,2026-08-05T15:25:00,1785957900,137.235,136.92,137.79,136.68,137.11,698602,137.28559
2026-08-05 15:30:00-04:00,2026-08-05T15:30:00,1785958200,136.45749999999998,137.14,137.48,135.435,135.85,1886361,136.80292
2026-08-05 15:35:00-04:00,2026-08-05T15:35:00,1785958500,135.9675,135.8038,136.65,135.285,136.09,677396,136.08944
2026-08-05 15:40:00-04:00,2026-08-05T15:40:00,1785958800,135.805,136.07,136.76,134.85,135.195,594587,135.9681
2026-08-05 15:45:00-04:00,2026-08-05T15:45:00,1785959100,134.945,135.15,135.53,134.36,135.3376,1018169,135.02689
2026-08-05 15:50:00-04:00,2026-08-05T15:50:00,1785959400,135.155,135.31,136.0,134.31,134.71,1294655,134.90364
2026-08-05 15:55:00-04:00,2026-08-05T15:55:00,1785959700,132.885,134.7,134.72,131.05,131.74,2543711,132.805688
2026-08-06 09:30:00-04:00,2026-08-06T09:30:00,1786023000,123.15729999999999,125.23,125.568,120.7466,124.77,2704525,123.161559
2026-08-06 09:35:00-04:00,2026-08-06T09:35:00,1786023300,125.5968,124.78,127.7236,123.47,125.99,2620843,126.089881
2026-08-06 09:40:00-04:00,2026-08-06T09:40:00,1786023600,127.85,125.925,129.98,125.72,129.66,1657111,128.334972
2026-08-06 09:45:00-04:00,2026-08-06T09:45:00,1786023900,130.74,129.68,132.65,128.83,132.11,1743897,130.914622
2026-08-06 09:50:00-04:00,2026-08-06T09:50:00,1786024200,131.43005,132.092,132.8,130.0601,130.385,1244082,131.298072
2026-08-06 09:55:00-04:00,2026-08-06T09:55:00,1786024500,131.6168,130.3161,133.3316,129.902,133.0,1145980,131.773639
2026-08-06 10:00:00-04:00,2026-08-06T10:00:00,1786024800,132.77999999999997,132.97,133.92,131.64,132.875,953697,132.620243
2026-08-06 10:05:00-04:00,2026-08-06T10:05:00,1786025100,134.77800000000002,132.94,136.696,132.86,136.53,1514633,135.04535
2026-08-06 10:10:00-04:00,2026-08-06T10:10:00,1786025400,137.5525,136.525,138.58,136.525,137.81,1652278,137.57508
2026-08-06 10:15:00-04:00,2026-08-06T10:15:00,1786025700,138.18,137.7,139.5,136.86,138.3858,1498672,138.44601
2026-08-06 10:20:00-04:00,2026-08-06T10:20:00,1786026000,138.9,138.3,139.86,137.94,138.79,1155269,138.80483
2026-08-06 10:25:00-04:00,2026-08-06T10:25:00,1786026300,137.85545000000002,138.79,138.9909,136.72,137.005,1248829,137.50706
2026-08-06 10:30:00-04:00,2026-08-06T10:30:00,1786026600,137.95999999999998,137.07,139.35,136.57,139.0,891218,138.02252
2026-08-06 10:35:00-04:00,2026-08-06T10:35:00,1786026900,138.1,139.0,140.0,136.2,136.28,1020902,138.33465
2026-08-06 10:40:00-04:00,2026-08-06T10:40:00,1786027200,137.025,136.23,138.02,136.03,136.79,662057,137.1399
2026-08-06 10:45:00-04:00,2026-08-06T10:45:00,1786027500,135.618,136.7342,136.905,134.331,135.78,1056961,135.60347
2026-08-06 10:50:00-04:00,2026-08-06T10:50:00,1786027800,136.2745,135.75,137.249,135.3,137.249,604875,136.35087
2026-08-06 10:55:00-04:00,2026-08-06T10:55:00,1786028100,137.42000000000002,137.3,138.37,136.47,138.28,589898,137.58279
2026-08-06 11:00:00-04:00,2026-08-06T11:00:00,1786028400,137.78095,138.26,138.95,136.6119,137.2485,620944,137.95337
2026-08-06 11:05:00-04:00,2026-08-06T11:05:00,1786028700,138.385,137.24,139.55,137.22,139.25,587207,138.81165
2026-08-06 11:10:00-04:00,2026-08-06T11:10:00,1786029000,139.437,139.25,139.98,138.894,139.15,662397,139.63294
2026-08-06 11:15:00-04:00,2026-08-06T11:15:00,1786029300,138.7432,139.17,139.85,137.6364,137.775,547151,138.78695
2026-08-06 11:20:00-04:00,2026-08-06T11:20:00,1786029600,138.12,137.84,138.87,137.37,137.73,411585,138.19966
2026-08-06 11:25:00-04:00,2026-08-06T11:25:00,1786029900,138.16995,137.81,138.7399,137.6,138.37,295528,138.24324
2026-08-06 11:30:00-04:00,2026-08-06T11:30:00,1786030200,137.825,138.43,139.1,136.55,136.585,475304,137.6484
2026-08-06 11:35:00-04:00,2026-08-06T11:35:00,1786030500,136.95535,136.55,137.6957,136.215,136.95,424769,136.89421
2026-08-06 11:40:00-04:00,2026-08-06T11:40:00,1786030800,136.63,136.98,137.7,135.56,135.749,386162,136.69062
2026-08-06 11:45:00-04:00,2026-08-06T11:45:00,1786031100,136.945,135.64,138.25,135.64,137.68,468263,137.37439
2026-08-06 11:50:00-04:00,2026-08-06T11:50:00,1786031400,137.26555000000002,137.78,138.6511,135.88,136.02,486004,137.33399
2026-08-06 11:55:00-04:00,2026-08-06T11:55:00,1786031700,136.22825,136.0,137.0265,135.43,135.663,368765,136.21706
2026-08-06 12:00:00-04:00,2026-08-06T12:00:00,1786032000,135.22500000000002,135.78,136.05,134.4,135.0,572061,135.13056
2026-08-06 12:05:00-04:00,2026-08-06T12:05:00,1786032300,135.78429999999997,135.02,136.67,134.8986,136.0001,418345,135.86938
2026-08-06 12:10:00-04:00,2026-08-06T12:10:00,1786032600,135.575,136.16,136.64,134.51,134.61,349843,135.48335
2026-08-06 12:15:00-04:00,2026-08-06T12:15:00,1786032900,134.33350000000002,134.605,135.237,133.43,134.6458,556283,134.33057
2026-08-06 12:20:00-04:00,2026-08-06T12:20:00,1786033200,133.51345,134.605,134.7399,132.287,133.82,569563,133.384046
2026-08-06 12:25:00-04:00,2026-08-06T12:25:00,1786033500,133.52994999999999,133.88,134.12,132.9399,133.0699,317242,133.442683
2026-08-06 12:30:00-04:00,2026-08-06T12:30:00,1786033800,133.62675000000002,132.9617,134.4535,132.8,133.688,404034,133.69561
2026-08-06 12:35:00-04:00,2026-08-06T12:35:00,1786034100,134.485,133.73,135.59,133.38,135.59,483388,134.65399
2026-08-06 12:40:00-04:00,2026-08-06T12:40:00,1786034400,135.285,135.6,135.94,134.63,134.64,463502,135.37339
2026-08-06 12:45:00-04:00,2026-08-06T12:45:00,1786034700,135.21965,134.7107,136.1293,134.31,136.08,294882,135.18089
2026-08-06 12:50:00-04:00,2026-08-06T12:50:00,1786035000,136.21,136.105,136.9,135.52,135.5486,435249,136.30013
2026-08-06 12:55:00-04:00,2026-08-06T12:55:00,1786035300,136.325,135.53,137.12,135.53,137.0698,235985,136.50805
2026-08-06 13:00:00-04:00,2026-08-06T13:00:00,1786035600,137.00549999999998,137.05,137.5,136.511,136.615,330414,137.06585
2026-08-06 13:05:00-04:00,2026-08-06T13:05:00,1786035900,136.98365,136.62,137.5273,136.44,136.91,248832,137.02958
2026-08-06 13:10:00-04:00,2026-08-06T13:10:00,1786036200,136.5695,136.85,137.139,136.0,136.2121,224524,136.6193
2026-08-06 13:15:00-04:00,2026-08-06T13:15:00,1786036500,136.22494999999998,136.1,136.8499,135.6,136.6087,264653,136.13303
2026-08-06 13:20:00-04:00,2026-08-06T13:20:00,1786036800,136.265,136.6099,136.88,135.65,135.85,143031,136.25895
2026-08-06 13:25:00-04:00,2026-08-06T13:25:00,1786037100,136.32,135.85,136.79,135.85,136.06,135855,136.46919
2026-08-06 13:30:00-04:00,2026-08-06T13:30:00,1786037400,136.15,136.0,136.5,135.8,135.97,114930,136.13509
2026-08-06 13:35:00-04:00,2026-08-06T13:35:00,1786037700,135.92495,136.0,136.3399,135.51,135.62,150107,135.98903
2026-08-06 13:40:00-04:00,2026-08-06T13:40:00,1786038000,135.2801,135.62,135.935,134.6252,135.09,299864,135.07478
2026-08-06 13:45:00-04:00,2026-08-06T13:45:00,1786038300,135.16585,135.14,135.5899,134.7418,134.85,187121,135.17515
2026-08-06 13:50:00-04:00,2026-08-06T13:50:00,1786038600,135.225,134.855,135.73,134.72,135.62,157994,135.32923
2026-08-06 13:55:00-04:00,2026-08-06T13:55:00,1786038900,135.595,135.57,135.94,135.25,135.81,114439,135.67311
2026-08-06 14:00:00-04:00,2026-08-06T14:00:00,1786039200,135.52365,135.81,136.1261,134.9212,135.55,167275,135.51436
2026-08-06 14:05:00-04:00,2026-08-06T14:05:00,1786039500,135.385,135.53,135.8,134.97,135.647,133238,135.39896
2026-08-06 14:10:00-04:00,2026-08-06T14:10:00,1786039800,135.57319999999999,135.65,135.9564,135.19,135.915,125627,135.47926
2026-08-06 14:15:00-04:00,2026-08-06T14:15:00,1786040100,135.93,135.99,137.5,134.36,136.78,654292,136.16216
2026-08-06 14:20:00-04:00,2026-08-06T14:20:00,1786040400,137.07999999999998,136.7986,137.66,136.5,137.2638,365815,137.25951
2026-08-06 14:25:00-04:00,2026-08-06T14:25:00,1786040700,136.84005000000002,137.27,137.3,136.3801,136.947,185838,136.80123
2026-08-06 14:30:00-04:00,2026-08-06T14:30:00,1786041000,136.475,136.9499,137.1,135.85,136.01,193995,136.44646
2026-08-06 14:35:00-04:00,2026-08-06T14:35:00,1786041300,136.11,135.97,136.48,135.74,135.855,133328,136.08108
2026-08-06 14:40:00-04:00,2026-08-06T14:40:00,1786041600,135.63925,135.91,136.1485,135.13,136.005,213512,135.67489
2026-08-06 14:45:00-04:00,2026-08-06T14:45:00,1786041900,135.91005,136.03,136.52,135.3001,135.34,177751,136.02688
2026-08-06 14:50:00-04:00,2026-08-06T14:50:00,1786042200,135.465,135.34,135.71,135.22,135.68,111511,135.44609
2026-08-06 14:55:00-04:00,2026-08-06T14:55:00,1786042500,135.8709,135.66,136.24,135.5018,135.5988,150087,135.89027
2026-08-06 15:00:00-04:00,2026-08-06T15:00:00,1786042800,136.375,135.68,137.33,135.42,137.22,310315,136.66112
2026-08-06 15:05:00-04:00,2026-08-06T15:05:00,1786043100,136.62545,137.22,137.5,135.7509,137.08,323501,136.83204
2026-08-06 15:10:00-04:00,2026-08-06T15:10:00,1786043400,136.59175,137.1032,137.3235,135.86,136.0,225173,136.71383
2026-08-06 15:15:00-04:00,2026-08-06T15:15:00,1786043700,135.83,135.9,136.11,135.55,135.645,233197,135.85459
2026-08-06 15:20:00-04:00,2026-08-06T15:20:00,1786044000,135.55505,135.67,136.5,134.6101,134.6699,482174,135.60986
2026-08-06 15:25:00-04:00,2026-08-06T15:25:00,1786044300,134.905,134.665,135.45,134.36,134.9,448150,134.91692
2026-08-06 15:30:00-04:00,2026-08-06T15:30:00,1786044600,134.94365,134.87,135.8473,134.04,135.63,1176109,135.33485
2026-08-06 15:35:00-04:00,2026-08-06T15:35:00,1786044900,135.14,135.59,135.59,134.69,134.7679,207341,135.06888
2026-08-06 15:40:00-04:00,2026-08-06T15:40:00,1786045200,134.66,134.7,134.9,134.42,134.57,374110,134.5238
2026-08-06 15:45:00-04:00,2026-08-06T15:45:00,1786045500,134.52994999999999,134.575,134.7999,134.26,134.7102,518236,134.47461
2026-08-06 15:50:00-04:00,2026-08-06T15:50:00,1786045800,134.36,134.64,134.95,133.77,134.6799,985191,134.34386
2026-08-06 15:55:00-04:00,2026-08-06T15:55:00,1786046100,133.341,134.59,134.59,132.092,132.46,1913178,133.386117
2026-08-07 09:30:00-04:00,2026-08-07T09:30:00,1786109400,141.95999999999998,141.97,143.92,140.0,142.93,2235072,141.95138
2026-08-07 09:35:00-04:00,2026-08-07T09:35:00,1786109700,141.035,143.02,143.19,138.88,140.0,1608237,140.53939
2026-08-07 09:40:00-04:00,2026-08-07T09:40:00,1786110000,141.015,140.06,142.74,139.29,142.475,1119084,141.13544
2026-08-07 09:45:00-04:00,2026-08-07T09:45:00,1786110300,141.285,142.43,143.0,139.57,141.18,889652,141.13202
2026-08-07 09:50:00-04:00,2026-08-07T09:50:00,1786110600,140.54000000000002,141.2135,141.83,139.25,139.5066,870327,140.5386
2026-08-07 09:55:00-04:00,2026-08-07T09:55:00,1786110900,137.65505000000002,139.45,139.8,135.5101,136.65,1898341,137.3557
2026-08-07 10:00:00-04:00,2026-08-07T10:00:00,1786111200,135.11,136.62,136.94,133.28,133.39,1675775,135.07213
2026-08-07 10:05:00-04:00,2026-08-07T10:05:00,1786111500,134.71994999999998,133.325,136.4399,133.0,134.5,1612945,134.83927
2026-08-07 10:10:00-04:00,2026-08-07T10:10:00,1786111800,133.3356,134.413,134.8999,131.7713,132.3,1448301,132.960956
2026-08-07 10:15:00-04:00,2026-08-07T10:15:00,1786112100,133.95,132.19,136.34,131.56,136.2,1718058,134.47924
2026-08-07 10:20:00-04:00,2026-08-07T10:20:00,1786112400,135.54500000000002,136.195,136.76,134.33,135.11,1180044,135.6212
2026-08-07 10:25:00-04:00,2026-08-07T10:25:00,1786112700,136.77723500000002,135.189,138.3813,135.17317,137.235,1386180,137.43507
2026-08-07 10:30:00-04:00,2026-08-07T10:30:00,1786113000,136.3625,137.2,137.3399,135.3851,135.99,885080,136.25781
2026-08-07 10:35:00-04:00,2026-08-07T10:35:00,1786113300,135.40305,136.08,136.4761,134.33,134.554,722129,135.36987
2026-08-07 10:40:00-04:00,2026-08-07T10:40:00,1786113600,134.215,134.52,135.41,133.02,133.49,762748,134.061939
2026-08-07 10:45:00-04:00,2026-08-07T10:45:00,1786113900,134.3533,133.5,135.5766,133.13,135.1183,774349,134.59624
2026-08-07 10:50:00-04:00,2026-08-07T10:50:00,1786114200,134.7492,135.0,135.8184,133.68,134.29,584658,134.53706
2026-08-07 10:55:00-04:00,2026-08-07T10:55:00,1786114500,134.7867,134.25,135.5534,134.02,135.0,582843,134.86965
2026-08-07 11:00:00-04:00,2026-08-07T11:00:00,1786114800,135.86,134.955,136.88,134.84,136.63,732247,136.00861
2026-08-07 11:05:00-04:00,2026-08-07T11:05:00,1786115100,137.10500000000002,136.67,137.75,136.46,136.985,895616,137.22095
2026-08-07 11:10:00-04:00,2026-08-07T11:10:00,1786115400,137.26445,136.9592,137.86,136.6689,136.855,556523,137.31187
2026-08-07 11:15:00-04:00,2026-08-07T11:15:00,1786115700,136.73250000000002,136.82,137.445,136.02,137.11,512030,136.80925
2026-08-07 11:20:00-04:00,2026-08-07T11:20:00,1786116000,137.615,137.15,138.37,136.86,138.135,694310,137.77954
2026-08-07 11:25:00-04:00,2026-08-07T11:25:00,1786116300,138.79,138.1124,139.48,138.1,138.845,985107,138.91349
2026-08-07 11:30:00-04:00,2026-08-07T11:30:00,1786116600,139.47,138.79,140.15,138.79,139.95,835395,139.64713
2026-08-07 11:35:00-04:00,2026-08-07T11:35:00,1786116900,139.24335000000002,139.91,139.9867,138.5,138.87,553943,139.21546
2026-08-07 11:40:00-04:00,2026-08-07T11:40:00,1786117200,138.45499999999998,138.93,139.42,137.49,138.195,560104,138.27854
2026-08-07 11:45:00-04:00,2026-08-07T11:45:00,1786117500,138.695,138.17,139.53,137.86,139.396,397218,138.80202
2026-08-07 11:50:00-04:00,2026-08-07T11:50:00,1786117800,139.03575,139.4408,139.8514,138.2201,138.92,440772,139.18355
2026-08-07 11:55:00-04:00,2026-08-07T11:55:00,1786118100,139.16500000000002,138.895,139.55,138.78,139.55,245022,139.18359
2026-08-07 12:00:00-04:00,2026-08-07T12:00:00,1786118400,139.46249999999998,139.55,139.885,139.04,139.8685,297715,139.49673
2026-08-07 12:05:00-04:00,2026-08-07T12:05:00,1786118700,140.14995,139.9,140.5599,139.74,140.35,527564,140.19168
2026-08-07 12:10:00-04:00,2026-08-07T12:10:00,1786119000,140.01024999999998,140.3499,140.52,139.5005,139.585,285017,139.99087
2026-08-07 12:15:00-04:00,2026-08-07T12:15:00,1786119300,139.62995,139.54,140.1499,139.11,139.24,305527,139.69205
2026-08-07 12:20:00-04:00,2026-08-07T12:20:00,1786119600,138.88,139.1815,139.93,137.83,137.88,454586,138.68537
2026-08-07 12:25:00-04:00,2026-08-07T12:25:00,1786119900,137.48495,137.88,138.2999,136.67,137.43,504443,137.37409
2026-08-07 12:30:00-04:00,2026-08-07T12:30:00,1786120200,136.9081,137.4,137.9562,135.86,137.8,612586,136.73566
2026-08-07 12:35:00-04:00,2026-08-07T12:35:00,1786120500,137.765,137.795,138.22,137.31,138.1602,355335,137.76804
2026-08-07 12:40:00-04:00,2026-08-07T12:40:00,1786120800,138.16995,138.15,138.6599,137.68,138.2048,246488,138.16394
2026-08-07 12:45:00-04:00,2026-08-07T12:45:00,1786121100,138.49,138.15,138.83,138.15,138.77,217721,138.46407
2026-08-07 12:50:00-04:00,2026-08-07T12:50:00,1786121400,138.60500000000002,138.745,139.15,138.06,138.1998,253697,138.67492
2026-08-07 12:55:00-04:00,2026-08-07T12:55:00,1786121700,138.55975,138.21,139.0295,138.09,138.43,204740,138.62289
2026-08-07 13:00:00-04:00,2026-08-07T13:00:00,1786122000,138.5,138.45,139.0,138.0,138.71,179457,138.54115
2026-08-07 13:05:00-04:00,2026-08-07T13:05:00,1786122300,139.14999999999998,138.76,139.6,138.7,139.505,263543,139.30371
2026-08-07 13:10:00-04:00,2026-08-07T13:10:00,1786122600,138.925,139.5179,139.53,138.32,138.4002,234410,138.9816
2026-08-07 13:15:00-04:00,2026-08-07T13:15:00,1786122900,138.865,138.321,139.6,138.13,139.5879,226736,139.00813
2026-08-07 13:20:00-04:00,2026-08-07T13:20:00,1786123200,139.4875,139.5899,139.905,139.07,139.0824,242833,139.56032
2026-08-07 13:25:00-04:00,2026-08-07T13:25:00,1786123500,139.325,139.07,139.75,138.9,139.3801,142114,139.26542
2026-08-07 13:30:00-04:00,2026-08-07T13:30:00,1786123800,139.1775,139.4376,139.555,138.8,139.01,116290,139.20959
2026-08-07 13:35:00-04:00,2026-08-07T13:35:00,1786124100,139.14,139.01,139.4,138.88,139.23,151176,139.12299
2026-08-07 13:40:00-04:00,2026-08-07T13:40:00,1786124400,138.965,139.31,139.31,138.62,138.985,154486,138.89769
2026-08-07 13:45:00-04:00,2026-08-07T13:45:00,1786124700,138.99495000000002,138.975,139.2199,138.77,138.9138,138932,139.04519
2026-08-07 13:50:00-04:00,2026-08-07T13:50:00,1786125000,138.8,138.8601,139.19,138.41,138.695,189374,138.63687
2026-08-07 13:55:00-04:00,2026-08-07T13:55:00,1786125300,138.93,138.7,139.27,138.59,138.93,177151,139.01399
2026-08-07 14:00:00-04:00,2026-08-07T14:00:00,1786125600,139.0813,139.0,139.4325,138.7301,139.1158,159860,139.17345
2026-08-07 14:05:00-04:00,2026-08-07T14:05:00,1786125900,139.14495,139.09,139.4399,138.85,139.3399,118928,139.16272
2026-08-07 14:10:00-04:00,2026-08-07T14:10:00,1786126200,138.86,139.31,139.44,138.28,138.46,173948,138.81213
2026-08-07 14:15:00-04:00,2026-08-07T14:15:00,1786126500,138.64995,138.46,138.9799,138.32,138.68,134534,138.62454
2026-08-07 14:20:00-04:00,2026-08-07T14:20:00,1786126800,138.46515,138.66,138.77,138.1603,138.26,149043,138.45122
2026-08-07 14:25:00-04:00,2026-08-07T14:25:00,1786127100,137.8782,138.26,138.2925,137.4639,137.6358,236503,137.89968
2026-08-07 14:30:00-04:00,2026-08-07T14:30:00,1786127400,137.98000000000002,137.65,138.5,137.46,137.755,198111,137.9638
2026-08-07 14:35:00-04:00,2026-08-07T14:35:00,1786127700,137.7634,137.755,138.0467,137.4801,137.83,152747,137.80734
2026-08-07 14:40:00-04:00,2026-08-07T14:40:00,1786128000,137.675,137.885,137.99,137.36,137.4027,96539,137.70012
2026-08-07 14:45:00-04:00,2026-08-07T14:45:00,1786128300,137.70010000000002,137.4134,138.1302,137.27,138.1302,183261,137.65064
2026-08-07 14:50:00-04:00,2026-08-07T14:50:00,1786128600,138.175,138.0893,138.35,138.0,138.075,167275,138.13321
2026-08-07 14:55:00-04:00,2026-08-07T14:55:00,1786128900,138.10705000000002,138.12,138.5699,137.6442,138.54,240796,138.07036
2026-08-07 15:00:00-04:00,2026-08-07T15:00:00,1786129200,139.17475,138.48,139.8695,138.48,138.83,523666,139.21137
2026-08-07 15:05:00-04:00,2026-08-07T15:05:00,1786129500,139.64,138.8,140.48,138.8,140.305,637995,139.98341
2026-08-07 15:10:00-04:00,2026-08-07T15:10:00,1786129800,140.22985,140.3,140.6497,139.81,139.9,465365,140.34989
2026-08-07 15:15:00-04:00,2026-08-07T15:15:00,1786130100,140.086,139.94,140.56,139.612,139.645,376600,140.11166
2026-08-07 15:20:00-04:00,2026-08-07T15:20:00,1786130400,139.65879999999999,139.64,140.2276,139.09,139.2,414245,139.69469
2026-08-07 15:25:00-04:00,2026-08-07T15:25:00,1786130700,139.35,139.22,139.64,139.06,139.51,358113,139.35147
2026-08-07 15:30:00-04:00,2026-08-07T15:30:00,1786131000,138.7275,139.545,139.545,137.91,138.135,2007727,138.40038
2026-08-07 15:35:00-04:00,2026-08-07T15:35:00,1786131300,138.365,138.115,138.77,137.96,138.56,715149,138.44084
2026-08-07 15:40:00-04:00,2026-08-07T15:40:00,1786131600,138.225,138.54,138.6,137.85,137.91,604175,138.17342
2026-08-07 15:45:00-04:00,2026-08-07T15:45:00,1786131900,138.0,137.89,138.33,137.67,137.85,746265,137.90619
2026-08-07 15:50:00-04:00,2026-08-07T15:50:00,1786132200,138.8247,137.8,139.8594,137.79,139.68,1275750,138.99356
2026-08-07 15:55:00-04:00,2026-08-07T15:55:00,1786132500,139.82,139.69,140.67,138.97,140.26,2448436,140.01422
2026-08-10 09:30:00-04:00,2026-08-10T09:30:00,1786368600,140.32,142.76,143.45,137.19,137.93,2979825,140.71132
2026-08-10 09:35:00-04:00,2026-08-10T09:35:00,1786368900,138.535,137.77,140.25,136.82,138.3101,1556057,138.47731
2026-08-10 09:40:00-04:00,2026-08-10T09:40:00,1786369200,137.3225,138.32,138.815,135.83,137.36,1171861,136.98204
2026-08-10 09:45:00-04:00,2026-08-10T09:45:00,1786369500,138.09505000000001,137.2686,139.28,136.9101,138.8,1179217,138.46337
2026-08-10 09:50:00-04:00,2026-08-10T09:50:00,1786369800,137.825,138.9,139.25,136.4,136.595,1156131,137.68554
2026-08-10 09:55:00-04:00,2026-08-10T09:55:00,1786370100,136.83499999999998,136.595,137.72,135.95,137.16,648068,136.72649
2026-08-10 10:00:00-04:00,2026-08-10T10:00:00,1786370400,137.57975,137.16,138.5795,136.58,137.65,677046,137.4885
2026-08-10 10:05:00-04:00,2026-08-10T10:05:00,1786370700,138.63400000000001,137.4901,139.828,137.44,139.7854,952257,139.03057
2026-08-10 10:10:00-04:00,2026-08-10T10:10:00,1786371000,140.445,139.81,141.15,139.74,140.09,1070702,140.49035
2026-08-10 10:15:00-04:00,2026-08-10T10:15:00,1786371300,139.265,140.065,140.61,137.92,138.0795,736189,139.33534
2026-08-10 10:20:00-04:00,2026-08-10T10:20:00,1786371600,138.06,138.12,139.22,136.9,137.24,725500,137.99362
2026-08-10 10:25:00-04:00,2026-08-10T10:25:00,1786371900,137.35000000000002,137.28,138.15,136.55,137.11,667315,137.44798
2026-08-10 10:30:00-04:00,2026-08-10T10:30:00,1786372200,137.4,137.13,138.02,136.78,137.36,486843,137.48889
2026-08-10 10:35:00-04:00,2026-08-10T10:35:00,1786372500,137.675,137.4,138.65,136.7,136.84,569663,137.62323
2026-08-10 10:40:00-04:00,2026-08-10T10:40:00,1786372800,136.995,136.84,137.49,136.5,136.6708,437414,136.91733
2026-08-10 10:45:00-04:00,2026-08-10T10:45:00,1786373100,136.9025,136.76,137.305,136.5,136.9,262627,136.9151
2026-08-10 10:50:00-04:00,2026-08-10T10:50:00,1786373400,135.83089999999999,136.945,137.19,134.4718,134.5,1100456,135.51748
2026-08-10 10:55:00-04:00,2026-08-10T10:55:00,1786373700,134.27985,134.495,135.1197,133.44,133.51,1031407,134.22101
2026-08-10 11:00:00-04:00,2026-08-10T11:00:00,1786374000,134.095,133.5,135.0,133.19,134.78,748622,134.012208
2026-08-10 11:05:00-04:00,2026-08-10T11:05:00,1786374300,134.715,134.76,135.5,133.93,134.03,461011,134.75368
2026-08-10 11:10:00-04:00,2026-08-10T11:10:00,1786374600,134.38,134.0,134.97,133.79,134.5599,329661,134.32908
2026-08-10 11:15:00-04:00,2026-08-10T11:15:00,1786374900,134.9,134.46,135.36,134.44,135.0,292906,135.03025
2026-08-10 11:20:00-04:00,2026-08-10T11:20:00,1786375200,134.54000000000002,135.0,135.24,133.84,134.58,287718,134.46118
2026-08-10 11:25:00-04:00,2026-08-10T11:25:00,1786375500,134.2,134.59,134.75,133.65,134.2062,246458,134.179514
2026-08-10 11:30:00-04:00,2026-08-10T11:30:00,1786375800,133.9395,134.1,134.629,133.25,133.59,328078,133.648317
2026-08-10 11:35:00-04:00,2026-08-10T11:35:00,1786376100,133.71865,133.55,134.0787,133.3586,133.6942,228572,133.684462
2026-08-10 11:40:00-04:00,2026-08-10T11:40:00,1786376400,134.315,133.6,135.2,133.43,135.15,301872,134.52166
2026-08-10 11:45:00-04:00,2026-08-10T11:45:00,1786376700,134.88049999999998,135.19,135.38,134.381,134.54,393269,134.97736
2026-08-10 11:50:00-04:00,2026-08-10T11:50:00,1786377000,135.41005,134.6,136.2701,134.55,136.2701,460870,135.60685
2026-08-10 11:55:00-04:00,2026-08-10T11:55:00,1786377300,136.05475,136.2105,136.3495,135.76,135.83,353126,136.07509
2026-08-10 12:00:00-04:00,2026-08-10T12:00:00,1786377600,136.10000000000002,135.89,136.49,135.71,135.955,277712,136.1457
2026-08-10 12:05:00-04:00,2026-08-10T12:05:00,1786377900,135.445,135.955,136.15,134.74,134.9855,260835,135.34667
2026-08-10 12:10:00-04:00,2026-08-10T12:10:00,1786378200,134.86195,135.0206,135.18,134.5439,135.045,197462,134.89326
2026-08-10 12:15:00-04:00,2026-08-10T12:15:00,1786378500,135.31,135.04,135.82,134.8,135.275,176718,135.41385
2026-08-10 12:20:00-04:00,2026-08-10T12:20:00,1786378800,135.61509999999998,135.18,136.07,135.1602,136.07,163086,135.73487
2026-08-10 12:25:00-04:00,2026-08-10T12:25:00,1786379100,135.57,136.07,136.14,135.0,135.06,185498,135.47672
2026-08-10 12:30:00-04:00,2026-08-10T12:30:00,1786379400,134.4887,135.0,135.3774,133.6,134.4,410341,134.51641
2026-08-10 12:35:00-04:00,2026-08-10T12:35:00,1786379700,134.39999999999998,134.41,135.07,133.73,133.9336,287067,134.212318
2026-08-10 12:40:00-04:00,2026-08-10T12:40:00,1786380000,133.555,133.97,134.11,133.0,133.41,529331,133.369111
2026-08-10 12:45:00-04:00,2026-08-10T12:45:00,1786380300,133.75435,133.45,134.2287,133.28,134.14,319312,133.886992
2026-08-10 12:50:00-04:00,2026-08-10T12:50:00,1786380600,133.71,134.1236,134.1499,133.2701,133.5,212870,133.594566
2026-08-10 12:55:00-04:00,2026-08-10T12:55:00,1786380900,133.715,133.494,133.97,133.46,133.72,198152,133.733941
2026-08-10 13:00:00-04:00,2026-08-10T13:00:00,1786381200,133.6354,133.72,133.77,133.5008,133.7,209539,133.684848
2026-08-10 13:05:00-04:00,2026-08-10T13:05:00,1786381500,134.14,133.7,134.62,133.66,134.5999,294495,134.105826
2026-08-10 13:10:00-04:00,2026-08-10T13:10:00,1786381800,134.66,134.62,134.97,134.35,134.575,210080,134.65019
2026-08-10 13:15:00-04:00,2026-08-10T13:15:00,1786382100,134.49099999999999,134.53,134.9476,134.0344,134.305,162979,134.50383
2026-08-10 13:20:00-04:00,2026-08-10T13:20:00,1786382400,134.38315,134.35,134.5999,134.1664,134.2,118407,134.37029
2026-08-10 13:25:00-04:00,2026-08-10T13:25:00,1786382700,133.99995,134.2,134.3499,133.65,133.98,166482,133.979767
2026-08-10 13:30:00-04:00,2026-08-10T13:30:00,1786383000,134.215,133.985,134.49,133.94,134.42,145938,134.31625
2026-08-10 13:35:00-04:00,2026-08-10T13:35:00,1786383300,134.02005000000003,134.42,134.52,133.5201,133.66,223452,133.887941
2026-08-10 13:40:00-04:00,2026-08-10T13:40:00,1786383600,133.43995,133.62,133.7499,133.13,133.295,187102,133.461406
2026-08-10 13:45:00-04:00,2026-08-10T13:45:00,1786383900,133.48000000000002,133.305,133.68,133.28,133.38,91650,133.436885
2026-08-10 13:50:00-04:00,2026-08-10T13:50:00,1786384200,133.57995,133.32,133.8699,133.29,133.695,104371,133.570784
2026-08-10 13:55:00-04:00,2026-08-10T13:55:00,1786384500,133.765,133.715,134.03,133.5,133.7139,123189,133.796902
2026-08-10 14:00:00-04:00,2026-08-10T14:00:00,1786384800,133.6814,133.67,134.0,133.3628,133.89,120659,133.738558
2026-08-10 14:05:00-04:00,2026-08-10T14:05:00,1786385100,134.0675,133.9,134.375,133.76,134.25,117821,134.158758
2026-08-10 14:10:00-04:00,2026-08-10T14:10:00,1786385400,134.20499999999998,134.225,134.5,133.91,133.97,118648,134.23129
2026-08-10 14:15:00-04:00,2026-08-10T14:15:00,1786385700,134.025,133.94,134.21,133.84,133.9095,73317,134.012851
2026-08-10 14:20:00-04:00,2026-08-10T14:20:00,1786386000,134.07,133.95,134.35,133.79,134.07,70639,134.062239
2026-08-10 14:25:00-04:00,2026-08-10T14:25:00,1786386300,133.95,134.036,134.09,133.81,133.92,73847,133.968667
2026-08-10 14:30:00-04:00,2026-08-10T14:30:00,1786386600,134.22500000000002,133.96,134.61,133.84,134.4366,131661,134.28829
2026-08-10 14:35:00-04:00,2026-08-10T14:35:00,1786386900,134.25975,134.45,134.6495,133.87,134.2039,111119,134.189356
2026-08-10 14:40:00-04:00,2026-08-10T14:40:00,1786387200,134.24,134.22,134.41,134.07,134.195,72037,134.23518
2026-08-10 14:45:00-04:00,2026-08-10T14:45:00,1786387500,134.07524999999998,134.19,134.25,133.9005,134.04,76205,134.08003
2026-08-10 14:50:00-04:00,2026-08-10T14:50:00,1786387800,134.18,134.06,134.37,133.99,134.07,78186,134.132936
2026-08-10 14:55:00-04:00,2026-08-10T14:55:00,1786388100,134.13119999999998,134.14,134.45,133.8124,134.42,127845,134.178736
2026-08-10 15:00:00-04:00,2026-08-10T15:00:00,1786388400,134.69004999999999,134.4,135.02,134.3601,134.6698,340648,134.72832
2026-08-10 15:05:00-04:00,2026-08-10T15:05:00,1786388700,134.69,134.72,134.93,134.45,134.6,194722,134.65615
2026-08-10 15:10:00-04:00,2026-08-10T15:10:00,1786389000,134.68605000000002,134.62,134.9421,134.43,134.7324,234528,134.73051
2026-08-10 15:15:00-04:00,2026-08-10T15:15:00,1786389300,134.875,134.75,135.1,134.65,134.765,288881,134.90252
2026-08-10 15:20:00-04:00,2026-08-10T15:20:00,1786389600,134.9808,134.8,135.41,134.5516,135.4,541581,134.96598
2026-08-10 15:25:00-04:00,2026-08-10T15:25:00,1786389900,135.58505,135.42,135.98,135.1901,135.56,896952,135.6181
2026-08-10 15:30:00-04:00,2026-08-10T15:30:00,1786390200,135.25,135.56,135.83,134.67,134.81,1778646,135.46768
2026-08-10 15:35:00-04:00,2026-08-10T15:35:00,1786390500,134.699,134.81,134.958,134.44,134.53,552866,134.75206
2026-08-10 15:40:00-04:00,2026-08-10T15:40:00,1786390800,134.17000000000002,134.515,134.6,133.74,133.785,613655,134.024293
2026-08-10 15:45:00-04:00,2026-08-10T15:45:00,1786391100,133.725,133.79,134.22,133.23,134.14,784344,133.80529
2026-08-10 15:50:00-04:00,2026-08-10T15:50:00,1786391400,132.905,134.1,134.11,131.7,131.7006,1760979,132.414204
2026-08-10 15:55:00-04:00,2026-08-10T15:55:00,1786391700,130.91,131.71,131.82,130.0,130.0,3265187,130.367652
2026-08-11 09:30:00-04:00,2026-08-11T09:30:00,1786455000,134.04505,136.26,136.29,131.8001,133.46,1820570,133.652779
2026-08-11 09:35:00-04:00,2026-08-11T09:35:00,1786455300,133.67995,133.42,134.9699,132.39,133.3,1344746,133.537572
2026-08-11 09:40:00-04:00,2026-08-11T09:40:00,1786455600,134.3548,133.4,135.3396,133.37,135.215,1015757,134.60826
2026-08-11 09:45:00-04:00,2026-08-11T09:45:00,1786455900,134.00414999999998,135.14,135.2283,132.78,133.1,1021637,133.639451
2026-08-11 09:50:00-04:00,2026-08-11T09:50:00,1786456200,132.97495,133.1,134.0199,131.93,132.3163,813293,132.81328
2026-08-11 09:55:00-04:00,2026-08-11T09:55:00,1786456500,132.84,132.324,133.68,132.0,133.57,548800,132.782609
2026-08-11 10:00:00-04:00,2026-08-11T10:00:00,1786456800,134.25295,133.48,135.35,133.1559,134.76,872023,134.52882
2026-08-11 10:05:00-04:00,2026-08-11T10:05:00,1786457100,135.52454999999998,134.64,136.6,134.4491,135.9194,1053895,135.8986
2026-08-11 10:10:00-04:00,2026-08-11T10:10:00,1786457400,135.78005000000002,135.875,136.56,135.0001,135.22,623910,135.92079
2026-08-11 10:15:00-04:00,2026-08-11T10:15:00,1786457700,135.65,135.15,136.56,134.74,134.88,673921,135.57393
2026-08-11 10:20:00-04:00,2026-08-11T10:20:00,1786458000,134.985,134.86,135.77,134.2,135.13,507315,135.06873
2026-08-11 10:25:00-04:00,2026-08-11T10:25:00,1786458300,135.56,135.1626,136.21,134.91,135.79,369754,135.59894
2026-08-11 10:30:00-04:00,2026-08-11T10:30:00,1786458600,135.36,135.7265,136.07,134.65,135.71,402916,135.37759
2026-08-11 10:35:00-04:00,2026-08-11T10:35:00,1786458900,135.22224999999997,135.81,135.92,134.5245,134.5245,425781,135.18067
2026-08-11 10:40:00-04:00,2026-08-11T10:40:00,1786459200,134.24,134.5,134.86,133.62,134.085,465017,134.27437
2026-08-11 10:45:00-04:00,2026-08-11T10:45:00,1786459500,134.46994999999998,134.08,135.0399,133.9,134.96,361539,134.47176
2026-08-11 10:50:00-04:00,2026-08-11T10:50:00,1786459800,134.91,134.96,135.42,134.4,135.225,339460,134.97555
2026-08-11 10:55:00-04:00,2026-08-11T10:55:00,1786460100,135.0451,135.175,135.5802,134.51,134.5684,288659,135.16402
2026-08-11 11:00:00-04:00,2026-08-11T11:00:00,1786460400,135.04500000000002,134.62,135.6,134.49,135.42,275681,135.0752
2026-08-11 11:05:00-04:00,2026-08-11T11:05:00,1786460700,134.57999999999998,135.38,135.4,133.76,133.954,323378,134.43062
2026-08-11 11:10:00-04:00,2026-08-11T11:10:00,1786461000,134.07999999999998,133.86,134.47,133.69,134.04,248583,134.101652
2026-08-11 11:15:00-04:00,2026-08-11T11:15:00,1786461300,133.85,134.01,134.1,133.6,133.63,192306,133.831586
2026-08-11 11:20:00-04:00,2026-08-11T11:20:00,1786461600,133.59,133.67,134.25,132.93,133.08,406707,133.553675
2026-08-11 11:25:00-04:00,2026-08-11T11:25:00,1786461900,133.32,133.03,133.67,132.97,133.335,212146,133.394417
2026-08-11 11:30:00-04:00,2026-08-11T11:30:00,1786462200,133.3725,133.335,133.925,132.82,132.995,276151,133.430231
2026-08-11 11:35:00-04:00,2026-08-11T11:35:00,1786462500,133.315,133.05,133.75,132.88,133.1299,187284,133.238208
2026-08-11 11:40:00-04:00,2026-08-11T11:40:00,1786462800,133.325,133.085,133.77,132.88,133.735,230612,133.329675
2026-08-11 11:45:00-04:00,2026-08-11T11:45:00,1786463100,133.325,133.66,133.66,132.99,133.0,177268,133.223741
2026-08-11 11:50:00-04:00,2026-08-11T11:50:00,1786463400,133.1275,132.995,133.445,132.81,132.98,176198,133.061738
2026-08-11 11:55:00-04:00,2026-08-11T11:55:00,1786463700,132.89499999999998,132.95,133.22,132.57,132.5886,187724,132.86307
2026-08-11 12:00:00-04:00,2026-08-11T12:00:00,1786464000,132.48000000000002,132.6299,132.7999,132.1601,132.38,280259,132.452361
2026-08-11 12:05:00-04:00,2026-08-11T12:05:00,1786464300,132.72,132.4599,133.12,132.32,132.865,276105,132.877198
2026-08-11 12:10:00-04:00,2026-08-11T12:10:00,1786464600,132.65904999999998,132.88,133.148,132.1701,132.29,253717,132.766465
2026-08-11 12:15:00-04:00,2026-08-11T12:15:00,1786464900,132.49,132.28,132.78,132.2,132.35,176910,132.544543
2026-08-11 12:20:00-04:00,2026-08-11T12:20:00,1786465200,132.45505,132.42,132.85,132.0601,132.385,201744,132.472748
2026-08-11 12:25:00-04:00,2026-08-11T12:25:00,1786465500,132.14499999999998,132.345,132.4,131.89,132.3402,293792,132.119983
2026-08-11 12:30:00-04:00,2026-08-11T12:30:00,1786465800,132.1048,132.265,132.3995,131.8101,131.88,231924,132.008607
2026-08-11 12:35:00-04:00,2026-08-11T12:35:00,1786466100,132.29805,131.88,132.7661,131.83,132.7661,214399,132.386761
2026-08-11 12:40:00-04:00,2026-08-11T12:40:00,1786466400,132.4,132.77,132.8,132.0,132.1202,155845,132.355725
2026-08-11 12:45:00-04:00,2026-08-11T12:45:00,1786466700,131.6875,132.095,132.095,131.28,131.715,410250,131.582449
2026-08-11 12:50:00-04:00,2026-08-11T12:50:00,1786467000,131.7,131.6924,131.86,131.54,131.7405,109677,131.688863
2026-08-11 12:55:00-04:00,2026-08-11T12:55:00,1786467300,131.625,131.79,131.89,131.36,131.4375,138717,131.556913
2026-08-11 13:00:00-04:00,2026-08-11T13:00:00,1786467600,131.1865,131.42,131.59,130.783,130.8,393245,131.099205
2026-08-11 13:05:00-04:00,2026-08-11T13:05:00,1786467900,130.97,130.78,131.3,130.64,131.0329,289110,130.957848
2026-08-11 13:10:00-04:00,2026-08-11T13:10:00,1786468200,130.56005,130.94,130.94,130.1801,130.23,358461,130.408865
2026-08-11 13:15:00-04:00,2026-08-11T13:15:00,1786468500,130.535,130.22,131.0,130.07,130.805,415812,130.648503
2026-08-11 13:20:00-04:00,2026-08-11T13:20:00,1786468800,130.74,130.83,131.11,130.37,130.6,295313,130.79148
2026-08-11 13:25:00-04:00,2026-08-11T13:25:00,1786469100,130.605,130.62,130.95,130.26,130.63,203166,130.602478
2026-08-11 13:30:00-04:00,2026-08-11T13:30:00,1786469400,130.45999999999998,130.65,130.76,130.16,130.75,325472,130.497646
2026-08-11 13:35:00-04:00,2026-08-11T13:35:00,1786469700,130.801,130.735,131.12,130.482,130.72,248710,130.897089
2026-08-11 13:40:00-04:00,2026-08-11T13:40:00,1786470000,130.9321,130.74,131.1992,130.665,130.91,192208,130.964378
2026-08-11 13:45:00-04:00,2026-08-11T13:45:00,1786470300,131.01995,130.89,131.3399,130.7,131.07,193019,131.001138
2026-08-11 13:50:00-04:00,2026-08-11T13:50:00,1786470600,131.29525,131.12,131.54,131.0505,131.54,168187,131.303812
2026-08-11 13:55:00-04:00,2026-08-11T13:55:00,1786470900,131.31555,131.53,131.5511,131.08,131.295,166530,131.305236
2026-08-11 14:00:00-04:00,2026-08-11T14:00:00,1786471200,131.37965,131.32,131.7593,131.0,131.62,192451,131.308914
2026-08-11 14:05:00-04:00,2026-08-11T14:05:00,1786471500,131.3025,131.585,131.665,130.94,131.07,277920,131.175961
2026-08-11 14:10:00-04:00,2026-08-11T14:10:00,1786471800,131.27710000000002,131.0838,131.53,131.0242,131.34,156772,131.298427
2026-08-11 14:15:00-04:00,2026-08-11T14:15:00,1786472100,131.4131,131.3776,131.59,131.2362,131.325,134156,131.430344
2026-08-11 14:20:00-04:00,2026-08-11T14:20:00,1786472400,130.99,131.29,131.33,130.65,130.99,258292,130.962229
2026-08-11 14:25:00-04:00,2026-08-11T14:25:00,1786472700,130.565,130.99,131.07,130.06,130.41,309630,130.606484
2026-08-11 14:30:00-04:00,2026-08-11T14:30:00,1786473000,130.6004,130.46,130.87,130.3308,130.7863,185345,130.689936
2026-08-11 14:35:00-04:00,2026-08-11T14:35:00,1786473300,130.8512,130.78,131.1,130.6024,130.905,161732,130.875481
2026-08-11 14:40:00-04:00,2026-08-11T14:40:00,1786473600,130.58814999999998,130.81,130.87,130.3063,130.61,197595,130.557633
2026-08-11 14:45:00-04:00,2026-08-11T14:45:00,1786473900,131.02994999999999,130.5902,131.4699,130.59,131.425,255910,130.985127
2026-08-11 14:50:00-04:00,2026-08-11T14:50:00,1786474200,131.44445000000002,131.425,131.6447,131.2442,131.47,211876,131.485324
2026-08-11 14:55:00-04:00,2026-08-11T14:55:00,1786474500,131.29165,131.465,131.56,131.0233,131.085,186508,131.345633
2026-08-11 15:00:00-04:00,2026-08-11T15:00:00,1786474800,131.1671,131.09,131.46,130.8742,131.18,215899,131.156883
2026-08-11 15:05:00-04:00,2026-08-11T15:05:00,1786475100,130.745,131.18,131.18,130.31,130.57,248285,130.651548
2026-08-11 15:10:00-04:00,2026-08-11T15:10:00,1786475400,130.94605,130.57,131.37,130.5221,131.16,242340,131.037814
2026-08-11 15:15:00-04:00,2026-08-11T15:15:00,1786475700,131.4,131.16,131.72,131.08,131.38,234172,131.40577
2026-08-11 15:20:00-04:00,2026-08-11T15:20:00,1786476000,131.4614,131.41,131.7,131.2228,131.44,257884,131.494199
2026-08-11 15:25:00-04:00,2026-08-11T15:25:00,1786476300,131.58499999999998,131.3939,131.97,131.2,131.88,350719,131.618767
2026-08-11 15:30:00-04:00,2026-08-11T15:30:00,1786476600,132.2825,131.88,132.725,131.84,132.305,1222453,132.373845
2026-08-11 15:35:00-04:00,2026-08-11T15:35:00,1786476900,132.48325,132.36,132.9,132.0665,132.83,443259,132.605595
2026-08-11 15:40:00-04:00,2026-08-11T15:40:00,1786477200,132.445,132.84,132.85,132.04,132.085,400819,132.449225
2026-08-11 15:45:00-04:00,2026-08-11T15:45:00,1786477500,132.23000000000002,132.11,132.53,131.93,132.294,525656,132.299399
2026-08-11 15:50:00-04:00,2026-08-11T15:50:00,1786477800,132.725,132.34,133.45,132.0,133.31,977752,132.869008
2026-08-11 15:55:00-04:00,2026-08-11T15:55:00,1786478100,133.265,133.31,133.62,132.91,133.07,1381173,133.240329
2026-08-12 09:30:00-04:00,2026-08-12T09:30:00,1786541400,145.935,147.3,147.7,144.17,144.27,3525807,146.34864
2026-08-12 09:35:00-04:00,2026-08-12T09:35:00,1786541700,144.225,144.27,145.81,142.64,143.865,1963468,144.43387
2026-08-12 09:40:00-04:00,2026-08-12T09:40:00,1786542000,143.905,143.8012,144.94,142.87,144.86,1887863,144.20832
2026-08-12 09:45:00-04:00,2026-08-12T09:45:00,1786542300,145.28745,144.87,146.9199,143.655,146.725,2056029,145.45498
2026-08-12 09:50:00-04:00,2026-08-12T09:50:00,1786542600,146.0539,146.7,147.0578,145.05,145.555,1623700,146.40114
2026-08-12 09:55:00-04:00,2026-08-12T09:55:00,1786542900,145.086,145.6,146.14,144.032,145.79,1338092,145.19074
2026-08-12 10:00:00-04:00,2026-08-12T10:00:00,1786543200,145.29000000000002,145.735,145.96,144.62,144.845,668958,145.34176
2026-08-12 10:05:00-04:00,2026-08-12T10:05:00,1786543500,145.22435000000002,144.82,145.99,144.4587,145.91,711287,145.45001
2026-08-12 10:10:00-04:00,2026-08-12T10:10:00,1786543800,145.51475,145.92,146.3295,144.7,144.8813,834274,145.53145
2026-08-12 10:15:00-04:00,2026-08-12T10:15:00,1786544100,145.41750000000002,144.87,146.09,144.745,145.1,525454,145.52691
2026-08-12 10:20:00-04:00,2026-08-12T10:20:00,1786544400,145.3525,145.0825,146.01,144.695,145.985,604710,145.37148
2026-08-12 10:25:00-04:00,2026-08-12T10:25:00,1786544700,146.259795,145.9686,146.8,145.71959,146.0,794045,146.33648
2026-08-12 10:30:00-04:00,2026-08-12T10:30:00,1786545000,144.855,145.9999,146.07,143.64,144.62,1101120,144.90252
2026-08-12 10:35:00-04:00,2026-08-12T10:35:00,1786545300,144.95,144.6,145.8,144.1,145.385,554120,145.02356
2026-08-12 10:40:00-04:00,2026-08-12T10:40:00,1786545600,145.45999999999998,145.4211,145.89,145.03,145.89,487637,145.53363
2026-08-12 10:45:00-04:00,2026-08-12T10:45:00,1786545900,145.74,145.8899,146.0,145.48,145.8,305678,145.81345
2026-08-12 10:50:00-04:00,2026-08-12T10:50:00,1786546200,144.91,145.79,145.82,144.0,144.1571,496498,144.7766
2026-08-12 10:55:00-04:00,2026-08-12T10:55:00,1786546500,144.1838,144.19,144.6376,143.73,144.375,454595,144.22959
2026-08-12 11:00:00-04:00,2026-08-12T11:00:00,1786546800,144.18779999999998,144.31,144.7456,143.63,144.465,380980,144.21375
2026-08-12 11:05:00-04:00,2026-08-12T11:05:00,1786547100,145.015,144.465,145.72,144.31,145.3,489239,145.15555
2026-08-12 11:10:00-04:00,2026-08-12T11:10:00,1786547400,145.48000000000002,145.315,146.09,144.87,145.8,431481,145.68748
2026-08-12 11:15:00-04:00,2026-08-12T11:15:00,1786547700,145.66535,145.78,145.99,145.3407,145.605,208024,145.69381
2026-08-12 11:20:00-04:00,2026-08-12T11:20:00,1786548000,145.33935000000002,145.6675,145.8,144.8787,145.06,216681,145.27649
2026-08-12 11:25:00-04:00,2026-08-12T11:25:00,1786548300,145.26999999999998,145.07,145.65,144.89,145.65,130737,145.19193
2026-08-12 11:30:00-04:00,2026-08-12T11:30:00,1786548600,145.06504999999999,145.65,145.71,144.4201,144.79,246781,145.03807
2026-08-12 11:35:00-04:00,2026-08-12T11:35:00,1786548900,144.675,144.7515,145.15,144.2,144.3014,255607,144.77036
2026-08-12 11:40:00-04:00,2026-08-12T11:40:00,1786549200,144.0479,144.25,144.3958,143.7,143.8495,430137,144.07555
2026-08-12 11:45:00-04:00,2026-08-12T11:45:00,1786549500,143.635,143.82,143.97,143.3,143.9425,326621,143.6561
2026-08-12 11:50:00-04:00,2026-08-12T11:50:00,1786549800,144.095,143.915,144.51,143.68,144.05,282229,144.18092
2026-08-12 11:55:00-04:00,2026-08-12T11:55:00,1786550100,144.08125,144.025,144.3372,143.8253,144.28,159664,144.08656
2026-08-12 12:00:00-04:00,2026-08-12T12:00:00,1786550400,144.68,144.265,145.11,144.25,144.86,329483,144.81135
2026-08-12 12:05:00-04:00,2026-08-12T12:05:00,1786550700,145.065,144.86,145.27,144.86,145.23,226082,145.0381
2026-08-12 12:10:00-04:00,2026-08-12T12:10:00,1786551000,145.1255,145.28,145.33,144.921,145.09,156860,145.17368
2026-08-12 12:15:00-04:00,2026-08-12T12:15:00,1786551300,144.94004999999999,145.1,145.2,144.6801,144.7776,155754,144.91148
2026-08-12 12:20:00-04:00,2026-08-12T12:20:00,1786551600,145.075,144.7205,145.48,144.67,145.46,268020,145.22086
2026-08-12 12:25:00-04:00,2026-08-12T12:25:00,1786551900,145.24,145.5,145.58,144.9,144.9501,249561,145.25797
2026-08-12 12:30:00-04:00,2026-08-12T12:30:00,1786552200,144.74,145.0011,145.05,144.43,144.44,237342,144.70514
2026-08-12 12:35:00-04:00,2026-08-12T12:35:00,1786552500,144.74,144.43,145.16,144.32,145.13,221551,144.74399
2026-08-12 12:40:00-04:00,2026-08-12T12:40:00,1786552800,145.025,145.15,145.34,144.71,144.8958,234089,145.09632
2026-08-12 12:45:00-04:00,2026-08-12T12:45:00,1786553100,144.95499999999998,144.93,145.1,144.81,144.97,193820,144.97955
2026-08-12 12:50:00-04:00,2026-08-12T12:50:00,1786553400,145.21195,145.0002,145.48,144.9439,145.4125,246371,145.28119
2026-08-12 12:55:00-04:00,2026-08-12T12:55:00,1786553700,145.34895,145.43,145.47,145.2279,145.3961,191232,145.38556
2026-08-12 13:00:00-04:00,2026-08-12T13:00:00,1786554000,145.6653,145.41,145.9299,145.4007,145.873,362472,145.71752
2026-08-12 13:05:00-04:00,2026-08-12T13:05:00,1786554300,145.655,145.92,145.99,145.32,145.43,283723,145.78995
2026-08-12 13:10:00-04:00,2026-08-12T13:10:00,1786554600,145.3078,145.45,145.4867,145.1289,145.4305,190304,145.32049
2026-08-12 13:15:00-04:00,2026-08-12T13:15:00,1786554900,145.195,145.48,145.48,144.91,145.43,140172,145.17638
2026-08-12 13:20:00-04:00,2026-08-12T13:20:00,1786555200,145.5038,145.4638,145.6776,145.33,145.58,101582,145.52626
2026-08-12 13:25:00-04:00,2026-08-12T13:25:00,1786555500,145.715,145.6,145.9,145.53,145.77,130298,145.75109
2026-08-12 13:30:00-04:00,2026-08-12T13:30:00,1786555800,145.82,145.8,145.98,145.66,145.81,120123,145.84125
2026-08-12 13:35:00-04:00,2026-08-12T13:35:00,1786556100,146.03005000000002,145.7601,146.3,145.7601,146.295,284834,146.08504
2026-08-12 13:40:00-04:00,2026-08-12T13:40:00,1786556400,146.475,146.3,146.73,146.22,146.69,322088,146.52545
2026-08-12 13:45:00-04:00,2026-08-12T13:45:00,1786556700,146.71025,146.64,146.82,146.6005,146.78,221622,146.71294
2026-08-12 13:50:00-04:00,2026-08-12T13:50:00,1786557000,146.76749999999998,146.775,147.1,146.435,146.49,509903,146.8564
2026-08-12 13:55:00-04:00,2026-08-12T13:55:00,1786557300,146.6225,146.4953,146.78,146.465,146.67,181478,146.62459
2026-08-12 14:00:00-04:00,2026-08-12T14:00:00,1786557600,146.29000000000002,146.68,146.8,145.78,145.86,344104,146.18759
2026-08-12 14:05:00-04:00,2026-08-12T14:05:00,1786557900,145.74,145.85,145.98,145.5,145.79,321116,145.7145
2026-08-12 14:10:00-04:00,2026-08-12T14:10:00,1786558200,146.02005,145.79,146.38,145.6601,145.955,198957,146.01966
2026-08-12 14:15:00-04:00,2026-08-12T14:15:00,1786558500,146.03,145.94,146.2,145.86,146.03,106028,146.00674
2026-08-12 14:20:00-04:00,2026-08-12T14:20:00,1786558800,146.0779,146.01,146.3158,145.84,146.3158,88130,146.13744
2026-08-12 14:25:00-04:00,2026-08-12T14:25:00,1786559100,146.16,146.3114,146.42,145.9,145.95,133847,146.16361
2026-08-12 14:30:00-04:00,2026-08-12T14:30:00,1786559400,146.06,145.95833,146.27,145.85,145.85,160248,146.08677
2026-08-12 14:35:00-04:00,2026-08-12T14:35:00,1786559700,145.92000000000002,145.865,146.04,145.8,145.83826,105428,145.93562
2026-08-12 14:40:00-04:00,2026-08-12T14:40:00,1786560000,146.1551,145.93,146.4002,145.91,145.965,124146,146.16871
2026-08-12 14:45:00-04:00,2026-08-12T14:45:00,1786560300,145.7575,145.94,145.965,145.55,145.715,164998,145.73981
2026-08-12 14:50:00-04:00,2026-08-12T14:50:00,1786560600,145.745,145.7466,145.9,145.59,145.63,107510,145.75857
2026-08-12 14:55:00-04:00,2026-08-12T14:55:00,1786560900,145.31555,145.6172,145.6311,145.0,145.295,289635,145.26833
2026-08-12 15:00:00-04:00,2026-08-12T15:00:00,1786561200,145.28924999999998,145.29,145.6985,144.88,144.995,214039,145.23344
2026-08-12 15:05:00-04:00,2026-08-12T15:05:00,1786561500,145.20940000000002,144.945,145.5188,144.9,144.96,259489,145.13897
2026-08-12 15:10:00-04:00,2026-08-12T15:10:00,1786561800,144.90815,144.9389,145.15,144.6663,144.9699,228537,144.89113
2026-08-12 15:15:00-04:00,2026-08-12T15:15:00,1786562100,145.2938,144.92,145.6776,144.91,145.24504,424073,145.37189
2026-08-12 15:20:00-04:00,2026-08-12T15:20:00,1786562400,144.69205,145.24,145.2841,144.1,144.135,472485,144.58525
2026-08-12 15:25:00-04:00,2026-08-12T15:25:00,1786562700,143.91,144.1532,144.35,143.47,143.87,604990,143.84479
2026-08-12 15:30:00-04:00,2026-08-12T15:30:00,1786563000,143.245,143.82,143.82,142.67,143.38,2208647,143.11116
2026-08-12 15:35:00-04:00,2026-08-12T15:35:00,1786563300,143.295,143.3838,143.7,142.89,143.22,655213,143.2292
2026-08-12 15:40:00-04:00,2026-08-12T15:40:00,1786563600,142.87150000000003,143.3,143.443,142.3,142.6495,740583,142.84396
2026-08-12 15:45:00-04:00,2026-08-12T15:45:00,1786563900,143.01999999999998,142.63,143.45,142.59,143.35,777630,142.94878
2026-08-12 15:50:00-04:00,2026-08-12T15:50:00,1786564200,143.065,143.31,143.5,142.63,142.99,1133651,142.96826
2026-08-12 15:55:00-04:00,2026-08-12T15:55:00,1786564500,142.46699999999998,143.0,143.04,141.894,142.23,2350328,142.25232
2026-08-13 09:30:00-04:00,2026-08-13T09:30:00,1786627800,143.07995,142.16,144.3199,141.84,144.2007,1446239,143.29026
2026-08-13 09:35:00-04:00,2026-08-13T09:35:00,1786628100,145.27,144.215,146.8,143.74,146.54,1886091,145.67851
2026-08-13 09:40:00-04:00,2026-08-13T09:40:00,1786628400,145.85000000000002,146.54,146.8,144.9,145.5399,963710,146.02188
2026-08-13 09:45:00-04:00,2026-08-13T09:45:00,1786628700,146.89,145.505,148.58,145.2,148.3866,1737192,147.6602
2026-08-13 09:50:00-04:00,2026-08-13T09:50:00,1786629000,148.155,148.32,149.0,147.31,148.28,1129531,148.23524
2026-08-13 09:55:00-04:00,2026-08-13T09:55:00,1786629300,148.7414,148.27,149.9,147.5828,149.755,1495801,149.10559
2026-08-13 10:00:00-04:00,2026-08-13T10:00:00,1786629600,149.3,149.74,149.89,148.71,149.4795,1504119,149.36685
2026-08-13 10:05:00-04:00,2026-08-13T10:05:00,1786629900,149.14499999999998,149.3932,149.88,148.41,148.98,889795,149.07552
2026-08-13 10:10:00-04:00,2026-08-13T10:10:00,1786630200,149.425,148.985,150.0,148.85,149.515,1170161,149.68714
2026-08-13 10:15:00-04:00,2026-08-13T10:15:00,1786630500,149.305,149.58,150.0,148.61,148.65,723176,149.43954
2026-08-13 10:20:00-04:00,2026-08-13T10:20:00,1786630800,148.99,148.6766,149.76,148.22,149.4,778053,149.09065
2026-08-13 10:25:00-04:00,2026-08-13T10:25:00,1786631100,150.005,149.47,150.91,149.1,150.71,985215,150.06466
2026-08-13 10:30:00-04:00,2026-08-13T10:30:00,1786631400,151.1341,150.7,151.7996,150.4686,151.725,975772,151.20495
2026-08-13 10:35:00-04:00,2026-08-13T10:35:00,1786631700,151.365,151.74,151.92,150.81,151.705,674687,151.47014
2026-08-13 10:40:00-04:00,2026-08-13T10:40:00,1786632000,151.48905000000002,151.71,151.8,151.1781,151.33,456616,151.50189
2026-08-13 10:45:00-04:00,2026-08-13T10:45:00,1786632300,151.39,151.3,152.0,150.78,151.49,753940,151.60737
2026-08-13 10:50:00-04:00,2026-08-13T10:50:00,1786632600,151.45125000000002,151.49,151.83,151.0725,151.8,429588,151.44889
2026-08-13 10:55:00-04:00,2026-08-13T10:55:00,1786632900,151.41,151.72,151.85,150.97,151.34,490055,151.42797
2026-08-13 11:00:00-04:00,2026-08-13T11:00:00,1786633200,151.98000000000002,151.37,152.86,151.1,151.73,1012739,152.10156
2026-08-13 11:05:00-04:00,2026-08-13T11:05:00,1786633500,152.3058,151.74,152.8716,151.74,152.57,486825,152.4968
2026-08-13 11:10:00-04:00,2026-08-13T11:10:00,1786633800,152.97500000000002,152.5797,153.65,152.3,152.9,800937,153.04872
2026-08-13 11:15:00-04:00,2026-08-13T11:15:00,1786634100,152.725,152.89,153.25,152.2,152.96,635410,152.80583
2026-08-13 11:20:00-04:00,2026-08-13T11:20:00,1786634400,153.49495000000002,152.955,154.1299,152.86,153.81,887772,153.7341
2026-08-13 11:25:00-04:00,2026-08-13T11:25:00,1786634700,153.51995,153.81,154.0499,152.99,153.05,606041,153.49625
2026-08-13 11:30:00-04:00,2026-08-13T11:30:00,1786635000,152.005,153.08,153.35,150.66,150.7438,1163154,152.15
2026-08-13 11:35:00-04:00,2026-08-13T11:35:00,1786635300,150.79584999999997,150.72,151.7017,149.89,150.8,1082425,150.70763
2026-08-13 11:40:00-04:00,2026-08-13T11:40:00,1786635600,151.00979999999998,150.815,151.7496,150.27,151.055,568448,151.19844
2026-08-13 11:45:00-04:00,2026-08-13T11:45:00,1786635900,150.34,151.05,151.05,149.63,150.14,674814,150.20179
2026-08-13 11:50:00-04:00,2026-08-13T11:50:00,1786636200,149.565,150.19,150.4,148.73,149.11,732653,149.34682
2026-08-13 11:55:00-04:00,2026-08-13T11:55:00,1786636500,149.6,149.12,150.22,148.98,149.7099,459567,149.51397
2026-08-13 12:00:00-04:00,2026-08-13T12:00:00,1786636800,150.45999999999998,149.718,151.25,149.67,150.81,563646,150.72715
2026-08-13 12:05:00-04:00,2026-08-13T12:05:00,1786637100,151.39499999999998,150.8301,151.97,150.82,151.62,370682,151.54054
2026-08-13 12:10:00-04:00,2026-08-13T12:10:00,1786637400,151.12,151.59,151.75,150.49,150.575,293260,151.22321
2026-08-13 12:15:00-04:00,2026-08-13T12:15:00,1786637700,151.002,150.565,151.45,150.554,150.8486,215925,150.99042
2026-08-13 12:20:00-04:00,2026-08-13T12:20:00,1786638000,151.305,150.898,152.0,150.61,151.8399,285815,151.51942
2026-08-13 12:25:00-04:00,2026-08-13T12:25:00,1786638300,152.12625,151.84,152.4475,151.805,152.25,320080,152.19807
2026-08-13 12:30:00-04:00,2026-08-13T12:30:00,1786638600,152.5775,152.3,152.88,152.275,152.3684,293141,152.63526
2026-08-13 12:35:00-04:00,2026-08-13T12:35:00,1786638900,151.82575,152.35,152.4615,151.19,151.5001,313995,151.96399
2026-08-13 12:40:00-04:00,2026-08-13T12:40:00,1786639200,151.7375,151.6061,152.13,151.345,151.795,174491,151.77098
2026-08-13 12:45:00-04:00,2026-08-13T12:45:00,1786639500,151.8125,151.7725,152.0,151.625,151.77,133529,151.78507
2026-08-13 12:50:00-04:00,2026-08-13T12:50:00,1786639800,151.5,151.77,152.0,151.0,151.006,217645,151.37264
2026-08-13 12:55:00-04:00,2026-08-13T12:55:00,1786640100,151.285,151.0,151.75,150.82,151.7193,155107,151.25256
2026-08-13 13:00:00-04:00,2026-08-13T13:00:00,1786640400,152.14375,151.7,152.68,151.6075,152.54,246093,152.31481
2026-08-13 13:05:00-04:00,2026-08-13T13:05:00,1786640700,152.7,152.53,152.98,152.42,152.78,256288,152.70531
2026-08-13 13:10:00-04:00,2026-08-13T13:10:00,1786641000,152.7775,152.78,152.945,152.61,152.72,195170,152.79598
2026-08-13 13:15:00-04:00,2026-08-13T13:15:00,1786641300,153.07,152.7,153.5,152.64,153.46,483203,153.13641
2026-08-13 13:20:00-04:00,2026-08-13T13:20:00,1786641600,153.32954999999998,153.4605,153.5641,153.095,153.2,243203,153.31389
2026-08-13 13:25:00-04:00,2026-08-13T13:25:00,1786641900,153.155,153.23,153.4,152.91,152.96,178977,153.17589
2026-08-13 13:30:00-04:00,2026-08-13T13:30:00,1786642200,153.005,152.96,153.1995,152.8105,152.9,134232,153.01306
2026-08-13 13:35:00-04:00,2026-08-13T13:35:00,1786642500,152.86,152.88,153.08,152.64,152.82,136886,152.87999
2026-08-13 13:40:00-04:00,2026-08-13T13:40:00,1786642800,152.755,152.83,153.03,152.48,152.52,140436,152.73825
2026-08-13 13:45:00-04:00,2026-08-13T13:45:00,1786643100,152.68,152.52,152.87,152.49,152.545,126424,152.66503
2026-08-13 13:50:00-04:00,2026-08-13T13:50:00,1786643400,152.235,152.56,152.74,151.73,151.9012,228646,152.16561
2026-08-13 13:55:00-04:00,2026-08-13T13:55:00,1786643700,152.065,151.84,152.33,151.8,151.8165,189812,152.02434
2026-08-13 14:00:00-04:00,2026-08-13T14:00:00,1786644000,151.79500000000002,151.85,152.07,151.52,151.75,168494,151.80508
2026-08-13 14:05:00-04:00,2026-08-13T14:05:00,1786644300,151.575,151.75,152.0,151.15,151.3258,190572,151.50837
2026-08-13 14:10:00-04:00,2026-08-13T14:10:00,1786644600,151.15249999999997,151.28,151.415,150.89,150.94,206858,151.09286
2026-08-13 14:15:00-04:00,2026-08-13T14:15:00,1786644900,151.1925,150.945,151.455,150.93,150.97,175246,151.23071
2026-08-13 14:20:00-04:00,2026-08-13T14:20:00,1786645200,150.94,150.98,151.26,150.62,150.695,170128,150.95443
2026-08-13 14:25:00-04:00,2026-08-13T14:25:00,1786645500,150.8725,150.705,151.13,150.615,150.88,158694,150.90687
2026-08-13 14:30:00-04:00,2026-08-13T14:30:00,1786645800,151.14499999999998,150.9,151.5,150.79,151.04,304268,151.1948
2026-08-13 14:35:00-04:00,2026-08-13T14:35:00,1786646100,150.86,151.1,151.12,150.6,150.6,184063,150.84572
2026-08-13 14:40:00-04:00,2026-08-13T14:40:00,1786646400,150.1925,150.6,150.725,149.66,149.825,358216,150.10162
2026-08-13 14:45:00-04:00,2026-08-13T14:45:00,1786646700,150.225,149.83,150.79,149.66,150.31,307393,150.36384
2026-08-13 14:50:00-04:00,2026-08-13T14:50:00,1786647000,150.25,150.35,150.5,150.0,150.0801,333623,150.16984
2026-08-13 14:55:00-04:00,2026-08-13T14:55:00,1786647300,149.985,150.06,150.25,149.72,150.14,240569,149.94877
2026-08-13 15:00:00-04:00,2026-08-13T15:00:00,1786647600,150.0,150.08,150.77,149.23,149.315,325329,149.99569
2026-08-13 15:05:00-04:00,2026-08-13T15:05:00,1786647900,149.51999999999998,149.315,149.97,149.07,149.55,275046,149.54913
2026-08-13 15:10:00-04:00,2026-08-13T15:10:00,1786648200,148.985,149.55,149.6,148.37,148.43,529256,148.92677
2026-08-13 15:15:00-04:00,2026-08-13T15:15:00,1786648500,148.26999999999998,148.43,148.88,147.66,148.8551,711215,148.22075
2026-08-13 15:20:00-04:00,2026-08-13T15:20:00,1786648800,148.40499999999997,148.86,148.92,147.89,147.89,359518,148.49655
2026-08-13 15:25:00-04:00,2026-08-13T15:25:00,1786649100,147.55,147.88,147.96,147.14,147.29,495484,147.49912
2026-08-13 15:30:00-04:00,2026-08-13T15:30:00,1786649400,146.69,147.28,147.35,146.03,146.3884,1466547,146.71559
2026-08-13 15:35:00-04:00,2026-08-13T15:35:00,1786649700,146.375,146.32,146.81,145.94,146.36,681110,146.38383
2026-08-13 15:40:00-04:00,2026-08-13T15:40:00,1786650000,145.8988,146.39,146.5476,145.25,145.37,716448,145.94365
2026-08-13 15:45:00-04:00,2026-08-13T15:45:00,1786650300,145.47494999999998,145.34,145.8099,145.14,145.54,656627,145.51198
2026-08-13 15:50:00-04:00,2026-08-13T15:50:00,1786650600,145.10000000000002,145.53,145.62,144.58,144.77,1197961,145.01526
2026-08-13 15:55:00-04:00,2026-08-13T15:55:00,1786650900,144.815,144.84,145.49,144.14,145.49,1488722,144.95481
2026-08-14 09:30:00-04:00,2026-08-14T09:30:00,1786714200,143.55,143.79,145.0,142.1,142.1,1648658,143.73007
2026-08-14 09:35:00-04:00,2026-08-14T09:35:00,1786714500,142.48000000000002,142.1,143.6,141.36,143.545,1432702,142.29392
2026-08-14 09:40:00-04:00,2026-08-14T09:40:00,1786714800,144.615,143.59,146.0,143.23,145.82,1572965,144.70364
2026-08-14 09:45:00-04:00,2026-08-14T09:45:00,1786715100,145.20999999999998,145.75,146.22,144.2,144.772,1540666,145.59803
2026-08-14 09:50:00-04:00,2026-08-14T09:50:00,1786715400,145.37505,144.8,146.2,144.5501,145.38,851036,145.403
2026-08-14 09:55:00-04:00,2026-08-14T09:55:00,1786715700,144.76,145.43,145.79,143.73,144.16,729764,144.74339
2026-08-14 10:00:00-04:00,2026-08-14T10:00:00,1786716000,144.47,143.91,145.79,143.15,145.72,727726,144.75633
2026-08-14 10:05:00-04:00,2026-08-14T10:05:00,1786716300,145.7,145.65,146.65,144.75,145.49,872255,145.88271
2026-08-14 10:10:00-04:00,2026-08-14T10:10:00,1786716600,145.72,145.5,146.48,144.96,145.7,631593,145.82362
2026-08-14 10:15:00-04:00,2026-08-14T10:15:00,1786716900,144.485,145.67,145.9,143.07,143.155,1089088,144.22217
2026-08-14 10:20:00-04:00,2026-08-14T10:20:00,1786717200,143.04,143.155,143.95,142.13,142.4742,1067299,143.0403
2026-08-14 10:25:00-04:00,2026-08-14T10:25:00,1786717500,142.625,142.53,143.3,141.95,143.1399,842082,142.50483
2026-08-14 10:30:00-04:00,2026-08-14T10:30:00,1786717800,142.9,143.14,143.75,142.05,143.4979,687846,143.05136
2026-08-14 10:35:00-04:00,2026-08-14T10:35:00,1786718100,144.17,143.5,144.92,143.42,144.645,656334,144.22314
2026-08-14 10:40:00-04:00,2026-08-14T10:40:00,1786718400,144.42000000000002,144.6,144.98,143.86,144.75,328850,144.56656
2026-08-14 10:45:00-04:00,2026-08-14T10:45:00,1786718700,144.4,144.78,144.96,143.84,144.035,372097,144.34908
2026-08-14 10:50:00-04:00,2026-08-14T10:50:00,1786719000,144.18,144.025,144.6,143.76,144.0282,300400,144.20578
2026-08-14 10:55:00-04:00,2026-08-14T10:55:00,1786719300,143.83100000000002,143.92,144.28,143.382,143.42,289481,143.78916
2026-08-14 11:00:00-04:00,2026-08-14T11:00:00,1786719600,143.2135,143.395,143.83,142.597,142.8958,464770,143.106
2026-08-14 11:05:00-04:00,2026-08-14T11:05:00,1786719900,142.81,142.895,143.24,142.38,142.61,365246,142.77699
2026-08-14 11:10:00-04:00,2026-08-14T11:10:00,1786720200,142.55,142.65,143.1,142.0,142.01,424572,142.52747
2026-08-14 11:15:00-04:00,2026-08-14T11:15:00,1786720500,142.25504999999998,142.0,142.59,141.9201,142.05,387143,142.23785
2026-08-14 11:20:00-04:00,2026-08-14T11:20:00,1786720800,140.7428,142.07,142.2156,139.27,139.51,1315282,140.55322
2026-08-14 11:25:00-04:00,2026-08-14T11:25:00,1786721100,140.02499999999998,139.52,141.13,138.92,140.9653,1070242,139.78552
2026-08-14 11:30:00-04:00,2026-08-14T11:30:00,1786721400,140.5314,140.98,141.13,139.9328,140.35,487799,140.48536
2026-08-14 11:35:00-04:00,2026-08-14T11:35:00,1786721700,140.28750000000002,140.378,140.745,139.83,139.93,325641,140.26227
2026-08-14 11:40:00-04:00,2026-08-14T11:40:00,1786722000,139.4625,140.0,140.025,138.9,139.6376,544611,139.27486
2026-08-14 11:45:00-04:00,2026-08-14T11:45:00,1786722300,139.65,139.625,140.3,139.0,139.38,452924,139.7239
2026-08-14 11:50:00-04:00,2026-08-14T11:50:00,1786722600,139.5968,139.38,140.2336,138.96,139.985,347515,139.6393
2026-08-14 11:55:00-04:00,2026-08-14T11:55:00,1786722900,140.3082,139.97,140.7164,139.9,140.3,408534,140.36853
2026-08-14 12:00:00-04:00,2026-08-14T12:00:00,1786723200,140.7425,140.31,141.2,140.285,140.9004,374312,140.90362
2026-08-14 12:05:00-04:00,2026-08-14T12:05:00,1786723500,140.67000000000002,140.85,141.0,140.34,140.6012,231837,140.65019
2026-08-14 12:10:00-04:00,2026-08-14T12:10:00,1786723800,140.875,140.6,141.4,140.35,141.22,247453,141.0876
2026-08-14 12:15:00-04:00,2026-08-14T12:15:00,1786724100,141.4875,141.2,141.78,141.195,141.675,317360,141.54973
2026-08-14 12:20:00-04:00,2026-08-14T12:20:00,1786724400,141.655,141.6562,141.91,141.4,141.885,200022,141.74661
2026-08-14 12:25:00-04:00,2026-08-14T12:25:00,1786724700,142.0103,141.86,142.26,141.7606,141.96,293552,142.02797
2026-08-14 12:30:00-04:00,2026-08-14T12:30:00,1786725000,141.44495,141.93,142.0399,140.85,141.2707,340510,141.39473
2026-08-14 12:35:00-04:00,2026-08-14T12:35:00,1786725300,141.69,141.3,142.21,141.17,141.53,297878,141.75365
2026-08-14 12:40:00-04:00,2026-08-14T12:40:00,1786725600,141.27445,141.48,141.59,140.9589,141.2,170403,141.20487
2026-08-14 12:45:00-04:00,2026-08-14T12:45:00,1786725900,141.28195,141.15,141.5858,140.9781,141.525,169971,141.26504
2026-08-14 12:50:00-04:00,2026-08-14T12:50:00,1786726200,141.0478,141.4738,141.4855,140.6101,140.89,148647,141.02336
2026-08-14 12:55:00-04:00,2026-08-14T12:55:00,1786726500,140.8239,140.88,141.0678,140.58,140.68,153265,140.77305
2026-08-14 13:00:00-04:00,2026-08-14T13:00:00,1786726800,140.755,140.67,141.05,140.46,140.8867,159460,140.72189
2026-08-14 13:05:00-04:00,2026-08-14T13:05:00,1786727100,141.07895000000002,140.912,141.4196,140.7383,141.31,175764,141.13885
2026-08-14 13:10:00-04:00,2026-08-14T13:10:00,1786727400,141.095,141.3699,141.49,140.7,140.8296,124771,141.09687
2026-08-14 13:15:00-04:00,2026-08-14T13:15:00,1786727700,140.76,140.82,141.02,140.5,140.8,96369,140.76847
2026-08-14 13:20:00-04:00,2026-08-14T13:20:00,1786728000,140.48025,140.81,140.95,140.0105,140.06,203972,140.49257
2026-08-14 13:25:00-04:00,2026-08-14T13:25:00,1786728300,140.05,140.06,140.3,139.8,140.2514,216657,140.03327
2026-08-14 13:30:00-04:00,2026-08-14T13:30:00,1786728600,140.31565,140.31,140.6,140.0313,140.53,126952,140.42963
2026-08-14 13:35:00-04:00,2026-08-14T13:35:00,1786728900,140.37,140.49,140.83,139.91,140.11,159785,140.32285
2026-08-14 13:40:00-04:00,2026-08-14T13:40:00,1786729200,140.08,140.0,140.36,139.8,140.11,123015,140.05728
2026-08-14 13:45:00-04:00,2026-08-14T13:45:00,1786729500,140.1307,140.14,140.2814,139.98,140.0,83533,140.13902
2026-08-14 13:50:00-04:00,2026-08-14T13:50:00,1786729800,140.115,139.97,140.42,139.81,140.29,131336,140.12463
2026-08-14 13:55:00-04:00,2026-08-14T13:55:00,1786730100,140.285,140.285,140.54,140.03,140.4,115036,140.32408
2026-08-14 14:00:00-04:00,2026-08-14T14:00:00,1786730400,140.54500000000002,140.42,140.93,140.16,140.88,153412,140.60405
2026-08-14 14:05:00-04:00,2026-08-14T14:05:00,1786730700,140.97505,140.865,141.25,140.7001,141.245,212795,140.93286
2026-08-14 14:10:00-04:00,2026-08-14T14:10:00,1786731000,141.01,141.24,141.3,140.72,140.76,154044,140.99877
2026-08-14 14:15:00-04:00,2026-08-14T14:15:00,1786731300,140.99495,140.78,141.2299,140.76,140.925,86686,141.01869
2026-08-14 14:20:00-04:00,2026-08-14T14:20:00,1786731600,140.92000000000002,140.91,141.1,140.74,140.83,80956,140.90942
2026-08-14 14:25:00-04:00,2026-08-14T14:25:00,1786731900,141.01,140.78,141.24,140.78,140.82,117560,140.98484
2026-08-14 14:30:00-04:00,2026-08-14T14:30:00,1786732200,140.89499999999998,140.8,141.22,140.57,141.22,188438,141.03531
2026-08-14 14:35:00-04:00,2026-08-14T14:35:00,1786732500,141.20499999999998,141.22,141.46,140.95,141.44,159088,141.25581
2026-08-14 14:40:00-04:00,2026-08-14T14:40:00,1786732800,141.615,141.42,141.86,141.37,141.76,272102,141.68326
2026-08-14 14:45:00-04:00,2026-08-14T14:45:00,1786733100,141.56,141.745,141.79,141.33,141.62,165231,141.54278
2026-08-14 14:50:00-04:00,2026-08-14T14:50:00,1786733400,141.8979,141.62,142.2658,141.53,141.715,306177,141.92717
2026-08-14 14:55:00-04:00,2026-08-14T14:55:00,1786733700,141.55874999999997,141.67,141.7,141.4175,141.46,99683,141.52114
2026-08-14 15:00:00-04:00,2026-08-14T15:00:00,1786734000,141.45335,141.49,141.6567,141.25,141.5501,150866,141.4856
2026-08-14 15:05:00-04:00,2026-08-14T15:05:00,1786734300,141.99734999999998,141.6199,142.4247,141.57,142.37,306872,141.97913
2026-08-14 15:10:00-04:00,2026-08-14T15:10:00,1786734600,142.235,142.37,142.52,141.95,142.12,412135,142.26308
2026-08-14 15:15:00-04:00,2026-08-14T15:15:00,1786734900,142.41,142.115,142.75,142.07,142.55,418249,142.45448
2026-08-14 15:20:00-04:00,2026-08-14T15:20:00,1786735200,142.7,142.59,143.0,142.4,142.907,512855,142.72558
2026-08-14 15:25:00-04:00,2026-08-14T15:25:00,1786735500,143.22,142.91,143.64,142.8,143.18,648518,143.24094
2026-08-14 15:30:00-04:00,2026-08-14T15:30:00,1786735800,143.215,143.19,143.63,142.8,143.09,1980171,143.34176
2026-08-14 15:35:00-04:00,2026-08-14T15:35:00,1786736100,143.405,143.075,143.81,143.0,143.7,579619,143.38515
2026-08-14 15:40:00-04:00,2026-08-14T15:40:00,1786736400,143.96,143.74,144.31,143.61,143.615,770575,143.95597
2026-08-14 15:45:00-04:00,2026-08-14T15:45:00,1786736700,143.72495,143.69,144.1499,143.3,144.1,636946,143.83109
2026-08-14 15:50:00-04:00,2026-08-14T15:50:00,1786737000,144.3,144.07,144.54,144.06,144.3737,1208537,144.30144
2026-08-14 15:55:00-04:00,2026-08-14T15:55:00,1786737300,144.515,144.42,145.18,143.85,145.0,1513535,144.52505
2026-08-17 09:30:00-04:00,2026-08-17T09:30:00,1786973400,151.375,150.605,152.74,150.01,150.9457,1955281,151.42357
2026-08-17 09:35:00-04:00,2026-08-17T09:35:00,1786973700,150.41,150.95,151.92,148.9,149.76,1076926,150.55747
2026-08-17 09:40:00-04:00,2026-08-17T09:40:00,1786974000,151.1,149.69,152.6,149.6,152.2308,1085963,151.65337
2026-08-17 09:45:00-04:00,2026-08-17T09:45:00,1786974300,152.16405,152.29,153.08,151.2481,153.0795,1128953,152.24363
2026-08-17 09:50:00-04:00,2026-08-17T09:50:00,1786974600,153.15625,153.0224,153.87,152.4425,153.1112,977557,153.24337
2026-08-17 09:55:00-04:00,2026-08-17T09:55:00,1786974900,153.0625,153.15,153.66,152.465,153.3,609242,153.05577
2026-08-17 10:00:00-04:00,2026-08-17T10:00:00,1786975200,152.615,153.3404,153.47,151.76,152.45,663914,152.69466
2026-08-17 10:05:00-04:00,2026-08-17T10:05:00,1786975500,152.02,152.5,152.8,151.24,152.2894,609584,152.0163
2026-08-17 10:10:00-04:00,2026-08-17T10:10:00,1786975800,152.68,152.32,153.1,152.26,152.94,557597,152.82969
2026-08-17 10:15:00-04:00,2026-08-17T10:15:00,1786976100,152.03,152.9,152.9,151.16,151.43,542804,151.9629
2026-08-17 10:20:00-04:00,2026-08-17T10:20:00,1786976400,151.72155,151.475,152.4248,151.0183,152.12,479674,151.5847
2026-08-17 10:25:00-04:00,2026-08-17T10:25:00,1786976700,152.38,152.13,152.9,151.86,152.8,397943,152.40124
2026-08-17 10:30:00-04:00,2026-08-17T10:30:00,1786977000,152.9384,152.84,153.2968,152.58,153.14,466421,152.97556
2026-08-17 10:35:00-04:00,2026-08-17T10:35:00,1786977300,152.925,153.18,153.25,152.6,153.0,320018,152.9644
2026-08-17 10:40:00-04:00,2026-08-17T10:40:00,1786977600,153.17000000000002,152.985,153.55,152.79,153.26,386822,153.24915
2026-08-17 10:45:00-04:00,2026-08-17T10:45:00,1786977900,154.03,153.365,154.7,153.36,154.098,918661,154.13433
2026-08-17 10:50:00-04:00,2026-08-17T10:50:00,1786978200,154.53,154.08,154.98,154.08,154.3401,615874,154.60754
2026-08-17 10:55:00-04:00,2026-08-17T10:55:00,1786978500,154.925,154.4,155.48,154.37,155.46,806403,155.02613
2026-08-17 11:00:00-04:00,2026-08-17T11:00:00,1786978800,155.8,155.47,156.57,155.03,156.3401,745537,155.85251
2026-08-17 11:05:00-04:00,2026-08-17T11:05:00,1786979100,156.3621,156.36,156.9242,155.8,155.88,817498,156.47609
2026-08-17 11:10:00-04:00,2026-08-17T11:10:00,1786979400,155.96,155.888,156.49,155.43,155.47,411575,156.01479
2026-08-17 11:15:00-04:00,2026-08-17T11:15:00,1786979700,155.77499999999998,155.48,156.23,155.32,156.09,287246,155.88058
2026-08-17 11:20:00-04:00,2026-08-17T11:20:00,1786980000,156.22039999999998,156.1,156.5195,155.9213,156.37,245187,156.27275
2026-08-17 11:25:00-04:00,2026-08-17T11:25:00,1786980300,156.10000000000002,156.36,156.58,155.62,156.2211,359023,156.21124
2026-08-17 11:30:00-04:00,2026-08-17T11:30:00,1786980600,156.085,156.27,156.37,155.8,155.846,204579,156.03228
2026-08-17 11:35:00-04:00,2026-08-17T11:35:00,1786980900,155.46495,155.89,156.0799,154.85,154.9,441727,155.52562
2026-08-17 11:40:00-04:00,2026-08-17T11:40:00,1786981200,155.095,154.9199,155.5638,154.6262,155.265,315884,155.04414
2026-08-17 11:45:00-04:00,2026-08-17T11:45:00,1786981500,155.42000000000002,155.26,155.74,155.1,155.2651,237349,155.36137
2026-08-17 11:50:00-04:00,2026-08-17T11:50:00,1786981800,155.67534999999998,155.34,156.23,155.1207,156.02,312727,155.80599
2026-08-17 11:55:00-04:00,2026-08-17T11:55:00,1786982100,156.015,156.0075,156.25,155.78,156.1205,253796,156.06754
2026-08-17 12:00:00-04:00,2026-08-17T12:00:00,1786982400,155.96499999999997,156.165,156.29,155.64,155.88,189148,155.93463
2026-08-17 12:05:00-04:00,2026-08-17T12:05:00,1786982700,155.71,155.8988,156.12,155.3,155.69,200114,155.74727
2026-08-17 12:10:00-04:00,2026-08-17T12:10:00,1786983000,155.37,155.7186,155.76,154.98,155.01,188429,155.28174
2026-08-17 12:15:00-04:00,2026-08-17T12:15:00,1786983300,155.23000000000002,154.97,155.61,154.85,155.51,166255,155.31836
2026-08-17 12:20:00-04:00,2026-08-17T12:20:00,1786983600,155.6005,155.58,155.77,155.431,155.48,123559,155.61454
2026-08-17 12:25:00-04:00,2026-08-17T12:25:00,1786983900,155.62,155.49,155.84,155.4,155.53,112822,155.61574
2026-08-17 12:30:00-04:00,2026-08-17T12:30:00,1786984200,155.24,155.535,155.6,154.88,155.135,153705,155.21447
2026-08-17 12:35:00-04:00,2026-08-17T12:35:00,1786984500,155.15795,155.14,155.4,154.9159,155.345,149523,155.15924
2026-08-17 12:40:00-04:00,2026-08-17T12:40:00,1786984800,155.3345,155.345,155.539,155.13,155.29,122678,155.32729
2026-08-17 12:45:00-04:00,2026-08-17T12:45:00,1786985100,155.22500000000002,155.27,155.46,154.99,155.3761,261759,155.18265
2026-08-17 12:50:00-04:00,2026-08-17T12:50:00,1786985400,155.47005000000001,155.39,155.8,155.1401,155.78,141549,155.42333
2026-08-17 12:55:00-04:00,2026-08-17T12:55:00,1786985700,155.79000000000002,155.7947,155.99,155.59,155.92,163960,155.84558
2026-08-17 13:00:00-04:00,2026-08-17T13:00:00,1786986000,155.805,155.9,156.0,155.61,155.61,123089,155.87352
2026-08-17 13:05:00-04:00,2026-08-17T13:05:00,1786986300,155.32225,155.64,155.6945,154.95,155.04,180150,155.20116
2026-08-17 13:10:00-04:00,2026-08-17T13:10:00,1786986600,154.435,155.07,155.15,153.72,153.7202,353405,154.42966
2026-08-17 13:15:00-04:00,2026-08-17T13:15:00,1786986900,153.83255,153.74,154.255,153.4101,153.86,333030,153.93633
2026-08-17 13:20:00-04:00,2026-08-17T13:20:00,1786987200,153.29874999999998,153.8124,153.92,152.6775,153.23,391386,153.24739
2026-08-17 13:25:00-04:00,2026-08-17T13:25:00,1786987500,153.23395,153.21,153.63,152.8379,152.94,274384,153.23448
2026-08-17 13:30:00-04:00,2026-08-17T13:30:00,1786987800,153.17005,152.9128,153.5,152.8401,152.95,183405,153.16992
2026-08-17 13:35:00-04:00,2026-08-17T13:35:00,1786988100,153.08945,152.9967,153.4,152.7789,152.94,278511,153.06492
2026-08-17 13:40:00-04:00,2026-08-17T13:40:00,1786988400,153.44,152.92,154.12,152.76,154.0224,312159,153.69307
2026-08-17 13:45:00-04:00,2026-08-17T13:45:00,1786988700,154.04465,154.05,154.2393,153.85,154.075,167318,154.05199
2026-08-17 13:50:00-04:00,2026-08-17T13:50:00,1786989000,154.25,154.05,154.45,154.05,154.25,119925,154.24886
2026-08-17 13:55:00-04:00,2026-08-17T13:55:00,1786989300,154.23000000000002,154.2601,154.46,154.0,154.26,126951,154.22404
2026-08-17 14:00:00-04:00,2026-08-17T14:00:00,1786989600,154.10405,154.27,154.5831,153.625,153.76,205704,153.99496
2026-08-17 14:05:00-04:00,2026-08-17T14:05:00,1786989900,153.1925,153.745,153.745,152.64,152.835,337550,153.07699
2026-08-17 14:10:00-04:00,2026-08-17T14:10:00,1786990200,152.665,152.82,153.19,152.14,153.0861,383195,152.60489
2026-08-17 14:15:00-04:00,2026-08-17T14:15:00,1786990500,152.88,153.0884,153.15,152.61,152.7393,148484,152.90262
2026-08-17 14:20:00-04:00,2026-08-17T14:20:00,1786990800,152.815,152.69,153.12,152.51,153.1,149488,152.86043
2026-08-17 14:25:00-04:00,2026-08-17T14:25:00,1786991100,153.135,153.1,153.44,152.83,153.18,132605,153.18604
2026-08-17 14:30:00-04:00,2026-08-17T14:30:00,1786991400,153.12995,153.22,153.3699,152.89,152.94,103980,153.10978
2026-08-17 14:35:00-04:00,2026-08-17T14:35:00,1786991700,153.03,152.92,153.22,152.84,153.22,105162,153.02171
2026-08-17 14:40:00-04:00,2026-08-17T14:40:00,1786992000,153.485,153.2093,153.85,153.12,153.85,159824,153.56399
2026-08-17 14:45:00-04:00,2026-08-17T14:45:00,1786992300,153.79500000000002,153.835,154.01,153.58,153.86,249728,153.81211
2026-08-17 14:50:00-04:00,2026-08-17T14:50:00,1786992600,154.10845,153.86,154.378,153.8389,154.2203,196728,154.19098
2026-08-17 14:55:00-04:00,2026-08-17T14:55:00,1786992900,154.01,154.25,154.26,153.76,153.93,211971,154.0156
2026-08-17 15:00:00-04:00,2026-08-17T15:00:00,1786993200,153.32,153.96,154.0284,152.6116,152.635,379527,153.31514
2026-08-17 15:05:00-04:00,2026-08-17T15:05:00,1786993500,152.49540000000002,152.61,152.9499,152.0409,152.31,390464,152.48611
2026-08-17 15:10:00-04:00,2026-08-17T15:10:00,1786993800,151.85500000000002,152.25,152.5,151.21,151.2116,508779,151.84125
2026-08-17 15:15:00-04:00,2026-08-17T15:15:00,1786994100,151.525,151.24,152.0,151.05,151.055,460869,151.5656
2026-08-17 15:20:00-04:00,2026-08-17T15:20:00,1786994400,151.09,151.05,151.52,150.66,151.48,515132,151.05537
2026-08-17 15:25:00-04:00,2026-08-17T15:25:00,1786994700,151.325,151.45,151.84,150.81,150.81,666506,151.37557
2026-08-17 15:30:00-04:00,2026-08-17T15:30:00,1786995000,151.445,150.8,152.24,150.65,152.0,1917374,151.10769
2026-08-17 15:35:00-04:00,2026-08-17T15:35:00,1786995300,152.44925,152.005,152.9285,151.97,152.906,704195,152.36661
2026-08-17 15:40:00-04:00,2026-08-17T15:40:00,1786995600,152.54500000000002,152.91,152.99,152.1,152.26,751903,152.62843
2026-08-17 15:45:00-04:00,2026-08-17T15:45:00,1786995900,152.573,152.28,152.866,152.28,152.72,601701,152.6214
2026-08-17 15:50:00-04:00,2026-08-17T15:50:00,1786996200,152.51999999999998,152.76,152.97,152.07,152.1,1201412,152.57227
2026-08-17 15:55:00-04:00,2026-08-17T15:55:00,1786996500,151.51510000000002,152.1,152.1002,150.93,151.5665,1731116,151.48484
2026-08-18 09:30:00-04:00,2026-08-18T09:30:00,1787059800,135.55525,134.195,137.6,133.5105,134.96,3669846,134.99513
2026-08-18 09:35:00-04:00,2026-08-18T09:35:00,1787060100,135.0,134.92,135.98,134.02,134.96,2026461,134.90386
2026-08-18 09:40:00-04:00,2026-08-18T09:40:00,1787060400,134.01075,134.82,135.75,132.2715,132.272,2201780,134.108133
2026-08-18 09:45:00-04:00,2026-08-18T09:45:00,1787060700,131.589,132.28,132.578,130.6,130.805,2670705,131.483329
2026-08-18 09:50:00-04:00,2026-08-18T09:50:00,1787061000,130.45,130.7701,131.69,129.21,129.32,2530012,130.258728
2026-08-18 09:55:00-04:00,2026-08-18T09:55:00,1787061300,129.8075,129.32,131.125,128.49,130.42,2010319,129.753963
2026-08-18 10:00:00-04:00,2026-08-18T10:00:00,1787061600,130.425,130.42,131.74,129.11,130.5759,1576590,130.407133
2026-08-18 10:05:00-04:00,2026-08-18T10:05:00,1787061900,129.82,130.63,130.74,128.9,128.9321,1429894,129.562871
2026-08-18 10:10:00-04:00,2026-08-18T10:10:00,1787062200,127.77000000000001,128.9,128.9,126.64,127.2,2512284,127.64648
2026-08-18 10:15:00-04:00,2026-08-18T10:15:00,1787062500,127.955,127.1317,129.19,126.72,128.3,1650484,128.181528
2026-08-18 10:20:00-04:00,2026-08-18T10:20:00,1787062800,128.505,128.23,129.41,127.6,128.55,1026588,128.362038
2026-08-18 10:25:00-04:00,2026-08-18T10:25:00,1787063100,129.42995000000002,128.6,130.5299,128.33,129.9397,1204860,129.715103
2026-08-18 10:30:00-04:00,2026-08-18T10:30:00,1787063400,129.92505,129.9,130.82,129.0301,129.0535,1002901,130.056357
2026-08-18 10:35:00-04:00,2026-08-18T10:35:00,1787063700,129.26,129.105,130.14,128.38,128.83,799143,129.239143
2026-08-18 10:40:00-04:00,2026-08-18T10:40:00,1787064000,128.06,128.83,129.07,127.05,127.09,980551,127.92866
2026-08-18 10:45:00-04:00,2026-08-18T10:45:00,1787064300,126.555,127.0645,127.3,125.81,126.12,1476266,126.515586
2026-08-18 10:50:00-04:00,2026-08-18T10:50:00,1787064600,125.985,126.13,126.76,125.21,125.2267,1089786,125.784252
2026-08-18 10:55:00-04:00,2026-08-18T10:55:00,1787064900,124.5651,125.22,125.4202,123.71,124.07,1935658,124.626397
2026-08-18 11:00:00-04:00,2026-08-18T11:00:00,1787065200,124.34004999999999,124.07,125.27,123.4101,125.05,1514360,124.258133
2026-08-18 11:05:00-04:00,2026-08-18T11:05:00,1787065500,124.16,125.075,125.3,123.02,123.1299,1200861,124.225534
2026-08-18 11:10:00-04:00,2026-08-18T11:10:00,1787065800,123.18,123.12,123.96,122.4,123.9301,1362884,123.037313
2026-08-18 11:15:00-04:00,2026-08-18T11:15:00,1787066100,123.68005,123.96,124.34,123.0201,123.06,867361,123.771601
2026-08-18 11:20:00-04:00,2026-08-18T11:20:00,1787066400,123.90995000000001,123.04,124.9199,122.9,124.7548,926695,124.038513
2026-08-18 11:25:00-04:00,2026-08-18T11:25:00,1787066700,125.11500000000001,124.74,125.89,124.34,125.589,1012076,125.097985
2026-08-18 11:30:00-04:00,2026-08-18T11:30:00,1787067000,126.005,125.59,126.69,125.32,126.47,1179086,126.224252
2026-08-18 11:35:00-04:00,2026-08-18T11:35:00,1787067300,125.755,126.48,126.52,124.99,125.05,801723,125.640667
2026-08-18 11:40:00-04:00,2026-08-18T11:40:00,1787067600,125.64505,125.0407,126.5,124.7901,125.94,593418,125.76935
2026-08-18 11:45:00-04:00,2026-08-18T11:45:00,1787067900,126.53,126.03,127.06,126.0,126.67,676337,126.583276
2026-08-18 11:50:00-04:00,2026-08-18T11:50:00,1787068200,126.64,126.654,127.3,125.98,127.08,591777,126.635905
2026-08-18 11:55:00-04:00,2026-08-18T11:55:00,1787068500,126.965,127.1,127.5,126.43,127.35,795908,126.987903
2026-08-18 12:00:00-04:00,2026-08-18T12:00:00,1787068800,127.445,127.35,127.96,126.93,126.95,743585,127.5116
2026-08-18 12:05:00-04:00,2026-08-18T12:05:00,1787069100,126.8,126.93,127.3,126.3,126.7576,473991,126.810041
2026-08-18 12:10:00-04:00,2026-08-18T12:10:00,1787069400,126.89505,126.71,127.28,126.5101,126.655,352028,126.971277
2026-08-18 12:15:00-04:00,2026-08-18T12:15:00,1787069700,126.235,126.65,126.76,125.71,125.8302,423206,126.162747
2026-08-18 12:20:00-04:00,2026-08-18T12:20:00,1787070000,126.255,125.85,126.8,125.71,126.25,366405,126.296252
2026-08-18 12:25:00-04:00,2026-08-18T12:25:00,1787070300,125.542964,126.21,126.27,124.815928,124.88,489783,125.419383
2026-08-18 12:30:00-04:00,2026-08-18T12:30:00,1787070600,125.30250000000001,124.85,125.92,124.685,125.6275,430521,125.318634
2026-08-18 12:35:00-04:00,2026-08-18T12:35:00,1787070900,125.81495000000001,125.74,126.1999,125.43,125.955,300350,125.79997
2026-08-18 12:40:00-04:00,2026-08-18T12:40:00,1787071200,125.975,125.92,126.45,125.5,125.91,313624,125.934222
2026-08-18 12:45:00-04:00,2026-08-18T12:45:00,1787071500,126.435,125.92,127.3,125.57,126.98,521786,126.592134
2026-08-18 12:50:00-04:00,2026-08-18T12:50:00,1787071800,127.075,127.04,127.45,126.7,127.16,333630,127.053193
2026-08-18 12:55:00-04:00,2026-08-18T12:55:00,1787072100,126.6575,127.115,127.115,126.2,126.3,266751,126.583794
2026-08-18 13:00:00-04:00,2026-08-18T13:00:00,1787072400,126.44505000000001,126.315,126.98,125.9101,126.62,293320,126.363689
2026-08-18 13:05:00-04:00,2026-08-18T13:05:00,1787072700,126.375,126.6,126.81,125.94,126.11,219011,126.299939
2026-08-18 13:10:00-04:00,2026-08-18T13:10:00,1787073000,126.04025,126.115,126.52,125.5605,126.38,262471,126.046936
2026-08-18 13:15:00-04:00,2026-08-18T13:15:00,1787073300,126.0,126.41,126.45,125.55,125.55,240755,125.84184
2026-08-18 13:20:00-04:00,2026-08-18T13:20:00,1787073600,125.74,125.54,126.16,125.32,125.3876,244037,125.657806
2026-08-18 13:25:00-04:00,2026-08-18T13:25:00,1787073900,125.765,125.39,126.25,125.28,126.18,240878,125.87706
2026-08-18 13:30:00-04:00,2026-08-18T13:30:00,1787074200,126.28,126.08,126.58,125.98,126.137686,169162,126.265343
2026-08-18 13:35:00-04:00,2026-08-18T13:35:00,1787074500,126.065,126.1,126.53,125.6,126.2788,219601,126.051457
2026-08-18 13:40:00-04:00,2026-08-18T13:40:00,1787074800,126.17025,126.16,126.46,125.8805,126.0,121502,126.204207
2026-08-18 13:45:00-04:00,2026-08-18T13:45:00,1787075100,125.75,126.0,126.25,125.25,125.59,241351,125.561477
2026-08-18 13:50:00-04:00,2026-08-18T13:50:00,1787075400,125.46000000000001,125.5159,125.66,125.26,125.3175,164282,125.457685
2026-08-18 13:55:00-04:00,2026-08-18T13:55:00,1787075700,124.875,125.2853,125.36,124.39,124.4072,587676,124.80491
2026-08-18 14:00:00-04:00,2026-08-18T14:00:00,1787076000,124.66305,124.405,124.9761,124.35,124.775,319741,124.634719
2026-08-18 14:05:00-04:00,2026-08-18T14:05:00,1787076300,124.275,124.8,125.05,123.5,123.5301,624225,124.27374
2026-08-18 14:10:00-04:00,2026-08-18T14:10:00,1787076600,123.735,123.555,124.27,123.2,124.1801,526603,123.5738
2026-08-18 14:15:00-04:00,2026-08-18T14:15:00,1787076900,124.85995,124.2202,125.54,124.1799,125.51,547997,124.945076
2026-08-18 14:20:00-04:00,2026-08-18T14:20:00,1787077200,125.31,125.54,125.67,124.95,125.47,352864,125.308514
2026-08-18 14:25:00-04:00,2026-08-18T14:25:00,1787077500,125.3012,125.49,125.54,125.0624,125.27,307570,125.313224
2026-08-18 14:30:00-04:00,2026-08-18T14:30:00,1787077800,125.32,125.27,125.64,125.0,125.64,226751,125.282858
2026-08-18 14:35:00-04:00,2026-08-18T14:35:00,1787078100,126.07,125.65,126.49,125.65,126.42,484738,126.19903
2026-08-18 14:40:00-04:00,2026-08-18T14:40:00,1787078400,126.15,126.42,126.45,125.85,126.12,373925,126.095272
2026-08-18 14:45:00-04:00,2026-08-18T14:45:00,1787078700,126.4513,126.15,126.94,125.9626,126.24,462315,126.528474
2026-08-18 14:50:00-04:00,2026-08-18T14:50:00,1787079000,125.92914999999999,126.19,126.2285,125.6298,125.6298,377218,125.986987
2026-08-18 14:55:00-04:00,2026-08-18T14:55:00,1787079300,125.56200000000001,125.6254,125.9,125.224,125.79,644278,125.635176
2026-08-18 15:00:00-04:00,2026-08-18T15:00:00,1787079600,125.87299999999999,125.77,126.395,125.351,125.85,471430,125.857033
2026-08-18 15:05:00-04:00,2026-08-18T15:05:00,1787079900,126.065,125.88,126.5,125.63,126.31,374634,126.055721
2026-08-18 15:10:00-04:00,2026-08-18T15:10:00,1787080200,126.125,126.32,126.5,125.75,125.97,404400,126.065608
2026-08-18 15:15:00-04:00,2026-08-18T15:15:00,1787080500,125.8203,125.99,126.21,125.4306,125.98,540703,125.801873
2026-08-18 15:20:00-04:00,2026-08-18T15:20:00,1787080800,126.23750000000001,125.96,126.84,125.635,126.8,749764,126.193527
2026-08-18 15:25:00-04:00,2026-08-18T15:25:00,1787081100,127.29505,126.79,128.03,126.5601,127.59,1208224,127.482119
2026-08-18 15:30:00-04:00,2026-08-18T15:30:00,1787081400,127.11500000000001,127.56,127.65,126.58,127.02,3752622,127.238664
2026-08-18 15:35:00-04:00,2026-08-18T15:35:00,1787081700,127.3,127.01,128.0,126.6,127.3241,882342,127.478568
2026-08-18 15:40:00-04:00,2026-08-18T15:40:00,1787082000,127.6125,127.31,128.25,126.975,128.0014,868086,127.526682
2026-08-18 15:45:00-04:00,2026-08-18T15:45:00,1787082300,127.77000000000001,128.025,128.1199,127.4201,127.9301,1020837,127.834928
2026-08-18 15:50:00-04:00,2026-08-18T15:50:00,1787082600,127.45519999999999,127.95,128.76,126.1504,126.88,1880254,127.588835
2026-08-18 15:55:00-04:00,2026-08-18T15:55:00,1787082900,128.015,126.9,129.13,126.9,129.0,2622279,128.437977
2026-08-19 09:30:00-04:00,2026-08-19T09:30:00,1787146200,132.15,132.63,133.74,130.56,130.84,2218658,131.967867
2026-08-19 09:35:00-04:00,2026-08-19T09:35:00,1787146500,127.81385,130.9477,130.9477,124.68,124.7995,2900493,127.400764
2026-08-19 09:40:00-04:00,2026-08-19T09:40:00,1787146800,125.63499999999999,124.8,127.16,124.11,126.7,2167411,125.632975
2026-08-19 09:45:00-04:00,2026-08-19T09:45:00,1787147100,124.645,126.75,127.52,121.77,121.895,2305857,124.626407
2026-08-19 09:50:00-04:00,2026-08-19T09:50:00,1787147400,121.275,121.86,122.49,120.06,120.23,2918693,120.822335
2026-08-19 09:55:00-04:00,2026-08-19T09:55:00,1787147700,121.22,120.25,122.3,120.14,121.83,1824440,121.416651
2026-08-19 10:00:00-04:00,2026-08-19T10:00:00,1787148000,121.34,121.91,122.48,120.2,120.68,1431239,120.738861
2026-08-19 10:05:00-04:00,2026-08-19T10:05:00,1787148300,120.445,120.68,121.89,119.0,119.48,2260393,120.217542
2026-08-19 10:10:00-04:00,2026-08-19T10:10:00,1787148600,118.265,119.505,119.69,116.84,117.18,2263398,117.55273
2026-08-19 10:15:00-04:00,2026-08-19T10:15:00,1787148900,118.13995,117.21,119.2799,117.0,117.585,1754388,118.173071
2026-08-19 10:20:00-04:00,2026-08-19T10:20:00,1787149200,118.185,117.58,119.3,117.07,118.489,1408826,118.167743
2026-08-19 10:25:00-04:00,2026-08-19T10:25:00,1787149500,119.39,118.48,120.78,118.0,120.75,1638396,119.682685
2026-08-19 10:30:00-04:00,2026-08-19T10:30:00,1787149800,120.805,120.74,121.61,120.0,120.77,1332939,120.828954
2026-08-19 10:35:00-04:00,2026-08-19T10:35:00,1787150100,121.83000000000001,120.715,123.4,120.26,123.39,1524848,122.173307
2026-08-19 10:40:00-04:00,2026-08-19T10:40:00,1787150400,122.525,123.4342,123.55,121.5,122.4758,1259191,122.63342
2026-08-19 10:45:00-04:00,2026-08-19T10:45:00,1787150700,121.40005,122.49,122.5,120.3001,120.74,929005,121.315501
2026-08-19 10:50:00-04:00,2026-08-19T10:50:00,1787151000,121.22,120.78,122.19,120.25,122.0,738680,121.135194
2026-08-19 10:55:00-04:00,2026-08-19T10:55:00,1787151300,122.21000000000001,122.0,122.92,121.5,122.85,665949,122.340048
2026-08-19 11:00:00-04:00,2026-08-19T11:00:00,1787151600,121.93175,122.8501,122.8635,121.0,121.0,595344,121.928284
2026-08-19 11:05:00-04:00,2026-08-19T11:05:00,1787151900,121.10499999999999,121.0001,121.8,120.41,121.025,593485,120.99525
2026-08-19 11:10:00-04:00,2026-08-19T11:10:00,1787152200,121.8175,120.995,122.64,120.995,122.4801,507594,121.992304
2026-08-19 11:15:00-04:00,2026-08-19T11:15:00,1787152500,122.17500000000001,122.5,122.7,121.65,122.32,414309,122.249332
2026-08-19 11:20:00-04:00,2026-08-19T11:20:00,1787152800,122.45495,122.33,122.8299,122.08,122.102,311774,122.452818
2026-08-19 11:25:00-04:00,2026-08-19T11:25:00,1787153100,122.25422599999999,122.1,122.8,121.708452,122.51,374309,122.218087
2026-08-19 11:30:00-04:00,2026-08-19T11:30:00,1787153400,122.065,122.49,122.63,121.5,121.59,303408,121.977698
2026-08-19 11:35:00-04:00,2026-08-19T11:35:00,1787153700,121.72970000000001,121.62,122.1494,121.31,121.56,293047,121.679857
2026-08-19 11:40:00-04:00,2026-08-19T11:40:00,1787154000,121.465,121.54,122.28,120.65,122.2,458513,121.30237
2026-08-19 11:45:00-04:00,2026-08-19T11:45:00,1787154300,121.705,122.19,122.2,121.21,121.21,234209,121.891727
2026-08-19 11:50:00-04:00,2026-08-19T11:50:00,1787154600,121.06184999999999,121.27,121.5637,120.56,120.76,384220,121.049363
2026-08-19 11:55:00-04:00,2026-08-19T11:55:00,1787154900,121.275,120.76,121.9,120.65,121.89,255320,121.311301
2026-08-19 12:00:00-04:00,2026-08-19T12:00:00,1787155200,122.1625,121.87,123.12,121.205,122.9175,584560,122.603162
2026-08-19 12:05:00-04:00,2026-08-19T12:05:00,1787155500,123.1326,122.9,123.65,122.6152,123.618,529531,123.275179
2026-08-19 12:10:00-04:00,2026-08-19T12:10:00,1787155800,123.3081,123.63,123.7361,122.8801,122.885,423729,123.233354
2026-08-19 12:15:00-04:00,2026-08-19T12:15:00,1787156100,123.065,122.88,123.78,122.35,123.485,403353,123.117844
2026-08-19 12:20:00-04:00,2026-08-19T12:20:00,1787156400,123.3,123.475,123.72,122.88,123.1244,291550,123.334504
2026-08-19 12:25:00-04:00,2026-08-19T12:25:00,1787156700,122.735,123.125,123.15,122.32,122.54,230656,122.713621
2026-08-19 12:30:00-04:00,2026-08-19T12:30:00,1787157000,122.65005,122.55,123.16,122.1401,122.9718,253205,122.701093
2026-08-19 12:35:00-04:00,2026-08-19T12:35:00,1787157300,123.0664,122.91,123.72,122.4128,123.3,279447,123.011506
2026-08-19 12:40:00-04:00,2026-08-19T12:40:00,1787157600,123.36000000000001,123.36,123.68,123.04,123.29,198925,123.405668
2026-08-19 12:45:00-04:00,2026-08-19T12:45:00,1787157900,123.1,123.305,123.35,122.85,122.86,152122,123.072556
2026-08-19 12:50:00-04:00,2026-08-19T12:50:00,1787158200,122.56,122.86,122.86,122.26,122.48,253191,122.530438
2026-08-19 12:55:00-04:00,2026-08-19T12:55:00,1787158500,122.07055,122.43,122.4411,121.7,121.92,360759,121.952789
2026-08-19 13:00:00-04:00,2026-08-19T13:00:00,1787158800,121.87975,121.88,122.2395,121.52,121.8295,243929,121.811556
2026-08-19 13:05:00-04:00,2026-08-19T13:05:00,1787159100,121.87,121.74,122.33,121.41,121.445,224375,121.771146
2026-08-19 13:10:00-04:00,2026-08-19T13:10:00,1787159400,121.5075,121.53,121.8,121.215,121.33,274942,121.422224
2026-08-19 13:15:00-04:00,2026-08-19T13:15:00,1787159700,121.31,121.31,121.79,120.83,120.8675,318890,121.269572
2026-08-19 13:20:00-04:00,2026-08-19T13:20:00,1787160000,120.8923,120.8903,121.1842,120.6004,120.83,255303,120.859471
2026-08-19 13:25:00-04:00,2026-08-19T13:25:00,1787160300,120.975,120.82,121.3,120.65,121.1,216251,120.979179
2026-08-19 13:30:00-04:00,2026-08-19T13:30:00,1787160600,120.945,121.0981,121.17,120.72,120.83,146357,120.952004
2026-08-19 13:35:00-04:00,2026-08-19T13:35:00,1787160900,120.905,120.8,121.31,120.5,120.5482,260735,120.838093
2026-08-19 13:40:00-04:00,2026-08-19T13:40:00,1787161200,120.67,120.5098,121.0,120.34,120.84,273022,120.65604
2026-08-19 13:45:00-04:00,2026-08-19T13:45:00,1787161500,120.9725,120.83,121.25,120.695,120.8501,176129,120.990259
2026-08-19 13:50:00-04:00,2026-08-19T13:50:00,1787161800,120.81,120.82,121.03,120.59,120.7966,176599,120.769646
2026-08-19 13:55:00-04:00,2026-08-19T13:55:00,1787162100,120.66,120.7599,120.87,120.45,120.575,168376,120.675939
2026-08-19 14:00:00-04:00,2026-08-19T14:00:00,1787162400,121.06225,120.5775,121.6595,120.465,120.545,391459,121.141807
2026-08-19 14:05:00-04:00,2026-08-19T14:05:00,1787162700,119.89,120.52,120.78,119.0,119.0,905255,119.787405
2026-08-19 14:10:00-04:00,2026-08-19T14:10:00,1787163000,119.13625,119.0,119.65,118.6225,119.19,571289,119.15212
2026-08-19 14:15:00-04:00,2026-08-19T14:15:00,1787163300,119.01249999999999,119.19,119.475,118.55,119.44,399891,118.992413
2026-08-19 14:20:00-04:00,2026-08-19T14:20:00,1787163600,119.42505,119.4682,119.7,119.1501,119.34,341350,119.440287
2026-08-19 14:25:00-04:00,2026-08-19T14:25:00,1787163900,119.7225,119.32,120.215,119.23,120.15,317287,119.806615
2026-08-19 14:30:00-04:00,2026-08-19T14:30:00,1787164200,121.0236,120.1754,121.9222,120.125,121.4,799806,121.136124
2026-08-19 14:35:00-04:00,2026-08-19T14:35:00,1787164500,120.79005000000001,121.37,121.43,120.1501,120.3637,403323,120.698029
2026-08-19 14:40:00-04:00,2026-08-19T14:40:00,1787164800,120.955,120.32,121.59,120.32,121.4883,299671,121.032069
2026-08-19 14:45:00-04:00,2026-08-19T14:45:00,1787165100,121.15105,121.47,121.4836,120.8185,121.09,275764,121.02657
2026-08-19 14:50:00-04:00,2026-08-19T14:50:00,1787165400,120.995,121.1136,121.24,120.75,121.12,283583,120.996981
2026-08-19 14:55:00-04:00,2026-08-19T14:55:00,1787165700,120.61325,121.07,121.1165,120.11,120.845,414679,120.599384
2026-08-19 15:00:00-04:00,2026-08-19T15:00:00,1787166000,120.99000000000001,120.845,121.45,120.53,120.87,412745,121.012091
2026-08-19 15:05:00-04:00,2026-08-19T15:05:00,1787166300,120.92,120.9,121.3,120.54,121.2101,349506,120.907037
2026-08-19 15:10:00-04:00,2026-08-19T15:10:00,1787166600,121.13,121.23,121.35,120.91,121.26,320508,121.096866
2026-08-19 15:15:00-04:00,2026-08-19T15:15:00,1787166900,121.17500000000001,121.235,121.54,120.81,121.41,503220,121.269393
2026-08-19 15:20:00-04:00,2026-08-19T15:20:00,1787167200,121.63,121.4283,121.95,121.31,121.815,741306,121.701984
2026-08-19 15:25:00-04:00,2026-08-19T15:25:00,1787167500,122.125,121.82,122.55,121.7,121.815,863393,122.178278
2026-08-19 15:30:00-04:00,2026-08-19T15:30:00,1787167800,121.965,121.805,122.43,121.5,122.225,2479452,122.02118
2026-08-19 15:35:00-04:00,2026-08-19T15:35:00,1787168100,121.65005,122.21,122.21,121.0901,121.39,1046557,121.413216
2026-08-19 15:40:00-04:00,2026-08-19T15:40:00,1787168400,121.23249999999999,121.3901,121.505,120.96,121.215,881697,121.198169
2026-08-19 15:45:00-04:00,2026-08-19T15:45:00,1787168700,120.98,121.215,121.26,120.7,120.9112,1109188,120.999153
2026-08-19 15:50:00-04:00,2026-08-19T15:50:00,1787169000,120.37,120.84,121.11,119.63,120.1241,1961441,120.190885
2026-08-19 15:55:00-04:00,2026-08-19T15:55:00,1787169300,120.17,120.16,120.73,119.61,120.56,2168580,120.292605
2026-08-20 09:30:00-04:00,2026-08-20T09:30:00,1787232600,121.3475,119.99,123.29,119.405,121.85,2107532,121.745096
2026-08-20 09:35:00-04:00,2026-08-20T09:35:00,1787232900,122.3948,121.71,123.9395,120.8501,122.785,1904246,123.066467
2026-08-20 09:40:00-04:00,2026-08-20T09:40:00,1787233200,122.46000000000001,122.69,123.41,121.51,122.08,1315066,122.298203
2026-08-20 09:45:00-04:00,2026-08-20T09:45:00,1787233500,120.63,122.04,122.83,118.43,119.61,1716759,120.030902
2026-08-20 09:50:00-04:00,2026-08-20T09:50:00,1787233800,118.67505,119.53,119.93,117.4201,119.5,1373265,118.578787
2026-08-20 09:55:00-04:00,2026-08-20T09:55:00,1787234100,119.68,119.6,120.99,118.37,118.87,1546567,119.339544
2026-08-20 10:00:00-04:00,2026-08-20T10:00:00,1787234400,119.3825,118.9,120.42,118.345,118.995,1044860,119.509417
2026-08-20 10:05:00-04:00,2026-08-20T10:05:00,1787234700,120.0435,119.05,121.317,118.77,121.317,884208,120.209979
2026-08-20 10:10:00-04:00,2026-08-20T10:10:00,1787235000,121.68,121.32,122.59,120.77,121.6,1170326,121.721338
2026-08-20 10:15:00-04:00,2026-08-20T10:15:00,1787235300,120.79,121.5,122.04,119.54,119.75,908845,120.506993
2026-08-20 10:20:00-04:00,2026-08-20T10:20:00,1787235600,121.13235,119.71,122.78,119.4847,122.43,1114574,121.679289
2026-08-20 10:25:00-04:00,2026-08-20T10:25:00,1787235900,121.6644,122.3832,122.5288,120.8,121.39,626149,121.684479
2026-08-20 10:30:00-04:00,2026-08-20T10:30:00,1787236200,121.66,121.38,122.62,120.7,121.316,596859,121.760619
2026-08-20 10:35:00-04:00,2026-08-20T10:35:00,1787236500,122.33,121.3,123.55,121.11,123.42,826679,122.475224
2026-08-20 10:40:00-04:00,2026-08-20T10:40:00,1787236800,123.4,123.405,123.98,122.82,123.815,677587,123.45756
2026-08-20 10:45:00-04:00,2026-08-20T10:45:00,1787237100,123.2093,123.84,123.9699,122.4487,122.68,610745,123.240699
2026-08-20 10:50:00-04:00,2026-08-20T10:50:00,1787237400,122.71715,122.64,123.4743,121.96,122.2238,547394,122.665135
2026-08-20 10:55:00-04:00,2026-08-20T10:55:00,1787237700,122.549,122.17,123.048,122.05,122.975,405648,122.536375
2026-08-20 11:00:00-04:00,2026-08-20T11:00:00,1787238000,123.71000000000001,123.0,124.56,122.86,124.02,962440,123.930267
2026-08-20 11:05:00-04:00,2026-08-20T11:05:00,1787238300,123.035,124.01,124.01,122.06,122.45,685573,122.803704
2026-08-20 11:10:00-04:00,2026-08-20T11:10:00,1787238600,122.1325,122.44,122.9,121.365,122.4641,680060,122.10008
2026-08-20 11:15:00-04:00,2026-08-20T11:15:00,1787238900,122.36525,122.375,122.8,121.9305,122.11,349983,122.369044
2026-08-20 11:20:00-04:00,2026-08-20T11:20:00,1787239200,121.68,122.1,122.26,121.1,121.3973,408308,121.590677
2026-08-20 11:25:00-04:00,2026-08-20T11:25:00,1787239500,121.29975,121.37,121.7895,120.81,121.585,412504,121.333985
2026-08-20 11:30:00-04:00,2026-08-20T11:30:00,1787239800,121.03434999999999,121.585,121.8,120.2687,120.52,502501,120.951224
2026-08-20 11:35:00-04:00,2026-08-20T11:35:00,1787240100,120.17,120.45,120.79,119.55,119.555,476947,120.169897
2026-08-20 11:40:00-04:00,2026-08-20T11:40:00,1787240400,119.935,119.56,120.4,119.47,119.7,516523,119.920579
2026-08-20 11:45:00-04:00,2026-08-20T11:45:00,1787240700,120.04,119.72,120.9,119.18,120.25,709831,120.070002
2026-08-20 11:50:00-04:00,2026-08-20T11:50:00,1787241000,120.66475,120.245,121.1895,120.14,120.96,368994,120.772041
2026-08-20 11:55:00-04:00,2026-08-20T11:55:00,1787241300,120.98505,120.99,121.29,120.6801,121.24,198566,121.019577
2026-08-20 12:00:00-04:00,2026-08-20T12:00:00,1787241600,121.17525,121.28,121.6,120.7505,120.945,310637,121.234059
2026-08-20 12:05:00-04:00,2026-08-20T12:05:00,1787241900,120.9062,120.94,121.3724,120.44,121.2635,247279,120.883669
2026-08-20 12:10:00-04:00,2026-08-20T12:10:00,1787242200,120.97505,121.33,121.38,120.5701,120.715,169539,120.977612
2026-08-20 12:15:00-04:00,2026-08-20T12:15:00,1787242500,120.715,120.69,120.98,120.45,120.98,164743,120.746391
2026-08-20 12:20:00-04:00,2026-08-20T12:20:00,1787242800,121.24495,121.0,121.7699,120.72,121.5235,252735,121.33896
2026-08-20 12:25:00-04:00,2026-08-20T12:25:00,1787243100,121.43,121.54,121.72,121.14,121.23,168142,121.378184
2026-08-20 12:30:00-04:00,2026-08-20T12:30:00,1787243400,120.7791,121.185,121.2281,120.3301,120.86,241875,120.678251
2026-08-20 12:35:00-04:00,2026-08-20T12:35:00,1787243700,120.86715000000001,120.86,121.06,120.6743,121.0401,176798,120.899175
2026-08-20 12:40:00-04:00,2026-08-20T12:40:00,1787244000,121.1925,121.03,121.37,121.015,121.25,125769,121.239697
2026-08-20 12:45:00-04:00,2026-08-20T12:45:00,1787244300,121.25,121.2595,121.5999,120.9001,121.36,187947,121.282855
2026-08-20 12:50:00-04:00,2026-08-20T12:50:00,1787244600,121.3717,121.38,121.6234,121.12,121.255,99295,121.345812
2026-08-20 12:55:00-04:00,2026-08-20T12:55:00,1787244900,121.59545,121.36,121.9399,121.251,121.8,190678,121.63862
2026-08-20 13:00:00-04:00,2026-08-20T13:00:00,1787245200,121.6559,121.81,121.9,121.4118,121.75,208043,121.611861
2026-08-20 13:05:00-04:00,2026-08-20T13:05:00,1787245500,121.5295,121.7119,121.839,121.22,121.38,107959,121.477958
2026-08-20 13:10:00-04:00,2026-08-20T13:10:00,1787245800,121.53864999999999,121.4388,121.7273,121.35,121.57,69764,121.553639
2026-08-20 13:15:00-04:00,2026-08-20T13:15:00,1787246100,121.1281,121.565,121.59,120.6662,120.8,183550,120.995911
2026-08-20 13:20:00-04:00,2026-08-20T13:20:00,1787246400,120.8623,120.8,121.19,120.5346,120.82,131705,120.927081
2026-08-20 13:25:00-04:00,2026-08-20T13:25:00,1787246700,120.74705,120.81,120.9241,120.57,120.8,122343,120.771869
2026-08-20 13:30:00-04:00,2026-08-20T13:30:00,1787247000,120.6101,120.79,120.8802,120.34,120.43,132600,120.588287
2026-08-20 13:35:00-04:00,2026-08-20T13:35:00,1787247300,120.64,120.47,120.88,120.4,120.81,110392,120.691286
2026-08-20 13:40:00-04:00,2026-08-20T13:40:00,1787247600,120.72005,120.8,120.9,120.5401,120.85,90826,120.754805
2026-08-20 13:45:00-04:00,2026-08-20T13:45:00,1787247900,121.03,120.845,121.28,120.78,121.06,200938,121.060896
2026-08-20 13:50:00-04:00,2026-08-20T13:50:00,1787248200,121.25399999999999,121.06,121.4644,121.0436,121.16,139047,121.28993
2026-08-20 13:55:00-04:00,2026-08-20T13:55:00,1787248500,121.26915,121.2,121.4583,121.08,121.165,93893,121.248986
2026-08-20 14:00:00-04:00,2026-08-20T14:00:00,1787248800,120.866,121.08,121.132,120.6,120.69,174393,120.889476
2026-08-20 14:05:00-04:00,2026-08-20T14:05:00,1787249100,120.20609999999999,120.69,120.7122,119.7,119.97,349738,120.039248
2026-08-20 14:10:00-04:00,2026-08-20T14:10:00,1787249400,119.86349999999999,119.95,120.1599,119.5671,120.14,252266,119.931116
2026-08-20 14:15:00-04:00,2026-08-20T14:15:00,1787249700,119.81475,120.1265,120.2095,119.42,120.1,269952,119.816413
2026-08-20 14:20:00-04:00,2026-08-20T14:20:00,1787250000,120.2497,120.1288,120.4899,120.0095,120.071,192446,120.225734
2026-08-20 14:25:00-04:00,2026-08-20T14:25:00,1787250300,120.04865000000001,120.0837,120.28,119.8173,120.099,145511,120.044748
2026-08-20 14:30:00-04:00,2026-08-20T14:30:00,1787250600,119.76499999999999,120.09,120.21,119.32,119.4399,195636,119.706848
2026-08-20 14:35:00-04:00,2026-08-20T14:35:00,1787250900,119.57,119.41,119.86,119.28,119.69,162545,119.601644
2026-08-20 14:40:00-04:00,2026-08-20T14:40:00,1787251200,119.55815000000001,119.69,119.7463,119.37,119.7135,124987,119.536345
2026-08-20 14:45:00-04:00,2026-08-20T14:45:00,1787251500,120.10025,119.7,120.54,119.6605,120.495,169237,120.150742
2026-08-20 14:50:00-04:00,2026-08-20T14:50:00,1787251800,120.49000000000001,120.46,120.75,120.23,120.5112,140655,120.517443
2026-08-20 14:55:00-04:00,2026-08-20T14:55:00,1787252100,120.72,120.51,120.95,120.49,120.63,163684,120.718384
2026-08-20 15:00:00-04:00,2026-08-20T15:00:00,1787252400,120.97,120.6,121.4,120.54,121.135,258506,121.053625
2026-08-20 15:05:00-04:00,2026-08-20T15:05:00,1787252700,121.40504999999999,121.1,121.8,121.0101,121.53,271159,121.513407
2026-08-20 15:10:00-04:00,2026-08-20T15:10:00,1787253000,121.4166,121.6782,121.6782,121.155,121.4199,172405,121.384068
2026-08-20 15:15:00-04:00,2026-08-20T15:15:00,1787253300,121.465,121.38,121.68,121.25,121.42,196420,121.484031
2026-08-20 15:20:00-04:00,2026-08-20T15:20:00,1787253600,121.99,121.48,122.63,121.35,122.2,551560,122.026912
2026-08-20 15:25:00-04:00,2026-08-20T15:25:00,1787253900,122.34,122.19,122.53,122.15,122.2,352876,122.385455
2026-08-20 15:30:00-04:00,2026-08-20T15:30:00,1787254200,121.9025,122.198,122.2,121.605,121.885,1290498,121.857126
2026-08-20 15:35:00-04:00,2026-08-20T15:35:00,1787254500,122.035,121.87,122.26,121.81,122.09,512036,122.091129
2026-08-20 15:40:00-04:00,2026-08-20T15:40:00,1787254800,121.97485,122.08,122.24,121.7097,121.87,515203,122.079756
2026-08-20 15:45:00-04:00,2026-08-20T15:45:00,1787255100,121.705,121.86,122.0,121.41,121.955,326940,121.680777
2026-08-20 15:50:00-04:00,2026-08-20T15:50:00,1787255400,121.875,121.94,122.25,121.5,121.62,497961,121.816088
2026-08-20 15:55:00-04:00,2026-08-20T15:55:00,1787255700,121.86000000000001,121.64,122.29,121.43,122.2,2671047,122.111823
2026-08-21 09:30:00-04:00,2026-08-21T09:30:00,1787319000,125.4675,126.62,126.79,124.145,124.61,1407787,125.418502
2026-08-21 09:35:00-04:00,2026-08-21T09:35:00,1787319300,123.53715,124.58,124.8843,122.19,123.24,1543829,123.122657
2026-08-21 09:40:00-04:00,2026-08-21T09:40:00,1787319600,123.37,123.245,124.09,122.65,122.89,1034440,123.367544
2026-08-21 09:45:00-04:00,2026-08-21T09:45:00,1787319900,123.84,122.83,124.98,122.7,124.42,980371,123.98428
2026-08-21 09:50:00-04:00,2026-08-21T09:50:00,1787320200,122.77,124.465,124.49,121.05,122.2601,1183996,122.591897
2026-08-21 09:55:00-04:00,2026-08-21T09:55:00,1787320500,122.1,122.4341,122.92,121.28,122.0984,764310,122.167264
2026-08-21 10:00:00-04:00,2026-08-21T10:00:00,1787320800,121.3769,122.05,122.6038,120.15,120.4186,1132972,121.158924
2026-08-21 10:05:00-04:00,2026-08-21T10:05:00,1787321100,120.91065,120.385,121.46,120.3613,120.7402,785596,120.926783
2026-08-21 10:10:00-04:00,2026-08-21T10:10:00,1787321400,119.60454999999999,120.76,120.9691,118.24,118.38,1470189,119.604509
2026-08-21 10:15:00-04:00,2026-08-21T10:15:00,1787321700,118.425,118.37,119.52,117.33,117.34,1496043,118.220198
2026-08-21 10:20:00-04:00,2026-08-21T10:20:00,1787322000,118.26,117.3599,119.4,117.12,118.3,1186394,118.228009
2026-08-21 10:25:00-04:00,2026-08-21T10:25:00,1787322300,118.995,118.32,120.08,117.91,119.185,979990,119.365362
2026-08-21 10:30:00-04:00,2026-08-21T10:30:00,1787322600,119.59525,119.175,120.11,119.0805,119.13,679938,119.640064
2026-08-21 10:35:00-04:00,2026-08-21T10:35:00,1787322900,119.06495,119.1,119.4099,118.72,118.8501,407109,119.018331
2026-08-21 10:40:00-04:00,2026-08-21T10:40:00,1787323200,118.535,118.83,119.15,117.92,118.8,710151,118.411066
2026-08-21 10:45:00-04:00,2026-08-21T10:45:00,1787323500,119.00489999999999,118.75,119.4598,118.55,118.94,509798,118.994824
2026-08-21 10:50:00-04:00,2026-08-21T10:50:00,1787323800,118.3425,119.0,119.265,117.42,117.57,709911,118.33292
2026-08-21 10:55:00-04:00,2026-08-21T10:55:00,1787324100,117.435,117.585,118.16,116.71,117.29,1361300,117.291184
2026-08-21 11:00:00-04:00,2026-08-21T11:00:00,1787324400,117.625,117.35,118.19,117.06,118.0042,756916,117.720857
2026-08-21 11:05:00-04:00,2026-08-21T11:05:00,1787324700,117.91499999999999,118.005,118.46,117.37,118.365,575811,117.987304
2026-08-21 11:10:00-04:00,2026-08-21T11:10:00,1787325000,118.57249999999999,118.365,118.95,118.195,118.6999,404965,118.654495
2026-08-21 11:15:00-04:00,2026-08-21T11:15:00,1787325300,118.3125,118.65,118.965,117.66,118.23,419689,118.222192
2026-08-21 11:20:00-04:00,2026-08-21T11:20:00,1787325600,118.405,118.15,118.97,117.84,118.6,318549,118.482645
2026-08-21 11:25:00-04:00,2026-08-21T11:25:00,1787325900,118.78,118.6,119.17,118.39,119.0666,323617,118.895597
2026-08-21 11:30:00-04:00,2026-08-21T11:30:00,1787326200,119.35,119.06,119.74,118.96,119.71,799475,119.113985
2026-08-21 11:35:00-04:00,2026-08-21T11:35:00,1787326500,119.9125,119.6933,120.405,119.42,120.2,608913,119.884524
2026-08-21 11:40:00-04:00,2026-08-21T11:40:00,1787326800,120.36605,120.19,120.91,119.8221,119.9655,658992,120.438578
2026-08-21 11:45:00-04:00,2026-08-21T11:45:00,1787327100,119.8907,120.01,120.2293,119.5521,119.79,250409,119.822307
2026-08-21 11:50:00-04:00,2026-08-21T11:50:00,1787327400,120.33,119.79,120.89,119.77,120.4975,403776,120.54186
2026-08-21 11:55:00-04:00,2026-08-21T11:55:00,1787327700,119.89500000000001,120.44,120.48,119.31,119.5201,355797,119.783084
2026-08-21 12:00:00-04:00,2026-08-21T12:00:00,1787328000,119.6455,119.55,119.97,119.321,119.395,274102,119.603347
2026-08-21 12:05:00-04:00,2026-08-21T12:05:00,1787328300,118.85499999999999,119.4,119.49,118.22,118.3063,407815,118.959145
2026-08-21 12:10:00-04:00,2026-08-21T12:10:00,1787328600,118.55000000000001,118.3,118.92,118.18,118.455,378185,118.559656
2026-08-21 12:15:00-04:00,2026-08-21T12:15:00,1787328900,118.775,118.41,119.21,118.34,118.955,363817,118.909429
2026-08-21 12:20:00-04:00,2026-08-21T12:20:00,1787329200,119.22,118.955,119.89,118.55,118.8757,506856,119.134758
2026-08-21 12:25:00-04:00,2026-08-21T12:25:00,1787329500,118.875,118.896,119.1,118.65,118.99,146124,118.875283
2026-08-21 12:30:00-04:00,2026-08-21T12:30:00,1787329800,118.8459,118.945,119.09,118.6018,118.6018,121525,118.822489
2026-08-21 12:35:00-04:00,2026-08-21T12:35:00,1787330100,118.815,118.6,119.12,118.51,118.99,252560,118.739
2026-08-21 12:40:00-04:00,2026-08-21T12:40:00,1787330400,119.13055,118.98,119.2999,118.9612,119.14,167087,119.157324
2026-08-21 12:45:00-04:00,2026-08-21T12:45:00,1787330700,118.975,119.13,119.2,118.75,118.77,123464,118.9263
2026-08-21 12:50:00-04:00,2026-08-21T12:50:00,1787331000,118.625,118.76,118.84,118.41,118.45,185526,118.603471
2026-08-21 12:55:00-04:00,2026-08-21T12:55:00,1787331300,118.444,118.43,118.708,118.18,118.6,198621,118.444194
2026-08-21 13:00:00-04:00,2026-08-21T13:00:00,1787331600,118.7,118.6,118.9,118.5,118.73,119862,118.716563
2026-08-21 13:05:00-04:00,2026-08-21T13:05:00,1787331900,118.815,118.7148,119.0582,118.5718,118.79,114557,118.843541
2026-08-21 13:10:00-04:00,2026-08-21T13:10:00,1787332200,118.71504999999999,118.7975,118.83,118.6001,118.745,89554,118.718938
2026-08-21 13:15:00-04:00,2026-08-21T13:15:00,1787332500,118.614947,118.65,118.78,118.449894,118.6,157259,118.612813
2026-08-21 13:20:00-04:00,2026-08-21T13:20:00,1787332800,118.24000000000001,118.55,118.55,117.93,118.115,338180,118.1074
2026-08-21 13:25:00-04:00,2026-08-21T13:25:00,1787333100,118.41499999999999,118.13,118.88,117.95,118.72,195791,118.412281
2026-08-21 13:30:00-04:00,2026-08-21T13:30:00,1787333400,118.98435,118.77,119.2687,118.7,119.09,198017,118.978937
2026-08-21 13:35:00-04:00,2026-08-21T13:35:00,1787333700,119.40285,119.14,119.74,119.0657,119.5515,220460,119.477294
2026-08-21 13:40:00-04:00,2026-08-21T13:40:00,1787334000,119.695,119.535,119.98,119.41,119.975,193611,119.685897
2026-08-21 13:45:00-04:00,2026-08-21T13:45:00,1787334300,120.1,119.99,120.43,119.77,120.32,330863,120.18487
2026-08-21 13:50:00-04:00,2026-08-21T13:50:00,1787334600,120.32,120.34,120.5,120.14,120.2507,221594,120.340117
2026-08-21 13:55:00-04:00,2026-08-21T13:55:00,1787334900,120.22999999999999,120.26,120.39,120.07,120.345,157764,120.272168
2026-08-21 14:00:00-04:00,2026-08-21T14:00:00,1787335200,120.5585,120.34,120.85,120.267,120.74,286845,120.61369
2026-08-21 14:05:00-04:00,2026-08-21T14:05:00,1787335500,120.64375,120.72,120.86,120.4275,120.5,282106,120.653861
2026-08-21 14:10:00-04:00,2026-08-21T14:10:00,1787335800,120.4325,120.49,120.7,120.165,120.1685,172593,120.46278
2026-08-21 14:15:00-04:00,2026-08-21T14:15:00,1787336100,120.4049,120.19,120.6198,120.19,120.465,142260,120.418825
2026-08-21 14:20:00-04:00,2026-08-21T14:20:00,1787336400,120.7022,120.459,120.9539,120.4505,120.75,188754,120.742077
2026-08-21 14:25:00-04:00,2026-08-21T14:25:00,1787336700,120.47749999999999,120.77,120.835,120.12,120.145,147908,120.393248
2026-08-21 14:30:00-04:00,2026-08-21T14:30:00,1787337000,119.97165000000001,120.11,120.2095,119.7338,119.89,290366,119.925934
2026-08-21 14:35:00-04:00,2026-08-21T14:35:00,1787337300,120.11325,119.9,120.41,119.8165,119.9804,202214,120.107382
2026-08-21 14:40:00-04:00,2026-08-21T14:40:00,1787337600,120.10499999999999,120.03,120.25,119.96,120.13,107990,120.115614
2026-08-21 14:45:00-04:00,2026-08-21T14:45:00,1787337900,120.155,120.12,120.41,119.9,120.39,129061,120.173244
2026-08-21 14:50:00-04:00,2026-08-21T14:50:00,1787338200,120.495,120.365,120.65,120.34,120.39,198811,120.479188
2026-08-21 14:55:00-04:00,2026-08-21T14:55:00,1787338500,120.4625,120.35,120.68,120.245,120.6255,143618,120.485434
2026-08-21 15:00:00-04:00,2026-08-21T15:00:00,1787338800,120.82,120.61,121.1,120.54,120.71,354757,120.873594
2026-08-21 15:05:00-04:00,2026-08-21T15:05:00,1787339100,120.85,120.7399,121.12,120.58,120.81,217446,120.843778
2026-08-21 15:10:00-04:00,2026-08-21T15:10:00,1787339400,120.675,120.81,120.82,120.53,120.635,146957,120.651193
2026-08-21 15:15:00-04:00,2026-08-21T15:15:00,1787339700,120.82499999999999,120.645,121.13,120.52,120.7601,434355,120.865238
2026-08-21 15:20:00-04:00,2026-08-21T15:20:00,1787340000,120.8759,120.78,121.03,120.7218,121.0,407496,120.909898
2026-08-21 15:25:00-04:00,2026-08-21T15:25:00,1787340300,120.95249999999999,120.98,121.085,120.82,120.955,526223,120.963245
2026-08-21 15:30:00-04:00,2026-08-21T15:30:00,1787340600,121.105,120.95,121.31,120.9,120.96,1231523,121.15426
2026-08-21 15:35:00-04:00,2026-08-21T15:35:00,1787340900,120.763,120.97,120.9759,120.5501,120.6519,413713,120.714659
2026-08-21 15:40:00-04:00,2026-08-21T15:40:00,1787341200,120.3675,120.625,120.72,120.015,120.1809,579904,120.268083
2026-08-21 15:45:00-04:00,2026-08-21T15:45:00,1787341500,120.46000000000001,120.195,120.8,120.12,120.65,651125,120.566682
2026-08-21 15:50:00-04:00,2026-08-21T15:50:00,1787341800,120.245,120.65,120.77,119.72,119.92,999437,120.118638
2026-08-21 15:55:00-04:00,2026-08-21T15:55:00,1787342100,120.371,119.92,120.862,119.88,120.6,1923567,120.535769
2026-08-24 09:30:00-04:00,2026-08-24T09:30:00,1787578200,112.88499999999999,115.07,115.07,110.7,111.12,2597691,112.43871
2026-08-24 09:35:00-04:00,2026-08-24T09:35:00,1787578500,110.77,111.115,112.38,109.16,109.43,2641768,110.508388
2026-08-24 09:40:00-04:00,2026-08-24T09:40:00,1787578800,108.815,109.39,109.63,108.0,108.16,2483516,108.480225
2026-08-24 09:45:00-04:00,2026-08-24T09:45:00,1787579100,108.4572,108.15,109.6644,107.25,107.94,2585283,108.50207
2026-08-24 09:50:00-04:00,2026-08-24T09:50:00,1787579400,106.9375,107.8701,107.875,106.0,107.09,2869596,106.850003
2026-08-24 09:55:00-04:00,2026-08-24T09:55:00,1787579700,107.62,107.095,108.38,106.86,107.5331,1332918,107.535118
2026-08-24 10:00:00-04:00,2026-08-24T10:00:00,1787580000,106.8424,107.55,107.6,106.0848,106.43,1615611,106.889764
2026-08-24 10:05:00-04:00,2026-08-24T10:05:00,1787580300,106.955,106.42,107.58,106.33,107.19,1011582,107.178961
2026-08-24 10:10:00-04:00,2026-08-24T10:10:00,1787580600,106.92,107.21,107.4,106.44,107.315,1048884,106.791022
2026-08-24 10:15:00-04:00,2026-08-24T10:15:00,1787580900,106.82095,107.34,107.4819,106.16,106.32,1036537,106.718139
2026-08-24 10:20:00-04:00,2026-08-24T10:20:00,1787581200,106.995,106.33,107.8,106.19,107.05,1236371,107.15757
2026-08-24 10:25:00-04:00,2026-08-24T10:25:00,1787581500,106.8,107.06,107.35,106.25,106.95,906431,106.68833
2026-08-24 10:30:00-04:00,2026-08-24T10:30:00,1787581800,107.765,106.92,108.8,106.73,108.62,1199535,108.05365
2026-08-24 10:35:00-04:00,2026-08-24T10:35:00,1787582100,108.33005,108.63,108.89,107.7701,108.23,1293260,108.55342
2026-08-24 10:40:00-04:00,2026-08-24T10:40:00,1787582400,108.39,108.22,108.78,108.0,108.18,628728,108.314075
2026-08-24 10:45:00-04:00,2026-08-24T10:45:00,1787582700,108.265,108.19,108.75,107.78,108.73,571489,108.27743
2026-08-24 10:50:00-04:00,2026-08-24T10:50:00,1787583000,108.35,108.7,108.75,107.95,108.13,633233,108.270754
2026-08-24 10:55:00-04:00,2026-08-24T10:55:00,1787583300,107.745,108.15,108.34,107.15,107.26,653174,107.691641
2026-08-24 11:00:00-04:00,2026-08-24T11:00:00,1787583600,107.1885695,107.2699,107.61,106.767139,107.1675,721757,107.098359
2026-08-24 11:05:00-04:00,2026-08-24T11:05:00,1787583900,106.7825,107.1773,107.185,106.38,106.5,845016,106.671131
2026-08-24 11:10:00-04:00,2026-08-24T11:10:00,1787584200,106.64,106.5001,107.17,106.11,106.62,1053822,106.497177
2026-08-24 11:15:00-04:00,2026-08-24T11:15:00,1787584500,106.85499999999999,106.63,107.25,106.46,107.0559,450150,106.90721
2026-08-24 11:20:00-04:00,2026-08-24T11:20:00,1787584800,107.215,107.0583,107.72,106.71,107.66,413367,107.296788
2026-08-24 11:25:00-04:00,2026-08-24T11:25:00,1787585100,108.10495,107.7,108.6299,107.58,108.345,768731,108.002833
2026-08-24 11:30:00-04:00,2026-08-24T11:30:00,1787585400,108.595,108.3401,108.99,108.2,108.945,945706,108.682039
2026-08-24 11:35:00-04:00,2026-08-24T11:35:00,1787585700,109.34,108.955,109.89,108.79,109.86,825813,109.441343
2026-08-24 11:40:00-04:00,2026-08-24T11:40:00,1787586000,110.17,109.86,110.51,109.83,110.435,920430,110.244384
2026-08-24 11:45:00-04:00,2026-08-24T11:45:00,1787586300,111.05250000000001,110.45,111.655,110.45,111.135,976414,111.116211
2026-08-24 11:50:00-04:00,2026-08-24T11:50:00,1787586600,110.87899999999999,111.16,111.288,110.47,110.98,694193,110.916123
2026-08-24 11:55:00-04:00,2026-08-24T11:55:00,1787586900,110.45,110.92,110.95,109.95,110.7822,543433,110.363003
2026-08-24 12:00:00-04:00,2026-08-24T12:00:00,1787587200,110.7595,110.79,111.119,110.4,110.52,525884,110.820631
2026-08-24 12:05:00-04:00,2026-08-24T12:05:00,1787587500,110.795,110.5,111.19,110.4,110.71,341371,110.765188
2026-08-24 12:10:00-04:00,2026-08-24T12:10:00,1787587800,111.03595,110.6899,111.47,110.6019,111.47,455658,111.051888
2026-08-24 12:15:00-04:00,2026-08-24T12:15:00,1787588100,111.819,111.47,112.18,111.458,111.8,667364,111.856754
2026-08-24 12:20:00-04:00,2026-08-24T12:20:00,1787588400,112.1544,111.795,112.5988,111.71,112.281,390272,112.188123
2026-08-24 12:25:00-04:00,2026-08-24T12:25:00,1787588700,112.01755,112.26,112.345,111.6901,111.82,375726,112.007081
2026-08-24 12:30:00-04:00,2026-08-24T12:30:00,1787589000,111.525,111.825,112.1,110.95,110.995,397885,111.304772
2026-08-24 12:35:00-04:00,2026-08-24T12:35:00,1787589300,111.1173,110.99,111.41,110.8246,111.24,260189,111.155922
2026-08-24 12:40:00-04:00,2026-08-24T12:40:00,1787589600,110.95685,111.22,111.28,110.6337,110.92,212596,110.887659
2026-08-24 12:45:00-04:00,2026-08-24T12:45:00,1787589900,110.815,110.935,111.11,110.52,111.085,259750,110.822354
2026-08-24 12:50:00-04:00,2026-08-24T12:50:00,1787590200,110.89750000000001,111.09,111.13,110.665,110.9,163186,110.861156
2026-08-24 12:55:00-04:00,2026-08-24T12:55:00,1787590500,110.69505000000001,110.89,110.95,110.4401,110.5,179906,110.568072
2026-08-24 13:00:00-04:00,2026-08-24T13:00:00,1787590800,110.37,110.5,110.6,110.14,110.6,228117,110.356558
2026-08-24 13:05:00-04:00,2026-08-24T13:05:00,1787591100,111.09,110.6,111.63,110.55,111.52,308357,111.215698
2026-08-24 13:10:00-04:00,2026-08-24T13:10:00,1787591400,111.63499999999999,111.54,111.92,111.35,111.6205,325133,111.632836
2026-08-24 13:15:00-04:00,2026-08-24T13:15:00,1787591700,111.31,111.62,111.62,111.0,111.0,228208,111.349713
2026-08-24 13:20:00-04:00,2026-08-24T13:20:00,1787592000,110.63485,110.935,110.9997,110.27,110.5599,254847,110.540836
2026-08-24 13:25:00-04:00,2026-08-24T13:25:00,1787592300,110.4976,110.55,110.7952,110.2,110.27,197156,110.505538
2026-08-24 13:30:00-04:00,2026-08-24T13:30:00,1787592600,110.27000000000001,110.26,110.45,110.09,110.1205,274405,110.258486
2026-08-24 13:35:00-04:00,2026-08-24T13:35:00,1787592900,110.055,110.11,110.29,109.82,110.1187,273933,110.02775
2026-08-24 13:40:00-04:00,2026-08-24T13:40:00,1787593200,110.11994999999999,110.1699,110.32,109.9199,109.9201,197246,110.12415
2026-08-24 13:45:00-04:00,2026-08-24T13:45:00,1787593500,110.09025,109.91,110.32,109.8605,110.25,145905,110.103938
2026-08-24 13:50:00-04:00,2026-08-24T13:50:00,1787593800,110.26505,110.21,110.47,110.0601,110.315,146225,110.257617
2026-08-24 13:55:00-04:00,2026-08-24T13:55:00,1787594100,110.30025,110.33,110.45,110.1505,110.27,76146,110.291754
2026-08-24 14:00:00-04:00,2026-08-24T14:00:00,1787594400,110.75,110.32,111.23,110.27,111.1,246321,110.926654
2026-08-24 14:05:00-04:00,2026-08-24T14:05:00,1787594700,111.515,111.08,111.98,111.05,111.95,281860,111.62972
2026-08-24 14:10:00-04:00,2026-08-24T14:10:00,1787595000,112.00999999999999,111.95,112.25,111.77,112.2081,318559,111.967352
2026-08-24 14:15:00-04:00,2026-08-24T14:15:00,1787595300,112.19,112.22,112.57,111.81,112.06,361561,112.20473
2026-08-24 14:20:00-04:00,2026-08-24T14:20:00,1787595600,112.55995,112.04,113.1099,112.01,112.95,484645,112.754237
2026-08-24 14:25:00-04:00,2026-08-24T14:25:00,1787595900,112.83250000000001,112.9518,113.045,112.62,112.685,236378,112.812724
2026-08-24 14:30:00-04:00,2026-08-24T14:30:00,1787596200,112.93,112.72,113.2,112.66,113.13,314682,113.004
2026-08-24 14:35:00-04:00,2026-08-24T14:35:00,1787596500,112.84925,113.15,113.36,112.3385,112.56,329647,112.868828
2026-08-24 14:40:00-04:00,2026-08-24T14:40:00,1787596800,112.77525,112.595,113.06,112.4905,112.815,205653,112.766886
2026-08-24 14:45:00-04:00,2026-08-24T14:45:00,1787597100,112.555,112.78,112.83,112.28,112.38,146301,112.437726
2026-08-24 14:50:00-04:00,2026-08-24T14:50:00,1787597400,112.41,112.36,112.73,112.09,112.1799,206548,112.339394
2026-08-24 14:55:00-04:00,2026-08-24T14:55:00,1787597700,112.125,112.13,112.34,111.91,111.91,177853,112.05053
2026-08-24 15:00:00-04:00,2026-08-24T15:00:00,1787598000,112.1331,111.91,112.41,111.8562,112.345,308492,112.200675
2026-08-24 15:05:00-04:00,2026-08-24T15:05:00,1787598300,112.2125,112.345,112.565,111.86,111.98,389241,112.198813
2026-08-24 15:10:00-04:00,2026-08-24T15:10:00,1787598600,111.995,112.0,112.24,111.75,112.09,265882,111.980459
2026-08-24 15:15:00-04:00,2026-08-24T15:15:00,1787598900,111.765,112.08,112.15,111.38,112.15,464472,111.776031
2026-08-24 15:20:00-04:00,2026-08-24T15:20:00,1787599200,112.12565000000001,112.15,112.35,111.9013,111.93,425347,112.126372
2026-08-24 15:25:00-04:00,2026-08-24T15:25:00,1787599500,112.055,111.93,112.25,111.86,112.18,300904,112.073153
2026-08-24 15:30:00-04:00,2026-08-24T15:30:00,1787599800,112.24,112.18,112.85,111.63,111.66,2885366,112.537119
2026-08-24 15:35:00-04:00,2026-08-24T15:35:00,1787600100,111.2556,111.67,111.68,110.8312,111.135,857647,111.138636
2026-08-24 15:40:00-04:00,2026-08-24T15:40:00,1787600400,111.20949999999999,111.1435,111.419,111.0,111.38,794877,111.22505
2026-08-24 15:45:00-04:00,2026-08-24T15:45:00,1787600700,111.28715,111.39,111.4893,111.085,111.365,887076,111.303781
2026-08-24 15:50:00-04:00,2026-08-24T15:50:00,1787601000,110.58500000000001,111.365,111.42,109.75,110.57,2089779,110.362403
2026-08-24 15:55:00-04:00,2026-08-24T15:55:00,1787601300,110.78999999999999,110.6,111.48,110.1,111.16,2620327,111.062304
2026-08-25 09:30:00-04:00,2026-08-25T09:30:00,1787664600,117.94505,117.37,119.88,116.0101,119.8105,2362707,117.82872
2026-08-25 09:35:00-04:00,2026-08-25T09:35:00,1787664900,118.22,119.84,119.84,116.6,116.89,1431798,118.256788
2026-08-25 09:40:00-04:00,2026-08-25T09:40:00,1787665200,117.43795,116.87,118.1559,116.72,117.53,890287,117.45018
2026-08-25 09:45:00-04:00,2026-08-25T09:45:00,1787665500,118.18495,117.54,119.4899,116.88,118.6353,1265637,118.347536
2026-08-25 09:50:00-04:00,2026-08-25T09:50:00,1787665800,118.4229,118.675,119.1458,117.7,117.7232,819371,118.356963
2026-08-25 09:55:00-04:00,2026-08-25T09:55:00,1787666100,117.19995,117.71,117.7999,116.6,117.15,1053604,117.06599
2026-08-25 10:00:00-04:00,2026-08-25T10:00:00,1787666400,116.18055000000001,117.15,117.161,115.2001,115.69,1247017,116.212704
2026-08-25 10:05:00-04:00,2026-08-25T10:05:00,1787666700,116.105,115.72,116.65,115.56,116.0401,841621,116.115438
2026-08-25 10:10:00-04:00,2026-08-25T10:10:00,1787667000,116.09,116.07,116.93,115.25,115.355,703051,116.119986
2026-08-25 10:15:00-04:00,2026-08-25T10:15:00,1787667300,115.625,115.335,116.15,115.1,115.1716,789444,115.496545
2026-08-25 10:20:00-04:00,2026-08-25T10:20:00,1787667600,114.56,115.16,115.66,113.46,114.4238,1245114,114.534246
2026-08-25 10:25:00-04:00,2026-08-25T10:25:00,1787667900,114.6625,114.4,115.18,114.145,114.69,699020,114.825945
2026-08-25 10:30:00-04:00,2026-08-25T10:30:00,1787668200,114.46504999999999,114.7139,115.8,113.1301,114.765,1185055,114.690326
2026-08-25 10:35:00-04:00,2026-08-25T10:35:00,1787668500,115.57685000000001,114.75,116.4237,114.73,116.0,769133,115.728781
2026-08-25 10:40:00-04:00,2026-08-25T10:40:00,1787668800,115.2375,115.99,116.05,114.425,115.11,599345,115.089689
2026-08-25 10:45:00-04:00,2026-08-25T10:45:00,1787669100,114.9525,115.1,115.345,114.56,115.12,399989,115.037779
2026-08-25 10:50:00-04:00,2026-08-25T10:50:00,1787669400,115.60499999999999,115.06,116.19,115.02,115.69,486668,115.68409
2026-08-25 10:55:00-04:00,2026-08-25T10:55:00,1787669700,115.62,115.7,115.96,115.28,115.62,288105,115.621197
2026-08-25 11:00:00-04:00,2026-08-25T11:00:00,1787670000,115.25319999999999,115.615,115.6264,114.88,115.0,364050,115.205346
2026-08-25 11:05:00-04:00,2026-08-25T11:05:00,1787670300,115.305,115.0276,115.7,114.91,115.14,324593,115.229415
2026-08-25 11:10:00-04:00,2026-08-25T11:10:00,1787670600,115.25,115.17,115.4999,115.0001,115.15,158513,115.227806
2026-08-25 11:15:00-04:00,2026-08-25T11:15:00,1787670900,115.33500000000001,115.13,115.67,115.0,115.4851,267822,115.446322
2026-08-25 11:20:00-04:00,2026-08-25T11:20:00,1787671200,115.83500000000001,115.52,116.23,115.44,115.7,438294,115.910248
2026-08-25 11:25:00-04:00,2026-08-25T11:25:00,1787671500,116.015,115.71,116.5,115.53,116.38,304302,116.169668
2026-08-25 11:30:00-04:00,2026-08-25T11:30:00,1787671800,116.56935,116.41,117.0,116.1387,116.2,404710,116.431821
2026-08-25 11:35:00-04:00,2026-08-25T11:35:00,1787672100,116.51075,116.15,116.99,116.0315,116.085,344850,116.44402
2026-08-25 11:40:00-04:00,2026-08-25T11:40:00,1787672400,115.96255,116.07,116.215,115.7101,115.78,254384,115.928001
2026-08-25 11:45:00-04:00,2026-08-25T11:45:00,1787672700,115.51169999999999,115.75,115.7734,115.25,115.3601,255812,115.400138
2026-08-25 11:50:00-04:00,2026-08-25T11:50:00,1787673000,115.28505,115.34,115.5201,115.05,115.2722,240640,115.331589
2026-08-25 11:55:00-04:00,2026-08-25T11:55:00,1787673300,115.49945,115.26,115.7389,115.26,115.5,165438,115.524928
2026-08-25 12:00:00-04:00,2026-08-25T12:00:00,1787673600,115.85865000000001,115.515,116.29,115.4273,115.93,258735,115.96529
2026-08-25 12:05:00-04:00,2026-08-25T12:05:00,1787673900,116.2178,115.9356,116.5,115.9356,116.0,246842,116.199997
2026-08-25 12:10:00-04:00,2026-08-25T12:10:00,1787674200,116.13,116.0,116.32,115.94,116.27,145825,116.16613
2026-08-25 12:15:00-04:00,2026-08-25T12:15:00,1787674500,116.405,116.265,116.59,116.22,116.5,225572,116.424091
2026-08-25 12:20:00-04:00,2026-08-25T12:20:00,1787674800,116.525,116.515,116.72,116.33,116.4,244905,116.5555
2026-08-25 12:25:00-04:00,2026-08-25T12:25:00,1787675100,116.4575,116.39,116.615,116.3,116.5,145026,116.454038
2026-08-25 12:30:00-04:00,2026-08-25T12:30:00,1787675400,116.34004999999999,116.48,116.49,116.1901,116.27,71830,116.342948
2026-08-25 12:35:00-04:00,2026-08-25T12:35:00,1787675700,116.005,116.22,116.26,115.75,116.19,165341,115.982047
2026-08-25 12:40:00-04:00,2026-08-25T12:40:00,1787676000,115.86669549999999,116.18,116.183291,115.5501,115.695,120040,115.807018
2026-08-25 12:45:00-04:00,2026-08-25T12:45:00,1787676300,115.73304999999999,115.68,115.94,115.5261,115.7119,169318,115.700452
2026-08-25 12:50:00-04:00,2026-08-25T12:50:00,1787676600,115.5,115.72,115.75,115.25,115.3228,176235,115.452171
2026-08-25 12:55:00-04:00,2026-08-25T12:55:00,1787676900,115.45025000000001,115.35,115.67,115.2305,115.565,190920,115.370117
2026-08-25 13:00:00-04:00,2026-08-25T13:00:00,1787677200,115.4366,115.57,115.81,115.0632,115.08,265283,115.518839
2026-08-25 13:05:00-04:00,2026-08-25T13:05:00,1787677500,115.115,115.07,115.38,114.85,114.96,223600,115.063665
2026-08-25 13:10:00-04:00,2026-08-25T13:10:00,1787677800,114.88499999999999,114.965,115.08,114.69,115.07,190314,114.850521
2026-08-25 13:15:00-04:00,2026-08-25T13:15:00,1787678100,115.04005000000001,115.08,115.22,114.8601,115.14,157884,115.043411
2026-08-25 13:20:00-04:00,2026-08-25T13:20:00,1787678400,115.11,115.15,115.25,114.97,115.13,161796,115.106795
2026-08-25 13:25:00-04:00,2026-08-25T13:25:00,1787678700,114.97999999999999,115.12,115.19,114.77,114.95,170602,114.972369
2026-08-25 13:30:00-04:00,2026-08-25T13:30:00,1787679000,115.05969999999999,114.98,115.3094,114.81,115.23,161645,115.091169
2026-08-25 13:35:00-04:00,2026-08-25T13:35:00,1787679300,115.22515,115.225,115.4,115.0503,115.33,141719,115.230983
2026-08-25 13:40:00-04:00,2026-08-25T13:40:00,1787679600,115.17500000000001,115.32,115.34,115.01,115.11,90151,115.142581
2026-08-25 13:45:00-04:00,2026-08-25T13:45:00,1787679900,115.06755000000001,115.1,115.2351,114.9,115.2,113930,115.05542
2026-08-25 13:50:00-04:00,2026-08-25T13:50:00,1787680200,115.17105000000001,115.1857,115.33,115.0121,115.25,106168,115.169336
2026-08-25 13:55:00-04:00,2026-08-25T13:55:00,1787680500,115.1725,115.2563,115.33,115.015,115.075,102262,115.165371
2026-08-25 14:00:00-04:00,2026-08-25T14:00:00,1787680800,114.78,115.09,115.09,114.47,114.525,279379,114.701585
2026-08-25 14:05:00-04:00,2026-08-25T14:05:00,1787681100,114.64654999999999,114.51,114.8531,114.44,114.81,174253,114.65575
2026-08-25 14:10:00-04:00,2026-08-25T14:10:00,1787681400,114.81,114.82,114.95,114.67,114.75,130882,114.824094
2026-08-25 14:15:00-04:00,2026-08-25T14:15:00,1787681700,114.92475,114.7546,115.0995,114.75,115.04,157838,114.957541
2026-08-25 14:20:00-04:00,2026-08-25T14:20:00,1787682000,115.13499999999999,115.06,115.28,114.99,115.22,139792,115.159226
2026-08-25 14:25:00-04:00,2026-08-25T14:25:00,1787682300,115.09505,115.23,115.2401,114.95,115.0,141569,115.099637
2026-08-25 14:30:00-04:00,2026-08-25T14:30:00,1787682600,115.295,115.0,115.59,115.0,115.45,235943,115.368713
2026-08-25 14:35:00-04:00,2026-08-25T14:35:00,1787682900,115.72999999999999,115.4899,116.0,115.46,115.9,291528,115.819381
2026-08-25 14:40:00-04:00,2026-08-25T14:40:00,1787683200,115.89500000000001,115.8818,116.09,115.7,116.0731,254887,115.903659
2026-08-25 14:45:00-04:00,2026-08-25T14:45:00,1787683500,116.31,116.09,116.54,116.08,116.24,398670,116.310065
2026-08-25 14:50:00-04:00,2026-08-25T14:50:00,1787683800,115.98,116.235,116.26,115.7,115.88,322415,116.032715
2026-08-25 14:55:00-04:00,2026-08-25T14:55:00,1787684100,115.83995,115.845,115.9499,115.73,115.77,208022,115.824168
2026-08-25 15:00:00-04:00,2026-08-25T15:00:00,1787684400,115.7225,115.75,115.995,115.45,115.55,301912,115.665711
2026-08-25 15:05:00-04:00,2026-08-25T15:05:00,1787684700,115.6679,115.53,115.97,115.3658,115.94,309096,115.691939
2026-08-25 15:10:00-04:00,2026-08-25T15:10:00,1787685000,115.55505,115.92,115.96,115.1501,115.19,287618,115.560393
2026-08-25 15:15:00-04:00,2026-08-25T15:15:00,1787685300,115.10185,115.18,115.3137,114.89,115.09,386049,115.095447
2026-08-25 15:20:00-04:00,2026-08-25T15:20:00,1787685600,114.875,115.095,115.12,114.63,114.94,332157,114.784684
2026-08-25 15:25:00-04:00,2026-08-25T15:25:00,1787685900,115.035,114.93,115.35,114.72,115.3181,292013,115.016985
2026-08-25 15:30:00-04:00,2026-08-25T15:30:00,1787686200,114.875,115.31,115.33,114.42,114.65,2260894,114.739468
2026-08-25 15:35:00-04:00,2026-08-25T15:35:00,1787686500,114.725,114.62,114.89,114.56,114.77,529997,114.78387
2026-08-25 15:40:00-04:00,2026-08-25T15:40:00,1787686800,115.1,114.77,115.43,114.77,114.94,596498,115.104366
2026-08-25 15:45:00-04:00,2026-08-25T15:45:00,1787687100,114.8651,114.935,115.08,114.6502,114.72,656765,114.834989
2026-08-25 15:50:00-04:00,2026-08-25T15:50:00,1787687400,115.225,114.71,115.8,114.65,115.64,1235934,115.363332
2026-08-25 15:55:00-04:00,2026-08-25T15:55:00,1787687700,115.6425,115.66,116.035,115.25,115.84,2045191,115.732627
2026-08-26 09:30:00-04:00,2026-08-26T09:30:00,1787751000,115.685,114.7,116.76,114.61,115.54,1553748,115.772724
2026-08-26 09:35:00-04:00,2026-08-26T09:35:00,1787751300,115.58,115.51,116.5,114.66,115.72,781186,115.592606
2026-08-26 09:40:00-04:00,2026-08-26T09:40:00,1787751600,116.2175,115.7,117.19,115.245,116.58,991881,116.418249
2026-08-26 09:45:00-04:00,2026-08-26T09:45:00,1787751900,116.17965000000001,116.53,116.8893,115.47,115.5141,555817,116.113521
2026-08-26 09:50:00-04:00,2026-08-26T09:50:00,1787752200,115.8539,115.555,116.44,115.2678,116.3484,469877,115.989549
2026-08-26 09:55:00-04:00,2026-08-26T09:55:00,1787752500,116.445,116.34,116.89,116.0,116.545,445068,116.519144
2026-08-26 10:00:00-04:00,2026-08-26T10:00:00,1787752800,116.16855,116.51,116.5106,115.8265,115.89,360298,116.122507
2026-08-26 10:05:00-04:00,2026-08-26T10:05:00,1787753100,115.637,115.94,116.06,115.214,115.31,398109,115.600833
2026-08-26 10:10:00-04:00,2026-08-26T10:10:00,1787753400,114.69005,115.2749,115.36,114.0201,114.61,648466,114.654397
2026-08-26 10:15:00-04:00,2026-08-26T10:15:00,1787753700,114.47999999999999,114.57,114.82,114.14,114.156,371963,114.464764
2026-08-26 10:20:00-04:00,2026-08-26T10:20:00,1787754000,113.51214999999999,114.15,114.2043,112.82,113.43,873941,113.498227
2026-08-26 10:25:00-04:00,2026-08-26T10:25:00,1787754300,113.065,113.44,113.6,112.53,113.02,612800,113.010639
2026-08-26 10:30:00-04:00,2026-08-26T10:30:00,1787754600,113.62,113.0386,114.24,113.0,114.115,653214,113.760655
2026-08-26 10:35:00-04:00,2026-08-26T10:35:00,1787754900,114.125,114.1,114.6,113.65,114.3699,432273,114.236515
2026-08-26 10:40:00-04:00,2026-08-26T10:40:00,1787755200,114.59995,114.34,114.8899,114.31,114.685,416375,114.649918
2026-08-26 10:45:00-04:00,2026-08-26T10:45:00,1787755500,114.93125,114.67,115.4325,114.43,115.08,432277,114.978898
2026-08-26 10:50:00-04:00,2026-08-26T10:50:00,1787755800,115.17304999999999,115.1599,115.58,114.7661,114.95,419119,115.203254
2026-08-26 10:55:00-04:00,2026-08-26T10:55:00,1787756100,114.91,114.96,115.37,114.45,114.92,329722,114.876001
2026-08-26 11:00:00-04:00,2026-08-26T11:00:00,1787756400,115.162,114.97,115.52,114.804,115.2669,254993,115.207563
2026-08-26 11:05:00-04:00,2026-08-26T11:05:00,1787756700,115.38499999999999,115.2971,115.75,115.02,115.3,254003,115.403318
2026-08-26 11:10:00-04:00,2026-08-26T11:10:00,1787757000,115.08500000000001,115.34,115.42,114.75,115.0,205518,115.064969
2026-08-26 11:15:00-04:00,2026-08-26T11:15:00,1787757300,114.81,115.01,115.19,114.43,115.19,212471,114.758826
2026-08-26 11:20:00-04:00,2026-08-26T11:20:00,1787757600,115.075,115.185,115.39,114.76,115.06,141731,115.047654
2026-08-26 11:25:00-04:00,2026-08-26T11:25:00,1787757900,115.37925000000001,115.11,115.76,114.9985,115.6,202709,115.437566
2026-08-26 11:30:00-04:00,2026-08-26T11:30:00,1787758200,115.515,115.57,115.76,115.27,115.5,202792,115.557249
2026-08-26 11:35:00-04:00,2026-08-26T11:35:00,1787758500,115.83500000000001,115.47,116.2,115.47,115.89,304530,115.929793
2026-08-26 11:40:00-04:00,2026-08-26T11:40:00,1787758800,116.10749999999999,115.91,116.35,115.865,116.33,254741,116.179925
2026-08-26 11:45:00-04:00,2026-08-26T11:45:00,1787759100,116.13515000000001,116.3403,116.3403,115.93,116.1908,204628,116.155185
2026-08-26 11:50:00-04:00,2026-08-26T11:50:00,1787759400,115.76,116.2,116.26,115.26,115.4445,312281,115.675128
2026-08-26 11:55:00-04:00,2026-08-26T11:55:00,1787759700,115.475,115.39,115.69,115.26,115.3601,111239,115.489481
2026-08-26 12:00:00-04:00,2026-08-26T12:00:00,1787760000,115.0875,115.36,115.44,114.735,115.02,242146,114.97508
2026-08-26 12:05:00-04:00,2026-08-26T12:05:00,1787760300,114.89,114.94,115.15,114.63,114.63,204468,114.8561
2026-08-26 12:10:00-04:00,2026-08-26T12:10:00,1787760600,114.505,114.62,114.66,114.35,114.3931,242922,114.537312
2026-08-26 12:15:00-04:00,2026-08-26T12:15:00,1787760900,114.50694999999999,114.38,114.71,114.3039,114.71,139960,114.476975
2026-08-26 12:20:00-04:00,2026-08-26T12:20:00,1787761200,114.876,114.67,115.15,114.602,114.93,204740,114.938046
2026-08-26 12:25:00-04:00,2026-08-26T12:25:00,1787761500,114.91685,114.978,115.0837,114.75,114.9499,122376,114.942432
2026-08-26 12:30:00-04:00,2026-08-26T12:30:00,1787761800,115.06,114.9301,115.24,114.88,114.97,129696,115.092316
2026-08-26 12:35:00-04:00,2026-08-26T12:35:00,1787762100,114.81,114.97,115.01,114.61,114.6375,132728,114.847142
2026-08-26 12:40:00-04:00,2026-08-26T12:40:00,1787762400,114.5975,114.6,114.91,114.285,114.41,192358,114.559832
2026-08-26 12:45:00-04:00,2026-08-26T12:45:00,1787762700,114.57755,114.4135,114.7901,114.365,114.5401,148655,114.55425
2026-08-26 12:50:00-04:00,2026-08-26T12:50:00,1787763000,114.68,114.6,114.82,114.54,114.68,101849,114.666219
2026-08-26 12:55:00-04:00,2026-08-26T12:55:00,1787763300,115.02,114.66,115.38,114.66,115.3,211678,115.098432
2026-08-26 13:00:00-04:00,2026-08-26T13:00:00,1787763600,115.41999999999999,115.329,115.63,115.21,115.5,180236,115.422337
2026-08-26 13:05:00-04:00,2026-08-26T13:05:00,1787763900,115.488,115.495,115.716,115.26,115.66,131858,115.474692
2026-08-26 13:10:00-04:00,2026-08-26T13:10:00,1787764200,115.68,115.65,115.78,115.58,115.71,117618,115.693298
2026-08-26 13:15:00-04:00,2026-08-26T13:15:00,1787764500,115.80455,115.71,116.035,115.5741,115.82,205239,115.831904
2026-08-26 13:20:00-04:00,2026-08-26T13:20:00,1787764800,115.87,115.81,116.01,115.73,115.965,134759,115.871601
2026-08-26 13:25:00-04:00,2026-08-26T13:25:00,1787765100,115.88499999999999,115.98,116.05,115.72,115.8684,130145,115.888303
2026-08-26 13:30:00-04:00,2026-08-26T13:30:00,1787765400,115.8869,115.845,116.07,115.7038,116.04,122704,115.858667
2026-08-26 13:35:00-04:00,2026-08-26T13:35:00,1787765700,116.125,116.01,116.33,115.92,116.125,205150,116.127271
2026-08-26 13:40:00-04:00,2026-08-26T13:40:00,1787766000,116.155,116.14,116.31,116.0,116.14,142004,116.168251
2026-08-26 13:45:00-04:00,2026-08-26T13:45:00,1787766300,116.16,116.13,116.32,116.0,116.15,104576,116.150857
2026-08-26 13:50:00-04:00,2026-08-26T13:50:00,1787766600,116.22,116.1642,116.39,116.05,116.2005,137759,116.238616
2026-08-26 13:55:00-04:00,2026-08-26T13:55:00,1787766900,116.32505,116.2,116.49,116.1601,116.33,105236,116.358195
2026-08-26 14:00:00-04:00,2026-08-26T14:00:00,1787767200,116.115,116.32,116.32,115.91,116.085,142034,116.076371
2026-08-26 14:05:00-04:00,2026-08-26T14:05:00,1787767500,116.30494999999999,116.07,116.5399,116.07,116.4,149992,116.331596
2026-08-26 14:10:00-04:00,2026-08-26T14:10:00,1787767800,116.215,116.39,116.48,115.95,116.1,126477,116.152522
2026-08-26 14:15:00-04:00,2026-08-26T14:15:00,1787768100,116.07310000000001,116.04,116.23,115.9162,116.17,74770,116.069366
2026-08-26 14:20:00-04:00,2026-08-26T14:20:00,1787768400,116.13,116.1999,116.23,116.03,116.15,75477,116.127921
2026-08-26 14:25:00-04:00,2026-08-26T14:25:00,1787768700,116.07499999999999,116.129,116.19,115.96,116.125,73159,116.0997
2026-08-26 14:30:00-04:00,2026-08-26T14:30:00,1787769000,116.3175,116.095,116.54,116.095,116.53,135281,116.353584
2026-08-26 14:35:00-04:00,2026-08-26T14:35:00,1787769300,116.525,116.53,116.62,116.43,116.46,149893,116.536449
2026-08-26 14:40:00-04:00,2026-08-26T14:40:00,1787769600,116.46000000000001,116.45,116.62,116.3,116.388103,147088,116.473033
2026-08-26 14:45:00-04:00,2026-08-26T14:45:00,1787769900,116.61955,116.4,116.88,116.3591,116.71,224604,116.721704
2026-08-26 14:50:00-04:00,2026-08-26T14:50:00,1787770200,116.55250000000001,116.71,116.72,116.385,116.53,138366,116.545994
2026-08-26 14:55:00-04:00,2026-08-26T14:55:00,1787770500,116.59585,116.5,116.75,116.4417,116.59,159407,116.610552
2026-08-26 15:00:00-04:00,2026-08-26T15:00:00,1787770800,116.9431,116.56,117.3862,116.5,117.335,355681,116.968525
2026-08-26 15:05:00-04:00,2026-08-26T15:05:00,1787771100,117.0535,117.35,117.37,116.737,116.7699,238869,116.998424
2026-08-26 15:10:00-04:00,2026-08-26T15:10:00,1787771400,116.565,116.76,116.86,116.27,116.6,256185,116.579152
2026-08-26 15:15:00-04:00,2026-08-26T15:15:00,1787771700,116.72,116.59,116.9,116.54,116.865,242973,116.715122
2026-08-26 15:20:00-04:00,2026-08-26T15:20:00,1787772000,116.66,116.86,116.86,116.46,116.82,178309,116.631303
2026-08-26 15:25:00-04:00,2026-08-26T15:25:00,1787772300,116.9125,116.8,117.15,116.675,116.76,218812,116.88353
2026-08-26 15:30:00-04:00,2026-08-26T15:30:00,1787772600,116.5475,116.765,116.765,116.33,116.575,1023273,116.448979
2026-08-26 15:35:00-04:00,2026-08-26T15:35:00,1787772900,116.295,116.575,116.58,116.01,116.02,390918,116.31038
2026-08-26 15:40:00-04:00,2026-08-26T15:40:00,1787773200,116.0,116.03,116.28,115.72,115.76,444194,116.009775
2026-08-26 15:45:00-04:00,2026-08-26T15:45:00,1787773500,116.15,115.76,116.61,115.69,116.495,574977,116.147663
2026-08-26 15:50:00-04:00,2026-08-26T15:50:00,1787773800,116.06,116.52,116.58,115.54,115.6082,793846,115.982897
2026-08-26 15:55:00-04:00,2026-08-26T15:55:00,1787774100,116.025,115.63,116.68,115.37,116.665,1224775,116.246474
2026-08-27 09:30:00-04:00,2026-08-27T09:30:00,1787837400,123.72065,123.33,124.88,122.5613,122.71,2398489,123.652586
2026-08-27 09:35:00-04:00,2026-08-27T09:35:00,1787837700,122.3557,122.79,123.1014,121.61,122.7,2085660,122.323169
2026-08-27 09:40:00-04:00,2026-08-27T09:40:00,1787838000,122.8794,122.758,123.69,122.0688,122.712,1377897,122.916342
2026-08-27 09:45:00-04:00,2026-08-27T09:45:00,1787838300,121.105,122.75,122.95,119.26,120.02,2088707,120.803697
2026-08-27 09:50:00-04:00,2026-08-27T09:50:00,1787838600,121.025,120.07,122.0,120.05,121.15,1227953,121.320067
2026-08-27 09:55:00-04:00,2026-08-27T09:55:00,1787838900,119.45005,121.155,121.21,117.6901,118.93,2383890,118.870018
2026-08-27 10:00:00-04:00,2026-08-27T10:00:00,1787839200,119.68975,118.94,120.6995,118.68,120.3641,1663408,119.721519
2026-08-27 10:05:00-04:00,2026-08-27T10:05:00,1787839500,119.975,120.3966,120.86,119.09,119.9495,884966,119.983753
2026-08-27 10:10:00-04:00,2026-08-27T10:10:00,1787839800,121.0025,119.925,122.08,119.925,121.1199,1332065,121.146746
2026-08-27 10:15:00-04:00,2026-08-27T10:15:00,1787840100,121.515,121.07,122.13,120.9,121.79,793286,121.685382
2026-08-27 10:20:00-04:00,2026-08-27T10:20:00,1787840400,121.96000000000001,121.84,122.48,121.44,121.865,891407,122.022806
2026-08-27 10:25:00-04:00,2026-08-27T10:25:00,1787840700,122.235,121.865,122.96,121.51,122.69,754480,122.505463
2026-08-27 10:30:00-04:00,2026-08-27T10:30:00,1787841000,122.14495,122.77,122.8399,121.45,121.935,572285,122.071828
2026-08-27 10:35:00-04:00,2026-08-27T10:35:00,1787841300,121.53999999999999,121.9967,122.48,120.6,120.685,671545,121.459908
2026-08-27 10:40:00-04:00,2026-08-27T10:40:00,1787841600,120.64785,120.675,121.0747,120.221,120.7281,523893,120.646086
2026-08-27 10:45:00-04:00,2026-08-27T10:45:00,1787841900,121.095,120.7012,121.83,120.36,121.55,550323,121.143883
2026-08-27 10:50:00-04:00,2026-08-27T10:50:00,1787842200,121.18245,121.55,121.8099,120.555,121.08,482924,121.285177
2026-08-27 10:55:00-04:00,2026-08-27T10:55:00,1787842500,121.025,121.0867,121.655,120.395,121.35,412883,121.075051
2026-08-27 11:00:00-04:00,2026-08-27T11:00:00,1787842800,121.465,121.35,121.91,121.02,121.59,452498,121.489372
2026-08-27 11:05:00-04:00,2026-08-27T11:05:00,1787843100,121.75995,121.57,122.2699,121.25,122.2301,387582,121.922891
2026-08-27 11:10:00-04:00,2026-08-27T11:10:00,1787843400,122.01,122.25,122.29,121.73,122.03,263750,121.975766
2026-08-27 11:15:00-04:00,2026-08-27T11:15:00,1787843700,121.77035000000001,122.05,122.2297,121.311,121.55,387274,121.802426
2026-08-27 11:20:00-04:00,2026-08-27T11:20:00,1787844000,121.295,121.58,121.69,120.9,120.9,282917,121.220108
2026-08-27 11:25:00-04:00,2026-08-27T11:25:00,1787844300,120.88425000000001,120.9,121.0885,120.68,120.8987,275373,120.885624
2026-08-27 11:30:00-04:00,2026-08-27T11:30:00,1787844600,121.17145,120.92,121.5229,120.82,121.38,269191,121.184543
2026-08-27 11:35:00-04:00,2026-08-27T11:35:00,1787844900,120.91499999999999,121.38,121.45,120.38,120.76,370904,120.750825
2026-08-27 11:40:00-04:00,2026-08-27T11:40:00,1787845200,120.47,120.77,120.84,120.1,120.23,313220,120.396421
2026-08-27 11:45:00-04:00,2026-08-27T11:45:00,1787845500,119.9168,120.2536,120.2536,119.58,119.865,508066,119.883033
2026-08-27 11:50:00-04:00,2026-08-27T11:50:00,1787845800,120.705,119.855,121.57,119.84,121.5408,536350,120.773171
2026-08-27 11:55:00-04:00,2026-08-27T11:55:00,1787846100,121.415,121.555,121.65,121.18,121.4,328572,121.417197
2026-08-27 12:00:00-04:00,2026-08-27T12:00:00,1787846400,121.8625,121.39,122.35,121.375,122.05,465865,121.952809
2026-08-27 12:05:00-04:00,2026-08-27T12:05:00,1787846700,121.765,122.05,122.1,121.43,121.44,196900,121.734872
2026-08-27 12:10:00-04:00,2026-08-27T12:10:00,1787847000,121.33000000000001,121.465,121.65,121.01,121.24,181149,121.329183
2026-08-27 12:15:00-04:00,2026-08-27T12:15:00,1787847300,120.935,121.19,121.47,120.4,120.835,369734,120.913376
2026-08-27 12:20:00-04:00,2026-08-27T12:20:00,1787847600,120.765,120.87,120.97,120.56,120.6,153545,120.785244
2026-08-27 12:25:00-04:00,2026-08-27T12:25:00,1787847900,120.96000000000001,120.62,121.42,120.5,121.2675,238659,120.982079
2026-08-27 12:30:00-04:00,2026-08-27T12:30:00,1787848200,121.40995000000001,121.27,121.6699,121.15,121.6138,305168,121.387456
2026-08-27 12:35:00-04:00,2026-08-27T12:35:00,1787848500,121.785,121.62,122.07,121.5,121.93,367151,121.835643
2026-08-27 12:40:00-04:00,2026-08-27T12:40:00,1787848800,122.08515,121.97,122.23,121.9403,122.08,351220,122.104109
2026-08-27 12:45:00-04:00,2026-08-27T12:45:00,1787849100,122.205,122.0901,122.38,122.03,122.18,356050,122.228424
2026-08-27 12:50:00-04:00,2026-08-27T12:50:00,1787849400,121.96355,122.18,122.27,121.6571,121.91,225774,121.931907
2026-08-27 12:55:00-04:00,2026-08-27T12:55:00,1787849700,121.9045,121.92,122.059,121.75,121.97,155105,121.916204
2026-08-27 13:00:00-04:00,2026-08-27T13:00:00,1787850000,122.15,122.0058,122.39,121.91,122.21,219443,122.18643
2026-08-27 13:05:00-04:00,2026-08-27T13:05:00,1787850300,122.01055,122.21,122.25,121.7711,122.08,141958,122.018047
2026-08-27 13:10:00-04:00,2026-08-27T13:10:00,1787850600,122.07,122.0899,122.19,121.95,122.01,132132,122.065738
2026-08-27 13:15:00-04:00,2026-08-27T13:15:00,1787850900,122.04,122.01,122.18,121.9,122.0767,126374,122.038315
2026-08-27 13:20:00-04:00,2026-08-27T13:20:00,1787851200,122.195,122.09,122.44,121.95,122.4101,242432,122.231017
2026-08-27 13:25:00-04:00,2026-08-27T13:25:00,1787851500,121.82875,122.37,122.37,121.2875,121.39,259825,121.698898
2026-08-27 13:30:00-04:00,2026-08-27T13:30:00,1787851800,121.42925,121.42,121.67,121.1885,121.36,190991,121.445593
2026-08-27 13:35:00-04:00,2026-08-27T13:35:00,1787852100,121.375,121.35,121.64,121.11,121.205,178396,121.401874
2026-08-27 13:40:00-04:00,2026-08-27T13:40:00,1787852400,121.0955,121.2,121.36,120.831,120.8601,269333,121.129094
2026-08-27 13:45:00-04:00,2026-08-27T13:45:00,1787852700,120.81505,120.86,121.01,120.6201,120.845,221010,120.827162
2026-08-27 13:50:00-04:00,2026-08-27T13:50:00,1787853000,120.96495,120.845,121.2299,120.7,121.05,212078,120.98562
2026-08-27 13:55:00-04:00,2026-08-27T13:55:00,1787853300,120.82499999999999,121.07,121.1,120.55,120.71,170119,120.814635
2026-08-27 14:00:00-04:00,2026-08-27T14:00:00,1787853600,120.43,120.7301,120.85,120.01,120.01,291218,120.342347
2026-08-27 14:05:00-04:00,2026-08-27T14:05:00,1787853900,120.24,120.01,120.49,119.99,120.26,245115,120.214594
2026-08-27 14:10:00-04:00,2026-08-27T14:10:00,1787854200,120.2225,120.25,120.475,119.97,120.355,257995,120.200583
2026-08-27 14:15:00-04:00,2026-08-27T14:15:00,1787854500,120.27000000000001,120.3995,120.51,120.03,120.3,162592,120.267117
2026-08-27 14:20:00-04:00,2026-08-27T14:20:00,1787854800,120.10974999999999,120.29,120.3595,119.86,119.9271,189396,120.05887
2026-08-27 14:25:00-04:00,2026-08-27T14:25:00,1787855100,119.46000000000001,119.97,119.97,118.95,119.2464,443109,119.379388
2026-08-27 14:30:00-04:00,2026-08-27T14:30:00,1787855400,119.64945,119.28,120.0989,119.2,119.5011,386590,119.651413
2026-08-27 14:35:00-04:00,2026-08-27T14:35:00,1787855700,119.71000000000001,119.49,120.05,119.37,120.02,203072,119.727263
2026-08-27 14:40:00-04:00,2026-08-27T14:40:00,1787856000,120.00005,120.02,120.19,119.8101,120.09,165378,119.992135
2026-08-27 14:45:00-04:00,2026-08-27T14:45:00,1787856300,119.92,120.1,120.19,119.65,119.66,184727,119.995924
2026-08-27 14:50:00-04:00,2026-08-27T14:50:00,1787856600,119.75999999999999,119.67,119.96,119.56,119.9,157711,119.772468
2026-08-27 14:55:00-04:00,2026-08-27T14:55:00,1787856900,119.825,119.86,120.15,119.5,119.985,159388,119.877405
2026-08-27 15:00:00-04:00,2026-08-27T15:00:00,1787857200,120.16499999999999,120.01,120.48,119.85,120.35,263665,120.17357
2026-08-27 15:05:00-04:00,2026-08-27T15:05:00,1787857500,120.1388,120.36,120.5475,119.7301,120.32,278364,120.193038
2026-08-27 15:10:00-04:00,2026-08-27T15:10:00,1787857800,120.35,120.34,120.5,120.2,120.235,234874,120.379748
2026-08-27 15:15:00-04:00,2026-08-27T15:15:00,1787858100,120.45500000000001,120.251,120.68,120.23,120.595,402080,120.441454
2026-08-27 15:20:00-04:00,2026-08-27T15:20:00,1787858400,120.61495,120.59,120.7799,120.45,120.47,355368,120.619093
2026-08-27 15:25:00-04:00,2026-08-27T15:25:00,1787858700,120.46000000000001,120.49,120.72,120.2,120.2443,429943,120.473394
2026-08-27 15:30:00-04:00,2026-08-27T15:30:00,1787859000,120.4425,120.22,120.87,120.015,120.855,1120244,120.29717
2026-08-27 15:35:00-04:00,2026-08-27T15:35:00,1787859300,120.8056,120.87,120.935,120.6762,120.815,573046,120.86979
2026-08-27 15:40:00-04:00,2026-08-27T15:40:00,1787859600,120.81,120.8,120.94,120.68,120.84,475512,120.841542
2026-08-27 15:45:00-04:00,2026-08-27T15:45:00,1787859900,120.9975,120.82,121.25,120.745,121.2,1108722,120.957114
2026-08-27 15:50:00-04:00,2026-08-27T15:50:00,1787860200,121.53999999999999,121.19,122.16,120.92,122.0,1840330,121.60523
2026-08-27 15:55:00-04:00,2026-08-27T15:55:00,1787860500,122.68,122.01,123.59,121.77,123.17,3795322,122.957138
2026-08-28 09:30:00-04:00,2026-08-28T09:30:00,1787923800,118.96000000000001,119.92,120.2,117.72,118.32,1404302,118.637636
2026-08-28 09:35:00-04:00,2026-08-28T09:35:00,1787924100,118.72999999999999,118.335,119.94,117.52,119.85,1197283,118.690665
2026-08-28 09:40:00-04:00,2026-08-28T09:40:00,1787924400,120.44995,119.8,121.1999,119.7,120.06,988438,120.45935
2026-08-28 09:45:00-04:00,2026-08-28T09:45:00,1787924700,119.89,120.11,120.45,119.33,119.35,657488,119.944281
2026-08-28 09:50:00-04:00,2026-08-28T09:50:00,1787925000,119.2355,119.38,119.92,118.551,118.87,752671,119.187854
2026-08-28 09:55:00-04:00,2026-08-28T09:55:00,1787925300,119.5,118.88,120.25,118.75,119.1501,502654,119.497037
2026-08-28 10:00:00-04:00,2026-08-28T10:00:00,1787925600,119.47505,119.3,120.6,118.3501,119.39,1189818,119.510923
2026-08-28 10:05:00-04:00,2026-08-28T10:05:00,1787925900,118.41,119.305,119.35,117.47,117.89,1238445,118.130013
2026-08-28 10:10:00-04:00,2026-08-28T10:10:00,1787926200,117.53999999999999,117.92,118.56,116.52,117.14,1476741,117.36776
2026-08-28 10:15:00-04:00,2026-08-28T10:15:00,1787926500,117.905,117.16,118.72,117.09,118.235,832721,118.007843
2026-08-28 10:20:00-04:00,2026-08-28T10:20:00,1787926800,118.84100000000001,118.33,119.5219,118.1601,118.96,933765,118.941082
2026-08-28 10:25:00-04:00,2026-08-28T10:25:00,1787927100,118.89,119.07,119.5,118.28,119.48,578798,118.997717
2026-08-28 10:30:00-04:00,2026-08-28T10:30:00,1787927400,119.34530000000001,119.49,120.09,118.6006,120.03,668130,119.397614
2026-08-28 10:35:00-04:00,2026-08-28T10:35:00,1787927700,120.025,120.06,120.45,119.6,119.7,699062,120.069497
2026-08-28 10:40:00-04:00,2026-08-28T10:40:00,1787928000,119.7574,119.6,120.2313,119.2835,119.7922,382915,119.840241
2026-08-28 10:45:00-04:00,2026-08-28T10:45:00,1787928300,119.49000000000001,119.91,119.97,119.01,119.13,371044,119.508849
2026-08-28 10:50:00-04:00,2026-08-28T10:50:00,1787928600,119.13499999999999,119.08,119.57,118.7,118.78,503646,119.023632
2026-08-28 10:55:00-04:00,2026-08-28T10:55:00,1787928900,119.2,118.74,119.7,118.7,119.385,342443,119.323054
2026-08-28 11:00:00-04:00,2026-08-28T11:00:00,1787929200,119.155,119.31,119.62,118.69,118.8062,413118,119.084279
2026-08-28 11:05:00-04:00,2026-08-28T11:05:00,1787929500,118.515,118.7795,118.97,118.06,118.1199,505259,118.446234
2026-08-28 11:10:00-04:00,2026-08-28T11:10:00,1787929800,118.0,118.07,118.34,117.66,117.82,612839,117.97564
2026-08-28 11:15:00-04:00,2026-08-28T11:15:00,1787930100,118.025,117.81,118.28,117.77,118.02,307295,117.996358
2026-08-28 11:20:00-04:00,2026-08-28T11:20:00,1787930400,117.825,117.97,118.34,117.31,117.81,436168,117.7368
2026-08-28 11:25:00-04:00,2026-08-28T11:25:00,1787930700,117.9875,117.8,118.265,117.71,117.9,213714,117.94517
2026-08-28 11:30:00-04:00,2026-08-28T11:30:00,1787931000,117.6,117.92,117.92,117.28,117.28,299725,117.645415
2026-08-28 11:35:00-04:00,2026-08-28T11:35:00,1787931300,117.035,117.295,117.49,116.58,116.6201,653416,117.023185
2026-08-28 11:40:00-04:00,2026-08-28T11:40:00,1787931600,116.0,116.622,116.64,115.36,115.555,1055923,115.911837
2026-08-28 11:45:00-04:00,2026-08-28T11:45:00,1787931900,114.82,115.55,115.56,114.08,114.33,1197939,114.796582
2026-08-28 11:50:00-04:00,2026-08-28T11:50:00,1787932200,113.8926,114.29,114.6352,113.15,114.095,1283214,113.804958
2026-08-28 11:55:00-04:00,2026-08-28T11:55:00,1787932500,112.965,114.07,114.07,111.86,111.9997,1477824,112.610502
2026-08-28 12:00:00-04:00,2026-08-28T12:00:00,1787932800,111.44475,112.07,112.2495,110.64,111.3,1993305,111.435508
2026-08-28 12:05:00-04:00,2026-08-28T12:05:00,1787933100,112.375,111.3359,113.55,111.2,113.5,1379263,112.477109
2026-08-28 12:10:00-04:00,2026-08-28T12:10:00,1787933400,112.85175000000001,113.53,113.53,112.1735,112.32,1039701,112.884145
2026-08-28 12:15:00-04:00,2026-08-28T12:15:00,1787933700,111.835,112.32,112.6,111.07,111.4617,866642,111.737524
2026-08-28 12:20:00-04:00,2026-08-28T12:20:00,1787934000,111.31495,111.47,111.7499,110.88,111.53,749390,111.23256
2026-08-28 12:25:00-04:00,2026-08-28T12:25:00,1787934300,111.62004999999999,111.47,111.92,111.3201,111.54,559848,111.592432
2026-08-28 12:30:00-04:00,2026-08-28T12:30:00,1787934600,111.33500000000001,111.505,111.92,110.75,110.75,601602,111.455403
2026-08-28 12:35:00-04:00,2026-08-28T12:35:00,1787934900,111.26495,110.7504,111.8499,110.68,111.485,737896,111.308819
2026-08-28 12:40:00-04:00,2026-08-28T12:40:00,1787935200,111.12004999999999,111.48,111.49,110.7501,111.21,444361,111.063805
2026-08-28 12:45:00-04:00,2026-08-28T12:45:00,1787935500,112.03,111.22,112.87,111.19,112.575,658487,112.210686
2026-08-28 12:50:00-04:00,2026-08-28T12:50:00,1787935800,112.69855,112.6,113.1771,112.22,112.2905,540151,112.623311
2026-08-28 12:55:00-04:00,2026-08-28T12:55:00,1787936100,112.2243,112.3061,112.5685,111.8801,112.05,346840,112.179575
2026-08-28 13:00:00-04:00,2026-08-28T13:00:00,1787936400,111.375,112.05,112.05,110.7,111.22,902146,111.216617
2026-08-28 13:05:00-04:00,2026-08-28T13:05:00,1787936700,110.715,111.22,111.22,110.21,110.85,752970,110.644861
2026-08-28 13:10:00-04:00,2026-08-28T13:10:00,1787937000,111.03755000000001,110.85,111.465,110.6101,111.4,476515,111.047723
2026-08-28 13:15:00-04:00,2026-08-28T13:15:00,1787937300,111.36449999999999,111.385,111.679,111.05,111.5,201365,111.371302
2026-08-28 13:20:00-04:00,2026-08-28T13:20:00,1787937600,111.30494999999999,111.42,111.6599,110.95,111.5,285678,111.182931
2026-08-28 13:25:00-04:00,2026-08-28T13:25:00,1787937900,111.66,111.55,112.07,111.25,111.55,368231,111.76194
2026-08-28 13:30:00-04:00,2026-08-28T13:30:00,1787938200,111.88495,111.5399,112.3399,111.43,112.05,346945,111.990106
2026-08-28 13:35:00-04:00,2026-08-28T13:35:00,1787938500,111.975,112.06,112.48,111.47,111.575,403822,112.038816
2026-08-28 13:40:00-04:00,2026-08-28T13:40:00,1787938800,111.69995,111.5416,111.9799,111.42,111.915,194407,111.755142
2026-08-28 13:45:00-04:00,2026-08-28T13:45:00,1787939100,112.4,111.895,112.98,111.82,112.8701,451834,112.573845
2026-08-28 13:50:00-04:00,2026-08-28T13:50:00,1787939400,112.805,112.8783,113.05,112.56,112.91,388969,112.829405
2026-08-28 13:55:00-04:00,2026-08-28T13:55:00,1787939700,112.62,112.89,112.89,112.35,112.62,198545,112.590616
2026-08-28 14:00:00-04:00,2026-08-28T14:00:00,1787940000,112.38,112.6581,112.76,112.0,112.0001,209235,112.379017
2026-08-28 14:05:00-04:00,2026-08-28T14:05:00,1787940300,112.235,112.0001,112.47,112.0,112.17,162763,112.255887
2026-08-28 14:10:00-04:00,2026-08-28T14:10:00,1787940600,112.2,112.215,112.47,111.93,111.94,203299,112.193518
2026-08-28 14:15:00-04:00,2026-08-28T14:15:00,1787940900,112.05,111.94,112.22,111.88,112.125,181616,112.053899
2026-08-28 14:20:00-04:00,2026-08-28T14:20:00,1787941200,112.155,112.13,112.5,111.81,112.04,263928,112.149339
2026-08-28 14:25:00-04:00,2026-08-28T14:25:00,1787941500,112.13,112.0,112.36,111.9,112.01,156559,112.151633
2026-08-28 14:30:00-04:00,2026-08-28T14:30:00,1787941800,112.07894999999999,111.9801,112.3579,111.8,112.33,233102,112.076383
2026-08-28 14:35:00-04:00,2026-08-28T14:35:00,1787942100,112.205,112.33,112.56,111.85,111.87,245892,112.21776
2026-08-28 14:40:00-04:00,2026-08-28T14:40:00,1787942400,111.88499999999999,111.84,112.22,111.55,111.85,254629,111.793481
2026-08-28 14:45:00-04:00,2026-08-28T14:45:00,1787942700,111.57749999999999,111.81,111.835,111.32,111.44,232834,111.540432
2026-08-28 14:50:00-04:00,2026-08-28T14:50:00,1787943000,111.135,111.43,111.43,110.84,111.1201,406283,111.047836
2026-08-28 14:55:00-04:00,2026-08-28T14:55:00,1787943300,111.055,111.14,111.28,110.83,111.105,248978,111.094367
2026-08-28 15:00:00-04:00,2026-08-28T15:00:00,1787943600,111.4,111.11,111.87,110.93,111.49,512923,111.522219
2026-08-28 15:05:00-04:00,2026-08-28T15:05:00,1787943900,111.5,111.485,111.98,111.02,111.955,780259,111.520513
2026-08-28 15:10:00-04:00,2026-08-28T15:10:00,1787944200,111.6754,111.955,111.9699,111.3809,111.725,497470,111.665042
2026-08-28 15:15:00-04:00,2026-08-28T15:15:00,1787944500,111.765,111.7465,112.08,111.45,112.04,586230,111.701307
2026-08-28 15:20:00-04:00,2026-08-28T15:20:00,1787944800,112.05000000000001,112.05,112.34,111.76,112.035,705012,112.020032
2026-08-28 15:25:00-04:00,2026-08-28T15:25:00,1787945100,112.245,112.06,112.65,111.84,112.49,809993,112.32912
2026-08-28 15:30:00-04:00,2026-08-28T15:30:00,1787945400,112.3425,112.5,112.65,112.035,112.2142,2511192,112.405444
2026-08-28 15:35:00-04:00,2026-08-28T15:35:00,1787945700,111.99000000000001,112.2,112.23,111.75,112.025,909811,111.93461
2026-08-28 15:40:00-04:00,2026-08-28T15:40:00,1787946000,112.2525,112.0432,112.47,112.035,112.33,913357,112.29054
2026-08-28 15:45:00-04:00,2026-08-28T15:45:00,1787946300,112.145,112.33,112.46,111.83,112.3299,1095714,112.107031
2026-08-28 15:50:00-04:00,2026-08-28T15:50:00,1787946600,112.155,112.33,112.88,111.43,111.77,1932988,111.986094
2026-08-28 15:55:00-04:00,2026-08-28T15:55:00,1787946900,111.68,111.76,112.11,111.25,111.37,2444495,111.65086
2026-08-31 09:30:00-04:00,2026-08-31T09:30:00,1788183000,113.65,112.41,115.05,112.25,114.35,1864212,114.017506
2026-08-31 09:35:00-04:00,2026-08-31T09:35:00,1788183300,112.97485,114.35,114.365,111.5847,111.63,1245298,112.813719
2026-08-31 09:40:00-04:00,2026-08-31T09:40:00,1788183600,112.20500000000001,111.7,113.12,111.29,112.53,847001,112.39611
2026-08-31 09:45:00-04:00,2026-08-31T09:45:00,1788183900,113.19545,112.49,114.2,112.1909,113.17,814707,113.183867
2026-08-31 09:50:00-04:00,2026-08-31T09:50:00,1788184200,113.15,113.17,113.8,112.5,113.66,555599,113.299347
2026-08-31 09:55:00-04:00,2026-08-31T09:55:00,1788184500,113.57,113.645,113.9,113.24,113.4613,444315,113.595347
2026-08-31 10:00:00-04:00,2026-08-31T10:00:00,1788184800,113.42505,113.5687,114.1701,112.68,113.025,545148,113.46746
2026-08-31 10:05:00-04:00,2026-08-31T10:05:00,1788185100,112.95750000000001,113.04,113.435,112.48,112.48,333281,112.851946
2026-08-31 10:10:00-04:00,2026-08-31T10:10:00,1788185400,112.61005,112.4801,112.95,112.2701,112.77,378938,112.551524
2026-08-31 10:15:00-04:00,2026-08-31T10:15:00,1788185700,112.945,112.7499,113.39,112.5,113.02,441498,112.920181
2026-08-31 10:20:00-04:00,2026-08-31T10:20:00,1788186000,112.785,113.005,113.35,112.22,112.225,404722,112.761674
2026-08-31 10:25:00-04:00,2026-08-31T10:25:00,1788186300,112.255,112.22,112.46,112.05,112.2,415409,112.215366
2026-08-31 10:30:00-04:00,2026-08-31T10:30:00,1788186600,112.14495,112.13,112.4699,111.82,112.41,575490,112.098396
2026-08-31 10:35:00-04:00,2026-08-31T10:35:00,1788186900,112.6325,112.36,113.1,112.165,112.825,356813,112.728199
2026-08-31 10:40:00-04:00,2026-08-31T10:40:00,1788187200,112.93145,112.7936,113.1729,112.69,112.94,230525,112.95837
2026-08-31 10:45:00-04:00,2026-08-31T10:45:00,1788187500,112.545,113.0,113.04,112.05,112.15,322422,112.47356
2026-08-31 10:50:00-04:00,2026-08-31T10:50:00,1788187800,112.06197,112.15,112.42,111.70394,112.18,356228,112.063566
2026-08-31 10:55:00-04:00,2026-08-31T10:55:00,1788188100,112.1,112.155,112.5,111.7,111.86,336039,112.187693
2026-08-31 11:00:00-04:00,2026-08-31T11:00:00,1788188400,111.75999999999999,111.84,112.27,111.25,111.5194,499947,111.630945
2026-08-31 11:05:00-04:00,2026-08-31T11:05:00,1788188700,111.4736,111.48,111.7972,111.15,111.155,359964,111.430621
2026-08-31 11:10:00-04:00,2026-08-31T11:10:00,1788189000,111.14,111.15,111.42,110.86,111.335,482106,111.136416
2026-08-31 11:15:00-04:00,2026-08-31T11:15:00,1788189300,111.20745,111.3041,111.4999,110.915,111.3,251648,111.177884
2026-08-31 11:20:00-04:00,2026-08-31T11:20:00,1788189600,111.41499999999999,111.3,111.7,111.13,111.65,204552,111.532482
2026-08-31 11:25:00-04:00,2026-08-31T11:25:00,1788189900,111.78,111.66,112.1,111.46,111.68,297122,111.837436
2026-08-31 11:30:00-04:00,2026-08-31T11:30:00,1788190200,111.475,111.65,111.8,111.15,111.4,255892,111.440479
2026-08-31 11:35:00-04:00,2026-08-31T11:35:00,1788190500,111.28999999999999,111.38,111.48,111.1,111.34,166771,111.282941
2026-08-31 11:40:00-04:00,2026-08-31T11:40:00,1788190800,111.20835,111.3604,111.3866,111.0301,111.37,140033,111.154678
2026-08-31 11:45:00-04:00,2026-08-31T11:45:00,1788191100,111.3434,111.34,111.545,111.1418,111.255,158868,111.353458
2026-08-31 11:50:00-04:00,2026-08-31T11:50:00,1788191400,111.29310000000001,111.255,111.5352,111.051,111.075,223480,111.329203
2026-08-31 11:55:00-04:00,2026-08-31T11:55:00,1788191700,110.9645,111.06,111.149,110.78,110.85,258470,110.914809
2026-08-31 12:00:00-04:00,2026-08-31T12:00:00,1788192000,110.695,110.86,110.89,110.5,110.565,350617,110.628232
2026-08-31 12:05:00-04:00,2026-08-31T12:05:00,1788192300,110.55250000000001,110.555,110.775,110.33,110.45,332017,110.507047
2026-08-31 12:10:00-04:00,2026-08-31T12:10:00,1788192600,110.83500000000001,110.4486,111.25,110.42,110.945,449137,110.883386
2026-08-31 12:15:00-04:00,2026-08-31T12:15:00,1788192900,110.955,110.9438,111.11,110.8,111.09,205825,110.976868
2026-08-31 12:20:00-04:00,2026-08-31T12:20:00,1788193200,111.2,111.1,111.31,111.09,111.18,250350,111.160417
2026-08-31 12:25:00-04:00,2026-08-31T12:25:00,1788193500,111.47,111.2,111.75,111.19,111.74,277260,111.492166
2026-08-31 12:30:00-04:00,2026-08-31T12:30:00,1788193800,111.70505,111.75,111.85,111.5601,111.5891,173100,111.675261
2026-08-31 12:35:00-04:00,2026-08-31T12:35:00,1788194100,111.69005,111.6052,111.83,111.5501,111.5501,207313,111.694807
2026-08-31 12:40:00-04:00,2026-08-31T12:40:00,1788194400,111.8,111.55,112.14,111.46,111.86,292369,111.904428
2026-08-31 12:45:00-04:00,2026-08-31T12:45:00,1788194700,111.82595,111.86,112.0319,111.62,111.88,131839,111.82074
2026-08-31 12:50:00-04:00,2026-08-31T12:50:00,1788195000,111.995,111.89,112.16,111.83,112.07,128182,112.063304
2026-08-31 12:55:00-04:00,2026-08-31T12:55:00,1788195300,112.11500000000001,112.0447,112.26,111.97,112.245,184075,112.148974
2026-08-31 13:00:00-04:00,2026-08-31T13:00:00,1788195600,112.08,112.2,112.21,111.95,112.0101,111179,112.063711
2026-08-31 13:05:00-04:00,2026-08-31T13:05:00,1788195900,112.06,112.07,112.2,111.92,112.015,366943,112.005809
2026-08-31 13:10:00-04:00,2026-08-31T13:10:00,1788196200,111.8475,112.005,112.015,111.68,111.685,134015,111.812997
2026-08-31 13:15:00-04:00,2026-08-31T13:15:00,1788196500,111.695,111.69,111.86,111.53,111.61,88205,111.664954
2026-08-31 13:20:00-04:00,2026-08-31T13:20:00,1788196800,111.59,111.5301,111.74,111.44,111.6599,80787,111.616117
2026-08-31 13:25:00-04:00,2026-08-31T13:25:00,1788197100,111.47749999999999,111.6399,111.645,111.31,111.36,111532,111.418271
2026-08-31 13:30:00-04:00,2026-08-31T13:30:00,1788197400,111.4475,111.365,111.59,111.305,111.305,101452,111.430574
2026-08-31 13:35:00-04:00,2026-08-31T13:35:00,1788197700,111.51490000000001,111.31,111.7198,111.31,111.7198,87248,111.562123
2026-08-31 13:40:00-04:00,2026-08-31T13:40:00,1788198000,111.855,111.69,112.04,111.67,111.9995,143325,111.882488
2026-08-31 13:45:00-04:00,2026-08-31T13:45:00,1788198300,111.995,112.0,112.09,111.9,111.92,133715,111.972578
2026-08-31 13:50:00-04:00,2026-08-31T13:50:00,1788198600,112.055,111.91,112.21,111.9,112.17,230131,112.124437
2026-08-31 13:55:00-04:00,2026-08-31T13:55:00,1788198900,111.9859,112.15,112.19,111.7818,111.9,128148,111.979792
2026-08-31 14:00:00-04:00,2026-08-31T14:00:00,1788199200,112.1275,111.91,112.405,111.85,112.398,164008,112.173157
2026-08-31 14:05:00-04:00,2026-08-31T14:05:00,1788199500,112.495,112.38,112.7,112.29,112.56,201097,112.542004
2026-08-31 14:10:00-04:00,2026-08-31T14:10:00,1788199800,112.505,112.56,112.6,112.41,112.4399,79020,112.484201
2026-08-31 14:15:00-04:00,2026-08-31T14:15:00,1788200100,112.5625,112.43,112.7,112.425,112.58,125335,112.584177
2026-08-31 14:20:00-04:00,2026-08-31T14:20:00,1788200400,112.64495,112.57,112.8399,112.45,112.805,136798,112.61671
2026-08-31 14:25:00-04:00,2026-08-31T14:25:00,1788200700,112.61,112.8,112.82,112.4,112.42,115460,112.61844
2026-08-31 14:30:00-04:00,2026-08-31T14:30:00,1788201000,112.3632,112.415,112.5263,112.2001,112.2353,135286,112.399078
2026-08-31 14:35:00-04:00,2026-08-31T14:35:00,1788201300,112.02815,112.27,112.3483,111.708,111.71,188748,111.981439
2026-08-31 14:40:00-04:00,2026-08-31T14:40:00,1788201600,111.575,111.71,111.75,111.4,111.64,268819,111.539958
2026-08-31 14:45:00-04:00,2026-08-31T14:45:00,1788201900,111.49945,111.6868,111.6868,111.3121,111.62,255577,111.472271
2026-08-31 14:50:00-04:00,2026-08-31T14:50:00,1788202200,111.57,111.605,111.7,111.44,111.615,162269,111.599086
2026-08-31 14:55:00-04:00,2026-08-31T14:55:00,1788202500,111.5,111.595,111.68,111.32,111.33,218518,111.560682
2026-08-31 15:00:00-04:00,2026-08-31T15:00:00,1788202800,111.48,111.34,111.62,111.34,111.3601,142751,111.454169
2026-08-31 15:05:00-04:00,2026-08-31T15:05:00,1788203100,111.375,111.3699,111.45,111.3,111.34,170729,111.362699
2026-08-31 15:10:00-04:00,2026-08-31T15:10:00,1788203400,111.47999999999999,111.33,111.63,111.33,111.58,158826,111.471169
2026-08-31 15:15:00-04:00,2026-08-31T15:15:00,1788203700,111.60245,111.58,111.7362,111.4687,111.67,167084,111.598412
2026-08-31 15:20:00-04:00,2026-08-31T15:20:00,1788204000,111.88,111.68,112.1,111.66,112.025,201443,111.867166
2026-08-31 15:25:00-04:00,2026-08-31T15:25:00,1788204300,112.09909999999999,112.02,112.31,111.8882,111.96,360522,112.079095
2026-08-31 15:30:00-04:00,2026-08-31T15:30:00,1788204600,112.0325,111.945,112.235,111.83,112.06,213900,111.984819
2026-08-31 15:35:00-04:00,2026-08-31T15:35:00,1788204900,112.16,112.05,112.32,112.0,112.3,155077,112.205398
2026-08-31 15:40:00-04:00,2026-08-31T15:40:00,1788205200,112.41,112.3199,112.55,112.27,112.48,381946,112.464748
2026-08-31 15:45:00-04:00,2026-08-31T15:45:00,1788205500,112.34,112.48,112.56,112.12,112.365,625939,112.420965
2026-08-31 15:50:00-04:00,2026-08-31T15:50:00,1788205800,112.66499999999999,112.39,112.94,112.39,112.64,1850418,112.786446
2026-08-31 15:55:00-04:00,2026-08-31T15:55:00,1788206100,112.75,112.62,113.11,112.39,112.845,2320580,112.826338
2026-09-01 09:30:00-04:00,2026-09-01T09:30:00,1788269400,105.87899999999999,106.355,106.57,105.188,105.4196,2064356,105.874619
2026-09-01 09:35:00-04:00,2026-09-01T09:35:00,1788269700,104.72005,105.4537,106.0,103.4401,104.08,2650173,104.550632
2026-09-01 09:40:00-04:00,2026-09-01T09:40:00,1788270000,103.305,104.08,104.3,102.31,103.28,2367559,103.075376
2026-09-01 09:45:00-04:00,2026-09-01T09:45:00,1788270300,103.58000000000001,103.32,104.15,103.01,104.07,1412700,103.565155
2026-09-01 09:50:00-04:00,2026-09-01T09:50:00,1788270600,104.055,104.07,104.47,103.64,104.255,1309228,104.119821
2026-09-01 09:55:00-04:00,2026-09-01T09:55:00,1788270900,103.95495,104.27,104.4599,103.45,103.525,883538,103.8525
2026-09-01 10:00:00-04:00,2026-09-01T10:00:00,1788271200,103.45505,103.59,104.0,102.9101,103.16,1013489,103.37569
2026-09-01 10:05:00-04:00,2026-09-01T10:05:00,1788271500,103.61245,103.165,104.0599,103.165,103.77,673172,103.73438
2026-09-01 10:10:00-04:00,2026-09-01T10:10:00,1788271800,103.15504999999999,103.785,103.85,102.4601,102.695,1140954,103.002882
2026-09-01 10:15:00-04:00,2026-09-01T10:15:00,1788272100,103.00195,102.68,103.4739,102.53,102.685,877279,102.916883
2026-09-01 10:20:00-04:00,2026-09-01T10:20:00,1788272400,103.01995,102.7,103.3999,102.64,102.74,639776,102.924719
2026-09-01 10:25:00-04:00,2026-09-01T10:25:00,1788272700,102.89,102.72,103.25,102.53,102.62,738134,102.845986
2026-09-01 10:30:00-04:00,2026-09-01T10:30:00,1788273000,103.1868,102.61,103.7836,102.59,103.715,971001,103.449362
2026-09-01 10:35:00-04:00,2026-09-01T10:35:00,1788273300,103.75505,103.715,104.02,103.4901,103.794,775436,103.836948
2026-09-01 10:40:00-04:00,2026-09-01T10:40:00,1788273600,104.22,103.8157,104.8,103.64,104.8,706244,104.228312
2026-09-01 10:45:00-04:00,2026-09-01T10:45:00,1788273900,105.17500000000001,104.8,105.7,104.65,105.2742,1358719,105.16578
2026-09-01 10:50:00-04:00,2026-09-01T10:50:00,1788274200,105.305,105.28,105.58,105.03,105.065,657997,105.306724
2026-09-01 10:55:00-04:00,2026-09-01T10:55:00,1788274500,105.47,105.09,105.92,105.02,105.9099,628509,105.354942
2026-09-01 11:00:00-04:00,2026-09-01T11:00:00,1788274800,106.30000000000001,105.92,106.7,105.9,106.38,1158263,106.295742
2026-09-01 11:05:00-04:00,2026-09-01T11:05:00,1788275100,106.0575,106.37,106.405,105.71,105.85,589107,106.031425
2026-09-01 11:10:00-04:00,2026-09-01T11:10:00,1788275400,105.79,105.865,106.04,105.54,105.54,423147,105.827872
2026-09-01 11:15:00-04:00,2026-09-01T11:15:00,1788275700,105.45,105.54,105.67,105.23,105.48,385359,105.44061
2026-09-01 11:20:00-04:00,2026-09-01T11:20:00,1788276000,105.7799,105.47,106.2,105.3598,106.1599,368920,105.858125
2026-09-01 11:25:00-04:00,2026-09-01T11:25:00,1788276300,106.33500000000001,106.14,106.62,106.05,106.62,674835,106.014107
2026-09-01 11:30:00-04:00,2026-09-01T11:30:00,1788276600,106.6293,106.62,106.89,106.3686,106.5401,587520,106.631453
2026-09-01 11:35:00-04:00,2026-09-01T11:35:00,1788276900,106.845,106.58,107.24,106.45,107.2219,619207,107.010583
2026-09-01 11:40:00-04:00,2026-09-01T11:40:00,1788277200,107.5395,107.2075,107.929,107.15,107.89,767010,107.461474
2026-09-01 11:45:00-04:00,2026-09-01T11:45:00,1788277500,108.255,107.88,108.64,107.87,108.19,794569,108.280702
2026-09-01 11:50:00-04:00,2026-09-01T11:50:00,1788277800,108.025,108.2,108.3,107.75,108.0205,542054,107.987106
2026-09-01 11:55:00-04:00,2026-09-01T11:55:00,1788278100,107.725,108.05,108.1,107.35,107.6099,429484,107.685939
2026-09-01 12:00:00-04:00,2026-09-01T12:00:00,1788278400,107.52414999999999,107.615,107.74,107.3083,107.36,208787,107.497346
2026-09-01 12:05:00-04:00,2026-09-01T12:05:00,1788278700,107.08500000000001,107.3,107.36,106.81,107.23,462199,107.082641
2026-09-01 12:10:00-04:00,2026-09-01T12:10:00,1788279000,107.21,107.235,107.46,106.96,107.155,307646,107.228866
2026-09-01 12:15:00-04:00,2026-09-01T12:15:00,1788279300,106.9352,107.1101,107.24,106.6304,106.69,306887,106.980733
2026-09-01 12:20:00-04:00,2026-09-01T12:20:00,1788279600,106.3299,106.6861,106.6861,105.9737,106.02,573130,106.223042
2026-09-01 12:25:00-04:00,2026-09-01T12:25:00,1788279900,105.6925,106.01,106.135,105.25,105.525,627607,105.599426
2026-09-01 12:30:00-04:00,2026-09-01T12:30:00,1788280200,105.07900000000001,105.5,105.638,104.52,104.56,690055,104.913563
2026-09-01 12:35:00-04:00,2026-09-01T12:35:00,1788280500,104.9545,104.58,105.379,104.53,105.3697,405369,105.060898
2026-09-01 12:40:00-04:00,2026-09-01T12:40:00,1788280800,105.375,105.368,105.7,105.05,105.18,383389,105.402158
2026-09-01 12:45:00-04:00,2026-09-01T12:45:00,1788281100,105.497965,105.19,105.85,105.14593,105.8483,272490,105.512721
2026-09-01 12:50:00-04:00,2026-09-01T12:50:00,1788281400,105.905,105.8499,106.12,105.69,106.0,341802,105.954843
2026-09-01 12:55:00-04:00,2026-09-01T12:55:00,1788281700,106.32375,106.045,106.6175,106.03,106.4095,394142,106.436636
2026-09-01 13:00:00-04:00,2026-09-01T13:00:00,1788282000,106.0,106.3801,106.45,105.55,105.55,263496,105.978285
2026-09-01 13:05:00-04:00,2026-09-01T13:05:00,1788282300,105.53735,105.54,105.82,105.2547,105.3,222454,105.509439
2026-09-01 13:10:00-04:00,2026-09-01T13:10:00,1788282600,105.235,105.34,105.45,105.02,105.26,242022,105.277082
2026-09-01 13:15:00-04:00,2026-09-01T13:15:00,1788282900,105.0298,105.25,105.3596,104.7,104.76,296573,104.899174
2026-09-01 13:20:00-04:00,2026-09-01T13:20:00,1788283200,104.87375,104.8025,105.03,104.7175,104.96,180887,104.876546
2026-09-01 13:25:00-04:00,2026-09-01T13:25:00,1788283500,104.78815,104.98,105.25,104.3263,105.205,450010,104.757291
2026-09-01 13:30:00-04:00,2026-09-01T13:30:00,1788283800,105.22375,105.19,105.49,104.9575,105.15,290775,105.243624
2026-09-01 13:35:00-04:00,2026-09-01T13:35:00,1788284100,105.04305,105.1891,105.3061,104.78,104.78,147417,104.976175
2026-09-01 13:40:00-04:00,2026-09-01T13:40:00,1788284400,104.93,104.78,105.08,104.78,104.9,115666,104.94351
2026-09-01 13:45:00-04:00,2026-09-01T13:45:00,1788284700,104.78,104.92,105.1,104.46,104.555,377658,104.733804
2026-09-01 13:50:00-04:00,2026-09-01T13:50:00,1788285000,104.715,104.54,104.97,104.46,104.5812,312408,104.705982
2026-09-01 13:55:00-04:00,2026-09-01T13:55:00,1788285300,104.56,104.56,104.71,104.41,104.6152,185107,104.548934
2026-09-01 14:00:00-04:00,2026-09-01T14:00:00,1788285600,104.5,104.605,104.8,104.2,104.28,223738,104.45141
2026-09-01 14:05:00-04:00,2026-09-01T14:05:00,1788285900,104.305,104.251,104.4899,104.1201,104.4497,228152,104.284526
2026-09-01 14:10:00-04:00,2026-09-01T14:10:00,1788286200,104.185,104.43,104.52,103.85,103.98,339136,104.074109
2026-09-01 14:15:00-04:00,2026-09-01T14:15:00,1788286500,104.015,103.99,104.3,103.73,104.19,294896,104.011257
2026-09-01 14:20:00-04:00,2026-09-01T14:20:00,1788286800,104.17975000000001,104.19,104.3195,104.04,104.2201,144938,104.183322
2026-09-01 14:25:00-04:00,2026-09-01T14:25:00,1788287100,103.97999999999999,104.22,104.36,103.6,104.01,305969,103.930484
2026-09-01 14:30:00-04:00,2026-09-01T14:30:00,1788287400,104.0,104.0,104.24,103.76,103.835,203909,103.995333
2026-09-01 14:35:00-04:00,2026-09-01T14:35:00,1788287700,103.82505,103.81,104.02,103.6301,103.82,231253,103.815082
2026-09-01 14:40:00-04:00,2026-09-01T14:40:00,1788288000,103.47495,103.83,103.9099,103.04,103.05,604909,103.350577
2026-09-01 14:45:00-04:00,2026-09-01T14:45:00,1788288300,103.155,103.0508,103.61,102.7,103.51,962591,103.087917
2026-09-01 14:50:00-04:00,2026-09-01T14:50:00,1788288600,103.525,103.5,103.76,103.29,103.69,393197,103.544883
2026-09-01 14:55:00-04:00,2026-09-01T14:55:00,1788288900,103.97749999999999,103.685,104.325,103.63,104.283,557731,104.06783
2026-09-01 15:00:00-04:00,2026-09-01T15:00:00,1788289200,104.595,104.28,104.98,104.21,104.949,631829,104.567773
2026-09-01 15:05:00-04:00,2026-09-01T15:05:00,1788289500,104.98995,104.95,105.2799,104.7,105.18,837058,105.015068
2026-09-01 15:10:00-04:00,2026-09-01T15:10:00,1788289800,105.3435,105.2,105.66,105.027,105.61,559639,105.332186
2026-09-01 15:15:00-04:00,2026-09-01T15:15:00,1788290100,105.49000000000001,105.625,105.7,105.28,105.411,485620,105.491336
2026-09-01 15:20:00-04:00,2026-09-01T15:20:00,1788290400,105.3975,105.43,105.725,105.07,105.725,508802,105.382866
2026-09-01 15:25:00-04:00,2026-09-01T15:25:00,1788290700,105.89750000000001,105.71,106.14,105.655,106.1,811895,105.91327
2026-09-01 15:30:00-04:00,2026-09-01T15:30:00,1788291000,105.7425,106.1177,106.24,105.245,105.7205,2320746,105.907863
2026-09-01 15:35:00-04:00,2026-09-01T15:35:00,1788291300,105.48750000000001,105.72,105.825,105.15,105.21,610870,105.450561
2026-09-01 15:40:00-04:00,2026-09-01T15:40:00,1788291600,105.45495,105.19,105.7899,105.12,105.73,889495,105.54789
2026-09-01 15:45:00-04:00,2026-09-01T15:45:00,1788291900,105.7325,105.75,106.075,105.39,105.895,922398,105.801681
2026-09-01 15:50:00-04:00,2026-09-01T15:50:00,1788292200,105.305,105.88,105.88,104.73,105.09,1479705,105.170071
2026-09-01 15:55:00-04:00,2026-09-01T15:55:00,1788292500,105.555,105.08,106.03,105.08,105.745,2298128,105.671842
2026-09-02 09:30:00-04:00,2026-09-02T09:30:00,1788355800,104.64500000000001,104.5,105.7,103.59,104.9,1467749,104.597118
2026-09-02 09:35:00-04:00,2026-09-02T09:35:00,1788356100,104.64,104.92,105.38,103.9,105.38,857592,104.517909
2026-09-02 09:40:00-04:00,2026-09-02T09:40:00,1788356400,105.335,105.39,105.96,104.71,104.875,1025290,105.386935
2026-09-02 09:45:00-04:00,2026-09-02T09:45:00,1788356700,103.925,104.9,105.08,102.77,102.95,1341605,103.772255
2026-09-02 09:50:00-04:00,2026-09-02T09:50:00,1788357000,102.3841,102.99,103.3682,101.4,101.615,1858227,102.291518
2026-09-02 09:55:00-04:00,2026-09-02T09:55:00,1788357300,102.05000000000001,101.6,102.76,101.34,102.69,1543240,101.998691
2026-09-02 10:00:00-04:00,2026-09-02T10:00:00,1788357600,102.88499999999999,102.66,103.47,102.3,103.437,1274212,102.833855
2026-09-02 10:05:00-04:00,2026-09-02T10:05:00,1788357900,103.91499999999999,103.4418,104.45,103.38,104.337,1097265,103.926579
2026-09-02 10:10:00-04:00,2026-09-02T10:10:00,1788358200,104.6725,104.35,105.17,104.175,105.14,979419,104.677628
2026-09-02 10:15:00-04:00,2026-09-02T10:15:00,1788358500,105.68005,105.16,106.4,104.9601,106.32,1245119,105.796631
2026-09-02 10:20:00-04:00,2026-09-02T10:20:00,1788358800,106.345,106.325,106.75,105.94,106.12,1174841,106.346241
2026-09-02 10:25:00-04:00,2026-09-02T10:25:00,1788359100,106.275,106.115,106.74,105.81,106.68,755594,106.264815
2026-09-02 10:30:00-04:00,2026-09-02T10:30:00,1788359400,107.18979999999999,106.66,108.0,106.3796,107.88,1107316,107.202838
2026-09-02 10:35:00-04:00,2026-09-02T10:35:00,1788359700,107.24504999999999,107.89,108.07,106.4201,106.8371,1137562,107.366024
2026-09-02 10:40:00-04:00,2026-09-02T10:40:00,1788360000,106.64994999999999,106.84,107.02,106.2799,106.75,601574,106.710576
2026-09-02 10:45:00-04:00,2026-09-02T10:45:00,1788360300,106.08250000000001,106.725,106.745,105.42,105.78,754214,106.012602
2026-09-02 10:50:00-04:00,2026-09-02T10:50:00,1788360600,105.54405,105.75,105.8781,105.21,105.485,525272,105.539064
2026-09-02 10:55:00-04:00,2026-09-02T10:55:00,1788360900,105.305,105.46,105.79,104.82,105.03,514391,105.335746
2026-09-02 11:00:00-04:00,2026-09-02T11:00:00,1788361200,105.0469435,105.035,105.4499,104.643987,105.355,569715,104.979397
2026-09-02 11:05:00-04:00,2026-09-02T11:05:00,1788361500,105.58000000000001,105.355,106.12,105.04,106.1,482378,105.602193
2026-09-02 11:10:00-04:00,2026-09-02T11:10:00,1788361800,105.99600000000001,106.11,106.25,105.742,106.1495,411341,106.026339
2026-09-02 11:15:00-04:00,2026-09-02T11:15:00,1788362100,106.3692,106.1,106.68,106.0584,106.4,449608,106.455551
2026-09-02 11:20:00-04:00,2026-09-02T11:20:00,1788362400,106.33500000000001,106.39,106.69,105.98,106.19,325000,106.289732
2026-09-02 11:25:00-04:00,2026-09-02T11:25:00,1788362700,106.54495,106.2009,106.8999,106.19,106.86,303397,106.58861
2026-09-02 11:30:00-04:00,2026-09-02T11:30:00,1788363000,107.001,106.85,107.27,106.732,107.14,395659,107.002273
2026-09-02 11:35:00-04:00,2026-09-02T11:35:00,1788363300,107.00925000000001,107.145,107.3,106.7185,106.845,364838,107.023581
2026-09-02 11:40:00-04:00,2026-09-02T11:40:00,1788363600,107.295,106.86,107.73,106.86,107.595,398019,107.337703
2026-09-02 11:45:00-04:00,2026-09-02T11:45:00,1788363900,107.3291,107.62,107.63,107.0282,107.08,402305,107.258178
2026-09-02 11:50:00-04:00,2026-09-02T11:50:00,1788364200,107.0925,107.08,107.39,106.795,107.0501,322277,107.087101
2026-09-02 11:55:00-04:00,2026-09-02T11:55:00,1788364500,107.22,107.06,107.67,106.77,107.5599,341774,107.181201
2026-09-02 12:00:00-04:00,2026-09-02T12:00:00,1788364800,107.44,107.56,107.68,107.2,107.5729,265275,107.488722
2026-09-02 12:05:00-04:00,2026-09-02T12:05:00,1788365100,107.695,107.59,107.9,107.49,107.58,243000,107.729103
2026-09-02 12:10:00-04:00,2026-09-02T12:10:00,1788365400,107.54,107.6,107.79,107.29,107.4864,257853,107.495619
2026-09-02 12:15:00-04:00,2026-09-02T12:15:00,1788365700,107.2025,107.48,107.525,106.88,107.1,269237,107.164023
2026-09-02 12:20:00-04:00,2026-09-02T12:20:00,1788366000,107.00475,107.115,107.1995,106.81,107.04,160449,106.997567
2026-09-02 12:25:00-04:00,2026-09-02T12:25:00,1788366300,106.7525,107.05,107.15,106.355,106.51,305374,106.646541
2026-09-02 12:30:00-04:00,2026-09-02T12:30:00,1788366600,106.725,106.5626,106.98,106.47,106.7598,214768,106.752229
2026-09-02 12:35:00-04:00,2026-09-02T12:35:00,1788366900,106.70995,106.78,106.9899,106.43,106.4592,198235,106.748534
2026-09-02 12:40:00-04:00,2026-09-02T12:40:00,1788367200,106.32974999999999,106.47,106.5495,106.11,106.165,232097,106.268035
2026-09-02 12:45:00-04:00,2026-09-02T12:45:00,1788367500,106.23,106.18,106.43,106.03,106.1793,191601,106.20382
2026-09-02 12:50:00-04:00,2026-09-02T12:50:00,1788367800,106.03,106.18,106.26,105.8,106.2,288960,106.024405
2026-09-02 12:55:00-04:00,2026-09-02T12:55:00,1788368100,106.2009,106.225,106.4,106.0018,106.38,174716,106.262296
2026-09-02 13:00:00-04:00,2026-09-02T13:00:00,1788368400,106.62975,106.38,106.8895,106.37,106.685,275348,106.668688
2026-09-02 13:05:00-04:00,2026-09-02T13:05:00,1788368700,106.2625,106.71,106.885,105.64,105.74,355010,106.165763
2026-09-02 13:10:00-04:00,2026-09-02T13:10:00,1788369000,105.97999999999999,105.721,106.25,105.71,106.06,172036,105.957939
2026-09-02 13:15:00-04:00,2026-09-02T13:15:00,1788369300,105.9725,106.08,106.115,105.83,106.0,81477,105.963671
2026-09-02 13:20:00-04:00,2026-09-02T13:20:00,1788369600,106.06995,106.02,106.2499,105.89,106.06,118058,106.097338
2026-09-02 13:25:00-04:00,2026-09-02T13:25:00,1788369900,106.11240000000001,106.06,106.25,105.9748,106.2,91469,106.117874
2026-09-02 13:30:00-04:00,2026-09-02T13:30:00,1788370200,106.14500000000001,106.1996,106.29,106.0,106.0047,132135,106.187111
2026-09-02 13:35:00-04:00,2026-09-02T13:35:00,1788370500,106.095,106.015,106.21,105.98,106.0615,109084,106.089993
2026-09-02 13:40:00-04:00,2026-09-02T13:40:00,1788370800,106.06,106.03,106.23,105.89,106.207,157277,106.053279
2026-09-02 13:45:00-04:00,2026-09-02T13:45:00,1788371100,106.3675,106.2,106.56,106.175,106.1954,179318,106.384078
2026-09-02 13:50:00-04:00,2026-09-02T13:50:00,1788371400,106.065,106.2,106.25,105.88,105.99,107417,106.047879
2026-09-02 13:55:00-04:00,2026-09-02T13:55:00,1788371700,105.8725,105.97,106.0,105.745,105.885,107940,105.871901
2026-09-02 14:00:00-04:00,2026-09-02T14:00:00,1788372000,105.71125,105.88,105.9025,105.52,105.82,173815,105.697795
2026-09-02 14:05:00-04:00,2026-09-02T14:05:00,1788372300,105.86314999999999,105.8199,106.1,105.6263,105.78,165010,105.855031
2026-09-02 14:10:00-04:00,2026-09-02T14:10:00,1788372600,105.67,105.76,105.83,105.51,105.7,146858,105.648438
2026-09-02 14:15:00-04:00,2026-09-02T14:15:00,1788372900,105.88005000000001,105.7084,106.31,105.4501,105.885,384005,105.814164
2026-09-02 14:20:00-04:00,2026-09-02T14:20:00,1788373200,105.86,105.86,106.0,105.72,106.0,112240,105.892893
2026-09-02 14:25:00-04:00,2026-09-02T14:25:00,1788373500,105.93995000000001,106.02,106.1199,105.76,105.84,138103,105.914441
2026-09-02 14:30:00-04:00,2026-09-02T14:30:00,1788373800,106.02000000000001,105.865,106.25,105.79,105.93,144017,106.046608
2026-09-02 14:35:00-04:00,2026-09-02T14:35:00,1788374100,105.93,105.92,106.05,105.81,105.8838,115513,105.917554
2026-09-02 14:40:00-04:00,2026-09-02T14:40:00,1788374400,105.85995,105.9052,105.9499,105.77,105.93,92499,105.863793
2026-09-02 14:45:00-04:00,2026-09-02T14:45:00,1788374700,106.1625,105.93,106.44,105.885,106.35,163167,106.179315
2026-09-02 14:50:00-04:00,2026-09-02T14:50:00,1788375000,106.25450000000001,106.37,106.42,106.089,106.25,112279,106.237583
2026-09-02 14:55:00-04:00,2026-09-02T14:55:00,1788375300,106.4275,106.265,106.6,106.255,106.46,202529,106.466179
2026-09-02 15:00:00-04:00,2026-09-02T15:00:00,1788375600,106.38499999999999,106.43,106.52,106.25,106.37,264398,106.381404
2026-09-02 15:05:00-04:00,2026-09-02T15:05:00,1788375900,106.47749999999999,106.355,106.6,106.355,106.475,202435,106.513944
2026-09-02 15:10:00-04:00,2026-09-02T15:10:00,1788376200,106.435,106.47,106.56,106.31,106.33,198657,106.423052
2026-09-02 15:15:00-04:00,2026-09-02T15:15:00,1788376500,106.24000000000001,106.31,106.43,106.05,106.26,272587,106.177047
2026-09-02 15:20:00-04:00,2026-09-02T15:20:00,1788376800,106.14750000000001,106.2505,106.36,105.935,106.0701,235567,106.171117
2026-09-02 15:25:00-04:00,2026-09-02T15:25:00,1788377100,106.105,106.076,106.31,105.9,106.27,251672,106.1204
2026-09-02 15:30:00-04:00,2026-09-02T15:30:00,1788377400,106.24005,106.265,106.37,106.1101,106.329,1027079,106.246316
2026-09-02 15:35:00-04:00,2026-09-02T15:35:00,1788377700,106.20505,106.33,106.33,106.0801,106.0943,249592,106.192753
2026-09-02 15:40:00-04:00,2026-09-02T15:40:00,1788378000,106.01,106.1095,106.12,105.9,106.09,180212,106.040741
2026-09-02 15:45:00-04:00,2026-09-02T15:45:00,1788378300,106.19,106.09,106.29,106.09,106.21,319031,106.215952
2026-09-02 15:50:00-04:00,2026-09-02T15:50:00,1788378600,106.18,106.24,106.42,105.94,106.3,605262,106.172513
2026-09-02 15:55:00-04:00,2026-09-02T15:55:00,1788378900,106.215,106.29,106.43,106.0,106.36,2419667,106.290192
2026-09-03 09:30:00-04:00,2026-09-03T09:30:00,1788442200,101.41,103.0,103.4,99.42,100.1,3735788,100.871686
2026-09-03 09:35:00-04:00,2026-09-03T09:35:00,1788442500,99.95495,100.0601,101.2899,98.62,101.25,3346379,99.98767
2026-09-03 09:40:00-04:00,2026-09-03T09:40:00,1788442800,101.52250000000001,101.2661,102.255,100.79,101.35,2202211,101.57136
2026-09-03 09:45:00-04:00,2026-09-03T09:45:00,1788443100,101.6588,101.28,102.3676,100.95,102.22,1232645,101.767057
2026-09-03 09:50:00-04:00,2026-09-03T09:50:00,1788443400,101.81005,102.235,102.54,101.0801,101.6287,1218198,101.814196
2026-09-03 09:55:00-04:00,2026-09-03T09:55:00,1788443700,101.375,101.59,101.9,100.85,101.245,881536,101.26651
2026-09-03 10:00:00-04:00,2026-09-03T10:00:00,1788444000,100.45005,101.17,101.39,99.5101,100.055,1829575,100.103865
2026-09-03 10:05:00-04:00,2026-09-03T10:05:00,1788444300,99.69,100.055,100.38,99.0,99.67,1695971,99.616687
2026-09-03 10:10:00-04:00,2026-09-03T10:10:00,1788444600,99.80777499999999,99.66,100.12205,99.4935,100.025,907107,99.828744
2026-09-03 10:15:00-04:00,2026-09-03T10:15:00,1788444900,100.83250000000001,100.0,101.73,99.935,101.55,1429183,100.883753
2026-09-03 10:20:00-04:00,2026-09-03T10:20:00,1788445200,101.69995,101.6192,102.1599,101.24,101.59,1009902,101.716203
2026-09-03 10:25:00-04:00,2026-09-03T10:25:00,1788445500,101.645,101.56,102.02,101.27,101.54,696298,101.730811
2026-09-03 10:30:00-04:00,2026-09-03T10:30:00,1788445800,100.96005,101.53,101.63,100.2901,100.465,911624,100.778401
2026-09-03 10:35:00-04:00,2026-09-03T10:35:00,1788446100,100.8005,100.455,101.166,100.435,101.04,515155,100.852782
2026-09-03 10:40:00-04:00,2026-09-03T10:40:00,1788446400,101.33,101.035,101.66,101.0,101.105,607677,101.318921
2026-09-03 10:45:00-04:00,2026-09-03T10:45:00,1788446700,101.335,101.1301,101.6,101.07,101.45,385532,101.326439
2026-09-03 10:50:00-04:00,2026-09-03T10:50:00,1788447000,101.93005,101.465,102.62,101.2401,102.62,1031255,102.043099
2026-09-03 10:55:00-04:00,2026-09-03T10:55:00,1788447300,102.69999999999999,102.61,103.91,101.49,103.8996,1362692,102.729157
2026-09-03 11:00:00-04:00,2026-09-03T11:00:00,1788447600,104.47999999999999,103.9,105.13,103.83,105.0491,1507491,104.483372
2026-09-03 11:05:00-04:00,2026-09-03T11:05:00,1788447900,104.50505000000001,105.05,105.18,103.8301,103.85,868488,104.499497
2026-09-03 11:10:00-04:00,2026-09-03T11:10:00,1788448200,104.00999999999999,103.84,104.35,103.67,104.02,576637,103.969974
2026-09-03 11:15:00-04:00,2026-09-03T11:15:00,1788448500,104.32975,104.0782,104.6495,104.01,104.36,557751,104.387068
2026-09-03 11:20:00-04:00,2026-09-03T11:20:00,1788448800,104.47495,104.3451,104.8699,104.08,104.73,450156,104.511543
2026-09-03 11:25:00-04:00,2026-09-03T11:25:00,1788449100,105.4325,104.75,106.135,104.73,106.016,1038072,105.572497
2026-09-03 11:30:00-04:00,2026-09-03T11:30:00,1788449400,105.69999999999999,106.03,106.05,105.35,105.67,573387,105.702836
2026-09-03 11:35:00-04:00,2026-09-03T11:35:00,1788449700,105.53999999999999,105.655,105.91,105.17,105.4581,438479,105.566805
2026-09-03 11:40:00-04:00,2026-09-03T11:40:00,1788450000,105.491,105.48,105.7,105.282,105.4004,303193,105.518108
2026-09-03 11:45:00-04:00,2026-09-03T11:45:00,1788450300,105.2401,105.42,105.6302,104.85,105.2164,409444,105.193615
2026-09-03 11:50:00-04:00,2026-09-03T11:50:00,1788450600,105.46055,105.22,105.7911,105.13,105.63,295287,105.500424
2026-09-03 11:55:00-04:00,2026-09-03T11:55:00,1788450900,105.54025,105.6362,105.85,105.2305,105.58,266389,105.548878
2026-09-03 12:00:00-04:00,2026-09-03T12:00:00,1788451200,105.22,105.55,105.55,104.89,104.91,251572,105.206203
2026-09-03 12:05:00-04:00,2026-09-03T12:05:00,1788451500,104.995,104.93,105.3,104.69,105.17,359562,104.950726
2026-09-03 12:10:00-04:00,2026-09-03T12:10:00,1788451800,105.315,105.21,105.48,105.15,105.405,285761,105.353818
2026-09-03 12:15:00-04:00,2026-09-03T12:15:00,1788452100,105.65,105.37,106.0,105.3,105.9305,276242,105.590305
2026-09-03 12:20:00-04:00,2026-09-03T12:20:00,1788452400,105.7252,105.9456,106.0004,105.45,105.515,383260,105.751124
2026-09-03 12:25:00-04:00,2026-09-03T12:25:00,1788452700,105.7025,105.53,105.925,105.48,105.58,218047,105.642778
2026-09-03 12:30:00-04:00,2026-09-03T12:30:00,1788453000,105.445,105.58,105.68,105.21,105.25,188340,105.45381
2026-09-03 12:35:00-04:00,2026-09-03T12:35:00,1788453300,105.64500000000001,105.25,106.17,105.12,106.13,346516,105.682061
2026-09-03 12:40:00-04:00,2026-09-03T12:40:00,1788453600,106.275,106.125,106.5,106.05,106.4501,388083,106.323892
2026-09-03 12:45:00-04:00,2026-09-03T12:45:00,1788453900,106.27525,106.46,106.49,106.0605,106.21,292608,106.293505
2026-09-03 12:50:00-04:00,2026-09-03T12:50:00,1788454200,106.15,106.205,106.36,105.94,106.075,220872,106.138537
2026-09-03 12:55:00-04:00,2026-09-03T12:55:00,1788454500,106.375,106.08,106.69,106.06,106.27,378833,106.427942
2026-09-03 13:00:00-04:00,2026-09-03T13:00:00,1788454800,106.155,106.29,106.42,105.89,106.23,261300,106.110815
2026-09-03 13:05:00-04:00,2026-09-03T13:05:00,1788455100,105.86525,106.2219,106.25,105.4805,105.625,236199,105.829114
2026-09-03 13:10:00-04:00,2026-09-03T13:10:00,1788455400,105.68,105.62,105.91,105.45,105.5105,229819,105.692317
2026-09-03 13:15:00-04:00,2026-09-03T13:15:00,1788455700,105.81935,105.58,106.12,105.5187,105.9383,176796,105.846447
2026-09-03 13:20:00-04:00,2026-09-03T13:20:00,1788456000,105.7849,105.885,105.91,105.6598,105.7382,130330,105.764792
2026-09-03 13:25:00-04:00,2026-09-03T13:25:00,1788456300,105.945,105.7211,106.19,105.7,106.0,211730,105.924102
2026-09-03 13:30:00-04:00,2026-09-03T13:30:00,1788456600,106.095,105.995,106.21,105.98,106.02,150908,106.108796
2026-09-03 13:35:00-04:00,2026-09-03T13:35:00,1788456900,105.98005,106.02,106.17,105.7901,105.975,169631,105.927161
2026-09-03 13:40:00-04:00,2026-09-03T13:40:00,1788457200,106.14,105.99,106.3,105.98,106.125,176694,106.182466
2026-09-03 13:45:00-04:00,2026-09-03T13:45:00,1788457500,106.16499999999999,106.15,106.31,106.02,106.245,185954,106.15788
2026-09-03 13:50:00-04:00,2026-09-03T13:50:00,1788457800,106.31,106.241,106.5,106.12,106.31,300479,106.388798
2026-09-03 13:55:00-04:00,2026-09-03T13:55:00,1788458100,106.28345,106.285,106.45,106.1169,106.14,191468,106.315453
2026-09-03 14:00:00-04:00,2026-09-03T14:00:00,1788458400,106.54,106.16,106.93,106.15,106.79,390795,106.664557
2026-09-03 14:05:00-04:00,2026-09-03T14:05:00,1788458700,106.695,106.79,106.83,106.56,106.72,181768,106.71209
2026-09-03 14:10:00-04:00,2026-09-03T14:10:00,1788459000,106.53999999999999,106.72,106.75,106.33,106.565,212847,106.521844
2026-09-03 14:15:00-04:00,2026-09-03T14:15:00,1788459300,106.735,106.57,106.95,106.52,106.6701,226269,106.775056
2026-09-03 14:20:00-04:00,2026-09-03T14:20:00,1788459600,106.62,106.673,106.74,106.5,106.715,124926,106.637352
2026-09-03 14:25:00-04:00,2026-09-03T14:25:00,1788459900,106.71000000000001,106.7,106.83,106.59,106.7,136936,106.697685
2026-09-03 14:30:00-04:00,2026-09-03T14:30:00,1788460200,106.9075,106.685,107.19,106.625,107.19,351936,106.939843
2026-09-03 14:35:00-04:00,2026-09-03T14:35:00,1788460500,107.055,107.2,107.25,106.86,107.14,322501,107.043181
2026-09-03 14:40:00-04:00,2026-09-03T14:40:00,1788460800,106.9775,107.14,107.165,106.79,106.86,174358,106.964436
2026-09-03 14:45:00-04:00,2026-09-03T14:45:00,1788461100,107.15,106.885,107.42,106.88,107.42,253282,107.144066
2026-09-03 14:50:00-04:00,2026-09-03T14:50:00,1788461400,107.305,107.44,107.49,107.12,107.25,273502,107.307753
2026-09-03 14:55:00-04:00,2026-09-03T14:55:00,1788461700,107.215,107.23,107.33,107.1,107.245,194403,107.255234
2026-09-03 15:00:00-04:00,2026-09-03T15:00:00,1788462000,107.08,107.23,107.28,106.88,106.964,344743,107.014838
2026-09-03 15:05:00-04:00,2026-09-03T15:05:00,1788462300,106.7701,106.9699,107.08,106.4602,106.5938,297470,106.744888
2026-09-03 15:10:00-04:00,2026-09-03T15:10:00,1788462600,106.5579,106.585,106.8108,106.305,106.53,375521,106.497846
2026-09-03 15:15:00-04:00,2026-09-03T15:15:00,1788462900,106.35,106.51,106.56,106.14,106.48,339966,106.353913
2026-09-03 15:20:00-04:00,2026-09-03T15:20:00,1788463200,106.48320000000001,106.49,106.6564,106.31,106.51,225112,106.497529
2026-09-03 15:25:00-04:00,2026-09-03T15:25:00,1788463500,106.5675,106.535,106.67,106.465,106.56,149845,106.564724
2026-09-03 15:30:00-04:00,2026-09-03T15:30:00,1788463800,106.5325,106.54,106.735,106.33,106.36,315853,106.557728
2026-09-03 15:35:00-04:00,2026-09-03T15:35:00,1788464100,106.47,106.37,106.6,106.34,106.4132,204059,106.46592
2026-09-03 15:40:00-04:00,2026-09-03T15:40:00,1788464400,106.52,106.425,106.71,106.33,106.69,349872,106.524687
2026-09-03 15:45:00-04:00,2026-09-03T15:45:00,1788464700,106.58000000000001,106.69,106.73,106.43,106.55,341165,106.586998
2026-09-03 15:50:00-04:00,2026-09-03T15:50:00,1788465000,106.475,106.57,106.71,106.24,106.605,552446,106.471512
2026-09-03 15:55:00-04:00,2026-09-03T15:55:00,1788465300,106.65,106.59,106.88,106.42,106.73,2463095,106.726599
