wr_lookback,wr_entry,wr_exit,cci_lookback,cci_entry,cci_exit,trades,win_rate,profit_factor,avg_trade,median_trade,avg_hold_days,total_return,cagr,sharpe,max_drawdown,calmar,exposure,ending_equity
2,-90,-30,5,-50,0,81,0.7654320987654321,3.3366502977063135,0.050647980753152036,0.06289308176100628,3.888888888888889,27.895364122761915,0.7537687685400971,1.3619615773173843,-0.3257011937607833,2.3142953817163936,0.1456953642384106,2889536.4122761916
2,-90,-30,5,-50,50,81,0.7654320987654321,3.3366502977063135,0.050647980753152036,0.06289308176100628,3.888888888888889,27.895364122761915,0.7537687685400971,1.3619615773173843,-0.3257011937607833,2.3142953817163936,0.1456953642384106,2889536.4122761916
2,-90,-30,5,-50,-20,82,0.7682926829268293,3.406562222900231,0.049587033298561276,0.058579534115557164,3.8048780487804876,27.397999111541882,0.7486907289541216,1.362930969614345,-0.3257011937607832,2.2987042826254123,0.14370860927152318,2839799.911154188
2,-90,-30,7,-50,-20,77,0.7662337662337663,3.4646554565221597,0.05117117128969029,0.06289308176100628,3.909090909090909,24.174058291700575,0.7138493425353094,1.3322158158115358,-0.3257011937607833,2.1917308140405773,0.1390728476821192,2517405.8291700576
2,-90,-30,7,-50,0,77,0.7662337662337663,3.4646554565221597,0.05117117128969029,0.06289308176100628,3.909090909090909,24.174058291700575,0.7138493425353094,1.3322158158115358,-0.3257011937607833,2.1917308140405773,0.1390728476821192,2517405.8291700576
2,-90,-30,7,-50,50,77,0.7662337662337663,3.4646554565221597,0.05117117128969029,0.06289308176100628,3.909090909090909,24.174058291700575,0.7138493425353094,1.3322158158115358,-0.3257011937607833,2.1917308140405773,0.1390728476821192,2517405.8291700576
2,-90,-40,5,-50,0,84,0.7619047619047619,3.072673199820443,0.044771292806266315,0.05304904250058051,3.357142857142857,20.480037523486434,0.6690242293912843,1.36594284962283,-0.3257011937607833,2.054104320792451,0.1337748344370861,2148003.7523486433
2,-90,-40,5,-50,50,84,0.7619047619047619,3.072673199820443,0.044771292806266315,0.05304904250058051,3.357142857142857,20.480037523486434,0.6690242293912843,1.36594284962283,-0.3257011937607833,2.054104320792451,0.1337748344370861,2148003.7523486433
2,-90,-30,5,-80,-20,70,0.7428571428571429,3.351914671565804,0.05280502261578529,0.06405627195912034,3.9571428571428573,20.28559386279719,0.666491398286261,1.2856801982694073,-0.3257011937607833,2.046327772368488,0.12847682119205298,2128559.386279719
2,-90,-30,5,-80,0,70,0.7428571428571429,3.351914671565804,0.05280502261578529,0.06405627195912034,3.9571428571428573,20.28559386279719,0.666491398286261,1.2856801982694073,-0.3257011937607833,2.046327772368488,0.12847682119205298,2128559.386279719
2,-90,-30,5,-80,50,70,0.7428571428571429,3.351914671565804,0.05280502261578529,0.06405627195912034,3.9571428571428573,20.28559386279719,0.666491398286261,1.2856801982694073,-0.3257011937607833,2.046327772368488,0.12847682119205298,2128559.386279719
2,-90,-40,5,-50,-20,85,0.7647058823529411,3.1382960287999953,0.04386963442994893,0.050412649897261685,3.2823529411764705,20.110309733987478,0.6641915677206942,1.368555390745791,-0.3257011937607832,2.039266605232405,0.1317880794701987,2111030.973398748
2,-90,-40,3,-80,-20,91,0.7582417582417582,3.0097251634311446,0.03938990084338508,0.041969659090909106,3.3516483516483517,18.73014972398102,0.6455050130376139,1.3381489291223307,-0.3257011937607832,1.9818932979156227,0.14172185430463577,1973014.9723981023
2,-85,-30,5,-80,-20,89,0.7191011235955056,2.8291104023025264,0.04228478191785007,0.05382774475744667,4.044943820224719,20.917361826456506,0.6746517854632332,1.2552911737451709,-0.34082704290138355,1.9794549743473262,0.1609271523178808,2191736.1826456506
2,-85,-30,5,-80,0,89,0.7191011235955056,2.8291104023025264,0.04228478191785007,0.05382774475744667,4.044943820224719,20.917361826456506,0.6746517854632332,1.2552911737451709,-0.34082704290138355,1.9794549743473262,0.1609271523178808,2191736.1826456506
2,-85,-30,5,-80,50,89,0.7191011235955056,2.8291104023025264,0.04228478191785007,0.05382774475744667,4.044943820224719,20.917361826456506,0.6746517854632332,1.2552911737451709,-0.34082704290138355,1.9794549743473262,0.1609271523178808,2191736.1826456506
2,-85,-30,5,-50,0,103,0.7184466019417476,2.7825286076124494,0.04008801351486651,0.05111633672833937,4.009708737864078,27.45589733541616,0.7492856556643543,1.3107989425705664,-0.37918942400912525,1.9760193935322485,0.1847682119205298,2845589.7335416162
2,-85,-30,5,-50,50,103,0.7184466019417476,2.7825286076124494,0.04008801351486651,0.05111633672833937,4.009708737864078,27.45589733541616,0.7492856556643543,1.3107989425705664,-0.37918942400912525,1.9760193935322485,0.1847682119205298,2845589.7335416162
2,-85,-40,3,-80,-20,112,0.7321428571428571,2.5200286827880007,0.032427971917431506,0.036108467628164664,3.357142857142857,18.509181004439274,0.6424127526376493,1.2809395494861282,-0.3257011937607833,1.9723991343718563,0.17086092715231788,1950918.1004439273
2,-85,-30,5,-50,-20,104,0.7211538461538461,2.818742055969052,0.03935303539911499,0.04831470940670857,3.9423076923076925,26.96609670036007,0.7442205969371212,1.3108003996303301,-0.37918942400912536,1.9626617986033577,0.1827814569536424,2796609.6700360067
2,-90,-40,3,-80,0,91,0.7582417582417582,2.9016479940109026,0.0386598763137492,0.041969659090909106,3.4175824175824174,17.313932219531328,0.6251619779928062,1.309215712771767,-0.3257011937607832,1.9194341008524733,0.14437086092715232,1831393.221953133
2,-90,-40,7,-50,-20,80,0.7625,3.154580899663526,0.04463817858091565,0.05076449331280053,3.3375,17.259104294127162,0.6243483975889679,1.3272040762298165,-0.3257011937607833,1.9169361658758026,0.12649006622516556,1825910.429412716
2,-90,-40,7,-50,0,80,0.7625,3.154580899663526,0.04463817858091565,0.05076449331280053,3.3375,17.259104294127162,0.6243483975889679,1.3272040762298165,-0.3257011937607833,1.9169361658758026,0.12649006622516556,1825910.429412716
2,-90,-40,7,-50,50,80,0.7625,3.154580899663526,0.04463817858091565,0.05076449331280053,3.3375,17.259104294127162,0.6243483975889679,1.3272040762298165,-0.3257011937607833,1.9169361658758026,0.12649006622516556,1825910.429412716
2,-85,-40,3,-80,0,112,0.7321428571428571,2.4518594526658126,0.03183482698710235,0.036108467628164664,3.4107142857142856,17.108824493085386,0.6221079465627846,1.253936480474193,-0.32570119376078344,1.910057311671083,0.17350993377483442,1810882.4493085386
2,-90,-30,7,-80,-20,66,0.7727272727272727,3.337383865693875,0.05332573459746087,0.06405627195912034,3.909090909090909,16.995959267399012,0.6204150855915052,1.2412607117635293,-0.3257011937607833,1.9048597225811195,0.12119205298013246,1799595.926739901
2,-90,-30,7,-80,0,66,0.7727272727272727,3.337383865693875,0.05332573459746087,0.06405627195912034,3.909090909090909,16.995959267399012,0.6204150855915052,1.2412607117635293,-0.3257011937607833,1.9048597225811195,0.12119205298013246,1799595.926739901
2,-90,-30,7,-80,50,66,0.7727272727272727,3.337383865693875,0.05332573459746087,0.06405627195912034,3.909090909090909,16.995959267399012,0.6204150855915052,1.2412607117635293,-0.3257011937607833,1.9048597225811195,0.12119205298013246,1799595.926739901
2,-85,-30,3,-80,-20,108,0.7314814814814815,2.3820981935540346,0.03319351153565452,0.04386489998739995,3.7314814814814814,16.48460031692768,0.6126326024734614,1.195715848947116,-0.3257011937607833,1.8809651736291138,0.18211920529801323,1748460.0316927677
2,-85,-30,7,-50,-20,98,0.7244897959183674,2.827192836723688,0.04017578922939499,0.04783974467181573,4.030612244897959,23.10434214855928,0.7014656409177613,1.2712524646404533,-0.37918942400912525,1.8499082424326276,0.17682119205298014,2410434.214855928
2,-85,-30,7,-50,0,98,0.7244897959183674,2.827192836723688,0.04017578922939499,0.04783974467181573,4.030612244897959,23.10434214855928,0.7014656409177613,1.2712524646404533,-0.37918942400912525,1.8499082424326276,0.17682119205298014,2410434.214855928
2,-85,-30,7,-50,50,98,0.7244897959183674,2.827192836723688,0.04017578922939499,0.04783974467181573,4.030612244897959,23.10434214855928,0.7014656409177613,1.2712524646404533,-0.37918942400912525,1.8499082424326276,0.17682119205298014,2410434.214855928
2,-85,-30,3,-80,0,108,0.7314814814814815,2.3226118295599796,0.032578398274572436,0.04386489998739995,3.787037037037037,15.229566910007161,0.5926959621796968,1.1704657815809953,-0.3257011937607833,1.8197537299019304,0.1847682119205298,1622956.6910007163
2,-85,-30,7,-80,-20,83,0.7228915662650602,2.7525960792257393,0.04261445332362339,0.05382774475744667,4.156626506024097,16.5431213891798,0.6135327814080827,1.1957607862317903,-0.34082704290138366,1.800129403421796,0.1543046357615894,1754312.1389179798
2,-85,-30,7,-80,0,83,0.7228915662650602,2.7525960792257393,0.04261445332362339,0.05382774475744667,4.156626506024097,16.5431213891798,0.6135327814080827,1.1957607862317903,-0.34082704290138366,1.800129403421796,0.1543046357615894,1754312.1389179798
2,-85,-30,7,-80,50,83,0.7228915662650602,2.7525960792257393,0.04261445332362339,0.05382774475744667,4.156626506024097,16.5431213891798,0.6135327814080827,1.1957607862317903,-0.34082704290138366,1.800129403421796,0.1543046357615894,1754312.1389179798
2,-90,-40,7,-80,-20,69,0.7681159420289855,3.089666149533814,0.04738069250239661,0.06289308176100628,3.289855072463768,13.584077769159354,0.5645122357729442,1.271984066276063,-0.3257011937607833,1.7332212671825808,0.11059602649006622,1458407.7769159353
2,-90,-40,7,-80,0,69,0.7681159420289855,3.089666149533814,0.04738069250239661,0.06289308176100628,3.289855072463768,13.584077769159354,0.5645122357729442,1.271984066276063,-0.3257011937607833,1.7332212671825808,0.11059602649006622,1458407.7769159353
2,-90,-40,7,-80,50,69,0.7681159420289855,3.089666149533814,0.04738069250239661,0.06289308176100628,3.289855072463768,13.584077769159354,0.5645122357729442,1.271984066276063,-0.3257011937607833,1.7332212671825808,0.11059602649006622,1458407.7769159353
2,-85,-40,3,-80,50,110,0.7272727272727273,2.266984661704373,0.030536820163166202,0.03795894059938354,3.4909090909090907,13.498919332615486,0.5629828121344009,1.16989245580478,-0.3257011937607833,1.7285254795470386,0.17483443708609273,1449891.9332615486
2,-85,-30,3,-80,50,105,0.7238095238095238,2.179618067896371,0.031998339503791905,0.048788773853024825,4.057142857142857,12.601692686783206,0.5463966813891814,1.101765677208766,-0.3257011937607832,1.6776011014270085,0.1913907284768212,1360169.2686783206
2,-90,-40,5,-80,-20,72,0.7361111111111112,2.9558281565620868,0.04416654635150195,0.05755998162060427,3.375,12.41919191301853,0.5429119099320452,1.2343834057010257,-0.3257011937607833,1.666901811636576,0.11589403973509933,1341919.191301853
2,-90,-40,5,-80,0,72,0.7361111111111112,2.9558281565620868,0.04416654635150195,0.05755998162060427,3.375,12.41919191301853,0.5429119099320452,1.2343834057010257,-0.3257011937607833,1.666901811636576,0.11589403973509933,1341919.191301853
2,-90,-40,5,-80,50,72,0.7361111111111112,2.9558281565620868,0.04416654635150195,0.05755998162060427,3.375,12.41919191301853,0.5429119099320452,1.2343834057010257,-0.3257011937607833,1.666901811636576,0.11589403973509933,1341919.191301853
2,-90,-30,3,-80,-20,87,0.735632183908046,2.5588082349702788,0.03717644318656433,0.04298150163220904,3.7586206896551726,12.154399888872469,0.5377849606354372,1.131988239801787,-0.3257011937607832,1.6511605451173832,0.1509933774834437,1315439.988887247
2,-95,-40,3,-80,-20,66,0.7878787878787878,4.065503075206875,0.0455599312239526,0.040840453444721314,3.0606060606060606,11.982364352328034,0.5344077174488961,1.3138285314372604,-0.32702718455472446,1.6341385141315945,0.09337748344370861,1298236.4352328035
2,-90,-30,3,-80,0,87,0.735632183908046,2.479423825647467,0.0364128543107383,0.04298150163220904,3.8275862068965516,11.210185493960465,0.518773646116355,1.1054606524878325,-0.3257011937607832,1.5927901280502434,0.15364238410596026,1221018.5493960464
2,-85,-40,5,-50,0,106,0.7075471698113207,2.511531184339253,0.03448483697799054,0.04195512558360914,3.5283018867924527,17.542938689781565,0.6285383766635553,1.2554361281837807,-0.3959633787266139,1.5873649191621804,0.17019867549668874,1854293.8689781565
2,-85,-40,5,-50,50,106,0.7075471698113207,2.511531184339253,0.03448483697799054,0.04195512558360914,3.5283018867924527,17.542938689781565,0.6285383766635553,1.2554361281837807,-0.3959633787266139,1.5873649191621804,0.17019867549668874,1854293.8689781565
2,-85,-30,5,-120,-20,52,0.7115384615384616,2.9971547719838365,0.049849436365710854,0.06811213972357477,4.1923076923076925,7.016812305716575,0.41571869447900633,1.047829172518658,-0.26268373636794684,1.582582539090658,0.1,801681.2305716575
2,-85,-30,5,-120,0,52,0.7115384615384616,2.9971547719838365,0.049849436365710854,0.06811213972357477,4.1923076923076925,7.016812305716575,0.41571869447900633,1.047829172518658,-0.26268373636794684,1.582582539090658,0.1,801681.2305716575
2,-85,-30,5,-120,50,52,0.7115384615384616,2.9971547719838365,0.049849436365710854,0.06811213972357477,4.1923076923076925,7.016812305716575,0.41571869447900633,1.047829172518658,-0.26268373636794684,1.582582539090658,0.1,801681.2305716575
2,-90,-40,3,-80,50,89,0.7528089887640449,2.619047211403438,0.037208970111730306,0.042436194368755675,3.5168539325842696,13.663139841868936,0.5659255254371478,1.2184276899846767,-0.3578274477031125,1.5815598525764665,0.1456953642384106,1466313.9841868936
2,-95,-40,3,-80,0,66,0.7878787878787878,3.807628694909761,0.04455338225127282,0.040840453444721314,3.1515151515151514,11.0504985579918,0.5154381550824687,1.2797313625011437,-0.32702718455472446,1.576132442274736,0.09602649006622517,1205049.85579918
2,-85,-40,5,-50,-20,107,0.7102803738317757,2.5434032395577195,0.033864701406413907,0.0345882833642388,3.467289719626168,17.223766075437126,0.6238229418284018,1.2560921495969193,-0.3959633787266139,1.5754561541387129,0.16821192052980133,1822376.6075437125
2,-90,-20,5,-50,0,76,0.7368421052631579,2.84822619060494,0.04525775078349773,0.058579534115557164,4.618421052631579,14.274032765505146,0.5766367285145322,1.1200006091836556,-0.3727803741756588,1.546853773591669,0.16158940397350993,1527403.2765505146
2,-90,-20,5,-50,50,76,0.7368421052631579,2.84822619060494,0.04525775078349773,0.058579534115557164,4.618421052631579,14.274032765505146,0.5766367285145322,1.1200006091836556,-0.3727803741756588,1.546853773591669,0.16158940397350993,1527403.2765505146
2,-90,-20,5,-50,-20,77,0.7402597402597403,2.8960470739769075,0.04419791362366932,0.05498174827282165,4.51948051948052,14.011126596698412,0.5720715749642356,1.1187376685479593,-0.3727803741756587,1.5346075453389303,0.15960264900662252,1501112.6596698412
2,-90,-30,10,-50,50,70,0.7428571428571429,2.764877682748811,0.04403475314334946,0.05600130076777454,4.128571428571429,10.25342792084777,0.4982167972447,1.0867430686896875,-0.3257011937607833,1.5296744586408353,0.1337748344370861,1125342.792084777
2,-85,-20,3,-80,-20,105,0.7333333333333333,2.138485756804127,0.03024678351873489,0.036673168678080126,4.066666666666666,10.245822583498505,0.4980476472338391,1.03160337139615,-0.3257011937607833,1.5291551175573477,0.19205298013245034,1124582.2583498505
2,-90,-30,10,-50,0,70,0.7428571428571429,2.7444990474020563,0.043526294010082484,0.05304904250058051,4.114285714285714,9.87893630911791,0.4897722760918861,1.0749947615809674,-0.3257011937607833,1.5037472550733342,0.13311258278145696,1087893.630911791
2,-90,-30,10,-50,-20,70,0.7428571428571429,2.741146576643631,0.043442647860714424,0.05304904250058051,4.1,9.817329034821189,0.48835995461292314,1.0729844501373669,-0.3257011937607833,1.4994110060634511,0.13245033112582782,1081732.9034821189
2,-85,-40,7,-80,-20,86,0.7209302325581395,2.4994380131648755,0.03683672567559325,0.05076449331280053,3.616279069767442,11.627916621974018,0.5273303086075822,1.1680136978904048,-0.3539123621489987,1.490002511937048,0.14172185430463577,1262791.6621974017
2,-85,-40,7,-80,0,86,0.7209302325581395,2.4994380131648755,0.03683672567559325,0.05076449331280053,3.616279069767442,11.627916621974018,0.5273303086075822,1.1680136978904048,-0.3539123621489987,1.490002511937048,0.14172185430463577,1262791.6621974017
2,-85,-40,7,-80,50,86,0.7209302325581395,2.4994380131648755,0.03683672567559325,0.05076449331280053,3.616279069767442,11.627916621974018,0.5273303086075822,1.1680136978904048,-0.3539123621489987,1.490002511937048,0.14172185430463577,1262791.6621974017
2,-85,-40,7,-50,-20,101,0.7227722772277227,2.5334197366199467,0.034151395293615223,0.03660539013818953,3.5445544554455446,14.528960537093639,0.5810012601653063,1.209156210622534,-0.3915132071553461,1.4839889167130302,0.16225165562913907,1552896.0537093638
2,-85,-40,7,-50,0,101,0.7227722772277227,2.5334197366199467,0.034151395293615223,0.03660539013818953,3.5445544554455446,14.528960537093639,0.5810012601653063,1.209156210622534,-0.3915132071553461,1.4839889167130302,0.16225165562913907,1552896.0537093638
2,-85,-40,7,-50,50,101,0.7227722772277227,2.5334197366199467,0.034151395293615223,0.03660539013818953,3.5445544554455446,14.528960537093639,0.5810012601653063,1.209156210622534,-0.3915132071553461,1.4839889167130302,0.16225165562913907,1552896.0537093638
2,-90,-40,10,-50,-20,73,0.7397260273972602,2.6692152155954125,0.04127974025304462,0.04989775051124745,3.547945205479452,9.5132542353483,0.48128940923989316,1.1213070362784738,-0.3257011937607833,1.4777023187498177,0.12251655629139073,1051325.42353483
2,-90,-40,10,-50,0,73,0.7397260273972602,2.6692152155954125,0.04127974025304462,0.04989775051124745,3.547945205479452,9.5132542353483,0.48128940923989316,1.1213070362784738,-0.3257011937607833,1.4777023187498177,0.12251655629139073,1051325.42353483
2,-90,-40,10,-50,50,73,0.7397260273972602,2.6692152155954125,0.04127974025304462,0.04989775051124745,3.547945205479452,9.5132542353483,0.48128940923989316,1.1213070362784738,-0.3257011937607833,1.4777023187498177,0.12251655629139073,1051325.42353483
2,-90,-30,3,-80,50,84,0.7261904761904762,2.2919182354637493,0.03582472570569713,0.04750277138459014,4.166666666666667,9.233125237313846,0.4746232689140779,1.0335633992535225,-0.3257011937607833,1.457235275786778,0.16026490066225166,1023312.5237313847
2,-85,-40,5,-80,-20,91,0.7032967032967034,2.445533037744562,0.03423088481106064,0.04178273344209016,3.5164835164835164,11.112346403061247,0.516734357344572,1.146211568365153,-0.35863752771104906,1.4408262309930377,0.1456953642384106,1211234.6403061247
2,-85,-40,5,-80,0,91,0.7032967032967034,2.445533037744562,0.03423088481106064,0.04178273344209016,3.5164835164835164,11.112346403061247,0.516734357344572,1.146211568365153,-0.35863752771104906,1.4408262309930377,0.1456953642384106,1211234.6403061247
2,-85,-40,5,-80,50,91,0.7032967032967034,2.445533037744562,0.03423088481106064,0.04178273344209016,3.5164835164835164,11.112346403061247,0.516734357344572,1.146211568365153,-0.35863752771104906,1.4408262309930377,0.1456953642384106,1211234.6403061247
2,-85,-20,3,-80,50,102,0.7058823529411765,2.039613708582312,0.02994334203269181,0.04567810386168314,4.5588235294117645,8.823191384785302,0.46458881429282717,0.9772418373853342,-0.3257011937607833,1.426426501322719,0.2099337748344371,982319.1384785302
2,-85,-40,5,-120,-20,53,0.7169811320754716,2.869236064107778,0.044309767073907165,0.06289308176100628,3.69811320754717,5.606239039360564,0.3706931386341994,1.0570990475868907,-0.26268373636794684,1.4111765873276654,0.09072847682119205,660623.9039360564
2,-85,-40,5,-120,0,53,0.7169811320754716,2.869236064107778,0.044309767073907165,0.06289308176100628,3.69811320754717,5.606239039360564,0.3706931386341994,1.0570990475868907,-0.26268373636794684,1.4111765873276654,0.09072847682119205,660623.9039360564
2,-85,-40,5,-120,50,53,0.7169811320754716,2.869236064107778,0.044309767073907165,0.06289308176100628,3.69811320754717,5.606239039360564,0.3706931386341994,1.0570990475868907,-0.26268373636794684,1.4111765873276654,0.09072847682119205,660623.9039360564
2,-85,-20,3,-80,0,105,0.7142857142857143,2.0889627127001966,0.02926492170100071,0.036673168678080126,4.2,9.16479093625321,0.4729741038136013,0.9964885154662281,-0.335311117825678,1.4105530018825432,0.2,1016479.093625321
2,-90,-30,5,-120,-20,43,0.7209302325581395,3.295902551548101,0.0570783070232811,0.07157641843870399,4.069767441860465,6.136988509239459,0.3884978135375621,1.041149361887036,-0.2770751982438744,1.4021385385624316,0.08278145695364239,713698.8509239459
2,-90,-30,5,-120,0,43,0.7209302325581395,3.295902551548101,0.0570783070232811,0.07157641843870399,4.069767441860465,6.136988509239459,0.3884978135375621,1.041149361887036,-0.2770751982438744,1.4021385385624316,0.08278145695364239,713698.8509239459
2,-90,-30,5,-120,50,43,0.7209302325581395,3.295902551548101,0.0570783070232811,0.07157641843870399,4.069767441860465,6.136988509239459,0.3884978135375621,1.041149361887036,-0.2770751982438744,1.4021385385624316,0.08278145695364239,713698.8509239459
2,-90,-20,5,-80,-20,66,0.7121212121212122,2.850719507744365,0.04740463714982785,0.061515648364696585,4.803030303030303,11.273997636953881,0.5200963792527946,1.0655928412427027,-0.3727803741756588,1.3951817619232247,0.14503311258278145,1227399.763695388
2,-90,-20,5,-80,0,66,0.7121212121212122,2.850719507744365,0.04740463714982785,0.061515648364696585,4.803030303030303,11.273997636953881,0.5200963792527946,1.0655928412427027,-0.3727803741756588,1.3951817619232247,0.14503311258278145,1227399.763695388
2,-90,-20,5,-80,50,66,0.7121212121212122,2.850719507744365,0.04740463714982785,0.061515648364696585,4.803030303030303,11.273997636953881,0.5200963792527946,1.0655928412427027,-0.3727803741756588,1.3951817619232247,0.14503311258278145,1227399.763695388
2,-90,-20,7,-80,-20,63,0.7301587301587301,3.045669149845138,0.049117389734028044,0.06289308176100628,4.73015873015873,11.328868297663478,0.5212291956981554,1.0790182219091518,-0.37475595583147525,1.390849665195309,0.13774834437086092,1232886.8297663478
2,-90,-20,7,-80,0,63,0.7301587301587301,3.045669149845138,0.049117389734028044,0.06289308176100628,4.73015873015873,11.328868297663478,0.5212291956981554,1.0790182219091518,-0.37475595583147525,1.390849665195309,0.13774834437086092,1232886.8297663478
2,-90,-20,7,-80,50,63,0.7301587301587301,3.045669149845138,0.049117389734028044,0.06289308176100628,4.73015873015873,11.328868297663478,0.5212291956981554,1.0790182219091518,-0.37475595583147525,1.390849665195309,0.13774834437086092,1232886.8297663478
2,-90,-40,3,-50,-20,106,0.7547169811320755,2.5504784047258675,0.032251933768168706,0.033163014346926256,3.4245283018867925,14.256585280869725,0.5763358030751715,1.1981678588020563,-0.4151402243335579,1.3882918813766787,0.16556291390728478,1525658.5280869724
2,-85,-40,10,-120,-20,57,0.7192982456140351,2.6598205980859366,0.04054953656636582,0.05498174827282165,3.280701754385965,5.307038961962809,0.36012411554382884,1.0113705953402223,-0.26268373636794684,1.3709418044800274,0.08874172185430464,630703.896196281
2,-85,-40,10,-120,0,57,0.7192982456140351,2.6598205980859366,0.04054953656636582,0.05498174827282165,3.280701754385965,5.307038961962809,0.36012411554382884,1.0113705953402223,-0.26268373636794684,1.3709418044800274,0.08874172185430464,630703.896196281
2,-85,-40,10,-120,50,57,0.7192982456140351,2.6598205980859366,0.04054953656636582,0.05498174827282165,3.280701754385965,5.307038961962809,0.36012411554382884,1.0113705953402223,-0.26268373636794684,1.3709418044800274,0.08874172185430464,630703.896196281
2,-90,-40,3,-50,0,106,0.7547169811320755,2.475882835613369,0.03162521459650017,0.033163014346926256,3.481132075471698,13.16147736556408,0.5568478925369067,1.1710925710494342,-0.4151402243335579,1.3413489223571098,0.16821192052980133,1416147.736556408
2,-90,-40,10,-80,-20,61,0.7213114754098361,2.755146384397658,0.041939943982572614,0.04989775051124745,3.4098360655737703,6.25116627982419,0.39218315663526027,1.022569819939364,-0.2934163275242987,1.3366098606178702,0.10198675496688742,725116.627982419
2,-90,-40,10,-80,0,61,0.7213114754098361,2.755146384397658,0.041939943982572614,0.04989775051124745,3.4098360655737703,6.25116627982419,0.39218315663526027,1.022569819939364,-0.2934163275242987,1.3366098606178702,0.10198675496688742,725116.627982419
2,-90,-40,10,-80,50,61,0.7213114754098361,2.755146384397658,0.041939943982572614,0.04989775051124745,3.4098360655737703,6.25116627982419,0.39218315663526027,1.022569819939364,-0.2934163275242987,1.3366098606178702,0.10198675496688742,725116.627982419
2,-85,-20,7,-50,-20,91,0.6923076923076923,2.4109137268949934,0.03494220028378479,0.04433666868809394,4.78021978021978,10.636335818151688,0.5066124339183131,1.0140446039812991,-0.3799805657984878,1.333258801943521,0.1947019867549669,1163633.5818151687
2,-85,-20,7,-50,0,91,0.6923076923076923,2.4109137268949934,0.03494220028378479,0.04433666868809394,4.78021978021978,10.636335818151688,0.5066124339183131,1.0140446039812991,-0.3799805657984878,1.333258801943521,0.1947019867549669,1163633.5818151687
2,-85,-20,7,-50,50,91,0.6923076923076923,2.4109137268949934,0.03494220028378479,0.04433666868809394,4.78021978021978,10.636335818151688,0.5066124339183131,1.0140446039812991,-0.3799805657984878,1.333258801943521,0.1947019867549669,1163633.5818151687
2,-90,-20,7,-50,-20,72,0.7361111111111112,2.9092570140629497,0.045556569694786955,0.05600130076777454,4.680555555555555,12.306957806608127,0.5407491962757418,1.0860983525364285,-0.4059959495135873,1.3319078599764325,0.15496688741721854,1330695.7806608127
2,-90,-20,7,-50,0,72,0.7361111111111112,2.9092570140629497,0.045556569694786955,0.05600130076777454,4.680555555555555,12.306957806608127,0.5407491962757418,1.0860983525364285,-0.4059959495135873,1.3319078599764325,0.15496688741721854,1330695.7806608127
2,-90,-20,7,-50,50,72,0.7361111111111112,2.9092570140629497,0.045556569694786955,0.05600130076777454,4.680555555555555,12.306957806608127,0.5407491962757418,1.0860983525364285,-0.4059959495135873,1.3319078599764325,0.15496688741721854,1330695.7806608127
2,-85,-20,7,-80,-20,78,0.6794871794871795,2.5037759288532757,0.038647650619196,0.04868683055701761,4.987179487179487,9.97616171204158,0.49198763395457523,1.0138740324220528,-0.3727803741756587,1.3197787974823605,0.1728476821192053,1097616.171204158
2,-85,-20,7,-80,0,78,0.6794871794871795,2.5037759288532757,0.038647650619196,0.04868683055701761,4.987179487179487,9.97616171204158,0.49198763395457523,1.0138740324220528,-0.3727803741756587,1.3197787974823605,0.1728476821192053,1097616.171204158
2,-85,-20,7,-80,50,78,0.6794871794871795,2.5037759288532757,0.038647650619196,0.04868683055701761,4.987179487179487,9.97616171204158,0.49198763395457523,1.0138740324220528,-0.3727803741756587,1.3197787974823605,0.1728476821192053,1097616.171204158
2,-85,-30,10,-50,50,87,0.7011494252873564,2.3867278348914907,0.03570645987470559,0.049462720427476015,4.310344827586207,10.063754598770007,0.49396955404081977,1.049462481163539,-0.37918942400912514,1.3026986586760196,0.1675496688741722,1106375.4598770007
2,-90,-40,10,-120,-20,49,0.7346938775510204,2.849828619784416,0.04517330760189606,0.059424171409440785,3.2244897959183674,4.816435818162635,0.3418533396296579,0.992610478521532,-0.26268373636794695,1.3013875329944917,0.07682119205298013,581643.5818162635
2,-90,-40,10,-120,0,49,0.7346938775510204,2.849828619784416,0.04517330760189606,0.059424171409440785,3.2244897959183674,4.816435818162635,0.3418533396296579,0.992610478521532,-0.26268373636794695,1.3013875329944917,0.07682119205298013,581643.5818162635
2,-90,-40,10,-120,50,49,0.7346938775510204,2.849828619784416,0.04517330760189606,0.059424171409440785,3.2244897959183674,4.816435818162635,0.3418533396296579,0.992610478521532,-0.26268373636794695,1.3013875329944917,0.07682119205298013,581643.5818162635
2,-95,-40,3,-80,50,64,0.765625,3.04395880482308,0.03996504483970044,0.040840453444721314,3.359375,7.191461768397538,0.4208234801092483,1.0966174348798494,-0.32702718455472457,1.286814980480095,0.09933774834437085,819146.1768397538
2,-85,-30,10,-50,0,87,0.7011494252873564,2.3708394672997244,0.03529735482495055,0.04621676891615545,4.2988505747126435,9.695574936482256,0.4855489719702144,1.0383049744407922,-0.37918942400912536,1.280491862975929,0.16688741721854305,1069557.4936482257
2,-85,-30,10,-120,-20,54,0.7222222222222222,2.695021761984244,0.041408714087120956,0.05720295984113122,3.8333333333333335,4.931079828714506,0.3462346464016284,0.9178459297066591,-0.27089273007027315,1.2781245414441744,0.09668874172185431,593107.9828714506
2,-85,-30,10,-120,0,54,0.7222222222222222,2.695021761984244,0.041408714087120956,0.05720295984113122,3.8333333333333335,4.931079828714506,0.3462346464016284,0.9178459297066591,-0.27089273007027315,1.2781245414441744,0.09668874172185431,593107.9828714506
2,-85,-30,10,-120,50,54,0.7222222222222222,2.695021761984244,0.041408714087120956,0.05720295984113122,3.8333333333333335,4.931079828714506,0.3462346464016284,0.9178459297066591,-0.27089273007027315,1.2781245414441744,0.09668874172185431,593107.9828714506
2,-85,-30,10,-50,-20,87,0.7011494252873564,2.368225686403988,0.035230053325459004,0.04621676891615545,4.287356321839081,9.635006035245048,0.48414065423277597,1.0364013699375276,-0.37918942400912514,1.2767778413068958,0.16622516556291392,1063500.603524505
2,-95,-40,5,-50,0,54,0.7777777777777778,3.9108906368948095,0.051438724490275776,0.05076449331280053,3.074074074074074,8.731372173811987,0.46229353658185524,1.2149329955983956,-0.3661926863296997,1.2624324674950815,0.07880794701986756,973137.2173811988
2,-95,-40,5,-50,50,54,0.7777777777777778,3.9108906368948095,0.051438724490275776,0.05076449331280053,3.074074074074074,8.731372173811987,0.46229353658185524,1.2149329955983956,-0.3661926863296997,1.2624324674950815,0.07880794701986756,973137.2173811988
2,-90,-40,5,-120,-20,44,0.7272727272727273,3.201173255254803,0.0504466510605444,0.06811213972357477,3.590909090909091,4.9500818580799075,0.34695401198702625,1.0379539111719562,-0.27707519824387417,1.2522016195821561,0.07549668874172186,595008.1858079907
2,-90,-40,5,-120,0,44,0.7272727272727273,3.201173255254803,0.0504466510605444,0.06811213972357477,3.590909090909091,4.9500818580799075,0.34695401198702625,1.0379539111719562,-0.27707519824387417,1.2522016195821561,0.07549668874172186,595008.1858079907
2,-90,-40,5,-120,50,44,0.7272727272727273,3.201173255254803,0.0504466510605444,0.06811213972357477,3.590909090909091,4.9500818580799075,0.34695401198702625,1.0379539111719562,-0.27707519824387417,1.2522016195821561,0.07549668874172186,595008.1858079907
2,-95,-40,5,-50,-20,55,0.7818181818181819,4.107355679050897,0.049924026423530575,0.04989775051124745,2.963636363636364,8.563869732595062,0.4580594638818034,1.219543351373728,-0.3661926863296997,1.2508700500626382,0.07682119205298013,956386.9732595062
2,-90,-40,3,-50,50,104,0.75,2.3056165693197777,0.03096781033264064,0.034494578323538194,3.576923076923077,11.171667145170018,0.5179724271326467,1.110924861928176,-0.4151402243335579,1.2477047435337534,0.17019867549668874,1217166.7145170018
2,-95,-30,5,-50,0,51,0.7843137254901961,4.065204426159597,0.053820825896714344,0.06346153846153846,3.7254901960784315,8.464906053082258,0.4555287770288956,1.110228497484132,-0.36841483896820104,1.236456105581061,0.08741721854304636,946490.6053082257
2,-95,-30,5,-50,50,51,0.7843137254901961,4.065204426159597,0.053820825896714344,0.06346153846153846,3.7254901960784315,8.464906053082258,0.4555287770288956,1.110228497484132,-0.36841483896820104,1.236456105581061,0.08741721854304636,946490.6053082257
2,-95,-30,5,-50,-20,52,0.7884615384615384,4.265699877944835,0.052086777119406576,0.05076449331280053,3.5961538461538463,8.301990192763345,0.45131429169829396,1.1113603712584563,-0.36841483896820115,1.2250165953202772,0.08543046357615894,930199.0192763344
2,-85,-30,10,-80,-20,71,0.6619718309859155,2.311889523431755,0.03496769785202157,0.04621676891615545,4.323943661971831,5.476201803622205,0.3661497053500442,0.8995771510831956,-0.301588102010266,1.2140721166035275,0.1390728476821192,647620.1803622205
2,-85,-30,10,-80,0,71,0.6619718309859155,2.311889523431755,0.03496769785202157,0.04621676891615545,4.323943661971831,5.476201803622205,0.3661497053500442,0.8995771510831956,-0.301588102010266,1.2140721166035275,0.1390728476821192,647620.1803622205
2,-85,-30,10,-80,50,71,0.6619718309859155,2.311889523431755,0.03496769785202157,0.04621676891615545,4.323943661971831,5.476201803622205,0.3661497053500442,0.8995771510831956,-0.301588102010266,1.2140721166035275,0.1390728476821192,647620.1803622205
2,-85,-40,3,-50,-20,127,0.7244094488188977,2.171970348096521,0.025704614078795283,0.029173273155415957,3.47244094488189,11.537014664206957,0.5254885962244853,1.0927710006175837,-0.437864270724287,1.2001175509370878,0.19735099337748344,1253701.4664206957
2,-90,-30,3,-50,-20,102,0.7352941176470589,2.251879664691246,0.03047719284675546,0.035630726021159465,3.823529411764706,9.61625798535445,0.48370337992700474,1.030269226506707,-0.40329496305423773,1.1993786787313612,0.176158940397351,1061625.798535445
2,-90,-30,10,-120,-20,46,0.7391304347826086,2.8551619803298025,0.046069432544299106,0.06115862658522353,3.847826086956522,4.356896035725556,0.32353523201661516,0.8876437076045073,-0.27089273007027304,1.1943296962332137,0.08410596026490066,535689.6035725556
2,-90,-30,10,-120,0,46,0.7391304347826086,2.8551619803298025,0.046069432544299106,0.06115862658522353,3.847826086956522,4.356896035725556,0.32353523201661516,0.8876437076045073,-0.27089273007027304,1.1943296962332137,0.08410596026490066,535689.6035725556
2,-90,-30,10,-120,50,46,0.7391304347826086,2.8551619803298025,0.046069432544299106,0.06115862658522353,3.847826086956522,4.356896035725556,0.32353523201661516,0.8876437076045073,-0.27089273007027304,1.1943296962332137,0.08410596026490066,535689.6035725556
2,-90,-30,10,-80,-20,58,0.7241379310344828,2.828957079197385,0.04411160064070215,0.05304904250058051,4.051724137931035,6.279643459996328,0.3930947847037507,0.964158683851781,-0.3311536351212696,1.1870465639303582,0.11125827814569536,727964.3459996328
2,-90,-30,10,-80,0,58,0.7241379310344828,2.828957079197385,0.04411160064070215,0.05304904250058051,4.051724137931035,6.279643459996328,0.3930947847037507,0.964158683851781,-0.3311536351212696,1.1870465639303582,0.11125827814569536,727964.3459996328
2,-90,-30,10,-80,50,58,0.7241379310344828,2.828957079197385,0.04411160064070215,0.05304904250058051,4.051724137931035,6.279643459996328,0.3930947847037507,0.964158683851781,-0.3311536351212696,1.1870465639303582,0.11125827814569536,727964.3459996328
2,-85,-20,5,-50,0,96,0.6770833333333334,2.384976877217645,0.03486807409808714,0.04567810386168314,4.739583333333333,12.444056818041926,0.5433890084874908,1.0491203461967191,-0.4594149497374991,1.1827847761549182,0.20397350993377483,1344405.6818041925
2,-85,-20,5,-50,50,96,0.6770833333333334,2.384976877217645,0.03486807409808714,0.04567810386168314,4.739583333333333,12.444056818041926,0.5433890084874908,1.0491203461967191,-0.4594149497374991,1.1827847761549182,0.20397350993377483,1344405.6818041925
2,-85,-30,3,-50,-20,123,0.7235772357723578,2.0735078903898003,0.026135601172836476,0.03429796355841375,3.861788617886179,10.219455479155593,0.4974604786958834,1.0245735021552858,-0.4222538939095912,1.1781074985240862,0.21125827814569537,1121945.5479155593
2,-85,-20,5,-50,-20,97,0.6804123711340206,2.4084624693805634,0.034133870132918305,0.04212751772512813,4.65979381443299,12.212649335452653,0.53892012375066,1.0470572889967917,-0.45941494973749897,1.173057437635821,0.20198675496688742,1321264.9335452653
2,-85,-20,5,-80,-20,83,0.6746987951807228,2.435437476350803,0.03704668028913039,0.04578375581996896,4.891566265060241,10.295905457709074,0.49915979111511466,1.0114064485797174,-0.42601002636579655,1.1717090214362877,0.18079470198675496,1129590.5457709073
2,-85,-20,5,-80,0,83,0.6746987951807228,2.435437476350803,0.03704668028913039,0.04578375581996896,4.891566265060241,10.295905457709074,0.49915979111511466,1.0114064485797174,-0.42601002636579655,1.1717090214362877,0.18079470198675496,1129590.5457709073
2,-85,-20,5,-80,50,83,0.6746987951807228,2.435437476350803,0.03704668028913039,0.04578375581996896,4.891566265060241,10.295905457709074,0.49915979111511466,1.0114064485797174,-0.42601002636579655,1.1717090214362877,0.18079470198675496,1129590.5457709073
2,-85,-40,3,-50,0,127,0.7244094488188977,2.121376420185201,0.025181525636300283,0.029173273155415957,3.5196850393700787,10.637115785111686,0.5066292990922558,1.0674103922709328,-0.43786427072428713,1.1570464478734974,0.2,1163711.5785111685
2,-90,-30,3,-50,0,102,0.7352941176470589,2.1932056702285143,0.02982589645266855,0.035630726021159465,3.8823529411764706,8.854229789879655,0.4653606647029187,1.0051917015320078,-0.4032949630542376,1.1538965455423604,0.17880794701986755,985422.9789879655
2,-85,-40,10,-50,-20,90,0.7,2.250084899588527,0.03242933122827236,0.03550313171051356,3.8,8.180698703124815,0.44813647810970925,1.0321523333091236,-0.3915132071553462,1.1446267199152131,0.1543046357615894,918069.8703124814
2,-85,-40,10,-50,0,90,0.7,2.250084899588527,0.03242933122827236,0.03550313171051356,3.8,8.180698703124815,0.44813647810970925,1.0321523333091236,-0.3915132071553462,1.1446267199152131,0.1543046357615894,918069.8703124814
2,-85,-40,10,-50,50,90,0.7,2.250084899588527,0.03242933122827236,0.03550313171051356,3.8,8.180698703124815,0.44813647810970925,1.0321523333091236,-0.3915132071553462,1.1446267199152131,0.1543046357615894,918069.8703124814
2,-95,-30,3,-80,-20,64,0.75,2.7718400258189773,0.03698455220446617,0.040840453444721314,3.53125,5.7417996733760965,0.375350925292516,0.9888647706148469,-0.32938665293766467,1.1395450360386945,0.10397350993377484,674179.9673376096
2,-95,-40,7,-50,-20,52,0.7692307692307693,3.8769658758866563,0.049485224395071185,0.04932843189707792,3.2115384615384617,7.063650198144908,0.41709672781190377,1.132698336786953,-0.3661926863296997,1.1390088971803574,0.07748344370860927,806365.0198144907
2,-95,-40,7,-50,0,52,0.7692307692307693,3.8769658758866563,0.049485224395071185,0.04932843189707792,3.2115384615384617,7.063650198144908,0.41709672781190377,1.132698336786953,-0.3661926863296997,1.1390088971803574,0.07748344370860927,806365.0198144907
2,-95,-40,7,-50,50,52,0.7692307692307693,3.8769658758866563,0.049485224395071185,0.04932843189707792,3.2115384615384617,7.063650198144908,0.41709672781190377,1.132698336786953,-0.3661926863296997,1.1390088971803574,0.07748344370860927,806365.0198144907
2,-95,-30,7,-50,-20,49,0.7755102040816326,4.072761473260592,0.052404708660310155,0.050412649897261685,3.9183673469387754,7.038120887248544,0.41634645061496856,1.0459076206562408,-0.3661926863296998,1.136960038137171,0.08675496688741721,803812.0887248544
2,-95,-30,7,-50,0,49,0.7755102040816326,4.072761473260592,0.052404708660310155,0.050412649897261685,3.9183673469387754,7.038120887248544,0.41634645061496856,1.0459076206562408,-0.3661926863296998,1.136960038137171,0.08675496688741721,803812.0887248544
2,-95,-30,7,-50,50,49,0.7755102040816326,4.072761473260592,0.052404708660310155,0.050412649897261685,3.9183673469387754,7.038120887248544,0.41634645061496856,1.0459076206562408,-0.3661926863296998,1.136960038137171,0.08675496688741721,803812.0887248544
2,-95,-40,7,-80,-20,45,0.7777777777777778,3.914913540922453,0.05097189957535286,0.04989775051124745,3.022222222222222,5.6177551008096485,0.3710919029396915,1.083357671613519,-0.32702718455472435,1.134743288833817,0.06622516556291391,661775.5100809649
2,-95,-40,7,-80,0,45,0.7777777777777778,3.914913540922453,0.05097189957535286,0.04989775051124745,3.022222222222222,5.6177551008096485,0.3710919029396915,1.083357671613519,-0.32702718455472435,1.134743288833817,0.06622516556291391,661775.5100809649
2,-95,-40,7,-80,50,45,0.7777777777777778,3.914913540922453,0.05097189957535286,0.04989775051124745,3.022222222222222,5.6177551008096485,0.3710919029396915,1.083357671613519,-0.32702718455472435,1.134743288833817,0.06622516556291391,661775.5100809649
2,-85,-30,3,-50,0,123,0.7235772357723578,2.0285068089607874,0.025595501724081475,0.03429796355841375,3.910569105691057,9.414130154094249,0.4789476873309455,1.000696954953928,-0.42225389390959134,1.1342647024434376,0.2139072847682119,1041413.0154094249
2,-90,-20,3,-80,-20,84,0.7380952380952381,2.242855443824754,0.03359661251653244,0.03795894059938354,4.166666666666667,7.434082205170691,0.42776657152443676,0.9593755806841532,-0.38437279609713393,1.1128950224051155,0.16026490066225166,843408.2205170691
2,-95,-30,7,-80,-20,42,0.7857142857142857,4.105016696455116,0.05383110664639091,0.05076449331280053,3.8095238095238093,5.436546582816915,0.36474905397239166,0.9815407350807674,-0.32938665293766467,1.107358330154984,0.07483443708609272,643654.6582816915
2,-95,-30,7,-80,0,42,0.7857142857142857,4.105016696455116,0.05383110664639091,0.05076449331280053,3.8095238095238093,5.436546582816915,0.36474905397239166,0.9815407350807674,-0.32938665293766467,1.107358330154984,0.07483443708609272,643654.6582816915
2,-95,-30,7,-80,50,42,0.7857142857142857,4.105016696455116,0.05383110664639091,0.05076449331280053,3.8095238095238093,5.436546582816915,0.36474905397239166,0.9815407350807674,-0.32938665293766467,1.107358330154984,0.07483443708609272,643654.6582816915
2,-95,-20,3,-80,-20,63,0.746031746031746,2.6795496014064333,0.037086479838127816,0.036673168678080126,3.8253968253968256,5.409740067480579,0.3637981508362311,0.9570095817959471,-0.3293866529376648,1.1044714398463455,0.10993377483443709,640974.0067480579
2,-90,-30,3,-50,50,99,0.7272727272727273,2.0827935874761727,0.02994227509944517,0.04298150163220904,4.191919191919192,7.916024186227544,0.4410787708940538,0.9636189310878942,-0.4032949630542375,1.0936877752047076,0.18675496688741722,891602.4186227544
2,-95,-30,3,-80,0,64,0.75,2.640531084670241,0.035946548576390146,0.040840453444721314,3.625,5.2578776128494376,0.35834774885096565,0.9573789671541054,-0.3293866529376648,1.0879243152538474,0.10662251655629139,625787.7612849438
2,-95,-20,5,-50,0,48,0.7708333333333334,3.781133654905142,0.051805243275344526,0.07053818976116188,4.541666666666667,6.418902075427295,0.3975104911681875,0.9890291270361843,-0.36841483896820126,1.0789752450837018,0.1,741890.2075427294
2,-95,-20,5,-50,50,48,0.7708333333333334,3.781133654905142,0.051805243275344526,0.07053818976116188,4.541666666666667,6.418902075427295,0.3975104911681875,0.9890291270361843,-0.36841483896820126,1.0789752450837018,0.1,741890.2075427294
2,-85,-30,3,-50,50,120,0.7166666666666667,1.9450019739417603,0.02558575423945751,0.03920250488030097,4.166666666666667,8.422617323962372,0.4544406485126786,0.9618981904379423,-0.4222538939095912,1.0762260693562222,0.22185430463576158,942261.7323962372
2,-85,-40,10,-80,-20,74,0.6621621621621622,2.1895637337804583,0.0319426996794198,0.03345718084657745,3.7432432432432434,4.729793832800048,0.33849419518918133,0.8989099773991104,-0.31545235804976435,1.073043794257458,0.12781456953642384,572979.3832800048
2,-85,-40,10,-80,0,74,0.6621621621621622,2.1895637337804583,0.0319426996794198,0.03345718084657745,3.7432432432432434,4.729793832800048,0.33849419518918133,0.8989099773991104,-0.31545235804976435,1.073043794257458,0.12781456953642384,572979.3832800048
2,-85,-40,10,-80,50,74,0.6621621621621622,2.1895637337804583,0.0319426996794198,0.03345718084657745,3.7432432432432434,4.729793832800048,0.33849419518918133,0.8989099773991104,-0.31545235804976435,1.073043794257458,0.12781456953642384,572979.3832800048
2,-85,-40,3,-50,50,125,0.72,2.0062788256388573,0.02453146626540596,0.032638623534520184,3.6,9.002000229906201,0.4690078233689834,1.0122941638430158,-0.4378642707242869,1.0711260423079985,0.20198675496688742,1000200.0229906202
2,-95,-20,5,-50,-20,49,0.7755102040816326,3.959281871245516,0.050006162585576476,0.04621676891615545,4.387755102040816,6.291203310382884,0.3934639978543195,0.988341102167676,-0.36841483896820115,1.067991720844557,0.09801324503311258,729120.3310382884
2,-95,-40,3,-50,-20,76,0.7894736842105263,3.429173703094361,0.039649785436900065,0.035630726021159465,3.0526315789473686,10.943160507512546,0.5131753594407131,1.2175067344306627,-0.4841609432010263,1.0599272135580748,0.10728476821192053,1194316.0507512547
2,-85,-20,5,-120,-20,51,0.6666666666666666,3.2342807637345663,0.048284417333730456,0.06289308176100628,4.901960784313726,6.329449494950173,0.3946820875853225,0.9835633260662795,-0.3727803741756587,1.0587523242286985,0.11390728476821192,732944.9494950173
2,-85,-20,5,-120,0,51,0.6666666666666666,3.2342807637345663,0.048284417333730456,0.06289308176100628,4.901960784313726,6.329449494950173,0.3946820875853225,0.9835633260662795,-0.3727803741756587,1.0587523242286985,0.11390728476821192,732944.9494950173
2,-85,-20,5,-120,50,51,0.6666666666666666,3.2342807637345663,0.048284417333730456,0.06289308176100628,4.901960784313726,6.329449494950173,0.3946820875853225,0.9835633260662795,-0.3727803741756587,1.0587523242286985,0.11390728476821192,732944.9494950173
2,-95,-20,3,-80,0,63,0.7301587301587301,2.601761506764539,0.03579056648762791,0.036673168678080126,4.015873015873016,4.919847922760066,0.3458085334864711,0.9220224581176703,-0.32938665293766467,1.0498559380058252,0.11655629139072848,591984.7922760067
2,-95,-30,5,-80,-20,42,0.7380952380952381,3.589507159364063,0.05113548571661652,0.057288937594938916,3.7857142857142856,4.759756181289073,0.33966060430614053,0.9303856999535159,-0.32938665293766467,1.031191158709215,0.07417218543046358,575975.6181289073
2,-95,-30,5,-80,0,42,0.7380952380952381,3.589507159364063,0.05113548571661652,0.057288937594938916,3.7857142857142856,4.759756181289073,0.33966060430614053,0.9303856999535159,-0.32938665293766467,1.031191158709215,0.07417218543046358,575975.6181289073
2,-95,-30,5,-80,50,42,0.7380952380952381,3.589507159364063,0.05113548571661652,0.057288937594938916,3.7857142857142856,4.759756181289073,0.33966060430614053,0.9303856999535159,-0.32938665293766467,1.031191158709215,0.07417218543046358,575975.6181289073
2,-95,-40,3,-50,0,76,0.7894736842105263,3.2548661842378386,0.038775677118520264,0.035630726021159465,3.1315789473684212,10.085888099253363,0.4944682882849607,1.1859548513568932,-0.4841609432010263,1.0212890883262649,0.10993377483443709,1108588.8099253364
2,-95,-20,7,-80,-20,40,0.775,3.8725820855160853,0.0528898913469835,0.05785836499988761,4.8,4.6043051942411894,0.3335531338583706,0.8992951706771847,-0.3293866529376648,1.012649209928656,0.0880794701986755,560430.5194241189
2,-95,-20,7,-80,0,40,0.775,3.8725820855160853,0.0528898913469835,0.05785836499988761,4.8,4.6043051942411894,0.3335531338583706,0.8992951706771847,-0.3293866529376648,1.012649209928656,0.0880794701986755,560430.5194241189
2,-95,-20,7,-80,50,40,0.775,3.8725820855160853,0.0528898913469835,0.05785836499988761,4.8,4.6043051942411894,0.3335531338583706,0.8992951706771847,-0.3293866529376648,1.012649209928656,0.0880794701986755,560430.5194241189
2,-85,-30,7,-120,-20,55,0.7272727272727273,2.4127194373962424,0.040507712464674925,0.05382774475744667,4.072727272727272,4.399084523587622,0.3252703844999565,0.8903742816793647,-0.3257642960497885,0.9984838376831925,0.10198675496688742,539908.4523587623
2,-85,-30,7,-120,0,55,0.7272727272727273,2.4127194373962424,0.040507712464674925,0.05382774475744667,4.072727272727272,4.399084523587622,0.3252703844999565,0.8903742816793647,-0.3257642960497885,0.9984838376831925,0.10198675496688742,539908.4523587623
2,-85,-30,7,-120,50,55,0.7272727272727273,2.4127194373962424,0.040507712464674925,0.05382774475744667,4.072727272727272,4.399084523587622,0.3252703844999565,0.8903742816793647,-0.3257642960497885,0.9984838376831925,0.10198675496688742,539908.4523587623
2,-90,-20,3,-80,0,84,0.7261904761904762,2.198147426874199,0.0326246775036575,0.037197421082373006,4.309523809523809,6.789470945315929,0.4089331581848201,0.931175640691956,-0.4130149070729807,0.9901171874955125,0.16688741721854305,778947.0945315929
2,-95,-20,7,-50,-20,46,0.7608695652173914,3.7683365770445634,0.05020913653998485,0.046000262368062206,4.782608695652174,5.300541325872304,0.3598899967499227,0.9267101011895092,-0.3661926863296998,0.9827885978746651,0.09933774834437085,630054.1325872304
2,-95,-20,7,-50,0,46,0.7608695652173914,3.7683365770445634,0.05020913653998485,0.046000262368062206,4.782608695652174,5.300541325872304,0.3598899967499227,0.9267101011895092,-0.3661926863296998,0.9827885978746651,0.09933774834437085,630054.1325872304
2,-95,-20,7,-50,50,46,0.7608695652173914,3.7683365770445634,0.05020913653998485,0.046000262368062206,4.782608695652174,5.300541325872304,0.3598899967499227,0.9267101011895092,-0.3661926863296998,0.9827885978746651,0.09933774834437085,630054.1325872304
2,-85,-20,10,-120,-20,52,0.7115384615384616,2.8426143711855363,0.04226224388614035,0.053069320235350714,4.903846153846154,4.7875988481621174,0.3407399741376682,0.8746277860181324,-0.35048231511254013,0.9722030454753654,0.11589403973509933,578759.8848162118
2,-85,-20,10,-120,0,52,0.7115384615384616,2.8426143711855363,0.04226224388614035,0.053069320235350714,4.903846153846154,4.7875988481621174,0.3407399741376682,0.8746277860181324,-0.35048231511254013,0.9722030454753654,0.11589403973509933,578759.8848162118
2,-85,-20,10,-120,50,52,0.7115384615384616,2.8426143711855363,0.04226224388614035,0.053069320235350714,4.903846153846154,4.7875988481621174,0.3407399741376682,0.8746277860181324,-0.35048231511254013,0.9722030454753654,0.11589403973509933,578759.8848162118
2,-90,-30,7,-120,-20,45,0.7333333333333333,2.677633813347671,0.04765978652302169,0.06465100545670222,4.022222222222222,4.10756989626038,0.3130419202387269,0.883102187678584,-0.3257011937607833,0.9611322470885562,0.0847682119205298,510756.98962603806
2,-90,-30,7,-120,0,45,0.7333333333333333,2.677633813347671,0.04765978652302169,0.06465100545670222,4.022222222222222,4.10756989626038,0.3130419202387269,0.883102187678584,-0.3257011937607833,0.9611322470885562,0.0847682119205298,510756.98962603806
2,-90,-30,7,-120,50,45,0.7333333333333333,2.677633813347671,0.04765978652302169,0.06465100545670222,4.022222222222222,4.10756989626038,0.3130419202387269,0.883102187678584,-0.3257011937607833,0.9611322470885562,0.0847682119205298,510756.98962603806
2,-90,-20,10,-120,-20,45,0.7333333333333333,3.120588080643613,0.04779307085352335,0.059424171409440785,4.888888888888889,4.608816530194118,0.33373235514860466,0.8759535435783307,-0.35048231511254013,0.9522088298276703,0.10132450331125828,560881.6530194118
2,-90,-20,10,-120,0,45,0.7333333333333333,3.120588080643613,0.04779307085352335,0.059424171409440785,4.888888888888889,4.608816530194118,0.33373235514860466,0.8759535435783307,-0.35048231511254013,0.9522088298276703,0.10132450331125828,560881.6530194118
2,-90,-20,10,-120,50,45,0.7333333333333333,3.120588080643613,0.04779307085352335,0.059424171409440785,4.888888888888889,4.608816530194118,0.33373235514860466,0.8759535435783307,-0.35048231511254013,0.9522088298276703,0.10132450331125828,560881.6530194118
2,-95,-40,5,-80,-20,44,0.7272727272727273,3.269962286493796,0.04558765912096519,0.04932843189707792,3.0454545454545454,4.022218490741908,0.3093516378021772,0.9583827388328506,-0.32702718455472446,0.9459508334861703,0.06490066225165562,502221.84907419083
2,-95,-40,5,-80,0,44,0.7272727272727273,3.269962286493796,0.04558765912096519,0.04932843189707792,3.0454545454545454,4.022218490741908,0.3093516378021772,0.9583827388328506,-0.32702718455472446,0.9459508334861703,0.06490066225165562,502221.84907419083
2,-95,-40,5,-80,50,44,0.7272727272727273,3.269962286493796,0.04558765912096519,0.04932843189707792,3.0454545454545454,4.022218490741908,0.3093516378021772,0.9583827388328506,-0.32702718455472446,0.9459508334861703,0.06490066225165562,502221.84907419083
2,-85,-20,7,-120,-20,55,0.6909090909090909,2.66282749408164,0.042263227486457944,0.05115689219787978,4.818181818181818,5.145959620494536,0.3542600042856958,0.9110263324492197,-0.37475595583147536,0.9453085368575266,0.11920529801324503,614595.9620494536
2,-85,-20,7,-120,0,55,0.6909090909090909,2.66282749408164,0.042263227486457944,0.05115689219787978,4.818181818181818,5.145959620494536,0.3542600042856958,0.9110263324492197,-0.37475595583147536,0.9453085368575266,0.11920529801324503,614595.9620494536
2,-85,-20,7,-120,50,55,0.6909090909090909,2.66282749408164,0.042263227486457944,0.05115689219787978,4.818181818181818,5.145959620494536,0.3542600042856958,0.9110263324492197,-0.37475595583147536,0.9453085368575266,0.11920529801324503,614595.9620494536
2,-85,-20,10,-50,50,81,0.6666666666666666,2.108537575927803,0.030448016741062085,0.03887915596504765,5.111111111111111,5.166204049484052,0.35500398949010226,0.8376918437254111,-0.37918942400912525,0.9362180667822608,0.1847682119205298,616620.4049484052
2,-90,-20,10,-50,50,66,0.7121212121212122,2.449857028921998,0.038479394156604646,0.046000262368062206,4.909090909090909,5.867596566319424,0.3796039608434909,0.8922957316678338,-0.4059959495135873,0.934994453265566,0.1490066225165563,686759.6566319424
2,-95,-20,5,-80,-20,40,0.725,3.393137581756322,0.049538283089243275,0.05785836499988761,4.775,3.924953657273093,0.3050820225892823,0.8442303078241516,-0.32938665293766467,0.9262124614594449,0.08741721854304636,492495.3657273093
2,-95,-20,5,-80,0,40,0.725,3.393137581756322,0.049538283089243275,0.05785836499988761,4.775,3.924953657273093,0.3050820225892823,0.8442303078241516,-0.32938665293766467,0.9262124614594449,0.08741721854304636,492495.3657273093
2,-95,-20,5,-80,50,40,0.725,3.393137581756322,0.049538283089243275,0.05785836499988761,4.775,3.924953657273093,0.3050820225892823,0.8442303078241516,-0.32938665293766467,0.9262124614594449,0.08741721854304636,492495.3657273093
2,-85,-20,10,-50,0,81,0.6666666666666666,2.0925397678210187,0.030008607613547407,0.03660539013818953,5.098765432098766,4.961005090643376,0.347366670330125,0.8270326190587747,-0.37918942400912525,0.9160768954404319,0.18410596026490067,596100.5090643376
2,-90,-20,10,-50,0,66,0.7121212121212122,2.4295378052962966,0.03794011931829118,0.044382628726089,4.893939393939394,5.63905666497372,0.37182798686477536,0.881047431905689,-0.4059959495135873,0.9158416169182287,0.14834437086092717,663905.666497372
2,-85,-20,10,-50,-20,81,0.6666666666666666,2.0899079829657374,0.02993632081779723,0.03660539013818953,5.08641975308642,4.9272479966345095,0.3460893510249641,0.8252277018040816,-0.37918942400912536,0.9127083434073712,0.18344370860927153,592724.7996634509
2,-90,-20,10,-50,-20,66,0.7121212121212122,2.4261951083060427,0.037851403705325054,0.044382628726089,4.878787878787879,5.601459773751218,0.3705274779464769,0.8791370343958839,-0.4059959495135874,0.9126383610240341,0.147682119205298,660145.9773751218
2,-90,-20,3,-80,50,81,0.7160493827160493,2.0705775413648286,0.032715378331757757,0.045572451903397315,4.753086419753086,5.958896002090536,0.3826502230810902,0.886591038079656,-0.42124820419648934,0.9083723545147856,0.176158940397351,695889.6002090536
2,-90,-40,7,-120,-20,46,0.7391304347826086,2.6681252800868798,0.0438502128384852,0.06377204360885425,3.5,3.701103231929406,0.29498226043117093,0.9181811365474155,-0.3257011937607833,0.905683694385921,0.07682119205298013,470110.3231929406
2,-90,-40,7,-120,0,46,0.7391304347826086,2.6681252800868798,0.0438502128384852,0.06377204360885425,3.5,3.701103231929406,0.29498226043117093,0.9181811365474155,-0.3257011937607833,0.905683694385921,0.07682119205298013,470110.3231929406
2,-90,-40,7,-120,50,46,0.7391304347826086,2.6681252800868798,0.0438502128384852,0.06377204360885425,3.5,3.701103231929406,0.29498226043117093,0.9181811365474155,-0.3257011937607833,0.905683694385921,0.07682119205298013,470110.3231929406
2,-95,-30,10,-50,50,49,0.7551020408163265,3.2583593535466298,0.04466619771189186,0.04621676891615545,4.183673469387755,4.544546985786981,0.3311677151764547,0.8902548816672631,-0.3661926863296997,0.9043537119643333,0.09271523178807947,554454.6985786981
2,-85,-40,7,-120,-20,56,0.7321428571428571,2.337342862076535,0.036865692404110854,0.052492318477663225,3.607142857142857,3.7702997274522616,0.2981463064302159,0.9017223672986036,-0.3327107811718366,0.8961125497049371,0.09271523178807947,477029.9727452262
2,-85,-40,7,-120,0,56,0.7321428571428571,2.337342862076535,0.036865692404110854,0.052492318477663225,3.607142857142857,3.7702997274522616,0.2981463064302159,0.9017223672986036,-0.3327107811718366,0.8961125497049371,0.09271523178807947,477029.9727452262
2,-85,-40,7,-120,50,56,0.7321428571428571,2.337342862076535,0.036865692404110854,0.052492318477663225,3.607142857142857,3.7702997274522616,0.2981463064302159,0.9017223672986036,-0.3327107811718366,0.8961125497049371,0.09271523178807947,477029.9727452262
2,-95,-30,10,-50,0,49,0.7551020408163265,3.2216334848222243,0.04393982752151047,0.04578375581996896,4.163265306122449,4.360035532776938,0.32366474634749487,0.8769007678492919,-0.3661926863296998,0.8838645839477113,0.09205298013245033,536003.5532776938
2,-95,-40,10,-50,-20,52,0.75,3.094210250082415,0.04139610119782215,0.03788129150878006,3.423076923076923,4.346608949117916,0.3231104131945812,0.9380172271718242,-0.3661926863296997,0.8823508094415365,0.08211920529801324,534660.8949117915
2,-95,-40,10,-50,0,52,0.75,3.094210250082415,0.04139610119782215,0.03788129150878006,3.423076923076923,4.346608949117916,0.3231104131945812,0.9380172271718242,-0.3661926863296997,0.8823508094415365,0.08211920529801324,534660.8949117915
2,-95,-40,10,-50,50,52,0.75,3.094210250082415,0.04139610119782215,0.03788129150878006,3.423076923076923,4.346608949117916,0.3231104131945812,0.9380172271718242,-0.3661926863296997,0.8823508094415365,0.08211920529801324,534660.8949117915
2,-95,-30,10,-50,-20,49,0.7551020408163265,3.2155917455751486,0.04382033302241324,0.04578375581996896,4.142857142857143,4.329681721528763,0.32240989674248266,0.8746210071503733,-0.3661926863296997,0.880437837177891,0.0913907284768212,532968.1721528763
2,-95,-20,3,-80,50,60,0.7,2.2256832435028526,0.03277350231879137,0.041113107076448,4.666666666666667,3.397499187939907,0.28062371342137915,0.7905497707312074,-0.32938665293766467,0.8519583623641431,0.1271523178807947,439749.9187939907
2,-95,-30,3,-80,50,61,0.7213114754098361,2.2158244200029262,0.03186999113073888,0.04529360560604423,4.147540983606557,3.3608979740197276,0.2788373768671746,0.796302644587111,-0.32938665293766467,0.8465351415436485,0.11456953642384106,436089.79740197276
2,-90,-20,5,-120,-20,42,0.6666666666666666,3.1097895129975193,0.05160448692576843,0.07157484621457566,4.714285714285714,4.534808949937047,0.3307769665764604,0.9082287284679356,-0.3922584441618371,0.8432628321953707,0.09271523178807947,553480.8949937047
2,-90,-20,5,-120,0,42,0.6666666666666666,3.1097895129975193,0.05160448692576843,0.07157484621457566,4.714285714285714,4.534808949937047,0.3307769665764604,0.9082287284679356,-0.3922584441618371,0.8432628321953707,0.09271523178807947,553480.8949937047
2,-90,-20,5,-120,50,42,0.6666666666666666,3.1097895129975193,0.05160448692576843,0.07157484621457566,4.714285714285714,4.534808949937047,0.3307769665764604,0.9082287284679356,-0.3922584441618371,0.8432628321953707,0.09271523178807947,553480.8949937047
2,-90,-20,7,-120,-20,45,0.6888888888888889,2.7216440843091747,0.046912575282087546,0.06289308176100628,4.866666666666666,4.058440455314421,0.3109240750749396,0.8497644797640561,-0.37475595583147536,0.8296708037236893,0.1,505844.0455314421
2,-90,-20,7,-120,0,45,0.6888888888888889,2.7216440843091747,0.046912575282087546,0.06289308176100628,4.866666666666666,4.058440455314421,0.3109240750749396,0.8497644797640561,-0.37475595583147536,0.8296708037236893,0.1,505844.0455314421
2,-90,-20,7,-120,50,45,0.6888888888888889,2.7216440843091747,0.046912575282087546,0.06289308176100628,4.866666666666666,4.058440455314421,0.3109240750749396,0.8497644797640561,-0.37475595583147536,0.8296708037236893,0.1,505844.0455314421
2,-95,-40,3,-50,50,74,0.7702702702702703,2.6970460614709664,0.034651231110329216,0.035630726021159465,3.310810810810811,6.535756972772136,0.4011628433351657,1.017878800171059,-0.4841609432010262,0.8285733266357274,0.11324503311258279,753575.6972772136
2,-90,-20,3,-50,-20,99,0.7373737373737373,2.006513557082742,0.027236753177037214,0.033231156236281034,4.171717171717172,5.806725758392167,0.37755417184093765,0.8713143254255815,-0.4610861668543258,0.8188364756564492,0.18543046357615894,680672.5758392167
2,-90,-20,3,-50,0,99,0.7272727272727273,1.9594588089327283,0.02648755396839518,0.033231156236281034,4.292929292929293,5.286492262930971,0.35938310127980744,0.8448559602952652,-0.4610861668543259,0.779427202797324,0.19205298013245034,628649.2262930971
2,-90,-20,3,-50,50,96,0.71875,1.906814476864678,0.027105871981884345,0.039842706787041604,4.6875,5.063219556606167,0.3511979134313963,0.8279657677736043,-0.4610861668543258,0.7616752326953949,0.20264900662251656,606321.9556606166
2,-95,-20,10,-50,50,46,0.7391304347826086,2.9947568941162226,0.04196594009493059,0.041035457985844515,5.065217391304348,3.3459967705399114,0.27810653889019576,0.7787280067170206,-0.3661926863296997,0.7594541050986583,0.10529801324503311,434599.6770539912
2,-95,-30,3,-50,-20,74,0.7567567567567568,2.513549731877445,0.03229625797287683,0.035630726021159465,3.472972972972973,5.32774937563813,0.3608690019793501,0.9297438349291017,-0.4755587502146671,0.7588315887710066,0.1185430463576159,632774.9375638131
2,-85,-20,3,-50,-20,119,0.7226890756302521,1.8131967421215753,0.022328131111202888,0.03224873847224652,4.218487394957983,5.1975984559415895,0.35615372342102747,0.8275267552950195,-0.4751560174378623,0.7495511165816244,0.22185430463576158,619759.845594159
2,-95,-20,10,-50,0,46,0.7391304347826086,2.9579787949462957,0.041192197935611255,0.03788129150878006,5.043478260869565,3.2013706755740214,0.2709026430834891,0.7658208809604495,-0.3661926863296998,0.7397816865178548,0.10463576158940398,420137.06755740213
2,-95,-20,10,-50,-20,46,0.7391304347826086,2.9519284633161513,0.04106491031700769,0.03788129150878006,5.021739130434782,3.1775783682861034,0.26969781256724024,0.7636285249026167,-0.3661926863296998,0.7364915320138838,0.10397350993377484,417757.83682861034
2,-95,-20,3,-50,-20,73,0.7534246575342466,2.4437146881845253,0.03231999970834388,0.03368740515933233,3.7260273972602738,5.0160833419857465,0.34943787385394187,0.9018850363235775,-0.4755587502146671,0.734794331291782,0.12450331125827814,601608.3341985747
2,-95,-30,3,-50,0,74,0.7567567567567568,2.4120695040249873,0.03139852510535162,0.035630726021159465,3.554054054054054,4.873547580166858,0.34404486253321553,0.9002974209739074,-0.475558750214667,0.7234539631074265,0.12119205298013246,587354.7580166858
2,-85,-20,3,-50,50,116,0.6982758620689655,1.7682286212324427,0.022528027347854345,0.034494578323538194,4.672413793103448,4.844499657851129,0.34293244932770595,0.8039470588295912,-0.486349975379081,0.7051145608888135,0.2410596026490066,584449.9657851129
2,-95,-20,3,-50,0,73,0.7397260273972602,2.379752032628823,0.031201608734624783,0.03368740515933233,3.8904109589041096,4.556278117406473,0.3316376803480183,0.8694686068167313,-0.47555875021466687,0.6973642692902136,0.13112582781456952,555627.8117406473
2,-85,-20,3,-50,0,119,0.7058823529411765,1.7675613068416955,0.02152457084703351,0.03224873847224652,4.336134453781512,4.601839451382658,0.3334551267966128,0.795540537933654,-0.48634997537908076,0.6856279298394217,0.22980132450331126,560183.9451382658
2,-85,-20,10,-80,-20,66,0.6212121212121212,2.0391679795443554,0.029235614817209876,0.03375006392382074,5.2727272727272725,2.9014289629884926,0.25527834140642547,0.7043803846668514,-0.37278037417565857,0.6847955501169578,0.15695364238410597,390142.89629884926
2,-85,-20,10,-80,0,66,0.6212121212121212,2.0391679795443554,0.029235614817209876,0.03375006392382074,5.2727272727272725,2.9014289629884926,0.25527834140642547,0.7043803846668514,-0.37278037417565857,0.6847955501169578,0.15695364238410597,390142.89629884926
2,-85,-20,10,-80,50,66,0.6212121212121212,2.0391679795443554,0.029235614817209876,0.03375006392382074,5.2727272727272725,2.9014289629884926,0.25527834140642547,0.7043803846668514,-0.37278037417565857,0.6847955501169578,0.15695364238410597,390142.89629884926
2,-95,-40,10,-80,-20,41,0.7317073170731707,3.01343281531183,0.042806093956516085,0.04298150163220904,3.1463414634146343,2.7106952096201136,0.24481410417015192,0.8157296183182401,-0.3661926863296997,0.6685390323435756,0.06423841059602649,371069.52096201136
2,-95,-40,10,-80,0,41,0.7317073170731707,3.01343281531183,0.042806093956516085,0.04298150163220904,3.1463414634146343,2.7106952096201136,0.24481410417015192,0.8157296183182401,-0.3661926863296997,0.6685390323435756,0.06423841059602649,371069.52096201136
2,-95,-40,10,-80,50,41,0.7317073170731707,3.01343281531183,0.042806093956516085,0.04298150163220904,3.1463414634146343,2.7106952096201136,0.24481410417015192,0.8157296183182401,-0.3661926863296997,0.6685390323435756,0.06423841059602649,371069.52096201136
3,-85,-30,5,-50,-20,98,0.673469387755102,2.031979824700668,0.030357401098776177,0.04567810386168314,4.673469387755102,7.497508688658927,0.4295541918370376,0.9008560866721252,-0.6572216590862892,0.6535910463362251,0.20662251655629138,849750.8688658926
2,-90,-20,10,-80,-20,54,0.6851851851851852,2.461192843644631,0.03744056857196399,0.044382628726089,5.0,3.4425267377670385,0.28280438875215874,0.7616412775726861,-0.4377205908267834,0.6460842708312785,0.12649006622516556,444252.6737767039
2,-90,-20,10,-80,0,54,0.6851851851851852,2.461192843644631,0.03744056857196399,0.044382628726089,5.0,3.4425267377670385,0.28280438875215874,0.7616412775726861,-0.4377205908267834,0.6460842708312785,0.12649006622516556,444252.6737767039
2,-90,-20,10,-80,50,54,0.6851851851851852,2.461192843644631,0.03744056857196399,0.044382628726089,5.0,3.4425267377670385,0.28280438875215874,0.7616412775726861,-0.4377205908267834,0.6460842708312785,0.12649006622516556,444252.6737767039
3,-85,-20,5,-50,-20,96,0.6666666666666666,2.0033578325655244,0.029886377983232817,0.04567810386168314,4.822916666666667,6.747981462766812,0.40767704897224455,0.8743564355349513,-0.657221659086289,0.6203037336581738,0.2099337748344371,774798.1462766812
3,-85,-30,5,-50,0,97,0.6701030927835051,1.977727682613819,0.02972434911205227,0.04578375581996896,4.742268041237113,6.672726305949373,0.40538430291562944,0.8721684787235189,-0.6572216590862892,0.6168151905998049,0.20794701986754968,767272.6305949374
3,-85,-30,5,-50,50,97,0.6701030927835051,1.977727682613819,0.02972434911205227,0.04578375581996896,4.742268041237113,6.672726305949373,0.40538430291562944,0.8721684787235189,-0.6572216590862892,0.6168151905998049,0.20794701986754968,767272.6305949374
3,-85,-20,5,-50,0,95,0.6736842105263158,1.9782359328383485,0.029732288297321524,0.04578375581996896,4.905263157894737,6.339550116727492,0.39500289491683116,0.8588988875254816,-0.657221659086289,0.6010192900002551,0.2119205298013245,733955.0116727492
3,-85,-20,5,-50,50,95,0.6736842105263158,1.9782359328383485,0.029732288297321524,0.04578375581996896,4.905263157894737,6.339550116727492,0.39500289491683116,0.8588988875254816,-0.657221659086289,0.6010192900002551,0.2119205298013245,733955.0116727492
5,-85,-30,5,-80,-20,94,0.6702127659574468,1.9628335774615426,0.028489292495528933,0.04169045046692266,4.9787234042553195,5.8132014868417,0.37777296235252233,0.8385693050415565,-0.657221659086289,0.574802971158507,0.20927152317880796,681320.14868417
5,-85,-20,5,-80,-20,94,0.6702127659574468,1.9628335774615426,0.028489292495528933,0.04169045046692266,4.9787234042553195,5.8132014868417,0.37777296235252233,0.8385693050415565,-0.657221659086289,0.574802971158507,0.20927152317880796,681320.14868417
5,-85,-30,5,-80,0,94,0.6808510638297872,1.9581845088707397,0.028466144545026426,0.04169045046692266,5.0,5.766756061629725,0.3761998951576446,0.8364141588053721,-0.657221659086289,0.5724094602735117,0.21059602649006623,676675.6061629725
5,-85,-30,5,-80,50,94,0.6808510638297872,1.9581845088707397,0.028466144545026426,0.04169045046692266,5.0,5.766756061629725,0.3761998951576446,0.8364141588053721,-0.657221659086289,0.5724094602735117,0.21059602649006623,676675.6061629725
5,-85,-20,5,-80,0,94,0.6808510638297872,1.956929136289999,0.028428849413441235,0.04169045046692266,5.031914893617022,5.745088469532754,0.37546295362134074,0.8355296624675462,-0.6572216590862892,0.5712881619624846,0.21125827814569537,674508.8469532754
7,-85,-40,7,-50,-20,91,0.6923076923076923,2.0453382809494083,0.029270033420809343,0.04298150163220904,5.208791208791209,5.614812292219269,0.3709900579236658,0.8321781187949817,-0.657221659086289,0.5644823976730158,0.2099337748344371,661481.2292219269
7,-85,-40,7,-50,0,91,0.6923076923076923,2.0453382809494083,0.029270033420809343,0.04298150163220904,5.208791208791209,5.614812292219269,0.3709900579236658,0.8321781187949817,-0.657221659086289,0.5644823976730158,0.2099337748344371,661481.2292219269
7,-85,-40,7,-50,50,91,0.6923076923076923,2.0453382809494083,0.029270033420809343,0.04298150163220904,5.208791208791209,5.614812292219269,0.3709900579236658,0.8321781187949817,-0.657221659086289,0.5644823976730158,0.2099337748344371,661481.2292219269
2,-95,-20,3,-50,50,70,0.7142857142857143,2.0799623040538306,0.028502530264147095,0.035630726021159465,4.457142857142857,3.150931705278939,0.26834163435143354,0.7503343744076385,-0.4755587502146671,0.5642660012675704,0.1423841059602649,415093.1705278939
3,-85,-40,5,-50,-20,98,0.6836734693877551,1.9401418652266165,0.027506159123018094,0.03609984063201299,4.561224489795919,5.5527244085177685,0.36883246593180097,0.8302970243113176,-0.6572216590862892,0.5611994991835404,0.20198675496688742,655272.4408517769
2,-95,-30,3,-50,50,71,0.7323943661971831,2.070980153116341,0.02778642870898431,0.03924471252068695,4.014084507042254,3.116382718952888,0.26657243001692366,0.7538272689545621,-0.475558750214667,0.5605457367708889,0.12980132450331125,411638.2718952888
5,-85,-40,5,-80,-20,94,0.6702127659574468,1.9444112657058978,0.027944194526018873,0.04169045046692266,4.968085106382978,5.51314665831636,0.3674482108990884,0.8262549950218245,-0.657221659086289,0.5590932767035373,0.20860927152317882,651314.665831636
7,-85,-30,7,-50,-20,91,0.6923076923076923,2.038491439490422,0.029078318181844278,0.03887915596504765,5.21978021978022,5.5052501838595225,0.36717118899338086,0.8275121591018146,-0.657221659086289,0.5586717721747718,0.21059602649006623,650525.0183859522
7,-85,-20,7,-50,-20,91,0.6923076923076923,2.038491439490422,0.029078318181844278,0.03887915596504765,5.21978021978022,5.5052501838595225,0.36717118899338086,0.8275121591018146,-0.657221659086289,0.5586717721747718,0.21059602649006623,650525.0183859522
3,-90,-30,5,-50,-20,78,0.7051282051282052,2.122376905818265,0.03384725511035106,0.046000262368062206,4.833333333333333,5.4907521691462655,0.36666184362858023,0.8389672564151539,-0.6572216590862892,0.5578967743368904,0.1695364238410596,649075.2169146265
5,-85,-40,5,-80,0,94,0.6808510638297872,1.9398362415324888,0.027921046575516365,0.04169045046692266,4.98936170212766,5.468746699413387,0.3658869319510776,0.8241132250491093,-0.657221659086289,0.5567177023042068,0.2099337748344371,646874.6699413387
5,-85,-40,5,-80,50,94,0.6808510638297872,1.9398362415324888,0.027921046575516365,0.04169045046692266,4.98936170212766,5.468746699413387,0.3658869319510776,0.8241132250491093,-0.657221659086289,0.5567177023042068,0.2099337748344371,646874.6699413387
3,-90,-20,5,-50,-20,77,0.7012987012987013,2.1214853781080762,0.03391962155780014,0.04621676891615545,4.974025974025974,5.376923784648178,0.3626295438158633,0.8323509482245322,-0.657221659086289,0.5517614016555902,0.1728476821192053,637692.3784648178
3,-85,-20,5,-80,0,86,0.6744186046511628,1.94194163010245,0.0295857902261572,0.04567810386168314,5.023255813953488,5.084921098525333,0.35200440758358065,0.8106406808704211,-0.657221659086289,0.535594654736363,0.19536423841059603,608492.1098525333
3,-85,-20,5,-80,50,86,0.6744186046511628,1.94194163010245,0.0295857902261572,0.04567810386168314,5.023255813953488,5.084921098525333,0.35200440758358065,0.8106406808704211,-0.657221659086289,0.535594654736363,0.19536423841059603,608492.1098525333
3,-85,-30,5,-80,-20,87,0.6666666666666666,1.923524109510526,0.02932707095047577,0.04578375581996896,4.850574712643678,5.055211546108006,0.3508997044128974,0.810257617220085,-0.657221659086289,0.533913786257045,0.19072847682119207,605521.1546108006
3,-85,-30,5,-80,0,87,0.6666666666666666,1.923524109510526,0.02932707095047577,0.04578375581996896,4.850574712643678,5.055211546108006,0.3508997044128974,0.810257617220085,-0.657221659086289,0.533913786257045,0.19072847682119207,605521.1546108006
3,-85,-30,5,-80,50,87,0.6666666666666666,1.923524109510526,0.02932707095047577,0.04578375581996896,4.850574712643678,5.055211546108006,0.3508997044128974,0.810257617220085,-0.657221659086289,0.533913786257045,0.19072847682119207,605521.1546108006
3,-90,-20,5,-50,0,76,0.7105263157894737,2.089308261438127,0.033780078444813226,0.05059925859448855,5.078947368421052,5.040767125333734,0.35036097925314036,0.8160645761738428,-0.6572216590862892,0.533094085396142,0.17483443708609273,604076.7125333734
3,-90,-20,5,-50,50,76,0.7105263157894737,2.089308261438127,0.033780078444813226,0.05059925859448855,5.078947368421052,5.040767125333734,0.35036097925314036,0.8160645761738428,-0.6572216590862892,0.533094085396142,0.17483443708609273,604076.7125333734
3,-85,-40,5,-50,0,97,0.6804123711340206,1.8876709176738067,0.026843712889121425,0.036673168678080126,4.628865979381444,4.916706035496331,0.3456892169087791,0.8015605899000517,-0.657221659086289,0.52598573423368,0.2033112582781457,591670.6035496331
3,-85,-40,5,-50,50,97,0.6804123711340206,1.8876709176738067,0.026843712889121425,0.036673168678080126,4.628865979381444,4.916706035496331,0.3456892169087791,0.8015605899000517,-0.657221659086289,0.52598573423368,0.2033112582781457,591670.6035496331
3,-90,-30,5,-50,0,77,0.7012987012987013,2.05375020641235,0.03309509681553751,0.04621676891615545,4.922077922077922,4.8607489251612845,0.34355529394879336,0.8087219365577363,-0.657221659086289,0.522738849517567,0.17086092715231788,586074.8925161285
3,-90,-30,5,-50,50,77,0.7012987012987013,2.05375020641235,0.03309509681553751,0.04621676891615545,4.922077922077922,4.8607489251612845,0.34355529394879336,0.8087219365577363,-0.657221659086289,0.522738849517567,0.17086092715231788,586074.8925161285
3,-85,-20,5,-80,-20,86,0.6627906976744186,1.9115657599595912,0.029036504811434063,0.04567810386168314,5.011627906976744,4.800055820876032,0.3412214905636315,0.7973261099256819,-0.6572216590862889,0.5191878354070363,0.1947019867549669,580005.5820876033
5,-85,-20,5,-80,50,93,0.6774193548387096,1.8872434830242308,0.027075881862823475,0.03586140053307485,5.139784946236559,4.769248806848476,0.34002908994465675,0.7920570443700802,-0.657221659086289,0.5173735302902016,0.21456953642384105,576924.8806848476
5,-85,-30,7,-80,-20,85,0.6941176470588235,1.9974033188043774,0.02862184968274247,0.03887915596504765,5.176470588235294,4.68987687715309,0.3369323426715398,0.7938004271861611,-0.657221659086289,0.5126616538170157,0.19602649006622516,568987.687715309
5,-85,-30,7,-80,0,85,0.6941176470588235,1.9974033188043774,0.02862184968274247,0.03887915596504765,5.176470588235294,4.68987687715309,0.3369323426715398,0.7938004271861611,-0.657221659086289,0.5126616538170157,0.19602649006622516,568987.687715309
5,-85,-30,7,-80,50,85,0.6941176470588235,1.9974033188043774,0.02862184968274247,0.03887915596504765,5.176470588235294,4.68987687715309,0.3369323426715398,0.7938004271861611,-0.657221659086289,0.5126616538170157,0.19602649006622516,568987.687715309
5,-85,-30,7,-50,-20,91,0.6813186813186813,1.9460313142659877,0.02774978221911102,0.04450174496879766,5.1208791208791204,4.62790512400352,0.3344893589761748,0.7868978199339791,-0.657221659086289,0.5089445156771051,0.2099337748344371,562790.5124003519
5,-85,-30,7,-50,0,91,0.6813186813186813,1.9460313142659877,0.02774978221911102,0.04450174496879766,5.1208791208791204,4.62790512400352,0.3344893589761748,0.7868978199339791,-0.657221659086289,0.5089445156771051,0.2099337748344371,562790.5124003519
5,-85,-30,7,-50,50,91,0.6813186813186813,1.9460313142659877,0.02774978221911102,0.04450174496879766,5.1208791208791204,4.62790512400352,0.3344893589761748,0.7868978199339791,-0.657221659086289,0.5089445156771051,0.2099337748344371,562790.5124003519
5,-85,-20,7,-80,-20,85,0.6941176470588235,1.9902509118913507,0.028416601603379884,0.03586140053307485,5.188235294117647,4.59563461003668,0.3332083409139681,0.7890540038753701,-0.657221659086289,0.5069953740983146,0.1966887417218543,559563.461003668
7,-90,-40,5,-80,-20,67,0.7014925373134329,2.2072649223808622,0.03461928451066956,0.04578375581996896,5.164179104477612,4.558945373770639,0.33174441894423623,0.8009084659294823,-0.6572216590862892,0.504767933858796,0.1543046357615894,555894.5373770639
7,-90,-30,5,-80,-20,67,0.7014925373134329,2.2072649223808622,0.03461928451066956,0.04578375581996896,5.164179104477612,4.558945373770639,0.33174441894423623,0.8009084659294823,-0.6572216590862892,0.504767933858796,0.1543046357615894,555894.5373770639
7,-90,-20,5,-80,-20,67,0.7014925373134329,2.2072649223808622,0.03461928451066956,0.04578375581996896,5.164179104477612,4.558945373770639,0.33174441894423623,0.8009084659294823,-0.6572216590862892,0.504767933858796,0.1543046357615894,555894.5373770639
3,-85,-20,3,-50,50,119,0.7058823529411765,1.743639292923271,0.02388615218585198,0.0355437665782492,4.7899159663865545,4.542026355158482,0.3310666271762528,0.7820257341027134,-0.6572216590862892,0.5037366352723713,0.2576158940397351,554202.6355158482
3,-85,-20,7,-80,-20,78,0.6794871794871795,2.0004867980336534,0.03058034935550726,0.046000262368062206,5.089743589743589,4.53575136204327,0.33081480683911546,0.7918206555462276,-0.6572216590862892,0.5033534763583948,0.17880794701986755,553575.136204327
3,-85,-20,7,-80,0,78,0.6794871794871795,2.0004867980336534,0.03058034935550726,0.046000262368062206,5.089743589743589,4.53575136204327,0.33081480683911546,0.7918206555462276,-0.6572216590862892,0.5033534763583948,0.17880794701986755,553575.136204327
3,-85,-20,7,-80,50,78,0.6794871794871795,2.0004867980336534,0.03058034935550726,0.046000262368062206,5.089743589743589,4.53575136204327,0.33081480683911546,0.7918206555462276,-0.6572216590862892,0.5033534763583948,0.17880794701986755,553575.136204327
5,-85,-20,7,-50,-20,91,0.6813186813186813,1.939495456865348,0.027558066980145967,0.03887915596504765,5.131868131868132,4.5346893041442495,0.3307721621071418,0.7822548195120121,-0.657221659086289,0.5032885899819584,0.21059602649006623,553468.930414425
7,-90,-40,5,-80,0,67,0.7164179104477612,2.1991270317556215,0.03458680828160634,0.04578375581996896,5.1940298507462686,4.521050181310303,0.3302239046689197,0.7985013400329304,-0.657221659086289,0.502454385219163,0.15562913907284767,552105.0181310303
7,-90,-40,5,-80,50,67,0.7164179104477612,2.1991270317556215,0.03458680828160634,0.04578375581996896,5.1940298507462686,4.521050181310303,0.3302239046689197,0.7985013400329304,-0.657221659086289,0.502454385219163,0.15562913907284767,552105.0181310303
7,-90,-30,5,-80,0,67,0.7164179104477612,2.1991270317556215,0.03458680828160634,0.04578375581996896,5.1940298507462686,4.521050181310303,0.3302239046689197,0.7985013400329304,-0.657221659086289,0.502454385219163,0.15562913907284767,552105.0181310303
7,-90,-30,5,-80,50,67,0.7164179104477612,2.1991270317556215,0.03458680828160634,0.04578375581996896,5.1940298507462686,4.521050181310303,0.3302239046689197,0.7985013400329304,-0.657221659086289,0.502454385219163,0.15562913907284767,552105.0181310303
3,-85,-30,7,-80,-20,79,0.6708860759493671,1.9755171593670382,0.03024066992438372,0.04621676891615545,4.89873417721519,4.5087231241093795,0.3297274173835334,0.7914916970855146,-0.6572216590862892,0.5016989516777964,0.1741721854304636,550872.312410938
3,-85,-30,7,-80,0,79,0.6708860759493671,1.9755171593670382,0.03024066992438372,0.04621676891615545,4.89873417721519,4.5087231241093795,0.3297274173835334,0.7914916970855146,-0.6572216590862892,0.5016989516777964,0.1741721854304636,550872.312410938
3,-85,-30,7,-80,50,79,0.6708860759493671,1.9755171593670382,0.03024066992438372,0.04621676891615545,4.89873417721519,4.5087231241093795,0.3297274173835334,0.7914916970855146,-0.6572216590862892,0.5016989516777964,0.1741721854304636,550872.312410938
7,-90,-20,5,-80,0,67,0.7164179104477612,2.1973129372773093,0.03453448376863606,0.04578375581996896,5.2388059701492535,4.503371420293065,0.3295115828242634,0.7975336833144907,-0.6572216590862892,0.5013705471642111,0.1562913907284768,550337.1420293065
7,-90,-40,7,-50,-20,70,0.7,2.229409629178463,0.03381054462832941,0.04567810386168314,5.271428571428571,4.484328864763864,0.3287421747724304,0.7925287437516626,-0.6601966951559594,0.49794580491617135,0.16556291390728478,548432.8864763863
7,-90,-40,7,-50,0,70,0.7,2.229409629178463,0.03381054462832941,0.04567810386168314,5.271428571428571,4.484328864763864,0.3287421747724304,0.7925287437516626,-0.6601966951559594,0.49794580491617135,0.16556291390728478,548432.8864763863
7,-90,-40,7,-50,50,70,0.7,2.229409629178463,0.03381054462832941,0.04567810386168314,5.271428571428571,4.484328864763864,0.3287421747724304,0.7925287437516626,-0.6601966951559594,0.49794580491617135,0.16556291390728478,548432.8864763863
7,-90,-30,7,-50,-20,70,0.7,2.229409629178463,0.03381054462832941,0.04567810386168314,5.271428571428571,4.484328864763864,0.3287421747724304,0.7925287437516626,-0.6601966951559594,0.49794580491617135,0.16556291390728478,548432.8864763863
7,-90,-30,7,-50,0,70,0.7,2.229409629178463,0.03381054462832941,0.04567810386168314,5.271428571428571,4.484328864763864,0.3287421747724304,0.7925287437516626,-0.6601966951559594,0.49794580491617135,0.16556291390728478,548432.8864763863
7,-90,-30,7,-50,50,70,0.7,2.229409629178463,0.03381054462832941,0.04567810386168314,5.271428571428571,4.484328864763864,0.3287421747724304,0.7925287437516626,-0.6601966951559594,0.49794580491617135,0.16556291390728478,548432.8864763863
7,-90,-20,7,-50,-20,70,0.7,2.229409629178463,0.03381054462832941,0.04567810386168314,5.271428571428571,4.484328864763864,0.3287421747724304,0.7925287437516626,-0.6601966951559594,0.49794580491617135,0.16556291390728478,548432.8864763863
5,-85,-40,7,-80,-20,85,0.6941176470588235,1.9763966782340794,0.028019035457637228,0.03887915596504765,5.1647058823529415,4.439293501041031,0.3269136425479928,0.7811404478746192,-0.657221659086289,0.49741763380483955,0.19536423841059603,543929.3501041031
5,-85,-40,7,-80,0,85,0.6941176470588235,1.9763966782340794,0.028019035457637228,0.03887915596504765,5.1647058823529415,4.439293501041031,0.3269136425479928,0.7811404478746192,-0.657221659086289,0.49741763380483955,0.19536423841059603,543929.3501041031
5,-85,-40,7,-80,50,85,0.6941176470588235,1.9763966782340794,0.028019035457637228,0.03887915596504765,5.1647058823529415,4.439293501041031,0.3269136425479928,0.7811404478746192,-0.657221659086289,0.49741763380483955,0.19536423841059603,543929.3501041031
7,-90,-20,7,-50,0,70,0.7,2.227588560179657,0.03376046259448643,0.04567810386168314,5.314285714285714,4.466767687785562,0.32803064637959056,0.7915767311755798,-0.6601966951559592,0.49686805278856994,0.16622516556291392,546676.7687785561
7,-85,-40,7,-80,-20,85,0.6941176470588235,1.9866815873001904,0.028004754086374185,0.03552651258594586,5.305882352941176,4.428110242705439,0.3264576243568036,0.7794393399719162,-0.657221659086289,0.49672377628373593,0.2,542811.024270544
7,-85,-40,7,-80,0,85,0.6941176470588235,1.9866815873001904,0.028004754086374185,0.03552651258594586,5.305882352941176,4.428110242705439,0.3264576243568036,0.7794393399719162,-0.657221659086289,0.49672377628373593,0.2,542811.024270544
7,-85,-40,7,-80,50,85,0.6941176470588235,1.9866815873001904,0.028004754086374185,0.03552651258594586,5.305882352941176,4.428110242705439,0.3264576243568036,0.7794393399719162,-0.657221659086289,0.49672377628373593,0.2,542811.024270544
3,-85,-20,3,-50,-20,122,0.7213114754098361,1.7528757047542824,0.022846635486659023,0.03399268435887304,4.254098360655738,4.397834191118168,0.32521912277567955,0.7782696230056932,-0.657221659086289,0.4948393259403831,0.2324503311258278,539783.4191118168
5,-85,-40,7,-50,-20,91,0.6813186813186813,1.9268354814640394,0.02718671398686985,0.04450174496879766,5.1098901098901095,4.3800509969531,0.32448896607751077,0.7744980995290391,-0.657221659086289,0.4937283511450852,0.20927152317880796,538005.09969531
5,-85,-40,7,-50,0,91,0.6813186813186813,1.9268354814640394,0.02718671398686985,0.04450174496879766,5.1098901098901095,4.3800509969531,0.32448896607751077,0.7744980995290391,-0.657221659086289,0.4937283511450852,0.20927152317880796,538005.09969531
5,-85,-40,7,-50,50,91,0.6813186813186813,1.9268354814640394,0.02718671398686985,0.04450174496879766,5.1098901098901095,4.3800509969531,0.32448896607751077,0.7744980995290391,-0.657221659086289,0.4937283511450852,0.20927152317880796,538005.09969531
5,-85,-30,5,-50,50,97,0.6701030927835051,1.846065709427305,0.02579885777411011,0.03887915596504765,5.072164948453608,4.341919181028225,0.32291651704212265,0.7696786609237507,-0.657221659086289,0.49133578082478524,0.22119205298013245,534191.9181028225
7,-85,-30,7,-80,-20,85,0.6941176470588235,1.9794501543759386,0.027799506007011598,0.03552651258594586,5.317647058823529,4.338203654834542,0.3227627997446785,0.7747169124604287,-0.657221659086289,0.49110189124534276,0.20066225165562915,533820.3654834542
7,-85,-20,7,-80,-20,85,0.6941176470588235,1.9794501543759386,0.027799506007011598,0.03552651258594586,5.317647058823529,4.338203654834542,0.3227627997446785,0.7747169124604287,-0.657221659086289,0.49110189124534276,0.20066225165562915,533820.3654834542
7,-85,-30,7,-50,0,89,0.6629213483146067,1.9394881447117194,0.027433810150590942,0.03887915596504765,5.393258426966292,4.320121473173647,0.3220134360568465,0.7710978047388349,-0.657221659086289,0.48996169192678446,0.21258278145695364,532012.1473173647
7,-85,-30,7,-50,50,89,0.6629213483146067,1.9394881447117194,0.027433810150590942,0.03887915596504765,5.393258426966292,4.320121473173647,0.3220134360568465,0.7710978047388349,-0.657221659086289,0.48996169192678446,0.21258278145695364,532012.1473173647
3,-85,-20,3,-80,-20,107,0.7289719626168224,1.8112774818418715,0.024825026732474678,0.036673168678080126,4.196261682242991,4.304786305937641,0.32137624998630643,0.781127518526268,-0.6572216590862889,0.4889921772102033,0.20264900662251656,530478.6305937641
7,-85,-20,7,-50,0,89,0.6629213483146067,1.9381391968438946,0.027394419786894216,0.03887915596504765,5.426966292134831,4.303086098920888,0.32130551083754555,0.7702073123894678,-0.6572216590862892,0.48888454358647376,0.21324503311258278,530308.6098920888
3,-85,-30,3,-80,-20,107,0.7289719626168224,1.8102854416914866,0.024794670382391987,0.036673168678080126,4.186915887850467,4.288093979726899,0.3206809266551569,0.7802142197799771,-0.657221659086289,0.48793420335688226,0.20198675496688742,528809.3979726898
3,-85,-20,3,-50,0,122,0.7049180327868853,1.733794001908709,0.02268670856632615,0.03399268435887304,4.434426229508197,4.208983622652725,0.3173604840308646,0.7673244391814431,-0.6572216590862892,0.4828819617297444,0.24437086092715232,520898.3622652725
3,-85,-20,3,-80,0,107,0.7102803738317757,1.7952182670030061,0.024572850062320073,0.0355437665782492,4.401869158878505,4.119191144249931,0.3135403997362203,0.7694744776841984,-0.6572216590862892,0.47706948698575125,0.21456953642384105,511919.11442499305
5,-85,-30,5,-50,-20,97,0.6597938144329897,1.8316195108085547,0.025262124105561827,0.03887915596504765,5.020618556701031,4.116090550653661,0.3134074957646271,0.7581868485815914,-0.6572216590862892,0.47686726606111235,0.21920529801324504,511609.0550653661
5,-85,-20,5,-50,-20,97,0.6597938144329897,1.8316195108085547,0.025262124105561827,0.03887915596504765,5.020618556701031,4.116090550653661,0.3134074957646271,0.7581868485815914,-0.6572216590862892,0.47686726606111235,0.21920529801324504,511609.0550653661
5,-85,-40,5,-50,50,97,0.6701030927835051,1.8287422629342784,0.025270618504687987,0.03887915596504765,5.061855670103093,4.106659935142826,0.31300284867634165,0.7575042508451372,-0.657221659086289,0.4762515725843514,0.2205298013245033,510665.9935142826
3,-85,-30,3,-80,0,107,0.7102803738317757,1.7942358850634235,0.024542493712237382,0.0355437665782492,4.392523364485982,4.103082821767773,0.31284919971930325,0.768567595306307,-0.6572216590862892,0.4760177869887092,0.2139072847682119,510308.28217677725
5,-85,-30,5,-50,0,97,0.6701030927835051,1.8277280399310167,0.025239692071054243,0.03887915596504765,5.041237113402062,4.0812142885165414,0.3119079176036752,0.7561641555748307,-0.657221659086289,0.4745855729059648,0.2205298013245033,508121.4288516542
5,-85,-20,5,-50,0,97,0.6701030927835051,1.8265427847060753,0.02520355039714694,0.03887915596504765,5.072164948453608,4.064943910575015,0.3112054037903189,0.7552911572098157,-0.657221659086289,0.4735166583264713,0.22119205298013245,506494.3910575015
3,-85,-20,3,-80,50,104,0.7115384615384616,1.7726734470271535,0.025322552777579003,0.04377105549715321,4.788461538461538,4.044921531226398,0.31033830335081913,0.7628012808995246,-0.657221659086289,0.47219731586793867,0.22649006622516557,504492.1531226398
5,-85,-30,3,-80,50,93,0.6881720430107527,1.8703871988908563,0.027820001374508203,0.04578375581996896,4.688172043010753,4.037465044644091,0.31001465588667254,0.7686313479481371,-0.657221659086289,0.4717048679096706,0.19801324503311257,503746.50446440914
5,-85,-20,3,-80,50,93,0.6881720430107527,1.8703871988908563,0.027820001374508203,0.04578375581996896,4.688172043010753,4.037465044644091,0.31001465588667254,0.7686313479481371,-0.657221659086289,0.4717048679096706,0.19801324503311257,503746.50446440914
3,-85,-30,3,-50,-20,122,0.7213114754098361,1.7328229234091277,0.02223811726380583,0.03399268435887304,4.237704918032787,4.035335791644589,0.30992216279705276,0.7591456988649766,-0.657221659086289,0.4715641344320972,0.23112582781456953,503533.57916445885
3,-85,-30,3,-50,50,119,0.6974789915966386,1.7105436417172444,0.022973951703486237,0.03552651258594586,4.756302521008403,3.9940442563483245,0.30812201675286977,0.7539812588167433,-0.657221659086289,0.4688251102089977,0.25496688741721857,499404.42563483247
3,-90,-20,5,-80,0,69,0.6956521739130435,2.0322242370805275,0.033023289736530737,0.04621676891615545,5.231884057971015,3.958151390338757,0.30654713030112246,0.7616732800496379,-0.657221659086289,0.46642883122157536,0.1629139072847682,495815.13903387566
3,-90,-20,5,-80,50,69,0.6956521739130435,2.0322242370805275,0.033023289736530737,0.04621676891615545,5.231884057971015,3.958151390338757,0.30654713030112246,0.7616732800496379,-0.657221659086289,0.46642883122157536,0.1629139072847682,495815.13903387566
7,-90,-40,7,-80,-20,68,0.6911764705882353,2.138703124068221,0.032237042786613726,0.044382628726089,5.323529411764706,3.9328476454607184,0.30543114990783304,0.7620010450145328,-0.6601966951559591,0.4626365932287508,0.16158940397350993,493284.7645460719
7,-90,-40,7,-80,0,68,0.6911764705882353,2.138703124068221,0.032237042786613726,0.044382628726089,5.323529411764706,3.9328476454607184,0.30543114990783304,0.7620010450145328,-0.6601966951559591,0.4626365932287508,0.16158940397350993,493284.7645460719
7,-90,-40,7,-80,50,68,0.6911764705882353,2.138703124068221,0.032237042786613726,0.044382628726089,5.323529411764706,3.9328476454607184,0.30543114990783304,0.7620010450145328,-0.6601966951559591,0.4626365932287508,0.16158940397350993,493284.7645460719
7,-90,-30,7,-80,-20,68,0.6911764705882353,2.138703124068221,0.032237042786613726,0.044382628726089,5.323529411764706,3.9328476454607184,0.30543114990783304,0.7620010450145328,-0.6601966951559591,0.4626365932287508,0.16158940397350993,493284.7645460719
7,-90,-30,7,-80,0,68,0.6911764705882353,2.138703124068221,0.032237042786613726,0.044382628726089,5.323529411764706,3.9328476454607184,0.30543114990783304,0.7620010450145328,-0.6601966951559591,0.4626365932287508,0.16158940397350993,493284.7645460719
7,-90,-30,7,-80,50,68,0.6911764705882353,2.138703124068221,0.032237042786613726,0.044382628726089,5.323529411764706,3.9328476454607184,0.30543114990783304,0.7620010450145328,-0.6601966951559591,0.4626365932287508,0.16158940397350993,493284.7645460719
7,-90,-20,7,-80,-20,68,0.6911764705882353,2.138703124068221,0.032237042786613726,0.044382628726089,5.323529411764706,3.9328476454607184,0.30543114990783304,0.7620010450145328,-0.6601966951559591,0.4626365932287508,0.16158940397350993,493284.7645460719
3,-85,-30,7,-50,50,88,0.6704545454545454,1.8589145288484972,0.027189791258948607,0.04567810386168314,4.954545454545454,3.8991394209143895,0.303937072686449,0.7516388338892748,-0.657221659086289,0.46245748064511666,0.19602649006622516,489913.942091439
3,-90,-40,5,-50,-20,78,0.7051282051282052,1.9944663806608753,0.02998988763080123,0.042554509678668584,4.717948717948718,3.8984920075573113,0.30390829314728096,0.7576045601883056,-0.657221659086289,0.4624136909452945,0.16622516556291392,489849.20075573114
5,-85,-40,5,-50,-20,97,0.6597938144329897,1.8142300751066702,0.024733884836139704,0.03887915596504765,5.010309278350515,3.890776845215587,0.3035650860778436,0.7459877351001332,-0.6572216590862892,0.4618914819391054,0.2185430463576159,489077.6845215587
7,-90,-20,7,-80,0,68,0.6911764705882353,2.136882055069415,0.03218548775177537,0.044382628726089,5.367647058823529,3.9170523471398075,0.30473210434000797,0.7610454006575282,-0.6601966951559592,0.46157774883744407,0.16225165562913907,491705.23471398075
3,-85,-30,7,-50,-20,88,0.6704545454545454,1.857383336996079,0.027141319862265565,0.04567810386168314,4.931818181818182,3.8793077457269964,0.30305405158876964,0.7505106108912355,-0.6572216590862892,0.46111391400291707,0.1947019867549669,487930.7745726996
3,-85,-30,7,-50,0,88,0.6704545454545454,1.857383336996079,0.027141319862265565,0.04567810386168314,4.931818181818182,3.8793077457269964,0.30305405158876964,0.7505106108912355,-0.6572216590862892,0.46111391400291707,0.1947019867549669,487930.7745726996
3,-85,-30,3,-50,0,122,0.7049180327868853,1.7141116834852865,0.022078190343472956,0.03399268435887304,4.418032786885246,3.85916772256399,0.30215423605623726,0.7483080536809962,-0.657221659086289,0.4597447936763239,0.24304635761589405,485916.772256399
3,-85,-30,3,-80,50,104,0.7019230769230769,1.7560490518690675,0.024961391588422453,0.04377105549715321,4.759615384615385,3.8580344340685633,0.3021035107531833,0.7522153336917591,-0.657221659086289,0.4596676122530512,0.22450331125827813,485803.4434068563
5,-85,-40,5,-50,0,97,0.6701030927835051,1.8104045934379904,0.02471145280163212,0.03887915596504765,5.030927835051546,3.857436541008873,0.3020767454518267,0.7439780463931703,-0.657221659086289,0.4596268873302089,0.21986754966887417,485743.6541008873
5,-85,-40,3,-80,50,93,0.6881720430107527,1.8531496775331193,0.02726904213650878,0.04578375581996896,4.67741935483871,3.8156140230513413,0.30019767145457044,0.7555461589543666,-0.657221659086289,0.4567677697535473,0.19735099337748344,481561.4023051341
7,-90,-20,5,-80,50,66,0.7121212121212122,2.1006191364856903,0.03298487375187188,0.04567810386168314,5.378787878787879,3.786454819790655,0.29887949742342435,0.7549272934017539,-0.657221659086289,0.4547620932623332,0.15894039735099338,478645.4819790655
7,-85,-40,3,-80,-20,92,0.717391304347826,1.890796464658906,0.027063489212587884,0.044599135274182244,4.206521739130435,3.777299068679503,0.2984642216621194,0.7616276704278757,-0.6572216590862892,0.45413022765723077,0.17019867549668874,477729.90686795034
7,-85,-30,3,-80,-20,92,0.717391304347826,1.890796464658906,0.027063489212587884,0.044599135274182244,4.206521739130435,3.777299068679503,0.2984642216621194,0.7616276704278757,-0.6572216590862892,0.45413022765723077,0.17019867549668874,477729.90686795034
7,-85,-20,3,-80,-20,92,0.717391304347826,1.890796464658906,0.027063489212587884,0.044599135274182244,4.206521739130435,3.777299068679503,0.2984642216621194,0.7616276704278757,-0.6572216590862892,0.45413022765723077,0.17019867549668874,477729.90686795034
7,-85,-40,3,-80,50,88,0.7045454545454546,1.9102112890876728,0.02805640551847539,0.04764364710399205,4.761363636363637,3.747418091173893,0.2971042870241196,0.7558904522667289,-0.657221659086289,0.452061010036055,0.18675496688741722,474741.80911738926
7,-85,-30,3,-80,50,88,0.7045454545454546,1.9102112890876728,0.02805640551847539,0.04764364710399205,4.761363636363637,3.747418091173893,0.2971042870241196,0.7558904522667289,-0.657221659086289,0.452061010036055,0.18675496688741722,474741.80911738926
7,-85,-20,3,-80,50,88,0.7045454545454546,1.9102112890876728,0.02805640551847539,0.04764364710399205,4.761363636363637,3.747418091173893,0.2971042870241196,0.7558904522667289,-0.657221659086289,0.452061010036055,0.18675496688741722,474741.80911738926
3,-90,-20,5,-80,-20,69,0.6811594202898551,1.9936345457524833,0.03233867313267291,0.04621676891615545,5.217391304347826,3.7260357803634028,0.2961267579934097,0.7476562233765777,-0.657221659086289,0.45057364421784846,0.16225165562913907,472603.5780363403
7,-90,-20,7,-50,50,69,0.6956521739130435,2.129832893910459,0.03226700922810113,0.045572451903397315,5.449275362318841,3.7546194050053066,0.2974326819087476,0.7497096433498132,-0.6648950892418726,0.44733776308663464,0.16887417218543047,475461.94050053065
3,-85,-40,5,-80,-20,87,0.6781609195402298,1.827055362400027,0.02611532711571379,0.034390591589451125,4.724137931034483,3.669384163134354,0.29351890552802673,0.7380938525921679,-0.657221659086289,0.4466056489010043,0.18609271523178808,466938.4163134354
3,-85,-40,5,-80,0,87,0.6781609195402298,1.827055362400027,0.02611532711571379,0.034390591589451125,4.724137931034483,3.669384163134354,0.29351890552802673,0.7380938525921679,-0.657221659086289,0.4466056489010043,0.18609271523178808,466938.4163134354
3,-85,-40,5,-80,50,87,0.6781609195402298,1.827055362400027,0.02611532711571379,0.034390591589451125,4.724137931034483,3.669384163134354,0.29351890552802673,0.7380938525921679,-0.657221659086289,0.4466056489010043,0.18609271523178808,466938.4163134354
5,-90,-30,5,-80,-20,72,0.6666666666666666,1.9791739331474119,0.03072315159726371,0.04427697676780318,5.291666666666667,3.643141773430413,0.29230194392122133,0.7404339408612715,-0.657221659086289,0.44475397284927876,0.1695364238410596,464314.1773430413
5,-90,-20,5,-80,-20,72,0.6666666666666666,1.9791739331474119,0.03072315159726371,0.04427697676780318,5.291666666666667,3.643141773430413,0.29230194392122133,0.7404339408612715,-0.657221659086289,0.44475397284927876,0.1695364238410596,464314.1773430413
5,-90,-30,5,-80,0,72,0.6805555555555556,1.9733746442294173,0.030692930661885443,0.04427697676780318,5.319444444444445,3.6114895913537532,0.2908264629461932,0.7382359020379153,-0.6572216590862892,0.4425089449281364,0.17086092715231788,461148.95913537533
5,-90,-30,5,-80,50,72,0.6805555555555556,1.9733746442294173,0.030692930661885443,0.04427697676780318,5.319444444444445,3.6114895913537532,0.2908264629461932,0.7382359020379153,-0.6572216590862892,0.4425089449281364,0.17086092715231788,461148.95913537533
5,-85,-30,3,-80,-20,96,0.7083333333333334,1.8225416265520213,0.026042806327642155,0.04202095869129541,4.125,3.6016454306115655,0.29036585309044183,0.745997462390484,-0.6572216590862889,0.44180810092918543,0.17880794701986755,460164.5430611565
5,-85,-20,3,-80,-20,96,0.7083333333333334,1.8225416265520213,0.026042806327642155,0.04202095869129541,4.125,3.6016454306115655,0.29036585309044183,0.745997462390484,-0.6572216590862889,0.44180810092918543,0.17880794701986755,460164.5430611565
5,-90,-20,5,-80,0,72,0.6805555555555556,1.9718304953463406,0.030644239795649213,0.04427697676780318,5.361111111111111,3.596723302379419,0.29013523804488917,0.7373043144359641,-0.657221659086289,0.4414572070680894,0.171523178807947,459672.33023794193
3,-90,-30,5,-80,-20,69,0.6811594202898551,1.973125178559309,0.03200038003521087,0.04621676891615545,5.072463768115942,3.5790449703888827,0.2893052605311235,0.7394438653889688,-0.657221659086289,0.44019434924487105,0.15827814569536425,457904.4970388883
3,-90,-30,5,-80,0,69,0.6811594202898551,1.973125178559309,0.03200038003521087,0.04621676891615545,5.072463768115942,3.5790449703888827,0.2893052605311235,0.7394438653889688,-0.657221659086289,0.44019434924487105,0.15827814569536425,457904.4970388883
3,-90,-30,5,-80,50,69,0.6811594202898551,1.973125178559309,0.03200038003521087,0.04621676891615545,5.072463768115942,3.5790449703888827,0.2893052605311235,0.7394438653889688,-0.657221659086289,0.44019434924487105,0.15827814569536425,457904.4970388883
5,-85,-20,5,-50,50,96,0.6666666666666666,1.7807247499319496,0.024424256563528954,0.035693956559510354,5.208333333333333,3.554451288141391,0.28814616440705443,0.7261049445964927,-0.657221659086289,0.4384307188044493,0.2251655629139073,455445.1288141391
7,-85,-20,7,-50,50,88,0.6590909090909091,1.8702691579336386,0.026151075183619463,0.037202834275496754,5.534090909090909,3.612260390848384,0.2908624941903377,0.7312220965972009,-0.6667978625741979,0.43620789824888195,0.21589403973509932,461226.03908483835
3,-85,-40,7,-80,-20,79,0.6708860759493671,1.881205761349444,0.027317051584950534,0.036673168678080126,4.7974683544303796,3.438817003207464,0.28262542471826246,0.7288118381292231,-0.657221659086289,0.4300306004996642,0.171523178807947,443881.7003207464
3,-85,-40,7,-80,0,79,0.6708860759493671,1.881205761349444,0.027317051584950534,0.036673168678080126,4.7974683544303796,3.438817003207464,0.28262542471826246,0.7288118381292231,-0.657221659086289,0.4300306004996642,0.171523178807947,443881.7003207464
3,-85,-40,7,-80,50,79,0.6708860759493671,1.881205761349444,0.027317051584950534,0.036673168678080126,4.7974683544303796,3.438817003207464,0.28262542471826246,0.7288118381292231,-0.657221659086289,0.4300306004996642,0.171523178807947,443881.7003207464
5,-90,-40,5,-80,-20,72,0.6666666666666666,1.9564928390092713,0.030011495914847794,0.04427697676780318,5.277777777777778,3.4386568317570756,0.28261769496412614,0.7274303941965841,-0.657221659086289,0.43001883924068945,0.16887417218543047,443865.6831757076
7,-90,-40,3,-80,50,67,0.7313432835820896,2.1036507112244487,0.03423557530980949,0.04621676891615545,4.776119402985074,3.424890136992766,0.2819524547464858,0.7477589955256895,-0.6572216590862892,0.42900663854942606,0.14304635761589404,442489.0136992766
7,-90,-30,3,-80,50,67,0.7313432835820896,2.1036507112244487,0.03423557530980949,0.04621676891615545,4.776119402985074,3.424890136992766,0.2819524547464858,0.7477589955256895,-0.6572216590862892,0.42900663854942606,0.14304635761589404,442489.0136992766
7,-90,-20,3,-80,50,67,0.7313432835820896,2.1036507112244487,0.03423557530980949,0.04621676891615545,4.776119402985074,3.424890136992766,0.2819524547464858,0.7477589955256895,-0.6572216590862892,0.42900663854942606,0.14304635761589404,442489.0136992766
3,-90,-40,5,-50,0,77,0.7012987012987013,1.9293363049963779,0.029187633654435073,0.04298150163220904,4.805194805194805,3.423036193658705,0.28186273601553324,0.7273848275030298,-0.6572216590862889,0.4288701264157919,0.1675496688741722,442303.6193658705
3,-90,-40,5,-50,50,77,0.7012987012987013,1.9293363049963779,0.029187633654435073,0.04298150163220904,4.805194805194805,3.423036193658705,0.28186273601553324,0.7273848275030298,-0.6572216590862889,0.4288701264157919,0.1675496688741722,442303.6193658705
5,-90,-40,5,-80,0,72,0.6805555555555556,1.9508056818740027,0.029981274979469525,0.04427697676780318,5.305555555555555,3.4083986184458803,0.28115327094460363,0.7252480834562781,-0.6572216590862892,0.4277906351039626,0.17019867549668874,440839.8618445881
5,-90,-40,5,-80,50,72,0.6805555555555556,1.9508056818740027,0.029981274979469525,0.04427697676780318,5.305555555555555,3.4083986184458803,0.28115327094460363,0.7252480834562781,-0.6572216590862892,0.4277906351039626,0.17019867549668874,440839.8618445881
5,-85,-40,3,-80,-20,96,0.7083333333333334,1.8056838113305667,0.025509064565830217,0.04202095869129541,4.114583333333333,3.398987996616227,0.2806961128057952,0.7326071075271695,-0.6572216590862889,0.42709504308795404,0.1781456953642384,439898.7996616227
7,-85,-40,3,-80,0,91,0.7032967032967034,1.8543038746168534,0.02639599837481929,0.04298150163220904,4.395604395604396,3.391255756339275,0.2803198786119141,0.7351127668598804,-0.657221659086289,0.4265225814402289,0.17748344370860927,439125.5756339275
7,-85,-30,3,-80,0,91,0.7032967032967034,1.8543038746168534,0.02639599837481929,0.04298150163220904,4.395604395604396,3.391255756339275,0.2803198786119141,0.7351127668598804,-0.657221659086289,0.4265225814402289,0.17748344370860927,439125.5756339275
7,-85,-20,3,-80,0,91,0.7032967032967034,1.8543038746168534,0.02639599837481929,0.04298150163220904,4.395604395604396,3.391255756339275,0.2803198786119141,0.7351127668598804,-0.657221659086289,0.4265225814402289,0.17748344370860927,439125.5756339275
3,-85,-20,7,-50,50,86,0.6744186046511628,1.830710072093036,0.026314140249240812,0.04222580393422248,5.127906976744186,3.385480247089612,0.28003849454091934,0.7199659813411683,-0.657221659086289,0.4260944396297689,0.19933774834437087,438548.0247089612
5,-85,-30,3,-80,0,95,0.6842105263157895,1.7999160657084328,0.025864318102492116,0.03954017241379315,4.3578947368421055,3.3824736383112883,0.27989188971137,0.7302565670660184,-0.6572216590862889,0.42587137207330233,0.1880794701986755,438247.36383112887
5,-85,-20,3,-80,0,95,0.6842105263157895,1.7999160657084328,0.025864318102492116,0.03954017241379315,4.3578947368421055,3.3824736383112883,0.27989188971137,0.7302565670660184,-0.6572216590862889,0.42587137207330233,0.1880794701986755,438247.36383112887
3,-85,-20,7,-50,-20,86,0.6744186046511628,1.82914429460056,0.02626454161077444,0.04222580393422248,5.104651162790698,3.3677278599193787,0.2791716574671079,0.718837457139386,-0.6572216590862892,0.4247754978970564,0.19801324503311257,436772.78599193785
3,-85,-20,7,-50,0,86,0.6744186046511628,1.82914429460056,0.02626454161077444,0.04222580393422248,5.104651162790698,3.3677278599193787,0.2791716574671079,0.718837457139386,-0.6572216590862892,0.4247754978970564,0.19801324503311257,436772.78599193785
7,-85,-30,7,-80,0,83,0.6626506024096386,1.8762186246640644,0.026005303125912645,0.03429796355841375,5.506024096385542,3.3656878812629882,0.27907185878176355,0.717719371382186,-0.657221659086289,0.4246236485415694,0.20264900662251656,436568.78812629887
7,-85,-30,7,-80,50,83,0.6626506024096386,1.8762186246640644,0.026005303125912645,0.03429796355841375,5.506024096385542,3.3656878812629882,0.27907185878176355,0.717719371382186,-0.657221659086289,0.4246236485415694,0.20264900662251656,436568.78812629887
5,-85,-20,7,-80,0,83,0.6626506024096386,1.867947152869513,0.02603855876925172,0.03429796355841375,5.469879518072289,3.361134288719125,0.27884895028870615,0.7180254686392409,-0.657221659086289,0.4242844806368365,0.20132450331125828,436113.4288719125
7,-85,-40,5,-50,50,90,0.6777777777777778,1.8197222860375732,0.02494126529182364,0.037202834275496754,5.266666666666667,3.353745966335196,0.27848686263526035,0.7164093018347003,-0.657221659086289,0.42373354375208866,0.20927152317880796,435374.59663351957
7,-85,-20,7,-80,0,83,0.6626506024096386,1.8747954688060953,0.025963065266045072,0.03429796355841375,5.542168674698795,3.35170866531781,0.27838692835561685,0.7168177310658395,-0.657221659086289,0.42358148808219115,0.2033112582781457,435170.86653178104
5,-85,-20,7,-50,0,89,0.651685393258427,1.8284858242469875,0.02532104872757175,0.03552651258594586,5.393258426966292,3.313634642693766,0.27651210269016047,0.7128314499356642,-0.6572216590862892,0.42072883458312216,0.2152317880794702,431363.4642693766
5,-85,-30,3,-50,50,100,0.68,1.7663859212976631,0.025204521305161313,0.04169045046692266,4.78,3.299771169438019,0.2758260189085082,0.7178360739974881,-0.6572216590862889,0.41968491922798007,0.2152317880794702,429977.1169438019
5,-85,-20,3,-50,50,100,0.68,1.7663859212976631,0.025204521305161313,0.04169045046692266,4.78,3.299771169438019,0.2758260189085082,0.7178360739974881,-0.6572216590862889,0.41968491922798007,0.2152317880794702,429977.1169438019
7,-85,-30,5,-50,50,90,0.6777777777777778,1.81335134216766,0.02474741988353675,0.035693956559510354,5.277777777777778,3.2816342319031397,0.27492565974449,0.7117503972009623,-0.657221659086289,0.41831497173527266,0.2099337748344371,428163.423190314
7,-90,-20,7,-80,50,67,0.6865671641791045,2.0412196896721437,0.030623946600681393,0.04298150163220904,5.507462686567164,3.276514723201612,0.2746709407054204,0.7190987792817629,-0.6648950892418727,0.41310418011750694,0.16490066225165562,427651.4723201612
5,-85,-40,3,-80,0,95,0.6842105263157895,1.7832350612295904,0.02532495800634531,0.03954017241379315,4.347368421052631,3.18946857621237,0.27030063918634006,0.7169443563967614,-0.6572216590862889,0.4112777408494557,0.18741721854304635,418946.857621237
3,-85,-40,3,-80,-20,107,0.7289719626168224,1.734197932007568,0.02246639860832237,0.034400873282837585,4.130841121495327,3.1884812171567987,0.27025063495357116,0.7132799065861481,-0.657221659086289,0.4112016565754857,0.19933774834437087,418848.1217156799
7,-85,-40,5,-80,-20,84,0.6666666666666666,1.827031818394217,0.02522402735288492,0.0349122380721798,5.273809523809524,3.171635411117194,0.26939597223211,0.7066272650263505,-0.6572216590862892,0.40990123880981216,0.19602649006622516,417163.5411117194
7,-85,-30,5,-80,-20,84,0.6666666666666666,1.827031818394217,0.02522402735288492,0.0349122380721798,5.273809523809524,3.171635411117194,0.26939597223211,0.7066272650263505,-0.6572216590862892,0.40990123880981216,0.19602649006622516,417163.5411117194
7,-85,-20,5,-80,-20,84,0.6666666666666666,1.827031818394217,0.02522402735288492,0.0349122380721798,5.273809523809524,3.171635411117194,0.26939597223211,0.7066272650263505,-0.6572216590862892,0.40990123880981216,0.19602649006622516,417163.5411117194
3,-90,-30,3,-80,-20,87,0.735632183908046,1.864593275042367,0.026886933188991057,0.03924471252068695,4.413793103448276,3.162465867636767,0.26892955147556585,0.7166422230873262,-0.6572216590862892,0.40919155319599265,0.17350993377483442,416246.5867636767
3,-90,-20,3,-80,-20,87,0.735632183908046,1.864593275042367,0.026886933188991057,0.03924471252068695,4.413793103448276,3.162465867636767,0.26892955147556585,0.7166422230873262,-0.6572216590862892,0.40919155319599265,0.17350993377483442,416246.5867636767
7,-85,-40,5,-80,0,84,0.6785714285714286,1.8225786962799468,0.025198123693989254,0.0349122380721798,5.2976190476190474,3.1431974761944046,0.26794664406572033,0.7045402346663896,-0.657221659086289,0.4076960038691309,0.19735099337748344,414319.7476194405
7,-85,-40,5,-80,50,84,0.6785714285714286,1.8225786962799468,0.025198123693989254,0.0349122380721798,5.2976190476190474,3.1431974761944046,0.26794664406572033,0.7045402346663896,-0.657221659086289,0.4076960038691309,0.19735099337748344,414319.7476194405
7,-85,-30,5,-80,0,84,0.6785714285714286,1.8225786962799468,0.025198123693989254,0.0349122380721798,5.2976190476190474,3.1431974761944046,0.26794664406572033,0.7045402346663896,-0.657221659086289,0.4076960038691309,0.19735099337748344,414319.7476194405
7,-85,-40,5,-50,0,90,0.6777777777777778,1.799915317522225,0.02433860892297454,0.037202834275496754,5.233333333333333,3.1412674851541826,0.26784798287470113,0.7025463459241805,-0.657221659086289,0.40754588527572305,0.20860927152317882,414126.74851541827
7,-85,-30,5,-50,0,90,0.6777777777777778,1.799915317522225,0.02433860892297454,0.037202834275496754,5.233333333333333,3.1412674851541826,0.26784798287470113,0.7025463459241805,-0.657221659086289,0.40754588527572305,0.20860927152317882,414126.74851541827
3,-85,-40,3,-80,0,107,0.719626168224299,1.7288166259851607,0.022414716795930333,0.034400873282837585,4.317757009345795,3.130027403937042,0.2672726273704815,0.7085278776305431,-0.6572216590862889,0.406670449269826,0.2099337748344371,413002.7403937042
7,-85,-20,5,-80,0,84,0.6785714285714286,1.8212162795577762,0.02515638866578677,0.0349122380721798,5.333333333333333,3.1299306889667085,0.26726767108285876,0.7036290048293288,-0.657221659086289,0.4066629079973279,0.19801324503311257,412993.0688966708
7,-85,-20,5,-50,0,90,0.6777777777777778,1.7986350941586287,0.024299656229985558,0.037202834275496754,5.266666666666667,3.1280068778830623,0.2671690627239389,0.7016522837174602,-0.6572216590862892,0.40651286979095325,0.20927152317880796,412800.68778830627
5,-85,-40,3,-50,50,100,0.68,1.7508057767580238,0.02469212921382186,0.04169045046692266,4.77,3.110408341487661,0.26626523719556006,0.7051622772171579,-0.6572216590862889,0.40513764802842744,0.21456953642384105,411040.8341487661
5,-85,-30,3,-50,-20,104,0.7019230769230769,1.7349729888056153,0.023813868717315903,0.037202834275496754,4.230769230769231,3.087047701328295,0.26506048906639523,0.7057243967739385,-0.657221659086289,0.40330455547508737,0.19735099337748344,408704.77013282955
5,-85,-20,3,-50,-20,104,0.7019230769230769,1.7349729888056153,0.023813868717315903,0.037202834275496754,4.230769230769231,3.087047701328295,0.26506048906639523,0.7057243967739385,-0.657221659086289,0.40330455547508737,0.19735099337748344,408704.77013282955
7,-85,-30,5,-80,50,84,0.6785714285714286,1.8157987227915753,0.024990432185110444,0.0349122380721798,5.309523809523809,3.0745730873547457,0.2644148007702156,0.6997896071530816,-0.657221659086289,0.40232210414036224,0.19801324503311257,407457.30873547454
3,-90,-30,3,-80,0,87,0.7241379310344828,1.8536732537467115,0.026710109929585717,0.037721673486665885,4.586206896551724,3.06989855700664,0.2641724220460735,0.7092207103588987,-0.657221659086289,0.40195331117562777,0.18079470198675496,406989.85570066405
3,-90,-20,3,-80,0,87,0.7241379310344828,1.8536732537467115,0.026710109929585717,0.037721673486665885,4.586206896551724,3.06989855700664,0.2641724220460735,0.7092207103588987,-0.657221659086289,0.40195331117562777,0.18079470198675496,406989.85570066405
5,-90,-30,3,-80,50,73,0.6986301369863014,1.9494307325988052,0.03132345749917788,0.04578375581996896,4.863013698630137,3.039914177447134,0.26261216617490124,0.7112457782824865,-0.657221659086289,0.39957929344568655,0.15960264900662252,403991.41774471337
5,-90,-20,3,-80,50,73,0.6986301369863014,1.9494307325988052,0.03132345749917788,0.04578375581996896,4.863013698630137,3.039914177447134,0.26261216617490124,0.7112457782824865,-0.657221659086289,0.39957929344568655,0.15960264900662252,403991.41774471337
3,-90,-20,3,-80,50,84,0.7261904761904762,1.8102351451988834,0.027825989189917605,0.046000262368062206,5.071428571428571,3.010852160348164,0.2610906729472482,0.7027045932287883,-0.6572216590862889,0.3972642552745948,0.19271523178807948,401085.2160348164
5,-90,-20,5,-80,50,71,0.676056338028169,1.8936705011476922,0.029148965076220716,0.04298150163220904,5.492957746478873,2.997914501061669,0.2604103877307071,0.6965266787526985,-0.657221659086289,0.3962291627648822,0.1741721854304636,399791.4501061669
5,-90,-30,7,-80,-20,66,0.6818181818181818,2.013003164344716,0.03007013091190185,0.04261144047127696,5.5,2.9813522702690407,0.25953683456889687,0.6985257210826563,-0.657221659086289,0.3949000021236691,0.1609271523178808,398135.22702690406
5,-90,-30,7,-80,0,66,0.6818181818181818,2.013003164344716,0.03007013091190185,0.04261144047127696,5.5,2.9813522702690407,0.25953683456889687,0.6985257210826563,-0.657221659086289,0.3949000021236691,0.1609271523178808,398135.22702690406
5,-90,-30,7,-80,50,66,0.6818181818181818,2.013003164344716,0.03007013091190185,0.04261144047127696,5.5,2.9813522702690407,0.25953683456889687,0.6985257210826563,-0.657221659086289,0.3949000021236691,0.1609271523178808,398135.22702690406
5,-90,-20,7,-80,-20,66,0.6818181818181818,2.013003164344716,0.03007013091190185,0.04261144047127696,5.5,2.9813522702690407,0.25953683456889687,0.6985257210826563,-0.657221659086289,0.3949000021236691,0.1609271523178808,398135.22702690406
5,-90,-20,7,-80,0,66,0.6818181818181818,2.011213747402284,0.03001701360328051,0.04261144047127696,5.545454545454546,2.968603721895078,0.25886236495647785,0.6975695842813904,-0.6572216590862892,0.3938737583852069,0.16158940397350993,396860.37218950776
5,-85,-40,3,-50,-20,104,0.7019230769230769,1.7197671458089874,0.023321184014104882,0.037202834275496754,4.221153846153846,2.907053259718818,0.25558038205306843,0.6927853072061108,-0.657221659086289,0.38888003540296034,0.1966887417218543,390705.3259718818
3,-90,-30,3,-80,50,84,0.7142857142857143,1.7914100289773196,0.027417505449281492,0.046000262368062206,5.0476190476190474,2.874463343758747,0.2538251531824762,0.6925624483651032,-0.657221659086289,0.3862093552050003,0.1913907284768212,387446.33437587466
5,-90,-40,3,-80,50,73,0.6986301369863014,1.9281555571819786,0.03062155052474027,0.04578375581996896,4.8493150684931505,2.861995506156978,0.25315040639731157,0.6974898608359124,-0.657221659086289,0.38518268973249786,0.15894039735099338,386199.5506156978
7,-90,-40,3,-80,-20,69,0.7246376811594203,1.974711400985845,0.03113999816945181,0.04578375581996896,4.304347826086956,2.8063883145790887,0.25011872537405555,0.7021146809490393,-0.657221659086289,0.38056981524587363,0.13112582781456952,380638.83145790885
7,-90,-30,3,-80,-20,69,0.7246376811594203,1.974711400985845,0.03113999816945181,0.04578375581996896,4.304347826086956,2.8063883145790887,0.25011872537405555,0.7021146809490393,-0.657221659086289,0.38056981524587363,0.13112582781456952,380638.83145790885
7,-90,-20,3,-80,-20,69,0.7246376811594203,1.974711400985845,0.03113999816945181,0.04578375581996896,4.304347826086956,2.8063883145790887,0.25011872537405555,0.7021146809490393,-0.657221659086289,0.38056981524587363,0.13112582781456952,380638.83145790885
5,-90,-40,7,-80,-20,66,0.6818181818181818,1.9868494144994273,0.029293779258357213,0.04261144047127696,5.484848484848484,2.8060126777057315,0.2500981207033235,0.6851829953018502,-0.657221659086289,0.38053846407165837,0.16026490066225166,380601.26777057315
5,-90,-40,7,-80,0,66,0.6818181818181818,1.9868494144994273,0.029293779258357213,0.04261144047127696,5.484848484848484,2.8060126777057315,0.2500981207033235,0.6851829953018502,-0.657221659086289,0.38053846407165837,0.16026490066225166,380601.26777057315
5,-90,-40,7,-80,50,66,0.6818181818181818,1.9868494144994273,0.029293779258357213,0.04261144047127696,5.484848484848484,2.8060126777057315,0.2500981207033235,0.6851829953018502,-0.657221659086289,0.38053846407165837,0.16026490066225166,380601.26777057315
7,-85,-20,7,-80,50,82,0.6585365853658537,1.8044076603751509,0.02461128868544717,0.03375006392382074,5.658536585365853,2.784817582660266,0.2489327603208269,0.6774597043306398,-0.657221659086289,0.3787653022070345,0.20596026490066224,378481.7582660266
3,-90,-20,7,-80,-20,62,0.6935483870967742,1.9683413460775858,0.03136862285670658,0.046000262368062206,5.290322580645161,2.780734974407765,0.24870766397029853,0.6859606943618822,-0.657221659086289,0.37842280535317047,0.1490066225165563,378073.4974407765
3,-90,-20,7,-80,0,62,0.6935483870967742,1.9683413460775858,0.03136862285670658,0.046000262368062206,5.290322580645161,2.780734974407765,0.24870766397029853,0.6859606943618822,-0.657221659086289,0.37842280535317047,0.1490066225165563,378073.4974407765
3,-90,-20,7,-80,50,62,0.6935483870967742,1.9683413460775858,0.03136862285670658,0.046000262368062206,5.290322580645161,2.780734974407765,0.24870766397029853,0.6859606943618822,-0.657221659086289,0.37842280535317047,0.1490066225165563,378073.4974407765
3,-85,-40,3,-50,-20,122,0.7131147540983607,1.650152194891522,0.019732670405697334,0.03321666026275438,4.155737704918033,2.7699595285590197,0.24811258122935675,0.6790631492325035,-0.657221659086289,0.37751735323862956,0.2271523178807947,376995.95285590197
5,-85,-20,7,-50,50,88,0.6477272727272727,1.7653942143470134,0.02405414308953197,0.0349122380721798,5.5,2.7517034104229183,0.24710113083405583,0.6742074273914258,-0.657221659086289,0.3759783741418251,0.21788079470198676,375170.34104229184
5,-85,-30,3,-50,0,102,0.6764705882352942,1.697957024853953,0.0235349436473289,0.037202834275496754,4.470588235294118,2.74069767905742,0.2464893937988175,0.6796141927920406,-0.6572216590862889,0.3750475815746892,0.2052980132450331,374069.767905742
5,-85,-20,3,-50,0,102,0.6764705882352942,1.697957024853953,0.0235349436473289,0.037202834275496754,4.470588235294118,2.74069767905742,0.2464893937988175,0.6796141927920406,-0.6572216590862889,0.3750475815746892,0.2052980132450331,374069.767905742
7,-85,-40,3,-50,-20,96,0.7083333333333334,1.7611979494414034,0.024198287256916178,0.0392096641894204,4.333333333333333,2.729456972972044,0.24586304649122304,0.6827272925261015,-0.6572216590862892,0.37409455865017793,0.18211920529801323,372945.6972972044
7,-85,-30,3,-50,-20,96,0.7083333333333334,1.7611979494414034,0.024198287256916178,0.0392096641894204,4.333333333333333,2.729456972972044,0.24586304649122304,0.6827272925261015,-0.6572216590862892,0.37409455865017793,0.18211920529801323,372945.6972972044
7,-85,-20,3,-50,-20,96,0.7083333333333334,1.7611979494414034,0.024198287256916178,0.0392096641894204,4.333333333333333,2.729456972972044,0.24586304649122304,0.6827272925261015,-0.6572216590862892,0.37409455865017793,0.18211920529801323,372945.6972972044
3,-85,-40,3,-50,0,122,0.7049180327868853,1.6413100360674697,0.019748587336025074,0.03321666026275438,4.319672131147541,2.717346541009789,0.24518647465702093,0.6747877073774262,-0.657221659086289,0.3730651162621369,0.23774834437086093,371734.6541009789
7,-85,-20,5,-50,50,89,0.6741573033707865,1.7496617707409639,0.02344891350869918,0.03552651258594586,5.415730337078652,2.711947570273613,0.24488425923552182,0.6718815787404089,-0.6572216590862889,0.37260527837134183,0.21324503311258278,371194.7570273613
7,-85,-40,5,-50,-20,90,0.6666666666666666,1.7570286258580945,0.02293930617867399,0.0349122380721798,5.2,2.700169794449202,0.2442237079711207,0.6716897899794229,-0.6572216590862892,0.37160021218816164,0.20662251655629138,370016.9794449202
7,-85,-30,5,-50,-20,90,0.6666666666666666,1.7570286258580945,0.02293930617867399,0.0349122380721798,5.2,2.700169794449202,0.2442237079711207,0.6716897899794229,-0.6572216590862892,0.37160021218816164,0.20662251655629138,370016.9794449202
7,-85,-20,5,-50,-20,90,0.6666666666666666,1.7570286258580945,0.02293930617867399,0.0349122380721798,5.2,2.700169794449202,0.2442237079711207,0.6716897899794229,-0.6572216590862892,0.37160021218816164,0.20662251655629138,370016.9794449202
3,-85,-40,7,-50,-20,88,0.6704545454545454,1.7493775512200205,0.02372228959630094,0.03553513958209753,4.829545454545454,2.682354428577719,0.2432212051626712,0.671326779649037,-0.6572216590862892,0.37007484735182433,0.1913907284768212,368235.44285777194
3,-85,-40,7,-50,0,88,0.6704545454545454,1.7493775512200205,0.02372228959630094,0.03553513958209753,4.829545454545454,2.682354428577719,0.2432212051626712,0.671326779649037,-0.6572216590862892,0.37007484735182433,0.1913907284768212,368235.44285777194
5,-85,-20,7,-80,50,82,0.6585365853658537,1.7984221675991572,0.02468770284113195,0.03375006392382074,5.585365853658536,2.793015343108043,0.24938413722043573,0.6785108772936849,-0.6772297436482637,0.36824155991287894,0.20397350993377483,379301.5343108043
3,-85,-40,7,-50,50,88,0.6704545454545454,1.7441951202735948,0.023558234604896686,0.03527619688492356,4.840909090909091,2.6316984520590077,0.24034845978513153,0.6673881388081692,-0.657221659086289,0.36570380245727,0.19205298013245034,363169.8452059008
7,-90,-40,5,-50,-20,69,0.6666666666666666,1.9267389492308622,0.028261664728996713,0.04298150163220904,5.318840579710145,2.6344588940487697,0.24050586407047425,0.67140615968866,-0.6601966951559591,0.36429425629532913,0.16357615894039734,363445.889404877
7,-90,-30,5,-50,-20,69,0.6666666666666666,1.9267389492308622,0.028261664728996713,0.04298150163220904,5.318840579710145,2.6344588940487697,0.24050586407047425,0.67140615968866,-0.6601966951559591,0.36429425629532913,0.16357615894039734,363445.889404877
7,-90,-20,5,-50,-20,69,0.6666666666666666,1.9267389492308622,0.028261664728996713,0.04298150163220904,5.318840579710145,2.6344588940487697,0.24050586407047425,0.67140615968866,-0.6601966951559591,0.36429425629532913,0.16357615894039734,363445.889404877
7,-90,-40,5,-50,0,69,0.6811594202898551,1.920793217281709,0.028230129839906342,0.04298150163220904,5.3478260869565215,2.609682878092751,0.23908952107845427,0.6692325937044201,-0.6601966951559594,0.3621489214240519,0.16490066225165562,360968.2878092751
7,-90,-40,5,-50,50,69,0.6811594202898551,1.920793217281709,0.028230129839906342,0.04298150163220904,5.3478260869565215,2.609682878092751,0.23908952107845427,0.6692325937044201,-0.6601966951559594,0.3621489214240519,0.16490066225165562,360968.2878092751
7,-90,-30,5,-50,0,69,0.6811594202898551,1.920793217281709,0.028230129839906342,0.04298150163220904,5.3478260869565215,2.609682878092751,0.23908952107845427,0.6692325937044201,-0.6601966951559594,0.3621489214240519,0.16490066225165562,360968.2878092751
7,-90,-30,5,-50,50,69,0.6811594202898551,1.920793217281709,0.028230129839906342,0.04298150163220904,5.3478260869565215,2.609682878092751,0.23908952107845427,0.6692325937044201,-0.6601966951559594,0.3621489214240519,0.16490066225165562,360968.2878092751
7,-90,-20,5,-50,0,69,0.6811594202898551,1.9191359973707476,0.028179321979485937,0.04298150163220904,5.391304347826087,2.5981244392352596,0.23842600080171672,0.6682807301566062,-0.6601966951559592,0.3611438871946988,0.16556291390728478,359812.443923526
5,-85,-40,3,-50,0,102,0.6764705882352942,1.6830593748815381,0.023032598459741198,0.037202834275496754,4.46078431372549,2.5759565653794487,0.23714845481106184,0.666734360243828,-0.6572216590862889,0.36083481354032154,0.20463576158940397,357595.65653794486
7,-90,-40,3,-80,0,69,0.7101449275362319,1.9447594275832516,0.030189935532132124,0.04298150163220904,4.3768115942028984,2.575652033940627,0.23713085862431393,0.6814649335983095,-0.657221659086289,0.3608080399449832,0.13443708609271524,357565.2033940627
7,-90,-30,3,-80,0,69,0.7101449275362319,1.9447594275832516,0.030189935532132124,0.04298150163220904,4.3768115942028984,2.575652033940627,0.23713085862431393,0.6814649335983095,-0.657221659086289,0.3608080399449832,0.13443708609271524,357565.2033940627
7,-90,-20,3,-80,0,69,0.7101449275362319,1.9447594275832516,0.030189935532132124,0.04298150163220904,4.3768115942028984,2.575652033940627,0.23713085862431393,0.6814649335983095,-0.657221659086289,0.3608080399449832,0.13443708609271524,357565.2033940627
3,-85,-20,5,-120,0,53,0.6792452830188679,2.1023792287751504,0.03351349466988456,0.05115689219787978,5.2075471698113205,2.451155178072162,0.22983043095123667,0.6637954148196221,-0.6378822377656352,0.36030228989646024,0.1271523178807947,345115.5178072162
3,-85,-20,5,-120,50,53,0.6792452830188679,2.1023792287751504,0.03351349466988456,0.05115689219787978,5.2075471698113205,2.451155178072162,0.22983043095123667,0.6637954148196221,-0.6378822377656352,0.36030228989646024,0.1271523178807947,345115.5178072162
7,-85,-40,3,-50,50,91,0.6923076923076923,1.764338321725688,0.024822168332652363,0.04298150163220904,4.9010989010989015,2.5617004809558734,0.23632337957185534,0.6673925291561502,-0.657221659086289,0.35957941480566386,0.19735099337748344,356170.04809558735
7,-85,-30,3,-50,50,91,0.6923076923076923,1.764338321725688,0.024822168332652363,0.04298150163220904,4.9010989010989015,2.5617004809558734,0.23632337957185534,0.6673925291561502,-0.657221659086289,0.35957941480566386,0.19735099337748344,356170.04809558735
7,-85,-20,3,-50,50,91,0.6923076923076923,1.764338321725688,0.024822168332652363,0.04298150163220904,4.9010989010989015,2.5617004809558734,0.23632337957185534,0.6673925291561502,-0.657221659086289,0.35957941480566386,0.19735099337748344,356170.04809558735
7,-90,-40,5,-120,0,41,0.6829268292682927,2.4497624786018304,0.04205805328794278,0.07157641843870399,5.170731707317073,2.441387077138474,0.22924840161253313,0.6723612642491783,-0.6378822377656352,0.359389849787229,0.09801324503311258,344138.7077138474
7,-90,-40,5,-120,50,41,0.6829268292682927,2.4497624786018304,0.04205805328794278,0.07157641843870399,5.170731707317073,2.441387077138474,0.22924840161253313,0.6723612642491783,-0.6378822377656352,0.359389849787229,0.09801324503311258,344138.7077138474
7,-90,-30,5,-120,0,41,0.6829268292682927,2.4497624786018304,0.04205805328794278,0.07157641843870399,5.170731707317073,2.441387077138474,0.22924840161253313,0.6723612642491783,-0.6378822377656352,0.359389849787229,0.09801324503311258,344138.7077138474
7,-90,-30,5,-120,50,41,0.6829268292682927,2.4497624786018304,0.04205805328794278,0.07157641843870399,5.170731707317073,2.441387077138474,0.22924840161253313,0.6723612642491783,-0.6378822377656352,0.359389849787229,0.09801324503311258,344138.7077138474
7,-90,-20,5,-120,0,41,0.6829268292682927,2.4468150463644283,0.04197254737650355,0.07157641843870399,5.2439024390243905,2.43036753235866,0.22859015115867765,0.6712687536304087,-0.6378822377656352,0.35835791878980666,0.09867549668874172,343036.753235866
7,-85,-20,5,-80,50,83,0.6746987951807228,1.7480486399924613,0.023600985738616822,0.03429796355841375,5.457831325301205,2.5324366473933844,0.23462107032869461,0.659136304622024,-0.6600409469751993,0.3554644168727768,0.20132450331125828,353243.66473933845
3,-90,-30,7,-80,-20,62,0.6774193548387096,1.9023969058959858,0.03017648885128408,0.046000262368062206,5.112903225806452,2.4916552775433503,0.23222907362812428,0.6626138882742716,-0.6572216590862889,0.3533496962820486,0.14437086092715232,349165.527754335
3,-90,-30,7,-80,0,62,0.6774193548387096,1.9023969058959858,0.03017648885128408,0.046000262368062206,5.112903225806452,2.4916552775433503,0.23222907362812428,0.6626138882742716,-0.6572216590862889,0.3533496962820486,0.14437086092715232,349165.527754335
3,-90,-30,7,-80,50,62,0.6774193548387096,1.9023969058959858,0.03017648885128408,0.046000262368062206,5.112903225806452,2.4916552775433503,0.23222907362812428,0.6626138882742716,-0.6572216590862889,0.3533496962820486,0.14437086092715232,349165.527754335
7,-90,-40,3,-50,50,71,0.704225352112676,1.912831618587968,0.030069836499295913,0.04578375581996896,4.915492957746479,2.4916011363013584,0.23222588258589427,0.6685373171682573,-0.657221659086289,0.3533448409304546,0.15562913907284767,349160.11363013583
7,-90,-30,3,-50,50,71,0.704225352112676,1.912831618587968,0.030069836499295913,0.04578375581996896,4.915492957746479,2.4916011363013584,0.23222588258589427,0.6685373171682573,-0.657221659086289,0.3533448409304546,0.15562913907284767,349160.11363013583
7,-90,-20,3,-50,50,71,0.704225352112676,1.912831618587968,0.030069836499295913,0.04578375581996896,4.915492957746479,2.4916011363013584,0.23222588258589427,0.6685373171682573,-0.657221659086289,0.3533448409304546,0.15562913907284767,349160.11363013583
3,-85,-40,3,-80,50,104,0.7115384615384616,1.6536491616435265,0.021482539825492693,0.03527619688492356,4.634615384615385,2.4698089373853254,0.2309381076012833,0.6574492115880943,-0.6572216590862892,0.3513854183113015,0.2185430463576159,346980.89373853256
3,-90,-40,5,-80,-20,69,0.6811594202898551,1.840523170677497,0.02763987766702411,0.04298150163220904,4.942028985507246,2.455749750594122,0.2301037227624776,0.6564520660308186,-0.657221659086289,0.3501158544932653,0.15496688741721854,345574.9750594122
3,-90,-40,5,-80,0,69,0.6811594202898551,1.840523170677497,0.02763987766702411,0.04298150163220904,4.942028985507246,2.455749750594122,0.2301037227624776,0.6564520660308186,-0.657221659086289,0.3501158544932653,0.15496688741721854,345574.9750594122
3,-90,-40,5,-80,50,69,0.6811594202898551,1.840523170677497,0.02763987766702411,0.04298150163220904,4.942028985507246,2.455749750594122,0.2301037227624776,0.6564520660308186,-0.657221659086289,0.3501158544932653,0.15496688741721854,345574.9750594122
5,-90,-30,5,-50,-20,76,0.6447368421052632,1.8094960403762776,0.02601090345084241,0.042184448517736506,5.342105263157895,2.4548659958748678,0.2300511792746931,0.653765639160288,-0.6572216590862892,0.35003590659888584,0.1814569536423841,345486.59958748677
5,-90,-20,5,-50,-20,76,0.6447368421052632,1.8094960403762776,0.02601090345084241,0.042184448517736506,5.342105263157895,2.4548659958748678,0.2300511792746931,0.653765639160288,-0.6572216590862892,0.35003590659888584,0.1814569536423841,345486.59958748677
5,-90,-20,7,-80,50,65,0.676923076923077,1.9200272489979324,0.028374063891406787,0.042241379310344884,5.6923076923076925,2.4516191915486387,0.22985804489682615,0.6557837354633639,-0.6572216590862892,0.34974204169775724,0.16423841059602648,345161.91915486386
5,-85,-40,7,-120,-20,63,0.7142857142857143,1.9559404222972356,0.029414746722846427,0.04621676891615545,5.2063492063492065,2.4513010019505383,0.22983910942172825,0.660140418480096,-0.657221659086289,0.34971323029929513,0.1490066225165563,345130.10019505385
5,-85,-40,7,-120,0,63,0.7142857142857143,1.9559404222972356,0.029414746722846427,0.04621676891615545,5.2063492063492065,2.4513010019505383,0.22983910942172825,0.660140418480096,-0.657221659086289,0.34971323029929513,0.1490066225165563,345130.10019505385
5,-85,-40,7,-120,50,63,0.7142857142857143,1.9559404222972356,0.029414746722846427,0.04621676891615545,5.2063492063492065,2.4513010019505383,0.22983910942172825,0.660140418480096,-0.657221659086289,0.34971323029929513,0.1490066225165563,345130.10019505385
5,-85,-30,7,-120,-20,63,0.7142857142857143,1.9559404222972356,0.029414746722846427,0.04621676891615545,5.2063492063492065,2.4513010019505383,0.22983910942172825,0.660140418480096,-0.657221659086289,0.34971323029929513,0.1490066225165563,345130.10019505385
5,-85,-30,7,-120,0,63,0.7142857142857143,1.9559404222972356,0.029414746722846427,0.04621676891615545,5.2063492063492065,2.4513010019505383,0.22983910942172825,0.660140418480096,-0.657221659086289,0.34971323029929513,0.1490066225165563,345130.10019505385
5,-85,-30,7,-120,50,63,0.7142857142857143,1.9559404222972356,0.029414746722846427,0.04621676891615545,5.2063492063492065,2.4513010019505383,0.22983910942172825,0.660140418480096,-0.657221659086289,0.34971323029929513,0.1490066225165563,345130.10019505385
3,-90,-30,7,-50,-20,68,0.6764705882352942,1.8676052715391713,0.029030310685522205,0.04567810386168314,5.25,2.441571478842209,0.22925940186891935,0.6556794200095444,-0.657221659086289,0.3488311724048325,0.16026490066225166,344157.14788422093
3,-90,-30,7,-50,0,68,0.6764705882352942,1.8676052715391713,0.029030310685522205,0.04567810386168314,5.25,2.441571478842209,0.22925940186891935,0.6556794200095444,-0.657221659086289,0.3488311724048325,0.16026490066225166,344157.14788422093
3,-90,-30,7,-50,50,68,0.6764705882352942,1.8676052715391713,0.029030310685522205,0.04567810386168314,5.25,2.441571478842209,0.22925940186891935,0.6556794200095444,-0.657221659086289,0.3488311724048325,0.16026490066225166,344157.14788422093
5,-90,-30,5,-50,0,76,0.6578947368421053,1.8049054966422393,0.025982273091010366,0.042184448517736506,5.368421052631579,2.431314260242408,0.22864677288045443,0.651728382249854,-0.6572216590862892,0.34789902268031386,0.1827814569536424,343131.4260242408
5,-90,-30,5,-50,50,76,0.6578947368421053,1.8049054966422393,0.025982273091010366,0.042184448517736506,5.368421052631579,2.431314260242408,0.22864677288045443,0.651728382249854,-0.6572216590862892,0.34789902268031386,0.1827814569536424,343131.4260242408
5,-90,-30,7,-50,-20,70,0.6571428571428571,1.8917721597358939,0.027777018126797344,0.04261144047127696,5.514285714285714,2.4298123563094665,0.2285569412397077,0.6526680239748659,-0.6572216590862892,0.347762338748029,0.1728476821192053,342981.23563094664
5,-90,-30,7,-50,0,70,0.6571428571428571,1.8917721597358939,0.027777018126797344,0.04261144047127696,5.514285714285714,2.4298123563094665,0.2285569412397077,0.6526680239748659,-0.6572216590862892,0.347762338748029,0.1728476821192053,342981.23563094664
5,-90,-30,7,-50,50,70,0.6571428571428571,1.8917721597358939,0.027777018126797344,0.04261144047127696,5.514285714285714,2.4298123563094665,0.2285569412397077,0.6526680239748659,-0.6572216590862892,0.347762338748029,0.1728476821192053,342981.23563094664
5,-90,-20,7,-50,-20,70,0.6571428571428571,1.8917721597358939,0.027777018126797344,0.04261144047127696,5.514285714285714,2.4298123563094665,0.2285569412397077,0.6526680239748659,-0.6572216590862892,0.347762338748029,0.1728476821192053,342981.23563094664
5,-90,-20,5,-50,0,76,0.6578947368421053,1.8034764903039857,0.02593614490194447,0.042184448517736506,5.407894736842105,2.4203269692760583,0.22798884459287994,0.6508119506779587,-0.657221659086289,0.3468979475050235,0.18344370860927153,342032.69692760584
5,-90,-20,7,-50,0,70,0.6571428571428571,1.8901642922794146,0.027726936092954364,0.04261144047127696,5.557142857142857,2.4188298745369923,0.22789906105609536,0.6517332726143588,-0.6572216590862892,0.3467613367656431,0.17350993377483442,341882.9874536992
3,-90,-40,3,-80,-20,87,0.735632183908046,1.784697040762382,0.02440233751244861,0.03552651258594586,4.379310344827586,2.4030482936449507,0.22695061279636497,0.6562745982438472,-0.657221659086289,0.3453182189885312,0.171523178807947,340304.82936449506
3,-85,-20,5,-120,-20,53,0.660377358490566,2.0482163971637,0.03262220135542815,0.05115689219787978,5.188679245283019,2.289589520589668,0.22002191301211482,0.6485373321712721,-0.6378822377656352,0.3449255990930308,0.12649006622516556,328958.9520589668
5,-85,-20,7,-120,-20,63,0.7142857142857143,1.9469408226258709,0.029137824711008006,0.04578375581996896,5.222222222222222,2.394136596121129,0.22641341400032422,0.6549616812996285,-0.657221659086289,0.3445008405765239,0.14966887417218544,339413.6596121129
7,-90,-40,5,-120,-20,41,0.6585365853658537,2.366181290966786,0.040905893637547916,0.07157641843870399,5.146341463414634,2.280278712813859,0.2194445256509281,0.6561894397698304,-0.6378822377656352,0.34402043615385064,0.09735099337748344,328027.8712813859
7,-90,-30,5,-120,-20,41,0.6585365853658537,2.366181290966786,0.040905893637547916,0.07157641843870399,5.146341463414634,2.280278712813859,0.2194445256509281,0.6561894397698304,-0.6378822377656352,0.34402043615385064,0.09735099337748344,328027.8712813859
7,-90,-20,5,-120,-20,41,0.6585365853658537,2.366181290966786,0.040905893637547916,0.07157641843870399,5.146341463414634,2.280278712813859,0.2194445256509281,0.6561894397698304,-0.6378822377656352,0.34402043615385064,0.09735099337748344,328027.8712813859
3,-85,-40,3,-50,50,119,0.6974789915966386,1.6041703397190803,0.019458489348793104,0.03429796355841375,4.61344537815126,2.3716943803431554,0.22505536966923545,0.6474260697079891,-0.657221659086289,0.3424344991644396,0.247682119205298,337169.43803431554
3,-85,-30,5,-120,-20,53,0.660377358490566,2.0330918473480457,0.03235954025986044,0.05115689219787978,5.037735849056604,2.240081312413334,0.21693600141404268,0.6442068874369504,-0.6378822377656352,0.3400878541059914,0.12317880794701987,324008.1312413334
3,-85,-30,5,-120,0,53,0.660377358490566,2.0330918473480457,0.03235954025986044,0.05115689219787978,5.037735849056604,2.240081312413334,0.21693600141404268,0.6442068874369504,-0.6378822377656352,0.3400878541059914,0.12317880794701987,324008.1312413334
3,-85,-30,5,-120,50,53,0.660377358490566,2.0330918473480457,0.03235954025986044,0.05115689219787978,5.037735849056604,2.240081312413334,0.21693600141404268,0.6442068874369504,-0.6378822377656352,0.3400878541059914,0.12317880794701987,324008.1312413334
3,-90,-40,3,-80,0,87,0.7241379310344828,1.7742638884902395,0.024225514253043274,0.03552651258594586,4.551724137931035,2.3273693479179998,0.22235085951464795,0.6490523207902714,-0.6572216590862892,0.33831943369573986,0.17880794701986755,332736.9347918
3,-90,-20,7,-50,-20,67,0.6865671641791045,1.8682188462676759,0.028687067759637096,0.045572451903397315,5.417910447761194,2.319505540847159,0.22186791519756088,0.6444622337068503,-0.657221659086289,0.3375846065481403,0.16357615894039734,331950.5540847159
3,-90,-20,7,-50,0,67,0.6865671641791045,1.8682188462676759,0.028687067759637096,0.045572451903397315,5.417910447761194,2.319505540847159,0.22186791519756088,0.6444622337068503,-0.657221659086289,0.3375846065481403,0.16357615894039734,331950.5540847159
3,-90,-20,7,-50,50,67,0.6865671641791045,1.8682188462676759,0.028687067759637096,0.045572451903397315,5.417910447761194,2.319505540847159,0.22186791519756088,0.6444622337068503,-0.657221659086289,0.3375846065481403,0.16357615894039734,331950.5540847159
5,-90,-40,5,-50,-20,76,0.6447368421052632,1.7885139807280541,0.025336703330658912,0.042184448517736506,5.328947368421052,2.3027129697281543,0.22083342493632263,0.6409200426661378,-0.6572216590862892,0.3360105709896097,0.18079470198675496,330271.2969728154
7,-85,-40,3,-50,0,94,0.6914893617021277,1.709016664412811,0.02342714376976609,0.0392096641894204,4.542553191489362,2.2944934360071185,0.22032547042925277,0.645481426948297,-0.6572216590862892,0.3352376894205877,0.1880794701986755,329449.34360071184
7,-85,-30,3,-50,0,94,0.6914893617021277,1.709016664412811,0.02342714376976609,0.0392096641894204,4.542553191489362,2.2944934360071185,0.22032547042925277,0.645481426948297,-0.6572216590862892,0.3352376894205877,0.1880794701986755,329449.34360071184
7,-85,-20,3,-50,0,94,0.6914893617021277,1.709016664412811,0.02342714376976609,0.0392096641894204,4.542553191489362,2.2944934360071185,0.22032547042925277,0.645481426948297,-0.6572216590862892,0.3352376894205877,0.1880794701986755,329449.34360071184
5,-90,-40,5,-50,0,76,0.6578947368421053,1.784019434030562,0.025308072970826868,0.042184448517736506,5.355263157894737,2.2801984574935794,0.21943954287908007,0.6388979491737048,-0.6572216590862892,0.3338897004462067,0.18211920529801323,328019.84574935795
5,-90,-40,5,-50,50,76,0.6578947368421053,1.784019434030562,0.025308072970826868,0.042184448517736506,5.355263157894737,2.2801984574935794,0.21943954287908007,0.6388979491737048,-0.6572216590862892,0.3338897004462067,0.18211920529801323,328019.84574935795
5,-90,-40,7,-50,-20,70,0.6571428571428571,1.8682718998221794,0.02704502942488383,0.04261144047127696,5.5,2.2787626977261852,0.2193503844184499,0.6395887140063656,-0.6572216590862892,0.3337540407956192,0.17218543046357615,327876.26977261854
5,-90,-40,7,-50,0,70,0.6571428571428571,1.8682718998221794,0.02704502942488383,0.04261144047127696,5.5,2.2787626977261852,0.2193503844184499,0.6395887140063656,-0.6572216590862892,0.3337540407956192,0.17218543046357615,327876.26977261854
5,-90,-40,7,-50,50,70,0.6571428571428571,1.8682718998221794,0.02704502942488383,0.04261144047127696,5.5,2.2787626977261852,0.2193503844184499,0.6395887140063656,-0.6572216590862892,0.3337540407956192,0.17218543046357615,327876.26977261854
5,-90,-30,3,-50,50,77,0.6753246753246753,1.7971144658710525,0.02762854652128923,0.045572451903397315,5.012987012987013,2.18489565331241,0.21344956571110574,0.6364317076394418,-0.657221659086289,0.32477561072448036,0.17218543046357615,318489.565331241
5,-90,-20,3,-50,50,77,0.6753246753246753,1.7971144658710525,0.02762854652128923,0.045572451903397315,5.012987012987013,2.18489565331241,0.21344956571110574,0.6364317076394418,-0.657221659086289,0.32477561072448036,0.17218543046357615,318489.565331241
7,-85,-40,7,-120,-20,63,0.6984126984126984,1.9077673312886718,0.027943121424355417,0.04298150163220904,5.301587301587301,2.152856802400736,0.21140231084585137,0.63201068018793,-0.657221659086289,0.3216605964261071,0.15165562913907285,315285.6802400736
7,-85,-40,7,-120,0,63,0.6984126984126984,1.9077673312886718,0.027943121424355417,0.04298150163220904,5.301587301587301,2.152856802400736,0.21140231084585137,0.63201068018793,-0.657221659086289,0.3216605964261071,0.15165562913907285,315285.6802400736
7,-85,-40,7,-120,50,63,0.6984126984126984,1.9077673312886718,0.027943121424355417,0.04298150163220904,5.301587301587301,2.152856802400736,0.21140231084585137,0.63201068018793,-0.657221659086289,0.3216605964261071,0.15165562913907285,315285.6802400736
7,-85,-30,7,-120,-20,63,0.6984126984126984,1.8987711725616607,0.027666199412517,0.03586140053307485,5.317460317460317,2.1006355717191507,0.20802797080580016,0.626844123618795,-0.657221659086289,0.3165263468264478,0.152317880794702,310063.5571719151
7,-85,-20,7,-120,-20,63,0.6984126984126984,1.8987711725616607,0.027666199412517,0.03586140053307485,5.317460317460317,2.1006355717191507,0.20802797080580016,0.626844123618795,-0.657221659086289,0.3165263468264478,0.152317880794702,310063.5571719151
7,-90,-20,5,-50,50,68,0.6764705882352942,1.8364821055488887,0.02658183046631554,0.04261144047127696,5.529411764705882,2.129401733795218,0.2098925367016211,0.6267735697623535,-0.6648950892418726,0.3156776762194845,0.16821192052980133,312940.1733795218
5,-90,-30,3,-80,-20,74,0.7027027027027027,1.7907960636090914,0.027170783720152258,0.04261144047127696,4.405405405405405,2.0874219422554936,0.20716665582752536,0.629964009156937,-0.6572216590862892,0.3152158072750394,0.14635761589403973,308742.19422554935
5,-90,-20,3,-80,-20,74,0.7027027027027027,1.7907960636090914,0.027170783720152258,0.04261144047127696,4.405405405405405,2.0874219422554936,0.20716665582752536,0.629964009156937,-0.6572216590862892,0.3152158072750394,0.14635761589403973,308742.19422554935
7,-90,-20,5,-120,50,40,0.675,2.2827491664061776,0.03960164243903932,0.07157484621457566,5.475,1.9834982876800171,0.2002833060592346,0.6233369445824539,-0.6378822377656352,0.3139816320341261,0.10132450331125828,298349.8287680017
5,-90,-30,3,-80,0,74,0.6891891891891891,1.790558259915687,0.027173405225938353,0.039981526398505385,4.513513513513513,2.070442089193011,0.20605532434796348,0.6280020316704457,-0.657221659086289,0.31352485344812675,0.15033112582781458,307044.2089193011
5,-90,-20,3,-80,0,74,0.6891891891891891,1.790558259915687,0.027173405225938353,0.039981526398505385,4.513513513513513,2.070442089193011,0.20605532434796348,0.6280020316704457,-0.657221659086289,0.31352485344812675,0.15033112582781458,307044.2089193011
5,-90,-40,3,-50,50,77,0.6753246753246753,1.7779156543447259,0.026963102246822395,0.045572451903397315,5.0,2.044632177915215,0.20435622050141888,0.622946895571271,-0.657221659086289,0.31093957065494127,0.171523178807947,304463.2177915215
5,-90,-40,5,-120,0,45,0.6444444444444445,2.1428002946302915,0.035485709536183414,0.06289308176100628,5.4,1.9535116177753284,0.19826003966374928,0.6172402441457879,-0.6378822377656352,0.31080978263042985,0.1119205298013245,295351.16177753283
5,-90,-40,5,-120,50,45,0.6444444444444445,2.1428002946302915,0.035485709536183414,0.06289308176100628,5.4,1.9535116177753284,0.19826003966374928,0.6172402441457879,-0.6378822377656352,0.31080978263042985,0.1119205298013245,295351.16177753283
5,-90,-30,5,-120,0,45,0.6444444444444445,2.1428002946302915,0.035485709536183414,0.06289308176100628,5.4,1.9535116177753284,0.19826003966374928,0.6172402441457879,-0.6378822377656352,0.31080978263042985,0.1119205298013245,295351.16177753283
5,-90,-30,5,-120,50,45,0.6444444444444445,2.1428002946302915,0.035485709536183414,0.06289308176100628,5.4,1.9535116177753284,0.19826003966374928,0.6172402441457879,-0.6378822377656352,0.31080978263042985,0.1119205298013245,295351.16177753283
5,-90,-20,5,-120,0,45,0.6444444444444445,2.1402913889549486,0.03540780415020544,0.06289308176100628,5.466666666666667,1.9440542818813258,0.1976183831735634,0.6161775903641286,-0.6378822377656352,0.30980386578215163,0.11258278145695365,294405.4281881326
7,-85,-40,10,-50,-20,80,0.65,1.721082294630369,0.022402970027281317,0.037202834275496754,5.525,2.0299189147052896,0.20338224867630017,0.6184546103460821,-0.6572216590862889,0.3094576173266338,0.19403973509933775,302991.89147052896
7,-85,-40,10,-50,0,80,0.65,1.721082294630369,0.022402970027281317,0.037202834275496754,5.525,2.0299189147052896,0.20338224867630017,0.6184546103460821,-0.6572216590862889,0.3094576173266338,0.19403973509933775,302991.89147052896
7,-85,-40,10,-50,50,80,0.65,1.721082294630369,0.022402970027281317,0.037202834275496754,5.525,2.0299189147052896,0.20338224867630017,0.6184546103460821,-0.6572216590862889,0.3094576173266338,0.19403973509933775,302991.89147052896
7,-90,-40,7,-120,-20,49,0.7142857142857143,2.118026113762582,0.03312660918613764,0.04578375581996896,5.346938775510204,2.0248634128821683,0.20304668084877298,0.6236375499420019,-0.657221659086289,0.3089470318599379,0.11986754966887417,302486.3412882168
7,-90,-40,7,-120,0,49,0.7142857142857143,2.118026113762582,0.03312660918613764,0.04578375581996896,5.346938775510204,2.0248634128821683,0.20304668084877298,0.6236375499420019,-0.657221659086289,0.3089470318599379,0.11986754966887417,302486.3412882168
7,-90,-40,7,-120,50,49,0.7142857142857143,2.118026113762582,0.03312660918613764,0.04578375581996896,5.346938775510204,2.0248634128821683,0.20304668084877298,0.6236375499420019,-0.657221659086289,0.3089470318599379,0.11986754966887417,302486.3412882168
7,-90,-30,7,-120,-20,49,0.7142857142857143,2.118026113762582,0.03312660918613764,0.04578375581996896,5.346938775510204,2.0248634128821683,0.20304668084877298,0.6236375499420019,-0.657221659086289,0.3089470318599379,0.11986754966887417,302486.3412882168
7,-90,-30,7,-120,0,49,0.7142857142857143,2.118026113762582,0.03312660918613764,0.04578375581996896,5.346938775510204,2.0248634128821683,0.20304668084877298,0.6236375499420019,-0.657221659086289,0.3089470318599379,0.11986754966887417,302486.3412882168
7,-90,-30,7,-120,50,49,0.7142857142857143,2.118026113762582,0.03312660918613764,0.04578375581996896,5.346938775510204,2.0248634128821683,0.20304668084877298,0.6236375499420019,-0.657221659086289,0.3089470318599379,0.11986754966887417,302486.3412882168
7,-90,-20,7,-120,-20,49,0.7142857142857143,2.118026113762582,0.03312660918613764,0.04578375581996896,5.346938775510204,2.0248634128821683,0.20304668084877298,0.6236375499420019,-0.657221659086289,0.3089470318599379,0.11986754966887417,302486.3412882168
3,-85,-30,10,-50,50,81,0.654320987654321,1.6803171930977507,0.02241815292948266,0.03887915596504765,5.074074074074074,2.016620754541317,0.20249855675970285,0.6181947508259977,-0.657221659086289,0.3081130299954343,0.18344370860927153,301662.0754541317
7,-90,-20,7,-120,0,49,0.7142857142857143,2.1156114376783774,0.03305506342350482,0.04578375581996896,5.408163265306122,2.0151776039092413,0.20240246115921412,0.6225947625682923,-0.657221659086289,0.3079668150934143,0.1205298013245033,301517.7603909241
7,-90,-40,3,-50,-20,73,0.6986301369863014,1.8038415568939226,0.027296231911821154,0.04298150163220904,4.465753424657534,2.0035524844512738,0.20162697454784184,0.6226501146097287,-0.657221659086289,0.30678686826626556,0.14370860927152318,300355.2484451274
7,-90,-30,3,-50,-20,73,0.6986301369863014,1.8038415568939226,0.027296231911821154,0.04298150163220904,4.465753424657534,2.0035524844512738,0.20162697454784184,0.6226501146097287,-0.657221659086289,0.30678686826626556,0.14370860927152318,300355.2484451274
7,-90,-20,3,-50,-20,73,0.6986301369863014,1.8038415568939226,0.027296231911821154,0.04298150163220904,4.465753424657534,2.0035524844512738,0.20162697454784184,0.6226501146097287,-0.657221659086289,0.30678686826626556,0.14370860927152318,300355.2484451274
5,-90,-20,5,-50,50,75,0.6533333333333333,1.7341025731589836,0.024457843568969427,0.04212751772512813,5.533333333333333,1.9747656948946322,0.1996958536593676,0.6109566162446294,-0.6572216590862889,0.30384855839504343,0.18609271523178808,297476.56948946323
5,-90,-20,7,-50,50,69,0.6521739130434783,1.810513489507263,0.026146040313503375,0.042241379310344884,5.695652173913044,1.973463624621298,0.1996081387446258,0.6110477807591936,-0.6572216590862892,0.30371509518133283,0.176158940397351,297346.3624621298
3,-85,-40,5,-120,-20,53,0.660377358490566,1.9562688777374508,0.02995321406110324,0.04621676891615545,5.0,1.8818816517306383,0.1933568479555825,0.6067236431123152,-0.6378822377656352,0.3031231103610442,0.12185430463576159,288188.1651730638
3,-85,-40,5,-120,0,53,0.660377358490566,1.9562688777374508,0.02995321406110324,0.04621676891615545,5.0,1.8818816517306383,0.1933568479555825,0.6067236431123152,-0.6378822377656352,0.3031231103610442,0.12185430463576159,288188.1651730638
3,-85,-40,5,-120,50,53,0.660377358490566,1.9562688777374508,0.02995321406110324,0.04621676891615545,5.0,1.8818816517306383,0.1933568479555825,0.6067236431123152,-0.6378822377656352,0.3031231103610442,0.12185430463576159,288188.1651730638
5,-85,-30,10,-50,50,79,0.6455696202531646,1.700309391951202,0.022640582888925776,0.03887915596504765,5.379746835443038,1.9647698807501532,0.1990216569472676,0.612346237518708,-0.657221659086289,0.30282272988988224,0.19072847682119207,296476.9880750153
5,-85,-40,5,-120,-20,58,0.6551724137931034,1.8671052438827578,0.028293982072817844,0.04868683055701761,5.293103448275862,1.8679742810845235,0.19239311822450023,0.6027987145823543,-0.6378822377656352,0.30161228332428897,0.14105960264900663,286797.42810845235
5,-85,-30,5,-120,-20,58,0.6551724137931034,1.8671052438827578,0.028293982072817844,0.04868683055701761,5.293103448275862,1.8679742810845235,0.19239311822450023,0.6027987145823543,-0.6378822377656352,0.30161228332428897,0.14105960264900663,286797.42810845235
5,-85,-20,5,-120,-20,58,0.6551724137931034,1.8671052438827578,0.028293982072817844,0.04868683055701761,5.293103448275862,1.8679742810845235,0.19239311822450023,0.6027987145823543,-0.6378822377656352,0.30161228332428897,0.14105960264900663,286797.42810845235
5,-90,-40,3,-80,-20,74,0.7027027027027027,1.770643373278728,0.026478361975098938,0.04261144047127696,4.391891891891892,1.9514512296238489,0.19812039347163557,0.6159513335668468,-0.6572216590862892,0.3014514064358058,0.1456953642384106,295145.1229623849
5,-90,-40,3,-80,0,74,0.6891891891891891,1.7704135733979067,0.026480983480885033,0.039981526398505385,4.5,1.9352191728666552,0.19701739008503427,0.6140223311960374,-0.657221659086289,0.29977312427429775,0.14966887417218544,293521.9172866655
5,-85,-40,5,-120,0,58,0.6724137931034483,1.8793187424307756,0.02811352360572044,0.0402573662372846,5.327586206896552,1.848423371686171,0.19103170778248257,0.6005782327226855,-0.6378822377656352,0.29947801721462836,0.1423841059602649,284842.3371686171
5,-85,-40,5,-120,50,58,0.6724137931034483,1.8793187424307756,0.02811352360572044,0.0402573662372846,5.327586206896552,1.848423371686171,0.19103170778248257,0.6005782327226855,-0.6378822377656352,0.29947801721462836,0.1423841059602649,284842.3371686171
5,-85,-30,5,-120,0,58,0.6724137931034483,1.8793187424307756,0.02811352360572044,0.0402573662372846,5.327586206896552,1.848423371686171,0.19103170778248257,0.6005782327226855,-0.6378822377656352,0.29947801721462836,0.1423841059602649,284842.3371686171
5,-85,-30,5,-120,50,58,0.6724137931034483,1.8793187424307756,0.02811352360572044,0.0402573662372846,5.327586206896552,1.848423371686171,0.19103170778248257,0.6005782327226855,-0.6378822377656352,0.29947801721462836,0.1423841059602649,284842.3371686171
5,-85,-20,5,-120,0,58,0.6724137931034483,1.877428214697553,0.02805307977177202,0.0402573662372846,5.379310344827586,1.8393025351767682,0.19039392199307237,0.5995809989041558,-0.6378822377656352,0.29847816841550795,0.14304635761589404,283930.25351767684
3,-90,-20,3,-50,50,94,0.7021276595744681,1.6247274153323683,0.022523237416939967,0.04060718580579803,5.148936170212766,1.9069132394113635,0.1950817259599098,0.6069525439625346,-0.657221659086289,0.2968279016110405,0.21721854304635763,290691.32394113636
5,-90,-40,5,-120,-20,45,0.6222222222222222,2.079490111589895,0.034435964076934764,0.06289308176100628,5.377777777777778,1.815243118740574,0.1887033115173462,0.6014491701112868,-0.6378822377656352,0.2958278195334823,0.11125827814569536,281524.3118740574
5,-90,-30,5,-120,-20,45,0.6222222222222222,2.079490111589895,0.034435964076934764,0.06289308176100628,5.377777777777778,1.815243118740574,0.1887033115173462,0.6014491701112868,-0.6378822377656352,0.2958278195334823,0.11125827814569536,281524.3118740574
5,-90,-20,5,-120,-20,45,0.6222222222222222,2.079490111589895,0.034435964076934764,0.06289308176100628,5.377777777777778,1.815243118740574,0.1887033115173462,0.6014491701112868,-0.6378822377656352,0.2958278195334823,0.11125827814569536,281524.3118740574
3,-85,-30,10,-50,0,81,0.654320987654321,1.655493240300318,0.02160014160215884,0.03887915596504765,5.037037037037037,1.849429705707943,0.19110197269087936,0.6013463747048242,-0.657221659086289,0.2907724814738476,0.1827814569536424,284942.9705707943
3,-85,-20,10,-120,-20,53,0.7169811320754716,1.9457670805528866,0.02849508068593908,0.04621676891615545,5.018867924528302,1.7624472181440702,0.1849508409436733,0.5977490715444538,-0.6378822377656352,0.2899451183834754,0.12251655629139073,276244.72181440704
3,-85,-20,10,-120,0,53,0.7169811320754716,1.9457670805528866,0.02849508068593908,0.04621676891615545,5.018867924528302,1.7624472181440702,0.1849508409436733,0.5977490715444538,-0.6378822377656352,0.2899451183834754,0.12251655629139073,276244.72181440704
3,-85,-20,10,-120,50,53,0.7169811320754716,1.9457670805528866,0.02849508068593908,0.04621676891615545,5.018867924528302,1.7624472181440702,0.1849508409436733,0.5977490715444538,-0.6378822377656352,0.2899451183834754,0.12251655629139073,276244.72181440704
5,-85,-40,10,-50,50,79,0.6455696202531646,1.680247232691335,0.021991985304951774,0.03887915596504765,5.367088607594937,1.83420079074105,0.1900364315628711,0.5993047444519901,-0.657221659086289,0.289151200261829,0.1900662251655629,283420.079074105
3,-85,-20,7,-120,-20,57,0.6842105263157895,1.8626058816488489,0.028238239667611586,0.04578375581996896,5.175438596491228,1.8226164235283853,0.18922269478390552,0.5998284083944753,-0.657221659086289,0.28791305363699493,0.1337748344370861,282261.64235283853
3,-85,-20,7,-120,0,57,0.6842105263157895,1.8626058816488489,0.028238239667611586,0.04578375581996896,5.175438596491228,1.8226164235283853,0.18922269478390552,0.5998284083944753,-0.657221659086289,0.28791305363699493,0.1337748344370861,282261.64235283853
3,-85,-20,7,-120,50,57,0.6842105263157895,1.8626058816488489,0.028238239667611586,0.04578375581996896,5.175438596491228,1.8226164235283853,0.18922269478390552,0.5998284083944753,-0.657221659086289,0.28791305363699493,0.1337748344370861,282261.64235283853
7,-90,-40,3,-50,0,73,0.684931506849315,1.7686301215345925,0.026500581191970116,0.04298150163220904,4.534246575342466,1.8214826398402297,0.1891429034659906,0.6026831061366812,-0.657221659086289,0.2877916466248982,0.14701986754966886,282148.26398402295
7,-90,-30,3,-50,0,73,0.684931506849315,1.7686301215345925,0.026500581191970116,0.04298150163220904,4.534246575342466,1.8214826398402297,0.1891429034659906,0.6026831061366812,-0.657221659086289,0.2877916466248982,0.14701986754966886,282148.26398402295
7,-90,-20,3,-50,0,73,0.684931506849315,1.7686301215345925,0.026500581191970116,0.04298150163220904,4.534246575342466,1.8214826398402297,0.1891429034659906,0.6026831061366812,-0.657221659086289,0.2877916466248982,0.14701986754966886,282148.26398402295
3,-90,-40,7,-80,-20,62,0.6774193548387096,1.790996962476861,0.02645123322523212,0.03982733515514458,4.983870967741935,1.8135047752657307,0.1885806957506717,0.5966712991855677,-0.6572216590862892,0.2869362157249176,0.14172185430463577,281350.47752657306
3,-90,-40,7,-80,0,62,0.6774193548387096,1.790996962476861,0.02645123322523212,0.03982733515514458,4.983870967741935,1.8135047752657307,0.1885806957506717,0.5966712991855677,-0.6572216590862892,0.2869362157249176,0.14172185430463577,281350.47752657306
3,-90,-40,7,-80,50,62,0.6774193548387096,1.790996962476861,0.02645123322523212,0.03982733515514458,4.983870967741935,1.8135047752657307,0.1885806957506717,0.5966712991855677,-0.6572216590862892,0.2869362157249176,0.14172185430463577,281350.47752657306
7,-85,-30,10,-50,-20,79,0.6329113924050633,1.6802680759457609,0.02173159904475531,0.03887915596504765,5.6075949367088604,1.8091060677689645,0.18827014647971163,0.5965962626934239,-0.6572216590862892,0.2864636974098763,0.1947019867549669,280910.60677689646
7,-85,-30,10,-50,0,79,0.6329113924050633,1.6802680759457609,0.02173159904475531,0.03887915596504765,5.6075949367088604,1.8091060677689645,0.18827014647971163,0.5965962626934239,-0.6572216590862892,0.2864636974098763,0.1947019867549669,280910.60677689646
7,-85,-30,10,-50,50,79,0.6329113924050633,1.6802680759457609,0.02173159904475531,0.03887915596504765,5.6075949367088604,1.8091060677689645,0.18827014647971163,0.5965962626934239,-0.6572216590862892,0.2864636974098763,0.1947019867549669,280910.60677689646
7,-85,-20,10,-50,-20,79,0.6329113924050633,1.6802680759457609,0.02173159904475531,0.03887915596504765,5.6075949367088604,1.8091060677689645,0.18827014647971163,0.5965962626934239,-0.6572216590862892,0.2864636974098763,0.1947019867549669,280910.60677689646
7,-85,-20,10,-50,0,79,0.6329113924050633,1.6802680759457609,0.02173159904475531,0.03887915596504765,5.6075949367088604,1.8091060677689645,0.18827014647971163,0.5965962626934239,-0.6572216590862892,0.2864636974098763,0.1947019867549669,280910.60677689646
7,-85,-20,10,-50,50,79,0.6329113924050633,1.6802680759457609,0.02173159904475531,0.03887915596504765,5.6075949367088604,1.8091060677689645,0.18827014647971163,0.5965962626934239,-0.6572216590862892,0.2864636974098763,0.1947019867549669,280910.60677689646
7,-90,-40,10,-50,-20,64,0.671875,1.8543950142584533,0.025699952913296277,0.04261144047127696,5.5,1.8441041569405114,0.19072989372106708,0.6021267152543768,-0.6678612481490497,0.28558311213544313,0.15695364238410597,284410.41569405113
7,-90,-40,10,-50,0,64,0.671875,1.8543950142584533,0.025699952913296277,0.04261144047127696,5.5,1.8441041569405114,0.19072989372106708,0.6021267152543768,-0.6678612481490497,0.28558311213544313,0.15695364238410597,284410.41569405113
7,-90,-40,10,-50,50,64,0.671875,1.8543950142584533,0.025699952913296277,0.04261144047127696,5.5,1.8441041569405114,0.19072989372106708,0.6021267152543768,-0.6678612481490497,0.28558311213544313,0.15695364238410597,284410.41569405113
7,-90,-30,10,-50,-20,64,0.671875,1.8543950142584533,0.025699952913296277,0.04261144047127696,5.5,1.8441041569405114,0.19072989372106708,0.6021267152543768,-0.6678612481490497,0.28558311213544313,0.15695364238410597,284410.41569405113
7,-90,-30,10,-50,0,64,0.671875,1.8543950142584533,0.025699952913296277,0.04261144047127696,5.5,1.8441041569405114,0.19072989372106708,0.6021267152543768,-0.6678612481490497,0.28558311213544313,0.15695364238410597,284410.41569405113
7,-90,-30,10,-50,50,64,0.671875,1.8543950142584533,0.025699952913296277,0.04261144047127696,5.5,1.8441041569405114,0.19072989372106708,0.6021267152543768,-0.6678612481490497,0.28558311213544313,0.15695364238410597,284410.41569405113
7,-90,-20,10,-50,-20,64,0.671875,1.8543950142584533,0.025699952913296277,0.04261144047127696,5.5,1.8441041569405114,0.19072989372106708,0.6021267152543768,-0.6678612481490497,0.28558311213544313,0.15695364238410597,284410.41569405113
7,-90,-20,10,-50,0,64,0.671875,1.8543950142584533,0.025699952913296277,0.04261144047127696,5.5,1.8441041569405114,0.19072989372106708,0.6021267152543768,-0.6678612481490497,0.28558311213544313,0.15695364238410597,284410.41569405113
7,-90,-20,10,-50,50,64,0.671875,1.8543950142584533,0.025699952913296277,0.04261144047127696,5.5,1.8441041569405114,0.19072989372106708,0.6021267152543768,-0.6678612481490497,0.28558311213544313,0.15695364238410597,284410.41569405113
5,-85,-30,10,-50,-20,79,0.6455696202531646,1.6743664279983073,0.021801862414074773,0.03887915596504765,5.341772151898734,1.80045257796491,0.1876580249188342,0.5958448427457205,-0.657221659086289,0.28553231976518884,0.1900662251655629,280045.25779649103
5,-85,-30,10,-50,0,79,0.6455696202531646,1.6743664279983073,0.021801862414074773,0.03887915596504765,5.341772151898734,1.80045257796491,0.1876580249188342,0.5958448427457205,-0.657221659086289,0.28553231976518884,0.1900662251655629,280045.25779649103
3,-90,-40,3,-80,50,84,0.7142857142857143,1.6710395667340903,0.023247406911673946,0.04060718580579803,4.9523809523809526,1.7954622989624727,0.18730431111559764,0.5962447315338566,-0.6572216590862892,0.2849941241680925,0.18741721854304635,279546.22989624727
3,-90,-20,3,-50,-20,97,0.711340206185567,1.6331527493451976,0.021041953200318975,0.03368740515933233,4.536082474226804,1.7943678497629705,0.18722666561707313,0.5957273889688669,-0.657221659086289,0.284875982141805,0.1966887417218543,279436.78497629706
3,-85,-20,10,-50,50,79,0.6582278481012658,1.6624106563998655,0.02183681640771066,0.03887915596504765,5.2784810126582276,1.7932928803896835,0.187150377447713,0.5953561370943564,-0.657221659086289,0.2847599053687629,0.18741721854304635,279329.28803896834
3,-85,-30,10,-50,-20,81,0.654320987654321,1.6462927349249323,0.02129696194033851,0.036673168678080126,5.012345679012346,1.7830061034479239,0.1864191084832163,0.5943525994107329,-0.657221659086289,0.2836472381972132,0.1814569536423841,278300.61034479237
3,-90,-20,5,-120,0,42,0.6666666666666666,2.0872374013012673,0.03546197624583878,0.062482288606444,5.142857142857143,1.6714130813851056,0.17833791678057342,0.5862268960106473,-0.6378822377656352,0.2795781199446044,0.10198675496688742,267141.30813851056
3,-90,-20,5,-120,50,42,0.6666666666666666,2.0872374013012673,0.03546197624583878,0.062482288606444,5.142857142857143,1.6714130813851056,0.17833791678057342,0.5862268960106473,-0.6378822377656352,0.2795781199446044,0.10198675496688742,267141.30813851056
3,-90,-20,3,-50,0,97,0.7010309278350515,1.6202922799932211,0.020960388209160918,0.03368740515933233,4.690721649484536,1.732225089920779,0.18277583467542002,0.5891178550465092,-0.657221659086289,0.27810379062906493,0.20397350993377483,273222.5089920779
5,-85,-40,10,-50,-20,79,0.6455696202531646,1.65430426873844,0.02115326483010077,0.03887915596504765,5.329113924050633,1.6771200565801463,0.17875795629067248,0.5827850624541874,-0.657221659086289,0.2719903609677031,0.18940397350993377,267712.0056580146
5,-85,-40,10,-50,0,79,0.6455696202531646,1.65430426873844,0.02115326483010077,0.03887915596504765,5.329113924050633,1.6771200565801463,0.17875795629067248,0.5827850624541874,-0.657221659086289,0.2719903609677031,0.18940397350993377,267712.0056580146
3,-95,-30,5,-50,-20,53,0.7358490566037735,1.9476966698468356,0.029089034064281254,0.05152029740304753,4.60377358490566,1.5993336517462633,0.17296740119662246,0.5798049940231995,-0.6378822377656352,0.27115882988447865,0.11258278145695365,259933.36517462635
5,-90,-40,7,-120,-20,48,0.7083333333333334,2.0152342214631345,0.031427844214363676,0.044382628726089,5.4375,1.6661299861764989,0.1779484085066978,0.5827495100938106,-0.6572216590862892,0.270758588136144,0.11920529801324503,266612.9986176499
5,-90,-40,7,-120,0,48,0.7083333333333334,2.0152342214631345,0.031427844214363676,0.044382628726089,5.4375,1.6661299861764989,0.1779484085066978,0.5827495100938106,-0.6572216590862892,0.270758588136144,0.11920529801324503,266612.9986176499
5,-90,-40,7,-120,50,48,0.7083333333333334,2.0152342214631345,0.031427844214363676,0.044382628726089,5.4375,1.6661299861764989,0.1779484085066978,0.5827495100938106,-0.6572216590862892,0.270758588136144,0.11920529801324503,266612.9986176499
5,-90,-30,7,-120,-20,48,0.7083333333333334,2.0152342214631345,0.031427844214363676,0.044382628726089,5.4375,1.6661299861764989,0.1779484085066978,0.5827495100938106,-0.6572216590862892,0.270758588136144,0.11920529801324503,266612.9986176499
5,-90,-30,7,-120,0,48,0.7083333333333334,2.0152342214631345,0.031427844214363676,0.044382628726089,5.4375,1.6661299861764989,0.1779484085066978,0.5827495100938106,-0.6572216590862892,0.270758588136144,0.11920529801324503,266612.9986176499
5,-90,-30,7,-120,50,48,0.7083333333333334,2.0152342214631345,0.031427844214363676,0.044382628726089,5.4375,1.6661299861764989,0.1779484085066978,0.5827495100938106,-0.6572216590862892,0.270758588136144,0.11920529801324503,266612.9986176499
5,-90,-20,7,-120,-20,48,0.7083333333333334,2.0152342214631345,0.031427844214363676,0.044382628726089,5.4375,1.6661299861764989,0.1779484085066978,0.5827495100938106,-0.6572216590862892,0.270758588136144,0.11920529801324503,266612.9986176499
7,-85,-40,5,-120,-20,56,0.6428571428571429,1.843239372077931,0.027265746596037133,0.0402573662372846,5.303571428571429,1.5885320486036574,0.17215193400830509,0.5711944176494702,-0.6378822377656352,0.2698804321802664,0.13708609271523178,258853.20486036575
7,-85,-30,5,-120,-20,56,0.6428571428571429,1.843239372077931,0.027265746596037133,0.0402573662372846,5.303571428571429,1.5885320486036574,0.17215193400830509,0.5711944176494702,-0.6378822377656352,0.2698804321802664,0.13708609271523178,258853.20486036575
7,-85,-20,5,-120,-20,56,0.6428571428571429,1.843239372077931,0.027265746596037133,0.0402573662372846,5.303571428571429,1.5885320486036574,0.17215193400830509,0.5711944176494702,-0.6378822377656352,0.2698804321802664,0.13708609271523178,258853.20486036575
5,-90,-20,7,-120,0,48,0.7083333333333334,2.0128748820821767,0.03135480791500934,0.044382628726089,5.5,1.6575928649190126,0.1773176286956355,0.5817070948556265,-0.657221659086289,0.2697988209064102,0.11986754966887417,265759.28649190126
3,-85,-30,7,-120,-20,57,0.6666666666666666,1.8102613774577838,0.027195106792326333,0.04578375581996896,5.017543859649122,1.6499842093724744,0.17675402605039392,0.5800185006767162,-0.657221659086289,0.2689412675414996,0.12980132450331125,264998.42093724746
3,-85,-30,7,-120,0,57,0.6666666666666666,1.8102613774577838,0.027195106792326333,0.04578375581996896,5.017543859649122,1.6499842093724744,0.17675402605039392,0.5800185006767162,-0.657221659086289,0.2689412675414996,0.12980132450331125,264998.42093724746
3,-85,-30,7,-120,50,57,0.6666666666666666,1.8102613774577838,0.027195106792326333,0.04578375581996896,5.017543859649122,1.6499842093724744,0.17675402605039392,0.5800185006767162,-0.657221659086289,0.2689412675414996,0.12980132450331125,264998.42093724746
3,-90,-30,5,-120,-20,42,0.6428571428571429,2.0429550838888844,0.03464500876456657,0.062482288606444,5.095238095238095,1.580571820170436,0.17154916034330525,0.5745556762440925,-0.6378822377656352,0.2689354714503498,0.10066225165562914,258057.1820170436
3,-90,-30,5,-120,0,42,0.6428571428571429,2.0429550838888844,0.03464500876456657,0.062482288606444,5.095238095238095,1.580571820170436,0.17154916034330525,0.5745556762440925,-0.6378822377656352,0.2689354714503498,0.10066225165562914,258057.1820170436
3,-90,-30,5,-120,50,42,0.6428571428571429,2.0429550838888844,0.03464500876456657,0.062482288606444,5.095238095238095,1.580571820170436,0.17154916034330525,0.5745556762440925,-0.6378822377656352,0.2689354714503498,0.10066225165562914,258057.1820170436
5,-85,-20,7,-120,0,61,0.6721311475409836,1.794964086079365,0.025925773743509968,0.04298150163220904,5.60655737704918,1.645327388494946,0.17640841193590417,0.5777669154032744,-0.657221659086289,0.26841539607985265,0.1543046357615894,264532.7388494946
7,-85,-40,5,-120,0,56,0.6607142857142857,1.855502503067254,0.027078843183686252,0.03376455989734739,5.339285714285714,1.570886089959338,0.17081363386366255,0.5689844989541663,-0.6378822377656352,0.2677823957945374,0.13841059602649006,257088.60899593378
7,-85,-40,5,-120,50,56,0.6607142857142857,1.855502503067254,0.027078843183686252,0.03376455989734739,5.339285714285714,1.570886089959338,0.17081363386366255,0.5689844989541663,-0.6378822377656352,0.2677823957945374,0.13841059602649006,257088.60899593378
7,-85,-30,5,-120,0,56,0.6607142857142857,1.855502503067254,0.027078843183686252,0.03376455989734739,5.339285714285714,1.570886089959338,0.17081363386366255,0.5689844989541663,-0.6378822377656352,0.2677823957945374,0.13841059602649006,257088.60899593378
7,-85,-30,5,-120,50,56,0.6607142857142857,1.855502503067254,0.027078843183686252,0.03376455989734739,5.339285714285714,1.570886089959338,0.17081363386366255,0.5689844989541663,-0.6378822377656352,0.2677823957945374,0.13841059602649006,257088.60899593378
7,-85,-20,5,-120,0,56,0.6607142857142857,1.8535246995371728,0.02701624064138253,0.03376455989734739,5.392857142857143,1.5626539458392235,0.1701866746543932,0.5679751947284514,-0.6378822377656352,0.26679951968959137,0.1390728476821192,256265.39458392235
5,-90,-20,5,-120,50,44,0.6363636363636364,2.009527783879962,0.03310323731554937,0.05455492533858086,5.681818181818182,1.560536393250703,0.17002513083569637,0.5698102287983613,-0.6378822377656352,0.2665462694670069,0.1152317880794702,256053.63932507028
5,-85,-20,10,-50,50,78,0.6282051282051282,1.643063178588255,0.021371507764783953,0.037202834275496754,5.5256410256410255,1.6279285855624162,0.1751126286959106,0.5774207951301654,-0.657221659086289,0.26644378844629557,0.19337748344370861,262792.8585562416
3,-90,-30,3,-50,50,94,0.6914893617021277,1.5892620853815447,0.021402984992017888,0.0390619342428673,5.117021276595745,1.6277533523130145,0.17509954182097487,0.5782134480712215,-0.657221659086289,0.2664238760244288,0.2152317880794702,262775.33523130143
7,-90,-20,7,-120,50,48,0.7083333333333334,1.9903594702358178,0.030893528393263824,0.044382628726089,5.604166666666667,1.6223945782652107,0.1746989831660659,0.5771063281468299,-0.657221659086289,0.2658144033307476,0.12317880794701987,262239.4578265211
3,-95,-20,5,-50,-20,52,0.7307692307692307,1.935427286780866,0.029163129820135802,0.05755998162060427,4.8076923076923075,1.5537491119827096,0.16950659174019478,0.573258374670319,-0.6378822377656352,0.26573336221735855,0.11589403973509933,255374.91119827097
3,-90,-30,3,-50,-20,97,0.711340206185567,1.6111308598186154,0.020310086254656693,0.03368740515933233,4.525773195876289,1.614936834634935,0.17414039408861703,0.5764524371573877,-0.6572216590862889,0.26496447839335974,0.19602649006622516,261493.6834634935
3,-90,-20,5,-120,-20,42,0.6428571428571429,2.0242012311843114,0.034337248968072366,0.062482288606444,5.119047619047619,1.5463510112574954,0.16894007761168073,0.5700105626578573,-0.6378822377656352,0.26484524510894303,0.10132450331125828,254635.10112574956
3,-85,-40,10,-120,-20,53,0.6981132075471698,1.8624149110807013,0.027039223369051457,0.04621676891615545,4.7924528301886795,1.5431992407374877,0.16869831228888987,0.5710732907756708,-0.6378822377656352,0.2644662326384944,0.11721854304635762,254319.92407374876
3,-85,-40,10,-120,0,53,0.6981132075471698,1.8624149110807013,0.027039223369051457,0.04621676891615545,4.7924528301886795,1.5431992407374877,0.16869831228888987,0.5710732907756708,-0.6378822377656352,0.2644662326384944,0.11721854304635762,254319.92407374876
3,-85,-40,10,-120,50,53,0.6981132075471698,1.8624149110807013,0.027039223369051457,0.04621676891615545,4.7924528301886795,1.5431992407374877,0.16869831228888987,0.5710732907756708,-0.6378822377656352,0.2644662326384944,0.11721854304635762,254319.92407374876
3,-85,-30,10,-120,-20,53,0.6981132075471698,1.8624149110807013,0.027039223369051457,0.04621676891615545,4.7924528301886795,1.5431992407374877,0.16869831228888987,0.5710732907756708,-0.6378822377656352,0.2644662326384944,0.11721854304635762,254319.92407374876
3,-85,-30,10,-120,0,53,0.6981132075471698,1.8624149110807013,0.027039223369051457,0.04621676891615545,4.7924528301886795,1.5431992407374877,0.16869831228888987,0.5710732907756708,-0.6378822377656352,0.2644662326384944,0.11721854304635762,254319.92407374876
3,-85,-30,10,-120,50,53,0.6981132075471698,1.8624149110807013,0.027039223369051457,0.04621676891615545,4.7924528301886795,1.5431992407374877,0.16869831228888987,0.5710732907756708,-0.6378822377656352,0.2644662326384944,0.11721854304635762,254319.92407374876
3,-90,-40,7,-50,-20,68,0.6764705882352942,1.7353700329626423,0.02460568328250916,0.03609984063201299,5.117647058823529,1.597312290350963,0.1728150134568014,0.571675600870121,-0.657221659086289,0.2629478366508184,0.15695364238410597,259731.2290350963
3,-90,-40,7,-50,0,68,0.6764705882352942,1.7353700329626423,0.02460568328250916,0.03609984063201299,5.117647058823529,1.597312290350963,0.1728150134568014,0.571675600870121,-0.657221659086289,0.2629478366508184,0.15695364238410597,259731.2290350963
3,-90,-40,7,-50,50,68,0.6764705882352942,1.7353700329626423,0.02460568328250916,0.03609984063201299,5.117647058823529,1.597312290350963,0.1728150134568014,0.571675600870121,-0.657221659086289,0.2629478366508184,0.15695364238410597,259731.2290350963
5,-85,-40,10,-120,-20,55,0.7090909090909091,1.856104460599246,0.026005974396144344,0.04298150163220904,5.363636363636363,1.5097213161923557,0.16611476870196018,0.5652191041135166,-0.6378822377656352,0.2604160436945613,0.1337748344370861,250972.1316192356
5,-85,-40,10,-120,0,55,0.7090909090909091,1.856104460599246,0.026005974396144344,0.04298150163220904,5.363636363636363,1.5097213161923557,0.16611476870196018,0.5652191041135166,-0.6378822377656352,0.2604160436945613,0.1337748344370861,250972.1316192356
5,-85,-40,10,-120,50,55,0.7090909090909091,1.856104460599246,0.026005974396144344,0.04298150163220904,5.363636363636363,1.5097213161923557,0.16611476870196018,0.5652191041135166,-0.6378822377656352,0.2604160436945613,0.1337748344370861,250972.1316192356
5,-85,-30,10,-120,-20,55,0.7090909090909091,1.856104460599246,0.026005974396144344,0.04298150163220904,5.363636363636363,1.5097213161923557,0.16611476870196018,0.5652191041135166,-0.6378822377656352,0.2604160436945613,0.1337748344370861,250972.1316192356
5,-85,-30,10,-120,0,55,0.7090909090909091,1.856104460599246,0.026005974396144344,0.04298150163220904,5.363636363636363,1.5097213161923557,0.16611476870196018,0.5652191041135166,-0.6378822377656352,0.2604160436945613,0.1337748344370861,250972.1316192356
5,-85,-30,10,-120,50,55,0.7090909090909091,1.856104460599246,0.026005974396144344,0.04298150163220904,5.363636363636363,1.5097213161923557,0.16611476870196018,0.5652191041135166,-0.6378822377656352,0.2604160436945613,0.1337748344370861,250972.1316192356
3,-90,-30,3,-50,0,97,0.7010309278350515,1.5986337395193322,0.020228521263498632,0.03368740515933233,4.680412371134021,1.5567843649337827,0.16973862267697348,0.5699031162891564,-0.6572216590862892,0.2582669337358035,0.2033112582781457,255678.43649337828
3,-85,-20,10,-50,0,79,0.6582278481012658,1.623301681187042,0.020547562523635744,0.036673168678080126,5.227848101265823,1.5506760710884673,0.16927143794352295,0.5685555542289363,-0.657221659086289,0.2575560856878253,0.18609271523178808,255067.60710884674
7,-85,-30,7,-120,0,61,0.6557377049180327,1.7730512016437943,0.0252205362597268,0.03552651258594586,5.573770491803279,1.5357607193213716,0.16812672867515177,0.5647420168317725,-0.657221659086289,0.2558143456636717,0.1543046357615894,253576.07193213716
7,-85,-30,7,-120,50,61,0.6557377049180327,1.7730512016437943,0.0252205362597268,0.03552651258594586,5.573770491803279,1.5357607193213716,0.16812672867515177,0.5647420168317725,-0.657221659086289,0.2558143456636717,0.1543046357615894,253576.07193213716
5,-85,-20,5,-120,50,57,0.6666666666666666,1.7844149783615084,0.026145085647152712,0.03429796355841375,5.543859649122807,1.4694305120363742,0.16296712199357843,0.5562287910609531,-0.6378822377656352,0.255481517347806,0.1456953642384106,246943.05120363744
7,-85,-20,7,-120,0,61,0.6557377049180327,1.7712896146088777,0.02516306507334962,0.03552651258594586,5.622950819672131,1.5276410489178094,0.1675012082772387,0.5637552154916673,-0.657221659086289,0.254862580929103,0.15496688741721854,252764.10489178094
3,-85,-40,7,-120,-20,57,0.6666666666666666,1.7801395330786807,0.0261841160213708,0.04578375581996896,5.0,1.5165898368161348,0.16664715388342,0.5635490566736712,-0.657221659086289,0.25356308876841244,0.1291390728476821,251658.9836816135
3,-85,-40,7,-120,0,57,0.6666666666666666,1.7801395330786807,0.0261841160213708,0.04578375581996896,5.0,1.5165898368161348,0.16664715388342,0.5635490566736712,-0.657221659086289,0.25356308876841244,0.1291390728476821,251658.9836816135
3,-85,-40,7,-120,50,57,0.6666666666666666,1.7801395330786807,0.0261841160213708,0.04578375581996896,5.0,1.5165898368161348,0.16664715388342,0.5635490566736712,-0.657221659086289,0.25356308876841244,0.1291390728476821,251658.9836816135
3,-85,-40,10,-50,50,81,0.654320987654321,1.608368628271408,0.020047267781057497,0.034400873282837585,4.9753086419753085,1.5141458256632592,0.16645785526419554,0.5642657751591079,-0.6572216590862892,0.25327506019143636,0.18079470198675496,251414.58256632593
3,-85,-20,10,-50,-20,79,0.6582278481012658,1.6138720223696283,0.020236707427338952,0.03552651258594586,5.2025316455696204,1.4912167720923435,0.16467440134100753,0.5615843015388656,-0.6572216590862889,0.25056143397639735,0.1847682119205298,249121.67720923436
5,-85,-20,10,-50,-20,78,0.6282051282051282,1.6175027451658879,0.020522034463332298,0.037202834275496754,5.487179487179487,1.4822801357803392,0.16397559257392458,0.5609304994612915,-0.6572216590862892,0.2494981568347789,0.19271523178807948,248228.01357803392
5,-85,-20,10,-50,0,78,0.6282051282051282,1.6175027451658879,0.020522034463332298,0.037202834275496754,5.487179487179487,1.4822801357803392,0.16397559257392458,0.5609304994612915,-0.6572216590862892,0.2494981568347789,0.19271523178807948,248228.01357803392
3,-95,-20,5,-50,0,51,0.7450980392156863,1.89259098264879,0.028861918676514824,0.060138214968386894,4.96078431372549,1.4191293800865874,0.15897682802531543,0.5549678198907185,-0.6378822377656352,0.24922598343885102,0.11788079470198676,241912.93800865873
3,-95,-20,5,-50,50,51,0.7450980392156863,1.89259098264879,0.028861918676514824,0.060138214968386894,4.96078431372549,1.4191293800865874,0.15897682802531543,0.5549678198907185,-0.6378822377656352,0.24922598343885102,0.11788079470198676,241912.93800865873
3,-90,-20,7,-120,-20,47,0.7021276595744681,1.9171087676231453,0.030611681570279478,0.04621676891615545,5.297872340425532,1.4764718694035905,0.16352028519197104,0.5593932514172825,-0.657221659086289,0.24880538085021,0.11456953642384106,247647.18694035904
3,-90,-20,7,-120,0,47,0.7021276595744681,1.9171087676231453,0.030611681570279478,0.04621676891615545,5.297872340425532,1.4764718694035905,0.16352028519197104,0.5593932514172825,-0.657221659086289,0.24880538085021,0.11456953642384106,247647.18694035904
3,-90,-20,7,-120,50,47,0.7021276595744681,1.9171087676231453,0.030611681570279478,0.04621676891615545,5.297872340425532,1.4764718694035905,0.16352028519197104,0.5593932514172825,-0.657221659086289,0.24880538085021,0.11456953642384106,247647.18694035904
5,-90,-30,3,-50,-20,78,0.6794871794871795,1.6582180265613327,0.023771972950878805,0.04056026763769627,4.576923076923077,1.4339914889094354,0.16016294908085404,0.5557017247103995,-0.6572216590862892,0.24369700369206126,0.15894039735099338,243399.14889094353
5,-90,-20,3,-50,-20,78,0.6794871794871795,1.6582180265613327,0.023771972950878805,0.04056026763769627,4.576923076923077,1.4339914889094354,0.16016294908085404,0.5557017247103995,-0.6572216590862892,0.24369700369206126,0.15894039735099338,243399.14889094353
5,-90,-30,3,-50,0,78,0.6666666666666666,1.6520273019260272,0.023870252577213466,0.04056026763769627,4.67948717948718,1.4206052985506186,0.15909488975324515,0.5539993847815494,-0.657221659086289,0.24207189089664038,0.1629139072847682,242060.52985506188
5,-90,-20,3,-50,0,78,0.6666666666666666,1.6520273019260272,0.023870252577213466,0.04056026763769627,4.67948717948718,1.4206052985506186,0.15909488975324515,0.5539993847815494,-0.657221659086289,0.24207189089664038,0.1629139072847682,242060.52985506188
3,-95,-30,5,-50,0,52,0.7307692307692307,1.8564844461101007,0.02788375695376753,0.05325102283793459,4.730769230769231,1.3470379870644806,0.15313569984718,0.5452425002009628,-0.6378822377656352,0.24006891990531284,0.11390728476821192,234703.79870644808
3,-95,-30,5,-50,50,52,0.7307692307692307,1.8564844461101007,0.02788375695376753,0.05325102283793459,4.730769230769231,1.3470379870644806,0.15313569984718,0.5452425002009628,-0.6378822377656352,0.24006891990531284,0.11390728476821192,234703.79870644808
3,-95,-40,5,-50,-20,53,0.7358490566037735,1.876972274541343,0.02691818719979913,0.048759113282908384,4.528301886792453,1.3364556920202517,0.15226574112286317,0.543903780744893,-0.6378822377656352,0.2387050965021654,0.11125827814569536,233645.56920202516
3,-85,-40,10,-50,0,81,0.654320987654321,1.5835446754739753,0.01922925645373368,0.034400873282837585,4.938271604938271,1.3748035908530323,0.1554028440664441,0.5473271562463644,-0.657221659086289,0.23645423415061356,0.18013245033112582,237480.3590853032
3,-85,-40,10,-50,-20,81,0.654320987654321,1.581351009022619,0.019156969657983504,0.034400873282837585,4.925925925925926,1.36135510912051,0.15430750870565335,0.5456379819401493,-0.657221659086289,0.23478761932493425,0.17947019867549668,236135.51091205102
5,-90,-30,10,-50,50,63,0.6349206349206349,1.736325812744302,0.023417753370605938,0.03887915596504765,5.603174603174603,1.3544943588036382,0.153746719780244,0.5441884933365685,-0.6572216590862889,0.233934347194206,0.1576158940397351,235449.43588036383
5,-90,-20,10,-50,50,63,0.6349206349206349,1.736325812744302,0.023417753370605938,0.03887915596504765,5.603174603174603,1.3544943588036382,0.153746719780244,0.5441884933365685,-0.6572216590862889,0.233934347194206,0.1576158940397351,235449.43588036383
3,-90,-40,5,-120,-20,42,0.6428571428571429,1.9515424950443068,0.03160845427565867,0.05414413218401859,5.0476190476190474,1.2952826989341917,0.14884941491399206,0.5348735680454741,-0.6378822377656352,0.23334936466545872,0.09933774834437085,229528.26989341917
3,-90,-40,5,-120,0,42,0.6428571428571429,1.9515424950443068,0.03160845427565867,0.05414413218401859,5.0476190476190474,1.2952826989341917,0.14884941491399206,0.5348735680454741,-0.6378822377656352,0.23334936466545872,0.09933774834437085,229528.26989341917
3,-90,-40,5,-120,50,42,0.6428571428571429,1.9515424950443068,0.03160845427565867,0.05414413218401859,5.0476190476190474,1.2952826989341917,0.14884941491399206,0.5348735680454741,-0.6378822377656352,0.23334936466545872,0.09933774834437085,229528.26989341917
3,-90,-30,7,-120,-20,47,0.6808510638297872,1.8555578114131213,0.029415714667462213,0.04621676891615545,5.127659574468085,1.3323490732091945,0.15192725639255578,0.5398102219046528,-0.657221659086289,0.2311659305382215,0.11125827814569536,233234.90732091945
3,-90,-30,7,-120,0,47,0.6808510638297872,1.8555578114131213,0.029415714667462213,0.04621676891615545,5.127659574468085,1.3323490732091945,0.15192725639255578,0.5398102219046528,-0.657221659086289,0.2311659305382215,0.11125827814569536,233234.90732091945
3,-90,-30,7,-120,50,47,0.6808510638297872,1.8555578114131213,0.029415714667462213,0.04621676891615545,5.127659574468085,1.3323490732091945,0.15192725639255578,0.5398102219046528,-0.657221659086289,0.2311659305382215,0.11125827814569536,233234.90732091945
5,-90,-40,3,-50,-20,78,0.6794871794871795,1.6400288784282422,0.023115060013264112,0.04056026763769627,4.564102564102564,1.3267979910733092,0.15146892298072667,0.5419748059644144,-0.6572216590862892,0.23046855027770735,0.15827814569536425,232679.79910733094
5,-90,-40,3,-50,0,78,0.6666666666666666,1.6340834126048858,0.023213339639598776,0.04056026763769627,4.666666666666667,1.3140013313573888,0.15040886747333815,0.5403034839193842,-0.657221659086289,0.22885561574833982,0.16225165562913907,231400.1331357389
5,-90,-20,7,-120,50,47,0.7021276595744681,1.8934589648024878,0.02911110712862501,0.04298150163220904,5.702127659574468,1.3113919097714635,0.15019210785623982,0.5363765230087819,-0.657221659086289,0.22852580370684428,0.12251655629139073,231139.19097714635
5,-85,-20,7,-120,50,60,0.6666666666666666,1.7099643078541291,0.024077724224650588,0.03925400710907745,5.766666666666667,1.3007242400353167,0.14930383954539095,0.5349215214437981,-0.657221659086289,0.22717425313244022,0.15695364238410597,230072.4240035317
7,-85,-40,10,-120,-20,56,0.6785714285714286,1.7748297184582316,0.02351203391869176,0.034378834411113446,5.446428571428571,1.2431133787750426,0.14444657462876953,0.5289023620115914,-0.6378822377656352,0.22644708705910188,0.13774834437086092,224311.33787750424
7,-85,-40,10,-120,0,56,0.6785714285714286,1.7748297184582316,0.02351203391869176,0.034378834411113446,5.446428571428571,1.2431133787750426,0.14444657462876953,0.5289023620115914,-0.6378822377656352,0.22644708705910188,0.13774834437086092,224311.33787750424
7,-85,-40,10,-120,50,56,0.6785714285714286,1.7748297184582316,0.02351203391869176,0.034378834411113446,5.446428571428571,1.2431133787750426,0.14444657462876953,0.5289023620115914,-0.6378822377656352,0.22644708705910188,0.13774834437086092,224311.33787750424
7,-85,-20,5,-120,50,55,0.6545454545454545,1.756922866867906,0.025020013291679077,0.033231156236281034,5.5636363636363635,1.228820552668516,0.1432254517391396,0.5241808567269546,-0.6378822377656352,0.2245327479893901,0.14172185430463577,222882.05526685162
5,-85,-20,10,-120,-20,54,0.6851851851851852,1.7657858794718695,0.02423518794844353,0.04261144047127696,5.574074074074074,1.2245802048381753,0.1428619185239206,0.5262517571925452,-0.6378822377656352,0.2239628415181073,0.13642384105960265,222458.02048381753
5,-85,-20,10,-120,0,54,0.6851851851851852,1.7657858794718695,0.02423518794844353,0.04261144047127696,5.574074074074074,1.2245802048381753,0.1428619185239206,0.5262517571925452,-0.6378822377656352,0.2239628415181073,0.13642384105960265,222458.02048381753
5,-85,-20,10,-120,50,54,0.6851851851851852,1.7657858794718695,0.02423518794844353,0.04261144047127696,5.574074074074074,1.2245802048381753,0.1428619185239206,0.5262517571925452,-0.6378822377656352,0.2239628415181073,0.13642384105960265,222458.02048381753
5,-90,-40,10,-50,50,63,0.6349206349206349,1.7107525190637787,0.022604432590702033,0.03887915596504765,5.587301587301587,1.2508019313216199,0.14510077560261547,0.5304076858964052,-0.6572216590862889,0.220779053149806,0.15695364238410597,225080.19313216198
7,-95,-40,7,-80,-20,45,0.7333333333333333,1.9752009813396043,0.02689298809083272,0.04298150163220904,5.4,1.1832663856653833,0.13928946056549618,0.5209761270196535,-0.6378822377656352,0.2183623438918715,0.11324503311258279,218326.63856653834
7,-95,-40,7,-80,0,45,0.7333333333333333,1.9752009813396043,0.02689298809083272,0.04298150163220904,5.4,1.1832663856653833,0.13928946056549618,0.5209761270196535,-0.6378822377656352,0.2183623438918715,0.11324503311258279,218326.63856653834
7,-95,-40,7,-80,50,45,0.7333333333333333,1.9752009813396043,0.02689298809083272,0.04298150163220904,5.4,1.1832663856653833,0.13928946056549618,0.5209761270196535,-0.6378822377656352,0.2183623438918715,0.11324503311258279,218326.63856653834
7,-95,-30,7,-80,-20,45,0.7333333333333333,1.9752009813396043,0.02689298809083272,0.04298150163220904,5.4,1.1832663856653833,0.13928946056549618,0.5209761270196535,-0.6378822377656352,0.2183623438918715,0.11324503311258279,218326.63856653834
7,-95,-30,7,-80,0,45,0.7333333333333333,1.9752009813396043,0.02689298809083272,0.04298150163220904,5.4,1.1832663856653833,0.13928946056549618,0.5209761270196535,-0.6378822377656352,0.2183623438918715,0.11324503311258279,218326.63856653834
7,-95,-30,7,-80,50,45,0.7333333333333333,1.9752009813396043,0.02689298809083272,0.04298150163220904,5.4,1.1832663856653833,0.13928946056549618,0.5209761270196535,-0.6378822377656352,0.2183623438918715,0.11324503311258279,218326.63856653834
7,-95,-20,7,-80,-20,45,0.7333333333333333,1.9752009813396043,0.02689298809083272,0.04298150163220904,5.4,1.1832663856653833,0.13928946056549618,0.5209761270196535,-0.6378822377656352,0.2183623438918715,0.11324503311258279,218326.63856653834
7,-95,-20,7,-80,0,45,0.7333333333333333,1.9723759546597592,0.026815082704854762,0.04298150163220904,5.466666666666667,1.1762754249963772,0.13867938224161458,0.5198823540752399,-0.6378822377656352,0.21740593173965578,0.11390728476821192,217627.5424996377
5,-90,-30,10,-50,-20,63,0.6349206349206349,1.7032562399472309,0.0223660245211896,0.03887915596504765,5.555555555555555,1.2240005336424744,0.14281217735423346,0.5267433559865259,-0.657221659086289,0.2172968212167261,0.15695364238410597,222400.05336424746
5,-90,-30,10,-50,0,63,0.6349206349206349,1.7032562399472309,0.0223660245211896,0.03887915596504765,5.555555555555555,1.2240005336424744,0.14281217735423346,0.5267433559865259,-0.657221659086289,0.2172968212167261,0.15695364238410597,222400.05336424746
5,-90,-20,10,-50,-20,63,0.6349206349206349,1.7032562399472309,0.0223660245211896,0.03887915596504765,5.555555555555555,1.2240005336424744,0.14281217735423346,0.5267433559865259,-0.657221659086289,0.2172968212167261,0.15695364238410597,222400.05336424746
5,-90,-20,10,-50,0,63,0.6349206349206349,1.7032562399472309,0.0223660245211896,0.03887915596504765,5.555555555555555,1.2240005336424744,0.14281217735423346,0.5267433559865259,-0.657221659086289,0.2172968212167261,0.15695364238410597,222400.05336424746
3,-90,-40,7,-120,-20,47,0.6808510638297872,1.8198967598472313,0.02818961947715444,0.04621676891615545,5.1063829787234045,1.214943754300982,0.142033615692563,0.5227340133752106,-0.657221659086289,0.21611219552628116,0.11059602649006622,221494.37543009818
3,-90,-40,7,-120,0,47,0.6808510638297872,1.8198967598472313,0.02818961947715444,0.04621676891615545,5.1063829787234045,1.214943754300982,0.142033615692563,0.5227340133752106,-0.657221659086289,0.21611219552628116,0.11059602649006622,221494.37543009818
3,-90,-40,7,-120,50,47,0.6808510638297872,1.8198967598472313,0.02818961947715444,0.04621676891615545,5.1063829787234045,1.214943754300982,0.142033615692563,0.5227340133752106,-0.657221659086289,0.21611219552628116,0.11059602649006622,221494.37543009818
7,-85,-20,7,-120,50,60,0.65,1.686849704343178,0.023302303743320898,0.0349122380721798,5.783333333333333,1.1983687375127388,0.14060185878713494,0.5209841067662622,-0.657221659086289,0.2139336962549416,0.1576158940397351,219836.87375127387
3,-95,-40,5,-50,0,52,0.7307692307692307,1.7885218583996234,0.02567116303419921,0.05013970534297796,4.653846153846154,1.1096754010707746,0.1327840487673635,0.5093638865097392,-0.6378822377656352,0.20816389124186552,0.11258278145695365,210967.54010707745
3,-95,-40,5,-50,50,52,0.7307692307692307,1.7885218583996234,0.02567116303419921,0.05013970534297796,4.653846153846154,1.1096754010707746,0.1327840487673635,0.5093638865097392,-0.6378822377656352,0.20816389124186552,0.11258278145695365,210967.54010707745
5,-90,-40,10,-50,-20,63,0.6349206349206349,1.6776829462667073,0.021552703741285695,0.03887915596504765,5.5396825396825395,1.1260550817060904,0.13424817442228965,0.5129406996130096,-0.657221659086289,0.20426620542136412,0.1562913907284768,212605.50817060904
5,-90,-40,10,-50,0,63,0.6349206349206349,1.6776829462667073,0.021552703741285695,0.03887915596504765,5.5396825396825395,1.1260550817060904,0.13424817442228965,0.5129406996130096,-0.657221659086289,0.20426620542136412,0.1562913907284768,212605.50817060904
7,-85,-30,10,-120,-20,55,0.6545454545454545,1.7143660525313111,0.02256786585090733,0.03552651258594586,5.5636363636363635,1.079640934425337,0.1300745879941405,0.5046858986286472,-0.6378822377656352,0.20391630350104106,0.13841059602649006,207964.0934425337
7,-85,-30,10,-120,0,55,0.6545454545454545,1.7143660525313111,0.02256786585090733,0.03552651258594586,5.5636363636363635,1.079640934425337,0.1300745879941405,0.5046858986286472,-0.6378822377656352,0.20391630350104106,0.13841059602649006,207964.0934425337
7,-85,-30,10,-120,50,55,0.6545454545454545,1.7143660525313111,0.02256786585090733,0.03552651258594586,5.5636363636363635,1.079640934425337,0.1300745879941405,0.5046858986286472,-0.6378822377656352,0.20391630350104106,0.13841059602649006,207964.0934425337
7,-85,-20,10,-120,-20,55,0.6545454545454545,1.7143660525313111,0.02256786585090733,0.03552651258594586,5.5636363636363635,1.079640934425337,0.1300745879941405,0.5046858986286472,-0.6378822377656352,0.20391630350104106,0.13841059602649006,207964.0934425337
7,-85,-20,10,-120,0,55,0.6545454545454545,1.7143660525313111,0.02256786585090733,0.03552651258594586,5.5636363636363635,1.079640934425337,0.1300745879941405,0.5046858986286472,-0.6378822377656352,0.20391630350104106,0.13841059602649006,207964.0934425337
7,-85,-20,10,-120,50,55,0.6545454545454545,1.7143660525313111,0.02256786585090733,0.03552651258594586,5.5636363636363635,1.079640934425337,0.1300745879941405,0.5046858986286472,-0.6378822377656352,0.20391630350104106,0.13841059602649006,207964.0934425337
5,-95,-30,5,-50,-20,49,0.7142857142857143,1.8094127586845394,0.026259193836654,0.05152029740304753,5.0,1.0569401455974696,0.1280049979248179,0.5008989244260367,-0.6378822377656352,0.2006718330536871,0.11589403973509933,205694.01455974698
5,-95,-20,5,-50,-20,49,0.7142857142857143,1.8094127586845394,0.026259193836654,0.05152029740304753,5.0,1.0569401455974696,0.1280049979248179,0.5008989244260367,-0.6378822377656352,0.2006718330536871,0.11589403973509933,205694.01455974698
7,-95,-40,7,-50,-20,45,0.7333333333333333,1.9752009813396043,0.02689298809083272,0.04298150163220904,5.4,1.0562052005171476,0.12793767695923042,0.5005425696546429,-0.6378822377656352,0.2005662948185682,0.11390728476821192,205620.52005171476
7,-95,-40,7,-50,0,45,0.7333333333333333,1.9752009813396043,0.02689298809083272,0.04298150163220904,5.4,1.0562052005171476,0.12793767695923042,0.5005425696546429,-0.6378822377656352,0.2005662948185682,0.11390728476821192,205620.52005171476
7,-95,-40,7,-50,50,45,0.7333333333333333,1.9752009813396043,0.02689298809083272,0.04298150163220904,5.4,1.0562052005171476,0.12793767695923042,0.5005425696546429,-0.6378822377656352,0.2005662948185682,0.11390728476821192,205620.52005171476
7,-95,-30,7,-50,-20,45,0.7333333333333333,1.9752009813396043,0.02689298809083272,0.04298150163220904,5.4,1.0562052005171476,0.12793767695923042,0.5005425696546429,-0.6378822377656352,0.2005662948185682,0.11390728476821192,205620.52005171476
7,-95,-30,7,-50,0,45,0.7333333333333333,1.9752009813396043,0.02689298809083272,0.04298150163220904,5.4,1.0562052005171476,0.12793767695923042,0.5005425696546429,-0.6378822377656352,0.2005662948185682,0.11390728476821192,205620.52005171476
7,-95,-30,7,-50,50,45,0.7333333333333333,1.9752009813396043,0.02689298809083272,0.04298150163220904,5.4,1.0562052005171476,0.12793767695923042,0.5005425696546429,-0.6378822377656352,0.2005662948185682,0.11390728476821192,205620.52005171476
7,-95,-20,7,-50,-20,45,0.7333333333333333,1.9752009813396043,0.02689298809083272,0.04298150163220904,5.4,1.0562052005171476,0.12793767695923042,0.5005425696546429,-0.6378822377656352,0.2005662948185682,0.11390728476821192,205620.52005171476
7,-95,-20,7,-50,0,45,0.7333333333333333,1.9723759546597592,0.026815082704854762,0.04298150163220904,5.466666666666667,1.0496210980097294,0.127333677404051,0.49945029112594436,-0.6378822377656352,0.1996194122759611,0.11456953642384106,204962.10980097295
5,-95,-30,5,-50,0,49,0.7346938775510204,1.8023786212689938,0.02621478756426144,0.05152029740304753,5.040816326530612,1.0429180357446546,0.12671710238151745,0.49860787268097473,-0.6378822377656352,0.19865281533058562,0.11721854304635762,204291.80357446545
5,-95,-30,5,-50,50,49,0.7346938775510204,1.8023786212689938,0.02621478756426144,0.05152029740304753,5.040816326530612,1.0429180357446546,0.12671710238151745,0.49860787268097473,-0.6378822377656352,0.19865281533058562,0.11721854304635762,204291.80357446545
7,-90,-40,10,-120,-20,48,0.7083333333333334,1.8372176628226733,0.023900693182939303,0.04261144047127696,5.5,1.0382991554319214,0.12629125750511716,0.4977413231996607,-0.6378822377656352,0.1979852236480018,0.11986754966887417,203829.91554319215
7,-90,-40,10,-120,0,48,0.7083333333333334,1.8372176628226733,0.023900693182939303,0.04261144047127696,5.5,1.0382991554319214,0.12629125750511716,0.4977413231996607,-0.6378822377656352,0.1979852236480018,0.11986754966887417,203829.91554319215
7,-90,-40,10,-120,50,48,0.7083333333333334,1.8372176628226733,0.023900693182939303,0.04261144047127696,5.5,1.0382991554319214,0.12629125750511716,0.4977413231996607,-0.6378822377656352,0.1979852236480018,0.11986754966887417,203829.91554319215
7,-90,-30,10,-120,-20,48,0.7083333333333334,1.8372176628226733,0.023900693182939303,0.04261144047127696,5.5,1.0382991554319214,0.12629125750511716,0.4977413231996607,-0.6378822377656352,0.1979852236480018,0.11986754966887417,203829.91554319215
7,-90,-30,10,-120,0,48,0.7083333333333334,1.8372176628226733,0.023900693182939303,0.04261144047127696,5.5,1.0382991554319214,0.12629125750511716,0.4977413231996607,-0.6378822377656352,0.1979852236480018,0.11986754966887417,203829.91554319215
7,-90,-30,10,-120,50,48,0.7083333333333334,1.8372176628226733,0.023900693182939303,0.04261144047127696,5.5,1.0382991554319214,0.12629125750511716,0.4977413231996607,-0.6378822377656352,0.1979852236480018,0.11986754966887417,203829.91554319215
7,-90,-20,10,-120,-20,48,0.7083333333333334,1.8372176628226733,0.023900693182939303,0.04261144047127696,5.5,1.0382991554319214,0.12629125750511716,0.4977413231996607,-0.6378822377656352,0.1979852236480018,0.11986754966887417,203829.91554319215
7,-90,-20,10,-120,0,48,0.7083333333333334,1.8372176628226733,0.023900693182939303,0.04261144047127696,5.5,1.0382991554319214,0.12629125750511716,0.4977413231996607,-0.6378822377656352,0.1979852236480018,0.11986754966887417,203829.91554319215
7,-90,-20,10,-120,50,48,0.7083333333333334,1.8372176628226733,0.023900693182939303,0.04261144047127696,5.5,1.0382991554319214,0.12629125750511716,0.4977413231996607,-0.6378822377656352,0.1979852236480018,0.11986754966887417,203829.91554319215
5,-95,-20,5,-50,0,49,0.7346938775510204,1.800188758381941,0.026143241801628612,0.05152029740304753,5.1020408163265305,1.0363764796012251,0.12611375643204448,0.4975332874227302,-0.6378822377656352,0.19770695743746358,0.11788079470198676,203637.64796012253
3,-90,-40,3,-50,-20,97,0.711340206185567,1.5340261828572597,0.017747619289418905,0.03320216428922773,4.463917525773196,1.0711836548119598,0.12930576266672733,0.5084148988870275,-0.657221659086289,0.1967460458416668,0.19337748344370861,207118.36548119597
5,-85,-30,10,-80,-20,71,0.6197183098591549,1.5725389088711472,0.018817962789076197,0.03320216428922773,5.549295774647887,1.0154260548718823,0.1241705132687283,0.49869262790402746,-0.6505460275633974,0.19087121895710532,0.17682119205298014,201542.60548718824
5,-85,-30,10,-80,0,71,0.6197183098591549,1.5725389088711472,0.018817962789076197,0.03320216428922773,5.549295774647887,1.0154260548718823,0.1241705132687283,0.49869262790402746,-0.6505460275633974,0.19087121895710532,0.17682119205298014,201542.60548718824
5,-85,-30,10,-80,50,71,0.6197183098591549,1.5725389088711472,0.018817962789076197,0.03320216428922773,5.549295774647887,1.0154260548718823,0.1241705132687283,0.49869262790402746,-0.6505460275633974,0.19087121895710532,0.17682119205298014,201542.60548718824
3,-90,-40,3,-50,0,97,0.7010309278350515,1.5228012472766572,0.017666054298260844,0.03320216428922773,4.618556701030927,1.0251234811447865,0.1250720731981274,0.5020819875185426,-0.6572216590862892,0.19030424738589788,0.20066225165562915,202512.34811447863
5,-95,-40,5,-50,-20,49,0.7142857142857143,1.7771801842178985,0.025213495691063265,0.05152029740304753,4.979591836734694,0.9663520683380318,0.11955195699569487,0.4857837652501493,-0.6378822377656352,0.18742010659280897,0.1152317880794702,196635.20683380318
5,-95,-40,5,-50,0,49,0.7346938775510204,1.77037203589172,0.025169089418670704,0.05152029740304753,5.020408163265306,0.9529474951565697,0.11827371268067788,0.48351734677253333,-0.6378822377656352,0.18541621897948646,0.11655629139072848,195294.74951565696
5,-95,-40,5,-50,50,49,0.7346938775510204,1.77037203589172,0.025169089418670704,0.05152029740304753,5.020408163265306,0.9529474951565697,0.11827371268067788,0.48351734677253333,-0.6378822377656352,0.18541621897948646,0.11655629139072848,195294.74951565696
3,-85,-30,10,-80,-20,69,0.6231884057971014,1.5388673590929405,0.018682351309648425,0.03552651258594586,5.159420289855072,0.9162549571977325,0.11473698843242675,0.48154427375792846,-0.6378822377656352,0.17987174064342318,0.1609271523178808,191625.49571977326
3,-85,-30,10,-80,0,69,0.6231884057971014,1.5388673590929405,0.018682351309648425,0.03552651258594586,5.159420289855072,0.9162549571977325,0.11473698843242675,0.48154427375792846,-0.6378822377656352,0.17987174064342318,0.1609271523178808,191625.49571977326
3,-85,-30,10,-80,50,69,0.6231884057971014,1.5388673590929405,0.018682351309648425,0.03552651258594586,5.159420289855072,0.9162549571977325,0.11473698843242675,0.48154427375792846,-0.6378822377656352,0.17987174064342318,0.1609271523178808,191625.49571977326
5,-95,-30,7,-80,-20,42,0.7380952380952381,1.875580630834012,0.025738149458929334,0.046000262368062206,5.309523809523809,0.9101751079856772,0.1141455248601857,0.4751747608860032,-0.6378822377656352,0.17894451060436015,0.10596026490066225,191017.51079856773
5,-95,-30,7,-80,0,42,0.7380952380952381,1.875580630834012,0.025738149458929334,0.046000262368062206,5.309523809523809,0.9101751079856772,0.1141455248601857,0.4751747608860032,-0.6378822377656352,0.17894451060436015,0.10596026490066225,191017.51079856773
5,-95,-30,7,-80,50,42,0.7380952380952381,1.875580630834012,0.025738149458929334,0.046000262368062206,5.309523809523809,0.9101751079856772,0.1141455248601857,0.4751747608860032,-0.6378822377656352,0.17894451060436015,0.10596026490066225,191017.51079856773
5,-95,-20,7,-80,-20,42,0.7380952380952381,1.875580630834012,0.025738149458929334,0.046000262368062206,5.309523809523809,0.9101751079856772,0.1141455248601857,0.4751747608860032,-0.6378822377656352,0.17894451060436015,0.10596026490066225,191017.51079856773
5,-95,-20,7,-80,0,42,0.7380952380952381,1.8727410807428357,0.025654679402524368,0.046000262368062206,5.380952380952381,0.9040586033124414,0.11354891086708396,0.4740661900935417,-0.6378822377656352,0.1780092063149798,0.10662251655629139,190405.86033124413
5,-85,-40,10,-80,-20,71,0.6197183098591549,1.550581733542094,0.018096283787189634,0.03320216428922773,5.535211267605634,0.9266662669119912,0.11574620719078021,0.4852016920593138,-0.6505460275633974,0.17792162627493785,0.176158940397351,192666.6266911991
5,-85,-40,10,-80,0,71,0.6197183098591549,1.550581733542094,0.018096283787189634,0.03320216428922773,5.535211267605634,0.9266662669119912,0.11574620719078021,0.4852016920593138,-0.6505460275633974,0.17792162627493785,0.176158940397351,192666.6266911991
5,-85,-40,10,-80,50,71,0.6197183098591549,1.550581733542094,0.018096283787189634,0.03320216428922773,5.535211267605634,0.9266662669119912,0.11574620719078021,0.4852016920593138,-0.6505460275633974,0.17792162627493785,0.176158940397351,192666.6266911991
7,-95,-20,7,-80,50,44,0.7272727272727273,1.8316545766382917,0.02431522674644072,0.03982733515514458,5.681818181818182,0.8927750285498923,0.1124440906265507,0.4724669665579278,-0.6378822377656352,0.17627719345253795,0.11655629139072848,189277.50285498923
7,-95,-40,5,-80,-20,44,0.7045454545454546,1.799324743420979,0.0242857942980639,0.044382628726089,5.409090909090909,0.8897985432714728,0.11215173665231615,0.47182239803952336,-0.6378822377656352,0.17581887378642122,0.10993377483443709,188979.85432714727
7,-95,-30,5,-80,-20,44,0.7045454545454546,1.799324743420979,0.0242857942980639,0.044382628726089,5.409090909090909,0.8897985432714728,0.11215173665231615,0.47182239803952336,-0.6378822377656352,0.17581887378642122,0.10993377483443709,188979.85432714727
7,-95,-20,5,-80,-20,44,0.7045454545454546,1.799324743420979,0.0242857942980639,0.044382628726089,5.409090909090909,0.8897985432714728,0.11215173665231615,0.47182239803952336,-0.6378822377656352,0.17581887378642122,0.10993377483443709,188979.85432714727
3,-95,-30,3,-80,-20,65,0.7384615384615385,1.6421063718641606,0.021522748727593962,0.036673168678080126,4.2153846153846155,0.8855671833140171,0.11173546645668164,0.4740740166749758,-0.6426904744895637,0.17385579978515156,0.12649006622516556,188556.7183314017
3,-95,-20,3,-80,-20,65,0.7384615384615385,1.6421063718641606,0.021522748727593962,0.036673168678080126,4.2153846153846155,0.8855671833140171,0.11173546645668164,0.4740740166749758,-0.6426904744895637,0.17385579978515156,0.12649006622516556,188556.7183314017
7,-95,-40,5,-80,0,44,0.7272727272727273,1.7910553800246778,0.024236341858353994,0.044382628726089,5.454545454545454,0.8769158335678571,0.11088194151156472,0.4695113232361825,-0.6378822377656352,0.17382823183783952,0.11125827814569536,187691.5833567857
7,-95,-40,5,-80,50,44,0.7272727272727273,1.7910553800246778,0.024236341858353994,0.044382628726089,5.454545454545454,0.8769158335678571,0.11088194151156472,0.4695113232361825,-0.6378822377656352,0.17382823183783952,0.11125827814569536,187691.5833567857
7,-95,-30,5,-80,0,44,0.7272727272727273,1.7910553800246778,0.024236341858353994,0.044382628726089,5.454545454545454,0.8769158335678571,0.11088194151156472,0.4695113232361825,-0.6378822377656352,0.17382823183783952,0.11125827814569536,187691.5833567857
7,-95,-30,5,-80,50,44,0.7272727272727273,1.7910553800246778,0.024236341858353994,0.044382628726089,5.454545454545454,0.8769158335678571,0.11088194151156472,0.4695113232361825,-0.6378822377656352,0.17382823183783952,0.11125827814569536,187691.5833567857
7,-95,-20,5,-80,0,44,0.7272727272727273,1.7884548184587297,0.02415666589542199,0.044382628726089,5.5227272727272725,0.8709058272499581,0.11028707513531377,0.4684120823948648,-0.6378822377656352,0.17289566726552186,0.1119205298013245,187090.58272499582
7,-90,-40,10,-80,-20,58,0.6551724137931034,1.679292798929235,0.020455617735329105,0.034364338437586794,5.689655172413793,0.904265847472465,0.11356915191730677,0.4778662426123926,-0.6572925872320838,0.17278325379502046,0.147682119205298,190426.5847472465
7,-90,-40,10,-80,0,58,0.6551724137931034,1.679292798929235,0.020455617735329105,0.034364338437586794,5.689655172413793,0.904265847472465,0.11356915191730677,0.4778662426123926,-0.6572925872320838,0.17278325379502046,0.147682119205298,190426.5847472465
7,-90,-40,10,-80,50,58,0.6551724137931034,1.679292798929235,0.020455617735329105,0.034364338437586794,5.689655172413793,0.904265847472465,0.11356915191730677,0.4778662426123926,-0.6572925872320838,0.17278325379502046,0.147682119205298,190426.5847472465
7,-90,-30,10,-80,-20,58,0.6551724137931034,1.679292798929235,0.020455617735329105,0.034364338437586794,5.689655172413793,0.904265847472465,0.11356915191730677,0.4778662426123926,-0.6572925872320838,0.17278325379502046,0.147682119205298,190426.5847472465
7,-90,-30,10,-80,0,58,0.6551724137931034,1.679292798929235,0.020455617735329105,0.034364338437586794,5.689655172413793,0.904265847472465,0.11356915191730677,0.4778662426123926,-0.6572925872320838,0.17278325379502046,0.147682119205298,190426.5847472465
7,-90,-30,10,-80,50,58,0.6551724137931034,1.679292798929235,0.020455617735329105,0.034364338437586794,5.689655172413793,0.904265847472465,0.11356915191730677,0.4778662426123926,-0.6572925872320838,0.17278325379502046,0.147682119205298,190426.5847472465
7,-90,-20,10,-80,-20,58,0.6551724137931034,1.679292798929235,0.020455617735329105,0.034364338437586794,5.689655172413793,0.904265847472465,0.11356915191730677,0.4778662426123926,-0.6572925872320838,0.17278325379502046,0.147682119205298,190426.5847472465
7,-90,-20,10,-80,0,58,0.6551724137931034,1.679292798929235,0.020455617735329105,0.034364338437586794,5.689655172413793,0.904265847472465,0.11356915191730677,0.4778662426123926,-0.6572925872320838,0.17278325379502046,0.147682119205298,190426.5847472465
7,-90,-20,10,-80,50,58,0.6551724137931034,1.679292798929235,0.020455617735329105,0.034364338437586794,5.689655172413793,0.904265847472465,0.11356915191730677,0.4778662426123926,-0.6572925872320838,0.17278325379502046,0.147682119205298,190426.5847472465
3,-95,-20,7,-80,-20,42,0.7380952380952381,1.840208606125631,0.025190874100205003,0.046000262368062206,5.190476190476191,0.858799140098345,0.1090839143451976,0.4656774484710294,-0.6378822377656352,0.1710094871543926,0.10264900662251655,185879.9140098345
3,-95,-20,7,-80,0,42,0.7380952380952381,1.840208606125631,0.025190874100205003,0.046000262368062206,5.190476190476191,0.858799140098345,0.1090839143451976,0.4656774484710294,-0.6378822377656352,0.1710094871543926,0.10264900662251655,185879.9140098345
3,-95,-20,7,-80,50,42,0.7380952380952381,1.840208606125631,0.025190874100205003,0.046000262368062206,5.190476190476191,0.858799140098345,0.1090839143451976,0.4656774484710294,-0.6378822377656352,0.1710094871543926,0.10264900662251655,185879.9140098345
3,-85,-20,10,-80,-20,68,0.6323529411764706,1.534358002316365,0.018288740030145457,0.0349122380721798,5.338235294117647,0.8541233544133571,0.1086174875957222,0.4718398325816463,-0.6378822377656352,0.1702782757773378,0.16490066225165562,185412.33544133572
3,-85,-20,10,-80,0,68,0.6323529411764706,1.534358002316365,0.018288740030145457,0.0349122380721798,5.338235294117647,0.8541233544133571,0.1086174875957222,0.4718398325816463,-0.6378822377656352,0.1702782757773378,0.16490066225165562,185412.33544133572
3,-85,-20,10,-80,50,68,0.6323529411764706,1.534358002316365,0.018288740030145457,0.0349122380721798,5.338235294117647,0.8541233544133571,0.1086174875957222,0.4718398325816463,-0.6378822377656352,0.1702782757773378,0.16490066225165562,185412.33544133572
5,-95,-30,5,-80,-20,46,0.6956521739130435,1.7019238227178883,0.02425713882919223,0.05325102283793459,5.195652173913044,0.8511779295304802,0.10832316742775205,0.46542539535593846,-0.6378822377656352,0.1698168737339119,0.11125827814569536,185117.79295304802
5,-95,-20,5,-80,-20,46,0.6956521739130435,1.7019238227178883,0.02425713882919223,0.05325102283793459,5.195652173913044,0.8511779295304802,0.10832316742775205,0.46542539535593846,-0.6378822377656352,0.1698168737339119,0.11125827814569536,185117.79295304802
7,-95,-40,5,-50,-20,45,0.7111111111111111,1.826757326571392,0.024561069284286478,0.04298150163220904,5.333333333333333,0.8450880370743232,0.1077133986887655,0.4636562839813808,-0.6378822377656352,0.1688609469140612,0.1119205298013245,184508.80370743232
7,-95,-30,5,-50,-20,45,0.7111111111111111,1.826757326571392,0.024561069284286478,0.04298150163220904,5.333333333333333,0.8450880370743232,0.1077133986887655,0.4636562839813808,-0.6378822377656352,0.1688609469140612,0.1119205298013245,184508.80370743232
7,-95,-20,5,-50,-20,45,0.7111111111111111,1.826757326571392,0.024561069284286478,0.04298150163220904,5.333333333333333,0.8450880370743232,0.1077133986887655,0.4636562839813808,-0.6378822377656352,0.1688609469140612,0.1119205298013245,184508.80370743232
3,-90,-20,10,-120,-20,46,0.717391304347826,1.7257171383180845,0.023138157481607895,0.046000262368062206,5.3478260869565215,0.8436343059327767,0.10756759167620111,0.4634950254664955,-0.6378822377656352,0.16863236708547855,0.11324503311258279,184363.43059327768
3,-90,-20,10,-120,0,46,0.717391304347826,1.7257171383180845,0.023138157481607895,0.046000262368062206,5.3478260869565215,0.8436343059327767,0.10756759167620111,0.4634950254664955,-0.6378822377656352,0.16863236708547855,0.11324503311258279,184363.43059327768
3,-90,-20,10,-120,50,46,0.717391304347826,1.7257171383180845,0.023138157481607895,0.046000262368062206,5.3478260869565215,0.8436343059327767,0.10756759167620111,0.4634950254664955,-0.6378822377656352,0.16863236708547855,0.11324503311258279,184363.43059327768
5,-95,-30,5,-80,0,46,0.717391304347826,1.695643311941172,0.02420983649555668,0.05325102283793459,5.239130434782608,0.8385584955909267,0.10705774354178299,0.4631866164240143,-0.6378822377656352,0.1678330845467391,0.11258278145695365,183855.84955909266
5,-95,-30,5,-80,50,46,0.717391304347826,1.695643311941172,0.02420983649555668,0.05325102283793459,5.239130434782608,0.8385584955909267,0.10705774354178299,0.4631866164240143,-0.6378822377656352,0.1678330845467391,0.11258278145695365,183855.84955909266
3,-90,-30,10,-50,50,65,0.6615384615384615,1.5514219548887702,0.019616155620412537,0.036673168678080126,5.3076923076923075,0.8655568552469859,0.10975629719503943,0.4722741305599794,-0.6572216590862889,0.16700042623006303,0.15496688741721854,186555.68552469858
5,-95,-20,5,-80,0,46,0.717391304347826,1.6934534490541187,0.024133624704926058,0.05325102283793459,5.304347826086956,0.8326713119587645,0.10646492498601012,0.4621085837887284,-0.6378822377656352,0.16690373031695308,0.11324503311258279,183267.13119587646
7,-95,-40,5,-50,0,45,0.7333333333333333,1.8182595561811588,0.024512715787681248,0.04298150163220904,5.377777777777778,0.8325101177802945,0.10644867100400357,0.4613649100301979,-0.6378822377656352,0.16687824915280672,0.11324503311258279,183251.01177802944
7,-95,-40,5,-50,50,45,0.7333333333333333,1.8182595561811588,0.024512715787681248,0.04298150163220904,5.377777777777778,0.8325101177802945,0.10644867100400357,0.4613649100301979,-0.6378822377656352,0.16687824915280672,0.11324503311258279,183251.01177802944
7,-95,-30,5,-50,0,45,0.7333333333333333,1.8182595561811588,0.024512715787681248,0.04298150163220904,5.377777777777778,0.8325101177802945,0.10644867100400357,0.4613649100301979,-0.6378822377656352,0.16687824915280672,0.11324503311258279,183251.01177802944
7,-95,-30,5,-50,50,45,0.7333333333333333,1.8182595561811588,0.024512715787681248,0.04298150163220904,5.377777777777778,0.8325101177802945,0.10644867100400357,0.4613649100301979,-0.6378822377656352,0.16687824915280672,0.11324503311258279,183251.01177802944
3,-90,-20,10,-50,50,64,0.671875,1.5615061505226773,0.019717909482512577,0.03777616232156389,5.5,0.8613304948938336,0.10933601862116515,0.4720054340507725,-0.6572216590862892,0.16636094856211975,0.15894039735099338,186133.04948938335
7,-95,-20,5,-50,0,45,0.7333333333333333,1.8156589946152104,0.024434810401703276,0.04298150163220904,5.444444444444445,0.8266423014464428,0.10585617860059626,0.4602673255814211,-0.6378822377656352,0.16594940622800183,0.11390728476821192,182664.23014464427
5,-95,-40,7,-80,-20,42,0.7380952380952381,1.8340783509590528,0.024518168289073477,0.046000262368062206,5.285714285714286,0.8260505938953551,0.10579634401438409,0.45959972588054765,-0.6378822377656352,0.16585560429612528,0.10529801324503311,182605.0593895355
5,-95,-40,7,-80,0,42,0.7380952380952381,1.8340783509590528,0.024518168289073477,0.046000262368062206,5.285714285714286,0.8260505938953551,0.10579634401438409,0.45959972588054765,-0.6378822377656352,0.16585560429612528,0.10529801324503311,182605.0593895355
5,-95,-40,7,-80,50,42,0.7380952380952381,1.8340783509590528,0.024518168289073477,0.046000262368062206,5.285714285714286,0.8260505938953551,0.10579634401438409,0.45959972588054765,-0.6378822377656352,0.16585560429612528,0.10529801324503311,182605.0593895355
3,-95,-30,3,-80,0,65,0.7230769230769231,1.630247168066786,0.021286077595774507,0.036673168678080126,4.446153846153846,0.8436348555251263,0.1075676468175677,0.4664816660628677,-0.6575298562061115,0.16359355518580312,0.1337748344370861,184363.48555251263
3,-95,-20,3,-80,0,65,0.7230769230769231,1.630247168066786,0.021286077595774507,0.036673168678080126,4.446153846153846,0.8436348555251263,0.1075676468175677,0.4664816660628677,-0.6575298562061115,0.16359355518580312,0.1337748344370861,184363.48555251263
3,-90,-40,3,-50,50,94,0.6914893617021277,1.477176217965662,0.017331838726827392,0.034395732436144355,5.0,0.8368202656247463,0.10688287464405866,0.4755995767217704,-0.657221659086289,0.16262835097774161,0.21059602649006623,183682.02656247464
7,-85,-40,10,-80,-20,72,0.625,1.535270127718871,0.017150513575245527,0.032725451380737125,5.694444444444445,0.8452823729691801,0.10773288303019113,0.4725993853528981,-0.665900812732461,0.16178518027049618,0.1814569536423841,184528.237296918
7,-85,-40,10,-80,0,72,0.625,1.535270127718871,0.017150513575245527,0.032725451380737125,5.694444444444445,0.8452823729691801,0.10773288303019113,0.4725993853528981,-0.665900812732461,0.16178518027049618,0.1814569536423841,184528.237296918
7,-85,-40,10,-80,50,72,0.625,1.535270127718871,0.017150513575245527,0.032725451380737125,5.694444444444445,0.8452823729691801,0.10773288303019113,0.4725993853528981,-0.665900812732461,0.16178518027049618,0.1814569536423841,184528.237296918
7,-95,-20,7,-50,50,44,0.7272727272727273,1.8316545766382917,0.02431522674644072,0.03982733515514458,5.681818181818182,0.7826197859621953,0.10135979201064549,0.4521794349701269,-0.6378822377656352,0.15890047725060838,0.11721854304635762,178261.97859621953
3,-95,-40,3,-80,-20,65,0.7384615384615385,1.6133100478320284,0.020557525403890407,0.036673168678080126,4.2,0.7788018075934908,0.10096548623103518,0.454129382670749,-0.6426904744895636,0.15709815259238719,0.12582781456953643,177880.18075934908
5,-95,-20,5,-50,50,48,0.7291666666666666,1.6949886713043176,0.02383771048759853,0.04886853315960149,5.291666666666667,0.7711005257167542,0.10016797814494738,0.4510594721330461,-0.6378822377656352,0.1570320855708639,0.1205298013245033,177110.05257167542
5,-95,-40,5,-80,-20,46,0.6956521739130435,1.6696912482512476,0.023143242978454274,0.05325102283793459,5.173913043478261,0.7696516636057298,0.10001761814898336,0.4502355472782788,-0.6378822377656352,0.15679636808719372,0.11059602649006622,176965.16636057297
5,-95,-40,5,-80,0,46,0.717391304347826,1.6636367265638976,0.023095940644818725,0.05325102283793459,5.217391304347826,0.757587992194868,0.09876167709325023,0.44802176772358565,-0.6378822377656352,0.15482744501428855,0.1119205298013245,175758.7992194868
5,-95,-40,5,-80,50,46,0.717391304347826,1.6636367265638976,0.023095940644818725,0.05325102283793459,5.217391304347826,0.757587992194868,0.09876167709325023,0.44802176772358565,-0.6378822377656352,0.15482744501428855,0.1119205298013245,175758.7992194868
3,-90,-30,10,-50,0,65,0.6615384615384615,1.522766907228472,0.01859678765867055,0.036673168678080126,5.2615384615384615,0.7621615554508518,0.09923867048705404,0.4545183533415973,-0.657221659086289,0.15099726114477402,0.1543046357615894,176216.15554508517
5,-95,-30,7,-50,-20,43,0.7209302325581395,1.7746371793151545,0.025422746153538293,0.04621676891615545,5.4186046511627906,0.7324024221356733,0.09611630539030536,0.4423396131186376,-0.6378822377656352,0.15068032890675898,0.11059602649006622,173240.24221356734
5,-95,-30,7,-50,0,43,0.7209302325581395,1.7746371793151545,0.025422746153538293,0.04621676891615545,5.4186046511627906,0.7324024221356733,0.09611630539030536,0.4423396131186376,-0.6378822377656352,0.15068032890675898,0.11059602649006622,173240.24221356734
5,-95,-30,7,-50,50,43,0.7209302325581395,1.7746371793151545,0.025422746153538293,0.04621676891615545,5.4186046511627906,0.7324024221356733,0.09611630539030536,0.4423396131186376,-0.6378822377656352,0.15068032890675898,0.11059602649006622,173240.24221356734
5,-95,-20,7,-50,-20,43,0.7209302325581395,1.7746371793151545,0.025422746153538293,0.04621676891615545,5.4186046511627906,0.7324024221356733,0.09611630539030536,0.4423396131186376,-0.6378822377656352,0.15068032890675898,0.11059602649006622,173240.24221356734
3,-95,-20,3,-50,-20,73,0.7397260273972602,1.575980595972976,0.019108718546108704,0.034400873282837585,4.191780821917808,0.7323081194301062,0.09610634025277442,0.44684930642159726,-0.6378822377656352,0.15066470668538182,0.1403973509933775,173230.81194301063
5,-95,-20,7,-50,0,43,0.7209302325581395,1.7721529743915598,0.02534121726123577,0.04621676891615545,5.488372093023256,0.7268551571406385,0.09552934586727102,0.4412507250318273,-0.6378822377656352,0.14976015980926172,0.11125827814569536,172685.51571406386
3,-90,-30,10,-50,-20,65,0.6615384615384615,1.520234690976396,0.01850670719012033,0.036673168678080126,5.246153846153846,0.7521824575669176,0.09819657941733184,0.4527537283857232,-0.657221659086289,0.14941166052538637,0.15364238410596026,175218.24575669176
3,-95,-30,7,-80,-20,42,0.6904761904761905,1.7556027146113022,0.02327410811678485,0.046000262368062206,4.928571428571429,0.7166730467358668,0.09444787101262109,0.43744671062314383,-0.6378822377656352,0.1480647452160633,0.09801324503311258,171667.30467358668
3,-95,-30,7,-80,0,42,0.6904761904761905,1.7556027146113022,0.02327410811678485,0.046000262368062206,4.928571428571429,0.7166730467358668,0.09444787101262109,0.43744671062314383,-0.6378822377656352,0.1480647452160633,0.09801324503311258,171667.30467358668
3,-95,-30,7,-80,50,42,0.6904761904761905,1.7556027146113022,0.02327410811678485,0.046000262368062206,4.928571428571429,0.7166730467358668,0.09444787101262109,0.43744671062314383,-0.6378822377656352,0.1480647452160633,0.09801324503311258,171667.30467358668
5,-85,-20,10,-80,-20,70,0.6,1.512031588920861,0.017349241649320314,0.032244441747774855,5.714285714285714,0.7864441271054088,0.1017540503088219,0.46294882360851436,-0.6902491186694975,0.1474164146778772,0.17947019867549668,178644.41271054087
5,-85,-20,10,-80,0,70,0.6,1.512031588920861,0.017349241649320314,0.032244441747774855,5.714285714285714,0.7864441271054088,0.1017540503088219,0.46294882360851436,-0.6902491186694975,0.1474164146778772,0.17947019867549668,178644.41271054087
5,-85,-20,10,-80,50,70,0.6,1.512031588920861,0.017349241649320314,0.032244441747774855,5.714285714285714,0.7864441271054088,0.1017540503088219,0.46294882360851436,-0.6902491186694975,0.1474164146778772,0.17947019867549668,178644.41271054087
5,-90,-40,10,-120,-20,47,0.7021276595744681,1.6792955958114058,0.020973621219804558,0.042241379310344884,5.617021276595745,0.7123739423637205,0.0939896443387569,0.439074595283769,-0.6378822377656352,0.14734638899490676,0.11986754966887417,171237.39423637206
5,-90,-40,10,-120,0,47,0.7021276595744681,1.6792955958114058,0.020973621219804558,0.042241379310344884,5.617021276595745,0.7123739423637205,0.0939896443387569,0.439074595283769,-0.6378822377656352,0.14734638899490676,0.11986754966887417,171237.39423637206
5,-90,-40,10,-120,50,47,0.7021276595744681,1.6792955958114058,0.020973621219804558,0.042241379310344884,5.617021276595745,0.7123739423637205,0.0939896443387569,0.439074595283769,-0.6378822377656352,0.14734638899490676,0.11986754966887417,171237.39423637206
5,-90,-30,10,-120,-20,47,0.7021276595744681,1.6792955958114058,0.020973621219804558,0.042241379310344884,5.617021276595745,0.7123739423637205,0.0939896443387569,0.439074595283769,-0.6378822377656352,0.14734638899490676,0.11986754966887417,171237.39423637206
5,-90,-30,10,-120,0,47,0.7021276595744681,1.6792955958114058,0.020973621219804558,0.042241379310344884,5.617021276595745,0.7123739423637205,0.0939896443387569,0.439074595283769,-0.6378822377656352,0.14734638899490676,0.11986754966887417,171237.39423637206
5,-90,-30,10,-120,50,47,0.7021276595744681,1.6792955958114058,0.020973621219804558,0.042241379310344884,5.617021276595745,0.7123739423637205,0.0939896443387569,0.439074595283769,-0.6378822377656352,0.14734638899490676,0.11986754966887417,171237.39423637206
5,-90,-20,10,-120,-20,47,0.7021276595744681,1.6792955958114058,0.020973621219804558,0.042241379310344884,5.617021276595745,0.7123739423637205,0.0939896443387569,0.439074595283769,-0.6378822377656352,0.14734638899490676,0.11986754966887417,171237.39423637206
5,-90,-20,10,-120,0,47,0.7021276595744681,1.6792955958114058,0.020973621219804558,0.042241379310344884,5.617021276595745,0.7123739423637205,0.0939896443387569,0.439074595283769,-0.6378822377656352,0.14734638899490676,0.11986754966887417,171237.39423637206
5,-90,-20,10,-120,50,47,0.7021276595744681,1.6792955958114058,0.020973621219804558,0.042241379310344884,5.617021276595745,0.7123739423637205,0.0939896443387569,0.439074595283769,-0.6378822377656352,0.14734638899490676,0.11986754966887417,171237.39423637206
3,-95,-40,3,-80,0,65,0.7230769230769231,1.601668428579482,0.020320854272070952,0.036673168678080126,4.430769230769231,0.739243789651969,0.09683804250548333,0.4466249628110626,-0.6575298562061114,0.14727550633857175,0.13311258278145696,173924.3789651969
3,-90,-40,10,-120,-20,46,0.6956521739130435,1.646718729143159,0.02153136816995147,0.046000262368062206,5.108695652173913,0.702667734645571,0.09295155851959302,0.43577373739650116,-0.6378822377656352,0.1457189948495547,0.10860927152317881,170266.7734645571
3,-90,-40,10,-120,0,46,0.6956521739130435,1.646718729143159,0.02153136816995147,0.046000262368062206,5.108695652173913,0.702667734645571,0.09295155851959302,0.43577373739650116,-0.6378822377656352,0.1457189948495547,0.10860927152317881,170266.7734645571
3,-90,-40,10,-120,50,46,0.6956521739130435,1.646718729143159,0.02153136816995147,0.046000262368062206,5.108695652173913,0.702667734645571,0.09295155851959302,0.43577373739650116,-0.6378822377656352,0.1457189948495547,0.10860927152317881,170266.7734645571
3,-90,-30,10,-120,-20,46,0.6956521739130435,1.646718729143159,0.02153136816995147,0.046000262368062206,5.108695652173913,0.702667734645571,0.09295155851959302,0.43577373739650116,-0.6378822377656352,0.1457189948495547,0.10860927152317881,170266.7734645571
3,-90,-30,10,-120,0,46,0.6956521739130435,1.646718729143159,0.02153136816995147,0.046000262368062206,5.108695652173913,0.702667734645571,0.09295155851959302,0.43577373739650116,-0.6378822377656352,0.1457189948495547,0.10860927152317881,170266.7734645571
3,-90,-30,10,-120,50,46,0.6956521739130435,1.646718729143159,0.02153136816995147,0.046000262368062206,5.108695652173913,0.702667734645571,0.09295155851959302,0.43577373739650116,-0.6378822377656352,0.1457189948495547,0.10860927152317881,170266.7734645571
5,-95,-30,3,-50,50,50,0.74,1.73688353265515,0.0267471341330035,0.05325102283793459,4.64,0.7245447198294348,0.09528441367223328,0.44273090027579465,-0.65533270430009,0.1453985327559673,0.11059602649006622,172454.47198294348
5,-95,-20,3,-50,50,50,0.74,1.73688353265515,0.0267471341330035,0.05325102283793459,4.64,0.7245447198294348,0.09528441367223328,0.44273090027579465,-0.65533270430009,0.1453985327559673,0.11059602649006622,172454.47198294348
3,-95,-20,3,-50,0,73,0.726027397260274,1.5657535895176087,0.01889798397668042,0.034400873282837585,4.397260273972603,0.6937840548737693,0.0919971131305859,0.4396807051572393,-0.6378822377656352,0.14422272275966183,0.147682119205298,169378.40548737693
3,-90,-30,10,-80,-20,57,0.6491228070175439,1.567584602226308,0.019360648242327257,0.036673168678080126,5.2631578947368425,0.6857488140401684,0.09113022405836313,0.43740891139435795,-0.6378822377656352,0.14286371161168052,0.13708609271523178,168574.88140401684
3,-90,-30,10,-80,0,57,0.6491228070175439,1.567584602226308,0.019360648242327257,0.036673168678080126,5.2631578947368425,0.6857488140401684,0.09113022405836313,0.43740891139435795,-0.6378822377656352,0.14286371161168052,0.13708609271523178,168574.88140401684
3,-90,-30,10,-80,50,57,0.6491228070175439,1.567584602226308,0.019360648242327257,0.036673168678080126,5.2631578947368425,0.6857488140401684,0.09113022405836313,0.43740891139435795,-0.6378822377656352,0.14286371161168052,0.13708609271523178,168574.88140401684
3,-90,-20,10,-50,0,64,0.671875,1.5161872656588524,0.018126486719357612,0.03609984063201299,5.4375,0.6996610656347035,0.09262899317305995,0.44387582955792176,-0.6572216590862892,0.14094026253157663,0.1576158940397351,169966.10656347036
3,-90,-20,10,-50,-20,64,0.671875,1.5135819660860872,0.018034998743486297,0.03609984063201299,5.421875,0.6900359072086715,0.09159316815445817,0.44212116276095814,-0.6572216590862892,0.13936419606407485,0.15695364238410597,169003.59072086716
5,-95,-40,7,-50,-20,43,0.7209302325581395,1.7383285512947666,0.024231136638795364,0.04621676891615545,5.395348837209302,0.6561070545739307,0.0879022318626268,0.4270091850681661,-0.6378822377656352,0.13780322865005534,0.10993377483443709,165610.70545739308
5,-95,-40,7,-50,0,43,0.7209302325581395,1.7383285512947666,0.024231136638795364,0.04621676891615545,5.395348837209302,0.6561070545739307,0.0879022318626268,0.4270091850681661,-0.6378822377656352,0.13780322865005534,0.10993377483443709,165610.70545739308
5,-95,-40,7,-50,50,43,0.7209302325581395,1.7383285512947666,0.024231136638795364,0.04621676891615545,5.395348837209302,0.6561070545739307,0.0879022318626268,0.4270091850681661,-0.6378822377656352,0.13780322865005534,0.10993377483443709,165610.70545739308
5,-95,-20,7,-80,50,41,0.7317073170731707,1.7348615907563512,0.02294360463490124,0.04578375581996896,5.609756097560975,0.656019516579053,0.08789262793103636,0.4261666068112093,-0.6378822377656352,0.13778817268671,0.10927152317880795,165601.9516579053
7,-85,-30,10,-80,-20,71,0.6056338028169014,1.4943771299596151,0.016329516898180876,0.03320216428922773,5.788732394366197,0.7108028487155162,0.09382194778639152,0.4502545726508825,-0.6902491186694975,0.13592476288450722,0.18211920529801323,171080.28487155162
7,-85,-30,10,-80,0,71,0.6056338028169014,1.4943771299596151,0.016329516898180876,0.03320216428922773,5.788732394366197,0.7108028487155162,0.09382194778639152,0.4502545726508825,-0.6902491186694975,0.13592476288450722,0.18211920529801323,171080.28487155162
7,-85,-30,10,-80,50,71,0.6056338028169014,1.4943771299596151,0.016329516898180876,0.03320216428922773,5.788732394366197,0.7108028487155162,0.09382194778639152,0.4502545726508825,-0.6902491186694975,0.13592476288450722,0.18211920529801323,171080.28487155162
7,-85,-20,10,-80,-20,71,0.6056338028169014,1.4943771299596151,0.016329516898180876,0.03320216428922773,5.788732394366197,0.7108028487155162,0.09382194778639152,0.4502545726508825,-0.6902491186694975,0.13592476288450722,0.18211920529801323,171080.28487155162
7,-85,-20,10,-80,0,71,0.6056338028169014,1.4943771299596151,0.016329516898180876,0.03320216428922773,5.788732394366197,0.7108028487155162,0.09382194778639152,0.4502545726508825,-0.6902491186694975,0.13592476288450722,0.18211920529801323,171080.28487155162
7,-85,-20,10,-80,50,71,0.6056338028169014,1.4943771299596151,0.016329516898180876,0.03320216428922773,5.788732394366197,0.7108028487155162,0.09382194778639152,0.4502545726508825,-0.6902491186694975,0.13592476288450722,0.18211920529801323,171080.28487155162
7,-95,-40,10,-50,-20,43,0.7209302325581395,1.7820976885444657,0.022570957886633037,0.036673168678080126,5.511627906976744,0.6405473217119366,0.08618846810741498,0.42341729761002145,-0.6378822377656352,0.1351165826615814,0.11125827814569536,164054.73217119367
7,-95,-40,10,-50,0,43,0.7209302325581395,1.7820976885444657,0.022570957886633037,0.036673168678080126,5.511627906976744,0.6405473217119366,0.08618846810741498,0.42341729761002145,-0.6378822377656352,0.1351165826615814,0.11125827814569536,164054.73217119367
7,-95,-40,10,-50,50,43,0.7209302325581395,1.7820976885444657,0.022570957886633037,0.036673168678080126,5.511627906976744,0.6405473217119366,0.08618846810741498,0.42341729761002145,-0.6378822377656352,0.1351165826615814,0.11125827814569536,164054.73217119367
7,-95,-30,10,-50,-20,43,0.7209302325581395,1.7820976885444657,0.022570957886633037,0.036673168678080126,5.511627906976744,0.6405473217119366,0.08618846810741498,0.42341729761002145,-0.6378822377656352,0.1351165826615814,0.11125827814569536,164054.73217119367
7,-95,-30,10,-50,0,43,0.7209302325581395,1.7820976885444657,0.022570957886633037,0.036673168678080126,5.511627906976744,0.6405473217119366,0.08618846810741498,0.42341729761002145,-0.6378822377656352,0.1351165826615814,0.11125827814569536,164054.73217119367
7,-95,-30,10,-50,50,43,0.7209302325581395,1.7820976885444657,0.022570957886633037,0.036673168678080126,5.511627906976744,0.6405473217119366,0.08618846810741498,0.42341729761002145,-0.6378822377656352,0.1351165826615814,0.11125827814569536,164054.73217119367
7,-95,-20,10,-50,-20,43,0.7209302325581395,1.7820976885444657,0.022570957886633037,0.036673168678080126,5.511627906976744,0.6405473217119366,0.08618846810741498,0.42341729761002145,-0.6378822377656352,0.1351165826615814,0.11125827814569536,164054.73217119367
7,-95,-20,10,-50,0,43,0.7209302325581395,1.7820976885444657,0.022570957886633037,0.036673168678080126,5.511627906976744,0.6405473217119366,0.08618846810741498,0.42341729761002145,-0.6378822377656352,0.1351165826615814,0.11125827814569536,164054.73217119367
7,-95,-20,10,-50,50,43,0.7209302325581395,1.7820976885444657,0.022570957886633037,0.036673168678080126,5.511627906976744,0.6405473217119366,0.08618846810741498,0.42341729761002145,-0.6378822377656352,0.1351165826615814,0.11125827814569536,164054.73217119367
5,-95,-30,10,-50,50,41,0.7073170731707317,1.771857503106491,0.024062805135944616,0.04578375581996896,5.414634146341464,0.6302232664516867,0.08504387959986115,0.4205594508269518,-0.6378822377656352,0.1333222255846967,0.10596026490066225,163022.32664516868
5,-95,-20,10,-50,50,41,0.7073170731707317,1.771857503106491,0.024062805135944616,0.04578375581996896,5.414634146341464,0.6302232664516867,0.08504387959986115,0.4205594508269518,-0.6378822377656352,0.1333222255846967,0.10596026490066225,163022.32664516868
5,-95,-40,3,-50,50,50,0.74,1.7086507289092796,0.02572234995032458,0.05325102283793459,4.62,0.6485954071323032,0.08707657417255477,0.4266995748513147,-0.65533270430009,0.13287384194499263,0.10993377483443709,164859.54071323032
7,-95,-20,5,-80,50,43,0.7209302325581395,1.6645517152418272,0.021536850105197552,0.04298150163220904,5.744186046511628,0.6271855069048036,0.08470594523440322,0.420949609273662,-0.6378822377656352,0.13279245010977261,0.11456953642384106,162718.55069048036
3,-90,-20,10,-80,-20,56,0.6607142857142857,1.5612634457772776,0.01883680182210634,0.03609984063201299,5.464285714285714,0.6259585375705703,0.08456930250219519,0.4263516465641013,-0.6378822377656352,0.13257823700879856,0.1403973509933775,162595.85375705702
3,-90,-20,10,-80,0,56,0.6607142857142857,1.5612634457772776,0.01883680182210634,0.03609984063201299,5.464285714285714,0.6259585375705703,0.08456930250219519,0.4263516465641013,-0.6378822377656352,0.13257823700879856,0.1403973509933775,162595.85375705702
3,-90,-20,10,-80,50,56,0.6607142857142857,1.5612634457772776,0.01883680182210634,0.03609984063201299,5.464285714285714,0.6259585375705703,0.08456930250219519,0.4263516465641013,-0.6378822377656352,0.13257823700879856,0.1403973509933775,162595.85375705702
3,-85,-40,10,-80,-20,69,0.6231884057971014,1.4664073342485024,0.016170186456449073,0.03320216428922773,5.057971014492754,0.625924725048322,0.08456553571910064,0.4307361043659171,-0.641294310089897,0.13186696714531304,0.15894039735099338,162592.4725048322
3,-85,-40,10,-80,0,69,0.6231884057971014,1.4664073342485024,0.016170186456449073,0.03320216428922773,5.057971014492754,0.625924725048322,0.08456553571910064,0.4307361043659171,-0.641294310089897,0.13186696714531304,0.15894039735099338,162592.4725048322
3,-85,-40,10,-80,50,69,0.6231884057971014,1.4664073342485024,0.016170186456449073,0.03320216428922773,5.057971014492754,0.625924725048322,0.08456553571910064,0.4307361043659171,-0.641294310089897,0.13186696714531304,0.15894039735099338,162592.4725048322
3,-95,-30,3,-50,-20,73,0.7397260273972602,1.5466677965536042,0.01813623781009169,0.034400873282837585,4.178082191780822,0.6210737290078698,0.0840244475459977,0.42476159140283454,-0.6378822377656352,0.13172407471372352,0.13973509933774833,162107.37290078698
5,-95,-20,5,-80,50,45,0.7111111111111111,1.5912016293734224,0.021629733145589466,0.05152029740304753,5.511111111111111,0.5939317491585854,0.08097185782280025,0.41561211162064166,-0.6378822377656352,0.1269385680128472,0.11589403973509933,159393.17491585854
7,-95,-40,3,-50,50,47,0.7446808510638298,1.7457833605857362,0.025448095427264655,0.04578375581996896,4.872340425531915,0.6120954901593918,0.08301943160306502,0.41751018302742626,-0.65533270430009,0.12668287582523693,0.10794701986754966,161209.54901593918
7,-95,-30,3,-50,50,47,0.7446808510638298,1.7457833605857362,0.025448095427264655,0.04578375581996896,4.872340425531915,0.6120954901593918,0.08301943160306502,0.41751018302742626,-0.65533270430009,0.12668287582523693,0.10794701986754966,161209.54901593918
7,-95,-20,3,-50,50,47,0.7446808510638298,1.7457833605857362,0.025448095427264655,0.04578375581996896,4.872340425531915,0.6120954901593918,0.08301943160306502,0.41751018302742626,-0.65533270430009,0.12668287582523693,0.10794701986754966,161209.54901593918
5,-90,-30,10,-80,-20,58,0.6206896551724138,1.5591863866017242,0.017595867583820847,0.032244441747774855,5.724137931034483,0.5931366905234079,0.08088178878791674,0.42203455450502314,-0.6407651756668251,0.12622687976721814,0.1490066225165563,159313.6690523408
5,-90,-30,10,-80,0,58,0.6206896551724138,1.5591863866017242,0.017595867583820847,0.032244441747774855,5.724137931034483,0.5931366905234079,0.08088178878791674,0.42203455450502314,-0.6407651756668251,0.12622687976721814,0.1490066225165563,159313.6690523408
5,-90,-30,10,-80,50,58,0.6206896551724138,1.5591863866017242,0.017595867583820847,0.032244441747774855,5.724137931034483,0.5931366905234079,0.08088178878791674,0.42203455450502314,-0.6407651756668251,0.12622687976721814,0.1490066225165563,159313.6690523408
5,-90,-20,10,-80,-20,58,0.6206896551724138,1.5591863866017242,0.017595867583820847,0.032244441747774855,5.724137931034483,0.5931366905234079,0.08088178878791674,0.42203455450502314,-0.6407651756668251,0.12622687976721814,0.1490066225165563,159313.6690523408
5,-90,-20,10,-80,0,58,0.6206896551724138,1.5591863866017242,0.017595867583820847,0.032244441747774855,5.724137931034483,0.5931366905234079,0.08088178878791674,0.42203455450502314,-0.6407651756668251,0.12622687976721814,0.1490066225165563,159313.6690523408
5,-90,-20,10,-80,50,58,0.6206896551724138,1.5591863866017242,0.017595867583820847,0.032244441747774855,5.724137931034483,0.5931366905234079,0.08088178878791674,0.42203455450502314,-0.6407651756668251,0.12622687976721814,0.1490066225165563,159313.6690523408
7,-95,-20,5,-50,50,44,0.7272727272727273,1.690868121264721,0.021880857345490338,0.03982733515514458,5.659090909090909,0.5886881295259245,0.08037713701753657,0.4129097759389851,-0.6378822377656352,0.1260062316503442,0.11655629139072848,158868.81295259245
3,-95,-30,3,-50,0,73,0.726027397260274,1.5366401947863366,0.01792550324066341,0.034400873282837585,4.383561643835616,0.5850233588188622,0.07996051460684139,0.4176833626152153,-0.6378822377656352,0.12535309791181196,0.14701986754966886,158502.33588188622
5,-95,-30,3,-80,50,47,0.723404255319149,1.6574566212790218,0.025387366591428935,0.04621676891615545,4.723404255319149,0.58604963613002,0.08007726579045604,0.41245502093341985,-0.6553327043000902,0.12219330008255934,0.10596026490066225,158604.963613002
5,-95,-20,3,-80,50,47,0.723404255319149,1.6574566212790218,0.025387366591428935,0.04621676891615545,4.723404255319149,0.58604963613002,0.08007726579045604,0.41245502093341985,-0.6553327043000902,0.12219330008255934,0.10596026490066225,158604.963613002
3,-90,-40,10,-50,50,65,0.6615384615384615,1.4764577352071542,0.0169493960070163,0.034390591589451125,5.2,0.5829078513462524,0.07971965178756912,0.4210088087951189,-0.657221659086289,0.12129796802253962,0.15298013245033112,158290.78513462524
5,-95,-40,10,-50,50,41,0.7073170731707317,1.7317699602441605,0.022813068327799595,0.04578375581996896,5.390243902439025,0.5584278904279647,0.07691278058786599,0.40500498763455084,-0.6378822377656352,0.1205752034376674,0.10529801324503311,155842.78904279647
7,-95,-40,3,-80,50,45,0.7333333333333333,1.6933989303832273,0.0247121827377069,0.04298150163220904,4.933333333333334,0.5717937836832405,0.07844982793582633,0.40787211708145205,-0.6553327043000903,0.11970992355648186,0.10397350993377484,157179.37836832405
7,-95,-30,3,-80,50,45,0.7333333333333333,1.6933989303832273,0.0247121827377069,0.04298150163220904,4.933333333333334,0.5717937836832405,0.07844982793582633,0.40787211708145205,-0.6553327043000903,0.11970992355648186,0.10397350993377484,157179.37836832405
7,-95,-20,3,-80,50,45,0.7333333333333333,1.6933989303832273,0.0247121827377069,0.04298150163220904,4.933333333333334,0.5717937836832405,0.07844982793582633,0.40787211708145205,-0.6553327043000903,0.11970992355648186,0.10397350993377484,157179.37836832405
3,-95,-40,7,-80,-20,42,0.6904761904761905,1.666666993683009,0.02053470612112884,0.044382628726089,4.833333333333333,0.5430610490073755,0.07513199934300863,0.3995832374922611,-0.6378822377656352,0.11778349496951022,0.09668874172185431,154306.10490073755
3,-95,-40,7,-80,0,42,0.6904761904761905,1.666666993683009,0.02053470612112884,0.044382628726089,4.833333333333333,0.5430610490073755,0.07513199934300863,0.3995832374922611,-0.6378822377656352,0.11778349496951022,0.09668874172185431,154306.10490073755
3,-95,-40,7,-80,50,42,0.6904761904761905,1.666666993683009,0.02053470612112884,0.044382628726089,4.833333333333333,0.5430610490073755,0.07513199934300863,0.3995832374922611,-0.6378822377656352,0.11778349496951022,0.09668874172185431,154306.10490073755
5,-95,-30,10,-50,-20,41,0.7073170731707317,1.7200191308771366,0.022446733977085367,0.04578375581996896,5.341463414634147,0.5398709285450032,0.07476046285668958,0.4008502325816969,-0.6378822377656352,0.11720104187029796,0.10529801324503311,153987.0928545003
5,-95,-30,10,-50,0,41,0.7073170731707317,1.7200191308771366,0.022446733977085367,0.04578375581996896,5.341463414634147,0.5398709285450032,0.07476046285668958,0.4008502325816969,-0.6378822377656352,0.11720104187029796,0.10529801324503311,153987.0928545003
5,-95,-20,10,-50,-20,41,0.7073170731707317,1.7200191308771366,0.022446733977085367,0.04578375581996896,5.341463414634147,0.5398709285450032,0.07476046285668958,0.4008502325816969,-0.6378822377656352,0.11720104187029796,0.10529801324503311,153987.0928545003
5,-95,-20,10,-50,0,41,0.7073170731707317,1.7200191308771366,0.022446733977085367,0.04578375581996896,5.341463414634147,0.5398709285450032,0.07476046285668958,0.4008502325816969,-0.6378822377656352,0.11720104187029796,0.10529801324503311,153987.0928545003
3,-95,-40,3,-50,-20,73,0.7397260273972602,1.5207621406077387,0.017276792384876196,0.034400873282837585,4.164383561643835,0.5292846125659882,0.0735229188852291,0.40531861458917096,-0.6378822377656352,0.1152609596761373,0.1390728476821192,152928.46125659882
5,-90,-40,10,-80,-20,58,0.6206896551724138,1.531111350123893,0.0167124329435804,0.032244441747774855,5.706896551724138,0.5229746151150043,0.07278187964125804,0.4078110767327549,-0.6407651756668251,0.11358588513415405,0.14834437086092717,152297.46151150044
5,-90,-40,10,-80,0,58,0.6206896551724138,1.531111350123893,0.0167124329435804,0.032244441747774855,5.706896551724138,0.5229746151150043,0.07278187964125804,0.4078110767327549,-0.6407651756668251,0.11358588513415405,0.14834437086092717,152297.46151150044
5,-90,-40,10,-80,50,58,0.6206896551724138,1.531111350123893,0.0167124329435804,0.032244441747774855,5.706896551724138,0.5229746151150043,0.07278187964125804,0.4078110767327549,-0.6407651756668251,0.11358588513415405,0.14834437086092717,152297.46151150044
3,-95,-20,3,-50,50,70,0.7142857142857143,1.4967562231508431,0.018520519181179054,0.04060718580579803,4.9714285714285715,0.5193486517426382,0.07235489261141503,0.4064911903675031,-0.6378822377656352,0.11342985950644859,0.15960264900662252,151934.86517426383
5,-95,-20,7,-50,50,42,0.7142857142857143,1.6541295107492933,0.022687228508525364,0.046000262368062206,5.714285714285714,0.5019001188068095,0.07028823558642339,0.3943511952756956,-0.6378822377656352,0.11018998715598041,0.11390728476821192,150190.01188068095
3,-95,-20,3,-80,50,62,0.7096774193548387,1.504168707263664,0.019245348852574784,0.04247558036155907,5.129032258064516,0.5015855495535777,0.07025079390864475,0.399668902616977,-0.6378822377656352,0.110131290306371,0.1456953642384106,150158.55495535777
5,-95,-40,3,-80,50,47,0.723404255319149,1.629223817533151,0.024297170652408807,0.04621676891615545,4.702127659574468,0.5161996760898273,0.0719833855761498,0.39620353105957967,-0.6553327043000902,0.10984250458403362,0.10529801324503311,151619.96760898273
3,-95,-40,3,-50,0,73,0.726027397260274,1.5109107659271446,0.017066057815447917,0.034400873282837585,4.36986301369863,0.4952755015546726,0.0694983554532207,0.3983219463487283,-0.6378822377656352,0.10895170195780735,0.14635761589403973,149527.55015546727
3,-90,-40,10,-50,0,65,0.6615384615384615,1.447802687546856,0.01593002804527431,0.034390591589451125,5.153846153846154,0.49517788944276897,0.06948669498842275,0.40315281094597955,-0.6572216590862892,0.10572794433620389,0.152317880794702,149517.7889442769
5,-95,-40,10,-50,-20,41,0.7073170731707317,1.6799315880148056,0.021196997168940343,0.04578375581996896,5.317073170731708,0.4720546885133421,0.06670642568642493,0.3852637174690373,-0.6378822377656352,0.10457482860799391,0.10463576158940398,147205.4688513342
5,-95,-40,10,-50,0,41,0.7073170731707317,1.6799315880148056,0.021196997168940343,0.04578375581996896,5.317073170731708,0.4720546885133421,0.06670642568642493,0.3852637174690373,-0.6378822377656352,0.10457482860799391,0.10463576158940398,147205.4688513342
3,-90,-40,10,-50,-20,65,0.6615384615384615,1.44527047129478,0.015839947576724092,0.034390591589451125,5.138461538461539,0.48671071657403275,0.06847280913819098,0.4013826853319164,-0.657221659086289,0.10418525955670145,0.15165562913907285,148671.07165740328
3,-95,-20,5,-80,0,44,0.7045454545454546,1.5485199715474924,0.019733948154712414,0.04886853315960149,5.295454545454546,0.4691445696336407,0.06635394850259257,0.38636361535867175,-0.6378822377656352,0.10402225453873153,0.10728476821192053,146914.45696336406
3,-95,-20,5,-80,50,44,0.7045454545454546,1.5485199715474924,0.019733948154712414,0.04886853315960149,5.295454545454546,0.4691445696336407,0.06635394850259257,0.38636361535867175,-0.6378822377656352,0.10402225453873153,0.10728476821192053,146914.45696336406
3,-95,-30,7,-50,-20,46,0.6956521739130435,1.5836501647407009,0.020720843663514735,0.046000262368062206,5.195652173913044,0.4684634737489093,0.0662713693508592,0.38590317691440623,-0.6378822377656352,0.103892796236173,0.10993377483443709,146846.34737489093
3,-95,-30,7,-50,0,46,0.6956521739130435,1.5836501647407009,0.020720843663514735,0.046000262368062206,5.195652173913044,0.4684634737489093,0.0662713693508592,0.38590317691440623,-0.6378822377656352,0.103892796236173,0.10993377483443709,146846.34737489093
3,-95,-30,7,-50,50,46,0.6956521739130435,1.5836501647407009,0.020720843663514735,0.046000262368062206,5.195652173913044,0.4684634737489093,0.0662713693508592,0.38590317691440623,-0.6378822377656352,0.103892796236173,0.10993377483443709,146846.34737489093
3,-95,-30,10,-50,50,47,0.6808510638297872,1.5953452887323845,0.018981887929524183,0.036673168678080126,5.148936170212766,0.4545652465997072,0.06457927741148373,0.3817676482940308,-0.6378822377656352,0.10124012488212729,0.1119205298013245,145456.52465997072
3,-95,-20,10,-50,50,46,0.717391304347826,1.6049079126697485,0.019252971461066894,0.039321413884494616,5.413043478260869,0.4512699748035087,0.06417610793939588,0.38180059203087485,-0.6378822377656352,0.10060808114706411,0.11589403973509933,145126.99748035087
3,-95,-30,3,-80,50,62,0.6935483870967742,1.4844985577037477,0.01869191926848715,0.04247558036155907,5.096774193548387,0.45052421198146253,0.06408475964702154,0.38811083659811674,-0.6378822377656352,0.10046487557248296,0.14437086092715232,145052.42119814624
3,-90,-40,10,-80,-20,57,0.6491228070175439,1.4784321935963076,0.01631960657792804,0.033231156236281034,5.140350877192983,0.4303423804194586,0.061597711635363206,0.38400689857135367,-0.6378822377656352,0.09656596153410195,0.13509933774834437,143034.23804194585
3,-90,-40,10,-80,0,57,0.6491228070175439,1.4784321935963076,0.01631960657792804,0.033231156236281034,5.140350877192983,0.4303423804194586,0.061597711635363206,0.38400689857135367,-0.6378822377656352,0.09656596153410195,0.13509933774834437,143034.23804194585
3,-90,-40,10,-80,50,57,0.6491228070175439,1.4784321935963076,0.01631960657792804,0.033231156236281034,5.140350877192983,0.4303423804194586,0.061597711635363206,0.38400689857135367,-0.6378822377656352,0.09656596153410195,0.13509933774834437,143034.23804194585
5,-95,-30,3,-50,-20,51,0.7450980392156863,1.618165245950554,0.022709205939285004,0.04578375581996896,4.019607843137255,0.4556878742522763,0.06471645476438548,0.38084892902505424,-0.6776813144584801,0.0954968853112011,0.09867549668874172,145568.78742522764
5,-95,-20,3,-50,-20,51,0.7450980392156863,1.618165245950554,0.022709205939285004,0.04578375581996896,4.019607843137255,0.4556878742522763,0.06471645476438548,0.38084892902505424,-0.6776813144584801,0.0954968853112011,0.09867549668874172,145568.78742522764
3,-95,-20,7,-50,-20,45,0.7111111111111111,1.5689220967119815,0.020092671237750687,0.04578375581996896,5.444444444444445,0.41637989145616894,0.05985992307464971,0.37443858063834323,-0.6378822377656352,0.093841652158753,0.11324503311258279,141637.98914561688
3,-95,-20,7,-50,0,45,0.7111111111111111,1.5689220967119815,0.020092671237750687,0.04578375581996896,5.444444444444445,0.41637989145616894,0.05985992307464971,0.37443858063834323,-0.6378822377656352,0.093841652158753,0.11324503311258279,141637.98914561688
3,-95,-20,7,-50,50,45,0.7111111111111111,1.5689220967119815,0.020092671237750687,0.04578375581996896,5.444444444444445,0.41637989145616894,0.05985992307464971,0.37443858063834323,-0.6378822377656352,0.093841652158753,0.11324503311258279,141637.98914561688
7,-95,-40,3,-50,-20,48,0.7291666666666666,1.6521613419848034,0.022525092552660737,0.03982733515514458,4.270833333333333,0.4406130143968279,0.06286700956995128,0.3750504964871261,-0.6776813144584799,0.09276780726968534,0.09668874172185431,144061.30143968278
7,-95,-30,3,-50,-20,48,0.7291666666666666,1.6521613419848034,0.022525092552660737,0.03982733515514458,4.270833333333333,0.4406130143968279,0.06286700956995128,0.3750504964871261,-0.6776813144584799,0.09276780726968534,0.09668874172185431,144061.30143968278
7,-95,-20,3,-50,-20,48,0.7291666666666666,1.6521613419848034,0.022525092552660737,0.03982733515514458,4.270833333333333,0.4406130143968279,0.06286700956995128,0.3750504964871261,-0.6776813144584799,0.09276780726968534,0.09668874172185431,144061.30143968278
5,-95,-30,3,-50,0,51,0.7254901960784313,1.6179356056327399,0.022713009692778546,0.04298150163220904,4.176470588235294,0.44768204716678617,0.06373626457500658,0.3791204430012317,-0.6910674955357792,0.09222871135849381,0.10264900662251655,144768.20471667862
5,-95,-20,3,-50,0,51,0.7254901960784313,1.6179356056327399,0.022713009692778546,0.04298150163220904,4.176470588235294,0.44768204716678617,0.06373626457500658,0.3791204430012317,-0.6910674955357792,0.09222871135849381,0.10264900662251655,144768.20471667862
3,-95,-20,5,-80,-20,44,0.6818181818181818,1.5064597092061325,0.018660344844117202,0.04886853315960149,5.2727272727272725,0.40036663990221366,0.05784923795867547,0.36988676820232247,-0.6378822377656352,0.09068952626947091,0.10662251655629139,140036.66399022136
7,-95,-40,3,-80,-20,46,0.717391304347826,1.601486791179437,0.021678090883545373,0.03495216245718058,4.304347826086956,0.40459829739876674,0.05838243538504617,0.364808661798091,-0.6776813144584799,0.08615028058092214,0.09271523178807947,140459.82973987667
7,-95,-30,3,-80,-20,46,0.717391304347826,1.601486791179437,0.021678090883545373,0.03495216245718058,4.304347826086956,0.40459829739876674,0.05838243538504617,0.364808661798091,-0.6776813144584799,0.08615028058092214,0.09271523178807947,140459.82973987667
7,-95,-20,3,-80,-20,46,0.717391304347826,1.601486791179437,0.021678090883545373,0.03495216245718058,4.304347826086956,0.40459829739876674,0.05838243538504617,0.364808661798091,-0.6776813144584799,0.08615028058092214,0.09271523178807947,140459.82973987667
3,-95,-40,10,-50,50,47,0.6808510638297872,1.5570223813463744,0.01776000686839467,0.034400873282837585,5.085106382978723,0.37676423285929395,0.05485042541219198,0.3627742493207253,-0.6378822377656352,0.08598832537541924,0.11125827814569536,137676.4232859294
3,-95,-30,10,-50,0,47,0.6808510638297872,1.5511296406765125,0.017572123727115047,0.036673168678080126,5.085106382978723,0.37394845418074785,0.05448981230173744,0.36206195949462444,-0.6378822377656352,0.08542299671582575,0.11125827814569536,137394.84541807478
3,-95,-30,3,-50,50,70,0.7,1.452031027083826,0.017016180210569415,0.03795894059938354,4.928571428571429,0.37344089215315757,0.054424744019076376,0.3736076398522732,-0.6378822377656352,0.08532098998353456,0.1576158940397351,137344.08921531576
3,-95,-30,10,-50,-20,47,0.6808510638297872,1.5472223506265899,0.01744754435571581,0.036673168678080126,5.0638297872340425,0.3661678020212802,0.05349014367106064,0.36010838618405167,-0.6378822377656352,0.08385582871601058,0.11059602649006622,136616.78020212802
5,-95,-40,3,-50,-20,51,0.7450980392156863,1.5908166598954128,0.021704515564109593,0.04578375581996896,4.0,0.391579073662899,0.05673768535592405,0.36447337819993486,-0.6776813144584801,0.08372325478866399,0.09801324503311258,139157.9073662899
3,-95,-30,5,-80,-20,44,0.6818181818181818,1.4884871794360048,0.018060771943621573,0.047487941099531916,5.045454545454546,0.35681194920016956,0.05228179183682524,0.3579745093351198,-0.6378822377656352,0.08196151066999005,0.10264900662251655,135681.19492001695
3,-95,-30,5,-80,0,44,0.6818181818181818,1.4884871794360048,0.018060771943621573,0.047487941099531916,5.045454545454546,0.35681194920016956,0.05228179183682524,0.3579745093351198,-0.6378822377656352,0.08196151066999005,0.10264900662251655,135681.19492001695
3,-95,-30,5,-80,50,44,0.6818181818181818,1.4884871794360048,0.018060771943621573,0.047487941099531916,5.045454545454546,0.35681194920016956,0.05228179183682524,0.3579745093351198,-0.6378822377656352,0.08196151066999005,0.10264900662251655,135681.19492001695
5,-95,-40,3,-50,0,51,0.7254901960784313,1.5906017575934468,0.021708319317603135,0.04298150163220904,4.1568627450980395,0.38392582488849736,0.05576484051324515,0.3627974824467221,-0.6910674955357792,0.08069376851534757,0.10198675496688742,138392.58248884973
3,-95,-20,10,-50,0,46,0.717391304347826,1.5353415644286805,0.017038818051459983,0.035537020980458855,5.326086956521739,0.32521713831313614,0.04814920804777634,0.35063493417295327,-0.6378822377656352,0.07548291078998012,0.11456953642384106,132521.71383131362
7,-95,-40,3,-50,0,48,0.7083333333333334,1.6124357050233156,0.02115937751151369,0.037197421082373006,4.375,0.35328569481985816,0.05182455831088317,0.3521074873813644,-0.6910674955357791,0.0749920357210608,0.1,135328.56948198582
7,-95,-30,3,-50,0,48,0.7083333333333334,1.6124357050233156,0.02115937751151369,0.037197421082373006,4.375,0.35328569481985816,0.05182455831088317,0.3521074873813644,-0.6910674955357791,0.0749920357210608,0.1,135328.56948198582
7,-95,-20,3,-50,0,48,0.7083333333333334,1.6124357050233156,0.02115937751151369,0.037197421082373006,4.375,0.35328569481985816,0.05182455831088317,0.3521074873813644,-0.6910674955357791,0.0749920357210608,0.1,135328.56948198582
3,-95,-40,7,-50,-20,46,0.6956521739130435,1.5131983142264227,0.0182196505370462,0.044382628726089,5.108695652173913,0.31995361174948944,0.0474527837600196,0.3493297880040364,-0.6378822377656352,0.0743911351509591,0.10860927152317881,131995.36117494895
3,-95,-40,7,-50,0,46,0.6956521739130435,1.5131983142264227,0.0182196505370462,0.044382628726089,5.108695652173913,0.31995361174948944,0.0474527837600196,0.3493297880040364,-0.6378822377656352,0.0743911351509591,0.10860927152317881,131995.36117494895
3,-95,-40,7,-50,50,46,0.6956521739130435,1.5131983142264227,0.0182196505370462,0.044382628726089,5.108695652173913,0.31995361174948944,0.0474527837600196,0.3493297880040364,-0.6378822377656352,0.0743911351509591,0.10860927152317881,131995.36117494895
3,-95,-20,10,-50,-20,46,0.717391304347826,1.531342322657929,0.016911530432856415,0.035537020980458855,5.304347826086956,0.3177124509592524,0.04715555038382324,0.34869481802864627,-0.6378822377656352,0.07392516610746057,0.11390728476821192,131771.24509592523
5,-95,-30,3,-80,-20,48,0.7291666666666666,1.5412258905674794,0.0211253963760525,0.041035457985844515,4.0625,0.33878420010184307,0.04993371853838746,0.34929273220933155,-0.67768131445848,0.07368318628983947,0.09403973509933775,133878.42001018432
5,-95,-20,3,-80,-20,48,0.7291666666666666,1.5412258905674794,0.0211253963760525,0.041035457985844515,4.0625,0.33878420010184307,0.04993371853838746,0.34929273220933155,-0.67768131445848,0.07368318628983947,0.09403973509933775,133878.42001018432
5,-95,-30,3,-80,0,48,0.7083333333333334,1.541037712482363,0.02112943786413939,0.03840554391307294,4.229166666666667,0.33142130658574054,0.04896713750565884,0.34763364683639564,-0.6910674955357792,0.07085724306523056,0.09801324503311258,133142.13065857405
5,-95,-20,3,-80,0,48,0.7083333333333334,1.541037712482363,0.02112943786413939,0.03840554391307294,4.229166666666667,0.33142130658574054,0.04896713750565884,0.34763364683639564,-0.6910674955357792,0.07085724306523056,0.09801324503311258,133142.13065857405
3,-95,-40,10,-50,0,47,0.6808510638297872,1.5128067332905024,0.01635024266598554,0.034400873282837585,5.0212765957446805,0.30045942863705344,0.04485316472055456,0.3430252736361082,-0.6378822377656352,0.07031574492129705,0.11059602649006622,130045.94286370534
3,-95,-40,10,-50,-20,47,0.6808510638297872,1.5088994432405796,0.016225663294586298,0.034400873282837585,5.0,0.2930949438698587,0.043862631744086444,0.34106943317095023,-0.6378822377656352,0.06876289877223708,0.10993377483443709,129309.49438698587
7,-95,-40,3,-80,0,46,0.6956521739130435,1.561776420101537,0.02025299692756585,0.03495216245718058,4.413043478260869,0.31945412393343986,0.047386575742246695,0.3416009869076936,-0.6910674955357792,0.06857011225149326,0.09602649006622517,131945.41239334398
7,-95,-30,3,-80,0,46,0.6956521739130435,1.561776420101537,0.02025299692756585,0.03495216245718058,4.413043478260869,0.31945412393343986,0.047386575742246695,0.3416009869076936,-0.6910674955357792,0.06857011225149326,0.09602649006622517,131945.41239334398
7,-95,-20,3,-80,0,46,0.6956521739130435,1.561776420101537,0.02025299692756585,0.03495216245718058,4.413043478260869,0.31945412393343986,0.047386575742246695,0.3416009869076936,-0.6910674955357792,0.06857011225149326,0.09602649006622517,131945.41239334398
5,-95,-40,3,-80,-20,48,0.7291666666666666,1.5138773045123382,0.020057912852428625,0.041035457985844515,4.041666666666667,0.27982386194513165,0.04206572796033248,0.33268196643180936,-0.67768131445848,0.062073023208477074,0.09337748344370861,127982.38619451316
5,-95,-40,3,-80,0,48,0.7083333333333334,1.5137038644430703,0.02006195434051552,0.03840554391307294,4.208333333333333,0.27278523181030456,0.04110639029004126,0.3310777685159164,-0.6910674955357792,0.05948245367577562,0.09735099337748344,127278.52318103045
3,-95,-40,3,-80,50,62,0.6935483870967742,1.4101684127151934,0.01582426765786967,0.04060718580579803,5.016129032258065,0.23000266861530583,0.03517833520674918,0.3329095550638901,-0.6378822377656352,0.05514863578890572,0.1423841059602649,123000.26686153057
3,-95,-40,5,-80,-20,44,0.6818181818181818,1.4177627841305125,0.01544588822049538,0.046000262368062206,4.954545454545454,0.21959372148323375,0.03371010780350181,0.32087374054534445,-0.6378822377656352,0.05284691406611523,0.10132450331125828,121959.37214832338
3,-95,-40,5,-80,0,44,0.6818181818181818,1.4177627841305125,0.01544588822049538,0.046000262368062206,4.954545454545454,0.21959372148323375,0.03371010780350181,0.32087374054534445,-0.6378822377656352,0.05284691406611523,0.10132450331125828,121959.37214832338
3,-95,-40,5,-80,50,44,0.6818181818181818,1.4177627841305125,0.01544588822049538,0.046000262368062206,4.954545454545454,0.21959372148323375,0.03371010780350181,0.32087374054534445,-0.6378822377656352,0.05284691406611523,0.10132450331125828,121959.37214832338
3,-95,-40,3,-50,50,70,0.7,1.3845586195759139,0.014476260212593933,0.035630726021159465,4.857142857142857,0.16463823807951794,0.025780739004803266,0.3197111745324191,-0.6378822377656352,0.04041614184948568,0.15562913907284767,116463.8238079518
