wr_lookback,wr_entry,wr_exit,cci_lookback,cci_entry,cci_exit,trades,win_rate,profit_factor,avg_trade,median_trade,avg_hold_15m_bars,total_return,annualized_return,sharpe,max_drawdown,calmar,exposure,ending_equity
5,-80,-40,5,-80,50,40,0.8,3.3200689807372457,0.010964437343547134,0.006641899515236638,10.6,0.5178386949469946,193.01821866055715,6.033130674324274,-0.10375539027469072,1860.3199134960078,0.27692307692307694,151783.86949469947
5,-80,-40,5,-50,50,44,0.8181818181818182,3.005045489016952,0.010903721118462937,0.006914792221075494,9.840909090909092,0.5724409521866269,302.11615541221965,6.247993830083724,-0.16462165361500625,1835.2151662791946,0.29423076923076924,157244.0952186627
5,-80,-40,5,-80,0,40,0.8,3.3076499337102003,0.010905746044225794,0.006476990857490872,10.55,0.5143061994549238,187.39429807826141,6.001901248840993,-0.10375539027469072,1806.116266173141,0.27307692307692305,151430.6199454924
5,-80,-40,5,-50,0,44,0.8181818181818182,2.9952340991361877,0.010850365391807172,0.006914792221075494,9.795454545454545,0.5687813798001549,293.32986102699186,6.2182153645630285,-0.16462165361500625,1781.8425133366118,0.2903846153846154,156878.13798001548
5,-80,-40,5,-100,50,35,0.8,3.3265602131021494,0.012142975392153633,0.006876487701666267,11.714285714285714,0.4973993605309084,162.49747800506478,5.8793456697186555,-0.10557567693207992,1539.1563921451757,0.25,149739.93605309085
5,-80,-40,5,-100,0,35,0.8,3.3231536949915266,0.012125195811226704,0.006876487701666267,11.685714285714285,0.49647938104592293,161.23388306990563,5.871021551226726,-0.10557567693207992,1527.1877742600916,0.24807692307692308,149647.9381045923
5,-80,-40,7,-50,50,39,0.7948717948717948,3.184962428959302,0.01074090597040066,0.006876487701666267,10.76923076923077,0.48994728436554613,152.5173717112394,5.888723885938119,-0.10557567693207948,1444.6260364435946,0.2692307692307692,148994.7284365546
5,-80,-40,7,-50,0,39,0.7948717948717948,3.175180330690348,0.010692818828806147,0.006876487701666267,10.717948717948717,0.48717146782860943,148.9455738743211,5.863244988076742,-0.10557567693208003,1410.7944007798521,0.2653846153846154,148717.14678286095
10,-80,-40,10,-50,50,34,0.7647058823529411,3.6965166429814014,0.012119517017815258,0.006914792221075494,11.823529411764707,0.4833543508570559,144.1587615209833,5.844205677417796,-0.1028706662148553,1401.3592681502987,0.23461538461538461,148335.4350857056
10,-80,-30,10,-50,50,34,0.7647058823529411,3.6965166429814014,0.012119517017815258,0.006914792221075494,11.823529411764707,0.4833543508570559,144.1587615209833,5.844205677417796,-0.1028706662148553,1401.3592681502987,0.23461538461538461,148335.4350857056
10,-80,-20,10,-50,50,34,0.7647058823529411,3.6965166429814014,0.012119517017815258,0.006914792221075494,11.823529411764707,0.4833543508570559,144.1587615209833,5.844205677417796,-0.1028706662148553,1401.3592681502987,0.23461538461538461,148335.4350857056
10,-80,-40,10,-50,0,34,0.7647058823529411,3.6465809946006345,0.01189508082087148,0.006699108196821402,11.735294117647058,0.472164764660713,130.9254042116027,5.740980941462246,-0.10814526423260762,1210.6438977299804,0.22884615384615384,147216.4764660713
10,-80,-30,10,-50,0,34,0.7647058823529411,3.6465809946006345,0.01189508082087148,0.006699108196821402,11.735294117647058,0.472164764660713,130.9254042116027,5.740980941462246,-0.10814526423260762,1210.6438977299804,0.22884615384615384,147216.4764660713
10,-80,-20,10,-50,0,34,0.7647058823529411,3.6465809946006345,0.01189508082087148,0.006699108196821402,11.735294117647058,0.472164764660713,130.9254042116027,5.740980941462246,-0.10814526423260762,1210.6438977299804,0.22884615384615384,147216.4764660713
2,-80,-40,5,-100,0,35,0.7142857142857143,3.4917320757688843,0.010820104886344814,0.006644888261934989,10.685714285714285,0.4354829852953448,94.93717659915644,5.514895600837027,-0.08097371893608074,1172.4443170764853,0.18076923076923077,143548.29852953448
2,-80,-40,5,-100,50,35,0.7142857142857143,3.4917320757688843,0.010820104886344814,0.006644888261934989,10.685714285714285,0.4354829852953448,94.93717659915644,5.514895600837027,-0.08097371893608074,1172.4443170764853,0.18076923076923077,143548.29852953448
5,-80,-20,10,-50,50,35,0.7714285714285715,3.154346434689213,0.011783010726128135,0.006876487701666267,11.742857142857142,0.4795016062269333,139.4703054292936,5.789348630843819,-0.12490963356524631,1116.569646779418,0.2519230769230769,147950.16062269334
5,-80,-20,10,-50,0,35,0.7714285714285715,3.1461171122239104,0.01173800116159567,0.006638910768538286,11.714285714285714,0.4771898849672038,136.7244923090605,5.767969468746734,-0.12481202181426765,1095.443294016339,0.25,147718.98849672038
5,-80,-40,10,-50,0,35,0.7714285714285715,3.06197255758197,0.011277779827679016,0.006638910768538286,11.657142857142857,0.4543556154413786,112.13551065935405,5.560780457854355,-0.12481202181426831,898.4351749883672,0.24615384615384617,145435.56154413786
5,-80,-40,10,-50,50,35,0.7714285714285715,3.06197255758197,0.011277779827679016,0.006638910768538286,11.657142857142857,0.4543556154413786,112.13551065935405,5.560780457854355,-0.12481202181426831,898.4351749883672,0.24615384615384617,145435.56154413786
5,-80,-30,10,-50,0,35,0.7714285714285715,3.06197255758197,0.011277779827679016,0.006638910768538286,11.657142857142857,0.4543556154413786,112.13551065935405,5.560780457854355,-0.12481202181426831,898.4351749883672,0.24615384615384617,145435.56154413786
5,-80,-30,10,-50,50,35,0.7714285714285715,3.06197255758197,0.011277779827679016,0.006638910768538286,11.657142857142857,0.4543556154413786,112.13551065935405,5.560780457854355,-0.12481202181426831,898.4351749883672,0.24615384615384617,145435.56154413786
2,-80,-40,5,-80,50,37,0.6486486486486487,3.004748184104049,0.009511039368547133,0.006309093453046755,10.432432432432432,0.3974154223974491,67.33289763868777,5.111240859153554,-0.08097371893608074,831.5401407194746,0.20384615384615384,139741.54223974491
2,-80,-40,5,-80,0,37,0.6486486486486487,2.99491913460538,0.009464407837725211,0.006029785688339784,10.405405405405405,0.39502026965021453,65.86896073116333,5.087244093581409,-0.08097371893608074,813.4609796440145,0.20192307692307693,139502.02696502145
7,-85,-20,7,-50,50,31,0.7419354838709677,3.500762728049449,0.012051947608189692,0.006029785688339784,12.741935483870968,0.4269887361496836,88.01184555814034,5.292737041964325,-0.10924839727219104,805.6122355631443,0.22115384615384615,142698.87361496835
7,-85,-20,7,-50,0,31,0.7419354838709677,3.488209739621858,0.011991450881667564,0.0058291796908001015,12.67741935483871,0.4243302132788487,85.94085962423256,5.267293422145554,-0.10941468142202393,785.4600361422214,0.2173076923076923,142433.02132788487
2,-80,-30,5,-100,0,33,0.7575757575757576,3.317862373071344,0.011406291005845122,0.006876487701666267,11.606060606060606,0.43051810522880296,90.83142086131545,5.3990760731536405,-0.11567717447920445,785.2147259842038,0.19807692307692307,143051.8105228803
2,-80,-30,5,-100,50,33,0.7575757575757576,3.317862373071344,0.011406291005845122,0.006876487701666267,11.606060606060606,0.43051810522880296,90.83142086131545,5.3990760731536405,-0.11567717447920445,785.2147259842038,0.19807692307692307,143051.8105228803
7,-85,-40,7,-50,50,31,0.7419354838709677,3.42372372108913,0.011680672850589272,0.006029785688339784,12.709677419354838,0.4113086457897943,76.42294157071163,5.146683039389594,-0.10924839727219093,699.533754992349,0.21923076923076923,141130.86457897944
7,-85,-30,7,-50,50,31,0.7419354838709677,3.42372372108913,0.011680672850589272,0.006029785688339784,12.709677419354838,0.4113086457897943,76.42294157071163,5.146683039389594,-0.10924839727219093,699.533754992349,0.21923076923076923,141130.86457897944
5,-80,-20,7,-80,50,34,0.7647058823529411,2.9058875085359857,0.010596532889471932,0.0064740021107925205,12.029411764705882,0.405726564260104,72.64468176304361,5.143515978206486,-0.10557567693207992,688.0816100263147,0.24807692307692308,140572.6564260104
7,-85,-40,7,-50,0,31,0.7419354838709677,3.411170732661539,0.011620176124067143,0.0058291796908001015,12.64516129032258,0.4086793353982039,74.62158780763245,5.121210810828315,-0.10941468142202426,682.0070838556749,0.2153846153846154,140867.9335398204
7,-85,-30,7,-50,0,31,0.7419354838709677,3.411170732661539,0.011620176124067143,0.0058291796908001015,12.64516129032258,0.4086793353982039,74.62158780763245,5.121210810828315,-0.10941468142202426,682.0070838556749,0.2153846153846154,140867.9335398204
3,-80,-20,10,-50,50,33,0.7575757575757576,2.907724953853,0.011207416471742232,0.006309093453046755,12.212121212121213,0.41892611994112605,81.86716239796532,5.233766885377812,-0.1216111532242683,673.1879455742895,0.23653846153846153,141892.6119941126
5,-80,-20,7,-80,0,34,0.7647058823529411,2.89596667584409,0.010541374109407638,0.006169439570693269,11.970588235294118,0.4031076534540454,70.93123453495772,5.11773672074661,-0.10557567693208014,671.8520458134483,0.24423076923076922,140310.76534540454
7,-80,-20,7,-80,50,32,0.75,3.4115265285156684,0.011258706726186049,0.006169439570693269,12.4375,0.40885971033038393,74.74391967234901,5.146608470383285,-0.11151681280670334,670.2479903358224,0.22692307692307692,140885.9710330384
3,-80,-20,10,-50,0,33,0.7575757575757576,2.8995990970387773,0.01115967905481386,0.006309093453046755,12.181818181818182,0.4167090478787192,80.24733434211157,5.2123158728503975,-0.12151317354506797,660.4002841909867,0.23461538461538461,141670.90478787193
7,-80,-20,7,-80,0,32,0.75,3.3989735400880776,0.011200100522367737,0.005929482689569943,12.375,0.40623496237910084,72.98163071814359,5.120994734588396,-0.11168267349218641,653.4731703324559,0.2230769230769231,140623.4962379101
3,-80,-30,10,-50,50,33,0.7575757575757576,2.880796611564746,0.011049219061623676,0.006309093453046755,12.151515151515152,0.4116456928418468,76.65668943018589,5.163554340899226,-0.1216111532242683,630.3425911011635,0.2326923076923077,141164.5692841847
3,-80,-30,10,-50,0,33,0.7575757575757576,2.8726707547505237,0.011001481644695305,0.006309093453046755,12.121212121212121,0.40943999644678253,75.13871197538133,5.142102162283527,-0.12151317354506797,618.3585679087969,0.23076923076923078,140943.99964467826
5,-80,-20,3,-50,50,45,0.7555555555555555,2.443482293531106,0.0086332989689448,0.006876487701666267,18.177777777777777,0.4403068290188734,99.08756760951651,5.101737064141274,-0.1642760069050161,603.177356671499,0.26153846153846155,144030.68290188734
3,-80,-20,7,-80,50,34,0.7647058823529411,2.795627115925462,0.010253815532581945,0.0064740021107925205,11.941176470588236,0.3899950842807891,62.890918178401485,4.984310418627963,-0.10449067525574551,601.8806752322464,0.2423076923076923,138999.5084280789
3,-80,-40,5,-100,0,34,0.7647058823529411,2.741121277250278,0.010325595292427785,0.006760687981800628,11.764705882352942,0.3918740711007631,63.98985120627569,4.980553697100809,-0.10862374081325954,589.0963681345114,0.23076923076923078,139187.4071100763
3,-80,-40,5,-100,50,34,0.7647058823529411,2.741121277250278,0.010325595292427785,0.006760687981800628,11.764705882352942,0.3918740711007631,63.98985120627569,4.980553697100809,-0.10862374081325954,589.0963681345114,0.23076923076923078,139187.4071100763
3,-80,-20,7,-80,0,34,0.7647058823529411,2.7859678236502994,0.010198656752517651,0.006169439570693269,11.882352941176471,0.3874054816943808,61.40440599541903,4.958553028495248,-0.10449067525574529,587.6544088276698,0.23846153846153847,138740.5481694381
10,-80,-40,7,-50,50,30,0.7333333333333333,3.3135518727482385,0.011784715742511328,0.005562938765370284,13.133333333333333,0.3995830785550729,68.6831674640902,5.065184626989893,-0.11738945937366008,585.0880294581319,0.21923076923076923,139958.3078555073
10,-80,-30,7,-50,50,30,0.7333333333333333,3.3135518727482385,0.011784715742511328,0.005562938765370284,13.133333333333333,0.3995830785550729,68.6831674640902,5.065184626989893,-0.11738945937366008,585.0880294581319,0.21923076923076923,139958.3078555073
10,-80,-20,7,-50,50,30,0.7333333333333333,3.3135518727482385,0.011784715742511328,0.005562938765370284,13.133333333333333,0.3995830785550729,68.6831674640902,5.065184626989893,-0.11738945937366008,585.0880294581319,0.21923076923076923,139958.3078555073
7,-80,-40,7,-80,50,32,0.75,3.3344875215553498,0.010899034304760642,0.006169439570693269,12.40625,0.393378826001896,64.88243430250532,4.999451001808359,-0.111516812806703,581.8175095711254,0.225,139337.8826001896
7,-80,-30,7,-80,50,32,0.75,3.3344875215553498,0.010899034304760642,0.006169439570693269,12.40625,0.393378826001896,64.88243430250532,4.999451001808359,-0.111516812806703,581.8175095711254,0.225,139337.8826001896
2,-80,-30,5,-80,50,35,0.7428571428571429,2.9695625899091875,0.010062710456374907,0.006638910768538286,11.257142857142858,0.3962657901183566,66.62658940665857,5.039225790441332,-0.11458813064392548,581.4440730663107,0.21923076923076923,139626.57901183565
7,-85,-20,10,-50,50,29,0.7241379310344828,3.3607286229324127,0.012138266041221847,0.0058291796908001015,13.482758620689655,0.3966950924846586,66.88955289280159,5.008521570196987,-0.11694137683250705,571.9921785135663,0.21346153846153845,139669.50924846585
10,-80,-40,7,-50,0,30,0.7333333333333333,3.3012793895930694,0.011722202458438462,0.005062882110220102,13.066666666666666,0.39697561324738495,67.06189044479736,5.039513149794621,-0.11755422376244384,570.4762304442373,0.2153846153846154,139697.5613247385
10,-80,-30,7,-50,0,30,0.7333333333333333,3.3012793895930694,0.011722202458438462,0.005062882110220102,13.066666666666666,0.39697561324738495,67.06189044479736,5.039513149794621,-0.11755422376244384,570.4762304442373,0.2153846153846154,139697.5613247385
10,-80,-20,7,-50,0,30,0.7333333333333333,3.3012793895930694,0.011722202458438462,0.005062882110220102,13.066666666666666,0.39697561324738495,67.06189044479736,5.039513149794621,-0.11755422376244384,570.4762304442373,0.2153846153846154,139697.5613247385
2,-80,-30,5,-80,0,35,0.7428571428571429,2.9599139041469984,0.010013414266648877,0.006309093453046755,11.228571428571428,0.39387260782662725,65.17778416667205,5.015573516150154,-0.11462123243739941,568.6362184446849,0.2173076923076923,139387.26078266272
2,-80,-30,5,-50,50,40,0.775,2.6120877553294193,0.009296741595909458,0.006760687981800628,10.15,0.41839983752930565,81.47998315255406,5.044694825145157,-0.1433871438347274,568.2516645039703,0.2423076923076923,141839.98375293057
7,-80,-40,7,-80,0,32,0.75,3.3219345331277585,0.01084042810094233,0.005929482689569943,12.34375,0.390782919403039,63.349586692430066,4.973807751254331,-0.11168267349218641,567.228422382476,0.22115384615384615,139078.2919403039
7,-80,-30,7,-80,0,32,0.75,3.3219345331277585,0.01084042810094233,0.005929482689569943,12.34375,0.390782919403039,63.349586692430066,4.973807751254331,-0.11168267349218641,567.228422382476,0.22115384615384615,139078.2919403039
5,-80,-40,7,-80,50,34,0.7647058823529411,2.820677747498252,0.010122775633969494,0.0064740021107925205,11.970588235294118,0.3839969683736284,59.49634701074495,4.933058145358233,-0.10557567693207992,563.5421788393626,0.24423076923076922,138399.69683736283
5,-80,-30,7,-80,50,34,0.7647058823529411,2.820677747498252,0.010122775633969494,0.0064740021107925205,11.970588235294118,0.3839969683736284,59.49634701074495,4.933058145358233,-0.10557567693207992,563.5421788393626,0.24423076923076922,138399.69683736283
3,-80,-30,7,-80,50,34,0.7647058823529411,2.768738710547485,0.010100270987466875,0.0064740021107925205,11.882352941176471,0.38286310063679063,58.8736223953456,4.913516789328002,-0.10449067525574551,563.4342227308783,0.23846153846153847,138286.31006367906
7,-85,-20,10,-50,0,29,0.7241379310344828,3.3501637501607955,0.01208394415299301,0.0058291796908001015,13.448275862068966,0.3945127564026514,65.56249644133219,4.9871165611969595,-0.11684287626418843,561.1167624211135,0.21153846153846154,139451.27564026514
2,-80,-30,5,-50,0,40,0.775,2.6046081389343465,0.00925360742989918,0.006760687981800628,10.125,0.41596871775412314,79.71296469378086,5.022201726179489,-0.1433871438347274,555.9282552253121,0.2403846153846154,141596.87177541232
5,-80,-40,7,-80,0,34,0.7647058823529411,2.8107569148063565,0.0100676168539052,0.006169439570693269,11.911764705882353,0.38141854045729007,58.088814306232436,4.907246317572443,-0.1055756769320797,550.2101998702113,0.2403846153846154,138141.854045729
5,-80,-30,7,-80,0,34,0.7647058823529411,2.8107569148063565,0.0100676168539052,0.006169439570693269,11.911764705882353,0.38141854045729007,58.088814306232436,4.907246317572443,-0.1055756769320797,550.2101998702113,0.2403846153846154,138141.854045729
3,-80,-30,7,-80,0,34,0.7647058823529411,2.7590794182723224,0.010045112207402581,0.006169439570693269,11.823529411764707,0.38028678515009906,57.48057825593513,4.8877572346964655,-0.10449067525574529,550.1024671842632,0.23461538461538461,138028.6785150099
5,-80,-20,5,-50,50,43,0.7906976744186046,2.315121894402955,0.008949905084621599,0.006644888261934989,16.25581395348837,0.42898911102933,89.59997816971291,4.820229296644838,-0.16462165361500625,544.278205218717,0.3019230769230769,142898.911102933
5,-80,-40,3,-50,50,45,0.7555555555555555,2.4007181987361053,0.008377531913708955,0.006876487701666267,18.155555555555555,0.4244803962987953,86.05665914908714,4.965507697838698,-0.1642760069050161,523.8540963492304,0.25961538461538464,142448.03962987952
5,-80,-30,3,-50,50,45,0.7555555555555555,2.4007181987361053,0.008377531913708955,0.006876487701666267,18.155555555555555,0.4244803962987953,86.05665914908714,4.965507697838698,-0.1642760069050161,523.8540963492304,0.25961538461538464,142448.03962987952
7,-85,-20,7,-80,50,30,0.7333333333333333,3.266940573106326,0.011289256007869697,0.005929482689569943,13.1,0.37890188160798344,56.74413823939133,4.865849581210709,-0.10924839727219082,519.4047661680027,0.2173076923076923,137890.18816079834
2,-80,-20,10,-50,50,31,0.7419354838709677,2.7671575560685517,0.011203442893810847,0.006876487701666267,12.838709677419354,0.3875102895037348,61.463945156854315,4.944353083333442,-0.12017311405419462,511.4616995706364,0.22692307692307692,138751.02895037347
7,-85,-20,5,-50,50,31,0.7419354838709677,2.845525980126809,0.010942209657673917,0.006029785688339784,12.709677419354838,0.3763791608222591,55.42455249904901,4.837577767460776,-0.10924839727219093,507.3260009568788,0.21923076923076923,137637.91608222591
7,-85,-20,7,-80,0,30,0.7333333333333333,3.2543875846787347,0.011226742723796831,0.005562938765370284,13.033333333333333,0.37633294599130496,55.400639547620536,4.8401407010251205,-0.10941468142202437,506.336433352433,0.21346153846153845,137633.2945991305
2,-80,-20,10,-50,0,31,0.7419354838709677,2.7591419765132663,0.011152625643532258,0.006638910768538286,12.806451612903226,0.3853423046763855,60.24294460710091,4.922810209603013,-0.12007497396925126,501.7110778015067,0.225,138534.23046763855
5,-80,-20,5,-50,0,43,0.7906976744186046,2.2913859523911877,0.008788372964288494,0.006644888261934989,16.186046511627907,0.419220348710841,82.08435140226159,4.73747791954368,-0.16462165361500625,498.62426721960173,0.29615384615384616,141922.0348710841
7,-85,-40,10,-50,50,29,0.7241379310344828,3.2835408460287474,0.011741386127924846,0.0058291796908001015,13.448275862068966,0.3813478758594837,58.05066740187826,4.861851130332544,-0.11694137683250683,496.40827715773565,0.21153846153846154,138134.78758594836
7,-85,-30,10,-50,50,29,0.7241379310344828,3.2835408460287474,0.011741386127924846,0.0058291796908001015,13.448275862068966,0.3813478758594837,58.05066740187826,4.861851130332544,-0.11694137683250683,496.40827715773565,0.21153846153846154,138134.78758594836
7,-85,-20,5,-50,0,31,0.7419354838709677,2.836138806851762,0.01088655266927356,0.0058291796908001015,12.67741935483871,0.3740200639671347,54.215735256574156,4.813950082154492,-0.10928169869564297,496.10992420211824,0.2173076923076923,137402.00639671346
7,-80,-20,7,-100,0,30,0.7333333333333333,3.249743611614117,0.0112036159592746,0.005929482689569943,13.1,0.37545469588135716,54.947976316857726,4.824414478351837,-0.1117808148252496,491.56893696614753,0.2173076923076923,137545.46958813572
7,-80,-20,7,-100,50,30,0.7333333333333333,3.249743611614117,0.0112036159592746,0.005929482689569943,13.1,0.37545469588135716,54.947976316857726,4.824414478351837,-0.1117808148252496,491.56893696614753,0.2173076923076923,137545.46958813572
7,-85,-40,10,-50,0,29,0.7241379310344828,3.2729759732571306,0.01168706423969601,0.0058291796908001015,13.413793103448276,0.3791895198034527,56.8963871658161,4.840422326765573,-0.11684287626418832,486.9478481270023,0.20961538461538462,137918.95198034527
7,-85,-30,10,-50,0,29,0.7241379310344828,3.2729759732571306,0.01168706423969601,0.0058291796908001015,13.413793103448276,0.3791895198034527,56.8963871658161,4.840422326765573,-0.11684287626418832,486.9478481270023,0.20961538461538462,137918.95198034527
5,-80,-20,7,-100,0,32,0.75,2.751904913117529,0.010349181323493245,0.006169439570693269,12.53125,0.3658507080833713,50.21155594816511,4.754080781470674,-0.10449067525574485,480.53623756637086,0.2326923076923077,136585.07080833713
5,-80,-20,7,-100,50,32,0.75,2.751904913117529,0.010349181323493245,0.006169439570693269,12.53125,0.3658507080833713,50.21155594816511,4.754080781470674,-0.10449067525574485,480.53623756637086,0.2326923076923077,136585.07080833713
5,-80,-20,5,-80,50,39,0.7692307692307693,2.4177991273064796,0.008811786747903715,0.006309093453046755,17.692307692307693,0.37936815011212954,56.99112340702482,4.539523604231259,-0.12035673720079088,473.5183483077201,0.2846153846153846,137936.81501121295
7,-85,-40,7,-80,50,30,0.7333333333333333,3.1899015661460073,0.01090560542501593,0.005929482689569943,13.066666666666666,0.36375018100004697,49.226135779189455,4.717846801964425,-0.10924839727219138,450.589088794987,0.2153846153846154,136375.0181000047
7,-85,-30,7,-80,50,30,0.7333333333333333,3.1899015661460073,0.01090560542501593,0.005929482689569943,13.066666666666666,0.36375018100004697,49.226135779189455,4.717846801964425,-0.10924839727219138,450.589088794987,0.2153846153846154,136375.0181000047
3,-80,-40,5,-80,0,37,0.7567567567567568,2.5109002725506584,0.008905138099931143,0.006029785688339784,11.08108108108108,0.3621510716490506,48.487684174328194,4.662882977677785,-0.10862374081325954,446.3820138332906,0.25,136215.10716490506
3,-80,-40,5,-80,50,37,0.7567567567567568,2.5109002725506584,0.008905138099931143,0.006029785688339784,11.08108108108108,0.3621510716490506,48.487684174328194,4.662882977677785,-0.10862374081325954,446.3820138332906,0.25,136215.10716490506
5,-80,-30,5,-50,50,43,0.7906976744186046,2.260077396561819,0.00857530632445688,0.006644888261934989,16.209302325581394,0.40689992476913583,73.42448778794544,4.6352202432369225,-0.16462165361500625,446.0196224225776,0.2980769230769231,140689.99247691358
7,-85,-40,5,-50,50,31,0.7419354838709677,2.782906341831328,0.010570934900073497,0.006029785688339784,12.67741935483871,0.361255180468081,48.078353604453696,4.689650361289948,-0.10924839727219082,440.08291933717953,0.2173076923076923,136125.5180468081
7,-85,-30,5,-50,50,31,0.7419354838709677,2.782906341831328,0.010570934900073497,0.006029785688339784,12.67741935483871,0.361255180468081,48.078353604453696,4.689650361289948,-0.10924839727219082,440.08291933717953,0.2173076923076923,136125.5180468081
7,-85,-40,7,-80,0,30,0.7333333333333333,3.177348577718416,0.010843092140943063,0.005562938765370284,13.0,0.36120947345663845,48.057554001550436,4.692107531303726,-0.10941468142202426,439.2239997134137,0.21153846153846154,136120.94734566385
7,-85,-30,7,-80,0,30,0.7333333333333333,3.177348577718416,0.010843092140943063,0.005562938765370284,13.0,0.36120947345663845,48.057554001550436,4.692107531303726,-0.10941468142202426,439.2239997134137,0.21153846153846154,136120.94734566385
5,-80,-20,5,-80,0,39,0.7692307692307693,2.389143265854995,0.00863368723061337,0.006029785688339784,17.615384615384617,0.3699386033758123,52.180530202068454,4.45315378173147,-0.12035673720079088,433.5488931958648,0.27884615384615385,136993.86033758122
5,-80,-30,5,-50,0,43,0.7906976744186046,2.2520548390643693,0.008520709766948657,0.006644888261934989,16.162790697674417,0.4036256192328591,71.26717796628594,4.606993263967731,-0.16462165361500625,432.9149683610608,0.29423076923076924,140362.56192328592
7,-85,-40,5,-50,0,31,0.7419354838709677,2.773519168556281,0.010515277911673138,0.0058291796908001015,12.64516129032258,0.3589220059281928,47.02691841459858,4.665994569769367,-0.1092816986956422,430.32748370403823,0.2153846153846154,135892.20059281928
7,-85,-30,5,-50,0,31,0.7419354838709677,2.773519168556281,0.010515277911673138,0.0058291796908001015,12.64516129032258,0.3589220059281928,47.02691841459858,4.665994569769367,-0.1092816986956422,430.32748370403823,0.2153846153846154,135892.20059281928
7,-80,-40,7,-100,0,30,0.7333333333333333,3.1727046046537986,0.010819965376420833,0.005929482689569943,13.066666666666666,0.36034087376700374,47.66382529446984,4.6766134381449485,-0.11178081482524915,426.40434647917317,0.2153846153846154,136034.08737670036
7,-80,-40,7,-100,50,30,0.7333333333333333,3.1727046046537986,0.010819965376420833,0.005929482689569943,13.066666666666666,0.36034087376700374,47.66382529446984,4.6766134381449485,-0.11178081482524915,426.40434647917317,0.2153846153846154,136034.08737670036
7,-80,-30,7,-100,0,30,0.7333333333333333,3.1727046046537986,0.010819965376420833,0.005929482689569943,13.066666666666666,0.36034087376700374,47.66382529446984,4.6766134381449485,-0.11178081482524915,426.40434647917317,0.2153846153846154,136034.08737670036
7,-80,-30,7,-100,50,30,0.7333333333333333,3.1727046046537986,0.010819965376420833,0.005929482689569943,13.066666666666666,0.36034087376700374,47.66382529446984,4.6766134381449485,-0.11178081482524915,426.40434647917317,0.2153846153846154,136034.08737670036
2,-80,-40,5,-50,50,42,0.6666666666666666,2.4549350371515737,0.008279232458999216,0.0064740021107925205,9.5,0.3861130670829316,60.67449438275186,4.776436764706528,-0.1433871438347274,423.15156547568324,0.22884615384615384,138611.30670829315
2,-80,-40,5,-50,0,42,0.6666666666666666,2.447715894356065,0.008238152300894188,0.006155127484089418,9.476190476190476,0.3837372864328903,59.3532044667701,4.753742905344004,-0.1433871438347274,413.9367231917424,0.22692307692307692,138373.72864328904
2,-80,-40,5,-120,0,29,0.6896551724137931,3.101947320598022,0.009927712159953767,0.006309093453046755,12.344827586206897,0.3142530553877738,30.4946339800817,4.469409224780435,-0.07459912146492331,408.78006846796916,0.15,131425.30553877738
2,-80,-40,5,-120,50,29,0.6896551724137931,3.101947320598022,0.009927712159953767,0.006309093453046755,12.344827586206897,0.3142530553877738,30.4946339800817,4.469409224780435,-0.07459912146492331,408.78006846796916,0.15,131425.30553877738
5,-80,-20,5,-100,50,34,0.7647058823529411,2.398504754837446,0.009708421416227549,0.006476990857490872,19.88235294117647,0.3607934708679543,47.8686190873511,4.3852905160392455,-0.12035673720079088,397.7228047275159,0.25769230769230766,136079.34708679543
5,-80,-20,5,-120,50,28,0.75,2.7642462807019994,0.01151012503975668,0.006169439570693269,14.035714285714286,0.3536033176536326,44.70713973352129,4.667405932283102,-0.11292246015986462,395.9100755529881,0.2173076923076923,135360.33176536325
5,-80,-40,7,-100,0,32,0.75,2.6666951520797952,0.009845814239521904,0.006169439570693269,12.46875,0.3447375096260803,41.06837459857213,4.542676177051207,-0.10449067525574507,393.0338711856886,0.22884615384615384,134473.75096260803
5,-80,-40,7,-100,50,32,0.75,2.6666951520797952,0.009845814239521904,0.006169439570693269,12.46875,0.3447375096260803,41.06837459857213,4.542676177051207,-0.10449067525574507,393.0338711856886,0.22884615384615384,134473.75096260803
5,-80,-30,7,-100,0,32,0.75,2.6666951520797952,0.009845814239521904,0.006169439570693269,12.46875,0.3447375096260803,41.06837459857213,4.542676177051207,-0.10449067525574507,393.0338711856886,0.22884615384615384,134473.75096260803
5,-80,-30,7,-100,50,32,0.75,2.6666951520797952,0.009845814239521904,0.006169439570693269,12.46875,0.3447375096260803,41.06837459857213,4.542676177051207,-0.10449067525574507,393.0338711856886,0.22884615384615384,134473.75096260803
5,-80,-30,5,-80,50,39,0.7692307692307693,2.351345160448111,0.008398767602081077,0.006309093453046755,17.641025641025642,0.3580460002412633,46.63753527325069,4.34633937174768,-0.12035673720079088,387.49418069921086,0.28076923076923077,135804.60002412632
5,-80,-20,3,-80,50,43,0.7209302325581395,2.2712320300027464,0.008199722222671757,0.006644888261934989,17.325581395348838,0.38964967627313074,62.69077644883428,4.706822093068822,-0.1642760069050161,381.61857979103365,0.25576923076923075,138964.96762731308
3,-80,-20,5,-120,50,28,0.75,2.72857236760159,0.011277384744405317,0.006476990857490872,13.892857142857142,0.3454463223093842,41.34916817451541,4.5901570805926415,-0.10856175046412975,380.8815535650167,0.20961538461538462,134544.6322309384
2,-80,-30,7,-50,50,35,0.7142857142857143,2.6430275964581202,0.009104358599052453,0.006876487701666267,11.285714285714286,0.3518156154274099,43.95089307726374,4.6557286847884924,-0.11541433056085504,380.80966950711166,0.22115384615384615,135181.561542741
7,-85,-20,7,-100,0,28,0.7142857142857143,3.1051576562047747,0.01123241227772769,0.005562938765370284,13.857142857142858,0.3462071874939028,41.65250191210033,4.541949329565737,-0.10951307332294047,380.34273578709883,0.2076923076923077,134620.71874939027
7,-85,-20,7,-100,50,28,0.7142857142857143,3.1051576562047747,0.01123241227772769,0.005562938765370284,13.857142857142858,0.3462071874939028,41.65250191210033,4.541949329565737,-0.10951307332294047,380.34273578709883,0.2076923076923077,134620.71874939027
5,-80,-30,5,-80,0,39,0.7692307692307693,2.341659709749777,0.008338571397648934,0.006029785688339784,17.58974358974359,0.3548853933929561,45.25668703661324,4.316876910664745,-0.12035673720079088,376.0212189959222,0.27692307692307694,135488.53933929562
7,-85,-20,5,-100,0,27,0.7407407407407407,2.8090294932576807,0.01171312527844786,0.006309093453046755,14.11111111111111,0.34589332363214575,41.52713237167021,4.597664511172076,-0.11121655588347912,373.3898432817676,0.19423076923076923,134589.33236321458
7,-85,-20,5,-100,50,27,0.7407407407407407,2.8090294932576807,0.01171312527844786,0.006309093453046755,14.11111111111111,0.34589332363214575,41.52713237167021,4.597664511172076,-0.11121655588347912,373.3898432817676,0.19423076923076923,134589.33236321458
5,-80,-20,7,-50,50,38,0.7631578947368421,2.3219765658261307,0.008525724270315402,0.0064740021107925205,18.05263157894737,0.3540212383844026,44.88561275064673,4.368700516468729,-0.12035673720079099,372.9380988100743,0.27692307692307694,135402.12383844025
5,-80,-20,5,-100,0,34,0.7647058823529411,2.3763865579425465,0.00955487687111248,0.006476990857490872,19.823529411764707,0.35381131899789064,44.79588663991302,4.320232487073417,-0.12035673720079088,372.1925974545168,0.25384615384615383,135381.13189978906
5,-80,-20,5,-120,0,28,0.75,2.7356681086330203,0.011323678092116953,0.006169439570693269,13.964285714285714,0.34665805804002536,41.83319293572588,4.595646570335558,-0.11292246015986462,370.4594540050095,0.21346153846153845,134665.80580400254
2,-80,-30,7,-50,0,35,0.7142857142857143,2.6333577177235576,0.009050775784132853,0.006876487701666267,11.228571428571428,0.3492971423380822,42.905047249712254,4.629580554030098,-0.11680808862333347,367.312296223479,0.2173076923076923,134929.71423380822
3,-80,-20,7,-100,0,31,0.7419354838709677,2.594520713568746,0.009986578808747197,0.006029785688339784,12.806451612903226,0.3372604475314007,38.209002883838934,4.467017635181823,-0.10449067525574529,365.669020611847,0.225,133726.04475314007
3,-80,-20,7,-100,50,31,0.7419354838709677,2.594520713568746,0.009986578808747197,0.006029785688339784,12.806451612903226,0.3372604475314007,38.209002883838934,4.467017635181823,-0.10449067525574529,365.669020611847,0.225,133726.04475314007
5,-80,-20,7,-50,0,38,0.7631578947368421,2.314324081541022,0.008476371677626297,0.006169439570693269,18.0,0.3514986561532676,43.81801935361672,4.344727625652182,-0.12035673720079099,364.0678567126257,0.27307692307692305,135149.86561532677
3,-80,-40,7,-50,0,37,0.7297297297297297,2.439240086434693,0.008619105620286347,0.006029785688339784,11.054054054054054,0.349315248850836,42.912485693183,4.600833414634656,-0.11962123312625483,358.7363595214806,0.24807692307692308,134931.5248850836
3,-80,-40,7,-50,50,37,0.7297297297297297,2.439240086434693,0.008619105620286347,0.006029785688339784,11.054054054054054,0.349315248850836,42.912485693183,4.600833414634656,-0.11962123312625483,358.7363595214806,0.24807692307692308,134931.5248850836
3,-80,-30,5,-120,0,28,0.75,2.6999941955326108,0.01109093779676559,0.006476990857490872,13.821428571428571,0.33854291576276707,38.68636194831003,4.5182479351556015,-0.10856175046412975,356.3535203044881,0.20576923076923076,133854.2915762767
3,-80,-30,5,-120,50,28,0.75,2.6999941955326108,0.01109093779676559,0.006476990857490872,13.821428571428571,0.33854291576276707,38.68636194831003,4.5182479351556015,-0.10856175046412975,356.3535203044881,0.20576923076923076,133854.2915762767
3,-80,-20,5,-120,0,28,0.75,2.6999941955326108,0.01109093779676559,0.006476990857490872,13.821428571428571,0.33854291576276707,38.68636194831003,4.5182479351556015,-0.10856175046412975,356.3535203044881,0.20576923076923076,133854.2915762767
7,-90,-40,7,-50,50,25,0.76,3.323439272763213,0.011337850692755298,0.006876487701666267,12.08,0.30897810836945316,28.935523094316096,4.473216161820926,-0.08139134490017674,355.5110574693706,0.17692307692307693,130897.81083694533
7,-90,-30,7,-50,50,25,0.76,3.323439272763213,0.011337850692755298,0.006876487701666267,12.08,0.30897810836945316,28.935523094316096,4.473216161820926,-0.08139134490017674,355.5110574693706,0.17692307692307693,130897.81083694533
7,-90,-20,7,-50,50,25,0.76,3.323439272763213,0.011337850692755298,0.006876487701666267,12.08,0.30897810836945316,28.935523094316096,4.473216161820926,-0.08139134490017674,355.5110574693706,0.17692307692307693,130897.81083694533
5,-85,-40,5,-100,50,31,0.7741935483870968,2.744920593842047,0.010282360752508263,0.006309093453046755,10.612903225806452,0.349039076334005,42.79915566164341,4.671888485510688,-0.12049446138570363,355.1960411246041,0.22884615384615384,134903.9076334005
3,-80,-40,5,-50,0,43,0.7674418604651163,2.284510537025207,0.00818034117063187,0.006644888261934989,9.883720930232558,0.38461684436015964,59.83930129123347,4.6874155440498475,-0.16915938201906144,353.7450928053791,0.27884615384615385,138461.68443601596
3,-80,-40,5,-50,50,43,0.7674418604651163,2.284510537025207,0.00818034117063187,0.006644888261934989,9.883720930232558,0.38461684436015964,59.83930129123347,4.6874155440498475,-0.16915938201906144,353.7450928053791,0.27884615384615385,138461.68443601596
7,-80,-20,10,-50,50,34,0.7352941176470589,2.5283437618037166,0.009320628529068554,0.006169439570693269,19.705882352941178,0.3471752270320121,42.04132152646276,4.288416736948335,-0.11905965621840242,353.1113969398868,0.24615384615384617,134717.52270320122
5,-85,-40,5,-100,0,31,0.7741935483870968,2.7415140757314242,0.010262287032106894,0.006309093453046755,10.580645161290322,0.34821024716031657,42.46065263435783,4.6631222743521175,-0.12049446138570363,352.3867582464307,0.22692307692307692,134821.02471603165
7,-90,-40,7,-50,0,25,0.76,3.308066431131727,0.011262834751867859,0.006876487701666267,12.0,0.3065394428422723,28.239030994149182,4.444979099377372,-0.08139134490017674,346.9537335792059,0.17307692307692307,130653.94428422724
7,-90,-30,7,-50,0,25,0.76,3.308066431131727,0.011262834751867859,0.006876487701666267,12.0,0.3065394428422723,28.239030994149182,4.444979099377372,-0.08139134490017674,346.9537335792059,0.17307692307692307,130653.94428422724
7,-90,-20,7,-50,0,25,0.76,3.308066431131727,0.011262834751867859,0.006876487701666267,12.0,0.3065394428422723,28.239030994149182,4.444979099377372,-0.08139134490017674,346.9537335792059,0.17307692307692307,130653.94428422724
5,-90,-40,5,-80,50,27,0.7407407407407407,2.803635564616276,0.01086032033606678,0.006876487701666267,11.592592592592593,0.3179784750523067,31.640429861196466,4.49895396634838,-0.09137340287505513,346.27614673015836,0.19807692307692307,131797.84750523066
7,-80,-20,5,-120,0,25,0.72,2.8600910317726242,0.012523881416510493,0.006029785688339784,14.96,0.34156735423475504,39.83338414874335,4.560781332813719,-0.11525442460953361,345.61262427619124,0.18076923076923077,134156.7354234755
7,-80,-20,5,-120,50,25,0.72,2.8600910317726242,0.012523881416510493,0.006029785688339784,14.96,0.34156735423475504,39.83338414874335,4.560781332813719,-0.11525442460953361,345.61262427619124,0.18076923076923077,134156.7354234755
5,-90,-40,5,-80,0,27,0.7407407407407407,2.7998079169410657,0.010837272731161505,0.006876487701666267,11.555555555555555,0.3171687290415499,31.3881673654244,4.4897908440130605,-0.09137340287505513,343.515359807108,0.19615384615384615,131716.872904155
3,-80,-30,7,-100,0,31,0.7419354838709677,2.567632308190769,0.009818175114104863,0.006029785688339784,12.741935483870968,0.33039904223046346,35.74364213408006,4.395839910390694,-0.10449067525574529,342.0749463681425,0.22115384615384615,133039.90422304635
3,-80,-30,7,-100,50,31,0.7419354838709677,2.567632308190769,0.009818175114104863,0.006029785688339784,12.741935483870968,0.33039904223046346,35.74364213408006,4.395839910390694,-0.10449067525574529,342.0749463681425,0.22115384615384615,133039.90422304635
5,-80,-20,3,-50,0,45,0.7333333333333333,2.264795221083838,0.007608971242680259,0.0058291796908001015,18.11111111111111,0.37599014433498756,55.22355471299193,4.536654038009077,-0.1642760069050161,336.1632398632749,0.25576923076923075,137599.01443349876
10,-85,-40,10,-50,50,26,0.6923076923076923,3.099060784912268,0.011269849298439648,0.005562938765370284,14.653846153846153,0.3187367474636098,31.87829571613527,4.287859601051879,-0.0957558273880551,332.91233114144524,0.19423076923076923,131873.67474636098
10,-85,-30,10,-50,50,26,0.6923076923076923,3.099060784912268,0.011269849298439648,0.005562938765370284,14.653846153846153,0.3187367474636098,31.87829571613527,4.287859601051879,-0.0957558273880551,332.91233114144524,0.19423076923076923,131873.67474636098
10,-85,-20,10,-50,50,26,0.6923076923076923,3.099060784912268,0.011269849298439648,0.005562938765370284,14.653846153846153,0.3187367474636098,31.87829571613527,4.287859601051879,-0.0957558273880551,332.91233114144524,0.19423076923076923,131873.67474636098
5,-80,-40,3,-80,50,43,0.7209302325581395,2.229735254810711,0.00793205902533192,0.006644888261934989,17.302325581395348,0.3743798763507089,54.39855097567219,4.568096864281596,-0.1642760069050161,331.14118123850716,0.25384615384615383,137437.9876350709
5,-80,-30,3,-80,50,43,0.7209302325581395,2.229735254810711,0.00793205902533192,0.006644888261934989,17.302325581395348,0.3743798763507089,54.39855097567219,4.568096864281596,-0.1642760069050161,331.14118123850716,0.25384615384615383,137437.9876350709
7,-85,-40,7,-100,0,28,0.7142857142857143,3.0281186492444556,0.01082135808181294,0.005562938765370284,13.821428571428571,0.3314147439319488,36.09935618881432,4.393286923734969,-0.10951307332294036,329.63513024935236,0.20576923076923076,133141.4743931949
7,-85,-40,7,-100,50,28,0.7142857142857143,3.0281186492444556,0.01082135808181294,0.005562938765370284,13.821428571428571,0.3314147439319488,36.09935618881432,4.393286923734969,-0.10951307332294036,329.63513024935236,0.20576923076923076,133141.4743931949
7,-85,-30,7,-100,0,28,0.7142857142857143,3.0281186492444556,0.01082135808181294,0.005562938765370284,13.821428571428571,0.3314147439319488,36.09935618881432,4.393286923734969,-0.10951307332294036,329.63513024935236,0.20576923076923076,133141.4743931949
7,-85,-30,7,-100,50,28,0.7142857142857143,3.0281186492444556,0.01082135808181294,0.005562938765370284,13.821428571428571,0.3314147439319488,36.09935618881432,4.393286923734969,-0.10951307332294036,329.63513024935236,0.20576923076923076,133141.4743931949
5,-80,-30,5,-100,50,34,0.7647058823529411,2.3302596976800123,0.00923466416072511,0.006476990857490872,19.823529411764707,0.339758446732602,39.14373974425719,4.190995663179168,-0.12035673720079088,325.2309812865214,0.25384615384615383,133975.8446732602
2,-80,-40,7,-50,50,37,0.6216216216216216,2.4399705738055886,0.00796257544534718,0.006029785688339784,10.486486486486486,0.3210444891861983,32.61207770212235,4.367964982998326,-0.10050171737984503,324.4927405455709,0.2076923076923077,132104.44891861983
7,-90,-40,10,-50,50,24,0.75,3.2711190343832106,0.011517063980594636,0.006914792221075494,12.5,0.29984887653805004,26.404072307749946,4.367917140954447,-0.08139134490017674,324.40884642136695,0.17307692307692307,129984.88765380501
7,-90,-30,10,-50,50,24,0.75,3.2711190343832106,0.011517063980594636,0.006914792221075494,12.5,0.29984887653805004,26.404072307749946,4.367917140954447,-0.08139134490017674,324.40884642136695,0.17307692307692307,129984.88765380501
7,-90,-20,10,-50,50,24,0.75,3.2711190343832106,0.011517063980594636,0.006914792221075494,12.5,0.29984887653805004,26.404072307749946,4.367917140954447,-0.08139134490017674,324.40884642136695,0.17307692307692307,129984.88765380501
5,-80,-40,5,-120,50,28,0.75,2.6760691568808346,0.010934848372360861,0.006169439570693269,13.964285714285714,0.3326794382655467,36.54670289817572,4.453783864528131,-0.11292246015986451,323.64423203706764,0.21346153846153845,133267.94382655466
5,-80,-30,5,-120,50,28,0.75,2.6760691568808346,0.010934848372360861,0.006169439570693269,13.964285714285714,0.3326794382655467,36.54670289817572,4.453783864528131,-0.11292246015986451,323.64423203706764,0.21346153846153845,133267.94382655466
7,-85,-40,5,-100,0,27,0.7407407407407407,2.7431930725293516,0.011286846853054786,0.006309093453046755,14.074074074074074,0.33110432888067676,35.99030914521514,4.446756384267928,-0.11121655588347867,323.6056795619719,0.19230769230769232,133110.43288806768
7,-85,-40,5,-100,50,27,0.7407407407407407,2.7431930725293516,0.011286846853054786,0.006309093453046755,14.074074074074074,0.33110432888067676,35.99030914521514,4.446756384267928,-0.11121655588347867,323.6056795619719,0.19230769230769232,133110.43288806768
7,-85,-30,5,-100,0,27,0.7407407407407407,2.7431930725293516,0.011286846853054786,0.006309093453046755,14.074074074074074,0.33110432888067676,35.99030914521514,4.446756384267928,-0.11121655588347867,323.6056795619719,0.19230769230769232,133110.43288806768
7,-85,-30,5,-100,50,27,0.7407407407407407,2.7431930725293516,0.011286846853054786,0.006309093453046755,14.074074074074074,0.33110432888067676,35.99030914521514,4.446756384267928,-0.11121655588347867,323.6056795619719,0.19230769230769232,133110.43288806768
5,-80,-30,5,-100,0,34,0.7647058823529411,2.32762320861014,0.00921636165094739,0.006476990857490872,19.794117647058822,0.3389353194371605,38.83348770344218,4.18316168390462,-0.12035673720079088,322.6532108348564,0.2519230769230769,133893.53194371605
5,-95,-20,5,-50,50,22,0.7272727272727273,2.900238834346447,0.013669979130019121,0.007357538142709896,10.227272727272727,0.32727994388138226,34.67082222940816,4.6261494982442,-0.10752807733078962,322.4350615211875,0.16346153846153846,132727.99438813824
5,-80,-40,5,-120,0,28,0.75,2.6726626387702117,0.010912623896202202,0.006169439570693269,13.928571428571429,0.33186066020567706,36.256522130906866,4.445127389312902,-0.11292246015986451,321.0744973106187,0.21153846153846154,133186.0660205677
5,-80,-30,5,-120,0,28,0.75,2.6726626387702117,0.010912623896202202,0.006169439570693269,13.928571428571429,0.33186066020567706,36.256522130906866,4.445127389312902,-0.11292246015986451,321.0744973106187,0.21153846153846154,133186.0660205677
7,-80,-20,10,-50,0,34,0.7352941176470589,2.4915419881409004,0.009096192332124779,0.005929482689569943,19.61764705882353,0.33701289911910104,38.117471661256474,4.191835432456522,-0.11905965621840242,320.1543904287274,0.2403846153846154,133701.2899119101
3,-80,-20,5,-100,50,33,0.7575757575757576,2.3241670688217897,0.009470925765209932,0.006644888261934989,20.303030303030305,0.337845017129498,38.42593121731771,4.17334674049763,-0.12035673720079088,319.266973424278,0.24615384615384617,133784.5017129498
2,-80,-30,10,-50,50,32,0.71875,2.663565877663642,0.009678215970839402,0.006592790577356511,12.03125,0.3398805323140326,39.18994509387603,4.549285959347352,-0.12305405801518099,318.4774701947759,0.20192307692307693,133988.05323140326
7,-90,-40,10,-50,0,24,0.75,3.2581752958506423,0.011451425032318127,0.006757699235102277,12.458333333333334,0.29781786266845955,25.86839709112341,4.344207191629978,-0.08139134490017674,317.827370009059,0.17115384615384616,129781.78626684596
7,-90,-30,10,-50,0,24,0.75,3.2581752958506423,0.011451425032318127,0.006757699235102277,12.458333333333334,0.29781786266845955,25.86839709112341,4.344207191629978,-0.08139134490017674,317.827370009059,0.17115384615384616,129781.78626684596
7,-90,-20,10,-50,0,24,0.75,3.2581752958506423,0.011451425032318127,0.006757699235102277,12.458333333333334,0.29781786266845955,25.86839709112341,4.344207191629978,-0.08139134490017674,317.827370009059,0.17115384615384616,129781.78626684596
2,-80,-40,7,-50,0,37,0.6216216216216216,2.430804319492854,0.007911888998801613,0.004763512246352297,10.432432432432432,0.3185833436291776,31.830045381659204,4.341546841714954,-0.10050171737984503,316.7114573909014,0.20384615384615384,131858.33436291775
2,-80,-30,10,-50,0,32,0.71875,2.6551039838398576,0.00962898675963202,0.0064740021107925205,12.0,0.3377869689822921,38.40434077556153,4.527228109771525,-0.12295623928445987,312.341537111532,0.2,133778.69689822922
5,-85,-40,5,-80,50,33,0.7575757575757576,2.617121468549571,0.009263479541513537,0.006029785688339784,10.181818181818182,0.33167812132192687,36.192111208457085,4.470390664351096,-0.11621527529059705,311.4230131792785,0.2423076923076923,133167.8121321927
7,-80,-30,10,-50,50,34,0.7352941176470589,2.472835957431791,0.008982113308903465,0.006169439570693269,19.676470588235293,0.33237214642223467,36.43755340397773,4.1501072913081645,-0.11905965621840242,306.0445037497578,0.24423076923076922,133237.21464222347
5,-80,-30,7,-50,50,38,0.7631578947368421,2.2562495873022614,0.008101836199602693,0.0064740021107925205,18.0,0.3330908988149248,36.69331179535055,4.171791082160897,-0.12035673720079099,304.871273920754,0.27307692307692305,133309.0898814925
5,-95,-40,5,-50,50,22,0.7272727272727273,2.871184677806671,0.013460968711770488,0.007357538142709896,10.181818181818182,0.32128152331569204,32.68829407767692,4.558898433348218,-0.10752807733078962,303.9977547177526,0.16153846153846155,132128.1523315692
5,-95,-30,5,-50,50,22,0.7272727272727273,2.871184677806671,0.013460968711770488,0.007357538142709896,10.181818181818182,0.32128152331569204,32.68829407767692,4.558898433348218,-0.10752807733078962,303.9977547177526,0.16153846153846155,132128.1523315692
5,-85,-40,5,-80,0,33,0.7575757575757576,2.604702421522526,0.009192338572639186,0.0058291796908001015,10.121212121212121,0.3285788809506549,35.114039874907775,4.437451010557266,-0.11624831625203624,302.06063199038124,0.23846153846153847,132857.8880950655
5,-95,-40,5,-50,0,22,0.7272727272727273,2.8672527347327135,0.013432683014841285,0.007357538142709896,10.136363636363637,0.32046974796211547,32.42793313333643,4.549677420771572,-0.10752807733078962,301.5764248585798,0.1596153846153846,132046.97479621155
5,-95,-30,5,-50,0,22,0.7272727272727273,2.8672527347327135,0.013432683014841285,0.007357538142709896,10.136363636363637,0.32046974796211547,32.42793313333643,4.549677420771572,-0.10752807733078962,301.5764248585798,0.1596153846153846,132046.97479621155
5,-95,-20,5,-50,0,22,0.7272727272727273,2.8672527347327135,0.013432683014841285,0.007357538142709896,10.136363636363637,0.32046974796211547,32.42793313333643,4.549677420771572,-0.10752807733078962,301.5764248585798,0.1596153846153846,132046.97479621155
7,-80,-40,5,-120,0,25,0.72,2.7917136668231435,0.012063500717085974,0.006029785688339784,14.92,0.32682589426006836,34.51707860070812,4.40949706195776,-0.11525442460953383,299.48593051978037,0.17884615384615385,132682.58942600683
7,-80,-40,5,-120,50,25,0.72,2.7917136668231435,0.012063500717085974,0.006029785688339784,14.92,0.32682589426006836,34.51707860070812,4.40949706195776,-0.11525442460953383,299.48593051978037,0.17884615384615385,132682.58942600683
7,-80,-30,5,-120,0,25,0.72,2.7917136668231435,0.012063500717085974,0.006029785688339784,14.92,0.32682589426006836,34.51707860070812,4.40949706195776,-0.11525442460953383,299.48593051978037,0.17884615384615385,132682.58942600683
7,-80,-30,5,-120,50,25,0.72,2.7917136668231435,0.012063500717085974,0.006029785688339784,14.92,0.32682589426006836,34.51707860070812,4.40949706195776,-0.11525442460953383,299.48593051978037,0.17884615384615385,132682.58942600683
5,-90,-40,7,-50,0,28,0.75,2.7260092453664044,0.010021729944401833,0.006914792221075494,11.25,0.30315141922668865,27.2961460323634,4.4176829738009875,-0.09137340287505502,298.73185383812887,0.20192307692307693,130315.14192266887
5,-90,-40,7,-50,50,28,0.75,2.7260092453664044,0.010021729944401833,0.006914792221075494,11.25,0.30315141922668865,27.2961460323634,4.4176829738009875,-0.09137340287505502,298.73185383812887,0.20192307692307693,130315.14192266887
3,-80,-30,5,-100,0,33,0.7575757575757576,2.3020488719268903,0.009312728355091374,0.006644888261934989,20.242424242424242,0.3309806124360739,35.946930574688956,4.108195468983422,-0.12035673720079088,298.66986602269526,0.2423076923076923,133098.0612436074
3,-80,-30,5,-100,50,33,0.7575757575757576,2.3020488719268903,0.009312728355091374,0.006644888261934989,20.242424242424242,0.3309806124360739,35.946930574688956,4.108195468983422,-0.12035673720079088,298.66986602269526,0.2423076923076923,133098.0612436074
3,-80,-20,5,-100,0,33,0.7575757575757576,2.3020488719268903,0.009312728355091374,0.006644888261934989,20.242424242424242,0.3309806124360739,35.946930574688956,4.108195468983422,-0.12035673720079088,298.66986602269526,0.2423076923076923,133098.0612436074
5,-80,-30,7,-50,0,38,0.7631578947368421,2.2485971030171528,0.008052483606913588,0.006169439570693269,17.94736842105263,0.3306073104349867,35.81632381649059,4.147791086643244,-0.12035673720079099,297.58470235644774,0.2692307692307692,133060.73104349867
3,-80,-40,3,-50,50,51,0.7450980392156863,2.074547791653896,0.006311193180910276,0.006289773568151746,16.54901960784314,0.35449949936298975,45.0906412896424,4.241793603587812,-0.15332643053613837,294.0826387986299,0.31346153846153846,135449.94993629897
10,-85,-40,10,-50,0,26,0.6923076923076923,3.044396285358914,0.010976355810128556,0.005062882110220102,14.538461538461538,0.3087889433549664,28.88095521545715,4.18268500212468,-0.09860727795784441,292.8886773226216,0.18846153846153846,130878.89433549665
10,-85,-30,10,-50,0,26,0.6923076923076923,3.044396285358914,0.010976355810128556,0.005062882110220102,14.538461538461538,0.3087889433549664,28.88095521545715,4.18268500212468,-0.09860727795784441,292.8886773226216,0.18846153846153846,130878.89433549665
10,-85,-20,10,-50,0,26,0.6923076923076923,3.044396285358914,0.010976355810128556,0.005062882110220102,14.538461538461538,0.3087889433549664,28.88095521545715,4.18268500212468,-0.09860727795784441,292.8886773226216,0.18846153846153846,130878.89433549665
5,-90,-40,5,-100,50,26,0.7307692307692307,2.7608068883423713,0.010832850882207824,0.0064531366950030256,11.884615384615385,0.30297094032324323,27.246713162117285,4.331447629577358,-0.09307358794126752,292.74377151239565,0.19038461538461537,130297.09403232433
5,-80,-40,3,-50,0,45,0.7333333333333333,2.222280544808227,0.007353204187444414,0.0058291796908001015,18.08888888888889,0.360870438586149,47.90352474040545,4.399353161746998,-0.1642760069050161,291.60390274218884,0.25384615384615383,136087.0438586149
5,-80,-30,3,-50,0,45,0.7333333333333333,2.222280544808227,0.007353204187444414,0.0058291796908001015,18.08888888888889,0.360870438586149,47.90352474040545,4.399353161746998,-0.1642760069050161,291.60390274218884,0.25384615384615383,136087.0438586149
5,-90,-40,5,-100,0,26,0.7307692307692307,2.756916569647755,0.010808916830960037,0.0064531366950030256,11.846153846153847,0.30217041471449435,27.028407631524168,4.32227947945828,-0.09307358794126752,290.3982561473828,0.18846153846153846,130217.04147144944
2,-80,-40,7,-80,50,33,0.6363636363636364,2.538008176035032,0.008107155982326553,0.006029785688339784,11.393939393939394,0.2871921573136922,23.219686289310836,4.071997088100571,-0.08097371893608096,286.75583379886496,0.18461538461538463,128719.21573136923
2,-80,-40,10,-50,50,34,0.6470588235294118,2.503021306247446,0.008398030625464181,0.0042336276099852466,11.117647058823529,0.30938108213943094,29.052073826819356,4.2592094128354425,-0.10221636543942159,284.22135439786337,0.18846153846153846,130938.1082139431
7,-80,-40,10,-50,50,34,0.7352941176470589,2.4436316676523764,0.008804010487213697,0.005929482689569943,19.61764705882353,0.3243908452721469,33.70291729077763,4.073464602714802,-0.11905965621840242,283.0758828074656,0.2403846153846154,132439.0845272147
3,-85,-20,10,-50,50,30,0.7333333333333333,2.543163382898045,0.009702946084884246,0.006169439570693269,10.733333333333333,0.3138843040727466,30.383258503808655,4.368117554750465,-0.10850974178032835,280.00489177568767,0.2153846153846154,131388.43040727466
2,-80,-40,7,-80,0,33,0.6363636363636364,2.527226910444208,0.008050325724078492,0.004763512246352297,11.333333333333334,0.28479407966760495,22.65618118148701,4.044969480607777,-0.08097371893608096,279.79672267950724,0.18076923076923077,128479.4079667605
2,-80,-40,10,-50,0,34,0.6470588235294118,2.4947288799271643,0.008351697250210174,0.0042336276099852466,11.088235294117647,0.30733517419858813,28.46463736932954,4.236922574288829,-0.10211622237313855,278.7474576303667,0.18653846153846154,130733.51741985882
2,-80,-20,7,-80,50,30,0.7333333333333333,2.5141621004346275,0.009799397597712808,0.0064740021107925205,13.233333333333333,0.3167079124750425,31.245410606226258,4.259865565814265,-0.11250828855719697,277.7165221062066,0.225,131670.79124750424
7,-80,-40,10,-50,0,34,0.7352941176470589,2.4360341837689745,0.00875767711195969,0.005929482689569943,19.58823529411765,0.3223214845764091,33.02456946974755,4.053412145321873,-0.11905965621840242,277.3783372023807,0.23846153846153847,132232.1484576409
7,-80,-30,10,-50,0,34,0.7352941176470589,2.4360341837689745,0.00875767711195969,0.005929482689569943,19.58823529411765,0.3223214845764091,33.02456946974755,4.053412145321873,-0.11905965621840242,277.3783372023807,0.23846153846153847,132232.1484576409
10,-80,-40,7,-80,50,27,0.7037037037037037,2.9794248562809025,0.01100650279415074,0.005296697839940467,14.37037037037037,0.3240208324915703,33.58071819773013,4.341464872225195,-0.1216311608046966,276.08647303506996,0.2076923076923077,132402.08324915703
10,-80,-30,7,-80,50,27,0.7037037037037037,2.9794248562809025,0.01100650279415074,0.005296697839940467,14.37037037037037,0.3240208324915703,33.58071819773013,4.341464872225195,-0.1216311608046966,276.08647303506996,0.2076923076923077,132402.08324915703
10,-80,-20,7,-80,50,27,0.7037037037037037,2.9794248562809025,0.01100650279415074,0.005296697839940467,14.37037037037037,0.3240208324915703,33.58071819773013,4.341464872225195,-0.1216311608046966,276.08647303506996,0.2076923076923077,132402.08324915703
3,-85,-20,10,-50,0,30,0.7333333333333333,2.5348119712268997,0.009650434926263036,0.006169439570693269,10.7,0.31183135984763277,29.76980099980393,4.345452415135249,-0.10850974178032857,274.35141316685736,0.21346153846153845,131183.13598476327
5,-95,-40,3,-50,50,23,0.782608695652174,3.1401196023952904,0.01229534653839994,0.007281105990783576,12.347826086956522,0.30653651086019074,28.238202665602234,4.441466104861487,-0.10357560292874557,272.6337271242205,0.1423076923076923,130653.65108601908
5,-95,-30,3,-50,50,23,0.782608695652174,3.1401196023952904,0.01229534653839994,0.007281105990783576,12.347826086956522,0.30653651086019074,28.238202665602234,4.441466104861487,-0.10357560292874557,272.6337271242205,0.1423076923076923,130653.65108601908
5,-95,-20,3,-50,50,23,0.782608695652174,3.1401196023952904,0.01229534653839994,0.007281105990783576,12.347826086956522,0.30653651086019074,28.238202665602234,4.441466104861487,-0.10357560292874557,272.6337271242205,0.1423076923076923,130653.65108601908
2,-80,-20,7,-80,0,30,0.7333333333333333,2.5045028081594647,0.009736884313639942,0.006169439570693269,13.166666666666666,0.31425484609067067,30.49517572029761,4.233917142518741,-0.11267396415550024,270.6497099739166,0.22115384615384615,131425.48460906706
2,-80,-20,5,-120,50,27,0.7407407407407407,2.626332030161126,0.011003334448468818,0.006309093453046755,14.296296296296296,0.3207502838154752,32.517699223873834,4.333431207835373,-0.12030452206982767,270.2949038357824,0.20384615384615384,132075.0283815475
10,-80,-40,7,-80,0,27,0.7037037037037037,2.966933215792867,0.010937043589625332,0.004763512246352297,14.296296296296296,0.3215541419175867,32.77614909209169,4.315483446731265,-0.12179513335913039,269.1088567179981,0.20384615384615384,132155.41419175867
10,-80,-30,7,-80,0,27,0.7037037037037037,2.966933215792867,0.010937043589625332,0.004763512246352297,14.296296296296296,0.3215541419175867,32.77614909209169,4.315483446731265,-0.12179513335913039,269.1088567179981,0.20384615384615384,132155.41419175867
10,-80,-20,7,-80,0,27,0.7037037037037037,2.966933215792867,0.010937043589625332,0.004763512246352297,14.296296296296296,0.3215541419175867,32.77614909209169,4.315483446731265,-0.12179513335913039,269.1088567179981,0.20384615384615384,132155.41419175867
3,-85,-30,10,-50,50,30,0.7333333333333333,2.5154875725543158,0.009528928933753834,0.006169439570693269,10.666666666666666,0.30714284039944006,28.40996033185455,4.293875452669665,-0.10850974178032835,261.8194446482866,0.21153846153846154,130714.28403994402
5,-85,-40,5,-50,50,36,0.7777777777777778,2.3723455816494794,0.00901925421310901,0.0064740021107925205,9.5,0.3497491223027178,43.091075233216294,4.474179799322737,-0.16462165361500636,261.75824557072883,0.25384615384615383,134974.9122302718
7,-85,-20,5,-80,50,29,0.7241379310344828,2.56008640544119,0.009887744071687056,0.0058291796908001015,13.482758620689655,0.30708298756930663,28.392964319602175,4.166503969218875,-0.10924839727219127,259.89364630092825,0.21346153846153845,130708.29875693066
5,-90,-20,10,-50,0,26,0.7307692307692307,2.6604003570723953,0.010363995040405386,0.0064531366950030256,11.846153846153847,0.28871703045582,23.584404873594956,4.251792613255044,-0.09110244066915307,258.87785991644176,0.18846153846153846,128871.70304558199
5,-90,-20,10,-50,50,26,0.7307692307692307,2.6604003570723953,0.010363995040405386,0.0064531366950030256,11.846153846153847,0.28871703045582,23.584404873594956,4.251792613255044,-0.09110244066915307,258.87785991644176,0.18846153846153846,128871.70304558199
10,-90,-40,10,-50,50,23,0.6956521739130435,3.1925983026806386,0.011232147092604547,0.006953096740484721,12.869565217391305,0.2770865601010648,20.925776042617425,4.116058082639916,-0.08139134490017674,257.1007527677797,0.16538461538461538,127708.65601010648
10,-90,-30,10,-50,50,23,0.6956521739130435,3.1925983026806386,0.011232147092604547,0.006953096740484721,12.869565217391305,0.2770865601010648,20.925776042617425,4.116058082639916,-0.08139134490017674,257.1007527677797,0.16538461538461538,127708.65601010648
10,-90,-20,10,-50,50,23,0.6956521739130435,3.1925983026806386,0.011232147092604547,0.006953096740484721,12.869565217391305,0.2770865601010648,20.925776042617425,4.116058082639916,-0.08139134490017674,257.1007527677797,0.16538461538461538,127708.65601010648
3,-85,-30,10,-50,0,30,0.7333333333333333,2.5071361608831704,0.009476417775132624,0.006169439570693269,10.633333333333333,0.30510042971131557,27.83507544997175,4.2712080350818145,-0.10850974178032857,256.5214421606696,0.20961538461538462,130510.04297113155
3,-80,-40,10,-50,0,33,0.7272727272727273,2.3809277600378236,0.008906004324744393,0.0058291796908001015,11.93939393939394,0.31629674954760345,31.11852542980401,4.277299985854201,-0.12167716812518381,255.74662781261208,0.21923076923076923,131629.67495476035
3,-80,-40,10,-50,50,33,0.7272727272727273,2.3809277600378236,0.008906004324744393,0.0058291796908001015,11.93939393939394,0.31629674954760345,31.11852542980401,4.277299985854201,-0.12167716812518381,255.74662781261208,0.21923076923076923,131629.67495476035
3,-80,-30,3,-50,50,51,0.7450980392156863,2.012099257777863,0.006198865556685166,0.006876487701666267,16.607843137254903,0.34653796719852825,41.78499655256678,4.162579455231768,-0.1642760069050161,254.3584869135926,0.3192307692307692,134653.79671985283
3,-80,-20,3,-50,50,51,0.7450980392156863,2.012099257777863,0.006198865556685166,0.006876487701666267,16.607843137254903,0.34653796719852825,41.78499655256678,4.162579455231768,-0.1642760069050161,254.3584869135926,0.3192307692307692,134653.79671985283
7,-85,-20,5,-80,0,29,0.7241379310344828,2.550699232166143,0.009828248670293568,0.005296697839940467,13.448275862068966,0.3048426634979087,27.763261105251043,4.142572198159678,-0.10928169869564253,254.05224696015884,0.21153846153846154,130484.26634979087
5,-85,-40,5,-50,0,36,0.7777777777777778,2.362423013847829,0.008954041658307522,0.006169439570693269,9.444444444444445,0.3466078249396751,41.813026670501294,4.442888025416989,-0.16462165361500636,253.99469481874868,0.25,134660.7824939675
3,-80,-40,3,-80,50,49,0.7142857142857143,2.058311284192013,0.006330135804977634,0.006289773568151746,15.653061224489797,0.3389592652991906,38.842482076280376,4.152759412469051,-0.15332643053613815,253.33193983880966,0.3,133895.92652991906
2,-80,-20,5,-120,0,27,0.7407407407407407,2.597753858092147,0.010809982058323916,0.006309093453046755,14.222222222222221,0.3139735912008734,30.410192936770198,4.2614297743460225,-0.12030452206982767,252.77680683623333,0.2,131397.35912008735
10,-90,-40,7,-50,50,23,0.6956521739130435,3.1792279977890967,0.011163654277011666,0.006876487701666267,12.826086956521738,0.2750911123509068,20.4971866454126,4.092231186998578,-0.08139134490017674,251.8349668573678,0.16346153846153846,127509.11123509068
10,-90,-40,10,-50,0,23,0.6956521739130435,3.1792279977890967,0.011163654277011666,0.006876487701666267,12.826086956521738,0.2750911123509068,20.4971866454126,4.092231186998578,-0.08139134490017674,251.8349668573678,0.16346153846153846,127509.11123509068
10,-90,-30,7,-50,50,23,0.6956521739130435,3.1792279977890967,0.011163654277011666,0.006876487701666267,12.826086956521738,0.2750911123509068,20.4971866454126,4.092231186998578,-0.08139134490017674,251.8349668573678,0.16346153846153846,127509.11123509068
10,-90,-30,10,-50,0,23,0.6956521739130435,3.1792279977890967,0.011163654277011666,0.006876487701666267,12.826086956521738,0.2750911123509068,20.4971866454126,4.092231186998578,-0.08139134490017674,251.8349668573678,0.16346153846153846,127509.11123509068
10,-90,-20,7,-50,50,23,0.6956521739130435,3.1792279977890967,0.011163654277011666,0.006876487701666267,12.826086956521738,0.2750911123509068,20.4971866454126,4.092231186998578,-0.08139134490017674,251.8349668573678,0.16346153846153846,127509.11123509068
10,-90,-20,10,-50,0,23,0.6956521739130435,3.1792279977890967,0.011163654277011666,0.006876487701666267,12.826086956521738,0.2750911123509068,20.4971866454126,4.092231186998578,-0.08139134490017674,251.8349668573678,0.16346153846153846,127509.11123509068
2,-80,-20,7,-100,0,28,0.7142857142857143,2.486058236859495,0.010304479510126117,0.006592790577356511,13.785714285714286,0.30959628858824484,29.114488271099113,4.198611994092701,-0.1157215978513153,251.59079041154283,0.20384615384615384,130959.6288588245
2,-80,-20,7,-100,50,28,0.7142857142857143,2.486058236859495,0.010304479510126117,0.006592790577356511,13.785714285714286,0.30959628858824484,29.114488271099113,4.198611994092701,-0.1157215978513153,251.59079041154283,0.20384615384615384,130959.6288588245
7,-80,-20,7,-50,50,35,0.7142857142857143,2.374084256950368,0.008279124844059273,0.0058291796908001015,19.17142857142857,0.31151913405844733,29.67747557836922,3.938074589722995,-0.11905965621840253,249.2655910573854,0.24807692307692308,131151.91340584474
3,-80,-20,5,-50,50,42,0.7619047619047619,2.0469164750474365,0.0076897302146950956,0.006641899515236638,16.61904761904762,0.3441171081188479,40.82401275845809,4.077397144312313,-0.16462165361500625,247.98689517438268,0.3,134411.71081188478
10,-80,-40,5,-100,0,25,0.72,2.64810929368148,0.01157326272529946,0.0058291796908001015,15.12,0.31112931872133887,29.562564914048338,4.261004882917093,-0.11956943344166282,247.2418247969012,0.18846153846153846,131112.9318721339
10,-80,-40,5,-100,50,25,0.72,2.64810929368148,0.01157326272529946,0.0058291796908001015,15.12,0.31112931872133887,29.562564914048338,4.261004882917093,-0.11956943344166282,247.2418247969012,0.18846153846153846,131112.9318721339
10,-80,-30,5,-100,0,25,0.72,2.64810929368148,0.01157326272529946,0.0058291796908001015,15.12,0.31112931872133887,29.562564914048338,4.261004882917093,-0.11956943344166282,247.2418247969012,0.18846153846153846,131112.9318721339
10,-80,-30,5,-100,50,25,0.72,2.64810929368148,0.01157326272529946,0.0058291796908001015,15.12,0.31112931872133887,29.562564914048338,4.261004882917093,-0.11956943344166282,247.2418247969012,0.18846153846153846,131112.9318721339
10,-80,-20,5,-100,0,25,0.72,2.64810929368148,0.01157326272529946,0.0058291796908001015,15.12,0.31112931872133887,29.562564914048338,4.261004882917093,-0.11956943344166282,247.2418247969012,0.18846153846153846,131112.9318721339
10,-80,-20,5,-100,50,25,0.72,2.64810929368148,0.01157326272529946,0.0058291796908001015,15.12,0.31112931872133887,29.562564914048338,4.261004882917093,-0.11956943344166282,247.2418247969012,0.18846153846153846,131112.9318721339
3,-80,-20,5,-80,50,36,0.75,2.159889059217658,0.008134328292472813,0.006169439570693269,18.944444444444443,0.3117195627682965,29.736713148660208,3.908914764432187,-0.12035673720079088,247.07144643719042,0.2692307692307692,131171.95627682965
5,-85,-40,7,-50,50,33,0.7575757575757576,2.515209357260069,0.008679688665983636,0.006029785688339784,10.181818181818182,0.30800539686745654,28.65590182703647,4.292043301505265,-0.11621527529059705,246.57603533943538,0.2423076923076923,130800.53968674566
10,-90,-40,7,-50,0,23,0.6956521739130435,3.163310968156309,0.011082115210829666,0.006876487701666267,12.73913043478261,0.27271557931500423,19.99702432564387,4.063844735736171,-0.08139134490017674,245.6898132125649,0.1596153846153846,127271.55793150041
10,-90,-30,7,-50,0,23,0.6956521739130435,3.163310968156309,0.011082115210829666,0.006876487701666267,12.73913043478261,0.27271557931500423,19.99702432564387,4.063844735736171,-0.08139134490017674,245.6898132125649,0.1596153846153846,127271.55793150041
10,-90,-20,7,-50,0,23,0.6956521739130435,3.163310968156309,0.011082115210829666,0.006876487701666267,12.73913043478261,0.27271557931500423,19.99702432564387,4.063844735736171,-0.08139134490017674,245.6898132125649,0.1596153846153846,127271.55793150041
5,-90,-40,10,-50,0,26,0.7307692307692307,2.6320666833288406,0.010187140071118083,0.0064531366950030256,11.807692307692308,0.2828928885523152,22.218042347886875,4.183210920717119,-0.09110244066915307,243.87977077994813,0.18653846153846154,128289.28885523153
5,-90,-40,10,-50,50,26,0.7307692307692307,2.6320666833288406,0.010187140071118083,0.0064531366950030256,11.807692307692308,0.2828928885523152,22.218042347886875,4.183210920717119,-0.09110244066915307,243.87977077994813,0.18653846153846154,128289.28885523153
5,-90,-30,10,-50,0,26,0.7307692307692307,2.6320666833288406,0.010187140071118083,0.0064531366950030256,11.807692307692308,0.2828928885523152,22.218042347886875,4.183210920717119,-0.09110244066915307,243.87977077994813,0.18653846153846154,128289.28885523153
5,-90,-30,10,-50,50,26,0.7307692307692307,2.6320666833288406,0.010187140071118083,0.0064531366950030256,11.807692307692308,0.2828928885523152,22.218042347886875,4.183210920717119,-0.09110244066915307,243.87977077994813,0.18653846153846154,128289.28885523153
7,-80,-20,7,-50,0,35,0.7142857142857143,2.365191130706845,0.008225542029139674,0.004829066380499736,19.114285714285714,0.30907573452409687,28.963720908839353,3.914261041724442,-0.11905965621840253,243.2706579944127,0.24423076923076922,130907.57345240968
10,-80,-40,5,-120,0,23,0.6956521739130435,2.728918915409743,0.012018392149915064,0.0058291796908001015,15.91304347826087,0.2950911567687138,25.16439061507277,4.100526739726372,-0.10375539027469072,242.5357424655283,0.16538461538461538,129509.11567687138
10,-80,-40,5,-120,50,23,0.6956521739130435,2.728918915409743,0.012018392149915064,0.0058291796908001015,15.91304347826087,0.2950911567687138,25.16439061507277,4.100526739726372,-0.10375539027469072,242.5357424655283,0.16538461538461538,129509.11567687138
10,-80,-30,5,-120,0,23,0.6956521739130435,2.728918915409743,0.012018392149915064,0.0058291796908001015,15.91304347826087,0.2950911567687138,25.16439061507277,4.100526739726372,-0.10375539027469072,242.5357424655283,0.16538461538461538,129509.11567687138
10,-80,-30,5,-120,50,23,0.6956521739130435,2.728918915409743,0.012018392149915064,0.0058291796908001015,15.91304347826087,0.2950911567687138,25.16439061507277,4.100526739726372,-0.10375539027469072,242.5357424655283,0.16538461538461538,129509.11567687138
10,-80,-20,5,-120,0,23,0.6956521739130435,2.728918915409743,0.012018392149915064,0.0058291796908001015,15.91304347826087,0.2950911567687138,25.16439061507277,4.100526739726372,-0.10375539027469072,242.5357424655283,0.16538461538461538,129509.11567687138
10,-80,-20,5,-120,50,23,0.6956521739130435,2.728918915409743,0.012018392149915064,0.0058291796908001015,15.91304347826087,0.2950911567687138,25.16439061507277,4.100526739726372,-0.10375539027469072,242.5357424655283,0.16538461538461538,129509.11567687138
5,-85,-40,7,-50,0,33,0.7575757575757576,2.5052885245681735,0.008622858407735575,0.0058291796908001015,10.121212121212121,0.30556854353101537,27.96591550941682,4.265127633445228,-0.11638025887427417,240.29775994594115,0.23846153846153847,130556.85435310155
2,-80,-20,5,-100,50,31,0.7419354838709677,2.2281640992634886,0.009351005098916692,0.006644888261934989,21.387096774193548,0.30802988346949167,28.662911276484305,3.9026497654661982,-0.12035673720079099,238.14962039612297,0.2326923076923077,130802.98834694916
7,-85,-20,3,-50,50,33,0.6666666666666666,2.307039251424853,0.008601808505153664,0.004763512246352297,11.696969696969697,0.3038166662729582,27.479044842996846,4.124360320772064,-0.11630310642754249,236.27094483599583,0.20384615384615384,130381.66662729582
5,-85,-20,10,-50,50,31,0.7419354838709677,2.5278006411901988,0.009302258413838643,0.0058291796908001015,10.67741935483871,0.30993540717412227,29.213082141760907,4.312083183027797,-0.12384808538275771,235.87835089639577,0.2326923076923077,130993.54071741224
10,-85,-40,7,-50,50,25,0.68,2.969366526017313,0.010996462172978831,0.004829066380499736,15.08,0.2952231686770823,25.19807954675266,4.039465676628674,-0.1079503356185878,233.4228921323876,0.18653846153846154,129522.31686770823
10,-85,-30,7,-50,50,25,0.68,2.969366526017313,0.010996462172978831,0.004829066380499736,15.08,0.2952231686770823,25.19807954675266,4.039465676628674,-0.1079503356185878,233.4228921323876,0.18653846153846154,129522.31686770823
10,-85,-20,7,-50,50,25,0.68,2.969366526017313,0.010996462172978831,0.004829066380499736,15.08,0.2952231686770823,25.19807954675266,4.039465676628674,-0.1079503356185878,233.4228921323876,0.18653846153846154,129522.31686770823
3,-80,-30,5,-50,50,42,0.7619047619047619,2.0299939584132103,0.007565432249601944,0.006641899515236638,16.571428571428573,0.33722052169265715,38.194226947337306,4.015389827815673,-0.16462165361500625,232.01216916858667,0.29615384615384616,133722.05216926572
7,-95,-40,10,-50,0,18,0.7222222222222222,3.3792026906832855,0.014605165624910469,0.007357538142709896,11.555555555555555,0.2827187091226493,22.178277812185197,4.2331490529039915,-0.09579238149992253,231.52444343606942,0.13076923076923078,128271.87091226493
7,-95,-40,10,-50,50,18,0.7222222222222222,3.3792026906832855,0.014605165624910469,0.007357538142709896,11.555555555555555,0.2827187091226493,22.178277812185197,4.2331490529039915,-0.09579238149992253,231.52444343606942,0.13076923076923078,128271.87091226493
7,-95,-30,10,-50,0,18,0.7222222222222222,3.3792026906832855,0.014605165624910469,0.007357538142709896,11.555555555555555,0.2827187091226493,22.178277812185197,4.2331490529039915,-0.09579238149992253,231.52444343606942,0.13076923076923078,128271.87091226493
7,-95,-30,10,-50,50,18,0.7222222222222222,3.3792026906832855,0.014605165624910469,0.007357538142709896,11.555555555555555,0.2827187091226493,22.178277812185197,4.2331490529039915,-0.09579238149992253,231.52444343606942,0.13076923076923078,128271.87091226493
7,-95,-20,10,-50,0,18,0.7222222222222222,3.3792026906832855,0.014605165624910469,0.007357538142709896,11.555555555555555,0.2827187091226493,22.178277812185197,4.2331490529039915,-0.09579238149992253,231.52444343606942,0.13076923076923078,128271.87091226493
7,-95,-20,10,-50,50,18,0.7222222222222222,3.3792026906832855,0.014605165624910469,0.007357538142709896,11.555555555555555,0.2827187091226493,22.178277812185197,4.2331490529039915,-0.09579238149992253,231.52444343606942,0.13076923076923078,128271.87091226493
5,-85,-20,10,-50,0,31,0.7419354838709677,2.519454428463658,0.009251441163560055,0.0058291796908001015,10.64516129032258,0.30788863310041203,28.62249840882158,4.28949905111745,-0.12375035522163513,231.2922525156319,0.23076923076923078,130788.8633100412
3,-80,-30,5,-80,50,36,0.75,2.139211200471456,0.007989313999864137,0.006169439570693269,18.88888888888889,0.304989206256268,27.804068077379025,3.8440512854693853,-0.12035673720079088,231.0138071539241,0.2653846153846154,130498.92062562681
5,-95,-40,3,-80,50,20,0.75,3.4452079652979064,0.013688627635574113,0.006914792221075494,10.3,0.29554637070753187,25.280728133477457,4.44635043914774,-0.11045042675774464,228.887555037942,0.12692307692307692,129554.63707075319
5,-95,-30,3,-80,50,20,0.75,3.4452079652979064,0.013688627635574113,0.006914792221075494,10.3,0.29554637070753187,25.280728133477457,4.44635043914774,-0.11045042675774464,228.887555037942,0.12692307692307692,129554.63707075319
5,-95,-20,3,-80,50,20,0.75,3.4452079652979064,0.013688627635574113,0.006914792221075494,10.3,0.29554637070753187,25.280728133477457,4.44635043914774,-0.11045042675774464,228.887555037942,0.12692307692307692,129554.63707075319
10,-85,-40,7,-50,0,25,0.68,2.9559318521578932,0.010921446232091393,0.004763512246352297,15.0,0.29281012901563686,24.58854433380943,4.013441429945567,-0.10811686208858973,227.4256194529754,0.18269230769230768,129281.01290156368
10,-85,-30,7,-50,0,25,0.68,2.9559318521578932,0.010921446232091393,0.004763512246352297,15.0,0.29281012901563686,24.58854433380943,4.013441429945567,-0.10811686208858973,227.4256194529754,0.18269230769230768,129281.01290156368
10,-85,-20,7,-50,0,25,0.68,2.9559318521578932,0.010921446232091393,0.004763512246352297,15.0,0.29281012901563686,24.58854433380943,4.013441429945567,-0.10811686208858973,227.4256194529754,0.18269230769230768,129281.01290156368
3,-80,-30,5,-80,0,36,0.75,2.1323772212833747,0.007941387148741605,0.0059941674555688,18.86111111111111,0.302752470900139,27.186981142645408,3.822370180103061,-0.12035673720079088,225.88665807124224,0.26346153846153847,130275.2470900139
3,-80,-20,5,-80,0,36,0.75,2.1323772212833747,0.007941387148741605,0.0059941674555688,18.86111111111111,0.302752470900139,27.186981142645408,3.822370180103061,-0.12035673720079088,225.88665807124224,0.26346153846153847,130275.2470900139
7,-85,-40,5,-80,50,29,0.7241379310344828,2.497466767145709,0.009490864158390054,0.0058291796908001015,13.448275862068966,0.2927204499866609,24.566145099419693,4.015961802480372,-0.10924839727219149,224.86503887295794,0.21153846153846154,129272.0449986661
7,-85,-30,5,-80,50,29,0.7241379310344828,2.497466767145709,0.009490864158390054,0.0058291796908001015,13.448275862068966,0.2927204499866609,24.566145099419693,4.015961802480372,-0.10924839727219149,224.86503887295794,0.21153846153846154,129272.0449986661
3,-80,-40,7,-80,0,34,0.7352941176470589,2.286906415020452,0.008066425353396875,0.005929482689569943,11.705882352941176,0.29147619552902215,24.25722347524353,4.037253376624565,-0.10862374081325943,223.31419718775246,0.22692307692307692,129147.61955290221
3,-80,-40,7,-80,50,34,0.7352941176470589,2.286906415020452,0.008066425353396875,0.005929482689569943,11.705882352941176,0.29147619552902215,24.25722347524353,4.037253376624565,-0.10862374081325943,223.31419718775246,0.22692307692307692,129147.61955290221
2,-80,-20,5,-100,0,31,0.7419354838709677,2.206045902368589,0.009182601404274357,0.006644888261934989,21.322580645161292,0.30131845848658023,26.797784091248893,3.837129247999003,-0.12035673720079099,222.65296247223938,0.22884615384615384,130131.84584865802
7,-85,-40,5,-80,0,29,0.7241379310344828,2.488079593870662,0.009431368756996569,0.005296697839940467,13.413793103448276,0.29050474312700825,24.01842614284849,3.9919995687387635,-0.10928169869564208,219.78452412001437,0.20961538461538462,129050.47431270083
7,-85,-30,5,-80,0,29,0.7241379310344828,2.488079593870662,0.009431368756996569,0.005296697839940467,13.413793103448276,0.29050474312700825,24.01842614284849,3.9919995687387635,-0.10928169869564208,219.78452412001437,0.20961538461538462,129050.47431270083
3,-80,-30,3,-80,50,49,0.7142857142857143,1.995225699960826,0.006213223379763744,0.006876487701666267,15.714285714285714,0.3310890761536087,35.98495856386449,4.072214761114477,-0.16427600690501587,219.0518216374162,0.3057692307692308,133108.90761536086
3,-80,-20,3,-80,50,49,0.7142857142857143,1.995225699960826,0.006213223379763744,0.006876487701666267,15.714285714285714,0.3310890761536087,35.98495856386449,4.072214761114477,-0.16427600690501587,219.0518216374162,0.3057692307692308,133108.90761536086
3,-80,-20,7,-50,50,36,0.7222222222222222,2.1026633128134,0.007840350466171217,0.006334348228439035,18.916666666666668,0.2993589661949201,26.273967228722633,3.833864099235091,-0.12035673720079099,218.30076022158866,0.2673076923076923,129935.896619492
7,-90,-40,7,-80,50,24,0.75,3.012768994074572,0.010231094786822973,0.006757699235102277,12.541666666666666,0.2611794179690814,17.71695628651949,3.9494597962115336,-0.08139134490017674,217.67617070646313,0.175,126117.94179690814
7,-90,-30,7,-80,50,24,0.75,3.012768994074572,0.010231094786822973,0.006757699235102277,12.541666666666666,0.2611794179690814,17.71695628651949,3.9494597962115336,-0.08139134490017674,217.67617070646313,0.175,126117.94179690814
7,-90,-20,7,-80,50,24,0.75,3.012768994074572,0.010231094786822973,0.006757699235102277,12.541666666666666,0.2611794179690814,17.71695628651949,3.9494597962115336,-0.08139134490017674,217.67617070646313,0.175,126117.94179690814
5,-95,-40,3,-50,0,23,0.782608695652174,3.0085988866244993,0.011539737938034625,0.006953096740484721,12.304347826086957,0.28423530064599745,22.526624376515347,4.189713907930561,-0.10357560292874535,217.48967652172394,0.14038461538461539,128423.53006459975
5,-95,-30,3,-50,0,23,0.782608695652174,3.0085988866244993,0.011539737938034625,0.006953096740484721,12.304347826086957,0.28423530064599745,22.526624376515347,4.189713907930561,-0.10357560292874535,217.48967652172394,0.14038461538461539,128423.53006459975
5,-95,-20,3,-50,0,23,0.782608695652174,3.0085988866244993,0.011539737938034625,0.006953096740484721,12.304347826086957,0.28423530064599745,22.526624376515347,4.189713907930561,-0.10357560292874535,217.48967652172394,0.14038461538461539,128423.53006459975
2,-80,-30,5,-120,0,27,0.7407407407407407,2.81564923279709,0.010346193840421956,0.006309093453046755,13.703703703703704,0.3011925904270367,26.76386028901977,4.262489145505866,-0.12318503574261153,217.2655154717121,0.17307692307692307,130119.25904270368
2,-80,-30,5,-120,50,27,0.7407407407407407,2.81564923279709,0.010346193840421956,0.006309093453046755,13.703703703703704,0.3011925904270367,26.76386028901977,4.262489145505866,-0.12318503574261153,217.2655154717121,0.17307692307692307,130119.25904270368
3,-85,-40,5,-100,0,31,0.7419354838709677,2.4044013904382404,0.008778849294148133,0.006309093453046755,10.225806451612904,0.2885657667111463,23.548001028674545,4.103129824038017,-0.10877551448972478,216.48255252241486,0.20576923076923076,128856.57667111463
3,-85,-40,5,-100,50,31,0.7419354838709677,2.4044013904382404,0.008778849294148133,0.006309093453046755,10.225806451612904,0.2885657667111463,23.548001028674545,4.103129824038017,-0.10877551448972478,216.48255252241486,0.20576923076923076,128856.57667111463
7,-80,-40,7,-50,50,35,0.7142857142857143,2.3195062081832796,0.007950281487327472,0.0058291796908001015,19.142857142857142,0.2971078510470293,25.683419317372223,3.79971936173036,-0.11905965621840253,215.71891044485017,0.24615384615384617,129710.78510470293
7,-80,-30,7,-50,50,35,0.7142857142857143,2.3195062081832796,0.007950281487327472,0.0058291796908001015,19.142857142857142,0.2971078510470293,25.683419317372223,3.79971936173036,-0.11905965621840253,215.71891044485017,0.24615384615384617,129710.78510470293
3,-80,-20,7,-50,0,36,0.7222222222222222,2.0953367796854003,0.007788256062777162,0.005929482689569943,18.86111111111111,0.2969382214184928,25.639399973787175,3.8099271532377452,-0.12035673720079099,213.0283735675968,0.26346153846153847,129693.82214184928
7,-90,-40,7,-80,0,24,0.75,2.997396152443086,0.010152953181731891,0.0064531366950030256,12.458333333333334,0.2588298028376095,17.281479941187083,3.9208505208663134,-0.08139134490017674,212.32576955672783,0.17115384615384616,125882.98028376095
7,-90,-30,7,-80,0,24,0.75,2.997396152443086,0.010152953181731891,0.0064531366950030256,12.458333333333334,0.2588298028376095,17.281479941187083,3.9208505208663134,-0.08139134490017674,212.32576955672783,0.17115384615384616,125882.98028376095
7,-90,-20,7,-80,0,24,0.75,2.997396152443086,0.010152953181731891,0.0064531366950030256,12.458333333333334,0.2588298028376095,17.281479941187083,3.9208505208663134,-0.08139134490017674,212.32576955672783,0.17115384615384616,125882.98028376095
5,-80,-20,3,-80,0,43,0.6976744186046512,2.098785430838303,0.007127751346348401,0.005657302395169594,17.25581395348837,0.3275950791212128,34.777888701968024,4.131316241376555,-0.1642760069050161,211.70400569863193,0.25,132759.50791212128
2,-80,-40,7,-100,0,30,0.6333333333333333,2.503410090247653,0.008322603483727486,0.0042336276099852466,12.1,0.26474536655611236,18.39614393761489,3.8346070210100955,-0.08708016177350064,211.25527976698154,0.1596153846153846,126474.53665561123
2,-80,-40,7,-100,50,30,0.6333333333333333,2.503410090247653,0.008322603483727486,0.0042336276099852466,12.1,0.26474536655611236,18.39614393761489,3.8346070210100955,-0.08708016177350064,211.25527976698154,0.1596153846153846,126474.53665561123
7,-80,-40,7,-50,0,35,0.7142857142857143,2.3106130819397563,0.007896698672407873,0.004829066380499736,19.085714285714285,0.2946913001657281,25.062591991207324,3.775880782719202,-0.11905965621840253,210.5044881469556,0.2423076923076923,129469.1300165728
7,-80,-30,7,-50,0,35,0.7142857142857143,2.3106130819397563,0.007896698672407873,0.004829066380499736,19.085714285714285,0.2946913001657281,25.062591991207324,3.775880782719202,-0.11905965621840253,210.5044881469556,0.2423076923076923,129469.1300165728
5,-85,-20,3,-50,50,38,0.7368421052631579,2.2052310374487663,0.008024603240273287,0.005929482689569943,10.526315789473685,0.3260598775256982,34.259083573220956,4.215005958851527,-0.16427600690501587,208.54587482777995,0.23076923076923078,132605.9877525698
2,-85,-40,5,-100,0,30,0.6666666666666666,2.596876227456602,0.008089993508084514,0.004634953420348031,9.8,0.2561723919473473,16.800210645348393,3.8274737425417653,-0.08097371893608085,207.47732555806368,0.16153846153846155,125617.23919473472
2,-85,-40,5,-100,50,30,0.6666666666666666,2.596876227456602,0.008089993508084514,0.004634953420348031,9.8,0.2561723919473473,16.800210645348393,3.8274737425417653,-0.08097371893608085,207.47732555806368,0.16153846153846155,125617.23919473472
3,-90,-20,10,-50,50,27,0.7037037037037037,2.5022497375684045,0.009284501895437359,0.006029785688339784,9.0,0.26509786137874136,18.46449971216448,3.951626015903325,-0.08951798583107984,206.26580838187013,0.19807692307692307,126509.78613787414
3,-80,-30,5,-50,0,42,0.7619047619047619,1.998058273953895,0.00733086072114965,0.006301718742366402,16.523809523809526,0.32423859055252446,33.65258613005162,3.898029549947286,-0.16462165361500625,204.42381297392083,0.2923076923076923,132423.85905525245
3,-80,-20,5,-50,0,42,0.7619047619047619,1.998058273953895,0.00733086072114965,0.006301718742366402,16.523809523809526,0.32423859055252446,33.65258613005162,3.898029549947286,-0.16462165361500625,204.42381297392083,0.2923076923076923,132423.85905525245
7,-85,-40,3,-50,50,33,0.6666666666666666,2.2540433800733957,0.008253035248013877,0.004763512246352297,11.666666666666666,0.28949001980267663,23.771213438427147,3.974090617491157,-0.11630310642754249,204.39018499679327,0.20192307692307693,128949.00198026765
7,-85,-30,3,-50,50,33,0.6666666666666666,2.2540433800733957,0.008253035248013877,0.004763512246352297,11.666666666666666,0.28949001980267663,23.771213438427147,3.974090617491157,-0.11630310642754249,204.39018499679327,0.20192307692307693,128949.00198026765
3,-80,-30,7,-50,50,36,0.7222222222222222,2.082268568856085,0.007695336173562541,0.006334348228439035,18.86111111111111,0.2926920311824266,24.559050670015278,3.7679878804413476,-0.12035673720079099,204.05214731804708,0.26346153846153847,129269.20311824266
3,-90,-20,10,-50,0,27,0.7037037037037037,2.4928092892520683,0.009226156163636015,0.006029785688339784,8.962962962962964,0.26312114597033687,18.08402158530979,3.927956135219071,-0.08951798583107984,202.01551026219786,0.19615384615384615,126312.1145970337
7,-90,-40,5,-50,50,25,0.76,2.5833676566467108,0.009939915823811693,0.006876487701666267,12.04,0.2625538973723698,17.976109121548834,3.9634912410925383,-0.08951798583108006,200.81002666290607,0.175,126255.38973723697
7,-90,-30,5,-50,50,25,0.76,2.5833676566467108,0.009939915823811693,0.006876487701666267,12.04,0.2625538973723698,17.976109121548834,3.9634912410925383,-0.08951798583108006,200.81002666290607,0.175,126255.38973723697
7,-90,-20,5,-50,50,25,0.76,2.5833676566467108,0.009939915823811693,0.006876487701666267,12.04,0.2625538973723698,17.976109121548834,3.9634912410925383,-0.08951798583108006,200.81002666290607,0.175,126255.38973723697
3,-80,-30,7,-50,0,36,0.7222222222222222,2.074942035728086,0.007643241770168486,0.005929482689569943,18.805555555555557,0.29028370710614926,23.96438336377361,3.744048618213855,-0.12035673720079099,199.11127470823558,0.25961538461538464,129028.37071061492
2,-80,-30,7,-80,50,31,0.7096774193548387,2.539619197071958,0.008635488170464485,0.006309093453046755,12.387096774193548,0.28613320402770004,22.9693447350309,4.010812753561184,-0.1154143305608556,199.0164013724417,0.2,128613.32040277001
10,-80,-40,5,-50,50,31,0.7419354838709677,2.288475848285459,0.009758167308092449,0.006638910768538286,12.870967741935484,0.3211000000111375,32.62991250022442,4.1723756056008465,-0.16462165361500625,198.21154619509915,0.22884615384615384,132110.00000111375
10,-80,-30,5,-50,50,31,0.7419354838709677,2.288475848285459,0.009758167308092449,0.006638910768538286,12.870967741935484,0.3211000000111375,32.62991250022442,4.1723756056008465,-0.16462165361500625,198.21154619509915,0.22884615384615384,132110.00000111375
10,-80,-20,5,-50,50,31,0.7419354838709677,2.288475848285459,0.009758167308092449,0.006638910768538286,12.870967741935484,0.3211000000111375,32.62991250022442,4.1723756056008465,-0.16462165361500625,198.21154619509915,0.22884615384615384,132110.00000111375
7,-80,-20,10,-80,50,30,0.7333333333333333,2.772869375990545,0.008811788559103754,0.006169439570693269,10.7,0.28946280279175207,23.7646137569117,5.33262676007345,-0.12095584990273889,196.47345519890874,0.21346153846153845,128946.2802791752
7,-90,-40,5,-50,0,25,0.76,2.5723740434905924,0.009870901158195248,0.006876487701666267,12.0,0.26038989561072134,17.56957248305986,3.937200068867841,-0.08951798583108006,196.26863048743687,0.17307692307692307,126038.98956107214
7,-90,-30,5,-50,0,25,0.76,2.5723740434905924,0.009870901158195248,0.006876487701666267,12.0,0.26038989561072134,17.56957248305986,3.937200068867841,-0.08951798583108006,196.26863048743687,0.17307692307692307,126038.98956107214
7,-90,-20,5,-50,0,25,0.76,2.5723740434905924,0.009870901158195248,0.006876487701666267,12.0,0.26038989561072134,17.56957248305986,3.937200068867841,-0.08951798583108006,196.26863048743687,0.17307692307692307,126038.98956107214
7,-95,-40,7,-50,0,18,0.7222222222222222,3.1728688369410625,0.014205962975944206,0.007357538142709896,11.666666666666666,0.27324352703200905,20.107247063375386,4.116537863867397,-0.10247157918535477,196.22267191768927,0.1346153846153846,127324.3527032009
7,-95,-40,7,-50,50,18,0.7222222222222222,3.1728688369410625,0.014205962975944206,0.007357538142709896,11.666666666666666,0.27324352703200905,20.107247063375386,4.116537863867397,-0.10247157918535477,196.22267191768927,0.1346153846153846,127324.3527032009
7,-95,-30,7,-50,0,18,0.7222222222222222,3.1728688369410625,0.014205962975944206,0.007357538142709896,11.666666666666666,0.27324352703200905,20.107247063375386,4.116537863867397,-0.10247157918535477,196.22267191768927,0.1346153846153846,127324.3527032009
7,-95,-30,7,-50,50,18,0.7222222222222222,3.1728688369410625,0.014205962975944206,0.007357538142709896,11.666666666666666,0.27324352703200905,20.107247063375386,4.116537863867397,-0.10247157918535477,196.22267191768927,0.1346153846153846,127324.3527032009
7,-95,-20,7,-50,0,18,0.7222222222222222,3.1728688369410625,0.014205962975944206,0.007357538142709896,11.666666666666666,0.27324352703200905,20.107247063375386,4.116537863867397,-0.10247157918535477,196.22267191768927,0.1346153846153846,127324.3527032009
7,-95,-20,7,-50,50,18,0.7222222222222222,3.1728688369410625,0.014205962975944206,0.007357538142709896,11.666666666666666,0.27324352703200905,20.107247063375386,4.116537863867397,-0.10247157918535477,196.22267191768927,0.1346153846153846,127324.3527032009
2,-80,-30,7,-80,0,31,0.7096774193548387,2.528833249633335,0.008574991443942356,0.006029785688339784,12.32258064516129,0.2837370992433874,22.411664175999892,3.9842010912303407,-0.11557946366367211,193.90697504200415,0.19615384615384615,128373.70992433875
7,-80,-20,10,-80,0,30,0.7333333333333333,2.762304503218928,0.008759277400482546,0.006169439570693269,10.666666666666666,0.28744801716238944,23.28053278931188,5.301842041371836,-0.12085779712788336,192.62747909163056,0.21153846153846154,128744.80171623894
3,-90,-30,10,-50,50,27,0.7037037037037037,2.4709649599223207,0.009091149505292455,0.006029785688339784,8.925925925925926,0.25860671809525315,17.24062228416084,3.8740682816426704,-0.08951798583107984,192.5939477312843,0.19423076923076923,125860.67180952532
3,-90,-30,10,-50,0,27,0.7037037037037037,2.461524511605984,0.009032803773491114,0.006029785688339784,8.88888888888889,0.2566401450982292,16.884067638422692,3.850395289124745,-0.08951798583107984,188.61089737075716,0.19230769230769232,125664.01450982293
5,-85,-40,10,-50,0,31,0.7419354838709677,2.434114674701094,0.00873183643171867,0.0058291796908001015,10.580645161290322,0.2876714072299271,23.333772652197062,4.068964364886621,-0.12375035522163502,188.55519736009344,0.22692307692307692,128767.14072299271
5,-85,-40,10,-50,50,31,0.7419354838709677,2.434114674701094,0.00873183643171867,0.0058291796908001015,10.580645161290322,0.2876714072299271,23.333772652197062,4.068964364886621,-0.12375035522163502,188.55519736009344,0.22692307692307692,128767.14072299271
5,-85,-30,10,-50,0,31,0.7419354838709677,2.434114674701094,0.00873183643171867,0.0058291796908001015,10.580645161290322,0.2876714072299271,23.333772652197062,4.068964364886621,-0.12375035522163502,188.55519736009344,0.22692307692307692,128767.14072299271
5,-85,-30,10,-50,50,31,0.7419354838709677,2.434114674701094,0.00873183643171867,0.0058291796908001015,10.580645161290322,0.2876714072299271,23.333772652197062,4.068964364886621,-0.12375035522163502,188.55519736009344,0.22692307692307692,128767.14072299271
7,-85,-20,3,-50,0,33,0.6666666666666666,2.227017205911423,0.008075172207929355,0.004757608071528141,11.666666666666666,0.2815618809580196,21.9157653186176,3.891268515736498,-0.11630310642754249,188.43662901017393,0.20192307692307693,128156.18809580196
10,-95,-40,7,-50,0,15,0.6666666666666666,3.39330091215274,0.016175653374464857,0.006953096740484721,13.133333333333333,0.2573060021183913,17.00406752266805,3.946004666395761,-0.09060295548107844,187.6767422473231,0.10961538461538461,125730.60021183912
10,-95,-40,7,-50,50,15,0.6666666666666666,3.39330091215274,0.016175653374464857,0.006953096740484721,13.133333333333333,0.2573060021183913,17.00406752266805,3.946004666395761,-0.09060295548107844,187.6767422473231,0.10961538461538461,125730.60021183912
10,-95,-40,10,-50,0,15,0.6666666666666666,3.39330091215274,0.016175653374464857,0.006953096740484721,13.133333333333333,0.2573060021183913,17.00406752266805,3.946004666395761,-0.09060295548107844,187.6767422473231,0.10961538461538461,125730.60021183912
10,-95,-40,10,-50,50,15,0.6666666666666666,3.39330091215274,0.016175653374464857,0.006953096740484721,13.133333333333333,0.2573060021183913,17.00406752266805,3.946004666395761,-0.09060295548107844,187.6767422473231,0.10961538461538461,125730.60021183912
10,-95,-30,7,-50,0,15,0.6666666666666666,3.39330091215274,0.016175653374464857,0.006953096740484721,13.133333333333333,0.2573060021183913,17.00406752266805,3.946004666395761,-0.09060295548107844,187.6767422473231,0.10961538461538461,125730.60021183912
10,-95,-30,7,-50,50,15,0.6666666666666666,3.39330091215274,0.016175653374464857,0.006953096740484721,13.133333333333333,0.2573060021183913,17.00406752266805,3.946004666395761,-0.09060295548107844,187.6767422473231,0.10961538461538461,125730.60021183912
10,-95,-30,10,-50,0,15,0.6666666666666666,3.39330091215274,0.016175653374464857,0.006953096740484721,13.133333333333333,0.2573060021183913,17.00406752266805,3.946004666395761,-0.09060295548107844,187.6767422473231,0.10961538461538461,125730.60021183912
10,-95,-30,10,-50,50,15,0.6666666666666666,3.39330091215274,0.016175653374464857,0.006953096740484721,13.133333333333333,0.2573060021183913,17.00406752266805,3.946004666395761,-0.09060295548107844,187.6767422473231,0.10961538461538461,125730.60021183912
10,-95,-20,7,-50,0,15,0.6666666666666666,3.39330091215274,0.016175653374464857,0.006953096740484721,13.133333333333333,0.2573060021183913,17.00406752266805,3.946004666395761,-0.09060295548107844,187.6767422473231,0.10961538461538461,125730.60021183912
10,-95,-20,7,-50,50,15,0.6666666666666666,3.39330091215274,0.016175653374464857,0.006953096740484721,13.133333333333333,0.2573060021183913,17.00406752266805,3.946004666395761,-0.09060295548107844,187.6767422473231,0.10961538461538461,125730.60021183912
10,-95,-20,10,-50,0,15,0.6666666666666666,3.39330091215274,0.016175653374464857,0.006953096740484721,13.133333333333333,0.2573060021183913,17.00406752266805,3.946004666395761,-0.09060295548107844,187.6767422473231,0.10961538461538461,125730.60021183912
10,-95,-20,10,-50,50,15,0.6666666666666666,3.39330091215274,0.016175653374464857,0.006953096740484721,13.133333333333333,0.2573060021183913,17.00406752266805,3.946004666395761,-0.09060295548107844,187.6767422473231,0.10961538461538461,125730.60021183912
5,-80,-40,3,-80,0,43,0.6976744186046512,2.0575235507140364,0.006860088149008564,0.005657302395169594,17.232558139534884,0.31300714981622346,30.11978376727993,3.991444052044897,-0.1642760069050161,183.3486480146495,0.24807692307692308,131300.71498162235
5,-80,-30,3,-80,0,43,0.6976744186046512,2.0575235507140364,0.006860088149008564,0.005657302395169594,17.232558139534884,0.31300714981622346,30.11978376727993,3.991444052044897,-0.1642760069050161,183.3486480146495,0.24807692307692308,131300.71498162235
5,-95,-40,3,-80,0,20,0.75,3.289986912459991,0.012819677745154,0.006352833696233184,10.25,0.2734327506783738,20.146881913676832,4.1855075149140175,-0.11045042675774486,182.40655563844726,0.125,127343.27506783737
5,-95,-30,3,-80,0,20,0.75,3.289986912459991,0.012819677745154,0.006352833696233184,10.25,0.2734327506783738,20.146881913676832,4.1855075149140175,-0.11045042675774486,182.40655563844726,0.125,127343.27506783737
5,-95,-20,3,-80,0,20,0.75,3.289986912459991,0.012819677745154,0.006352833696233184,10.25,0.2734327506783738,20.146881913676832,4.1855075149140175,-0.11045042675774486,182.40655563844726,0.125,127343.27506783737
5,-85,-40,3,-50,50,38,0.7368421052631579,2.159740584740636,0.007721721201178209,0.005929482689569943,10.5,0.3114888173796102,29.66852451164195,4.071057833682339,-0.16427600690501587,180.60169023219711,0.22884615384615384,131148.88173796103
5,-85,-30,3,-50,50,38,0.7368421052631579,2.159740584740636,0.007721721201178209,0.005929482689569943,10.5,0.3114888173796102,29.66852451164195,4.071057833682339,-0.16427600690501587,180.60169023219711,0.22884615384615384,131148.88173796103
7,-90,-40,7,-100,0,22,0.7272727272727273,2.8976751478138625,0.010522976620695517,0.0064531366950030256,13.363636363636363,0.24365638698134084,14.6864324194,3.7431988400123064,-0.08139134490017674,180.4421887537591,0.16153846153846155,124365.63869813408
7,-90,-40,7,-100,50,22,0.7272727272727273,2.8976751478138625,0.010522976620695517,0.0064531366950030256,13.363636363636363,0.24365638698134084,14.6864324194,3.7431988400123064,-0.08139134490017674,180.4421887537591,0.16153846153846155,124365.63869813408
7,-90,-30,7,-100,0,22,0.7272727272727273,2.8976751478138625,0.010522976620695517,0.0064531366950030256,13.363636363636363,0.24365638698134084,14.6864324194,3.7431988400123064,-0.08139134490017674,180.4421887537591,0.16153846153846155,124365.63869813408
7,-90,-30,7,-100,50,22,0.7272727272727273,2.8976751478138625,0.010522976620695517,0.0064531366950030256,13.363636363636363,0.24365638698134084,14.6864324194,3.7431988400123064,-0.08139134490017674,180.4421887537591,0.16153846153846155,124365.63869813408
7,-90,-20,7,-100,0,22,0.7272727272727273,2.8976751478138625,0.010522976620695517,0.0064531366950030256,13.363636363636363,0.24365638698134084,14.6864324194,3.7431988400123064,-0.08139134490017674,180.4421887537591,0.16153846153846155,124365.63869813408
7,-90,-20,7,-100,50,22,0.7272727272727273,2.8976751478138625,0.010522976620695517,0.0064531366950030256,13.363636363636363,0.24365638698134084,14.6864324194,3.7431988400123064,-0.08139134490017674,180.4421887537591,0.16153846153846155,124365.63869813408
2,-80,-30,7,-100,0,29,0.6896551724137931,2.508237312487821,0.009042883849536072,0.006309093453046755,12.862068965517242,0.27918671610224055,21.38534220276463,3.947340644350588,-0.11861711805329489,180.28883649960335,0.17884615384615385,127918.67161022405
2,-80,-30,7,-100,50,29,0.6896551724137931,2.508237312487821,0.009042883849536072,0.006309093453046755,12.862068965517242,0.27918671610224055,21.38534220276463,3.947340644350588,-0.11861711805329489,180.28883649960335,0.17884615384615385,127918.67161022405
10,-80,-40,5,-50,0,31,0.7419354838709677,2.2553342023255767,0.009507171741064602,0.005296697839940467,12.774193548387096,0.31093543739410867,29.50555983390185,4.06954684942195,-0.16462165361500625,179.2325565074523,0.2230769230769231,131093.54373941087
10,-80,-30,5,-50,0,31,0.7419354838709677,2.2553342023255767,0.009507171741064602,0.005296697839940467,12.774193548387096,0.31093543739410867,29.50555983390185,4.06954684942195,-0.16462165361500625,179.2325565074523,0.2230769230769231,131093.54373941087
10,-80,-20,5,-50,0,31,0.7419354838709677,2.2553342023255767,0.009507171741064602,0.005296697839940467,12.774193548387096,0.31093543739410867,29.50555983390185,4.06954684942195,-0.16462165361500625,179.2325565074523,0.2230769230769231,131093.54373941087
10,-80,-40,7,-100,0,25,0.68,2.7475927012103982,0.010494803376296718,0.004757608071528141,15.2,0.27925646787628455,21.40075669521988,3.8676366315957456,-0.1218921574672317,175.57123558973063,0.19230769230769232,127925.64678762846
10,-80,-40,7,-100,50,25,0.68,2.7475927012103982,0.010494803376296718,0.004757608071528141,15.2,0.27925646787628455,21.40075669521988,3.8676366315957456,-0.1218921574672317,175.57123558973063,0.19230769230769232,127925.64678762846
10,-80,-30,7,-100,0,25,0.68,2.7475927012103982,0.010494803376296718,0.004757608071528141,15.2,0.27925646787628455,21.40075669521988,3.8676366315957456,-0.1218921574672317,175.57123558973063,0.19230769230769232,127925.64678762846
10,-80,-30,7,-100,50,25,0.68,2.7475927012103982,0.010494803376296718,0.004757608071528141,15.2,0.27925646787628455,21.40075669521988,3.8676366315957456,-0.1218921574672317,175.57123558973063,0.19230769230769232,127925.64678762846
10,-80,-20,7,-100,0,25,0.68,2.7475927012103982,0.010494803376296718,0.004757608071528141,15.2,0.27925646787628455,21.40075669521988,3.8676366315957456,-0.1218921574672317,175.57123558973063,0.19230769230769232,127925.64678762846
10,-80,-20,7,-100,50,25,0.68,2.7475927012103982,0.010494803376296718,0.004757608071528141,15.2,0.27925646787628455,21.40075669521988,3.8676366315957456,-0.1218921574672317,175.57123558973063,0.19230769230769232,127925.64678762846
2,-80,-20,5,-50,50,38,0.7631578947368421,1.976393253498259,0.00777766166693132,0.006641899515236638,18.13157894736842,0.30801207799804686,28.65781419290628,3.7674859156572382,-0.16462165361500636,174.0828959228358,0.2826923076923077,130801.20779980469
2,-80,-20,5,-80,50,33,0.7272727272727273,2.0522177755499906,0.008050065967458372,0.006309093453046755,20.424242424242426,0.27671042545025126,20.84439163290781,3.580595187859572,-0.12035673720079099,173.18840737708882,0.25384615384615383,127671.04254502512
10,-80,-40,5,-80,50,27,0.7037037037037037,2.4239840350651907,0.00973235922133633,0.005296697839940467,14.333333333333334,0.277063116316554,20.920695354284693,3.8680305620421387,-0.12163116080469683,172.00111563415115,0.20576923076923076,127706.3116316554
10,-80,-30,5,-80,50,27,0.7037037037037037,2.4239840350651907,0.00973235922133633,0.005296697839940467,14.333333333333334,0.277063116316554,20.920695354284693,3.8680305620421387,-0.12163116080469683,172.00111563415115,0.20576923076923076,127706.3116316554
10,-80,-20,5,-80,50,27,0.7037037037037037,2.4239840350651907,0.00973235922133633,0.005296697839940467,14.333333333333334,0.277063116316554,20.920695354284693,3.8680305620421387,-0.12163116080469683,172.00111563415115,0.20576923076923076,127706.3116316554
7,-80,-40,10,-80,50,30,0.7333333333333333,2.69568159908688,0.008428137976249988,0.006169439570693269,10.666666666666666,0.27529387997457166,20.540382989478086,5.125911452243292,-0.12095584990273878,169.8171936784762,0.21153846153846154,127529.38799745716
7,-80,-30,10,-80,50,30,0.7333333333333333,2.69568159908688,0.008428137976249988,0.006169439570693269,10.666666666666666,0.27529387997457166,20.540382989478086,5.125911452243292,-0.12095584990273878,169.8171936784762,0.21153846153846154,127529.38799745716
3,-80,-40,3,-50,0,51,0.7058823529411765,1.8942265631425481,0.005470950881087761,0.005657302395169594,16.431372549019606,0.29793677468288404,25.899492163243792,3.724936522122927,-0.15332643053613837,168.9173358610171,0.3019230769230769,129793.67746828841
10,-80,-40,5,-80,0,27,0.7037037037037037,2.41463418551726,0.009668456753172957,0.0049135441281271675,14.296296296296296,0.27487424593312193,20.451075067766027,3.8438861550275494,-0.1216639992891525,168.09471320403514,0.20384615384615384,127487.4245933122
10,-80,-30,5,-80,0,27,0.7037037037037037,2.41463418551726,0.009668456753172957,0.0049135441281271675,14.296296296296296,0.27487424593312193,20.451075067766027,3.8438861550275494,-0.1216639992891525,168.09471320403514,0.20384615384615384,127487.4245933122
10,-80,-20,5,-80,0,27,0.7037037037037037,2.41463418551726,0.009668456753172957,0.0049135441281271675,14.296296296296296,0.27487424593312193,20.451075067766027,3.8438861550275494,-0.1216639992891525,168.09471320403514,0.20384615384615384,127487.4245933122
2,-85,-30,5,-100,0,29,0.7241379310344828,2.621779960006595,0.008643809118068673,0.006029785688339784,10.379310344827585,0.2648872776500566,18.423636703038234,3.882473113080566,-0.11004646403799945,167.41688943932343,0.175,126488.72776500565
2,-85,-30,5,-100,50,29,0.7241379310344828,2.621779960006595,0.008643809118068673,0.006029785688339784,10.379310344827585,0.2648872776500566,18.423636703038234,3.882473113080566,-0.11004646403799945,167.41688943932343,0.175,126488.72776500565
7,-80,-40,10,-80,0,30,0.7333333333333333,2.685116726315263,0.008375626817628778,0.006169439570693269,10.633333333333333,0.2733012332871112,20.119326980191232,5.095049973311247,-0.12085779712788314,166.47107144359407,0.20961538461538462,127330.12332871112
7,-80,-30,10,-80,0,30,0.7333333333333333,2.685116726315263,0.008375626817628778,0.006169439570693269,10.633333333333333,0.2733012332871112,20.119326980191232,5.095049973311247,-0.12085779712788314,166.47107144359407,0.20961538461538462,127330.12332871112
10,-85,-40,5,-50,50,25,0.68,2.4170756238785476,0.009862606951837357,0.005296697839940467,15.12,0.2568154848196349,16.91559549516809,3.6466107078670733,-0.10378215947654179,162.99136171850014,0.18846153846153846,125681.54848196349
10,-85,-30,5,-50,50,25,0.68,2.4170756238785476,0.009862606951837357,0.005296697839940467,15.12,0.2568154848196349,16.91559549516809,3.6466107078670733,-0.10378215947654179,162.99136171850014,0.18846153846153846,125681.54848196349
10,-85,-20,5,-50,50,25,0.68,2.4170756238785476,0.009862606951837357,0.005296697839940467,15.12,0.2568154848196349,16.91559549516809,3.6466107078670733,-0.10378215947654179,162.99136171850014,0.18846153846153846,125681.54848196349
7,-85,-40,3,-50,0,33,0.6666666666666666,2.1740213345599653,0.007726398950789567,0.004757608071528141,11.636363636363637,0.2674797753420828,18.932245513914154,3.740380239192936,-0.11630310642754249,162.78366154999526,0.2,126747.97753420827
7,-85,-30,3,-50,0,33,0.6666666666666666,2.1740213345599653,0.007726398950789567,0.004757608071528141,11.636363636363637,0.2674797753420828,18.932245513914154,3.740380239192936,-0.11630310642754249,162.78366154999526,0.2,126747.97753420827
10,-90,-40,5,-120,0,17,0.6470588235294118,3.4304589446434393,0.012517843675314892,0.0058291796908001015,15.588235294117647,0.2217514112696839,11.534171258880788,3.6725000144924946,-0.07097901199188383,162.50115259704762,0.10576923076923077,122175.14112696839
10,-90,-40,5,-120,50,17,0.6470588235294118,3.4304589446434393,0.012517843675314892,0.0058291796908001015,15.588235294117647,0.2217514112696839,11.534171258880788,3.6725000144924946,-0.07097901199188383,162.50115259704762,0.10576923076923077,122175.14112696839
10,-90,-30,5,-120,0,17,0.6470588235294118,3.4304589446434393,0.012517843675314892,0.0058291796908001015,15.588235294117647,0.2217514112696839,11.534171258880788,3.6725000144924946,-0.07097901199188383,162.50115259704762,0.10576923076923077,122175.14112696839
10,-90,-30,5,-120,50,17,0.6470588235294118,3.4304589446434393,0.012517843675314892,0.0058291796908001015,15.588235294117647,0.2217514112696839,11.534171258880788,3.6725000144924946,-0.07097901199188383,162.50115259704762,0.10576923076923077,122175.14112696839
10,-90,-20,5,-120,0,17,0.6470588235294118,3.4304589446434393,0.012517843675314892,0.0058291796908001015,15.588235294117647,0.2217514112696839,11.534171258880788,3.6725000144924946,-0.07097901199188383,162.50115259704762,0.10576923076923077,122175.14112696839
10,-90,-20,5,-120,50,17,0.6470588235294118,3.4304589446434393,0.012517843675314892,0.0058291796908001015,15.588235294117647,0.2217514112696839,11.534171258880788,3.6725000144924946,-0.07097901199188383,162.50115259704762,0.10576923076923077,122175.14112696839
7,-85,-20,5,-120,0,24,0.7083333333333334,2.481312872335626,0.010389157056582837,0.005929482689569943,12.458333333333334,0.26079810367424816,17.645640621488514,3.8411715421853483,-0.10877551448972522,162.22070476306774,0.17115384615384616,126079.81036742483
7,-85,-20,5,-120,50,24,0.7083333333333334,2.481312872335626,0.010389157056582837,0.005929482689569943,12.458333333333334,0.26079810367424816,17.645640621488514,3.8411715421853483,-0.10877551448972522,162.22070476306774,0.17115384615384616,126079.81036742483
5,-95,-20,10,-50,0,21,0.7142857142857143,2.595774770751568,0.011480340108062849,0.006953096740484721,10.571428571428571,0.25338354503375604,16.307705171421254,3.8921578255637854,-0.10088650892809214,161.64406266693928,0.1576923076923077,125338.35450337561
5,-95,-20,10,-50,50,21,0.7142857142857143,2.595774770751568,0.011480340108062849,0.006953096740484721,10.571428571428571,0.25338354503375604,16.307705171421254,3.8921578255637854,-0.10088650892809214,161.64406266693928,0.1576923076923077,125338.35450337561
5,-90,-40,5,-50,50,29,0.7586206896551724,2.266771007691662,0.009828385110898754,0.006953096740484721,11.0,0.29894371520077945,26.164134983575327,4.09327182047718,-0.16462165361500614,158.93495423611955,0.20961538461538462,129894.37152007794
3,-85,-20,5,-120,50,26,0.7307692307692307,2.469313091371803,0.009512304777307003,0.005929482689569943,11.807692307692308,0.25877532225800626,17.27149413014489,3.8141780952542397,-0.10877551448972489,158.78108424645865,0.18653846153846154,125877.53222580063
2,-80,-20,5,-80,0,33,0.7272727272727273,2.0247059376157073,0.0078395847197516,0.006029785688339784,20.333333333333332,0.26798266076716093,19.032312890819558,3.4935599923042076,-0.12035673720079099,158.13250951683722,0.24807692307692308,126798.2660767161
5,-90,-40,5,-50,0,29,0.7586206896551724,2.264005292109368,0.009806926995986946,0.006953096740484721,10.96551724137931,0.29814566385814256,25.954196189399212,4.084626408533458,-0.16462165361500614,157.65967367875686,0.2076923076923077,129814.56638581427
2,-85,-40,5,-80,50,32,0.625,2.2777380902919173,0.006904806430639888,0.00462064133374418,9.53125,0.2290506165682853,12.51305721787988,3.481796278743089,-0.08097371893608085,154.53232705981375,0.18269230769230768,122905.06165682852
10,-90,-40,7,-80,50,22,0.6818181818181818,2.8575602052981184,0.009948366178915329,0.006757699235102277,13.363636363636363,0.22852984068269988,12.440951122104773,3.5609984239824595,-0.08139134490017674,152.8534899793474,0.16153846153846155,122852.98406826999
10,-90,-30,7,-80,50,22,0.6818181818181818,2.8575602052981184,0.009948366178915329,0.006757699235102277,13.363636363636363,0.22852984068269988,12.440951122104773,3.5609984239824595,-0.08139134490017674,152.8534899793474,0.16153846153846155,122852.98406826999
10,-90,-20,7,-80,50,22,0.6818181818181818,2.8575602052981184,0.009948366178915329,0.006757699235102277,13.363636363636363,0.22852984068269988,12.440951122104773,3.5609984239824595,-0.08139134490017674,152.8534899793474,0.16153846153846155,122852.98406826999
5,-95,-40,10,-50,0,21,0.7142857142857143,2.5653387297384733,0.011261376812754758,0.006953096740484721,10.523809523809524,0.24771908693063605,15.345770161246037,3.8220894609655973,-0.10088650892809214,152.1092396227516,0.15576923076923077,124771.9086930636
5,-95,-40,10,-50,50,21,0.7142857142857143,2.5653387297384733,0.011261376812754758,0.006953096740484721,10.523809523809524,0.24771908693063605,15.345770161246037,3.8220894609655973,-0.10088650892809214,152.1092396227516,0.15576923076923077,124771.9086930636
5,-95,-30,10,-50,0,21,0.7142857142857143,2.5653387297384733,0.011261376812754758,0.006953096740484721,10.523809523809524,0.24771908693063605,15.345770161246037,3.8220894609655973,-0.10088650892809214,152.1092396227516,0.15576923076923077,124771.9086930636
5,-95,-30,10,-50,50,21,0.7142857142857143,2.5653387297384733,0.011261376812754758,0.006953096740484721,10.523809523809524,0.24771908693063605,15.345770161246037,3.8220894609655973,-0.10088650892809214,152.1092396227516,0.15576923076923077,124771.9086930636
2,-85,-40,5,-80,0,32,0.625,2.267760589934387,0.00685088872312704,0.004076832640241723,9.5,0.22694403901548266,12.223558837475535,3.4561534932349716,-0.08097371893608085,150.95711297544065,0.18076923076923077,122694.40390154826
10,-90,-40,7,-80,0,22,0.6818181818181818,2.841643175665331,0.009863120791543238,0.006352833696233184,13.272727272727273,0.226241052694246,12.12822846662358,3.532230576506179,-0.08139134490017674,149.0112797804038,0.1576923076923077,122624.10526942459
10,-90,-30,7,-80,0,22,0.6818181818181818,2.841643175665331,0.009863120791543238,0.006352833696233184,13.272727272727273,0.226241052694246,12.12822846662358,3.532230576506179,-0.08139134490017674,149.0112797804038,0.1576923076923077,122624.10526942459
10,-90,-20,7,-80,0,22,0.6818181818181818,2.841643175665331,0.009863120791543238,0.006352833696233184,13.272727272727273,0.226241052694246,12.12822846662358,3.532230576506179,-0.08139134490017674,149.0112797804038,0.1576923076923077,122624.10526942459
3,-80,-40,5,-120,0,28,0.7142857142857143,2.206494032010514,0.008688246616901516,0.006169439570693269,13.678571428571429,0.252418215547602,16.14017443981315,3.6472370101861142,-0.10862374081325943,148.5879083059802,0.19807692307692307,125241.8215547602
3,-80,-40,5,-120,50,28,0.7142857142857143,2.206494032010514,0.008688246616901516,0.006169439570693269,13.678571428571429,0.252418215547602,16.14017443981315,3.6472370101861142,-0.10862374081325943,148.5879083059802,0.19807692307692307,125241.8215547602
3,-85,-30,5,-120,0,26,0.7307692307692307,2.4382983222508905,0.009311515756771912,0.005929482689569943,11.73076923076923,0.25231661955370255,16.12262980933166,3.7381659703897707,-0.10877551448972489,148.21929259506862,0.18269230769230768,125231.66195537026
3,-85,-30,5,-120,50,26,0.7307692307692307,2.4382983222508905,0.009311515756771912,0.005929482689569943,11.73076923076923,0.25231661955370255,16.12262980933166,3.7381659703897707,-0.10877551448972489,148.21929259506862,0.18269230769230768,125231.66195537026
3,-85,-20,5,-120,0,26,0.7307692307692307,2.4382983222508905,0.009311515756771912,0.005929482689569943,11.73076923076923,0.25231661955370255,16.12262980933166,3.7381659703897707,-0.10877551448972489,148.21929259506862,0.18269230769230768,125231.66195537026
3,-85,-40,5,-80,0,32,0.71875,2.165971903996512,0.007574393202036067,0.005929482689569943,10.09375,0.2508890002708646,15.877836341175335,3.654300250703221,-0.10877551448972522,145.96884616597362,0.2173076923076923,125088.90002708646
3,-85,-40,5,-80,50,32,0.71875,2.165971903996512,0.007574393202036067,0.005929482689569943,10.09375,0.2508890002708646,15.877836341175335,3.654300250703221,-0.10877551448972522,145.96884616597362,0.2173076923076923,125088.90002708646
3,-80,-40,3,-80,0,49,0.673469387755102,1.8748444350483433,0.00545559790108073,0.005657302395169594,15.53061224489796,0.28304548731949297,22.252931709933417,3.6268158123279512,-0.15332643053613826,145.13434919290393,0.28846153846153844,128304.5487319493
5,-95,-20,5,-80,50,20,0.7,2.50595597226434,0.011916936425798103,0.006914792221075494,11.1,0.24823027777404882,15.430514870174466,3.7529716271220988,-0.10752807733078962,143.5021926664366,0.1576923076923077,124823.02777740487
2,-80,-20,5,-50,0,38,0.7631578947368421,1.9265991453325741,0.007381016437223197,0.006476990857490872,18.026315789473685,0.2886675276516597,23.57248582731773,3.586766785438873,-0.16462165361500636,143.19189067585057,0.275,128866.75276516596
7,-85,-20,10,-80,50,28,0.7142857142857143,2.610856466134223,0.008578421817320674,0.005929482689569943,11.321428571428571,0.2588298562504028,17.281489733747566,4.8911187372967895,-0.12095584990273889,142.8743607493452,0.20576923076923076,125882.98562504028
5,-90,-40,3,-50,50,30,0.7666666666666667,2.199933373967546,0.00857552774860783,0.007117101365634149,12.466666666666667,0.2676871930555478,18.97346292191972,3.7929877008484567,-0.13322631972231003,142.41527471048522,0.18076923076923077,126768.71930555477
5,-90,-30,3,-50,50,30,0.7666666666666667,2.199933373967546,0.00857552774860783,0.007117101365634149,12.466666666666667,0.2676871930555478,18.97346292191972,3.7929877008484567,-0.13322631972231003,142.41527471048522,0.18076923076923077,126768.71930555477
5,-90,-20,3,-50,50,30,0.7666666666666667,2.199933373967546,0.00857552774860783,0.007117101365634149,12.466666666666667,0.2676871930555478,18.97346292191972,3.7929877008484567,-0.13322631972231003,142.41527471048522,0.18076923076923077,126768.71930555477
5,-90,-20,7,-80,0,25,0.72,2.3769406072127093,0.008954324078073825,0.006029785688339784,12.32,0.23222820297666313,12.960795721925479,3.609787261657827,-0.09137340287505502,141.8442929136415,0.18846153846153846,123222.82029766632
5,-90,-20,7,-80,50,25,0.72,2.3769406072127093,0.008954324078073825,0.006029785688339784,12.32,0.23222820297666313,12.960795721925479,3.609787261657827,-0.09137340287505502,141.8442929136415,0.18846153846153846,123222.82029766632
10,-85,-40,5,-50,0,25,0.68,2.372356937447331,0.009551372448722825,0.004829066380499736,15.0,0.24714552819758406,15.251165397298966,3.538062929458631,-0.10798368557105698,141.23582943706043,0.18269230769230768,124714.5528197584
10,-85,-30,5,-50,0,25,0.68,2.372356937447331,0.009551372448722825,0.004829066380499736,15.0,0.24714552819758406,15.251165397298966,3.538062929458631,-0.10798368557105698,141.23582943706043,0.18269230769230768,124714.5528197584
10,-85,-20,5,-50,0,25,0.68,2.372356937447331,0.009551372448722825,0.004829066380499736,15.0,0.24714552819758406,15.251165397298966,3.538062929458631,-0.10798368557105698,141.23582943706043,0.18269230769230768,124714.5528197584
10,-90,-40,5,-50,50,23,0.6956521739130435,2.4519415243574945,0.00964415985424688,0.006876487701666267,12.782608695652174,0.22986873738390257,12.627052993341874,3.575420481344375,-0.08951798583108006,141.05604450449826,0.16153846153846155,122986.87373839025
10,-90,-30,5,-50,50,23,0.6956521739130435,2.4519415243574945,0.00964415985424688,0.006876487701666267,12.782608695652174,0.22986873738390257,12.627052993341874,3.575420481344375,-0.08951798583108006,141.05604450449826,0.16153846153846155,122986.87373839025
10,-90,-20,5,-50,50,23,0.6956521739130435,2.4519415243574945,0.00964415985424688,0.006876487701666267,12.782608695652174,0.22986873738390257,12.627052993341874,3.575420481344375,-0.08951798583108006,141.05604450449826,0.16153846153846155,122986.87373839025
7,-85,-20,10,-80,0,28,0.7142857142857143,2.6002915933626056,0.008522159861655094,0.005929482689569943,11.285714285714286,0.25686293460001175,16.924136240317633,4.860096289823791,-0.12085779712788303,140.03346612721833,0.20384615384615384,125686.29346000118
7,-85,-40,5,-120,0,24,0.7083333333333334,2.412935507386145,0.009909593828015628,0.005929482689569943,12.416666666666666,0.24694415536311332,15.218070025781763,3.6810003400818805,-0.10877551448972511,139.90345251108195,0.16923076923076924,124694.41553631132
7,-85,-40,5,-120,50,24,0.7083333333333334,2.412935507386145,0.009909593828015628,0.005929482689569943,12.416666666666666,0.24694415536311332,15.218070025781763,3.6810003400818805,-0.10877551448972511,139.90345251108195,0.16923076923076924,124694.41553631132
7,-85,-30,5,-120,0,24,0.7083333333333334,2.412935507386145,0.009909593828015628,0.005929482689569943,12.416666666666666,0.24694415536311332,15.218070025781763,3.6810003400818805,-0.10877551448972511,139.90345251108195,0.16923076923076924,124694.41553631132
7,-85,-30,5,-120,50,24,0.7083333333333334,2.412935507386145,0.009909593828015628,0.005929482689569943,12.416666666666666,0.24694415536311332,15.218070025781763,3.6810003400818805,-0.10877551448972511,139.90345251108195,0.16923076923076924,124694.41553631132
10,-90,-40,5,-50,0,23,0.6956521739130435,2.440647771328789,0.009569143913359439,0.006876487701666267,12.73913043478261,0.22776075758214187,12.335112412639083,3.548983351650694,-0.08951798583108006,137.79479395252895,0.1596153846153846,122776.07575821418
10,-90,-30,5,-50,0,23,0.6956521739130435,2.440647771328789,0.009569143913359439,0.006876487701666267,12.73913043478261,0.22776075758214187,12.335112412639083,3.548983351650694,-0.08951798583108006,137.79479395252895,0.1596153846153846,122776.07575821418
10,-90,-20,5,-50,0,23,0.6956521739130435,2.440647771328789,0.009569143913359439,0.006876487701666267,12.73913043478261,0.22776075758214187,12.335112412639083,3.548983351650694,-0.08951798583108006,137.79479395252895,0.1596153846153846,122776.07575821418
5,-95,-20,7,-50,0,21,0.7142857142857143,2.4779190729493776,0.01113816640894891,0.006953096740484721,10.666666666666666,0.2441250558309831,14.761223163922688,3.775095416020366,-0.1075280773307895,137.27784900786997,0.16153846153846155,124412.5055830983
5,-95,-20,7,-50,50,21,0.7142857142857143,2.4779190729493776,0.01113816640894891,0.006953096740484721,10.666666666666666,0.2441250558309831,14.761223163922688,3.775095416020366,-0.1075280773307895,137.27784900786997,0.16153846153846155,124412.5055830983
3,-80,-40,7,-100,0,31,0.7096774193548387,2.112491345006983,0.007648002435517959,0.0058291796908001015,12.612903225806452,0.24479833617215463,14.86924083775899,3.530402161159625,-0.10862374081325943,136.88757840996706,0.21346153846153845,124479.83361721545
3,-80,-40,7,-100,50,31,0.7096774193548387,2.112491345006983,0.007648002435517959,0.0058291796908001015,12.612903225806452,0.24479833617215463,14.86924083775899,3.530402161159625,-0.10862374081325943,136.88757840996706,0.21346153846153845,124479.83361721545
5,-85,-20,7,-80,50,30,0.7333333333333333,2.275886039633879,0.00803963023238891,0.005293393881164121,11.0,0.2505594494152801,15.821788088220124,3.6788247847578397,-0.11621527529059739,136.14206952276794,0.23076923076923078,125055.94494152801
2,-85,-20,10,-50,50,28,0.7142857142857143,2.2609452893136486,0.008304245641278693,0.005929482689569943,11.357142857142858,0.24054971969236338,14.198870628081353,3.572001817581596,-0.10506022990446151,135.14981492990603,0.2076923076923077,124054.97196923633
5,-95,-40,5,-80,50,20,0.7,2.476901815724564,0.011687024965724607,0.006914792221075494,11.05,0.24258910900371267,14.51733271619807,3.684592166579265,-0.10752807733078962,135.0096930640568,0.15576923076923077,124258.91090037127
5,-95,-30,5,-80,50,20,0.7,2.476901815724564,0.011687024965724607,0.006914792221075494,11.05,0.24258910900371267,14.51733271619807,3.684592166579265,-0.10752807733078962,135.0096930640568,0.15576923076923077,124258.91090037127
3,-85,-20,7,-80,50,29,0.7241379310344828,2.2444301929275268,0.008106771932491201,0.006029785688339784,11.10344827586207,0.24347475751488168,14.657535735491921,3.603684581774287,-0.10877551448972511,134.7503232161358,0.2153846153846154,124347.47575148818
5,-95,-40,5,-80,0,20,0.7,2.4729698726506064,0.011655910699102484,0.006914792221075494,11.0,0.24182568107748192,14.397406566470229,3.675237636382111,-0.10752807733078962,133.89439227281406,0.15384615384615385,124182.5681077482
5,-95,-30,5,-80,0,20,0.7,2.4729698726506064,0.011655910699102484,0.006914792221075494,11.0,0.24182568107748192,14.397406566470229,3.675237636382111,-0.10752807733078962,133.89439227281406,0.15384615384615385,124182.5681077482
5,-95,-20,5,-80,0,20,0.7,2.4729698726506064,0.011655910699102484,0.006914792221075494,11.0,0.24182568107748192,14.397406566470229,3.675237636382111,-0.10752807733078962,133.89439227281406,0.15384615384615385,124182.5681077482
5,-90,-40,7,-80,0,25,0.72,2.3486571166730768,0.00877039491001503,0.006029785688339784,12.28,0.22665935291723738,12.184876670738962,3.540117965120442,-0.09137340287505502,133.35255432481478,0.18653846153846154,122665.93529172374
5,-90,-40,7,-80,50,25,0.72,2.3486571166730768,0.00877039491001503,0.006029785688339784,12.28,0.22665935291723738,12.184876670738962,3.540117965120442,-0.09137340287505502,133.35255432481478,0.18653846153846154,122665.93529172374
5,-90,-30,7,-80,0,25,0.72,2.3486571166730768,0.00877039491001503,0.006029785688339784,12.28,0.22665935291723738,12.184876670738962,3.540117965120442,-0.09137340287505502,133.35255432481478,0.18653846153846154,122665.93529172374
5,-90,-30,7,-80,50,25,0.72,2.3486571166730768,0.00877039491001503,0.006029785688339784,12.28,0.22665935291723738,12.184876670738962,3.540117965120442,-0.09137340287505502,133.35255432481478,0.18653846153846154,122665.93529172374
5,-85,-20,3,-50,0,38,0.7368421052631579,2.068188383644444,0.007112153353402063,0.005296345968576199,10.473684210526315,0.2814430591339421,21.888957374366722,3.769130811913472,-0.16427600690501587,133.2450050786959,0.22692307692307692,128144.30591339422
5,-85,-20,7,-80,0,30,0.7333333333333333,2.2659652069419836,0.007977116948316043,0.004760560158940219,10.933333333333334,0.24822961960416268,15.430405499807918,3.6515577432552053,-0.11638025887427383,132.58610737820632,0.22692307692307692,124822.96196041627
2,-85,-20,10,-50,0,28,0.7142857142857143,2.2524022799870167,0.008247983685613112,0.005929482689569943,11.321428571428571,0.23861136075534395,13.90177396942617,3.5490256914391107,-0.10506022990446151,132.32194506016225,0.20576923076923076,123861.13607553439
5,-85,-20,3,-80,50,36,0.6944444444444444,2.0324911475113527,0.007492131409737461,0.005296345968576199,9.055555555555555,0.2803025101839507,21.633097735943515,3.796729042738516,-0.16427600690501587,131.6875065538435,0.2230769230769231,128030.25101839507
3,-85,-20,7,-80,0,29,0.7241379310344828,2.234503189862662,0.008042103017933063,0.0058291796908001015,11.03448275862069,0.24115812669754244,14.29324111757286,3.5763366415796387,-0.10877551448972522,131.40127338972945,0.21153846153846154,124115.81266975425
2,-85,-30,5,-80,50,31,0.7096774193548387,2.356563749183941,0.007380382408059483,0.006001161515132081,10.064516129032258,0.23757734085780235,13.745483599996618,3.5422684332648693,-0.10470570912772836,131.27730774669394,0.19615384615384615,123757.73408578023
2,-80,-20,7,-50,50,33,0.696969696969697,1.9448372669362044,0.00737721605559559,0.006638910768538286,20.454545454545453,0.25028323170593536,15.774942530366946,3.3504924616384564,-0.12035673720079088,131.06821352301736,0.25576923076923075,125028.32317059353
5,-90,-20,5,-120,50,20,0.7,3.0768387191515285,0.010791016772525591,0.004638279191048533,14.15,0.2247354030610924,11.926176158544692,3.686623943032914,-0.09137340287505524,130.52130908216964,0.14038461538461539,122473.54030610925
5,-95,-40,7,-50,0,21,0.7142857142857143,2.4488649164096015,0.010919203113640818,0.006953096740484721,10.619047619047619,0.23850243992723996,13.885239189478924,3.7050508964288373,-0.1075280773307895,129.1312886285844,0.1596153846153846,123850.24399272399
5,-95,-40,7,-50,50,21,0.7142857142857143,2.4488649164096015,0.010919203113640818,0.006953096740484721,10.619047619047619,0.23850243992723996,13.885239189478924,3.7050508964288373,-0.1075280773307895,129.1312886285844,0.1596153846153846,123850.24399272399
5,-95,-30,7,-50,0,21,0.7142857142857143,2.4488649164096015,0.010919203113640818,0.006953096740484721,10.619047619047619,0.23850243992723996,13.885239189478924,3.7050508964288373,-0.1075280773307895,129.1312886285844,0.1596153846153846,123850.24399272399
5,-95,-30,7,-50,50,21,0.7142857142857143,2.4488649164096015,0.010919203113640818,0.006953096740484721,10.619047619047619,0.23850243992723996,13.885239189478924,3.7050508964288373,-0.1075280773307895,129.1312886285844,0.1596153846153846,123850.24399272399
10,-85,-40,7,-80,50,23,0.6521739130434783,2.66327106805628,0.010094891109079998,0.004757608071528141,16.26086956521739,0.24192939464908547,14.413648580638588,3.480894245354933,-0.1122374001434201,128.4210839009138,0.18076923076923077,124192.93946490854
10,-85,-30,7,-80,50,23,0.6521739130434783,2.66327106805628,0.010094891109079998,0.004757608071528141,16.26086956521739,0.24192939464908547,14.413648580638588,3.480894245354933,-0.1122374001434201,128.4210839009138,0.18076923076923077,124192.93946490854
10,-85,-20,7,-80,50,23,0.6521739130434783,2.66327106805628,0.010094891109079998,0.004757608071528141,16.26086956521739,0.24192939464908547,14.413648580638588,3.480894245354933,-0.1122374001434201,128.4210839009138,0.18076923076923077,124192.93946490854
2,-85,-30,5,-80,0,31,0.7096774193548387,2.346333621708401,0.007324725419659124,0.0049135441281271675,10.03225806451613,0.23545614860504682,13.429582205393558,3.5170287676812366,-0.10470570912772836,128.2602669641546,0.19423076923076923,123545.61486050469
2,-80,-20,7,-50,0,33,0.696969696969697,1.9375587291412257,0.00732038579734753,0.006029785688339784,20.393939393939394,0.2479539164967064,15.384649869826475,3.3264372909806688,-0.12035673720079088,127.82541490934818,0.2519230769230769,124795.39164967064
3,-80,-30,3,-50,0,51,0.7058823529411765,1.8095776820482543,0.005156600044064314,0.005657302395169594,16.470588235294116,0.2771884875532735,20.947878156390086,3.521112534259343,-0.16427600690501598,127.51635829876302,0.3057692307692308,127718.84875532736
3,-80,-20,3,-50,0,51,0.7058823529411765,1.8095776820482543,0.005156600044064314,0.005657302395169594,16.470588235294116,0.2771884875532735,20.947878156390086,3.521112534259343,-0.16427600690501598,127.51635829876302,0.3057692307692308,127718.84875532736
10,-90,-40,7,-100,0,20,0.65,2.7383921161836704,0.010241163335384362,0.006352833696233184,14.35,0.21146044820695398,10.264682579891934,3.3525128821721153,-0.08139134490017674,126.11516116954647,0.14807692307692308,121146.0448206954
10,-90,-40,7,-100,50,20,0.65,2.7383921161836704,0.010241163335384362,0.006352833696233184,14.35,0.21146044820695398,10.264682579891934,3.3525128821721153,-0.08139134490017674,126.11516116954647,0.14807692307692308,121146.0448206954
10,-90,-30,7,-100,0,20,0.65,2.7383921161836704,0.010241163335384362,0.006352833696233184,14.35,0.21146044820695398,10.264682579891934,3.3525128821721153,-0.08139134490017674,126.11516116954647,0.14807692307692308,121146.0448206954
10,-90,-30,7,-100,50,20,0.65,2.7383921161836704,0.010241163335384362,0.006352833696233184,14.35,0.21146044820695398,10.264682579891934,3.3525128821721153,-0.08139134490017674,126.11516116954647,0.14807692307692308,121146.0448206954
10,-90,-20,7,-100,0,20,0.65,2.7383921161836704,0.010241163335384362,0.006352833696233184,14.35,0.21146044820695398,10.264682579891934,3.3525128821721153,-0.08139134490017674,126.11516116954647,0.14807692307692308,121146.0448206954
10,-90,-20,7,-100,50,20,0.65,2.7383921161836704,0.010241163335384362,0.006352833696233184,14.35,0.21146044820695398,10.264682579891934,3.3525128821721153,-0.08139134490017674,126.11516116954647,0.14807692307692308,121146.0448206954
3,-85,-30,7,-80,50,29,0.7241379310344828,2.216796565639653,0.007926754189942499,0.006029785688339784,11.03448275862069,0.23709456111518734,13.673030361698396,3.5284373448078035,-0.10877551448972511,125.69952370108022,0.21153846153846154,123709.45611151872
5,-95,-20,5,-100,50,19,0.6842105263157895,2.456931645338893,0.011934958019976969,0.006876487701666267,11.473684210526315,0.23401695062330008,13.218809084847809,3.5813448541605313,-0.10516735820664436,125.6930792049948,0.15,123401.69506233
10,-85,-40,7,-80,0,23,0.6521739130434783,2.64983639419686,0.010013352042897999,0.004757608071528141,16.17391304347826,0.2396156428891758,14.055028340820527,3.4545764814318054,-0.11240312631075877,125.04125821165205,0.17692307692307693,123961.56428891758
10,-85,-30,7,-80,0,23,0.6521739130434783,2.64983639419686,0.010013352042897999,0.004757608071528141,16.17391304347826,0.2396156428891758,14.055028340820527,3.4545764814318054,-0.11240312631075877,125.04125821165205,0.17692307692307693,123961.56428891758
10,-85,-20,7,-80,0,23,0.6521739130434783,2.64983639419686,0.010013352042897999,0.004757608071528141,16.17391304347826,0.2396156428891758,14.055028340820527,3.4545764814318054,-0.11240312631075877,125.04125821165205,0.17692307692307693,123961.56428891758
7,-85,-40,10,-80,50,28,0.7142857142857143,2.533668689230558,0.008167367621405923,0.005929482689569943,11.285714285714286,0.2449975355083407,14.901329790505226,4.6818167321636555,-0.12095584990273878,123.19643739833553,0.20384615384615384,124499.75355083407
7,-85,-30,10,-80,50,28,0.7142857142857143,2.533668689230558,0.008167367621405923,0.005929482689569943,11.285714285714286,0.2449975355083407,14.901329790505226,4.6818167321636555,-0.12095584990273878,123.19643739833553,0.20384615384615384,124499.75355083407
5,-90,-40,5,-120,50,20,0.7,3.032589967405261,0.010561105312452097,0.004638279191048533,14.1,0.21920041546249514,11.207759634144425,3.612633302869311,-0.09137340287505524,122.65888411171476,0.13846153846153847,121920.04154624951
5,-90,-30,5,-120,50,20,0.7,3.032589967405261,0.010561105312452097,0.004638279191048533,14.1,0.21920041546249514,11.207759634144425,3.612633302869311,-0.09137340287505524,122.65888411171476,0.13846153846153847,121920.04154624951
3,-85,-30,7,-80,0,29,0.7241379310344828,2.2068695625747883,0.00786208527538436,0.0058291796908001015,10.96551724137931,0.23478981679535105,13.331641647686828,3.5010852111668895,-0.10877551448972522,122.5610534707801,0.2076923076923077,123478.9816795351
7,-80,-40,7,-120,0,27,0.7407407407407407,2.6740659971159038,0.007857940375915284,0.006029785688339784,11.333333333333334,0.22630739271694367,12.137197569072368,4.569686175084086,-0.09968925653708827,121.7503068102114,0.18461538461538463,122630.73927169437
7,-80,-40,7,-120,50,27,0.7407407407407407,2.6740659971159038,0.007857940375915284,0.006029785688339784,11.333333333333334,0.22630739271694367,12.137197569072368,4.569686175084086,-0.09968925653708827,121.7503068102114,0.18461538461538463,122630.73927169437
7,-80,-30,7,-120,0,27,0.7407407407407407,2.6740659971159038,0.007857940375915284,0.006029785688339784,11.333333333333334,0.22630739271694367,12.137197569072368,4.569686175084086,-0.09968925653708827,121.7503068102114,0.18461538461538463,122630.73927169437
7,-80,-30,7,-120,50,27,0.7407407407407407,2.6740659971159038,0.007857940375915284,0.006029785688339784,11.333333333333334,0.22630739271694367,12.137197569072368,4.569686175084086,-0.09968925653708827,121.7503068102114,0.18461538461538463,122630.73927169437
7,-80,-20,7,-120,0,27,0.7407407407407407,2.6740659971159038,0.007857940375915284,0.006029785688339784,11.333333333333334,0.22630739271694367,12.137197569072368,4.569686175084086,-0.09968925653708827,121.7503068102114,0.18461538461538463,122630.73927169437
7,-80,-20,7,-120,50,27,0.7407407407407407,2.6740659971159038,0.007857940375915284,0.006029785688339784,11.333333333333334,0.22630739271694367,12.137197569072368,4.569686175084086,-0.09968925653708827,121.7503068102114,0.18461538461538463,122630.73927169437
5,-90,-40,5,-120,0,20,0.7,3.026601716714802,0.010529991045829972,0.004638279191048533,14.05,0.21845135719529174,11.113411614642494,3.602504277130539,-0.09137340287505524,121.62632959876811,0.13653846153846153,121845.13571952918
5,-90,-30,5,-120,0,20,0.7,3.026601716714802,0.010529991045829972,0.004638279191048533,14.05,0.21845135719529174,11.113411614642494,3.602504277130539,-0.09137340287505524,121.62632959876811,0.13653846153846153,121845.13571952918
5,-90,-20,5,-120,0,20,0.7,3.026601716714802,0.010529991045829972,0.004638279191048533,14.05,0.21845135719529174,11.113411614642494,3.602504277130539,-0.09137340287505524,121.62632959876811,0.13653846153846153,121845.13571952918
7,-85,-20,3,-80,50,32,0.65625,2.067528594008688,0.007245103902559096,0.005030105043146382,9.75,0.23969408081337962,14.067058929497048,3.5482976593612565,-0.11630310642754249,120.95170422864764,0.19615384615384615,123969.40808133797
7,-95,-40,5,-50,0,18,0.7222222222222222,2.446364204781953,0.012264386769078088,0.007357538142709896,11.61111111111111,0.22808667851661601,12.379870539364347,3.5932218004275454,-0.10247157918535499,120.81272327199238,0.1326923076923077,122808.66785166161
7,-95,-40,5,-50,50,18,0.7222222222222222,2.446364204781953,0.012264386769078088,0.007357538142709896,11.61111111111111,0.22808667851661601,12.379870539364347,3.5932218004275454,-0.10247157918535499,120.81272327199238,0.1326923076923077,122808.66785166161
7,-95,-30,5,-50,0,18,0.7222222222222222,2.446364204781953,0.012264386769078088,0.007357538142709896,11.61111111111111,0.22808667851661601,12.379870539364347,3.5932218004275454,-0.10247157918535499,120.81272327199238,0.1326923076923077,122808.66785166161
7,-95,-30,5,-50,50,18,0.7222222222222222,2.446364204781953,0.012264386769078088,0.007357538142709896,11.61111111111111,0.22808667851661601,12.379870539364347,3.5932218004275454,-0.10247157918535499,120.81272327199238,0.1326923076923077,122808.66785166161
7,-95,-20,5,-50,0,18,0.7222222222222222,2.446364204781953,0.012264386769078088,0.007357538142709896,11.61111111111111,0.22808667851661601,12.379870539364347,3.5932218004275454,-0.10247157918535499,120.81272327199238,0.1326923076923077,122808.66785166161
7,-95,-20,5,-50,50,18,0.7222222222222222,2.446364204781953,0.012264386769078088,0.007357538142709896,11.61111111111111,0.22808667851661601,12.379870539364347,3.5932218004275454,-0.10247157918535499,120.81272327199238,0.1326923076923077,122808.66785166161
7,-85,-40,10,-80,0,28,0.7142857142857143,2.5231038164589408,0.008111105665740343,0.005929482689569943,11.25,0.24305222685910888,14.590501962271427,4.650714196238324,-0.12085779712788303,120.72453998837003,0.20192307692307693,124305.22268591088
7,-85,-30,10,-80,0,28,0.7142857142857143,2.5231038164589408,0.008111105665740343,0.005929482689569943,11.25,0.24305222685910888,14.590501962271427,4.650714196238324,-0.12085779712788303,120.72453998837003,0.20192307692307693,124305.22268591088
7,-95,-40,7,-80,0,17,0.7058823529411765,2.850814278185038,0.012812196537168507,0.006953096740484721,12.294117647058824,0.2267497218539447,12.197144388266086,3.5786502860366234,-0.10247157918535488,119.02953467910727,0.1326923076923077,122674.97218539448
7,-95,-40,7,-80,50,17,0.7058823529411765,2.850814278185038,0.012812196537168507,0.006953096740484721,12.294117647058824,0.2267497218539447,12.197144388266086,3.5786502860366234,-0.10247157918535488,119.02953467910727,0.1326923076923077,122674.97218539448
7,-95,-30,7,-80,0,17,0.7058823529411765,2.850814278185038,0.012812196537168507,0.006953096740484721,12.294117647058824,0.2267497218539447,12.197144388266086,3.5786502860366234,-0.10247157918535488,119.02953467910727,0.1326923076923077,122674.97218539448
7,-95,-30,7,-80,50,17,0.7058823529411765,2.850814278185038,0.012812196537168507,0.006953096740484721,12.294117647058824,0.2267497218539447,12.197144388266086,3.5786502860366234,-0.10247157918535488,119.02953467910727,0.1326923076923077,122674.97218539448
7,-95,-20,7,-80,0,17,0.7058823529411765,2.850814278185038,0.012812196537168507,0.006953096740484721,12.294117647058824,0.2267497218539447,12.197144388266086,3.5786502860366234,-0.10247157918535488,119.02953467910727,0.1326923076923077,122674.97218539448
7,-95,-20,7,-80,50,17,0.7058823529411765,2.850814278185038,0.012812196537168507,0.006953096740484721,12.294117647058824,0.2267497218539447,12.197144388266086,3.5786502860366234,-0.10247157918535488,119.02953467910727,0.1326923076923077,122674.97218539448
5,-80,-20,10,-80,50,30,0.7333333333333333,2.2435101277767884,0.007606655046471155,0.006169439570693269,10.7,0.2415582168673831,14.355593158588489,4.668977284439518,-0.12095584990273911,118.68457102431884,0.21346153846153845,124155.82168673832
5,-95,-40,5,-100,50,19,0.6842105263157895,2.427388597689205,0.01169294595674171,0.006876487701666267,11.421052631578947,0.22844001661691182,12.428550057076851,3.512888734176204,-0.10516735820664436,118.1787796994565,0.14807692307692308,122844.00166169119
5,-95,-30,5,-100,50,19,0.6842105263157895,2.427388597689205,0.01169294595674171,0.006876487701666267,11.421052631578947,0.22844001661691182,12.428550057076851,3.512888734176204,-0.10516735820664436,118.1787796994565,0.14807692307692308,122844.00166169119
5,-95,-40,5,-100,0,19,0.6842105263157895,2.4233904922397915,0.011660194097139476,0.006876487701666267,11.368421052631579,0.22768528167871782,12.324767123873949,3.5035281771416407,-0.10516735820664436,117.19194371752587,0.14615384615384616,122768.52816787179
5,-95,-30,5,-100,0,19,0.6842105263157895,2.4233904922397915,0.011660194097139476,0.006876487701666267,11.368421052631579,0.22768528167871782,12.324767123873949,3.5035281771416407,-0.10516735820664436,117.19194371752587,0.14615384615384616,122768.52816787179
5,-95,-20,5,-100,0,19,0.6842105263157895,2.4233904922397915,0.011660194097139476,0.006876487701666267,11.368421052631579,0.22768528167871782,12.324767123873949,3.5035281771416407,-0.10516735820664436,117.19194371752587,0.14615384615384616,122768.52816787179
10,-85,-40,7,-100,0,22,0.6363636363636364,2.615712322593935,0.010251981124559167,0.00439715899022175,16.818181818181817,0.23373871341900543,13.178389227415536,3.3875473223659696,-0.11250118804816645,117.14000052846836,0.17307692307692307,123373.87134190055
10,-85,-40,7,-100,50,22,0.6363636363636364,2.615712322593935,0.010251981124559167,0.00439715899022175,16.818181818181817,0.23373871341900543,13.178389227415536,3.3875473223659696,-0.11250118804816645,117.14000052846836,0.17307692307692307,123373.87134190055
10,-85,-30,7,-100,0,22,0.6363636363636364,2.615712322593935,0.010251981124559167,0.00439715899022175,16.818181818181817,0.23373871341900543,13.178389227415536,3.3875473223659696,-0.11250118804816645,117.14000052846836,0.17307692307692307,123373.87134190055
10,-85,-30,7,-100,50,22,0.6363636363636364,2.615712322593935,0.010251981124559167,0.00439715899022175,16.818181818181817,0.23373871341900543,13.178389227415536,3.3875473223659696,-0.11250118804816645,117.14000052846836,0.17307692307692307,123373.87134190055
10,-85,-20,7,-100,0,22,0.6363636363636364,2.615712322593935,0.010251981124559167,0.00439715899022175,16.818181818181817,0.23373871341900543,13.178389227415536,3.3875473223659696,-0.11250118804816645,117.14000052846836,0.17307692307692307,123373.87134190055
10,-85,-20,7,-100,50,22,0.6363636363636364,2.615712322593935,0.010251981124559167,0.00439715899022175,16.818181818181817,0.23373871341900543,13.178389227415536,3.3875473223659696,-0.11250118804816645,117.14000052846836,0.17307692307692307,123373.87134190055
2,-80,-40,10,-80,50,30,0.6666666666666666,2.2434361932197833,0.006517577383945694,0.006592790577356511,9.866666666666667,0.20678983361286685,9.728537139929132,4.567094234865498,-0.08327701539351873,116.82139536290687,0.16538461538461538,120678.9833612867
5,-80,-20,10,-80,0,30,0.7333333333333333,2.234925781941748,0.007554143887849947,0.006169439570693269,10.666666666666666,0.23961828215352798,14.05543299993463,4.6375494356800555,-0.12085779712788325,116.29727939739094,0.21153846153846154,123961.8282153528
2,-80,-40,3,-80,50,47,0.6382978723404256,1.8963725623622791,0.005253258027284207,0.003961495742317744,15.957446808510639,0.26080259337651435,17.646478854622337,3.4574745598767915,-0.1519532723963799,116.13095642053933,0.2673076923076923,126080.25933765144
7,-90,-40,5,-120,0,17,0.7058823529411765,3.0621666036763777,0.011922223688587667,0.0058291796908001015,15.764705882352942,0.20894698339018047,9.97316888236376,3.4952355860325053,-0.08622537682902132,115.66396401073239,0.11153846153846154,120894.69833901805
7,-90,-40,5,-120,50,17,0.7058823529411765,3.0621666036763777,0.011922223688587667,0.0058291796908001015,15.764705882352942,0.20894698339018047,9.97316888236376,3.4952355860325053,-0.08622537682902132,115.66396401073239,0.11153846153846154,120894.69833901805
7,-90,-30,5,-120,0,17,0.7058823529411765,3.0621666036763777,0.011922223688587667,0.0058291796908001015,15.764705882352942,0.20894698339018047,9.97316888236376,3.4952355860325053,-0.08622537682902132,115.66396401073239,0.11153846153846154,120894.69833901805
7,-90,-30,5,-120,50,17,0.7058823529411765,3.0621666036763777,0.011922223688587667,0.0058291796908001015,15.764705882352942,0.20894698339018047,9.97316888236376,3.4952355860325053,-0.08622537682902132,115.66396401073239,0.11153846153846154,120894.69833901805
7,-90,-20,5,-120,0,17,0.7058823529411765,3.0621666036763777,0.011922223688587667,0.0058291796908001015,15.764705882352942,0.20894698339018047,9.97316888236376,3.4952355860325053,-0.08622537682902132,115.66396401073239,0.11153846153846154,120894.69833901805
7,-90,-20,5,-120,50,17,0.7058823529411765,3.0621666036763777,0.011922223688587667,0.0058291796908001015,15.764705882352942,0.20894698339018047,9.97316888236376,3.4952355860325053,-0.08622537682902132,115.66396401073239,0.11153846153846154,120894.69833901805
3,-85,-20,5,-100,50,30,0.7333333333333333,2.023848487868399,0.007787154614265838,0.006169439570693269,19.566666666666666,0.23854688152557668,13.891983626909957,3.307281788668168,-0.12035673720079099,115.4233983905195,0.22115384615384615,123854.68815255766
5,-85,-40,3,-50,0,38,0.7368421052631579,2.022697930936314,0.006809271314306984,0.005296345968576199,10.447368421052632,0.26736225916036327,18.908927831999446,3.624154428235352,-0.16427600690501587,115.10462293457472,0.225,126736.22591603633
5,-85,-30,3,-50,0,38,0.7368421052631579,2.022697930936314,0.006809271314306984,0.005296345968576199,10.447368421052632,0.26736225916036327,18.908927831999446,3.624154428235352,-0.16427600690501587,115.10462293457472,0.225,126736.22591603633
10,-95,-40,5,-50,0,15,0.6666666666666666,2.5234186573799313,0.013845761926225516,0.006953096740484721,13.066666666666666,0.21271439378129542,10.412766994766567,3.4167307019638637,-0.09060295548107833,114.92745396082788,0.1076923076923077,121271.43937812954
10,-95,-40,5,-50,50,15,0.6666666666666666,2.5234186573799313,0.013845761926225516,0.006953096740484721,13.066666666666666,0.21271439378129542,10.412766994766567,3.4167307019638637,-0.09060295548107833,114.92745396082788,0.1076923076923077,121271.43937812954
10,-95,-30,5,-50,0,15,0.6666666666666666,2.5234186573799313,0.013845761926225516,0.006953096740484721,13.066666666666666,0.21271439378129542,10.412766994766567,3.4167307019638637,-0.09060295548107833,114.92745396082788,0.1076923076923077,121271.43937812954
10,-95,-30,5,-50,50,15,0.6666666666666666,2.5234186573799313,0.013845761926225516,0.006953096740484721,13.066666666666666,0.21271439378129542,10.412766994766567,3.4167307019638637,-0.09060295548107833,114.92745396082788,0.1076923076923077,121271.43937812954
10,-95,-20,5,-50,0,15,0.6666666666666666,2.5234186573799313,0.013845761926225516,0.006953096740484721,13.066666666666666,0.21271439378129542,10.412766994766567,3.4167307019638637,-0.09060295548107833,114.92745396082788,0.1076923076923077,121271.43937812954
10,-95,-20,5,-50,50,15,0.6666666666666666,2.5234186573799313,0.013845761926225516,0.006953096740484721,13.066666666666666,0.21271439378129542,10.412766994766567,3.4167307019638637,-0.09060295548107833,114.92745396082788,0.1076923076923077,121271.43937812954
3,-90,-20,5,-120,50,20,0.75,2.9963502445151287,0.010296854790951753,0.005929482689569943,10.7,0.2129627820920399,10.442312211035711,3.541561724434772,-0.09115546487815018,114.55497731259682,0.1423076923076923,121296.278209204
3,-85,-40,7,-50,0,32,0.71875,2.0732971368683195,0.006972358861645857,0.005929482689569943,10.09375,0.2286524326255639,12.45789312097083,3.454820492098143,-0.10877551448972522,114.52846883245572,0.2173076923076923,122865.2432625564
3,-85,-40,7,-50,50,32,0.71875,2.0732971368683195,0.006972358861645857,0.005929482689569943,10.09375,0.2286524326255639,12.45789312097083,3.454820492098143,-0.10877551448972522,114.52846883245572,0.2173076923076923,122865.2432625564
2,-80,-40,10,-80,0,30,0.6666666666666666,2.2334180114121764,0.006465066225324486,0.0064740021107925205,9.833333333333334,0.20490422449784673,9.518823364838386,4.531485668216508,-0.08317475974184907,114.44365327152278,0.16346153846153846,120490.42244978467
5,-85,-40,3,-80,50,36,0.6944444444444444,1.9884320530571302,0.007172422590692655,0.005296345968576199,9.027777777777779,0.26623424283248975,18.686379858617705,3.6498223594520147,-0.16427600690501587,113.74990304836263,0.22115384615384615,126623.42428324897
5,-85,-30,3,-80,50,36,0.6944444444444444,1.9884320530571302,0.007172422590692655,0.005296345968576199,9.027777777777779,0.26623424283248975,18.686379858617705,3.6498223594520147,-0.16427600690501587,113.74990304836263,0.22115384615384615,126623.42428324897
10,-95,-40,7,-80,0,14,0.6428571428571429,3.0194630033493315,0.014623914870131554,0.006914792221075494,14.0,0.21139417215765421,10.256905173816982,3.40190906887951,-0.09060295548107833,113.2071809286514,0.1076923076923077,121139.41721576542
10,-95,-40,7,-80,50,14,0.6428571428571429,3.0194630033493315,0.014623914870131554,0.006914792221075494,14.0,0.21139417215765421,10.256905173816982,3.40190906887951,-0.09060295548107833,113.2071809286514,0.1076923076923077,121139.41721576542
10,-95,-30,7,-80,0,14,0.6428571428571429,3.0194630033493315,0.014623914870131554,0.006914792221075494,14.0,0.21139417215765421,10.256905173816982,3.40190906887951,-0.09060295548107833,113.2071809286514,0.1076923076923077,121139.41721576542
10,-95,-30,7,-80,50,14,0.6428571428571429,3.0194630033493315,0.014623914870131554,0.006914792221075494,14.0,0.21139417215765421,10.256905173816982,3.40190906887951,-0.09060295548107833,113.2071809286514,0.1076923076923077,121139.41721576542
10,-95,-20,7,-80,0,14,0.6428571428571429,3.0194630033493315,0.014623914870131554,0.006914792221075494,14.0,0.21139417215765421,10.256905173816982,3.40190906887951,-0.09060295548107833,113.2071809286514,0.1076923076923077,121139.41721576542
10,-95,-20,7,-80,50,14,0.6428571428571429,3.0194630033493315,0.014623914870131554,0.006914792221075494,14.0,0.21139417215765421,10.256905173816982,3.40190906887951,-0.09060295548107833,113.2071809286514,0.1076923076923077,121139.41721576542
2,-85,-30,5,-50,50,34,0.7352941176470589,2.107915797967828,0.007185564992830387,0.006169439570693269,9.382352941176471,0.2519972577933156,16.067586800766257,3.558115045865609,-0.14338714383472717,112.05737398107529,0.20961538461538462,125199.72577933157
5,-85,-40,7,-80,50,30,0.7333333333333333,2.190676278596145,0.007502705342819479,0.005293393881164121,10.933333333333334,0.2312284129543516,12.81846869541174,3.4545587145015757,-0.11621527529059739,110.29934458580456,0.22692307692307692,123122.84129543515
5,-85,-30,7,-80,50,30,0.7333333333333333,2.190676278596145,0.007502705342819479,0.005293393881164121,10.933333333333334,0.2312284129543516,12.81846869541174,3.4545587145015757,-0.11621527529059739,110.29934458580456,0.22692307692307692,123122.84129543515
2,-90,-20,5,-120,50,19,0.7368421052631579,2.976020888113224,0.010728420238878789,0.006029785688339784,10.947368421052632,0.21042671666945023,10.1439369787479,3.5275324137839776,-0.09245154187125848,109.72166362431936,0.13076923076923078,121042.67166694503
7,-90,-40,5,-80,50,23,0.7391304347826086,2.2947152437602227,0.008834609769576068,0.006638910768538286,12.91304347826087,0.2075125737750403,9.80993441734004,3.319896365156195,-0.08951798583108006,109.58618344978552,0.1673076923076923,120751.25737750402
7,-90,-30,5,-80,50,23,0.7391304347826086,2.2947152437602227,0.008834609769576068,0.006638910768538286,12.91304347826087,0.2075125737750403,9.80993441734004,3.319896365156195,-0.08951798583108006,109.58618344978552,0.1673076923076923,120751.25737750402
7,-90,-20,5,-80,50,23,0.7391304347826086,2.2947152437602227,0.008834609769576068,0.006638910768538286,12.91304347826087,0.2075125737750403,9.80993441734004,3.319896365156195,-0.08951798583108006,109.58618344978552,0.1673076923076923,120751.25737750402
2,-85,-30,5,-50,0,34,0.7352941176470589,2.1000914471784924,0.007134818915171237,0.006015473601735932,9.352941176470589,0.24985134998131486,15.701937587818701,3.534260979893861,-0.14338714383472717,109.50729031828182,0.2076923076923077,124985.13499813149
5,-90,-40,3,-80,50,30,0.7333333333333333,2.0671346862624933,0.00791883933366881,0.0064531366950030256,10.066666666666666,0.24298926959638378,14.580536550424084,3.564017575658421,-0.13322631972231003,109.44186239487055,0.17692307692307693,124298.92695963838
5,-90,-30,3,-80,50,30,0.7333333333333333,2.0671346862624933,0.00791883933366881,0.0064531366950030256,10.066666666666666,0.24298926959638378,14.580536550424084,3.564017575658421,-0.13322631972231003,109.44186239487055,0.17692307692307693,124298.92695963838
5,-90,-20,3,-80,50,30,0.7333333333333333,2.0671346862624933,0.00791883933366881,0.0064531366950030256,10.066666666666666,0.24298926959638378,14.580536550424084,3.564017575658421,-0.13322631972231003,109.44186239487055,0.17692307692307693,124298.92695963838
3,-80,-30,3,-80,0,49,0.673469387755102,1.7892601144353435,0.005128416417648163,0.005657302395169594,15.571428571428571,0.2625352462272328,17.97257051736595,3.4194897247391154,-0.16427600690501587,109.40471987341195,0.2923076923076923,126253.52462272327
3,-80,-20,3,-80,0,49,0.673469387755102,1.7892601144353435,0.005128416417648163,0.005657302395169594,15.571428571428571,0.2625352462272328,17.97257051736595,3.4194897247391154,-0.16427600690501587,109.40471987341195,0.2923076923076923,126253.52462272327
3,-95,-20,10,-50,0,21,0.6666666666666666,2.3886484425986367,0.010142633963146006,0.006309093453046755,10.571428571428571,0.2191324116234863,11.199166332795278,3.4475940531779847,-0.10321372317496269,108.50462504691373,0.1576923076923077,121913.24116234863
3,-95,-20,10,-50,50,21,0.6666666666666666,2.3886484425986367,0.010142633963146006,0.006309093453046755,10.571428571428571,0.2191324116234863,11.199166332795278,3.4475940531779847,-0.10321372317496269,108.50462504691373,0.1576923076923077,121913.24116234863
5,-85,-20,5,-120,50,26,0.7307692307692307,2.2647837948627,0.008886317107552166,0.005293393881164121,12.23076923076923,0.23789027131433804,13.792622494762838,3.554562332833029,-0.1279614240985858,107.78734756919036,0.2076923076923077,123789.0271314338
3,-85,-30,5,-100,0,30,0.7333333333333333,2.000968860344163,0.007613137463135426,0.006169439570693269,19.5,0.23219196976994483,12.95561419082394,3.238793600233648,-0.12035673720079099,107.64344807063111,0.2173076923076923,123219.19697699448
3,-85,-30,5,-100,50,30,0.7333333333333333,2.000968860344163,0.007613137463135426,0.006169439570693269,19.5,0.23219196976994483,12.95561419082394,3.238793600233648,-0.12035673720079099,107.64344807063111,0.2173076923076923,123219.19697699448
3,-85,-20,5,-100,0,30,0.7333333333333333,2.000968860344163,0.007613137463135426,0.006169439570693269,19.5,0.23219196976994483,12.95561419082394,3.238793600233648,-0.12035673720079099,107.64344807063111,0.2173076923076923,123219.19697699448
5,-85,-40,7,-80,0,30,0.7333333333333333,2.1807554459042495,0.007440192058746613,0.004760560158940219,10.866666666666667,0.22893459744471167,12.496962561965079,3.427248046770122,-0.11638025887427395,107.38043275419757,0.2230769230769231,122893.45974447117
5,-85,-30,7,-80,0,30,0.7333333333333333,2.1807554459042495,0.007440192058746613,0.004760560158940219,10.866666666666667,0.22893459744471167,12.496962561965079,3.427248046770122,-0.11638025887427395,107.38043275419757,0.2230769230769231,122893.45974447117
7,-90,-40,5,-80,0,23,0.7391304347826086,2.2837216306041044,0.008759593828688628,0.006029785688339784,12.869565217391305,0.20544291216114807,9.578346668125379,3.2931629067474444,-0.08951798583108006,106.99913072440734,0.16538461538461538,120544.29121611481
7,-90,-30,5,-80,0,23,0.7391304347826086,2.2837216306041044,0.008759593828688628,0.006029785688339784,12.869565217391305,0.20544291216114807,9.578346668125379,3.2931629067474444,-0.08951798583108006,106.99913072440734,0.16538461538461538,120544.29121611481
7,-90,-20,5,-80,0,23,0.7391304347826086,2.2837216306041044,0.008759593828688628,0.006029785688339784,12.869565217391305,0.20544291216114807,9.578346668125379,3.2931629067474444,-0.08951798583108006,106.99913072440734,0.16538461538461538,120544.29121611481
3,-90,-30,5,-120,0,20,0.75,2.945742677069247,0.010035829064256135,0.005929482689569943,10.6,0.20673914085726852,9.722849196504445,3.457008914282786,-0.09115546487815018,106.66227427506648,0.13846153846153847,120673.91408572685
3,-90,-30,5,-120,50,20,0.75,2.945742677069247,0.010035829064256135,0.005929482689569943,10.6,0.20673914085726852,9.722849196504445,3.457008914282786,-0.09115546487815018,106.66227427506648,0.13846153846153847,120673.91408572685
3,-90,-20,5,-120,0,20,0.75,2.945742677069247,0.010035829064256135,0.005929482689569943,10.6,0.20673914085726852,9.722849196504445,3.457008914282786,-0.09115546487815018,106.66227427506648,0.13846153846153847,120673.91408572685
7,-80,-20,5,-50,50,36,0.75,1.8858396981719152,0.007126092642421496,0.0064740021107925205,18.75,0.2600922485901742,17.51428726135724,3.371114477271476,-0.16462165361500636,106.39115132640543,0.25576923076923075,126009.22485901743
3,-95,-20,5,-120,50,16,0.75,3.0265525114583203,0.012519589394867518,0.006592790577356511,12.625,0.20620030220598173,9.662560584996047,3.494655358974754,-0.0911554648781503,106.00089196969402,0.11923076923076924,120620.03022059817
2,-90,-40,5,-100,0,25,0.72,2.838836302702136,0.007674544300720307,0.006029785688339784,8.4,0.19862534101371976,8.847404316374886,3.3694329727084753,-0.08354741227500506,105.89680847627845,0.1346153846153846,119862.53410137197
2,-90,-40,5,-100,50,25,0.72,2.838836302702136,0.007674544300720307,0.006029785688339784,8.4,0.19862534101371976,8.847404316374886,3.3694329727084753,-0.08354741227500506,105.89680847627845,0.1346153846153846,119862.53410137197
5,-95,-20,5,-120,50,15,0.7333333333333333,3.0157714512904574,0.013283185503847824,0.006876487701666267,13.2,0.20484440809810223,9.512232898753034,3.480696611133038,-0.0911554648781503,104.3517567648661,0.11153846153846154,120484.44080981021
7,-85,-40,3,-80,50,32,0.65625,2.0145327226572305,0.006885431481133689,0.005030105043146382,9.71875,0.2260720285060689,12.10540204875273,3.3901124758925265,-0.11630310642754249,104.08494167173828,0.19423076923076923,122607.20285060689
7,-85,-30,3,-80,50,32,0.65625,2.0145327226572305,0.006885431481133689,0.005030105043146382,9.71875,0.2260720285060689,12.10540204875273,3.3901124758925265,-0.11630310642754249,104.08494167173828,0.19423076923076923,122607.20285060689
3,-85,-40,5,-50,0,35,0.7428571428571429,2.0022371060263624,0.007307197638123518,0.006309093453046755,9.428571428571429,0.26044660009088627,17.580122045865593,3.6139674407477727,-0.16915938201906155,103.92637899259171,0.23076923076923078,126044.66000908862
3,-85,-40,5,-50,50,35,0.7428571428571429,2.0022371060263624,0.007307197638123518,0.006309093453046755,9.428571428571429,0.26044660009088627,17.580122045865593,3.6139674407477727,-0.16915938201906155,103.92637899259171,0.23076923076923078,126044.66000908862
7,-95,-40,3,-80,50,17,0.7647058823529411,2.9659494260185237,0.012296329984606946,0.006876487701666267,11.411764705882353,0.216975406372105,10.929469391609853,3.6058093398597633,-0.10541048583285961,103.68484031977404,0.10384615384615385,121697.54063721049
7,-95,-30,3,-80,50,17,0.7647058823529411,2.9659494260185237,0.012296329984606946,0.006876487701666267,11.411764705882353,0.216975406372105,10.929469391609853,3.6058093398597633,-0.10541048583285961,103.68484031977404,0.10384615384615385,121697.54063721049
7,-95,-20,3,-80,50,17,0.7647058823529411,2.9659494260185237,0.012296329984606946,0.006876487701666267,11.411764705882353,0.216975406372105,10.929469391609853,3.6058093398597633,-0.10541048583285961,103.68484031977404,0.10384615384615385,121697.54063721049
10,-80,-40,3,-50,50,34,0.6764705882352942,1.9470336843242468,0.007475985737124644,0.005062882110220102,19.08823529411765,0.2615173677796663,17.780371519511096,3.5750705870810178,-0.1726332468359657,102.99505944185721,0.20576923076923076,126151.73677796664
10,-80,-30,3,-50,50,34,0.6764705882352942,1.9470336843242468,0.007475985737124644,0.005062882110220102,19.08823529411765,0.2615173677796663,17.780371519511096,3.5750705870810178,-0.1726332468359657,102.99505944185721,0.20576923076923076,126151.73677796664
10,-80,-20,3,-50,50,34,0.6764705882352942,1.9470336843242468,0.007475985737124644,0.005062882110220102,19.08823529411765,0.2615173677796663,17.780371519511096,3.5750705870810178,-0.1726332468359657,102.99505944185721,0.20576923076923076,126151.73677796664
3,-85,-40,10,-50,0,30,0.7,2.0363751970908592,0.007171392723186624,0.005296345968576199,10.433333333333334,0.21885249304194176,11.163853052960775,3.340384932771511,-0.10862374081325954,102.77544272898048,0.19807692307692307,121885.24930419418
3,-85,-40,10,-50,50,30,0.7,2.0363751970908592,0.007171392723186624,0.005296345968576199,10.433333333333334,0.21885249304194176,11.163853052960775,3.340384932771511,-0.10862374081325954,102.77544272898048,0.19807692307692307,121885.24930419418
10,-95,-40,5,-120,0,11,0.6363636363636364,3.4456756586852424,0.017255506272868617,0.006876487701666267,16.09090909090909,0.19430326586725566,8.408412658952066,3.360324242293123,-0.0820254720725595,102.50977466504561,0.07115384615384615,119430.32658672557
10,-95,-40,5,-120,50,11,0.6363636363636364,3.4456756586852424,0.017255506272868617,0.006876487701666267,16.09090909090909,0.19430326586725566,8.408412658952066,3.360324242293123,-0.0820254720725595,102.50977466504561,0.07115384615384615,119430.32658672557
10,-95,-30,5,-120,0,11,0.6363636363636364,3.4456756586852424,0.017255506272868617,0.006876487701666267,16.09090909090909,0.19430326586725566,8.408412658952066,3.360324242293123,-0.0820254720725595,102.50977466504561,0.07115384615384615,119430.32658672557
10,-95,-30,5,-120,50,11,0.6363636363636364,3.4456756586852424,0.017255506272868617,0.006876487701666267,16.09090909090909,0.19430326586725566,8.408412658952066,3.360324242293123,-0.0820254720725595,102.50977466504561,0.07115384615384615,119430.32658672557
10,-95,-20,5,-120,0,11,0.6363636363636364,3.4456756586852424,0.017255506272868617,0.006876487701666267,16.09090909090909,0.19430326586725566,8.408412658952066,3.360324242293123,-0.0820254720725595,102.50977466504561,0.07115384615384615,119430.32658672557
10,-95,-20,5,-120,50,11,0.6363636363636364,3.4456756586852424,0.017255506272868617,0.006876487701666267,16.09090909090909,0.19430326586725566,8.408412658952066,3.360324242293123,-0.0820254720725595,102.50977466504561,0.07115384615384615,119430.32658672557
2,-90,-20,5,-120,0,19,0.7368421052631579,2.9254133206673427,0.010453656316041296,0.006029785688339784,10.842105263157896,0.204216087838333,9.443235027551031,3.4423493698075505,-0.09245154187125848,102.14253690545277,0.12692307692307692,120421.60878383329
7,-90,-40,3,-80,50,25,0.68,2.2302253126824,0.007376216614713553,0.0058291796908001015,11.4,0.1869268274564191,7.700586811796219,3.101043814990783,-0.07591780274490834,101.43321504800379,0.14423076923076922,118692.68274564191
7,-90,-30,3,-80,50,25,0.68,2.2302253126824,0.007376216614713553,0.0058291796908001015,11.4,0.1869268274564191,7.700586811796219,3.101043814990783,-0.07591780274490834,101.43321504800379,0.14423076923076922,118692.68274564191
7,-90,-20,3,-80,50,25,0.68,2.2302253126824,0.007376216614713553,0.0058291796908001015,11.4,0.1869268274564191,7.700586811796219,3.101043814990783,-0.07591780274490834,101.43321504800379,0.14423076923076922,118692.68274564191
3,-95,-30,10,-50,0,21,0.6666666666666666,2.354612673138364,0.009894038032959704,0.006309093453046755,10.476190476190476,0.2128771143797077,10.432114287484326,3.36827805176948,-0.10321372317496269,101.07293842893675,0.15384615384615385,121287.71143797076
3,-95,-30,10,-50,50,21,0.6666666666666666,2.354612673138364,0.009894038032959704,0.006309093453046755,10.476190476190476,0.2128771143797077,10.432114287484326,3.36827805176948,-0.10321372317496269,101.07293842893675,0.15384615384615385,121287.71143797076
5,-85,-20,5,-120,0,26,0.7307692307692307,2.236205622793721,0.008685528087017075,0.005293393881164121,12.153846153846153,0.23153872858737423,12.862500629827107,3.4788348382598238,-0.1279614240985858,100.51857988011608,0.20384615384615384,123153.87285873742
5,-85,-20,5,-100,50,30,0.7333333333333333,1.9483423165395222,0.007461179091803856,0.005929482689569943,19.833333333333332,0.22596791170671615,12.091359453936931,3.1640741045953447,-0.12049446138570363,100.34784433147017,0.23653846153846153,122596.79117067163
2,-80,-30,3,-50,50,46,0.6956521739130435,1.8104555484980065,0.00515603496495591,0.004760560158940219,18.065217391304348,0.24705773219125993,15.236728595956318,3.2514005165040287,-0.1519532723963799,100.27246110376834,0.28846153846153844,124705.773219126
5,-80,-40,10,-80,0,30,0.7333333333333333,2.172207887888244,0.00717049330499618,0.006169439570693269,10.633333333333333,0.22599706273985332,12.095289757972104,4.425014098199561,-0.12085779712788314,100.07868789113977,0.20961538461538462,122599.70627398533
5,-80,-40,10,-80,50,30,0.7333333333333333,2.172207887888244,0.00717049330499618,0.006169439570693269,10.633333333333333,0.22599706273985332,12.095289757972104,4.425014098199561,-0.12085779712788314,100.07868789113977,0.20961538461538462,122599.70627398533
5,-80,-30,10,-80,0,30,0.7333333333333333,2.172207887888244,0.00717049330499618,0.006169439570693269,10.633333333333333,0.22599706273985332,12.095289757972104,4.425014098199561,-0.12085779712788314,100.07868789113977,0.20961538461538462,122599.70627398533
5,-80,-30,10,-80,50,30,0.7333333333333333,2.172207887888244,0.00717049330499618,0.006169439570693269,10.633333333333333,0.22599706273985332,12.095289757972104,4.425014098199561,-0.12085779712788314,100.07868789113977,0.20961538461538462,122599.70627398533
2,-85,-30,7,-50,50,32,0.71875,2.1628139354880274,0.006585787270505475,0.006169439570693269,9.8125,0.216745711155107,10.901075727208768,3.344518661161036,-0.11004646403799923,99.0588459384266,0.2,121674.5711155107
10,-85,-40,5,-100,0,21,0.6666666666666666,2.28282073706757,0.010240224502568748,0.004757608071528141,17.285714285714285,0.21852003625242844,11.122034079175595,3.2528837238371837,-0.11250118804816633,98.86148112865973,0.1596153846153846,121852.00362524285
10,-85,-40,5,-100,50,21,0.6666666666666666,2.28282073706757,0.010240224502568748,0.004757608071528141,17.285714285714285,0.21852003625242844,11.122034079175595,3.2528837238371837,-0.11250118804816633,98.86148112865973,0.1596153846153846,121852.00362524285
10,-85,-30,5,-100,0,21,0.6666666666666666,2.28282073706757,0.010240224502568748,0.004757608071528141,17.285714285714285,0.21852003625242844,11.122034079175595,3.2528837238371837,-0.11250118804816633,98.86148112865973,0.1596153846153846,121852.00362524285
10,-85,-30,5,-100,50,21,0.6666666666666666,2.28282073706757,0.010240224502568748,0.004757608071528141,17.285714285714285,0.21852003625242844,11.122034079175595,3.2528837238371837,-0.11250118804816633,98.86148112865973,0.1596153846153846,121852.00362524285
10,-85,-20,5,-100,0,21,0.6666666666666666,2.28282073706757,0.010240224502568748,0.004757608071528141,17.285714285714285,0.21852003625242844,11.122034079175595,3.2528837238371837,-0.11250118804816633,98.86148112865973,0.1596153846153846,121852.00362524285
10,-85,-20,5,-100,50,21,0.6666666666666666,2.28282073706757,0.010240224502568748,0.004757608071528141,17.285714285714285,0.21852003625242844,11.122034079175595,3.2528837238371837,-0.11250118804816633,98.86148112865973,0.1596153846153846,121852.00362524285
3,-95,-30,5,-120,0,16,0.75,2.9737370470982136,0.012193307236497995,0.006592790577356511,12.5,0.20001135886078236,8.992126337125674,3.408678903447472,-0.0911554648781503,98.64604770702081,0.11538461538461539,120001.13588607823
3,-95,-30,5,-120,50,16,0.75,2.9737370470982136,0.012193307236497995,0.006592790577356511,12.5,0.20001135886078236,8.992126337125674,3.408678903447472,-0.0911554648781503,98.64604770702081,0.11538461538461539,120001.13588607823
3,-95,-20,5,-120,0,16,0.75,2.9737370470982136,0.012193307236497995,0.006592790577356511,12.5,0.20001135886078236,8.992126337125674,3.408678903447472,-0.0911554648781503,98.64604770702081,0.11538461538461539,120001.13588607823
5,-90,-20,7,-100,0,23,0.6956521739130435,2.212355842630166,0.008569586819781632,0.006029785688339784,13.043478260869565,0.20007675808096326,8.999003182033583,3.2153239128248985,-0.09137340287505502,98.4860243668381,0.17307692307692307,120007.67580809633
5,-90,-20,7,-100,50,23,0.6956521739130435,2.212355842630166,0.008569586819781632,0.006029785688339784,13.043478260869565,0.20007675808096326,8.999003182033583,3.2153239128248985,-0.09137340287505502,98.4860243668381,0.17307692307692307,120007.67580809633
5,-95,-40,5,-120,50,15,0.7333333333333333,2.969251590282076,0.012976636890416497,0.006876487701666267,13.133333333333333,0.19939931453716286,8.927979541056358,3.404931591995366,-0.0911554648781503,97.94234007791637,0.10961538461538461,119939.93145371629
5,-95,-30,5,-120,50,15,0.7333333333333333,2.969251590282076,0.012976636890416497,0.006876487701666267,13.133333333333333,0.19939931453716286,8.927979541056358,3.404931591995366,-0.0911554648781503,97.94234007791637,0.10961538461538461,119939.93145371629
5,-95,-40,5,-120,0,15,0.7333333333333333,2.9629559869303503,0.012935151201587,0.006876487701666267,13.066666666666666,0.19866242176642723,8.851250867210704,3.3945635604608375,-0.0911554648781503,97.10060586101321,0.1076923076923077,119866.24217664273
5,-95,-30,5,-120,0,15,0.7333333333333333,2.9629559869303503,0.012935151201587,0.006876487701666267,13.066666666666666,0.19866242176642723,8.851250867210704,3.3945635604608375,-0.0911554648781503,97.10060586101321,0.1076923076923077,119866.24217664273
5,-95,-20,5,-120,0,15,0.7333333333333333,2.9629559869303503,0.012935151201587,0.006876487701666267,13.066666666666666,0.19866242176642723,8.851250867210704,3.3945635604608375,-0.0911554648781503,97.10060586101321,0.1076923076923077,119866.24217664273
3,-85,-20,7,-100,0,26,0.6923076923076923,2.1142916894820205,0.008096567800915012,0.005929482689569943,11.884615384615385,0.21354462787706963,10.51179735050925,3.260776034775119,-0.10877551448972511,96.63753281077048,0.19038461538461537,121354.46278770696
3,-85,-20,7,-100,50,26,0.6923076923076923,2.1142916894820205,0.008096567800915012,0.005929482689569943,11.884615384615385,0.21354462787706963,10.51179735050925,3.260776034775119,-0.10877551448972511,96.63753281077048,0.19038461538461537,121354.46278770696
2,-85,-30,7,-50,0,32,0.71875,2.15246618089061,0.006527181066687163,0.0053966489673460405,9.75,0.21447887735386373,10.62418044125121,3.31650096957672,-0.11004646403799923,96.54267889591313,0.19615384615384615,121447.88773538638
2,-80,-40,3,-80,0,47,0.6170212765957447,1.8285468766443516,0.004955012988211731,0.003961495742317744,15.872340425531915,0.24329619352487386,14.629174548100051,3.2810283266942086,-0.15195327239638012,96.27416584974154,0.25961538461538464,124329.6193524874
7,-80,-20,5,-50,0,36,0.75,1.8589720953769104,0.006909957570814184,0.005929482689569943,18.666666666666668,0.2503970805000091,15.794236316541742,3.275009084465974,-0.16462165361500636,95.94264162525695,0.25,125039.7080500009
7,-85,-20,3,-80,0,32,0.65625,1.9875065484952574,0.006702010221046526,0.004760560158940219,9.71875,0.21853380089184204,11.12376287103748,3.302724506566095,-0.11630310642754249,95.64458949312457,0.19423076923076923,121853.38008918421
7,-85,-40,7,-120,0,26,0.7307692307692307,2.527124822819304,0.007443909877878596,0.005929482689569943,11.692307692307692,0.20393931201832682,9.412973891093266,4.212597282540104,-0.09968925653708827,94.42315268537763,0.18076923076923077,120393.93120183269
7,-85,-40,7,-120,50,26,0.7307692307692307,2.527124822819304,0.007443909877878596,0.005929482689569943,11.692307692307692,0.20393931201832682,9.412973891093266,4.212597282540104,-0.09968925653708827,94.42315268537763,0.18076923076923077,120393.93120183269
7,-85,-30,7,-120,0,26,0.7307692307692307,2.527124822819304,0.007443909877878596,0.005929482689569943,11.692307692307692,0.20393931201832682,9.412973891093266,4.212597282540104,-0.09968925653708827,94.42315268537763,0.18076923076923077,120393.93120183269
7,-85,-30,7,-120,50,26,0.7307692307692307,2.527124822819304,0.007443909877878596,0.005929482689569943,11.692307692307692,0.20393931201832682,9.412973891093266,4.212597282540104,-0.09968925653708827,94.42315268537763,0.18076923076923077,120393.93120183269
7,-85,-20,7,-120,0,26,0.7307692307692307,2.527124822819304,0.007443909877878596,0.005929482689569943,11.692307692307692,0.20393931201832682,9.412973891093266,4.212597282540104,-0.09968925653708827,94.42315268537763,0.18076923076923077,120393.93120183269
7,-85,-20,7,-120,50,26,0.7307692307692307,2.527124822819304,0.007443909877878596,0.005929482689569943,11.692307692307692,0.20393931201832682,9.412973891093266,4.212597282540104,-0.09968925653708827,94.42315268537763,0.18076923076923077,120393.93120183269
2,-90,-40,5,-120,0,20,0.75,3.3113785719144007,0.008880547740300693,0.00558746234194285,9.8,0.18244368302384095,7.294702035118098,3.2412961972438836,-0.07726207850347244,94.41503744673717,0.1076923076923077,118244.36830238409
2,-90,-40,5,-120,50,20,0.75,3.3113785719144007,0.008880547740300693,0.00558746234194285,9.8,0.18244368302384095,7.294702035118098,3.2412961972438836,-0.07726207850347244,94.41503744673717,0.1076923076923077,118244.36830238409
2,-80,-30,3,-80,50,45,0.6888888888888889,1.7935607517583405,0.005164390548389987,0.004763512246352297,16.8,0.2411297682746294,14.28883045988038,3.2290748603753463,-0.1519532723963799,94.03437145208065,0.27884615384615385,124112.97682746293
5,-85,-20,5,-100,0,30,0.7333333333333333,1.9262241196446228,0.007287161940673444,0.005929482689569943,19.766666666666666,0.21967754191099598,11.26820861140374,3.095782425100337,-0.12049446138570363,93.5164030098788,0.2326923076923077,121967.7541910996
10,-80,-40,3,-50,0,35,0.6857142857142857,1.9455247364280555,0.007036873182195654,0.004829066380499736,18.485714285714284,0.25216612592633925,16.096671425415845,3.4823793045887648,-0.1726332468359657,93.24201288243587,0.20192307692307693,125216.61259263393
10,-80,-30,3,-50,0,35,0.6857142857142857,1.9455247364280555,0.007036873182195654,0.004829066380499736,18.485714285714284,0.25216612592633925,16.096671425415845,3.4823793045887648,-0.1726332468359657,93.24201288243587,0.20192307692307693,125216.61259263393
10,-80,-20,3,-50,0,35,0.6857142857142857,1.9455247364280555,0.007036873182195654,0.004829066380499736,18.485714285714284,0.25216612592633925,16.096671425415845,3.4823793045887648,-0.1726332468359657,93.24201288243587,0.20192307692307693,125216.61259263393
5,-85,-20,7,-100,0,28,0.7142857142857143,2.127238384212662,0.007610324605221478,0.005027152955734304,11.5,0.21630576365359833,10.846865490325257,3.2786656720086973,-0.11647788121792013,93.12382211032583,0.2153846153846154,121630.57636535984
5,-85,-20,7,-100,50,28,0.7142857142857143,2.127238384212662,0.007610324605221478,0.005027152955734304,11.5,0.21630576365359833,10.846865490325257,3.2786656720086973,-0.11647788121792013,93.12382211032583,0.2153846153846154,121630.57636535984
5,-90,-40,7,-100,0,23,0.6956521739130435,2.1840723520905336,0.008369663811022072,0.006029785688339784,13.0,0.19465321111992928,8.443274324141221,3.1451819130540235,-0.09137340287505502,92.40407009561245,0.17115384615384616,119465.32111199292
5,-90,-40,7,-100,50,23,0.6956521739130435,2.1840723520905336,0.008369663811022072,0.006029785688339784,13.0,0.19465321111992928,8.443274324141221,3.1451819130540235,-0.09137340287505502,92.40407009561245,0.17115384615384616,119465.32111199292
5,-90,-30,7,-100,0,23,0.6956521739130435,2.1840723520905336,0.008369663811022072,0.006029785688339784,13.0,0.19465321111992928,8.443274324141221,3.1451819130540235,-0.09137340287505502,92.40407009561245,0.17115384615384616,119465.32111199292
5,-90,-30,7,-100,50,23,0.6956521739130435,2.1840723520905336,0.008369663811022072,0.006029785688339784,13.0,0.19465321111992928,8.443274324141221,3.1451819130540235,-0.09137340287505502,92.40407009561245,0.17115384615384616,119465.32111199292
7,-95,-40,5,-120,0,12,0.75,2.9966097538022005,0.015508770817766323,0.006914792221075494,15.25,0.18931240901841573,7.923946688789705,3.283687382234275,-0.08600620405593007,92.13226854700785,0.08269230769230769,118931.24090184156
7,-95,-40,5,-120,50,12,0.75,2.9966097538022005,0.015508770817766323,0.006914792221075494,15.25,0.18931240901841573,7.923946688789705,3.283687382234275,-0.08600620405593007,92.13226854700785,0.08269230769230769,118931.24090184156
7,-95,-30,5,-120,0,12,0.75,2.9966097538022005,0.015508770817766323,0.006914792221075494,15.25,0.18931240901841573,7.923946688789705,3.283687382234275,-0.08600620405593007,92.13226854700785,0.08269230769230769,118931.24090184156
7,-95,-30,5,-120,50,12,0.75,2.9966097538022005,0.015508770817766323,0.006914792221075494,15.25,0.18931240901841573,7.923946688789705,3.283687382234275,-0.08600620405593007,92.13226854700785,0.08269230769230769,118931.24090184156
7,-95,-20,5,-120,0,12,0.75,2.9966097538022005,0.015508770817766323,0.006914792221075494,15.25,0.18931240901841573,7.923946688789705,3.283687382234275,-0.08600620405593007,92.13226854700785,0.08269230769230769,118931.24090184156
7,-95,-20,5,-120,50,12,0.75,2.9966097538022005,0.015508770817766323,0.006914792221075494,15.25,0.18931240901841573,7.923946688789705,3.283687382234275,-0.08600620405593007,92.13226854700785,0.08269230769230769,118931.24090184156
7,-80,-30,5,-50,50,36,0.75,1.8460969137349572,0.00680638382337669,0.0064740021107925205,18.72222222222222,0.24624605638195796,15.103818226341232,3.235370438262589,-0.16462165361500636,91.74867275761844,0.25384615384615383,124624.60563819579
10,-80,-40,3,-80,50,33,0.6666666666666666,1.9126881611228628,0.0074231875288170756,0.005296697839940467,19.575757575757574,0.25004322589024297,15.734335947394253,3.4576173787266624,-0.1726332468359657,91.14313862349385,0.2,125004.32258902429
10,-80,-30,3,-80,50,33,0.6666666666666666,1.9126881611228628,0.0074231875288170756,0.005296697839940467,19.575757575757574,0.25004322589024297,15.734335947394253,3.4576173787266624,-0.1726332468359657,91.14313862349385,0.2,125004.32258902429
10,-80,-20,3,-80,50,33,0.6666666666666666,1.9126881611228628,0.0074231875288170756,0.005296697839940467,19.575757575757574,0.25004322589024297,15.734335947394253,3.4576173787266624,-0.1726332468359657,91.14313862349385,0.2,125004.32258902429
2,-80,-30,10,-80,50,29,0.7241379310344828,2.2745710532288723,0.007024578316476756,0.006309093453046755,10.448275862068966,0.21516212035833848,10.707007962599228,4.576877013267622,-0.11839195253448942,90.43695735552727,0.17884615384615385,121516.21203583384
10,-80,-40,3,-100,0,17,0.8235294117647058,5.922434788016424,0.00709623909065665,0.0058291796908001015,26.058823529411764,0.12660961395982162,3.5040420382086817,5.590215447193651,-0.03879911410056591,90.3124238642751,0.07884615384615384,112660.96139598216
10,-80,-30,3,-100,0,17,0.8235294117647058,5.922434788016424,0.00709623909065665,0.0058291796908001015,26.058823529411764,0.12660961395982162,3.5040420382086817,5.590215447193651,-0.03879911410056591,90.3124238642751,0.07884615384615384,112660.96139598216
10,-80,-20,3,-100,0,17,0.8235294117647058,5.922434788016424,0.00709623909065665,0.0058291796908001015,26.058823529411764,0.12660961395982162,3.5040420382086817,5.590215447193651,-0.03879911410056591,90.3124238642751,0.07884615384615384,112660.96139598216
3,-85,-30,7,-100,0,26,0.6923076923076923,2.086658062194146,0.007895778780379921,0.005929482689569943,11.807692307692308,0.20731800122553734,9.787965290020422,3.185021676543896,-0.10877551448972511,89.98316703843298,0.18653846153846154,120731.80012255373
3,-85,-30,7,-100,50,26,0.6923076923076923,2.086658062194146,0.007895778780379921,0.005929482689569943,11.807692307692308,0.20731800122553734,9.787965290020422,3.185021676543896,-0.10877551448972511,89.98316703843298,0.18653846153846154,120731.80012255373
2,-80,-40,3,-50,50,48,0.625,1.7942551289525415,0.004746409786900975,0.0032181981657338765,17.208333333333332,0.23696955628739502,13.65432374743536,3.164633912505644,-0.1519532723963799,89.8587015080345,0.27884615384615385,123696.9556287395
5,-90,-40,3,-50,0,30,0.7666666666666667,2.038211919109048,0.007419757891904277,0.006914792221075494,12.4,0.2250343911506667,11.966069877821035,3.3167653013478953,-0.13322631972231003,89.81761188601835,0.17692307692307693,122503.43911506668
5,-90,-30,3,-50,0,30,0.7666666666666667,2.038211919109048,0.007419757891904277,0.006914792221075494,12.4,0.2250343911506667,11.966069877821035,3.3167653013478953,-0.13322631972231003,89.81761188601835,0.17692307692307693,122503.43911506668
5,-90,-20,3,-50,0,30,0.7666666666666667,2.038211919109048,0.007419757891904277,0.006914792221075494,12.4,0.2250343911506667,11.966069877821035,3.3167653013478953,-0.13322631972231003,89.81761188601835,0.17692307692307693,122503.43911506668
2,-80,-30,10,-80,0,29,0.7241379310344828,2.2647146457444816,0.00697025642824792,0.006309093453046755,10.413793103448276,0.21326342954527844,10.478167739292653,4.542528179228886,-0.11829361377029946,88.57762820264315,0.17692307692307693,121326.34295452785
2,-90,-20,10,-50,50,24,0.6666666666666666,2.196230829104201,0.008317331008789364,0.005929482689569943,9.75,0.20283194483468603,9.292706465212978,3.220322637867164,-0.10557297199498827,88.02164313091535,0.18076923076923077,120283.1944834686
3,-90,-40,5,-100,0,26,0.6923076923076923,2.087076609182195,0.0074840134756126424,0.005929482689569943,9.076923076923077,0.19565622996055443,8.54385551615778,3.1199325970953717,-0.09720333525089764,87.89673208336626,0.18461538461538463,119565.62299605545
3,-90,-40,5,-100,50,26,0.6923076923076923,2.087076609182195,0.0074840134756126424,0.005929482689569943,9.076923076923077,0.19565622996055443,8.54385551615778,3.1199325970953717,-0.09720333525089764,87.89673208336626,0.18461538461538463,119565.62299605545
7,-80,-20,3,-50,0,39,0.717948717948718,1.8808171247890335,0.006181694771896585,0.004785094219775576,20.564102564102566,0.24600989090205205,15.065335154377859,3.346005760294828,-0.17263324683596581,87.26786659288621,0.23076923076923078,124600.98909020521
5,-85,-40,5,-120,50,26,0.7307692307692307,2.1766066710415353,0.008266788388818207,0.005293393881164121,12.153846153846153,0.21875507387882576,11.151585181962112,3.3280683754333635,-0.12796142409858602,87.14802340251023,0.20384615384615384,121875.50738788258
5,-85,-30,5,-120,50,26,0.7307692307692307,2.1766066710415353,0.008266788388818207,0.005293393881164121,12.153846153846153,0.21875507387882576,11.151585181962112,3.3280683754333635,-0.12796142409858602,87.14802340251023,0.20384615384615384,121875.50738788258
5,-85,-40,5,-120,0,26,0.7307692307692307,2.1732001529309124,0.00824285433757042,0.005293393881164121,12.115384615384615,0.21800628922274545,11.057671308320586,3.318950449970557,-0.12796142409858602,86.4141000791095,0.20192307692307693,121800.62892227455
5,-85,-30,5,-120,0,26,0.7307692307692307,2.1732001529309124,0.00824285433757042,0.005293393881164121,12.115384615384615,0.21800628922274545,11.057671308320586,3.318950449970557,-0.12796142409858602,86.4141000791095,0.20192307692307693,121800.62892227455
3,-90,-20,7,-80,50,26,0.6923076923076923,2.078913783764921,0.007222763629006069,0.005929482689569943,9.384615384615385,0.18881290358509006,7.876746046954127,3.0386673629571597,-0.09137340287505502,86.20392585931022,0.2,118881.29035850901
3,-80,-30,10,-80,50,29,0.7241379310344828,2.0817571341391266,0.007036306249215271,0.006029785688339784,10.96551724137931,0.21247406437489968,10.384247245875194,4.2051293831419745,-0.12095584990273878,85.85155041467793,0.2076923076923077,121247.40643748996
3,-80,-20,10,-80,50,29,0.7241379310344828,2.0817571341391266,0.007036306249215271,0.006029785688339784,10.96551724137931,0.21247406437489968,10.384247245875194,4.2051293831419745,-0.12095584990273878,85.85155041467793,0.2076923076923077,121247.40643748996
7,-80,-20,5,-100,0,28,0.7142857142857143,1.9133018943247846,0.0075144465140920946,0.005929482689569943,23.285714285714285,0.2103722422299561,10.137607239030194,2.967286163162885,-0.11905965621840242,85.14729137495425,0.21153846153846154,121037.22422299562
7,-80,-20,5,-100,50,28,0.7142857142857143,1.9133018943247846,0.0075144465140920946,0.005929482689569943,23.285714285714285,0.2103722422299561,10.137607239030194,2.967286163162885,-0.11905965621840242,85.14729137495425,0.21153846153846154,121037.22422299562
7,-95,-40,7,-100,0,16,0.6875,2.642618966310908,0.01208165757640857,0.006914792221075494,12.9375,0.19741214259107842,8.722314067022392,3.2062816624529202,-0.10247157918535488,85.11934856830015,0.12884615384615383,119741.21425910784
7,-95,-40,7,-100,50,16,0.6875,2.642618966310908,0.01208165757640857,0.006914792221075494,12.9375,0.19741214259107842,8.722314067022392,3.2062816624529202,-0.10247157918535488,85.11934856830015,0.12884615384615383,119741.21425910784
7,-95,-30,7,-100,0,16,0.6875,2.642618966310908,0.01208165757640857,0.006914792221075494,12.9375,0.19741214259107842,8.722314067022392,3.2062816624529202,-0.10247157918535488,85.11934856830015,0.12884615384615383,119741.21425910784
7,-95,-30,7,-100,50,16,0.6875,2.642618966310908,0.01208165757640857,0.006914792221075494,12.9375,0.19741214259107842,8.722314067022392,3.2062816624529202,-0.10247157918535488,85.11934856830015,0.12884615384615383,119741.21425910784
7,-95,-20,7,-100,0,16,0.6875,2.642618966310908,0.01208165757640857,0.006914792221075494,12.9375,0.19741214259107842,8.722314067022392,3.2062816624529202,-0.10247157918535488,85.11934856830015,0.12884615384615383,119741.21425910784
7,-95,-20,7,-100,50,16,0.6875,2.642618966310908,0.01208165757640857,0.006914792221075494,12.9375,0.19741214259107842,8.722314067022392,3.2062816624529202,-0.10247157918535488,85.11934856830015,0.12884615384615383,119741.21425910784
2,-90,-20,10,-50,0,24,0.6666666666666666,2.1867903807878646,0.008251692060512855,0.005929482689569943,9.708333333333334,0.20095251992088148,9.091511996613189,3.1963158225958415,-0.10697051422624637,84.99082258672071,0.17884615384615385,120095.25199208815
7,-80,-40,5,-50,50,36,0.75,1.825187064994394,0.006638175602891909,0.006169439570693269,18.666666666666668,0.2387806758500972,13.927510511812926,3.160571968258008,-0.16462165361500636,84.60315035095323,0.25,123878.06758500972
3,-80,-30,10,-80,0,29,0.7241379310344828,2.0734057224679807,0.006981984360986434,0.006029785688339784,10.931034482758621,0.2105795736493139,10.161716118344915,4.173577930319631,-0.12085779712788303,84.07993824008324,0.20576923076923076,121057.9573649314
3,-80,-20,10,-80,0,29,0.7241379310344828,2.0734057224679807,0.006981984360986434,0.006029785688339784,10.931034482758621,0.2105795736493139,10.161716118344915,4.173577930319631,-0.12085779712788303,84.07993824008324,0.20576923076923076,121057.9573649314
5,-85,-20,5,-80,50,32,0.71875,1.869579649758526,0.00658678169675957,0.005293393881164121,18.8125,0.21019077512500095,10.11654526954952,2.9829752682186665,-0.12035673720079099,84.05466536262196,0.25,121019.0775125001
3,-90,-20,7,-80,0,26,0.6923076923076923,2.0681391241152913,0.007150632916614301,0.005296345968576199,9.307692307692308,0.1865981094432292,7.670216049886349,3.0100781500196034,-0.09137340287505502,83.94364014629821,0.19615384615384615,118659.81094432292
2,-85,-30,10,-50,50,29,0.6896551724137931,2.1197709120591424,0.006720617740329033,0.004757608071528141,10.517241379310345,0.19796475122208612,8.779109764802918,3.1202168014592933,-0.10506022990446162,83.56263614487001,0.18269230769230768,119796.47512220862
5,-85,-20,3,-80,0,36,0.6944444444444444,1.8997605443018832,0.006528989862484501,0.004760560158940219,9.0,0.23722525134253858,13.692611288438181,3.3414967039672616,-0.16427600690501587,83.35125467442867,0.21923076923076923,123722.52513425387
7,-95,-40,3,-50,50,19,0.7368421052631579,2.4389166878462643,0.010203028050236212,0.006953096740484721,10.526315789473685,0.1979948856762459,8.7822156731612,3.30177843096435,-0.10541048583285939,83.31444071974421,0.11538461538461539,119799.48856762459
7,-95,-30,3,-50,50,19,0.7368421052631579,2.4389166878462643,0.010203028050236212,0.006953096740484721,10.526315789473685,0.1979948856762459,8.7822156731612,3.30177843096435,-0.10541048583285939,83.31444071974421,0.11538461538461539,119799.48856762459
7,-95,-20,3,-50,50,19,0.7368421052631579,2.4389166878462643,0.010203028050236212,0.006953096740484721,10.526315789473685,0.1979948856762459,8.7822156731612,3.30177843096435,-0.10541048583285939,83.31444071974421,0.11538461538461539,119799.48856762459
2,-80,-30,10,-100,50,26,0.6923076923076923,2.2748548523938616,0.0074986370634448395,0.007583671133829628,11.076923076923077,0.2052787647780132,9.560176123289319,4.547372450974608,-0.11510564590098593,83.05566637029254,0.15,120527.87647780133
7,-80,-40,5,-50,0,36,0.75,1.8192293109399524,0.006590248751769378,0.005929482689569943,18.63888888888889,0.23665742109605015,13.607709444818013,3.1391517898070496,-0.16462165361500636,82.66050756993235,0.24807692307692308,123665.74210960502
7,-80,-30,5,-50,0,36,0.75,1.8192293109399524,0.006590248751769378,0.005929482689569943,18.63888888888889,0.23665742109605015,13.607709444818013,3.1391517898070496,-0.16462165361500636,82.66050756993235,0.24807692307692308,123665.74210960502
3,-90,-40,5,-80,0,28,0.6785714285714286,1.975419669664511,0.00672680108075601,0.005296345968576199,8.678571428571429,0.1880070498586912,7.8010814503768575,2.99720808789247,-0.09446367315342241,82.58287222969611,0.19807692307692307,118800.70498586912
3,-90,-40,5,-80,50,28,0.6785714285714286,1.975419669664511,0.00672680108075601,0.005296345968576199,8.678571428571429,0.1880070498586912,7.8010814503768575,2.99720808789247,-0.09446367315342241,82.58287222969611,0.19807692307692307,118800.70498586912
10,-80,-40,3,-80,0,34,0.6764705882352942,1.9101350089829325,0.0069727127872227495,0.005062882110220102,18.941176470588236,0.24077703833629127,14.23406727699123,3.3643885100387894,-0.1726332468359657,82.45264187446055,0.19615384615384615,124077.70383362913
10,-80,-30,3,-80,0,34,0.6764705882352942,1.9101350089829325,0.0069727127872227495,0.005062882110220102,18.941176470588236,0.24077703833629127,14.23406727699123,3.3643885100387894,-0.1726332468359657,82.45264187446055,0.19615384615384615,124077.70383362913
10,-80,-20,3,-80,0,34,0.6764705882352942,1.9101350089829325,0.0069727127872227495,0.005062882110220102,18.941176470588236,0.24077703833629127,14.23406727699123,3.3643885100387894,-0.1726332468359657,82.45264187446055,0.19615384615384615,124077.70383362913
5,-95,-20,7,-80,0,20,0.7,2.238445948661746,0.0098000751076398,0.006914792221075494,11.15,0.19869454176601775,8.854583935339095,3.229802311444103,-0.1075280773307895,82.34671497100861,0.1596153846153846,119869.45417660178
5,-95,-20,7,-80,50,20,0.7,2.238445948661746,0.0098000751076398,0.006914792221075494,11.15,0.19869454176601775,8.854583935339095,3.229802311444103,-0.1075280773307895,82.34671497100861,0.1596153846153846,119869.45417660178
7,-85,-40,3,-80,0,32,0.65625,1.9345106771437999,0.006342337799621119,0.004760560158940219,9.6875,0.20514426275426878,9.545308643987031,3.143805587392572,-0.11630310642754249,82.07268865972908,0.19230769230769232,120514.42627542687
7,-85,-30,3,-80,0,32,0.65625,1.9345106771437999,0.006342337799621119,0.004760560158940219,9.6875,0.20514426275426878,9.545308643987031,3.143805587392572,-0.11630310642754249,82.07268865972908,0.19230769230769232,120514.42627542687
3,-80,-40,3,-100,50,22,0.8636363636363636,3.910493470452162,0.0062930237189534,0.006491441214412252,21.318181818181817,0.14582234626500878,4.575875181652412,5.736717511208111,-0.0558622319372144,81.91357600597493,0.12884615384615383,114582.23462650088
3,-80,-30,3,-100,50,22,0.8636363636363636,3.910493470452162,0.0062930237189534,0.006491441214412252,21.318181818181817,0.14582234626500878,4.575875181652412,5.736717511208111,-0.0558622319372144,81.91357600597493,0.12884615384615383,114582.23462650088
3,-80,-20,3,-100,50,22,0.8636363636363636,3.910493470452162,0.0062930237189534,0.006491441214412252,21.318181818181817,0.14582234626500878,4.575875181652412,5.736717511208111,-0.0558622319372144,81.91357600597493,0.12884615384615383,114582.23462650088
2,-85,-30,10,-50,0,29,0.6896551724137931,2.1107199478952734,0.006666295852100197,0.004757608071528141,10.482758620689655,0.19609293129830174,8.587954717376107,3.0966023801424734,-0.10506022990446162,81.74315557072086,0.18076923076923077,119609.29312983017
7,-90,-40,5,-100,0,21,0.7142857142857143,2.1986667622371088,0.008808694656919601,0.006029785688339784,13.761904761904763,0.1858898732292078,7.605112463858692,3.0399275736033946,-0.0930735879412673,81.71074772209045,0.1519230769230769,118588.98732292077
7,-90,-40,5,-100,50,21,0.7142857142857143,2.1986667622371088,0.008808694656919601,0.006029785688339784,13.761904761904763,0.1858898732292078,7.605112463858692,3.0399275736033946,-0.0930735879412673,81.71074772209045,0.1519230769230769,118588.98732292077
7,-90,-30,5,-100,0,21,0.7142857142857143,2.1986667622371088,0.008808694656919601,0.006029785688339784,13.761904761904763,0.1858898732292078,7.605112463858692,3.0399275736033946,-0.0930735879412673,81.71074772209045,0.1519230769230769,118588.98732292077
7,-90,-30,5,-100,50,21,0.7142857142857143,2.1986667622371088,0.008808694656919601,0.006029785688339784,13.761904761904763,0.1858898732292078,7.605112463858692,3.0399275736033946,-0.0930735879412673,81.71074772209045,0.1519230769230769,118588.98732292077
7,-90,-20,5,-100,0,21,0.7142857142857143,2.1986667622371088,0.008808694656919601,0.006029785688339784,13.761904761904763,0.1858898732292078,7.605112463858692,3.0399275736033946,-0.0930735879412673,81.71074772209045,0.1519230769230769,118588.98732292077
7,-90,-20,5,-100,50,21,0.7142857142857143,2.1986667622371088,0.008808694656919601,0.006029785688339784,13.761904761904763,0.1858898732292078,7.605112463858692,3.0399275736033946,-0.0930735879412673,81.71074772209045,0.1519230769230769,118588.98732292077
7,-95,-40,3,-80,0,17,0.7647058823529411,2.802504049806194,0.011274035995877403,0.005890473999079715,11.352941176470589,0.1962029104353935,8.599090224438703,3.329040987001142,-0.10541048583285961,81.57718045312441,0.10192307692307692,119620.29104353936
7,-95,-30,3,-80,0,17,0.7647058823529411,2.802504049806194,0.011274035995877403,0.005890473999079715,11.352941176470589,0.1962029104353935,8.599090224438703,3.329040987001142,-0.10541048583285961,81.57718045312441,0.10192307692307692,119620.29104353936
7,-95,-20,3,-80,0,17,0.7647058823529411,2.802504049806194,0.011274035995877403,0.005890473999079715,11.352941176470589,0.1962029104353935,8.599090224438703,3.329040987001142,-0.10541048583285961,81.57718045312441,0.10192307692307692,119620.29104353936
5,-85,-30,5,-100,50,30,0.7333333333333333,1.8800972593820888,0.006924254202234426,0.005929482689569943,19.766666666666666,0.2070170090429424,9.754061330810048,2.9591296564549783,-0.12049446138570374,80.95028782764727,0.2326923076923077,120701.70090429424
2,-80,-40,10,-100,50,26,0.6153846153846154,2.1608122058364496,0.006712614055574406,0.007583671133829628,10.73076923076923,0.18248773993158784,7.2986044632892,4.267596509691658,-0.0905068284840097,80.64147849991983,0.1326923076923077,118248.77399315879
10,-95,-40,7,-100,0,13,0.6153846153846154,2.777791839574065,0.013864152944039558,0.006876487701666267,14.923076923076923,0.1824238191091605,7.29294310213397,3.0260819541050488,-0.09060295548107866,80.4934349371971,0.10384615384615385,118242.38191091605
10,-95,-40,7,-100,50,13,0.6153846153846154,2.777791839574065,0.013864152944039558,0.006876487701666267,14.923076923076923,0.1824238191091605,7.29294310213397,3.0260819541050488,-0.09060295548107866,80.4934349371971,0.10384615384615385,118242.38191091605
10,-95,-30,7,-100,0,13,0.6153846153846154,2.777791839574065,0.013864152944039558,0.006876487701666267,14.923076923076923,0.1824238191091605,7.29294310213397,3.0260819541050488,-0.09060295548107866,80.4934349371971,0.10384615384615385,118242.38191091605
10,-95,-30,7,-100,50,13,0.6153846153846154,2.777791839574065,0.013864152944039558,0.006876487701666267,14.923076923076923,0.1824238191091605,7.29294310213397,3.0260819541050488,-0.09060295548107866,80.4934349371971,0.10384615384615385,118242.38191091605
10,-95,-20,7,-100,0,13,0.6153846153846154,2.777791839574065,0.013864152944039558,0.006876487701666267,14.923076923076923,0.1824238191091605,7.29294310213397,3.0260819541050488,-0.09060295548107866,80.4934349371971,0.10384615384615385,118242.38191091605
10,-95,-20,7,-100,50,13,0.6153846153846154,2.777791839574065,0.013864152944039558,0.006876487701666267,14.923076923076923,0.1824238191091605,7.29294310213397,3.0260819541050488,-0.09060295548107866,80.4934349371971,0.10384615384615385,118242.38191091605
7,-80,-40,10,-100,50,26,0.6923076923076923,2.3557297516122073,0.00741547269437706,0.00439715899022175,11.846153846153847,0.20225238366030762,9.230273409116462,4.073457992735424,-0.11467822031851638,80.48846052440969,0.18846153846153846,120225.23836603077
7,-80,-30,10,-100,50,26,0.6923076923076923,2.3557297516122073,0.00741547269437706,0.00439715899022175,11.846153846153847,0.20225238366030762,9.230273409116462,4.073457992735424,-0.11467822031851638,80.48846052440969,0.18846153846153846,120225.23836603077
7,-80,-20,10,-100,50,26,0.6923076923076923,2.3557297516122073,0.00741547269437706,0.00439715899022175,11.846153846153847,0.20225238366030762,9.230273409116462,4.073457992735424,-0.11467822031851638,80.48846052440969,0.18846153846153846,120225.23836603077
2,-80,-30,10,-100,0,26,0.6923076923076923,2.2645538873179625,0.007438047265035753,0.006914792221075494,11.038461538461538,0.20339551670804745,9.353753349004835,4.511688329428069,-0.1164882933292658,80.29779715774113,0.14807692307692308,120339.55167080475
5,-85,-30,5,-100,0,30,0.7333333333333333,1.8774607703122164,0.006903511357819677,0.005929482689569943,19.733333333333334,0.20627543607609278,9.670948260224478,2.9509230008713456,-0.12049446138570374,80.26052109787598,0.23076923076923078,120627.54360760927
3,-90,-30,7,-80,50,26,0.6923076923076923,2.0489205494558287,0.007021974608470978,0.005929482689569943,9.307692307692308,0.18271317396731912,7.3185992010735585,2.9599705920006896,-0.09137340287505502,80.09550887670332,0.19615384615384615,118271.31739673192
2,-80,-30,3,-100,50,22,0.8636363636363636,3.9111969439967265,0.006294544758511312,0.006491441214412252,21.181818181818183,0.1458223158315235,4.5758733120299775,5.747765651751595,-0.057208639592454036,79.98570398855537,0.12307692307692308,114582.23158315234
7,-90,-40,3,-80,0,25,0.68,2.1142846665234956,0.006681056702377464,0.004763512246352297,11.36,0.1666672292990401,6.000958305046895,2.8326940009703305,-0.07591780274490811,79.045468757977,0.1423076923076923,116666.722929904
7,-90,-30,3,-80,0,25,0.68,2.1142846665234956,0.006681056702377464,0.004763512246352297,11.36,0.1666672292990401,6.000958305046895,2.8326940009703305,-0.07591780274490811,79.045468757977,0.1423076923076923,116666.722929904
7,-90,-20,3,-80,0,25,0.68,2.1142846665234956,0.006681056702377464,0.004763512246352297,11.36,0.1666672292990401,6.000958305046895,2.8326940009703305,-0.07591780274490811,79.045468757977,0.1423076923076923,116666.722929904
10,-80,-40,10,-100,50,27,0.7037037037037037,2.3452983448561557,0.007085881822724865,0.004757608071528141,11.444444444444445,0.20054518372178842,9.048386512842256,4.037110088988321,-0.11467822031851627,78.90239740127252,0.19038461538461537,120054.51837217883
10,-80,-30,10,-100,50,27,0.7037037037037037,2.3452983448561557,0.007085881822724865,0.004757608071528141,11.444444444444445,0.20054518372178842,9.048386512842256,4.037110088988321,-0.11467822031851627,78.90239740127252,0.19038461538461537,120054.51837217883
10,-80,-20,10,-100,50,27,0.7037037037037037,2.3452983448561557,0.007085881822724865,0.004757608071528141,11.444444444444445,0.20054518372178842,9.048386512842256,4.037110088988321,-0.11467822031851627,78.90239740127252,0.19038461538461537,120054.51837217883
7,-80,-40,10,-100,0,26,0.6923076923076923,2.3446524547583367,0.0073548828959679735,0.00439715899022175,11.807692307692308,0.2003738643108386,9.030299337269215,4.041541986032182,-0.11457946730693169,78.81254425000203,0.18653846153846154,120037.38643108385
7,-80,-30,10,-100,0,26,0.6923076923076923,2.3446524547583367,0.0073548828959679735,0.00439715899022175,11.807692307692308,0.2003738643108386,9.030299337269215,4.041541986032182,-0.11457946730693169,78.81254425000203,0.18653846153846154,120037.38643108385
7,-80,-20,10,-100,0,26,0.6923076923076923,2.3446524547583367,0.0073548828959679735,0.00439715899022175,11.807692307692308,0.2003738643108386,9.030299337269215,4.041541986032182,-0.11457946730693169,78.81254425000203,0.18653846153846154,120037.38643108385
3,-85,-20,5,-80,50,31,0.7096774193548387,1.8491540689609631,0.00663633197731365,0.006029785688339784,19.193548387096776,0.204576795230621,9.48279431224322,2.9262976057727754,-0.12035673720079099,78.78906102633114,0.23653846153846153,120457.67952306209
2,-80,-20,3,-100,50,22,0.8636363636363636,3.8804105230809114,0.006227978837985537,0.006491441214412252,21.272727272727273,0.14418832204657162,4.476319882226138,5.678744676169948,-0.057208639592454036,78.24552225179247,0.12692307692307692,114418.83220465716
10,-85,-40,5,-80,50,23,0.6521739130434783,2.1366978142387407,0.008599157349689171,0.004757608071528141,16.217391304347824,0.19788313299503235,8.770702068771989,2.9928617978705323,-0.1122374001434201,78.14420200008678,0.17884615384615385,119788.31329950324
10,-85,-30,5,-80,50,23,0.6521739130434783,2.1366978142387407,0.008599157349689171,0.004757608071528141,16.217391304347824,0.19788313299503235,8.770702068771989,2.9928617978705323,-0.1122374001434201,78.14420200008678,0.17884615384615385,119788.31329950324
10,-85,-20,5,-80,50,23,0.6521739130434783,2.1366978142387407,0.008599157349689171,0.004757608071528141,16.217391304347824,0.19788313299503235,8.770702068771989,2.9928617978705323,-0.1122374001434201,78.14420200008678,0.17884615384615385,119788.31329950324
3,-90,-30,7,-80,0,26,0.6923076923076923,2.0381458898061995,0.006949843896079209,0.005296345968576199,9.23076923076923,0.18050974380492368,7.1250552763608415,2.9313758329179596,-0.09137340287505502,77.97734408670014,0.19230769230769232,118050.97438049236
2,-90,-30,5,-100,0,24,0.7083333333333334,2.4205951629444167,0.00773363033879675,0.006169439570693269,8.958333333333334,0.18908682877046612,7.902601996076479,3.193054818612579,-0.10144272907761442,77.90210365920018,0.14423076923076922,118908.68287704661
2,-90,-30,5,-100,50,24,0.7083333333333334,2.4205951629444167,0.00773363033879675,0.006169439570693269,8.958333333333334,0.18908682877046612,7.902601996076479,3.193054818612579,-0.10144272907761442,77.90210365920018,0.14423076923076922,118908.68287704661
2,-85,-40,5,-120,0,24,0.625,2.198688282358009,0.0068410122105217975,0.002802792687354949,11.625,0.1640304675916302,5.803810806028515,2.80369334728333,-0.07459912146492342,77.79998868696427,0.1326923076923077,116403.04675916301
2,-85,-40,5,-120,50,24,0.625,2.198688282358009,0.0068410122105217975,0.002802792687354949,11.625,0.1640304675916302,5.803810806028515,2.80369334728333,-0.07459912146492342,77.79998868696427,0.1326923076923077,116403.04675916301
2,-80,-40,10,-100,0,26,0.6153846153846154,2.1503344132864624,0.006652024257165319,0.006914792221075494,10.692307692307692,0.18064010283794496,7.136389275208808,4.2303459514484185,-0.0919279115645033,77.63027739623344,0.13076923076923078,118064.0102837945
10,-80,-40,7,-120,0,23,0.6956521739130435,2.4547877420140254,0.00801625853028379,0.004757608071528141,12.826086956521738,0.19269648958740015,8.24986105501457,4.033267376120805,-0.10639467096360256,77.54017170499858,0.16346153846153846,119269.64895874001
10,-80,-40,7,-120,50,23,0.6956521739130435,2.4547877420140254,0.00801625853028379,0.004757608071528141,12.826086956521738,0.19269648958740015,8.24986105501457,4.033267376120805,-0.10639467096360256,77.54017170499858,0.16346153846153846,119269.64895874001
10,-80,-30,7,-120,0,23,0.6956521739130435,2.4547877420140254,0.00801625853028379,0.004757608071528141,12.826086956521738,0.19269648958740015,8.24986105501457,4.033267376120805,-0.10639467096360256,77.54017170499858,0.16346153846153846,119269.64895874001
10,-80,-30,7,-120,50,23,0.6956521739130435,2.4547877420140254,0.00801625853028379,0.004757608071528141,12.826086956521738,0.19269648958740015,8.24986105501457,4.033267376120805,-0.10639467096360256,77.54017170499858,0.16346153846153846,119269.64895874001
10,-80,-20,7,-120,0,23,0.6956521739130435,2.4547877420140254,0.00801625853028379,0.004757608071528141,12.826086956521738,0.19269648958740015,8.24986105501457,4.033267376120805,-0.10639467096360256,77.54017170499858,0.16346153846153846,119269.64895874001
10,-80,-20,7,-120,50,23,0.6956521739130435,2.4547877420140254,0.00801625853028379,0.004757608071528141,12.826086956521738,0.19269648958740015,8.24986105501457,4.033267376120805,-0.10639467096360256,77.54017170499858,0.16346153846153846,119269.64895874001
10,-80,-40,10,-100,0,27,0.7037037037037037,2.334221048002285,0.007027536090923523,0.004757608071528141,11.407407407407407,0.19866933187222258,8.851967836027795,4.005261044240268,-0.1145794673069318,77.25614409007005,0.18846153846153846,119866.93318722227
10,-80,-30,10,-100,0,27,0.7037037037037037,2.334221048002285,0.007027536090923523,0.004757608071528141,11.407407407407407,0.19866933187222258,8.851967836027795,4.005261044240268,-0.1145794673069318,77.25614409007005,0.18846153846153846,119866.93318722227
10,-80,-20,10,-100,0,27,0.7037037037037037,2.334221048002285,0.007027536090923523,0.004757608071528141,11.407407407407407,0.19866933187222258,8.851967836027795,4.005261044240268,-0.1145794673069318,77.25614409007005,0.18846153846153846,119866.93318722227
5,-95,-40,7,-80,0,20,0.7,2.2093917921219703,0.009570163647566304,0.006914792221075494,11.1,0.1932772415013253,8.306881671854391,3.1587202519305637,-0.1075280773307895,77.25314055695299,0.1576923076923077,119327.72415013253
5,-95,-40,7,-80,50,20,0.7,2.2093917921219703,0.009570163647566304,0.006914792221075494,11.1,0.1932772415013253,8.306881671854391,3.1587202519305637,-0.1075280773307895,77.25314055695299,0.1576923076923077,119327.72415013253
5,-95,-30,7,-80,0,20,0.7,2.2093917921219703,0.009570163647566304,0.006914792221075494,11.1,0.1932772415013253,8.306881671854391,3.1587202519305637,-0.1075280773307895,77.25314055695299,0.1576923076923077,119327.72415013253
5,-95,-30,7,-80,50,20,0.7,2.2093917921219703,0.009570163647566304,0.006914792221075494,11.1,0.1932772415013253,8.306881671854391,3.1587202519305637,-0.1075280773307895,77.25314055695299,0.1576923076923077,119327.72415013253
5,-85,-20,5,-80,0,32,0.71875,1.8409237883070413,0.006369722910061961,0.004835576099827654,18.71875,0.20191774774433102,9.194383842171327,2.8922320397047314,-0.12035673720079099,76.39276417764921,0.24423076923076922,120191.7747744331
3,-85,-40,3,-50,50,42,0.6904761904761905,1.7921653760254217,0.0051812037456614975,0.004760560158940219,17.761904761904763,0.22308161563231388,11.707546795970263,3.084903878070379,-0.15332643053613837,76.3570035187824,0.25961538461538464,122308.16156323138
10,-85,-40,5,-80,0,23,0.6521739130434783,2.126781673322573,0.008524141408801731,0.004757608071528141,16.17391304347826,0.19582997612351516,8.561378421375474,2.968391652224951,-0.11227058982073512,76.25664419368967,0.17692307692307693,119582.99761235152
10,-85,-30,5,-80,0,23,0.6521739130434783,2.126781673322573,0.008524141408801731,0.004757608071528141,16.17391304347826,0.19582997612351516,8.561378421375474,2.968391652224951,-0.11227058982073512,76.25664419368967,0.17692307692307693,119582.99761235152
10,-85,-20,5,-80,0,23,0.6521739130434783,2.126781673322573,0.008524141408801731,0.004757608071528141,16.17391304347826,0.19582997612351516,8.561378421375474,2.968391652224951,-0.11227058982073512,76.25664419368967,0.17692307692307693,119582.99761235152
7,-80,-20,5,-80,50,31,0.7096774193548387,1.84495032108275,0.006524061892856553,0.0058291796908001015,21.322580645161292,0.2006034631882947,9.05454625393998,2.852138671880667,-0.11905965621840242,76.05049889721138,0.22884615384615384,120060.34631882947
2,-90,-40,5,-80,50,27,0.6666666666666666,2.357884820755817,0.006300652150220321,0.006001161515132081,8.185185185185185,0.17274605289130784,6.475672093214589,2.9883010811820614,-0.08539769994968538,75.8295843685477,0.15576923076923077,117274.60528913079
10,-90,-40,5,-80,50,21,0.6666666666666666,2.1554085268810814,0.008405419321554067,0.006638910768538286,13.80952380952381,0.17625233075170232,6.76278994898718,2.922156153918732,-0.08951798583108006,75.54671707815821,0.15384615384615385,117625.23307517022
10,-90,-30,5,-80,50,21,0.6666666666666666,2.1554085268810814,0.008405419321554067,0.006638910768538286,13.80952380952381,0.17625233075170232,6.76278994898718,2.922156153918732,-0.08951798583108006,75.54671707815821,0.15384615384615385,117625.23307517022
10,-90,-20,5,-80,50,21,0.6666666666666666,2.1554085268810814,0.008405419321554067,0.006638910768538286,13.80952380952381,0.17625233075170232,6.76278994898718,2.922156153918732,-0.08951798583108006,75.54671707815821,0.15384615384615385,117625.23307517022
10,-80,-40,3,-100,50,17,0.7647058823529411,4.228938543346355,0.007229130318214796,0.0058291796908001015,26.41176470588235,0.12862869637825347,3.607013878283481,5.410832784579173,-0.04794357077086853,75.2345688960484,0.09038461538461538,112862.86963782535
10,-80,-30,3,-100,50,17,0.7647058823529411,4.228938543346355,0.007229130318214796,0.0058291796908001015,26.41176470588235,0.12862869637825347,3.607013878283481,5.410832784579173,-0.04794357077086853,75.2345688960484,0.09038461538461538,112862.86963782535
10,-80,-20,3,-100,50,17,0.7647058823529411,4.228938543346355,0.007229130318214796,0.0058291796908001015,26.41176470588235,0.12862869637825347,3.607013878283481,5.410832784579173,-0.04794357077086853,75.2345688960484,0.09038461538461538,112862.86963782535
7,-80,-40,3,-50,0,39,0.717948717948718,1.8387666695233973,0.005886578938932148,0.004785094219775576,20.53846153846154,0.23231843897694682,12.973707624777413,3.20327957505956,-0.17263324683596581,75.15184857239512,0.22884615384615384,123231.84389769469
7,-80,-30,3,-50,0,39,0.717948717948718,1.8387666695233973,0.005886578938932148,0.004785094219775576,20.53846153846154,0.23231843897694682,12.973707624777413,3.20327957505956,-0.17263324683596581,75.15184857239512,0.22884615384615384,123231.84389769469
5,-85,-40,7,-100,0,28,0.7142857142857143,2.0420286231749283,0.007035047937825659,0.005027152955734304,11.428571428571429,0.19750421761288872,8.731756163986583,3.053202859368874,-0.11647788121792024,74.96492958736266,0.21153846153846154,119750.42176128888
5,-85,-40,7,-100,50,28,0.7142857142857143,2.0420286231749283,0.007035047937825659,0.005027152955734304,11.428571428571429,0.19750421761288872,8.731756163986583,3.053202859368874,-0.11647788121792024,74.96492958736266,0.21153846153846154,119750.42176128888
5,-85,-30,7,-100,0,28,0.7142857142857143,2.0420286231749283,0.007035047937825659,0.005027152955734304,11.428571428571429,0.19750421761288872,8.731756163986583,3.053202859368874,-0.11647788121792024,74.96492958736266,0.21153846153846154,119750.42176128888
5,-85,-30,7,-100,50,28,0.7142857142857143,2.0420286231749283,0.007035047937825659,0.005027152955734304,11.428571428571429,0.19750421761288872,8.731756163986583,3.053202859368874,-0.11647788121792024,74.96492958736266,0.21153846153846154,119750.42176128888
3,-95,-20,5,-100,50,19,0.7368421052631579,2.1907749541264967,0.009299809469705036,0.006876487701666267,11.421052631578947,0.1763257169092891,6.768906343742919,2.9405246384658046,-0.09115546487815018,74.2567256147625,0.14807692307692308,117632.5716909289
2,-80,-40,3,-50,0,48,0.6041666666666666,1.7310383179950355,0.004454378186142509,0.0028984867850385676,17.125,0.21979408110164056,11.28301522870411,2.991230395210545,-0.15195327239638012,74.25319014697901,0.27115384615384613,121979.40811016405
7,-80,-20,5,-80,0,31,0.7096774193548387,1.837742021867981,0.006468404904456194,0.0049135441281271675,21.29032258064516,0.19854564370447814,8.83914164125423,2.829708963054525,-0.11905965621840242,74.24128308450474,0.22692307692307692,119854.56437044781
5,-85,-20,5,-50,50,35,0.7428571428571429,1.7924644036177368,0.0065650097456652545,0.006029785688339784,17.37142857142857,0.22661318106084227,12.178612826413223,3.065324050341999,-0.16462165361500636,73.9794101139017,0.26153846153846155,122661.31810608423
2,-85,-40,5,-50,50,35,0.6285714285714286,1.8994386269704047,0.006074733419009491,0.006001161515132081,8.942857142857143,0.21406893823419715,10.57474408705981,3.151026153700297,-0.14338714383472717,73.74959709950437,0.19807692307692307,121406.89382341971
2,-85,-40,7,-50,50,33,0.6060606060606061,1.9083757159612502,0.005425807653493158,0.003240121152356279,9.333333333333334,0.17988531080868997,7.07096559760728,2.9045994693141624,-0.09592141940400167,73.71623190672148,0.18846153846153846,117988.531080869
10,-90,-40,5,-80,0,21,0.6666666666666666,2.144114773852376,0.008323259005344015,0.0058291796908001015,13.761904761904763,0.17423624880764632,6.596483014781486,2.895265544415706,-0.08951798583108006,73.68891238492579,0.1519230769230769,117423.62488076463
10,-90,-30,5,-80,0,21,0.6666666666666666,2.144114773852376,0.008323259005344015,0.0058291796908001015,13.761904761904763,0.17423624880764632,6.596483014781486,2.895265544415706,-0.08951798583108006,73.68891238492579,0.1519230769230769,117423.62488076463
10,-90,-20,5,-80,0,21,0.6666666666666666,2.144114773852376,0.008323259005344015,0.0058291796908001015,13.761904761904763,0.17423624880764632,6.596483014781486,2.895265544415706,-0.08951798583108006,73.68891238492579,0.1519230769230769,117423.62488076463
5,-80,-40,7,-120,0,27,0.7407407407407407,2.1031704194165775,0.006583796803100876,0.006029785688339784,11.296296296296296,0.1828151809047156,7.327661214959642,3.891095314609645,-0.09968925653708816,73.50502420723217,0.18269230769230768,118281.51809047155
5,-80,-40,7,-120,50,27,0.7407407407407407,2.1031704194165775,0.006583796803100876,0.006029785688339784,11.296296296296296,0.1828151809047156,7.327661214959642,3.891095314609645,-0.09968925653708816,73.50502420723217,0.18269230769230768,118281.51809047155
5,-80,-30,7,-120,0,27,0.7407407407407407,2.1031704194165775,0.006583796803100876,0.006029785688339784,11.296296296296296,0.1828151809047156,7.327661214959642,3.891095314609645,-0.09968925653708816,73.50502420723217,0.18269230769230768,118281.51809047155
5,-80,-30,7,-120,50,27,0.7407407407407407,2.1031704194165775,0.006583796803100876,0.006029785688339784,11.296296296296296,0.1828151809047156,7.327661214959642,3.891095314609645,-0.09968925653708816,73.50502420723217,0.18269230769230768,118281.51809047155
5,-80,-20,7,-120,0,27,0.7407407407407407,2.1031704194165775,0.006583796803100876,0.006029785688339784,11.296296296296296,0.1828151809047156,7.327661214959642,3.891095314609645,-0.09968925653708816,73.50502420723217,0.18269230769230768,118281.51809047155
5,-80,-20,7,-120,50,27,0.7407407407407407,2.1031704194165775,0.006583796803100876,0.006029785688339784,11.296296296296296,0.1828151809047156,7.327661214959642,3.891095314609645,-0.09968925653708816,73.50502420723217,0.18269230769230768,118281.51809047155
3,-85,-30,5,-80,50,31,0.7096774193548387,1.8276059181116013,0.006467928282671316,0.006029785688339784,19.129032258064516,0.19839618200494868,8.823663302924663,2.85810112049035,-0.12035673720079099,73.31258314359384,0.2326923076923077,119839.61820049488
7,-80,-40,5,-100,0,28,0.7142857142857143,1.863342582605011,0.007103392318177344,0.005929482689569943,23.25,0.19707238523285264,8.687545619326901,2.8240779520011485,-0.11905965621840242,72.96800524428285,0.20961538461538462,119707.23852328527
7,-80,-40,5,-100,50,28,0.7142857142857143,1.863342582605011,0.007103392318177344,0.005929482689569943,23.25,0.19707238523285264,8.687545619326901,2.8240779520011485,-0.11905965621840242,72.96800524428285,0.20961538461538462,119707.23852328527
7,-80,-30,5,-100,0,28,0.7142857142857143,1.863342582605011,0.007103392318177344,0.005929482689569943,23.25,0.19707238523285264,8.687545619326901,2.8240779520011485,-0.11905965621840242,72.96800524428285,0.20961538461538462,119707.23852328527
7,-80,-30,5,-100,50,28,0.7142857142857143,1.863342582605011,0.007103392318177344,0.005929482689569943,23.25,0.19707238523285264,8.687545619326901,2.8240779520011485,-0.11905965621840242,72.96800524428285,0.20961538461538462,119707.23852328527
2,-80,-20,10,-80,50,28,0.7142857142857143,2.0006253950411126,0.0067410329930405345,0.006169439570693269,11.214285714285714,0.1942661369436247,8.404720825023466,3.930675365754064,-0.11549569261845205,72.77085954009591,0.2,119426.61369436247
2,-90,-40,5,-80,0,27,0.6666666666666666,2.344112882635912,0.006236749682056946,0.0049135441281271675,8.148148148148149,0.17073598066412976,6.315516258119247,2.9599707602468532,-0.08696531697786625,72.62109169022663,0.15384615384615385,117073.59806641297
2,-85,-40,5,-50,0,35,0.6285714285714286,1.8921397227809127,0.006025437229283459,0.0049135441281271675,8.914285714285715,0.2119880390927269,10.32677135869997,3.1269393624955337,-0.14338714383472717,72.02020406099275,0.19615384615384615,121198.8039092727
2,-85,-40,7,-50,0,33,0.6060606060606061,1.898861330302719,0.0053689773952450975,0.003240121152356279,9.272727272727273,0.17768714904028537,6.883183217398267,2.8762594789733984,-0.09592141940400156,71.75856300048788,0.18461538461538463,117768.71490402854
5,-85,-40,3,-80,0,36,0.6944444444444444,1.8557014498476605,0.006209281043439695,0.004760560158940219,8.972222222222221,0.22363032711844655,11.779705646737884,3.1934845313055487,-0.16427600690501587,71.70679315055966,0.2173076923076923,122363.03271184464
5,-85,-30,3,-80,0,36,0.6944444444444444,1.8557014498476605,0.006209281043439695,0.004760560158940219,8.972222222222221,0.22363032711844655,11.779705646737884,3.1934845313055487,-0.16427600690501587,71.70679315055966,0.2173076923076923,122363.03271184464
3,-85,-30,5,-80,0,31,0.7096774193548387,1.8204843096194643,0.006412271294270957,0.0058291796908001015,19.096774193548388,0.1963421457737753,8.61320503504486,2.835320346801113,-0.12035673720079099,71.56396256136009,0.23076923076923078,119634.21457737753
3,-85,-20,5,-80,0,31,0.7096774193548387,1.8204843096194643,0.006412271294270957,0.0058291796908001015,19.096774193548388,0.1963421457737753,8.61320503504486,2.835320346801113,-0.12035673720079099,71.56396256136009,0.23076923076923078,119634.21457737753
10,-80,-40,10,-80,50,27,0.7037037037037037,2.2565823979663926,0.006987169849066007,0.005296697839940467,11.666666666666666,0.19722451691351273,8.703099557104352,3.9594417259247296,-0.1217291273245027,71.49562104313645,0.20192307692307693,119722.45169135128
10,-80,-30,10,-80,50,27,0.7037037037037037,2.2565823979663926,0.006987169849066007,0.005296697839940467,11.666666666666666,0.19722451691351273,8.703099557104352,3.9594417259247296,-0.1217291273245027,71.49562104313645,0.20192307692307693,119722.45169135128
10,-80,-20,10,-80,50,27,0.7037037037037037,2.2565823979663926,0.006987169849066007,0.005296697839940467,11.666666666666666,0.19722451691351273,8.703099557104352,3.9594417259247296,-0.1217291273245027,71.49562104313645,0.20192307692307693,119722.45169135128
2,-80,-20,10,-80,0,28,0.7142857142857143,1.992273983369967,0.006684771037374955,0.006169439570693269,11.178571428571429,0.19240009610464992,8.22088406497254,3.8988191922412385,-0.11539703079162467,71.2399964589834,0.19807692307692307,119240.009610465
3,-80,-30,7,-120,0,27,0.7407407407407407,2.086498143198312,0.0064842955139670705,0.006029785688339784,11.222222222222221,0.17972656155910283,7.057267371717584,3.8369934465865536,-0.09968925653708838,70.7926572718696,0.17884615384615385,117972.65615591028
3,-80,-30,7,-120,50,27,0.7407407407407407,2.086498143198312,0.0064842955139670705,0.006029785688339784,11.222222222222221,0.17972656155910283,7.057267371717584,3.8369934465865536,-0.09968925653708838,70.7926572718696,0.17884615384615385,117972.65615591028
3,-80,-20,7,-120,0,27,0.7407407407407407,2.086498143198312,0.0064842955139670705,0.006029785688339784,11.222222222222221,0.17972656155910283,7.057267371717584,3.8369934465865536,-0.09968925653708838,70.7926572718696,0.17884615384615385,117972.65615591028
3,-80,-20,7,-120,50,27,0.7407407407407407,2.086498143198312,0.0064842955139670705,0.006029785688339784,11.222222222222221,0.17972656155910283,7.057267371717584,3.8369934465865536,-0.09968925653708838,70.7926572718696,0.17884615384615385,117972.65615591028
5,-80,-40,3,-100,50,18,0.8888888888888888,4.191690019690894,0.006817694761570823,0.006491441214412252,25.11111111111111,0.1283520213961189,3.592776626484267,5.3942249334640335,-0.05094373149585807,70.52441038356945,0.09615384615384616,112835.2021396119
5,-80,-30,3,-100,50,18,0.8888888888888888,4.191690019690894,0.006817694761570823,0.006491441214412252,25.11111111111111,0.1283520213961189,3.592776626484267,5.3942249334640335,-0.05094373149585807,70.52441038356945,0.09615384615384616,112835.2021396119
5,-80,-20,3,-100,50,18,0.8888888888888888,4.191690019690894,0.006817694761570823,0.006491441214412252,25.11111111111111,0.1283520213961189,3.592776626484267,5.3942249334640335,-0.05094373149585807,70.52441038356945,0.09615384615384616,112835.2021396119
3,-90,-40,7,-50,0,29,0.6896551724137931,1.910062761972396,0.006059662745883329,0.0058291796908001015,8.448275862068966,0.1746421526445816,6.629699946404408,2.8782639669234125,-0.09446367315342241,70.18253393171399,0.20192307692307693,117464.21526445817
3,-90,-40,7,-50,50,29,0.6896551724137931,1.910062761972396,0.006059662745883329,0.0058291796908001015,8.448275862068966,0.1746421526445816,6.629699946404408,2.8782639669234125,-0.09446367315342241,70.18253393171399,0.20192307692307693,117464.21526445817
10,-80,-40,10,-80,0,27,0.7037037037037037,2.246089419956443,0.006928824117264665,0.005296697839940467,11.62962962962963,0.19535385360583524,8.51343030288436,3.927790773239028,-0.12163116080469694,69.9938259781502,0.2,119535.38536058352
10,-80,-30,10,-80,0,27,0.7037037037037037,2.246089419956443,0.006928824117264665,0.005296697839940467,11.62962962962963,0.19535385360583524,8.51343030288436,3.927790773239028,-0.12163116080469694,69.9938259781502,0.2,119535.38536058352
10,-80,-20,10,-80,0,27,0.7037037037037037,2.246089419956443,0.006928824117264665,0.005296697839940467,11.62962962962963,0.19535385360583524,8.51343030288436,3.927790773239028,-0.12163116080469694,69.9938259781502,0.2,119535.38536058352
3,-90,-40,10,-50,0,27,0.6666666666666666,1.9394498554586401,0.006468674743404302,0.004763512246352297,8.666666666666666,0.173594720253339,6.544255298392073,2.8696043203867774,-0.09446367315342241,69.27801005327491,0.18076923076923077,117359.47202533389
3,-90,-40,10,-50,50,27,0.6666666666666666,1.9394498554586401,0.006468674743404302,0.004763512246352297,8.666666666666666,0.173594720253339,6.544255298392073,2.8696043203867774,-0.09446367315342241,69.27801005327491,0.18076923076923077,117359.47202533389
3,-95,-30,5,-100,0,19,0.7368421052631579,2.155593373398606,0.009025045546867543,0.006876487701666267,11.31578947368421,0.1702900583174798,6.280417594739057,2.85939335399786,-0.09115546487815018,68.89787247680927,0.14423076923076922,117029.00583174797
3,-95,-30,5,-100,50,19,0.7368421052631579,2.155593373398606,0.009025045546867543,0.006876487701666267,11.31578947368421,0.1702900583174798,6.280417594739057,2.85939335399786,-0.09115546487815018,68.89787247680927,0.14423076923076922,117029.00583174797
3,-95,-20,5,-100,0,19,0.7368421052631579,2.155593373398606,0.009025045546867543,0.006876487701666267,11.31578947368421,0.1702900583174798,6.280417594739057,2.85939335399786,-0.09115546487815018,68.89787247680927,0.14423076923076922,117029.00583174797
7,-90,-40,3,-50,50,26,0.6923076923076923,1.9657617253593072,0.006483034688727556,0.005929482689569943,11.153846153846153,0.1677522173351753,6.083598401989828,2.8216827253166814,-0.0887687755987775,68.53308903895268,0.15384615384615385,116775.22173351752
7,-90,-30,3,-50,50,26,0.6923076923076923,1.9657617253593072,0.006483034688727556,0.005929482689569943,11.153846153846153,0.1677522173351753,6.083598401989828,2.8216827253166814,-0.0887687755987775,68.53308903895268,0.15384615384615385,116775.22173351752
7,-90,-20,3,-50,50,26,0.6923076923076923,1.9657617253593072,0.006483034688727556,0.005929482689569943,11.153846153846153,0.1677522173351753,6.083598401989828,2.8216827253166814,-0.0887687755987775,68.53308903895268,0.15384615384615385,116775.22173351752
5,-90,-40,3,-80,0,30,0.7333333333333333,1.9113843229256515,0.006763069476965259,0.005960129843709749,10.0,0.2011674578936098,9.114336529247524,3.07783270190576,-0.13322631972230992,68.41243192970411,0.17307692307692307,120116.74578936097
5,-90,-30,3,-80,0,30,0.7333333333333333,1.9113843229256515,0.006763069476965259,0.005960129843709749,10.0,0.2011674578936098,9.114336529247524,3.07783270190576,-0.13322631972230992,68.41243192970411,0.17307692307692307,120116.74578936097
5,-90,-20,3,-80,0,30,0.7333333333333333,1.9113843229256515,0.006763069476965259,0.005960129843709749,10.0,0.2011674578936098,9.114336529247524,3.07783270190576,-0.13322631972230992,68.41243192970411,0.17307692307692307,120116.74578936097
7,-85,-40,10,-100,50,24,0.6666666666666666,2.269966951629238,0.007525237984548887,0.005027152955734304,12.625,0.1876935210124453,7.771803881658418,3.8610073939961427,-0.11467822031851649,67.7705309698074,0.17884615384615385,118769.35210124453
7,-85,-30,10,-100,50,24,0.6666666666666666,2.269966951629238,0.007525237984548887,0.005027152955734304,12.625,0.1876935210124453,7.771803881658418,3.8610073939961427,-0.11467822031851649,67.7705309698074,0.17884615384615385,118769.35210124453
7,-85,-20,10,-100,50,24,0.6666666666666666,2.269966951629238,0.007525237984548887,0.005027152955734304,12.625,0.1876935210124453,7.771803881658418,3.8610073939961427,-0.11467822031851649,67.7705309698074,0.17884615384615385,118769.35210124453
5,-85,-30,5,-80,50,32,0.71875,1.8031256829001574,0.006083414612788229,0.005293393881164121,18.75,0.1914837540317138,8.131825463665699,2.778663003795446,-0.12035673720079099,67.56435620300495,0.24615384615384617,119148.37540317139
3,-95,-20,7,-50,0,21,0.6666666666666666,2.1126479535602867,0.008993588491042861,0.006309093453046755,10.857142857142858,0.1896720116870505,7.958070208136922,3.062935434793166,-0.11815570526257724,67.35239902679024,0.16923076923076924,118967.20116870504
3,-95,-20,7,-50,50,21,0.6666666666666666,2.1126479535602867,0.008993588491042861,0.006309093453046755,10.857142857142858,0.1896720116870505,7.958070208136922,3.062935434793166,-0.11815570526257724,67.35239902679024,0.16923076923076924,118967.20116870504
5,-85,-20,5,-50,0,35,0.7428571428571429,1.7685089889239751,0.006366555997827441,0.0058291796908001015,17.285714285714285,0.21822788789798664,11.085394733903998,2.978613118954271,-0.16462165361500636,67.33861852602294,0.25576923076923075,121822.78878979867
2,-80,-20,10,-100,50,25,0.68,1.9906322487992,0.0072012329083490645,0.006953096740484721,11.96,0.1845527359980177,7.483423657001165,3.8694560897284473,-0.11219858980607733,66.69801884262024,0.17115384615384616,118455.27359980176
7,-85,-40,10,-100,0,24,0.6666666666666666,2.258889654775367,0.007459599036272376,0.005027152955734304,12.583333333333334,0.18583774988586366,7.600338929597854,3.8287250809173674,-0.11457946730693158,66.33246870696583,0.17692307692307693,118583.77498858636
7,-85,-30,10,-100,0,24,0.6666666666666666,2.258889654775367,0.007459599036272376,0.005027152955734304,12.583333333333334,0.18583774988586366,7.600338929597854,3.8287250809173674,-0.11457946730693158,66.33246870696583,0.17692307692307693,118583.77498858636
7,-85,-20,10,-100,0,24,0.6666666666666666,2.258889654775367,0.007459599036272376,0.005027152955734304,12.583333333333334,0.18583774988586366,7.600338929597854,3.8287250809173674,-0.11457946730693158,66.33246870696583,0.17692307692307693,118583.77498858636
10,-85,-40,3,-50,0,27,0.6296296296296297,1.8949225291085179,0.006855501673797814,0.004757608071528141,13.62962962962963,0.1834245856912713,7.381988684023312,2.819111557552816,-0.11198771664900076,65.9178426430501,0.16923076923076924,118342.45856912712
10,-85,-40,3,-50,50,27,0.6296296296296297,1.8949225291085179,0.006855501673797814,0.004757608071528141,13.62962962962963,0.1834245856912713,7.381988684023312,2.819111557552816,-0.11198771664900076,65.9178426430501,0.16923076923076924,118342.45856912712
10,-85,-30,3,-50,0,27,0.6296296296296297,1.8949225291085179,0.006855501673797814,0.004757608071528141,13.62962962962963,0.1834245856912713,7.381988684023312,2.819111557552816,-0.11198771664900076,65.9178426430501,0.16923076923076924,118342.45856912712
10,-85,-30,3,-50,50,27,0.6296296296296297,1.8949225291085179,0.006855501673797814,0.004757608071528141,13.62962962962963,0.1834245856912713,7.381988684023312,2.819111557552816,-0.11198771664900076,65.9178426430501,0.16923076923076924,118342.45856912712
10,-85,-20,3,-50,0,27,0.6296296296296297,1.8949225291085179,0.006855501673797814,0.004757608071528141,13.62962962962963,0.1834245856912713,7.381988684023312,2.819111557552816,-0.11198771664900076,65.9178426430501,0.16923076923076924,118342.45856912712
10,-85,-20,3,-50,50,27,0.6296296296296297,1.8949225291085179,0.006855501673797814,0.004757608071528141,13.62962962962963,0.1834245856912713,7.381988684023312,2.819111557552816,-0.11198771664900076,65.9178426430501,0.16923076923076924,118342.45856912712
3,-85,-30,3,-50,50,42,0.6904761904761905,1.7369150347859665,0.005044805916245293,0.005296345968576199,17.833333333333332,0.21589253684180987,10.796154938276944,3.003626987645694,-0.1642760069050161,65.7196089780734,0.2653846153846154,121589.25368418098
3,-85,-20,3,-50,50,42,0.6904761904761905,1.7369150347859665,0.005044805916245293,0.005296345968576199,17.833333333333332,0.21589253684180987,10.796154938276944,3.003626987645694,-0.1642760069050161,65.7196089780734,0.2653846153846154,121589.25368418098
2,-80,-30,3,-50,0,46,0.6521739130434783,1.6748421922744747,0.004476384870766343,0.004359551906922943,17.956521739130434,0.20875177001668743,9.95082115535687,2.8662793645920766,-0.15195327239638012,65.48606027647432,0.27884615384615385,120875.17700166874
5,-85,-30,5,-80,0,32,0.71875,1.7934402322018232,0.006010050488636554,0.004835576099827654,18.6875,0.18871079073594044,7.867125264201999,2.747741866679169,-0.12035673720079099,65.36505929931687,0.2423076923076923,118871.07907359405
5,-85,-20,7,-50,50,32,0.71875,1.7900997406070396,0.00598474735636936,0.005293393881164121,18.8125,0.18867768401223373,7.864008104347683,2.781354027231639,-0.12035673720079088,65.33915996100971,0.25,118867.76840122338
7,-95,-40,3,-50,0,19,0.7368421052631579,2.3099202563770547,0.009288343955057147,0.006876487701666267,10.473684210526315,0.17754636735400964,6.8712948379442675,3.028528375076097,-0.10541048583285939,65.18606553848453,0.11346153846153846,117754.63673540096
7,-95,-30,3,-50,0,19,0.7368421052631579,2.3099202563770547,0.009288343955057147,0.006876487701666267,10.473684210526315,0.17754636735400964,6.8712948379442675,3.028528375076097,-0.10541048583285939,65.18606553848453,0.11346153846153846,117754.63673540096
7,-95,-20,3,-50,0,19,0.7368421052631579,2.3099202563770547,0.009288343955057147,0.006876487701666267,10.473684210526315,0.17754636735400964,6.8712948379442675,3.028528375076097,-0.10541048583285939,65.18606553848453,0.11346153846153846,117754.63673540096
7,-80,-40,5,-80,50,31,0.7096774193548387,1.796865442245551,0.0061527871352561325,0.0058291796908001015,21.29032258064516,0.1874109478500272,7.745493841382489,2.7094410190215212,-0.11905965621840242,65.05557035352257,0.22692307692307692,118741.09478500273
7,-80,-30,5,-80,50,31,0.7096774193548387,1.796865442245551,0.0061527871352561325,0.0058291796908001015,21.29032258064516,0.1874109478500272,7.745493841382489,2.7094410190215212,-0.11905965621840242,65.05557035352257,0.22692307692307692,118741.09478500273
2,-90,-30,7,-50,50,28,0.6785714285714286,2.092848909912303,0.006369689529408041,0.006169439570693269,8.214285714285714,0.17975167531446878,7.059432972217753,2.977181066542641,-0.10860628435657327,65.00022548456229,0.17307692307692307,117975.16753144687
10,-95,-40,3,-80,0,15,0.6666666666666666,2.5018799975479875,0.011155853025494763,0.005890473999079715,12.266666666666667,0.1676869813111148,6.078604313440187,2.9124525306113527,-0.0935807252735179,64.95572988640163,0.08461538461538462,116768.69813111148
10,-95,-40,3,-80,50,15,0.6666666666666666,2.5018799975479875,0.011155853025494763,0.005890473999079715,12.266666666666667,0.1676869813111148,6.078604313440187,2.9124525306113527,-0.0935807252735179,64.95572988640163,0.08461538461538462,116768.69813111148
10,-95,-30,3,-80,0,15,0.6666666666666666,2.5018799975479875,0.011155853025494763,0.005890473999079715,12.266666666666667,0.1676869813111148,6.078604313440187,2.9124525306113527,-0.0935807252735179,64.95572988640163,0.08461538461538462,116768.69813111148
10,-95,-30,3,-80,50,15,0.6666666666666666,2.5018799975479875,0.011155853025494763,0.005890473999079715,12.266666666666667,0.1676869813111148,6.078604313440187,2.9124525306113527,-0.0935807252735179,64.95572988640163,0.08461538461538462,116768.69813111148
10,-95,-20,3,-80,0,15,0.6666666666666666,2.5018799975479875,0.011155853025494763,0.005890473999079715,12.266666666666667,0.1676869813111148,6.078604313440187,2.9124525306113527,-0.0935807252735179,64.95572988640163,0.08461538461538462,116768.69813111148
10,-95,-20,3,-80,50,15,0.6666666666666666,2.5018799975479875,0.011155853025494763,0.005890473999079715,12.266666666666667,0.1676869813111148,6.078604313440187,2.9124525306113527,-0.0935807252735179,64.95572988640163,0.08461538461538462,116768.69813111148
2,-80,-20,10,-100,0,25,0.68,1.981963858625345,0.007138219518003614,0.006876487701666267,11.92,0.1827018723480205,7.317595755433599,3.836542516852571,-0.11358577950950555,64.42352015395745,0.16923076923076924,118270.18723480206
2,-80,-20,3,-50,50,46,0.6956521739130435,1.6806859605436506,0.004675984961225372,0.005296345968576199,18.217391304347824,0.2181891176465076,11.08054009288722,2.9500517797769015,-0.17263324683596593,64.18543528533539,0.3019230769230769,121818.91176465075
3,-85,-20,5,-50,50,34,0.7352941176470589,1.7550533667652282,0.0064364493664635725,0.0064740021107925205,17.705882352941178,0.213780539894461,10.54008095386131,2.9360107506430624,-0.16462165361500636,64.02609087204863,0.25,121378.0539894461
7,-80,-40,10,-120,0,23,0.6956521739130435,2.2640876346910437,0.007466438767429183,0.006876487701666267,12.91304347826087,0.17780534296240313,6.8931769265305896,3.8004764303758463,-0.10777412948684995,63.95947672554998,0.1673076923076923,117780.53429624032
7,-80,-40,10,-120,50,23,0.6956521739130435,2.2640876346910437,0.007466438767429183,0.006876487701666267,12.91304347826087,0.17780534296240313,6.8931769265305896,3.8004764303758463,-0.10777412948684995,63.95947672554998,0.1673076923076923,117780.53429624032
7,-80,-30,10,-120,0,23,0.6956521739130435,2.2640876346910437,0.007466438767429183,0.006876487701666267,12.91304347826087,0.17780534296240313,6.8931769265305896,3.8004764303758463,-0.10777412948684995,63.95947672554998,0.1673076923076923,117780.53429624032
7,-80,-30,10,-120,50,23,0.6956521739130435,2.2640876346910437,0.007466438767429183,0.006876487701666267,12.91304347826087,0.17780534296240313,6.8931769265305896,3.8004764303758463,-0.10777412948684995,63.95947672554998,0.1673076923076923,117780.53429624032
7,-80,-20,10,-120,0,23,0.6956521739130435,2.2640876346910437,0.007466438767429183,0.006876487701666267,12.91304347826087,0.17780534296240313,6.8931769265305896,3.8004764303758463,-0.10777412948684995,63.95947672554998,0.1673076923076923,117780.53429624032
7,-80,-20,10,-120,50,23,0.6956521739130435,2.2640876346910437,0.007466438767429183,0.006876487701666267,12.91304347826087,0.17780534296240313,6.8931769265305896,3.8004764303758463,-0.10777412948684995,63.95947672554998,0.1673076923076923,117780.53429624032
7,-80,-20,3,-80,0,38,0.6842105263157895,1.7739921677643502,0.005742347735204767,0.004774303233063937,19.18421052631579,0.21786152744977438,11.039592310402405,3.080175453730912,-0.17263324683596581,63.94824005651763,0.225,121786.15274497744
5,-85,-20,7,-50,0,32,0.71875,1.7823626142627618,0.0059261411525510475,0.004760560158940219,18.75,0.18646314178849854,7.6577744734523385,2.756170421476345,-0.12035673720079088,63.62564033849547,0.24615384615384617,118646.31417884985
7,-80,-40,5,-80,0,31,0.7096774193548387,1.789657143030782,0.006097130146855774,0.0049135441281271675,21.258064516129032,0.18537574017430303,7.558133848592199,2.686984658940607,-0.11905965621840242,63.48190553085083,0.225,118537.5740174303
7,-80,-30,5,-80,0,31,0.7096774193548387,1.789657143030782,0.006097130146855774,0.0049135441281271675,21.258064516129032,0.18537574017430303,7.558133848592199,2.686984658940607,-0.11905965621840242,63.48190553085083,0.225,118537.5740174303
2,-85,-30,3,-100,50,20,0.85,3.592926867153767,0.006167024762770801,0.006491441214412252,23.1,0.1287092865818844,3.611168557184236,5.308067040228341,-0.057208639592454036,63.12278325283858,0.11538461538461539,112870.92865818845
3,-95,-30,7,-50,0,21,0.6666666666666666,2.08189273796857,0.00874499256085656,0.006309093453046755,10.761904761904763,0.18356787403575403,7.394809909216457,2.983771707221689,-0.11815570526257724,62.58529702635165,0.16538461538461538,118356.7874035754
3,-95,-30,7,-50,50,21,0.6666666666666666,2.08189273796857,0.00874499256085656,0.006309093453046755,10.761904761904763,0.18356787403575403,7.394809909216457,2.983771707221689,-0.11815570526257724,62.58529702635165,0.16538461538461538,118356.7874035754
2,-90,-30,7,-50,0,28,0.6785714285714286,2.0813573920360073,0.0063027110107585415,0.0053966489673460405,8.142857142857142,0.1775537625130037,6.871918914778774,2.947838647490401,-0.11026697761919224,62.32073339772668,0.16923076923076924,117755.37625130037
5,-90,-20,5,-80,50,26,0.6923076923076923,1.8651029667137804,0.007184666192867293,0.005929482689569943,22.23076923076923,0.18457986947025118,7.485877159360813,2.779739635449881,-0.12035673720079088,62.19740858272139,0.20384615384615384,118457.98694702513
2,-85,-40,10,-50,50,30,0.6,1.8907373983461784,0.0054357254688850816,0.0021909277661787963,9.966666666666667,0.1616733059956048,5.631909610196322,2.6759842618236864,-0.09085604543130843,61.987175244759236,0.17115384615384616,116167.33059956048
7,-90,-40,10,-100,50,22,0.7272727272727273,2.289320195150213,0.006728412246463831,0.007177487600198207,10.0,0.15298281040629047,5.0321008110882195,3.956226515901402,-0.08139134490017674,61.82599411841507,0.15384615384615385,115298.28104062905
7,-90,-30,10,-100,50,22,0.7272727272727273,2.289320195150213,0.006728412246463831,0.007177487600198207,10.0,0.15298281040629047,5.0321008110882195,3.956226515901402,-0.08139134490017674,61.82599411841507,0.15384615384615385,115298.28104062905
7,-90,-20,10,-100,50,22,0.7272727272727273,2.289320195150213,0.006728412246463831,0.007177487600198207,10.0,0.15298281040629047,5.0321008110882195,3.956226515901402,-0.08139134490017674,61.82599411841507,0.15384615384615385,115298.28104062905
7,-80,-40,3,-100,50,17,0.8823529411764706,3.9809652085541694,0.006742133361861338,0.006029785688339784,26.470588235294116,0.1192833209175852,3.1479407521918725,5.107523942376367,-0.05094373149585807,61.79250439178789,0.09230769230769231,111928.33209175852
7,-80,-30,3,-100,50,17,0.8823529411764706,3.9809652085541694,0.006742133361861338,0.006029785688339784,26.470588235294116,0.1192833209175852,3.1479407521918725,5.107523942376367,-0.05094373149585807,61.79250439178789,0.09230769230769231,111928.33209175852
7,-80,-20,3,-100,50,17,0.8823529411764706,3.9809652085541694,0.006742133361861338,0.006029785688339784,26.470588235294116,0.1192833209175852,3.1479407521918725,5.107523942376367,-0.05094373149585807,61.79250439178789,0.09230769230769231,111928.33209175852
2,-85,-20,3,-100,50,20,0.85,3.5621404462379522,0.006093802250192448,0.006491441214412252,23.2,0.12709969674076338,3.5288392753691573,5.237019182825332,-0.057208639592454036,61.68367750934284,0.11923076923076924,112709.96967407633
2,-80,-30,3,-80,0,45,0.6444444444444445,1.6587299058175806,0.004469637118773985,0.004757608071528141,16.68888888888889,0.20300589579462414,9.31151361872358,2.837483001507454,-0.15195327239638012,61.27879625016488,0.2692307692307692,120300.58957946242
3,-85,-20,7,-50,50,31,0.7096774193548387,1.7696356126159962,0.0060148771743302075,0.006029785688339784,19.193548387096776,0.18316350165676742,7.3586736244811295,2.7231875851709106,-0.12035673720079088,61.14052105122018,0.23653846153846153,118316.35016567673
10,-85,-40,5,-120,0,20,0.65,2.1527433758350867,0.008758696401738448,0.004102493381412553,14.2,0.17305607565634018,6.5006590735306204,2.809729628936384,-0.10725539266462525,60.60915830924606,0.1423076923076923,117305.60756563401
10,-85,-40,5,-120,50,20,0.65,2.1527433758350867,0.008758696401738448,0.004102493381412553,14.2,0.17305607565634018,6.5006590735306204,2.809729628936384,-0.10725539266462525,60.60915830924606,0.1423076923076923,117305.60756563401
10,-85,-30,5,-120,0,20,0.65,2.1527433758350867,0.008758696401738448,0.004102493381412553,14.2,0.17305607565634018,6.5006590735306204,2.809729628936384,-0.10725539266462525,60.60915830924606,0.1423076923076923,117305.60756563401
10,-85,-30,5,-120,50,20,0.65,2.1527433758350867,0.008758696401738448,0.004102493381412553,14.2,0.17305607565634018,6.5006590735306204,2.809729628936384,-0.10725539266462525,60.60915830924606,0.1423076923076923,117305.60756563401
10,-85,-20,5,-120,0,20,0.65,2.1527433758350867,0.008758696401738448,0.004102493381412553,14.2,0.17305607565634018,6.5006590735306204,2.809729628936384,-0.10725539266462525,60.60915830924606,0.1423076923076923,117305.60756563401
10,-85,-20,5,-120,50,20,0.65,2.1527433758350867,0.008758696401738448,0.004102493381412553,14.2,0.17305607565634018,6.5006590735306204,2.809729628936384,-0.10725539266462525,60.60915830924606,0.1423076923076923,117305.60756563401
2,-85,-40,10,-50,0,30,0.6,1.8821325390533135,0.005383214310263873,0.0021909277661787963,9.933333333333334,0.1598581914549866,5.502273781725478,2.6520974522430465,-0.09085604543130843,60.5603485778551,0.16923076923076924,115985.81914549867
3,-90,-20,7,-100,0,23,0.6521739130434783,1.9376628873186015,0.007095923092856666,0.0058291796908001015,10.043478260869565,0.16019847124187447,5.5263974708890595,2.6772743209075878,-0.09137340287505524,60.48146722133028,0.175,116019.84712418745
3,-90,-20,7,-100,50,23,0.6521739130434783,1.9376628873186015,0.007095923092856666,0.0058291796908001015,10.043478260869565,0.16019847124187447,5.5263974708890595,2.6772743209075878,-0.09137340287505524,60.48146722133028,0.175,116019.84712418745
7,-90,-40,10,-100,0,22,0.7272727272727273,2.275598796968405,0.006656806121071274,0.006914792221075494,9.954545454545455,0.1511812747650303,4.914189616269924,3.9155706294578283,-0.08139134490017674,60.37729960473049,0.1519230769230769,115118.12747650304
7,-90,-30,10,-100,0,22,0.7272727272727273,2.275598796968405,0.006656806121071274,0.006914792221075494,9.954545454545455,0.1511812747650303,4.914189616269924,3.9155706294578283,-0.08139134490017674,60.37729960473049,0.1519230769230769,115118.12747650304
7,-90,-20,10,-100,0,22,0.7272727272727273,2.275598796968405,0.006656806121071274,0.006914792221075494,9.954545454545455,0.1511812747650303,4.914189616269924,3.9155706294578283,-0.08139134490017674,60.37729960473049,0.1519230769230769,115118.12747650304
2,-80,-20,3,-80,50,45,0.6888888888888889,1.6651236924266033,0.0046736727667987706,0.0058291796908001015,16.955555555555556,0.2123983824250102,10.37527970935833,2.9225233429532698,-0.17263324683596593,60.100124973127556,0.2923076923076923,121239.83824250102
5,-85,-30,5,-50,50,35,0.7428571428571429,1.7369109407831642,0.0061047884117485995,0.006029785688339784,17.314285714285713,0.20765230388092926,9.825736707399633,2.8700593104611207,-0.16462165361500636,59.68678173029816,0.25769230769230766,120765.23038809292
3,-85,-30,5,-50,50,34,0.7352941176470589,1.7370412114390894,0.006282904821348503,0.0064740021107925205,17.647058823529413,0.20755270279213733,9.814470493504126,2.8708701193603305,-0.16462165361500636,59.61834471944262,0.24615384615384617,120755.27027921374
3,-85,-20,7,-50,0,31,0.7096774193548387,1.761894733820195,0.005954380447808078,0.0058291796908001015,19.129032258064516,0.18095923252036195,7.164197311874769,2.697937161578058,-0.12035673720079088,59.524688675489394,0.2326923076923077,118095.92325203618
2,-90,-40,7,-50,50,29,0.6206896551724138,2.0357001181917234,0.005547755355202274,0.003240121152356279,7.793103448275862,0.16118933866742524,5.59711388936247,2.7474368191860274,-0.09445838167273457,59.25481455689684,0.16538461538461538,116118.93386674253
7,-85,-40,10,-120,0,22,0.6818181818181818,2.225124749442172,0.007565224028423725,0.006086592770803367,13.409090909090908,0.17160958617974398,6.384730003713974,3.690812739786604,-0.10777412948684995,59.241768262141306,0.16346153846153846,117160.9586179744
7,-85,-40,10,-120,50,22,0.6818181818181818,2.225124749442172,0.007565224028423725,0.006086592770803367,13.409090909090908,0.17160958617974398,6.384730003713974,3.690812739786604,-0.10777412948684995,59.241768262141306,0.16346153846153846,117160.9586179744
7,-85,-30,10,-120,0,22,0.6818181818181818,2.225124749442172,0.007565224028423725,0.006086592770803367,13.409090909090908,0.17160958617974398,6.384730003713974,3.690812739786604,-0.10777412948684995,59.241768262141306,0.16346153846153846,117160.9586179744
7,-85,-30,10,-120,50,22,0.6818181818181818,2.225124749442172,0.007565224028423725,0.006086592770803367,13.409090909090908,0.17160958617974398,6.384730003713974,3.690812739786604,-0.10777412948684995,59.241768262141306,0.16346153846153846,117160.9586179744
7,-85,-20,10,-120,0,22,0.6818181818181818,2.225124749442172,0.007565224028423725,0.006086592770803367,13.409090909090908,0.17160958617974398,6.384730003713974,3.690812739786604,-0.10777412948684995,59.241768262141306,0.16346153846153846,117160.9586179744
7,-85,-20,10,-120,50,22,0.6818181818181818,2.225124749442172,0.007565224028423725,0.006086592770803367,13.409090909090908,0.17160958617974398,6.384730003713974,3.690812739786604,-0.10777412948684995,59.241768262141306,0.16346153846153846,117160.9586179744
3,-85,-40,5,-120,0,26,0.6923076923076923,1.9334744234894217,0.006724002178456756,0.005293393881164121,11.576923076923077,0.1717399027645583,6.395106212621388,2.8015944740520644,-0.10877551448972478,58.791780876618944,0.175,117173.99027645584
3,-85,-40,5,-120,50,26,0.6923076923076923,1.9334744234894217,0.006724002178456756,0.005293393881164121,11.576923076923077,0.1717399027645583,6.395106212621388,2.8015944740520644,-0.10877551448972478,58.791780876618944,0.175,117173.99027645584
5,-90,-30,5,-80,50,26,0.6923076923076923,1.8438079260672975,0.007007811223579989,0.005929482689569943,22.192307692307693,0.1792263581153266,7.01424546406742,2.717160871730917,-0.12035673720079088,58.27879375265524,0.20192307692307693,117922.63581153266
3,-85,-30,5,-50,0,34,0.7352941176470589,1.7310882403823586,0.006232158743689353,0.006069136571923428,17.61764705882353,0.20548297239760593,9.58278556519208,2.849112534397643,-0.16462165361500636,58.21096650871295,0.24423076923076922,120548.29723976059
3,-85,-20,5,-50,0,34,0.7352941176470589,1.7310882403823586,0.006232158743689353,0.006069136571923428,17.61764705882353,0.20548297239760593,9.58278556519208,2.849112534397643,-0.16462165361500636,58.21096650871295,0.24423076923076922,120548.29723976059
5,-85,-30,5,-50,0,35,0.7428571428571429,1.728814203284367,0.00603771264109564,0.0058291796908001015,17.257142857142856,0.20484171120487704,9.51193584937942,2.840517312772858,-0.16462165361500636,57.78058742882378,0.25384615384615383,120484.1711204877
5,-90,-30,5,-80,0,26,0.6923076923076923,1.8409260359162287,0.006983877172332202,0.005929482689569943,22.153846153846153,0.1785018593034431,6.952307138772884,2.7086292475336395,-0.12035673720079088,57.764170917780575,0.2,117850.18593034432
5,-90,-20,5,-80,0,26,0.6923076923076923,1.8409260359162287,0.006983877172332202,0.005929482689569943,22.153846153846153,0.1785018593034431,6.952307138772884,2.7086292475336395,-0.12035673720079088,57.764170917780575,0.2,117850.18593034432
10,-80,-40,10,-120,0,23,0.6956521739130435,2.208579089711124,0.007138572929027121,0.005296697839940467,12.91304347826087,0.16905140676532437,6.18373492630743,3.635362236622167,-0.10777412948685006,57.37680235275695,0.1673076923076923,116905.14067653244
10,-80,-40,10,-120,50,23,0.6956521739130435,2.208579089711124,0.007138572929027121,0.005296697839940467,12.91304347826087,0.16905140676532437,6.18373492630743,3.635362236622167,-0.10777412948685006,57.37680235275695,0.1673076923076923,116905.14067653244
10,-80,-30,10,-120,0,23,0.6956521739130435,2.208579089711124,0.007138572929027121,0.005296697839940467,12.91304347826087,0.16905140676532437,6.18373492630743,3.635362236622167,-0.10777412948685006,57.37680235275695,0.1673076923076923,116905.14067653244
10,-80,-30,10,-120,50,23,0.6956521739130435,2.208579089711124,0.007138572929027121,0.005296697839940467,12.91304347826087,0.16905140676532437,6.18373492630743,3.635362236622167,-0.10777412948685006,57.37680235275695,0.1673076923076923,116905.14067653244
10,-80,-20,10,-120,0,23,0.6956521739130435,2.208579089711124,0.007138572929027121,0.005296697839940467,12.91304347826087,0.16905140676532437,6.18373492630743,3.635362236622167,-0.10777412948685006,57.37680235275695,0.1673076923076923,116905.14067653244
10,-80,-20,10,-120,50,23,0.6956521739130435,2.208579089711124,0.007138572929027121,0.005296697839940467,12.91304347826087,0.16905140676532437,6.18373492630743,3.635362236622167,-0.10777412948685006,57.37680235275695,0.1673076923076923,116905.14067653244
5,-95,-20,7,-100,0,18,0.6666666666666666,2.0753024499529715,0.00945454151574715,0.006914792221075494,11.944444444444445,0.1684867409126447,6.1400535904520295,2.8402121225478356,-0.10752807733078962,57.10186346551446,0.14423076923076922,116848.67409126446
5,-95,-20,7,-100,50,18,0.6666666666666666,2.0753024499529715,0.00945454151574715,0.006914792221075494,11.944444444444445,0.1684867409126447,6.1400535904520295,2.8402121225478356,-0.10752807733078962,57.10186346551446,0.14423076923076922,116848.67409126446
3,-85,-30,7,-50,50,31,0.7096774193548387,1.7480874617666344,0.005846473479687872,0.006029785688339784,19.129032258064516,0.17709275879053732,6.833101833357271,2.6536380711549588,-0.12035673720079088,56.773737742305386,0.2326923076923077,117709.27587905373
2,-85,-20,7,-100,0,25,0.68,1.9165277834408647,0.006925976911163074,0.0058291796908001015,12.28,0.16978330034385936,6.240718813009809,2.7386742327642994,-0.11004646403799934,56.70985312944605,0.18653846153846154,116978.33003438593
2,-85,-20,7,-100,50,25,0.68,1.9165277834408647,0.006925976911163074,0.0058291796908001015,12.28,0.16978330034385936,6.240718813009809,2.7386742327642994,-0.11004646403799934,56.70985312944605,0.18653846153846154,116978.33003438593
2,-90,-40,7,-50,0,29,0.6206896551724138,2.0236271989364814,0.005483086440644137,0.003240121152356279,7.724137931034483,0.1590260080565986,5.443622744632354,2.7177826585397686,-0.09614543290294397,56.618630550319885,0.16153846153846155,115902.60080565985
2,-85,-20,5,-120,50,23,0.6956521739130435,2.0252029112158483,0.0075028584205861296,0.004757608071528141,13.08695652173913,0.16941621670342077,6.212086536180053,2.7501057003944154,-0.11004646403799945,56.4496696053314,0.175,116941.62167034208
2,-90,-40,7,-80,50,25,0.64,2.220684882648547,0.00616716073788576,0.003240121152356279,8.6,0.15425982231703927,5.116988539835446,2.7264912649468007,-0.09085363413215375,56.321231271744,0.14423076923076922,115425.98223170392
2,-85,-20,7,-80,50,27,0.7037037037037037,1.9120123701709972,0.006381347254099372,0.0058291796908001015,11.777777777777779,0.16889889372554379,6.171912654937561,2.7202903946255046,-0.11004646403799923,56.08460670582191,0.2076923076923077,116889.88937255439
3,-90,-30,7,-100,0,23,0.6521739130434783,1.9076696530095094,0.0068689442000778676,0.0058291796908001015,9.956521739130435,0.15424556060624361,5.116034468041897,2.5979867440205986,-0.09137340287505524,55.990411947748136,0.17115384615384616,115424.55606062437
3,-90,-30,7,-100,50,23,0.6521739130434783,1.9076696530095094,0.0068689442000778676,0.0058291796908001015,9.956521739130435,0.15424556060624361,5.116034468041897,2.5979867440205986,-0.09137340287505524,55.990411947748136,0.17115384615384616,115424.55606062437
2,-90,-30,5,-80,50,26,0.6923076923076923,2.1311522792637136,0.006297250706037478,0.006015473601735932,8.692307692307692,0.16341348482273155,5.758423962383374,2.8202239021196225,-0.10325688669542332,55.7679409739419,0.16538461538461538,116341.34848227316
3,-85,-30,7,-50,0,31,0.7096774193548387,1.7403465829708331,0.005785976753165744,0.0058291796908001015,19.06451612903226,0.17489979963040847,6.650853688584662,2.6283838612369252,-0.12035673720079088,55.25950472958616,0.22884615384615384,117489.97996304084
7,-80,-40,3,-80,0,38,0.6842105263157895,1.7331676937293017,0.005439465696109687,0.004774303233063937,19.157894736842106,0.20447937641207847,9.4720966758814,2.9348715816908557,-0.17263324683596581,54.868322582623264,0.2230769230769231,120447.93764120784
7,-80,-30,3,-80,0,38,0.6842105263157895,1.7331676937293017,0.005439465696109687,0.004774303233063937,19.157894736842106,0.20447937641207847,9.4720966758814,2.9348715816908557,-0.17263324683596581,54.868322582623264,0.2230769230769231,120447.93764120784
10,-90,-40,3,-80,0,23,0.6086956521739131,1.9511861885719433,0.006431662213406847,0.004763512246352297,12.130434782608695,0.1446375158098845,4.503523255067104,2.5304513538207214,-0.08220791078308853,54.78211539702028,0.1326923076923077,114463.75158098845
10,-90,-40,3,-80,50,23,0.6086956521739131,1.9511861885719433,0.006431662213406847,0.004763512246352297,12.130434782608695,0.1446375158098845,4.503523255067104,2.5304513538207214,-0.08220791078308853,54.78211539702028,0.1326923076923077,114463.75158098845
10,-90,-30,3,-80,0,23,0.6086956521739131,1.9511861885719433,0.006431662213406847,0.004763512246352297,12.130434782608695,0.1446375158098845,4.503523255067104,2.5304513538207214,-0.08220791078308853,54.78211539702028,0.1326923076923077,114463.75158098845
10,-90,-30,3,-80,50,23,0.6086956521739131,1.9511861885719433,0.006431662213406847,0.004763512246352297,12.130434782608695,0.1446375158098845,4.503523255067104,2.5304513538207214,-0.08220791078308853,54.78211539702028,0.1326923076923077,114463.75158098845
10,-90,-20,3,-80,0,23,0.6086956521739131,1.9511861885719433,0.006431662213406847,0.004763512246352297,12.130434782608695,0.1446375158098845,4.503523255067104,2.5304513538207214,-0.08220791078308853,54.78211539702028,0.1326923076923077,114463.75158098845
10,-90,-20,3,-80,50,23,0.6086956521739131,1.9511861885719433,0.006431662213406847,0.004763512246352297,12.130434782608695,0.1446375158098845,4.503523255067104,2.5304513538207214,-0.08220791078308853,54.78211539702028,0.1326923076923077,114463.75158098845
2,-85,-20,7,-80,0,27,0.7037037037037037,1.9020853671061329,0.006311888049573965,0.004763512246352297,11.703703703703704,0.16672119998211032,6.005048007491391,2.6925587141352545,-0.11004646403799934,54.56829585562905,0.20384615384615384,116672.11999821103
10,-90,-40,3,-100,0,11,0.8181818181818182,3.7495425880703066,0.005521211704327137,0.006953096740484721,15.272727272727273,0.061917845207649425,1.1349071965159094,5.16748358799559,-0.02085063166830403,54.43035081959326,0.05384615384615385,106191.78452076495
10,-90,-40,3,-100,50,11,0.8181818181818182,3.7495425880703066,0.005521211704327137,0.006953096740484721,15.272727272727273,0.061917845207649425,1.1349071965159094,5.16748358799559,-0.02085063166830403,54.43035081959326,0.05384615384615385,106191.78452076495
10,-90,-30,3,-100,0,11,0.8181818181818182,3.7495425880703066,0.005521211704327137,0.006953096740484721,15.272727272727273,0.061917845207649425,1.1349071965159094,5.16748358799559,-0.02085063166830403,54.43035081959326,0.05384615384615385,106191.78452076495
10,-90,-30,3,-100,50,11,0.8181818181818182,3.7495425880703066,0.005521211704327137,0.006953096740484721,15.272727272727273,0.061917845207649425,1.1349071965159094,5.16748358799559,-0.02085063166830403,54.43035081959326,0.05384615384615385,106191.78452076495
10,-90,-20,3,-100,0,11,0.8181818181818182,3.7495425880703066,0.005521211704327137,0.006953096740484721,15.272727272727273,0.061917845207649425,1.1349071965159094,5.16748358799559,-0.02085063166830403,54.43035081959326,0.05384615384615385,106191.78452076495
10,-90,-20,3,-100,50,11,0.8181818181818182,3.7495425880703066,0.005521211704327137,0.006953096740484721,15.272727272727273,0.061917845207649425,1.1349071965159094,5.16748358799559,-0.02085063166830403,54.43035081959326,0.05384615384615385,106191.78452076495
10,-90,-40,10,-100,50,22,0.6818181818181818,2.181075610485396,0.006325379185332502,0.007177487600198207,10.0,0.142846667267714,4.395804101153437,3.715623291354686,-0.08139134490017674,54.008249974794204,0.15384615384615385,114284.66672677141
10,-90,-30,10,-100,50,22,0.6818181818181818,2.181075610485396,0.006325379185332502,0.007177487600198207,10.0,0.142846667267714,4.395804101153437,3.715623291354686,-0.08139134490017674,54.008249974794204,0.15384615384615385,114284.66672677141
10,-90,-20,10,-100,50,22,0.6818181818181818,2.181075610485396,0.006325379185332502,0.007177487600198207,10.0,0.142846667267714,4.395804101153437,3.715623291354686,-0.08139134490017674,54.008249974794204,0.15384615384615385,114284.66672677141
2,-90,-40,7,-80,0,25,0.64,2.2058367493030966,0.00609214479699832,0.003240121152356279,8.52,0.1521094016032809,4.974668187477379,2.695666222430378,-0.09254740111528903,53.75265137137982,0.14038461538461539,115210.94016032809
3,-85,-40,3,-100,50,19,0.8421052631578947,3.3519860252067453,0.005888389860196709,0.006029785688339784,24.263157894736842,0.11595658316593394,2.9949625846155814,4.972870625314076,-0.0558622319372144,53.61337133793238,0.11346153846153846,111595.6583165934
3,-85,-30,3,-100,50,19,0.8421052631578947,3.3519860252067453,0.005888389860196709,0.006029785688339784,24.263157894736842,0.11595658316593394,2.9949625846155814,4.972870625314076,-0.0558622319372144,53.61337133793238,0.11346153846153846,111595.6583165934
3,-85,-20,3,-100,50,19,0.8421052631578947,3.3519860252067453,0.005888389860196709,0.006029785688339784,24.263157894736842,0.11595658316593394,2.9949625846155814,4.972870625314076,-0.0558622319372144,53.61337133793238,0.11346153846153846,111595.6583165934
2,-90,-30,5,-80,0,26,0.6923076923076923,2.11923222753753,0.0062308904506370505,0.005457352821629624,8.653846153846153,0.1614194085017746,5.613634166880416,2.792375154681055,-0.10479389329844924,53.56833294563251,0.16346153846153846,116141.94085017746
10,-90,-40,10,-80,50,23,0.6956521739130435,2.175561464723835,0.00602211507325927,0.006953096740484721,9.782608695652174,0.142167968787984,4.355490355173768,3.6765125960424956,-0.08139134490017674,53.5129424451163,0.16346153846153846,114216.7968787984
10,-90,-30,10,-80,50,23,0.6956521739130435,2.175561464723835,0.00602211507325927,0.006953096740484721,9.782608695652174,0.142167968787984,4.355490355173768,3.6765125960424956,-0.08139134490017674,53.5129424451163,0.16346153846153846,114216.7968787984
10,-90,-20,10,-80,50,23,0.6956521739130435,2.175561464723835,0.00602211507325927,0.006953096740484721,9.782608695652174,0.142167968787984,4.355490355173768,3.6765125960424956,-0.08139134490017674,53.5129424451163,0.16346153846153846,114216.7968787984
10,-90,-40,5,-100,0,19,0.631578947368421,2.019045250129494,0.008193755084052652,0.0058291796908001015,14.894736842105264,0.15214181741957877,4.976790721134487,2.598557142893477,-0.0930735879412673,53.47156837098637,0.14038461538461539,115214.18174195789
10,-90,-40,5,-100,50,19,0.631578947368421,2.019045250129494,0.008193755084052652,0.0058291796908001015,14.894736842105264,0.15214181741957877,4.976790721134487,2.598557142893477,-0.0930735879412673,53.47156837098637,0.14038461538461539,115214.18174195789
10,-90,-30,5,-100,0,19,0.631578947368421,2.019045250129494,0.008193755084052652,0.0058291796908001015,14.894736842105264,0.15214181741957877,4.976790721134487,2.598557142893477,-0.0930735879412673,53.47156837098637,0.14038461538461539,115214.18174195789
10,-90,-30,5,-100,50,19,0.631578947368421,2.019045250129494,0.008193755084052652,0.0058291796908001015,14.894736842105264,0.15214181741957877,4.976790721134487,2.598557142893477,-0.0930735879412673,53.47156837098637,0.14038461538461539,115214.18174195789
10,-90,-20,5,-100,0,19,0.631578947368421,2.019045250129494,0.008193755084052652,0.0058291796908001015,14.894736842105264,0.15214181741957877,4.976790721134487,2.598557142893477,-0.0930735879412673,53.47156837098637,0.14038461538461539,115214.18174195789
10,-90,-20,5,-100,50,19,0.631578947368421,2.019045250129494,0.008193755084052652,0.0058291796908001015,14.894736842105264,0.15214181741957877,4.976790721134487,2.598557142893477,-0.0930735879412673,53.47156837098637,0.14038461538461539,115214.18174195789
5,-95,-40,7,-100,0,18,0.6666666666666666,2.046248293413196,0.00919908433788771,0.006914792221075494,11.88888888888889,0.16320595977092878,5.743220650720397,2.7686191621757414,-0.10752807733078962,53.41135816138955,0.1423076923076923,116320.59597709287
5,-95,-40,7,-100,50,18,0.6666666666666666,2.046248293413196,0.00919908433788771,0.006914792221075494,11.88888888888889,0.16320595977092878,5.743220650720397,2.7686191621757414,-0.10752807733078962,53.41135816138955,0.1423076923076923,116320.59597709287
5,-95,-30,7,-100,0,18,0.6666666666666666,2.046248293413196,0.00919908433788771,0.006914792221075494,11.88888888888889,0.16320595977092878,5.743220650720397,2.7686191621757414,-0.10752807733078962,53.41135816138955,0.1423076923076923,116320.59597709287
5,-95,-30,7,-100,50,18,0.6666666666666666,2.046248293413196,0.00919908433788771,0.006914792221075494,11.88888888888889,0.16320595977092878,5.743220650720397,2.7686191621757414,-0.10752807733078962,53.41135816138955,0.1423076923076923,116320.59597709287
7,-90,-40,10,-80,50,23,0.7391304347826086,2.13728311658976,0.006018023508855781,0.006876487701666267,9.826086956521738,0.14178585311569702,4.3329154282025275,3.6705563880535075,-0.08139134490017674,53.23557969851311,0.16538461538461538,114178.5853115697
7,-90,-30,10,-80,50,23,0.7391304347826086,2.13728311658976,0.006018023508855781,0.006876487701666267,9.826086956521738,0.14178585311569702,4.3329154282025275,3.6705563880535075,-0.08139134490017674,53.23557969851311,0.16538461538461538,114178.5853115697
7,-90,-20,10,-80,50,23,0.7391304347826086,2.13728311658976,0.006018023508855781,0.006876487701666267,9.826086956521738,0.14178585311569702,4.3329154282025275,3.6705563880535075,-0.08139134490017674,53.23557969851311,0.16538461538461538,114178.5853115697
7,-90,-40,3,-50,0,26,0.6923076923076923,1.8661883968754351,0.005814611696096701,0.005296345968576199,11.115384615384615,0.1478199096955386,4.699842796211265,2.554957401796542,-0.0887687755987775,52.94477438163505,0.1519230769230769,114781.99096955385
7,-90,-30,3,-50,0,26,0.6923076923076923,1.8661883968754351,0.005814611696096701,0.005296345968576199,11.115384615384615,0.1478199096955386,4.699842796211265,2.554957401796542,-0.0887687755987775,52.94477438163505,0.1519230769230769,114781.99096955385
7,-90,-20,3,-50,0,26,0.6923076923076923,1.8661883968754351,0.005814611696096701,0.005296345968576199,11.115384615384615,0.1478199096955386,4.699842796211265,2.554957401796542,-0.0887687755987775,52.94477438163505,0.1519230769230769,114781.99096955385
5,-80,-40,3,-100,0,18,0.8888888888888888,3.7396932035858623,0.005852194883326254,0.005929482689569943,25.055555555555557,0.10909223384667066,2.6955941434681607,4.753530645380139,-0.05094373149585818,52.913166435154395,0.09423076923076923,110909.22338466707
5,-80,-30,3,-100,0,18,0.8888888888888888,3.7396932035858623,0.005852194883326254,0.005929482689569943,25.055555555555557,0.10909223384667066,2.6955941434681607,4.753530645380139,-0.05094373149585818,52.913166435154395,0.09423076923076923,110909.22338466707
5,-80,-20,3,-100,0,18,0.8888888888888888,3.7396932035858623,0.005852194883326254,0.005929482689569943,25.055555555555557,0.10909223384667066,2.6955941434681607,4.753530645380139,-0.05094373149585818,52.913166435154395,0.09423076923076923,110909.22338466707
2,-90,-30,5,-120,0,19,0.7368421052631579,2.492635317376822,0.008103972505827681,0.005145138995545917,10.526315789473685,0.15301148125743658,5.033994704984219,2.7719826985633356,-0.09528012728431845,52.83362699508833,0.11538461538461539,115301.14812574367
2,-90,-30,5,-120,50,19,0.7368421052631579,2.492635317376822,0.008103972505827681,0.005145138995545917,10.526315789473685,0.15301148125743658,5.033994704984219,2.7719826985633356,-0.09528012728431845,52.83362699508833,0.11538461538461539,115301.14812574367
5,-90,-20,7,-50,0,27,0.7037037037037037,1.8066570114188885,0.006451152236444365,0.006029785688339784,21.48148148148148,0.17125352751019718,6.356447826669993,2.6606294798506656,-0.12035673720079088,52.81339436832311,0.2076923076923077,117125.35275101972
5,-90,-20,7,-50,50,27,0.7037037037037037,1.8066570114188885,0.006451152236444365,0.006029785688339784,21.48148148148148,0.17125352751019718,6.356447826669993,2.6606294798506656,-0.12035673720079088,52.81339436832311,0.2076923076923077,117125.35275101972
10,-90,-40,10,-100,0,22,0.6818181818181818,2.167705305593854,0.006253773059939945,0.006914792221075494,9.954545454545455,0.1410609693501086,4.290330779586482,3.675085293972211,-0.08139134490017674,52.71237113538795,0.1519230769230769,114106.09693501085
10,-90,-30,10,-100,0,22,0.6818181818181818,2.167705305593854,0.006253773059939945,0.006914792221075494,9.954545454545455,0.1410609693501086,4.290330779586482,3.675085293972211,-0.08139134490017674,52.71237113538795,0.1519230769230769,114106.09693501085
10,-90,-20,10,-100,0,22,0.6818181818181818,2.167705305593854,0.006253773059939945,0.006914792221075494,9.954545454545455,0.1410609693501086,4.290330779586482,3.675085293972211,-0.08139134490017674,52.71237113538795,0.1519230769230769,114106.09693501085
5,-90,-20,5,-100,50,25,0.68,1.8214632975030687,0.007009071795125998,0.0058291796908001015,22.96,0.17109131569875036,6.343596241493931,2.6221645389621657,-0.12035673720079099,52.70661525919333,0.19615384615384615,117109.13156987504
2,-85,-20,5,-120,0,23,0.6956521739130435,1.9941881420949354,0.0072758795278073315,0.004757608071528141,13.0,0.1634160103538631,5.758609177349024,2.672805759877799,-0.11004646403799945,52.328888780656825,0.17115384615384616,116341.60103538631
10,-90,-40,10,-80,0,23,0.6956521739130435,2.162191159832293,0.0059536222576663895,0.006876487701666267,9.73913043478261,0.14038333133675307,4.250805057896343,3.6362697848526677,-0.08139134490017674,52.22674552324682,0.16153846153846155,114038.33313367532
10,-90,-30,10,-80,0,23,0.6956521739130435,2.162191159832293,0.0059536222576663895,0.006876487701666267,9.73913043478261,0.14038333133675307,4.250805057896343,3.6362697848526677,-0.08139134490017674,52.22674552324682,0.16153846153846155,114038.33313367532
10,-90,-20,10,-80,0,23,0.6956521739130435,2.162191159832293,0.0059536222576663895,0.006876487701666267,9.73913043478261,0.14038333133675307,4.250805057896343,3.6362697848526677,-0.08139134490017674,52.22674552324682,0.16153846153846155,114038.33313367532
5,-85,-30,7,-50,50,32,0.71875,1.7236457737486708,0.005481380272398018,0.005293393881164121,18.75,0.17030321036311835,6.28145057252137,2.572859430002508,-0.12035673720079088,52.1902696817216,0.24615384615384617,117030.32103631183
7,-90,-40,10,-80,0,23,0.7391304347826086,2.1243393780571918,0.005949530693262901,0.006638910768538286,9.782608695652174,0.1400018127202034,4.228671409460599,3.6302794764855597,-0.08139134490017674,51.95480446535067,0.16346153846153846,114000.18127202035
7,-90,-30,10,-80,0,23,0.7391304347826086,2.1243393780571918,0.005949530693262901,0.006638910768538286,9.782608695652174,0.1400018127202034,4.228671409460599,3.6302794764855597,-0.08139134490017674,51.95480446535067,0.16346153846153846,114000.18127202035
7,-90,-20,10,-80,0,23,0.7391304347826086,2.1243393780571918,0.005949530693262901,0.006638910768538286,9.782608695652174,0.1400018127202034,4.228671409460599,3.6302794764855597,-0.08139134490017674,51.95480446535067,0.16346153846153846,114000.18127202035
2,-90,-30,10,-50,50,25,0.64,2.041606652337456,0.006500161145471677,0.003240121152356279,8.84,0.1615417332190412,5.622433255945227,2.741191308056506,-0.10850172330508712,51.818838306705665,0.15576923076923077,116154.17332190412
5,-85,-30,7,-50,0,32,0.71875,1.7159086474043932,0.005422774068579706,0.004760560158940219,18.6875,0.16812290033561395,6.112037371170632,2.5476399603844824,-0.12035673720079088,50.78267750789832,0.2423076923076923,116812.2900335614
10,-85,-40,10,-100,50,24,0.6666666666666666,2.135681536557581,0.006605592295543042,0.005027152955734304,12.541666666666666,0.16230989991199873,5.6779360442242615,3.434797992167192,-0.11233641437120323,50.54403842250253,0.175,116230.98999119988
10,-85,-30,10,-100,50,24,0.6666666666666666,2.135681536557581,0.006605592295543042,0.005027152955734304,12.541666666666666,0.16230989991199873,5.6779360442242615,3.434797992167192,-0.11233641437120323,50.54403842250253,0.175,116230.98999119988
10,-85,-20,10,-100,50,24,0.6666666666666666,2.135681536557581,0.006605592295543042,0.005027152955734304,12.541666666666666,0.16230989991199873,5.6779360442242615,3.434797992167192,-0.11233641437120323,50.54403842250253,0.175,116230.98999119988
7,-95,-40,5,-80,0,16,0.6875,2.037527795284964,0.009897384343684187,0.006914792221075494,12.875,0.15494472957424632,5.162968726770538,2.66292400041011,-0.10247157918535488,50.38439699881608,0.12692307692307692,115494.47295742463
7,-95,-40,5,-80,50,16,0.6875,2.037527795284964,0.009897384343684187,0.006914792221075494,12.875,0.15494472957424632,5.162968726770538,2.66292400041011,-0.10247157918535488,50.38439699881608,0.12692307692307692,115494.47295742463
7,-95,-30,5,-80,0,16,0.6875,2.037527795284964,0.009897384343684187,0.006914792221075494,12.875,0.15494472957424632,5.162968726770538,2.66292400041011,-0.10247157918535488,50.38439699881608,0.12692307692307692,115494.47295742463
7,-95,-30,5,-80,50,16,0.6875,2.037527795284964,0.009897384343684187,0.006914792221075494,12.875,0.15494472957424632,5.162968726770538,2.66292400041011,-0.10247157918535488,50.38439699881608,0.12692307692307692,115494.47295742463
7,-95,-20,5,-80,0,16,0.6875,2.037527795284964,0.009897384343684187,0.006914792221075494,12.875,0.15494472957424632,5.162968726770538,2.66292400041011,-0.10247157918535488,50.38439699881608,0.12692307692307692,115494.47295742463
7,-95,-20,5,-80,50,16,0.6875,2.037527795284964,0.009897384343684187,0.006914792221075494,12.875,0.15494472957424632,5.162968726770538,2.66292400041011,-0.10247157918535488,50.38439699881608,0.12692307692307692,115494.47295742463
3,-95,-40,5,-120,0,16,0.75,2.4916709161549706,0.009215210203996814,0.006069136571923428,12.4375,0.14558229144278645,4.561145818677182,2.677196358468053,-0.09115546487815018,50.03699805353613,0.11346153846153846,114558.22914427864
3,-95,-40,5,-120,50,16,0.75,2.4916709161549706,0.009215210203996814,0.006069136571923428,12.4375,0.14558229144278645,4.561145818677182,2.677196358468053,-0.09115546487815018,50.03699805353613,0.11346153846153846,114558.22914427864
2,-90,-30,10,-50,0,25,0.64,2.0315091847360747,0.006437147755126227,0.003240121152356279,8.8,0.1597268242608867,5.492982664473466,2.7164501108817167,-0.10989468936242286,49.98405925110813,0.15384615384615385,115972.68242608866
3,-95,-40,3,-50,50,26,0.6923076923076923,1.7733688824524017,0.00678843160706641,0.006914792221075494,21.576923076923077,0.17079283971772696,6.320002831414143,2.625396974517931,-0.12666181023492995,49.8966722462905,0.17115384615384616,117079.2839717727
3,-85,-40,3,-80,50,41,0.6585365853658537,1.6608130494560165,0.004559981137747939,0.003961495742317744,16.4390243902439,0.18627054789507347,7.640049264506587,2.716286881468815,-0.15332643053613837,49.82865144510007,0.25576923076923075,118627.05478950735
10,-85,-40,10,-100,0,24,0.6666666666666666,2.1243964105156685,0.006539953347266532,0.005027152955734304,12.5,0.16049379069338587,5.547400523921411,3.4022697862048137,-0.11223740014342032,49.42559714349028,0.17307692307692307,116049.3790693386
10,-85,-30,10,-100,0,24,0.6666666666666666,2.1243964105156685,0.006539953347266532,0.005027152955734304,12.5,0.16049379069338587,5.547400523921411,3.4022697862048137,-0.11223740014342032,49.42559714349028,0.17307692307692307,116049.3790693386
10,-85,-20,10,-100,0,24,0.6666666666666666,2.1243964105156685,0.006539953347266532,0.005027152955734304,12.5,0.16049379069338587,5.547400523921411,3.4022697862048137,-0.11223740014342032,49.42559714349028,0.17307692307692307,116049.3790693386
5,-90,-30,7,-50,0,27,0.7037037037037037,1.7853619707724055,0.006280847451204739,0.006029785688339784,21.444444444444443,0.16596024233743334,5.947588035905455,2.59671213707881,-0.12035673720079088,49.41632827735358,0.20576923076923076,116596.02423374333
5,-90,-30,7,-50,50,27,0.7037037037037037,1.7853619707724055,0.006280847451204739,0.006029785688339784,21.444444444444443,0.16596024233743334,5.947588035905455,2.59671213707881,-0.12035673720079088,49.41632827735358,0.20576923076923076,116596.02423374333
3,-85,-40,3,-50,0,42,0.6666666666666666,1.6610096606427,0.004431198944966249,0.004760560158940219,17.642857142857142,0.18551212955687624,7.5705732816557205,2.6850710298748477,-0.15332643053613815,49.3755268102415,0.25,118551.21295568762
5,-90,-30,5,-100,50,25,0.68,1.7999067968255265,0.006825142627067202,0.0058291796908001015,22.92,0.16579876361524182,5.93545072160439,2.559524170900076,-0.12035673720079099,49.315483783033145,0.19423076923076923,116579.87636152419
5,-90,-30,5,-100,0,25,0.68,1.7969895228918713,0.006800251213769504,0.0058291796908001015,22.88,0.16508251451402223,5.88184989233294,2.5509875761022567,-0.12035673720079099,48.870134145629564,0.19230769230769232,116508.25145140223
5,-90,-20,5,-100,0,25,0.68,1.7969895228918713,0.006800251213769504,0.0058291796908001015,22.88,0.16508251451402223,5.88184989233294,2.5509875761022567,-0.12035673720079099,48.870134145629564,0.19230769230769232,116508.25145140223
2,-85,-40,7,-80,50,29,0.5862068965517241,1.7943510404044622,0.004764729996523385,0.0023654642223536193,10.275862068965518,0.1338898627797971,3.885599213556598,2.33621431802516,-0.08097371893608096,47.98593005989774,0.16923076923076924,113388.98627797971
2,-80,-40,3,-100,50,22,0.8181818181818182,2.8673239133318478,0.004852097042676862,0.0053966489673460405,21.09090909090909,0.1101735247042821,2.741337507180694,4.599585331752762,-0.05720863959245437,47.918243235804326,0.11923076923076924,111017.35247042822
3,-95,-40,10,-50,0,21,0.6666666666666666,1.9773971694472883,0.007379162787197609,0.0058291796908001015,10.333333333333334,0.15157503815909434,4.939778832593715,2.6127657305632392,-0.10321372317496258,47.85970974247346,0.14807692307692308,115157.50381590943
3,-95,-40,10,-50,50,21,0.6666666666666666,1.9773971694472883,0.007379162787197609,0.0058291796908001015,10.333333333333334,0.15157503815909434,4.939778832593715,2.6127657305632392,-0.10321372317496258,47.85970974247346,0.14807692307692308,115157.50381590943
5,-80,-20,10,-100,50,26,0.6923076923076923,1.8968694273851592,0.006092323599531328,0.00439715899022175,11.807692307692308,0.1596133066780987,5.4849638318675416,3.3973559372025535,-0.11467822031851616,47.82916770624081,0.18653846153846154,115961.33066780986
3,-90,-40,3,-50,50,35,0.6857142857142857,1.732210100282205,0.005339051245097466,0.0058291796908001015,16.742857142857144,0.18268096029864167,7.315739314992541,2.7219873670821135,-0.15332643053613837,47.71349133617412,0.21923076923076923,118268.09602986416
3,-85,-40,7,-80,0,29,0.6896551724137931,1.7731682638193822,0.005542245515515601,0.004763512246352297,10.827586206896552,0.15534081180051462,5.189704114733102,2.567638756277,-0.10877551448972522,47.71022356527961,0.2,115534.08118005146
3,-85,-40,7,-80,50,29,0.6896551724137931,1.7731682638193822,0.005542245515515601,0.004763512246352297,10.827586206896552,0.15534081180051462,5.189704114733102,2.567638756277,-0.10877551448972522,47.71022356527961,0.2,115534.08118005146
10,-95,-40,5,-80,0,13,0.6153846153846154,2.0656970707180835,0.011175816657609548,0.006876487701666267,14.846153846153847,0.14048798189743072,4.256891377814991,2.476123144355915,-0.09060295548107844,46.984023371114006,0.10192307692307692,114048.79818974307
10,-95,-40,5,-80,50,13,0.6153846153846154,2.0656970707180835,0.011175816657609548,0.006876487701666267,14.846153846153847,0.14048798189743072,4.256891377814991,2.476123144355915,-0.09060295548107844,46.984023371114006,0.10192307692307692,114048.79818974307
10,-95,-30,5,-80,0,13,0.6153846153846154,2.0656970707180835,0.011175816657609548,0.006876487701666267,14.846153846153847,0.14048798189743072,4.256891377814991,2.476123144355915,-0.09060295548107844,46.984023371114006,0.10192307692307692,114048.79818974307
10,-95,-30,5,-80,50,13,0.6153846153846154,2.0656970707180835,0.011175816657609548,0.006876487701666267,14.846153846153847,0.14048798189743072,4.256891377814991,2.476123144355915,-0.09060295548107844,46.984023371114006,0.10192307692307692,114048.79818974307
10,-95,-20,5,-80,0,13,0.6153846153846154,2.0656970707180835,0.011175816657609548,0.006876487701666267,14.846153846153847,0.14048798189743072,4.256891377814991,2.476123144355915,-0.09060295548107844,46.984023371114006,0.10192307692307692,114048.79818974307
10,-95,-20,5,-80,50,13,0.6153846153846154,2.0656970707180835,0.011175816657609548,0.006876487701666267,14.846153846153847,0.14048798189743072,4.256891377814991,2.476123144355915,-0.09060295548107844,46.984023371114006,0.10192307692307692,114048.79818974307
3,-80,-40,3,-100,0,22,0.8181818181818182,2.955134911949986,0.0047277147005613,0.005296345968576199,21.227272727272727,0.10726982808769137,2.6196621245869123,4.498158040084746,-0.055862231937214624,46.895049369513835,0.125,110726.98280876913
3,-80,-30,3,-100,0,22,0.8181818181818182,2.955134911949986,0.0047277147005613,0.005296345968576199,21.227272727272727,0.10726982808769137,2.6196621245869123,4.498158040084746,-0.055862231937214624,46.895049369513835,0.125,110726.98280876913
3,-80,-20,3,-100,0,22,0.8181818181818182,2.955134911949986,0.0047277147005613,0.005296345968576199,21.227272727272727,0.10726982808769137,2.6196621245869123,4.498158040084746,-0.055862231937214624,46.895049369513835,0.125,110726.98280876913
2,-90,-40,10,-50,50,26,0.6153846153846154,2.0254957693360267,0.005573269877005545,0.0021909277661787963,8.346153846153847,0.14326591371163966,4.420846176744154,2.507989886627512,-0.0943521610632384,46.85474213760864,0.14807692307692308,114326.59137116396
5,-80,-40,10,-100,0,26,0.6923076923076923,1.8879498194692697,0.0060317338011222415,0.00439715899022175,11.76923076923077,0.15780141088641386,5.358200394432389,3.3647018518617857,-0.11457946730693169,46.764053982543125,0.18461538461538463,115780.14108864138
5,-80,-40,10,-100,50,26,0.6923076923076923,1.8879498194692697,0.0060317338011222415,0.00439715899022175,11.76923076923077,0.15780141088641386,5.358200394432389,3.3647018518617857,-0.11457946730693169,46.764053982543125,0.18461538461538463,115780.14108864138
5,-80,-30,10,-100,0,26,0.6923076923076923,1.8879498194692697,0.0060317338011222415,0.00439715899022175,11.76923076923077,0.15780141088641386,5.358200394432389,3.3647018518617857,-0.11457946730693169,46.764053982543125,0.18461538461538463,115780.14108864138
5,-80,-30,10,-100,50,26,0.6923076923076923,1.8879498194692697,0.0060317338011222415,0.00439715899022175,11.76923076923077,0.15780141088641386,5.358200394432389,3.3647018518617857,-0.11457946730693169,46.764053982543125,0.18461538461538463,115780.14108864138
5,-80,-20,10,-100,0,26,0.6923076923076923,1.8879498194692697,0.0060317338011222415,0.00439715899022175,11.76923076923077,0.15780141088641386,5.358200394432389,3.3647018518617857,-0.11457946730693169,46.764053982543125,0.18461538461538463,115780.14108864138
2,-85,-40,7,-80,0,29,0.5862068965517241,1.7835697748136383,0.004700061081965247,0.0023654642223536193,10.206896551724139,0.13177739191240834,3.7719288679240224,2.3071621293483955,-0.08097371893608096,46.58213698819376,0.16538461538461538,113177.73919124083
3,-80,-30,10,-100,50,25,0.68,1.8678897469661264,0.006308977134801568,0.004757608071528141,12.16,0.1586909813426749,5.420148404638617,3.3927828066836283,-0.11767910052424535,46.05871714257288,0.18076923076923077,115869.0981342675
3,-80,-20,10,-100,50,25,0.68,1.8678897469661264,0.006308977134801568,0.004757608071528141,12.16,0.1586909813426749,5.420148404638617,3.3927828066836283,-0.11767910052424535,46.05871714257288,0.18076923076923077,115869.0981342675
7,-80,-40,3,-100,0,17,0.8823529411764706,3.5289683924491375,0.0057198393731317946,0.0058291796908001015,26.41176470588235,0.10017832658980375,2.3376553657884958,4.4525342419209055,-0.05094373149585818,45.88700703988579,0.09038461538461538,110017.83265898038
7,-80,-30,3,-100,0,17,0.8823529411764706,3.5289683924491375,0.0057198393731317946,0.0058291796908001015,26.41176470588235,0.10017832658980375,2.3376553657884958,4.4525342419209055,-0.05094373149585818,45.88700703988579,0.09038461538461538,110017.83265898038
7,-80,-20,3,-100,0,17,0.8823529411764706,3.5289683924491375,0.0057198393731317946,0.0058291796908001015,26.41176470588235,0.10017832658980375,2.3376553657884958,4.4525342419209055,-0.05094373149585818,45.88700703988579,0.09038461538461538,110017.83265898038
2,-80,-30,3,-100,0,22,0.8181818181818182,2.955763934158491,0.004729235740119212,0.004760560158940219,21.09090909090909,0.10726979867817588,2.619660910893762,4.50742878294675,-0.05720863959245426,45.791351263652345,0.11923076923076924,110726.97986781759
10,-85,-40,10,-80,50,24,0.6666666666666666,2.0876341016415956,0.006326128594069415,0.005027152955734304,12.708333333333334,0.1546255752942678,5.1415033476233685,3.2853885577333433,-0.11233641437120334,45.76880414425402,0.18269230769230768,115462.55752942678
10,-85,-30,10,-80,50,24,0.6666666666666666,2.0876341016415956,0.006326128594069415,0.005027152955734304,12.708333333333334,0.1546255752942678,5.1415033476233685,3.2853885577333433,-0.11233641437120334,45.76880414425402,0.18269230769230768,115462.55752942678
10,-85,-20,10,-80,50,24,0.6666666666666666,2.0876341016415956,0.006326128594069415,0.005027152955734304,12.708333333333334,0.1546255752942678,5.1415033476233685,3.2853885577333433,-0.11233641437120334,45.76880414425402,0.18269230769230768,115462.55752942678
10,-95,-40,3,-50,0,16,0.625,2.0327670137468097,0.00902473369085352,0.006352833696233184,11.8125,0.14062170373647986,4.264677893147393,2.4968791472472023,-0.09358072527351802,45.57218252671776,0.09423076923076923,114062.17037364798
10,-95,-40,3,-50,50,16,0.625,2.0327670137468097,0.00902473369085352,0.006352833696233184,11.8125,0.14062170373647986,4.264677893147393,2.4968791472472023,-0.09358072527351802,45.57218252671776,0.09423076923076923,114062.17037364798
10,-95,-30,3,-50,0,16,0.625,2.0327670137468097,0.00902473369085352,0.006352833696233184,11.8125,0.14062170373647986,4.264677893147393,2.4968791472472023,-0.09358072527351802,45.57218252671776,0.09423076923076923,114062.17037364798
10,-95,-30,3,-50,50,16,0.625,2.0327670137468097,0.00902473369085352,0.006352833696233184,11.8125,0.14062170373647986,4.264677893147393,2.4968791472472023,-0.09358072527351802,45.57218252671776,0.09423076923076923,114062.17037364798
10,-95,-20,3,-50,0,16,0.625,2.0327670137468097,0.00902473369085352,0.006352833696233184,11.8125,0.14062170373647986,4.264677893147393,2.4968791472472023,-0.09358072527351802,45.57218252671776,0.09423076923076923,114062.17037364798
10,-95,-20,3,-50,50,16,0.625,2.0327670137468097,0.00902473369085352,0.006352833696233184,11.8125,0.14062170373647986,4.264677893147393,2.4968791472472023,-0.09358072527351802,45.57218252671776,0.09423076923076923,114062.17037364798
2,-85,-30,5,-120,0,23,0.6956521739130435,2.109100463604613,0.006729389322851174,0.003240121152356279,12.391304347826088,0.15209948083743896,4.974018730981421,2.6104043361997973,-0.11004646403799934,45.19925991682822,0.14423076923076922,115209.94808374389
2,-85,-30,5,-120,50,23,0.6956521739130435,2.109100463604613,0.006729389322851174,0.003240121152356279,12.391304347826088,0.15209948083743896,4.974018730981421,2.6104043361997973,-0.11004646403799934,45.19925991682822,0.14423076923076922,115209.94808374389
2,-90,-40,10,-50,0,26,0.6153846153846154,2.0143470930105183,0.005512680078596459,0.0021909277661787963,8.307692307692308,0.14147956072146495,4.314883350583966,2.4829840754258914,-0.09576723581157709,45.055945428701094,0.14615384615384616,114147.9560721465
10,-85,-40,10,-80,0,24,0.6666666666666666,2.076348975599683,0.006260489645792904,0.005027152955734304,12.666666666666666,0.15282147283286984,5.021453630223451,3.252991086775728,-0.11223740014342043,44.73957543391848,0.18076923076923077,115282.14728328699
10,-85,-30,10,-80,0,24,0.6666666666666666,2.076348975599683,0.006260489645792904,0.005027152955734304,12.666666666666666,0.15282147283286984,5.021453630223451,3.252991086775728,-0.11223740014342043,44.73957543391848,0.18076923076923077,115282.14728328699
10,-85,-20,10,-80,0,24,0.6666666666666666,2.076348975599683,0.006260489645792904,0.005027152955734304,12.666666666666666,0.15282147283286984,5.021453630223451,3.252991086775728,-0.11223740014342043,44.73957543391848,0.18076923076923077,115282.14728328699
2,-80,-20,3,-100,0,22,0.8181818181818182,2.9282357596790582,0.004662669819593437,0.005296345968576199,21.181818181818183,0.10569078250410868,2.555034324484613,4.43775318604408,-0.05720863959245426,44.66168646355329,0.12307692307692308,110569.07825041086
2,-90,-30,5,-50,50,29,0.7241379310344828,1.7956835002090734,0.005742811132162738,0.006309093453046755,8.03448275862069,0.16169920274188931,5.633776258898695,2.6614411131730322,-0.12666181023492984,44.47888632295147,0.17884615384615385,116169.92027418893
3,-80,-30,10,-100,0,25,0.68,1.8592213567922713,0.006245963744456118,0.004757608071528141,12.12,0.15688052668432717,5.294651932843923,3.359987287334913,-0.11905772692967609,44.47130034635483,0.17884615384615385,115688.05266843272
3,-80,-20,10,-100,0,25,0.68,1.8592213567922713,0.006245963744456118,0.004757608071528141,12.12,0.15688052668432717,5.294651932843923,3.359987287334913,-0.11905772692967609,44.47130034635483,0.17884615384615385,115688.05266843272
2,-90,-40,7,-100,0,22,0.6363636363636364,2.204343524276457,0.006483205641292688,0.002802792687354949,9.181818181818182,0.14115272129079814,4.295703555714185,2.5490314497937576,-0.09684956925245336,44.35438989425725,0.11923076923076924,114115.2721290798
2,-90,-40,7,-100,50,22,0.6363636363636364,2.204343524276457,0.006483205641292688,0.002802792687354949,9.181818181818182,0.14115272129079814,4.295703555714185,2.5490314497937576,-0.09684956925245336,44.35438989425725,0.11923076923076924,114115.2721290798
2,-85,-20,5,-100,50,27,0.7037037037037037,1.7194966084656464,0.006080360740165865,0.0058291796908001015,21.51851851851852,0.15658120812250442,5.274122808782472,2.409227951888894,-0.12035673720079099,43.82075263459211,0.20961538461538462,115658.12081225045
3,-95,-20,7,-80,0,20,0.65,1.9351401141950446,0.007936723029694077,0.006069136571923428,11.25,0.15504345730223457,5.169622840532972,2.63269413543869,-0.11815570526257735,43.752629879738116,0.16346153846153846,115504.34573022345
3,-95,-20,7,-80,50,20,0.65,1.9351401141950446,0.007936723029694077,0.006069136571923428,11.25,0.15504345730223457,5.169622840532972,2.63269413543869,-0.11815570526257735,43.752629879738116,0.16346153846153846,115504.34573022345
2,-90,-30,3,-50,50,34,0.7058823529411765,1.7420658985407809,0.005245324733640497,0.0053966489673460405,17.058823529411764,0.17426181672534713,6.598571416015834,2.6400859788065225,-0.15195327239638012,43.425003699841525,0.2076923076923077,117426.18167253472
2,-90,-30,5,-50,0,29,0.7241379310344828,1.7874402360414627,0.005683315730769251,0.006029785688339784,8.0,0.15970806467921195,5.49165686637692,2.6354850258142375,-0.12666181023492984,43.35684809960558,0.17692307692307693,115970.8064679212
7,-95,-40,5,-100,0,15,0.6666666666666666,1.9784841050584459,0.00978557489083649,0.006876487701666267,13.466666666666667,0.14179362470620482,4.333373690005852,2.481924276826115,-0.10009748488203607,43.291534199013014,0.11923076923076924,114179.36247062047
7,-95,-40,5,-100,50,15,0.6666666666666666,1.9784841050584459,0.00978557489083649,0.006876487701666267,13.466666666666667,0.14179362470620482,4.333373690005852,2.481924276826115,-0.10009748488203607,43.291534199013014,0.11923076923076924,114179.36247062047
7,-95,-30,5,-100,0,15,0.6666666666666666,1.9784841050584459,0.00978557489083649,0.006876487701666267,13.466666666666667,0.14179362470620482,4.333373690005852,2.481924276826115,-0.10009748488203607,43.291534199013014,0.11923076923076924,114179.36247062047
7,-95,-30,5,-100,50,15,0.6666666666666666,1.9784841050584459,0.00978557489083649,0.006876487701666267,13.466666666666667,0.14179362470620482,4.333373690005852,2.481924276826115,-0.10009748488203607,43.291534199013014,0.11923076923076924,114179.36247062047
7,-95,-20,5,-100,0,15,0.6666666666666666,1.9784841050584459,0.00978557489083649,0.006876487701666267,13.466666666666667,0.14179362470620482,4.333373690005852,2.481924276826115,-0.10009748488203607,43.291534199013014,0.11923076923076924,114179.36247062047
7,-95,-20,5,-100,50,15,0.6666666666666666,1.9784841050584459,0.00978557489083649,0.006876487701666267,13.466666666666667,0.14179362470620482,4.333373690005852,2.481924276826115,-0.10009748488203607,43.291534199013014,0.11923076923076924,114179.36247062047
3,-90,-40,5,-120,0,20,0.7,2.1836122546230636,0.006926166181797494,0.004638279191048533,10.5,0.13526165379581223,3.96074377785893,2.4939158725202257,-0.09214429595442275,42.984144995996594,0.1346153846153846,113526.16537958122
3,-90,-40,5,-120,50,20,0.7,2.1836122546230636,0.006926166181797494,0.004638279191048533,10.5,0.13526165379581223,3.96074377785893,2.4939158725202257,-0.09214429595442275,42.984144995996594,0.1346153846153846,113526.16537958122
3,-90,-40,3,-100,50,14,0.9285714285714286,3.147524115392852,0.0061620476522397105,0.006491441214412252,26.714285714285715,0.08801981597932151,1.9007693225297841,5.722590985509874,-0.0444191238732804,42.79168873191488,0.08076923076923077,108801.98159793214
3,-90,-30,3,-100,50,14,0.9285714285714286,3.147524115392852,0.0061620476522397105,0.006491441214412252,26.714285714285715,0.08801981597932151,1.9007693225297841,5.722590985509874,-0.0444191238732804,42.79168873191488,0.08076923076923077,108801.98159793214
3,-90,-20,3,-100,50,14,0.9285714285714286,3.147524115392852,0.0061620476522397105,0.006491441214412252,26.714285714285715,0.08801981597932151,1.9007693225297841,5.722590985509874,-0.0444191238732804,42.79168873191488,0.08076923076923077,108801.98159793214
2,-90,-30,3,-100,50,14,0.9285714285714286,3.1483571214340187,0.006164437857259286,0.006491441214412252,26.5,0.0880197870810937,1.9007683498854462,5.752547362640501,-0.0444191238732804,42.79166683494229,0.075,108801.97870810937
3,-85,-30,3,-80,50,41,0.6585365853658537,1.6127930528788492,0.00442025653200451,0.004757608071528141,16.51219512195122,0.17929783869343674,7.020380442807841,2.634348126413345,-0.1642760069050161,42.73527568068418,0.26153846153846155,117929.78386934368
3,-85,-20,3,-80,50,41,0.6585365853658537,1.6127930528788492,0.00442025653200451,0.004757608071528141,16.51219512195122,0.17929783869343674,7.020380442807841,2.634348126413345,-0.1642760069050161,42.73527568068418,0.26153846153846155,117929.78386934368
2,-90,-30,7,-80,50,24,0.6666666666666666,2.0209143882263123,0.006157172764513992,0.004634953420348031,9.166666666666666,0.14507436538538898,4.53009835233043,2.5627979113636923,-0.10860628435657282,41.711199118619604,0.15384615384615385,114507.4365385389
2,-90,-20,3,-100,50,14,0.9285714285714286,3.1119019131224683,0.00605983426786164,0.006491441214412252,26.642857142857142,0.08646822228310413,1.8489771017459922,5.629177270082085,-0.0444191238732804,41.625699485221375,0.07884615384615384,108646.82222831041
2,-85,-20,5,-100,0,27,0.7037037037037037,1.6966169809414104,0.005887008350020963,0.0058291796908001015,21.444444444444443,0.15064685745280126,4.879622184582372,2.339881328144762,-0.12035673720079099,40.54299159374605,0.20576923076923076,115064.68574528012
3,-95,-30,7,-80,0,20,0.65,1.9043848986033278,0.0076756973029984575,0.006069136571923428,11.15,0.1491169967422321,4.781692904213818,2.552335973132378,-0.11815570526257735,40.46942036008727,0.1596153846153846,114911.69967422321
3,-95,-30,7,-80,50,20,0.65,1.9043848986033278,0.0076756973029984575,0.006069136571923428,11.15,0.1491169967422321,4.781692904213818,2.552335973132378,-0.11815570526257735,40.46942036008727,0.1596153846153846,114911.69967422321
2,-90,-30,7,-100,0,22,0.6363636363636364,2.026807839017556,0.006755690603033165,0.004634953420348031,9.5,0.14594074600448725,4.583153212267011,2.5832389361514885,-0.11448513850624475,40.032735008806554,0.1326923076923077,114594.07460044872
2,-90,-30,7,-100,50,22,0.6363636363636364,2.026807839017556,0.006755690603033165,0.004634953420348031,9.5,0.14594074600448725,4.583153212267011,2.5832389361514885,-0.11448513850624475,40.032735008806554,0.1326923076923077,114594.07460044872
10,-85,-40,10,-120,0,21,0.6666666666666666,2.0380808871152296,0.006585999935531735,0.005296697839940467,13.904761904761905,0.1396662615923967,4.209275586693275,3.119202857307195,-0.10541406120674301,39.930873912900914,0.1576923076923077,113966.62615923968
10,-85,-40,10,-120,50,21,0.6666666666666666,2.0380808871152296,0.006585999935531735,0.005296697839940467,13.904761904761905,0.1396662615923967,4.209275586693275,3.119202857307195,-0.10541406120674301,39.930873912900914,0.1576923076923077,113966.62615923968
10,-85,-30,10,-120,0,21,0.6666666666666666,2.0380808871152296,0.006585999935531735,0.005296697839940467,13.904761904761905,0.1396662615923967,4.209275586693275,3.119202857307195,-0.10541406120674301,39.930873912900914,0.1576923076923077,113966.62615923968
10,-85,-30,10,-120,50,21,0.6666666666666666,2.0380808871152296,0.006585999935531735,0.005296697839940467,13.904761904761905,0.1396662615923967,4.209275586693275,3.119202857307195,-0.10541406120674301,39.930873912900914,0.1576923076923077,113966.62615923968
10,-85,-20,10,-120,0,21,0.6666666666666666,2.0380808871152296,0.006585999935531735,0.005296697839940467,13.904761904761905,0.1396662615923967,4.209275586693275,3.119202857307195,-0.10541406120674301,39.930873912900914,0.1576923076923077,113966.62615923968
10,-85,-20,10,-120,50,21,0.6666666666666666,2.0380808871152296,0.006585999935531735,0.005296697839940467,13.904761904761905,0.1396662615923967,4.209275586693275,3.119202857307195,-0.10541406120674301,39.930873912900914,0.1576923076923077,113966.62615923968
2,-90,-30,7,-80,0,24,0.6666666666666666,2.007957810263069,0.006079031159422908,0.004001816699354288,9.083333333333334,0.14294105745375152,4.401432826646792,2.5324976638490906,-0.11026697761919235,39.916146444560816,0.15,114294.10574537514
2,-85,-30,7,-100,0,26,0.6538461538461539,1.8707130001735204,0.005648095511042523,0.00399886461194221,11.307692307692308,0.14262026515912152,4.38232517730588,2.4343255040662637,-0.11004646403799923,39.82249875645851,0.16153846153846155,114262.02651591215
2,-85,-30,7,-100,50,26,0.6538461538461539,1.8707130001735204,0.005648095511042523,0.00399886461194221,11.307692307692308,0.14262026515912152,4.38232517730588,2.4343255040662637,-0.11004646403799923,39.82249875645851,0.16153846153846155,114262.02651591215
3,-90,-20,5,-100,50,25,0.68,1.7319627961112325,0.006245415717171024,0.0058291796908001015,20.24,0.14924385953071595,4.789756156446265,2.3650553948787723,-0.12035673720079088,39.79632771579314,0.2,114924.3859530716
3,-85,-40,3,-100,0,19,0.8421052631578947,2.9866358598105687,0.004973705765017644,0.0058291796908001015,24.210526315789473,0.09690837276826803,2.2145609359585117,4.314955311934477,-0.055862231937214735,39.64325912447473,0.11153846153846154,109690.8372768268
3,-85,-30,3,-100,0,19,0.8421052631578947,2.9866358598105687,0.004973705765017644,0.0058291796908001015,24.210526315789473,0.09690837276826803,2.2145609359585117,4.314955311934477,-0.055862231937214735,39.64325912447473,0.11153846153846154,109690.8372768268
3,-85,-20,3,-100,0,19,0.8421052631578947,2.9866358598105687,0.004973705765017644,0.0058291796908001015,24.210526315789473,0.09690837276826803,2.2145609359585117,4.314955311934477,-0.055862231937214735,39.64325912447473,0.11153846153846154,109690.8372768268
2,-85,-30,7,-80,50,28,0.6785714285714286,1.8656550730562407,0.00521419415602542,0.00399886461194221,10.892857142857142,0.14175639496672732,4.331178719818771,2.416296128429164,-0.11004646403799934,39.35772728075301,0.18269230769230768,114175.63949667272
3,-95,-30,3,-50,50,26,0.6923076923076923,1.715099060082295,0.006276954208776182,0.006914792221075494,21.615384615384617,0.15565160220544438,5.210757068460018,2.4415932661043445,-0.13322631972231014,39.11206944184185,0.17307692307692307,115565.16022054444
3,-95,-20,3,-50,50,26,0.6923076923076923,1.715099060082295,0.006276954208776182,0.006914792221075494,21.615384615384617,0.15565160220544438,5.210757068460018,2.4415932661043445,-0.13322631972231014,39.11206944184185,0.17307692307692307,115565.16022054444
3,-95,-40,3,-50,0,26,0.6538461538461539,1.6774626737711655,0.006125109011054346,0.006352833696233184,21.53846153846154,0.15080863183774484,4.89006646610038,2.38895844319938,-0.12666181023492995,38.607268102598375,0.16923076923076924,115080.86318377448
2,-85,-30,7,-80,0,28,0.6785714285714286,1.8545353692784805,0.00514721563737592,0.00399886461194221,10.821428571428571,0.13962926851362623,4.207141339505356,2.38774089703914,-0.110046464037999,38.23059083527329,0.17884615384615385,113962.92685136262
2,-85,-40,7,-100,0,26,0.5769230769230769,1.7624810710756413,0.00487033367540282,0.0021909277661787963,10.961538461538462,0.12101407112809359,3.2296442045846723,2.1659183393501107,-0.0853070084868206,37.859072330307214,0.14423076923076922,112101.40711280936
2,-85,-40,7,-100,50,26,0.5769230769230769,1.7624810710756413,0.00487033367540282,0.0021909277661787963,10.961538461538462,0.12101407112809359,3.2296442045846723,2.1659183393501107,-0.0853070084868206,37.859072330307214,0.14423076923076922,112101.40711280936
10,-95,-40,5,-100,0,12,0.5833333333333334,1.9615847483937963,0.010924339013485615,0.006352833696233184,15.833333333333334,0.12452695416095261,3.4000516687622904,2.250808359010538,-0.09060295548107822,37.526939940412504,0.09615384615384616,112452.69541609526
10,-95,-40,5,-100,50,12,0.5833333333333334,1.9615847483937963,0.010924339013485615,0.006352833696233184,15.833333333333334,0.12452695416095261,3.4000516687622904,2.250808359010538,-0.09060295548107822,37.526939940412504,0.09615384615384616,112452.69541609526
10,-95,-30,5,-100,0,12,0.5833333333333334,1.9615847483937963,0.010924339013485615,0.006352833696233184,15.833333333333334,0.12452695416095261,3.4000516687622904,2.250808359010538,-0.09060295548107822,37.526939940412504,0.09615384615384616,112452.69541609526
10,-95,-30,5,-100,50,12,0.5833333333333334,1.9615847483937963,0.010924339013485615,0.006352833696233184,15.833333333333334,0.12452695416095261,3.4000516687622904,2.250808359010538,-0.09060295548107822,37.526939940412504,0.09615384615384616,112452.69541609526
10,-95,-20,5,-100,0,12,0.5833333333333334,1.9615847483937963,0.010924339013485615,0.006352833696233184,15.833333333333334,0.12452695416095261,3.4000516687622904,2.250808359010538,-0.09060295548107822,37.526939940412504,0.09615384615384616,112452.69541609526
10,-95,-20,5,-100,50,12,0.5833333333333334,1.9615847483937963,0.010924339013485615,0.006352833696233184,15.833333333333334,0.12452695416095261,3.4000516687622904,2.250808359010538,-0.09060295548107822,37.526939940412504,0.09615384615384616,112452.69541609526
10,-95,-40,10,-80,0,15,0.6666666666666666,2.211314609658789,0.008186937611468766,0.006953096740484721,8.4,0.1244771399605511,3.397591664903085,3.464953381219292,-0.09060295548107844,37.49978846564933,0.1076923076923077,112447.7139960551
10,-95,-40,10,-80,50,15,0.6666666666666666,2.211314609658789,0.008186937611468766,0.006953096740484721,8.4,0.1244771399605511,3.397591664903085,3.464953381219292,-0.09060295548107844,37.49978846564933,0.1076923076923077,112447.7139960551
10,-95,-30,10,-80,0,15,0.6666666666666666,2.211314609658789,0.008186937611468766,0.006953096740484721,8.4,0.1244771399605511,3.397591664903085,3.464953381219292,-0.09060295548107844,37.49978846564933,0.1076923076923077,112447.7139960551
10,-95,-30,10,-80,50,15,0.6666666666666666,2.211314609658789,0.008186937611468766,0.006953096740484721,8.4,0.1244771399605511,3.397591664903085,3.464953381219292,-0.09060295548107844,37.49978846564933,0.1076923076923077,112447.7139960551
10,-95,-20,10,-80,0,15,0.6666666666666666,2.211314609658789,0.008186937611468766,0.006953096740484721,8.4,0.1244771399605511,3.397591664903085,3.464953381219292,-0.09060295548107844,37.49978846564933,0.1076923076923077,112447.7139960551
10,-95,-20,10,-80,50,15,0.6666666666666666,2.211314609658789,0.008186937611468766,0.006953096740484721,8.4,0.1244771399605511,3.397591664903085,3.464953381219292,-0.09060295548107844,37.49978846564933,0.1076923076923077,112447.7139960551
3,-90,-40,5,-50,0,30,0.7,1.7072783389413084,0.006016134312117453,0.005929482689569943,8.3,0.1708493880880133,6.324467402425162,2.666970090665019,-0.16915938201906155,37.38762418576639,0.20961538461538462,117084.93880880132
3,-90,-40,5,-50,50,30,0.7,1.7072783389413084,0.006016134312117453,0.005929482689569943,8.3,0.1708493880880133,6.324467402425162,2.666970090665019,-0.16915938201906155,37.38762418576639,0.20961538461538462,117084.93880880132
5,-80,-40,10,-120,0,23,0.6956521739130435,1.8065994813373745,0.005970705008038356,0.006876487701666267,12.869565217391305,0.1360333046024269,4.003479852402388,3.088246871668025,-0.10777412948685006,37.14694678086793,0.16538461538461538,113603.3304602427
5,-80,-40,10,-120,50,23,0.6956521739130435,1.8065994813373745,0.005970705008038356,0.006876487701666267,12.869565217391305,0.1360333046024269,4.003479852402388,3.088246871668025,-0.10777412948685006,37.14694678086793,0.16538461538461538,113603.3304602427
5,-80,-30,10,-120,0,23,0.6956521739130435,1.8065994813373745,0.005970705008038356,0.006876487701666267,12.869565217391305,0.1360333046024269,4.003479852402388,3.088246871668025,-0.10777412948685006,37.14694678086793,0.16538461538461538,113603.3304602427
5,-80,-30,10,-120,50,23,0.6956521739130435,1.8065994813373745,0.005970705008038356,0.006876487701666267,12.869565217391305,0.1360333046024269,4.003479852402388,3.088246871668025,-0.10777412948685006,37.14694678086793,0.16538461538461538,113603.3304602427
5,-80,-20,10,-120,0,23,0.6956521739130435,1.8065994813373745,0.005970705008038356,0.006876487701666267,12.869565217391305,0.1360333046024269,4.003479852402388,3.088246871668025,-0.10777412948685006,37.14694678086793,0.16538461538461538,113603.3304602427
5,-80,-20,10,-120,50,23,0.6956521739130435,1.8065994813373745,0.005970705008038356,0.006876487701666267,12.869565217391305,0.1360333046024269,4.003479852402388,3.088246871668025,-0.10777412948685006,37.14694678086793,0.16538461538461538,113603.3304602427
3,-90,-30,3,-50,50,35,0.6857142857142857,1.649344930914923,0.004972707394217535,0.0058291796908001015,16.771428571428572,0.16738598008211336,6.055603381519925,2.5425237530804528,-0.1642760069050161,36.862372634984105,0.22115384615384615,116738.59800821134
3,-90,-20,3,-50,50,35,0.6857142857142857,1.649344930914923,0.004972707394217535,0.0058291796908001015,16.771428571428572,0.16738598008211336,6.055603381519925,2.5425237530804528,-0.1642760069050161,36.862372634984105,0.22115384615384615,116738.59800821134
5,-90,-20,5,-50,50,28,0.7142857142857143,1.641616601955653,0.006378422862743228,0.0064531366950030256,20.857142857142858,0.16747170437717185,6.0621469628668105,2.4982939987001234,-0.16462165361500614,36.82472402472705,0.2153846153846154,116747.17043771718
3,-90,-30,5,-100,0,25,0.68,1.7074890215000351,0.0060365951358145285,0.0058291796908001015,20.16,0.14334715636835904,4.42571125530291,2.293648789786756,-0.12035673720079088,36.77161211108196,0.19615384615384615,114334.7156368359
3,-90,-30,5,-100,50,25,0.68,1.7074890215000351,0.0060365951358145285,0.0058291796908001015,20.16,0.14334715636835904,4.42571125530291,2.293648789786756,-0.12035673720079088,36.77161211108196,0.19615384615384615,114334.7156368359
3,-90,-20,5,-100,0,25,0.68,1.7074890215000351,0.0060365951358145285,0.0058291796908001015,20.16,0.14334715636835904,4.42571125530291,2.293648789786756,-0.12035673720079088,36.77161211108196,0.19615384615384615,114334.7156368359
7,-95,-40,10,-80,0,17,0.7058823529411765,2.130336853935982,0.007346940377517656,0.006953096740484721,7.882352941176471,0.12673873250849188,3.5105630271165955,3.503478340866966,-0.09579238149992264,36.64762241159471,0.12307692307692308,112673.87325084918
7,-95,-40,10,-80,50,17,0.7058823529411765,2.130336853935982,0.007346940377517656,0.006953096740484721,7.882352941176471,0.12673873250849188,3.5105630271165955,3.503478340866966,-0.09579238149992264,36.64762241159471,0.12307692307692308,112673.87325084918
7,-95,-30,10,-80,0,17,0.7058823529411765,2.130336853935982,0.007346940377517656,0.006953096740484721,7.882352941176471,0.12673873250849188,3.5105630271165955,3.503478340866966,-0.09579238149992264,36.64762241159471,0.12307692307692308,112673.87325084918
7,-95,-30,10,-80,50,17,0.7058823529411765,2.130336853935982,0.007346940377517656,0.006953096740484721,7.882352941176471,0.12673873250849188,3.5105630271165955,3.503478340866966,-0.09579238149992264,36.64762241159471,0.12307692307692308,112673.87325084918
7,-95,-20,10,-80,0,17,0.7058823529411765,2.130336853935982,0.007346940377517656,0.006953096740484721,7.882352941176471,0.12673873250849188,3.5105630271165955,3.503478340866966,-0.09579238149992264,36.64762241159471,0.12307692307692308,112673.87325084918
7,-95,-20,10,-80,50,17,0.7058823529411765,2.130336853935982,0.007346940377517656,0.006953096740484721,7.882352941176471,0.12673873250849188,3.5105630271165955,3.503478340866966,-0.09579238149992264,36.64762241159471,0.12307692307692308,112673.87325084918
3,-90,-20,5,-80,50,27,0.6666666666666666,1.667416448282325,0.005621365605433376,0.0058291796908001015,19.074074074074073,0.14402295049384195,4.466336128910171,2.2888712089353023,-0.12195979610727481,36.6213807456813,0.2173076923076923,114402.29504938419
2,-85,-40,3,-100,50,20,0.8,2.6024868710550457,0.004580332275352905,0.0053966489673460405,23.0,0.09359291553133842,2.094033330654131,4.105734163082174,-0.05720863959245437,36.60344566086007,0.11153846153846154,109359.29155313385
3,-85,-30,3,-50,0,42,0.6666666666666666,1.5777578907231797,0.00404948721429492,0.004760560158940219,17.69047619047619,0.16656101688369418,5.9929163336854945,2.4719319643559814,-0.16427600690501587,36.48077675244803,0.25384615384615383,116656.10168836941
3,-85,-20,3,-50,0,42,0.6666666666666666,1.5777578907231797,0.00404948721429492,0.004760560158940219,17.69047619047619,0.16656101688369418,5.9929163336854945,2.4719319643559814,-0.16427600690501587,36.48077675244803,0.25384615384615383,116656.10168836941
2,-80,-20,3,-50,0,46,0.6521739130434783,1.5282775518533462,0.003772352609368083,0.004359551906922943,18.08695652173913,0.1687644201925449,6.161503606668756,2.4377540125597035,-0.17263324683596593,35.691291912752725,0.2903846153846154,116876.44201925448
10,-90,-40,3,-50,0,24,0.625,1.733140663858869,0.005503404893643131,0.005296345968576199,11.833333333333334,0.12614608264981553,3.4807033569335815,2.255109551977605,-0.0978810878427897,35.56052996186621,0.1423076923076923,112614.60826498155
10,-90,-40,3,-50,50,24,0.625,1.733140663858869,0.005503404893643131,0.005296345968576199,11.833333333333334,0.12614608264981553,3.4807033569335815,2.255109551977605,-0.0978810878427897,35.56052996186621,0.1423076923076923,112614.60826498155
10,-90,-30,3,-50,0,24,0.625,1.733140663858869,0.005503404893643131,0.005296345968576199,11.833333333333334,0.12614608264981553,3.4807033569335815,2.255109551977605,-0.0978810878427897,35.56052996186621,0.1423076923076923,112614.60826498155
10,-90,-30,3,-50,50,24,0.625,1.733140663858869,0.005503404893643131,0.005296345968576199,11.833333333333334,0.12614608264981553,3.4807033569335815,2.255109551977605,-0.0978810878427897,35.56052996186621,0.1423076923076923,112614.60826498155
10,-90,-20,3,-50,0,24,0.625,1.733140663858869,0.005503404893643131,0.005296345968576199,11.833333333333334,0.12614608264981553,3.4807033569335815,2.255109551977605,-0.0978810878427897,35.56052996186621,0.1423076923076923,112614.60826498155
10,-90,-20,3,-50,50,24,0.625,1.733140663858869,0.005503404893643131,0.005296345968576199,11.833333333333334,0.12614608264981553,3.4807033569335815,2.255109551977605,-0.0978810878427897,35.56052996186621,0.1423076923076923,112614.60826498155
2,-90,-40,3,-80,0,34,0.6470588235294118,1.711626471990505,0.004794823459253949,0.004001816699354288,14.735294117647058,0.15829099737701702,5.392225834582158,2.5005819520732913,-0.15195327239638012,35.4860790395891,0.19038461538461537,115829.0997377017
2,-90,-40,3,-80,50,34,0.6470588235294118,1.711626471990505,0.004794823459253949,0.004001816699354288,14.735294117647058,0.15829099737701702,5.392225834582158,2.5005819520732913,-0.15195327239638012,35.4860790395891,0.19038461538461537,115829.0997377017
2,-80,-40,3,-100,0,22,0.7727272727272727,2.4282610502594486,0.004076742470121227,0.004001816699354288,21.045454545454547,0.09145036731490697,2.0183731669345963,3.94480242281513,-0.05720863959245426,35.28091528330656,0.11730769230769231,109145.03673149069
2,-90,-40,5,-50,50,30,0.6666666666666666,1.740021504177795,0.0049691707103386735,0.006015473601735932,7.633333333333334,0.143420905592492,4.430131083336107,2.43652333441325,-0.12666181023492984,34.976060069875736,0.17115384615384616,114342.0905592492
2,-90,-20,7,-80,50,23,0.6521739130434783,1.7855283894874467,0.005944619451664951,0.0058291796908001015,10.217391304347826,0.13030159999277058,3.6939681357665997,2.284828876437134,-0.10567787655057848,34.95498070495985,0.18269230769230768,113030.15999927705
2,-85,-30,3,-100,0,20,0.8,2.6711776150513296,0.00444518484253949,0.004760560158940219,23.0,0.09073255709175121,1.9934085023006856,4.008316925737261,-0.05720863959245415,34.84453600892159,0.11153846153846154,109073.25570917512
7,-90,-40,7,-120,0,21,0.7142857142857143,2.076533818149334,0.0054182040235771145,0.006029785688339784,10.19047619047619,0.11503663024484001,2.9535856986108264,3.1544191011762863,-0.08497868305917466,34.756783610709824,0.1423076923076923,111503.66302448399
7,-90,-40,7,-120,50,21,0.7142857142857143,2.076533818149334,0.0054182040235771145,0.006029785688339784,10.19047619047619,0.11503663024484001,2.9535856986108264,3.1544191011762863,-0.08497868305917466,34.756783610709824,0.1423076923076923,111503.66302448399
7,-90,-30,7,-120,0,21,0.7142857142857143,2.076533818149334,0.0054182040235771145,0.006029785688339784,10.19047619047619,0.11503663024484001,2.9535856986108264,3.1544191011762863,-0.08497868305917466,34.756783610709824,0.1423076923076923,111503.66302448399
7,-90,-30,7,-120,50,21,0.7142857142857143,2.076533818149334,0.0054182040235771145,0.006029785688339784,10.19047619047619,0.11503663024484001,2.9535856986108264,3.1544191011762863,-0.08497868305917466,34.756783610709824,0.1423076923076923,111503.66302448399
7,-90,-20,7,-120,0,21,0.7142857142857143,2.076533818149334,0.0054182040235771145,0.006029785688339784,10.19047619047619,0.11503663024484001,2.9535856986108264,3.1544191011762863,-0.08497868305917466,34.756783610709824,0.1423076923076923,111503.66302448399
7,-90,-20,7,-120,50,21,0.7142857142857143,2.076533818149334,0.0054182040235771145,0.006029785688339784,10.19047619047619,0.11503663024484001,2.9535856986108264,3.1544191011762863,-0.08497868305917466,34.756783610709824,0.1423076923076923,111503.66302448399
5,-90,-30,5,-50,50,28,0.7142857142857143,1.625097179147877,0.00621420039126216,0.0064531366950030256,20.821428571428573,0.16219551052396097,5.669643950867185,2.4387472191961606,-0.16462165361500614,34.44045073272406,0.21346153846153845,116219.5510523961
2,-90,-40,3,-50,0,35,0.6571428571428571,1.692019552537205,0.004596418269177649,0.0033961125716501783,16.457142857142856,0.15578585808937895,5.219871943933648,2.434294069386971,-0.15195327239638012,34.3518231730954,0.2,115578.58580893789
2,-90,-40,3,-50,50,35,0.6571428571428571,1.692019552537205,0.004596418269177649,0.0033961125716501783,16.457142857142856,0.15578585808937895,5.219871943933648,2.434294069386971,-0.15195327239638012,34.3518231730954,0.2,115578.58580893789
5,-90,-30,5,-50,0,28,0.7142857142857143,1.6228615806025917,0.006191975915103501,0.0064531366950030256,20.785714285714285,0.16148147520685963,5.618097416826043,2.4306374195894587,-0.16462165361500614,34.12732950651107,0.21153846153846154,116148.14752068596
5,-90,-20,5,-50,0,28,0.7142857142857143,1.6228615806025917,0.006191975915103501,0.0064531366950030256,20.785714285714285,0.16148147520685963,5.618097416826043,2.4306374195894587,-0.16462165361500614,34.12732950651107,0.21153846153846154,116148.14752068596
10,-95,-40,10,-100,0,14,0.6428571428571429,2.153816752650563,0.008355348891516528,0.010573322563790732,8.642857142857142,0.1179603482036824,3.086469984188395,3.336967596930621,-0.09060295548107844,34.065886347746954,0.09807692307692308,111796.03482036824
10,-95,-40,10,-100,50,14,0.6428571428571429,2.153816752650563,0.008355348891516528,0.010573322563790732,8.642857142857142,0.1179603482036824,3.086469984188395,3.336967596930621,-0.09060295548107844,34.065886347746954,0.09807692307692308,111796.03482036824
10,-95,-30,10,-100,0,14,0.6428571428571429,2.153816752650563,0.008355348891516528,0.010573322563790732,8.642857142857142,0.1179603482036824,3.086469984188395,3.336967596930621,-0.09060295548107844,34.065886347746954,0.09807692307692308,111796.03482036824
10,-95,-30,10,-100,50,14,0.6428571428571429,2.153816752650563,0.008355348891516528,0.010573322563790732,8.642857142857142,0.1179603482036824,3.086469984188395,3.336967596930621,-0.09060295548107844,34.065886347746954,0.09807692307692308,111796.03482036824
10,-95,-20,10,-100,0,14,0.6428571428571429,2.153816752650563,0.008355348891516528,0.010573322563790732,8.642857142857142,0.1179603482036824,3.086469984188395,3.336967596930621,-0.09060295548107844,34.065886347746954,0.09807692307692308,111796.03482036824
10,-95,-20,10,-100,50,14,0.6428571428571429,2.153816752650563,0.008355348891516528,0.010573322563790732,8.642857142857142,0.1179603482036824,3.086469984188395,3.336967596930621,-0.09060295548107844,34.065886347746954,0.09807692307692308,111796.03482036824
2,-90,-40,5,-50,0,30,0.6666666666666666,1.7314566383217498,0.004911658488991636,0.005457352821629624,7.6,0.1414610963050169,4.3137981078544545,2.4103116012912866,-0.12666181023492984,34.05760662865394,0.16923076923076924,114146.1096305017
2,-85,-20,3,-100,0,20,0.8,2.6436494405718967,0.0043719623299611375,0.005296345968576199,23.1,0.08917712376259734,1.9399632271784788,3.936585909314358,-0.05720863959245415,33.9103191580588,0.11538461538461539,108917.71237625973
3,-90,-30,5,-80,50,27,0.6666666666666666,1.644460004144858,0.0054280132152884734,0.0058291796908001015,19.0,0.138153035511011,4.122627043088,2.2181113469032883,-0.12195979610727481,33.80316444168021,0.21346153846153845,113815.3035511011
10,-85,-40,7,-120,0,20,0.65,2.0101263459819547,0.0064009674809308355,0.00439715899022175,14.4,0.12812424427942348,3.5810859982224548,2.897349160413612,-0.10639467096360244,33.65850907558652,0.15,112812.42442794234
10,-85,-40,7,-120,50,20,0.65,2.0101263459819547,0.0064009674809308355,0.00439715899022175,14.4,0.12812424427942348,3.5810859982224548,2.897349160413612,-0.10639467096360244,33.65850907558652,0.15,112812.42442794234
10,-85,-30,7,-120,0,20,0.65,2.0101263459819547,0.0064009674809308355,0.00439715899022175,14.4,0.12812424427942348,3.5810859982224548,2.897349160413612,-0.10639467096360244,33.65850907558652,0.15,112812.42442794234
10,-85,-30,7,-120,50,20,0.65,2.0101263459819547,0.0064009674809308355,0.00439715899022175,14.4,0.12812424427942348,3.5810859982224548,2.897349160413612,-0.10639467096360244,33.65850907558652,0.15,112812.42442794234
10,-85,-20,7,-120,0,20,0.65,2.0101263459819547,0.0064009674809308355,0.00439715899022175,14.4,0.12812424427942348,3.5810859982224548,2.897349160413612,-0.10639467096360244,33.65850907558652,0.15,112812.42442794234
10,-85,-20,7,-120,50,20,0.65,2.0101263459819547,0.0064009674809308355,0.00439715899022175,14.4,0.12812424427942348,3.5810859982224548,2.897349160413612,-0.10639467096360244,33.65850907558652,0.15,112812.42442794234
2,-90,-30,3,-50,0,34,0.6764705882352942,1.6517256821910455,0.004738078042572447,0.004079812409001238,17.029411764705884,0.1542183970400821,5.114217674297951,2.4071950502551323,-0.15195327239638012,33.65651554352299,0.20576923076923076,115421.83970400822
3,-85,-40,7,-100,0,26,0.6538461538461539,1.6639207174194819,0.005308265202064766,0.005293393881164121,11.653846153846153,0.12963659131671146,3.6592229129602085,2.237757099022862,-0.10877551448972533,33.64013427218356,0.17884615384615385,112963.65913167114
3,-85,-40,7,-100,50,26,0.6538461538461539,1.6639207174194819,0.005308265202064766,0.005293393881164121,11.653846153846153,0.12963659131671146,3.6592229129602085,2.237757099022862,-0.10877551448972533,33.64013427218356,0.17884615384615385,112963.65913167114
2,-90,-20,7,-100,0,21,0.6190476190476191,1.7904293692536808,0.006551394966985129,0.0058291796908001015,10.666666666666666,0.13115680331368407,3.739001299034876,2.302773892465714,-0.11157604391962728,33.510789302838425,0.16153846153846155,113115.6803313684
2,-90,-20,7,-100,50,21,0.6190476190476191,1.7904293692536808,0.006551394966985129,0.0058291796908001015,10.666666666666666,0.13115680331368407,3.739001299034876,2.302773892465714,-0.11157604391962728,33.510789302838425,0.16153846153846155,113115.6803313684
2,-90,-20,7,-80,0,23,0.6521739130434783,1.7747537298378175,0.005863080385482951,0.004763512246352297,10.130434782608695,0.1281958141667161,3.584756357014763,2.255804585669728,-0.10734402552488609,33.39502445046363,0.17884615384615385,112819.58141667162
2,-80,-20,3,-80,0,45,0.6444444444444445,1.5134021735958152,0.003749959696011319,0.004757608071528141,16.822222222222223,0.16320862824234394,5.743415943249043,2.4016000602478242,-0.17263324683596593,33.269466041534685,0.28076923076923077,116320.8628242344
5,-90,-40,3,-100,50,13,0.8461538461538461,2.749938861267264,0.005175697389414753,0.006953096740484721,13.692307692307692,0.06823748409241137,1.3009671965329361,4.5299238616779105,-0.039671349338622375,32.79362104445408,0.07307692307692308,106823.74840924115
5,-90,-30,3,-100,50,13,0.8461538461538461,2.749938861267264,0.005175697389414753,0.006953096740484721,13.692307692307692,0.06823748409241137,1.3009671965329361,4.5299238616779105,-0.039671349338622375,32.79362104445408,0.07307692307692308,106823.74840924115
5,-90,-20,3,-100,50,13,0.8461538461538461,2.749938861267264,0.005175697389414753,0.006953096740484721,13.692307692307692,0.06823748409241137,1.3009671965329361,4.5299238616779105,-0.039671349338622375,32.79362104445408,0.07307692307692308,106823.74840924115
3,-90,-30,5,-80,0,27,0.6666666666666666,1.6368729583393244,0.005364110747125099,0.0049135441281271675,18.962962962962962,0.13620225528768914,4.0128819122505455,2.1944846737592494,-0.12346474615493375,32.5022489190141,0.21153846153846154,113620.22552876892
3,-90,-20,5,-80,0,27,0.6666666666666666,1.6368729583393244,0.005364110747125099,0.0049135441281271675,18.962962962962962,0.13620225528768914,4.0128819122505455,2.1944846737592494,-0.12346474615493375,32.5022489190141,0.21153846153846154,113620.22552876892
10,-85,-40,3,-80,0,27,0.6296296296296297,1.6587881548527659,0.005046608115643564,0.004757608071528141,10.925925925925926,0.12880114726818714,3.615908472239389,2.212965352247415,-0.11198771664900098,32.288438236245135,0.16346153846153846,112880.11472681872
10,-85,-40,3,-80,50,27,0.6296296296296297,1.6587881548527659,0.005046608115643564,0.004757608071528141,10.925925925925926,0.12880114726818714,3.615908472239389,2.212965352247415,-0.11198771664900098,32.288438236245135,0.16346153846153846,112880.11472681872
10,-85,-30,3,-80,0,27,0.6296296296296297,1.6587881548527659,0.005046608115643564,0.004757608071528141,10.925925925925926,0.12880114726818714,3.615908472239389,2.212965352247415,-0.11198771664900098,32.288438236245135,0.16346153846153846,112880.11472681872
10,-85,-30,3,-80,50,27,0.6296296296296297,1.6587881548527659,0.005046608115643564,0.004757608071528141,10.925925925925926,0.12880114726818714,3.615908472239389,2.212965352247415,-0.11198771664900098,32.288438236245135,0.16346153846153846,112880.11472681872
10,-85,-20,3,-80,0,27,0.6296296296296297,1.6587881548527659,0.005046608115643564,0.004757608071528141,10.925925925925926,0.12880114726818714,3.615908472239389,2.212965352247415,-0.11198771664900098,32.288438236245135,0.16346153846153846,112880.11472681872
10,-85,-20,3,-80,50,27,0.6296296296296297,1.6587881548527659,0.005046608115643564,0.004757608071528141,10.925925925925926,0.12880114726818714,3.615908472239389,2.212965352247415,-0.11198771664900098,32.288438236245135,0.16346153846153846,112880.11472681872
3,-85,-40,3,-80,0,41,0.6341463414634146,1.5364832308653866,0.003791683537035734,0.003961495742317744,16.317073170731707,0.14983179003850555,4.82725970382038,2.30830136777971,-0.15332643053613815,31.48354583708008,0.24615384615384617,114983.17900385056
2,-90,-30,3,-80,50,33,0.6666666666666666,1.6301946518081016,0.004746512361080607,0.004763512246352297,15.333333333333334,0.14907346085272866,4.778928197321324,2.3686258816013894,-0.15195327239638012,31.44998539324099,0.2,114907.34608527286
2,-85,-20,5,-80,50,29,0.6896551724137931,1.5872842465710433,0.004906294978219258,0.0058291796908001015,20.413793103448278,0.13160968674898244,3.7630099551231666,2.1084276659915515,-0.12035673720079099,31.265469990644082,0.23076923076923078,113160.96867489825
3,-90,-20,7,-50,50,28,0.6785714285714286,1.611920929888239,0.004969880739862479,0.005929482689569943,18.464285714285715,0.13115286765573853,3.7387931477430767,2.159805971746214,-0.12035673720079099,31.064261417336805,0.22115384615384615,113115.28676557385
3,-80,-40,10,-80,0,29,0.6896551724137931,1.6422582459974366,0.004597475686559538,0.004763512246352297,10.724137931034482,0.13057807489535267,3.7084834204081716,2.902747431139065,-0.12102191405266804,30.643073607266373,0.19423076923076923,113057.80748953526
3,-80,-40,10,-80,50,29,0.6896551724137931,1.6422582459974366,0.004597475686559538,0.004763512246352297,10.724137931034482,0.13057807489535267,3.7084834204081716,2.902747431139065,-0.12102191405266804,30.643073607266373,0.19423076923076923,113057.80748953526
7,-90,-40,3,-100,50,13,0.8461538461538461,2.663104529464601,0.004918872288624003,0.006029785688339784,13.692307692307692,0.06469959630944899,1.206593481678207,4.435402507399438,-0.0396713493386226,30.41473259150051,0.07307692307692308,106469.9596309449
7,-90,-30,3,-100,50,13,0.8461538461538461,2.663104529464601,0.004918872288624003,0.006029785688339784,13.692307692307692,0.06469959630944899,1.206593481678207,4.435402507399438,-0.0396713493386226,30.41473259150051,0.07307692307692308,106469.9596309449
7,-90,-20,3,-100,50,13,0.8461538461538461,2.663104529464601,0.004918872288624003,0.006029785688339784,13.692307692307692,0.06469959630944899,1.206593481678207,4.435402507399438,-0.0396713493386226,30.41473259150051,0.07307692307692308,106469.9596309449
3,-80,-30,10,-120,0,22,0.6818181818181818,1.731639151899487,0.005661998749978061,0.005817047886597204,13.363636363636363,0.1217471520393405,3.2646953789147872,2.81324454243531,-0.10777412948685017,30.292013440137524,0.16153846153846155,112174.71520393406
3,-80,-30,10,-120,50,22,0.6818181818181818,1.731639151899487,0.005661998749978061,0.005817047886597204,13.363636363636363,0.1217471520393405,3.2646953789147872,2.81324454243531,-0.10777412948685017,30.292013440137524,0.16153846153846155,112174.71520393406
3,-80,-20,10,-120,0,22,0.6818181818181818,1.731639151899487,0.005661998749978061,0.005817047886597204,13.363636363636363,0.1217471520393405,3.2646953789147872,2.81324454243531,-0.10777412948685017,30.292013440137524,0.16153846153846155,112174.71520393406
3,-80,-20,10,-120,50,22,0.6818181818181818,1.731639151899487,0.005661998749978061,0.005817047886597204,13.363636363636363,0.1217471520393405,3.2646953789147872,2.81324454243531,-0.10777412948685017,30.292013440137524,0.16153846153846155,112174.71520393406
3,-90,-20,7,-50,0,28,0.6785714285714286,1.6036741409691808,0.004902902221212979,0.005296345968576199,18.392857142857142,0.12904549589246317,3.6285384519647925,2.1335833766790655,-0.12035673720079099,30.148195575552258,0.2173076923076923,112904.54958924632
3,-85,-30,10,-80,50,27,0.7037037037037037,1.6606944551571756,0.0046158305926196075,0.0058291796908001015,8.925925925925926,0.12187875345558741,3.2710159495386177,2.9200169590159897,-0.10850974178032857,30.144905847814034,0.19423076923076923,112187.87534555874
3,-85,-20,10,-80,50,27,0.7037037037037037,1.6606944551571756,0.0046158305926196075,0.0058291796908001015,8.925925925925926,0.12187875345558741,3.2710159495386177,2.9200169590159897,-0.10850974178032857,30.144905847814034,0.19423076923076923,112187.87534555874
3,-90,-40,3,-100,0,14,0.9285714285714286,2.7149010306050028,0.004920690665925265,0.005929482689569943,26.642857142857142,0.06944845694597279,1.3341144130711249,4.845601232723691,-0.0444191238732804,30.034685440377174,0.07884615384615384,106944.84569459729
3,-90,-30,3,-100,0,14,0.9285714285714286,2.7149010306050028,0.004920690665925265,0.005929482689569943,26.642857142857142,0.06944845694597279,1.3341144130711249,4.845601232723691,-0.0444191238732804,30.034685440377174,0.07884615384615384,106944.84569459729
3,-90,-20,3,-100,0,14,0.9285714285714286,2.7149010306050028,0.004920690665925265,0.005929482689569943,26.642857142857142,0.06944845694597279,1.3341144130711249,4.845601232723691,-0.0444191238732804,30.034685440377174,0.07884615384615384,106944.84569459729
2,-90,-40,3,-100,0,14,0.9285714285714286,2.7157340366461695,0.00492308087094484,0.0053966489673460405,26.428571428571427,0.06944842854100752,1.3341136304293806,4.8741241473301455,-0.0444191238732804,30.034667820899884,0.07307692307692308,106944.84285410076
2,-90,-40,3,-100,50,14,0.9285714285714286,2.7157340366461695,0.00492308087094484,0.0053966489673460405,26.428571428571427,0.06944842854100752,1.3341136304293806,4.8741241473301455,-0.0444191238732804,30.034667820899884,0.07307692307692308,106944.84285410076
2,-90,-30,3,-100,0,14,0.9285714285714286,2.7157340366461695,0.00492308087094484,0.0053966489673460405,26.428571428571427,0.06944842854100752,1.3341136304293806,4.8741241473301455,-0.0444191238732804,30.034667820899884,0.07307692307692308,106944.84285410076
3,-95,-30,3,-50,0,26,0.6538461538461539,1.6208911343595638,0.005613631612764116,0.006352833696233184,21.576923076923077,0.1359258393959648,3.997507894537896,2.2050722631036255,-0.13322631972231014,30.005391598822882,0.17115384615384616,113592.58393959647
3,-95,-20,3,-50,0,26,0.6538461538461539,1.6208911343595638,0.005613631612764116,0.006352833696233184,21.576923076923077,0.1359258393959648,3.997507894537896,2.2050722631036255,-0.13322631972231014,30.005391598822882,0.17115384615384616,113592.58393959647
3,-95,-40,5,-100,0,19,0.7368421052631579,1.772797540682612,0.006245446591025228,0.006309093453046755,11.157894736842104,0.11114044661762112,2.7826835206691816,2.0739798318652016,-0.09446367315342241,29.45771033220049,0.13846153846153847,111114.04466176212
3,-95,-40,5,-100,50,19,0.7368421052631579,1.772797540682612,0.006245446591025228,0.006309093453046755,11.157894736842104,0.11114044661762112,2.7826835206691816,2.0739798318652016,-0.09446367315342241,29.45771033220049,0.13846153846153847,111114.04466176212
3,-85,-30,10,-80,0,27,0.7037037037037037,1.6523430434860298,0.004557484860818265,0.0058291796908001015,8.88888888888889,0.12012581790331378,3.1875291827438597,2.884110772489359,-0.10850974178032824,29.37551164020674,0.19230769230769232,112012.58179033137
3,-85,-20,10,-80,0,27,0.7037037037037037,1.6523430434860298,0.004557484860818265,0.0058291796908001015,8.88888888888889,0.12012581790331378,3.1875291827438597,2.884110772489359,-0.10850974178032824,29.37551164020674,0.19230769230769232,112012.58179033137
3,-95,-20,7,-100,0,18,0.6111111111111112,1.7830301789820215,0.00738415031802968,0.006069136571923428,12.055555555555555,0.12593568920998055,3.4701468883239146,2.241764021991378,-0.11815570526257702,29.369270663758634,0.14807692307692308,112593.56892099805
3,-95,-20,7,-100,50,18,0.6111111111111112,1.7830301789820215,0.00738415031802968,0.006069136571923428,12.055555555555555,0.12593568920998055,3.4701468883239146,2.241764021991378,-0.11815570526257702,29.369270663758634,0.14807692307692308,112593.56892099805
7,-95,-40,10,-100,0,15,0.6666666666666666,2.0073357663085645,0.007420455145470998,0.006953096740484721,8.533333333333333,0.1115807667502664,2.801650870421075,3.167051561435761,-0.09579238149992264,29.2471157575651,0.11153846153846154,111158.07667502665
7,-95,-40,10,-100,50,15,0.6666666666666666,2.0073357663085645,0.007420455145470998,0.006953096740484721,8.533333333333333,0.1115807667502664,2.801650870421075,3.167051561435761,-0.09579238149992264,29.2471157575651,0.11153846153846154,111158.07667502665
7,-95,-30,10,-100,0,15,0.6666666666666666,2.0073357663085645,0.007420455145470998,0.006953096740484721,8.533333333333333,0.1115807667502664,2.801650870421075,3.167051561435761,-0.09579238149992264,29.2471157575651,0.11153846153846154,111158.07667502665
7,-95,-30,10,-100,50,15,0.6666666666666666,2.0073357663085645,0.007420455145470998,0.006953096740484721,8.533333333333333,0.1115807667502664,2.801650870421075,3.167051561435761,-0.09579238149992264,29.2471157575651,0.11153846153846154,111158.07667502665
7,-95,-20,10,-100,0,15,0.6666666666666666,2.0073357663085645,0.007420455145470998,0.006953096740484721,8.533333333333333,0.1115807667502664,2.801650870421075,3.167051561435761,-0.09579238149992264,29.2471157575651,0.11153846153846154,111158.07667502665
7,-95,-20,10,-100,50,15,0.6666666666666666,2.0073357663085645,0.007420455145470998,0.006953096740484721,8.533333333333333,0.1115807667502664,2.801650870421075,3.167051561435761,-0.09579238149992264,29.2471157575651,0.11153846153846154,111158.07667502665
2,-90,-20,3,-100,0,14,0.9285714285714286,2.679278828334619,0.004818477281547194,0.005929482689569943,26.571428571428573,0.06792334732953353,1.2924396173272963,4.746289866723278,-0.0444191238732804,29.096468021620353,0.07692307692307693,106792.33473295334
3,-90,-40,3,-50,0,35,0.6571428571428571,1.5812639485413034,0.0043521802339826655,0.004763512246352297,16.685714285714287,0.1428882914189451,4.3982855885049865,2.2618647891099815,-0.15332643053613815,28.68576261200013,0.2153846153846154,114288.8291418945
2,-85,-20,7,-50,50,30,0.7,1.5534348743151705,0.004518597212299328,0.005929482689569943,19.8,0.12535817943363048,3.4412879857652667,2.0550268771522293,-0.12035673720079088,28.592400108223053,0.23461538461538461,112535.81794336304
3,-90,-30,7,-50,50,28,0.6785714285714286,1.588964485750772,0.004783433792222751,0.005929482689569943,18.392857142857142,0.12534898831672825,3.4408300839466497,2.087546437296256,-0.12035673720079099,28.588595569904136,0.2173076923076923,112534.89883167282
3,-95,-40,7,-50,0,21,0.6666666666666666,1.7480121602200929,0.006230117315094465,0.0058291796908001015,10.619047619047619,0.12374716576596767,3.361687868796193,2.2197828821732135,-0.11815570526257735,28.451337676208833,0.1596153846153846,112374.71657659677
3,-95,-40,7,-50,50,21,0.6666666666666666,1.7480121602200929,0.006230117315094465,0.0058291796908001015,10.619047619047619,0.12374716576596767,3.361687868796193,2.2197828821732135,-0.11815570526257735,28.451337676208833,0.1596153846153846,112374.71657659677
2,-80,-30,7,-120,0,26,0.7307692307692307,1.868886279157972,0.004423474655056688,0.006169439570693269,8.26923076923077,0.11566056286614512,2.9816051213667523,3.2443272692723872,-0.10506022990446162,28.379959991312866,0.14423076923076922,111566.05628661452
2,-80,-30,7,-120,50,26,0.7307692307692307,1.868886279157972,0.004423474655056688,0.006169439570693269,8.26923076923077,0.11566056286614512,2.9816051213667523,3.2443272692723872,-0.10506022990446162,28.379959991312866,0.14423076923076922,111566.05628661452
2,-85,-30,3,-50,50,40,0.675,1.5322628778901912,0.003645485517737823,0.004760560158940219,18.525,0.14101268456479654,4.28750535315858,2.201987097811578,-0.1519532723963799,28.215946162543613,0.25,114101.26845647965
2,-85,-20,5,-50,50,32,0.71875,1.5498676025958185,0.005026134534468457,0.006015473601735932,18.75,0.146382426789184,4.610380573623039,2.2224367719274216,-0.16462165361500625,28.005918251830604,0.24615384615384617,114638.2426789184
2,-85,-20,5,-80,0,29,0.6896551724137931,1.5586144872295444,0.004666781834277068,0.0049135441281271675,20.310344827586206,0.1238738502882073,3.3678994282165515,2.0163501866165765,-0.12035673720079099,27.982641491833476,0.225,112387.38502882073
2,-85,-20,7,-50,0,30,0.7,1.5457782875718942,0.004456083928226462,0.005296345968576199,19.733333333333334,0.12326160334853986,3.337955166528924,2.0295229811484607,-0.12035673720079088,27.733845600684745,0.23076923076923078,112326.160334854
3,-90,-30,7,-50,0,28,0.6785714285714286,1.5807176968317138,0.004716455273573251,0.005296345968576199,18.321428571428573,0.12325242935496372,3.3375079184409016,2.061319020013626,-0.12035673720079099,27.730129580307096,0.21346153846153845,112325.24293549638
5,-85,-20,10,-80,50,27,0.7037037037037037,1.6818884810828614,0.004634631828704379,0.004757608071528141,9.074074074074074,0.12219919725272721,3.286442356562758,2.9104469946275384,-0.12095584990273889,27.170594553346533,0.20192307692307693,112219.91972527273
3,-95,-30,7,-100,0,18,0.6111111111111112,1.7522749633903048,0.007094121732812326,0.006069136571923428,11.944444444444445,0.1201585789090509,3.1890756068945043,2.160836447877776,-0.11815570526257702,26.99044959198062,0.14423076923076922,112015.85789090508
3,-95,-30,7,-100,50,18,0.6111111111111112,1.7522749633903048,0.007094121732812326,0.006069136571923428,11.944444444444445,0.1201585789090509,3.1890756068945043,2.160836447877776,-0.11815570526257702,26.99044959198062,0.14423076923076922,112015.85789090508
3,-90,-40,7,-80,0,26,0.6538461538461539,1.5869587064587831,0.004359225231073136,0.004105445468824631,9.076923076923077,0.10455323423844254,2.5091365883155636,1.9416044411619877,-0.09446367315342241,26.561920625724238,0.18461538461538463,110455.32342384425
3,-90,-40,7,-80,50,26,0.6538461538461539,1.5869587064587831,0.004359225231073136,0.004105445468824631,9.076923076923077,0.10455323423844254,2.5091365883155636,1.9416044411619877,-0.09446367315342241,26.561920625724238,0.18461538461538463,110455.32342384425
2,-80,-40,7,-120,0,26,0.6538461538461539,1.7303542883373872,0.003645712819416985,0.004634953420348031,7.923076923076923,0.09456415898721127,2.1289029316811456,2.868504719575995,-0.08018216406327339,26.55082905970441,0.12692307692307692,109456.41589872113
2,-80,-40,7,-120,50,26,0.6538461538461539,1.7303542883373872,0.003645712819416985,0.004634953420348031,7.923076923076923,0.09456415898721127,2.1289029316811456,2.868504719575995,-0.08018216406327339,26.55082905970441,0.12692307692307692,109456.41589872113
2,-85,-40,10,-80,50,27,0.6296296296296297,1.5838915553372348,0.0032514081497840275,0.003240121152356279,8.11111111111111,0.08627813913821791,1.842691013102669,2.532137189250291,-0.06941428286234452,26.546280349202913,0.1519230769230769,108627.81391382178
5,-85,-20,10,-80,0,27,0.7037037037037037,1.6733041352478206,0.0045762860969030365,0.004757608071528141,9.037037037037036,0.12044576100701998,3.202654045390495,2.8747831156668466,-0.12085779712788325,26.499358101005853,0.2,112044.57610070199
3,-95,-20,5,-80,50,19,0.631578947368421,1.7450308490995443,0.0066560287351285,0.0058291796908001015,11.842105263157896,0.11881794978802906,3.1262212801339864,2.1364675995304294,-0.11815570526257702,26.458487748743032,0.16346153846153846,111881.79497880291
7,-85,-40,3,-100,50,15,0.8666666666666667,2.777788065880437,0.004556990049469782,0.006029785688339784,12.266666666666667,0.0694994230792394,1.3355190717138563,3.3845642153831443,-0.05094373149585807,26.215572210732923,0.08461538461538462,106949.94230792394
7,-85,-30,3,-100,50,15,0.8666666666666667,2.777788065880437,0.004556990049469782,0.006029785688339784,12.266666666666667,0.0694994230792394,1.3355190717138563,3.3845642153831443,-0.05094373149585807,26.215572210732923,0.08461538461538462,106949.94230792394
7,-85,-20,3,-100,50,15,0.8666666666666667,2.777788065880437,0.004556990049469782,0.006029785688339784,12.266666666666667,0.0694994230792394,1.3355190717138563,3.3845642153831443,-0.05094373149585807,26.215572210732923,0.08461538461538462,106949.94230792394
2,-85,-40,3,-100,0,20,0.75,2.187169014881836,0.003727442245541707,0.004001816699354288,22.95,0.07514939132384701,1.4961520218166746,3.41728902073739,-0.05720863959245415,26.152553748437988,0.10961538461538461,107514.9391323847
7,-90,-40,10,-120,0,19,0.6842105263157895,1.823186925032492,0.004974155421051945,0.006876487701666267,11.105263157894736,0.09373406306866139,2.0990784907563853,2.688112940858943,-0.08139134490017674,25.789947239854826,0.13653846153846153,109373.40630686615
7,-90,-40,10,-120,50,19,0.6842105263157895,1.823186925032492,0.004974155421051945,0.006876487701666267,11.105263157894736,0.09373406306866139,2.0990784907563853,2.688112940858943,-0.08139134490017674,25.789947239854826,0.13653846153846153,109373.40630686615
7,-90,-30,10,-120,0,19,0.6842105263157895,1.823186925032492,0.004974155421051945,0.006876487701666267,11.105263157894736,0.09373406306866139,2.0990784907563853,2.688112940858943,-0.08139134490017674,25.789947239854826,0.13653846153846153,109373.40630686615
7,-90,-30,10,-120,50,19,0.6842105263157895,1.823186925032492,0.004974155421051945,0.006876487701666267,11.105263157894736,0.09373406306866139,2.0990784907563853,2.688112940858943,-0.08139134490017674,25.789947239854826,0.13653846153846153,109373.40630686615
7,-90,-20,10,-120,0,19,0.6842105263157895,1.823186925032492,0.004974155421051945,0.006876487701666267,11.105263157894736,0.09373406306866139,2.0990784907563853,2.688112940858943,-0.08139134490017674,25.789947239854826,0.13653846153846153,109373.40630686615
7,-90,-20,10,-120,50,19,0.6842105263157895,1.823186925032492,0.004974155421051945,0.006876487701666267,11.105263157894736,0.09373406306866139,2.0990784907563853,2.688112940858943,-0.08139134490017674,25.789947239854826,0.13653846153846153,109373.40630686615
2,-85,-40,10,-80,0,27,0.6296296296296297,1.5734137627872473,0.003193062417982685,0.003240121152356279,8.074074074074074,0.08458082954581458,1.787124121177067,2.488684409499151,-0.06941428286234441,25.745769422139187,0.15,108458.08295458145
3,-90,-40,3,-80,50,34,0.6470588235294118,1.5505355855216711,0.0042654984580372665,0.004105445468824631,15.117647058823529,0.13454668689165605,3.9214472434013716,2.1839369713424888,-0.15332643053613837,25.57580731312403,0.2153846153846154,113454.6686891656
2,-85,-20,5,-50,0,32,0.71875,1.526121004918167,0.004809075747770848,0.005915170602966091,18.65625,0.1385456018848077,4.144977300172695,2.134641490006075,-0.16462165361500625,25.178809768649142,0.2403846153846154,113854.56018848077
5,-85,-40,3,-100,50,16,0.875,2.7222866171013,0.004138803399376258,0.005929482689569943,11.75,0.06725621962059702,1.274426158351178,3.215290894399426,-0.05094373149585785,25.016348840775425,0.09230769230769231,106725.6219620597
5,-85,-30,3,-100,50,16,0.875,2.7222866171013,0.004138803399376258,0.005929482689569943,11.75,0.06725621962059702,1.274426158351178,3.215290894399426,-0.05094373149585785,25.016348840775425,0.09230769230769231,106725.6219620597
5,-85,-20,3,-100,50,16,0.875,2.7222866171013,0.004138803399376258,0.005929482689569943,11.75,0.06725621962059702,1.274426158351178,3.215290894399426,-0.05094373149585785,25.016348840775425,0.09230769230769231,106725.6219620597
3,-80,-40,7,-120,0,27,0.7037037037037037,1.5985680405103717,0.00399261577188581,0.0058291796908001015,11.074074074074074,0.10382044360527765,2.4798596162411535,2.5175772774990515,-0.09968925653708838,24.875896384266312,0.17115384615384616,110382.04436052775
3,-80,-40,7,-120,50,27,0.7037037037037037,1.5985680405103717,0.00399261577188581,0.0058291796908001015,11.074074074074074,0.10382044360527765,2.4798596162411535,2.5175772774990515,-0.09968925653708838,24.875896384266312,0.17115384615384616,110382.04436052775
3,-95,-30,5,-80,0,19,0.631578947368421,1.7142756335078275,0.006381264812291007,0.0058291796908001015,11.736842105263158,0.11307736019261383,2.8667751519322735,2.055838743219454,-0.11815570526257702,24.26268918256168,0.1596153846153846,111307.73601926139
3,-95,-30,5,-80,50,19,0.631578947368421,1.7142756335078275,0.006381264812291007,0.0058291796908001015,11.736842105263158,0.11307736019261383,2.8667751519322735,2.055838743219454,-0.11815570526257702,24.26268918256168,0.1596153846153846,111307.73601926139
3,-95,-20,5,-80,0,19,0.631578947368421,1.7142756335078275,0.006381264812291007,0.0058291796908001015,11.736842105263158,0.11307736019261383,2.8667751519322735,2.055838743219454,-0.11815570526257702,24.26268918256168,0.1596153846153846,111307.73601926139
2,-90,-30,3,-80,0,33,0.6363636363636364,1.545762838434709,0.00422389455816201,0.003240121152356279,15.303030303030303,0.12945998002841064,3.6500352484792806,2.1309485779162745,-0.15195327239638012,24.020774221682593,0.19807692307692307,112945.99800284106
10,-85,-40,3,-100,0,12,0.8333333333333334,3.337035301766382,0.004301804413236808,0.005296345968576199,14.416666666666666,0.05244833228708856,0.9066407040080231,2.8290667156866616,-0.03879911410056602,23.36756199273108,0.06346153846153846,105244.83322870886
10,-85,-40,3,-100,50,12,0.8333333333333334,3.337035301766382,0.004301804413236808,0.005296345968576199,14.416666666666666,0.05244833228708856,0.9066407040080231,2.8290667156866616,-0.03879911410056602,23.36756199273108,0.06346153846153846,105244.83322870886
10,-85,-30,3,-100,0,12,0.8333333333333334,3.337035301766382,0.004301804413236808,0.005296345968576199,14.416666666666666,0.05244833228708856,0.9066407040080231,2.8290667156866616,-0.03879911410056602,23.36756199273108,0.06346153846153846,105244.83322870886
10,-85,-30,3,-100,50,12,0.8333333333333334,3.337035301766382,0.004301804413236808,0.005296345968576199,14.416666666666666,0.05244833228708856,0.9066407040080231,2.8290667156866616,-0.03879911410056602,23.36756199273108,0.06346153846153846,105244.83322870886
10,-85,-20,3,-100,0,12,0.8333333333333334,3.337035301766382,0.004301804413236808,0.005296345968576199,14.416666666666666,0.05244833228708856,0.9066407040080231,2.8290667156866616,-0.03879911410056602,23.36756199273108,0.06346153846153846,105244.83322870886
10,-85,-20,3,-100,50,12,0.8333333333333334,3.337035301766382,0.004301804413236808,0.005296345968576199,14.416666666666666,0.05244833228708856,0.9066407040080231,2.8290667156866616,-0.03879911410056602,23.36756199273108,0.06346153846153846,105244.83322870886
2,-90,-20,3,-50,50,34,0.7058823529411765,1.553530704485165,0.004292810497631087,0.005296345968576199,17.235294117647058,0.13541544709406983,3.9692343459292374,2.173767555724589,-0.17263324683596581,22.99229388705618,0.21923076923076923,113541.54470940698
3,-85,-30,3,-80,0,41,0.6341463414634146,1.460769480879151,0.003400661764152909,0.003961495742317744,16.365853658536587,0.13145104869900393,3.7545873799004994,2.0920230704553613,-0.16427600690501587,22.855360625312716,0.25,113145.10486990039
3,-85,-20,3,-80,0,41,0.6341463414634146,1.460769480879151,0.003400661764152909,0.003961495742317744,16.365853658536587,0.13145104869900393,3.7545873799004994,2.0920230704553613,-0.16427600690501587,22.855360625312716,0.25,113145.10486990039
3,-95,-40,3,-80,50,24,0.625,1.5325915822329366,0.005246933411374892,0.004638279191048533,20.291666666666668,0.11343545691179147,2.882509280046986,1.9475695581156534,-0.12666181023492995,22.757524740097757,0.16346153846153846,111343.54569117914
2,-85,-40,3,-80,50,40,0.6,1.4813477622007392,0.003276949803103615,0.003140202456086927,16.55,0.1254940777261988,3.4480635199021856,2.0519488813486157,-0.1519532723963799,22.691604238095575,0.2326923076923077,112549.40777261989
7,-80,-20,3,-50,50,38,0.6842105263157895,1.4095452599795173,0.004010336264519743,0.005329123035649919,28.07894736842105,0.13419387406998173,3.9021614923169308,2.0509515639545253,-0.17263324683596581,22.60376586686527,0.23653846153846153,113419.38740699817
5,-85,-40,10,-80,0,27,0.7037037037037037,1.6105862411943168,0.004150007671509962,0.004757608071528141,9.0,0.10813403749380646,2.655489183017241,2.62945740045859,-0.12085779712788303,21.972013772577647,0.19807692307692307,110813.40374938064
5,-85,-40,10,-80,50,27,0.7037037037037037,1.6105862411943168,0.004150007671509962,0.004757608071528141,9.0,0.10813403749380646,2.655489183017241,2.62945740045859,-0.12085779712788303,21.972013772577647,0.19807692307692307,110813.40374938064
5,-85,-30,10,-80,0,27,0.7037037037037037,1.6105862411943168,0.004150007671509962,0.004757608071528141,9.0,0.10813403749380646,2.655489183017241,2.62945740045859,-0.12085779712788303,21.972013772577647,0.19807692307692307,110813.40374938064
5,-85,-30,10,-80,50,27,0.7037037037037037,1.6105862411943168,0.004150007671509962,0.004757608071528141,9.0,0.10813403749380646,2.655489183017241,2.62945740045859,-0.12085779712788303,21.972013772577647,0.19807692307692307,110813.40374938064
2,-85,-40,3,-50,50,41,0.6097560975609756,1.4676422284456199,0.0031446008275787334,0.003240121152356279,17.975609756097562,0.12305987126296913,3.3281301706517112,1.9992777631649865,-0.1519532723963799,21.90232640709487,0.2423076923076923,112305.98712629691
3,-90,-30,3,-50,0,35,0.6571428571428571,1.5075050864663175,0.003985836383102735,0.004763512246352297,16.714285714285715,0.12810792850303154,3.580249645872894,2.0823226388478715,-0.16427600690501587,21.794111710683282,0.2173076923076923,112810.79285030316
3,-90,-20,3,-50,0,35,0.6571428571428571,1.5075050864663175,0.003985836383102735,0.004763512246352297,16.714285714285715,0.12810792850303154,3.580249645872894,2.0823226388478715,-0.16427600690501587,21.794111710683282,0.2173076923076923,112810.79285030316
10,-90,-40,10,-120,0,19,0.631578947368421,1.726869423988428,0.004507485560794617,0.006876487701666267,11.105263157894736,0.08411878960687003,1.7721719105690639,2.4389610599288143,-0.08139134490017674,21.773468822054266,0.13653846153846153,108411.87896068701
10,-90,-40,10,-120,50,19,0.631578947368421,1.726869423988428,0.004507485560794617,0.006876487701666267,11.105263157894736,0.08411878960687003,1.7721719105690639,2.4389610599288143,-0.08139134490017674,21.773468822054266,0.13653846153846153,108411.87896068701
10,-90,-30,10,-120,0,19,0.631578947368421,1.726869423988428,0.004507485560794617,0.006876487701666267,11.105263157894736,0.08411878960687003,1.7721719105690639,2.4389610599288143,-0.08139134490017674,21.773468822054266,0.13653846153846153,108411.87896068701
10,-90,-30,10,-120,50,19,0.631578947368421,1.726869423988428,0.004507485560794617,0.006876487701666267,11.105263157894736,0.08411878960687003,1.7721719105690639,2.4389610599288143,-0.08139134490017674,21.773468822054266,0.13653846153846153,108411.87896068701
10,-90,-20,10,-120,0,19,0.631578947368421,1.726869423988428,0.004507485560794617,0.006876487701666267,11.105263157894736,0.08411878960687003,1.7721719105690639,2.4389610599288143,-0.08139134490017674,21.773468822054266,0.13653846153846153,108411.87896068701
10,-90,-20,10,-120,50,19,0.631578947368421,1.726869423988428,0.004507485560794617,0.006876487701666267,11.105263157894736,0.08411878960687003,1.7721719105690639,2.4389610599288143,-0.08139134490017674,21.773468822054266,0.13653846153846153,108411.87896068701
7,-95,-40,7,-120,0,15,0.7333333333333333,1.8426910048850174,0.005652765491983517,0.006953096740484721,8.4,0.08346817658007444,1.7512424366175128,2.5170555962370234,-0.08110567784216316,21.592106535692146,0.1076923076923077,108346.81765800745
7,-95,-40,7,-120,50,15,0.7333333333333333,1.8426910048850174,0.005652765491983517,0.006953096740484721,8.4,0.08346817658007444,1.7512424366175128,2.5170555962370234,-0.08110567784216316,21.592106535692146,0.1076923076923077,108346.81765800745
7,-95,-30,7,-120,0,15,0.7333333333333333,1.8426910048850174,0.005652765491983517,0.006953096740484721,8.4,0.08346817658007444,1.7512424366175128,2.5170555962370234,-0.08110567784216316,21.592106535692146,0.1076923076923077,108346.81765800745
7,-95,-30,7,-120,50,15,0.7333333333333333,1.8426910048850174,0.005652765491983517,0.006953096740484721,8.4,0.08346817658007444,1.7512424366175128,2.5170555962370234,-0.08110567784216316,21.592106535692146,0.1076923076923077,108346.81765800745
7,-95,-20,7,-120,0,15,0.7333333333333333,1.8426910048850174,0.005652765491983517,0.006953096740484721,8.4,0.08346817658007444,1.7512424366175128,2.5170555962370234,-0.08110567784216316,21.592106535692146,0.1076923076923077,108346.81765800745
7,-95,-20,7,-120,50,15,0.7333333333333333,1.8426910048850174,0.005652765491983517,0.006953096740484721,8.4,0.08346817658007444,1.7512424366175128,2.5170555962370234,-0.08110567784216316,21.592106535692146,0.1076923076923077,108346.81765800745
3,-90,-20,5,-50,50,29,0.6896551724137931,1.4953592541650995,0.004950737603067653,0.006029785688339784,17.96551724137931,0.12750052426345726,3.5492137543150184,2.0335106579621045,-0.16462165361500636,21.55982324546085,0.22884615384615384,112750.05242634572
5,-90,-40,3,-100,0,13,0.8461538461538461,2.2979420451622325,0.003838851404153042,0.006029785688339784,13.615384615384615,0.05000378875102229,0.8514814865552796,3.574338002840913,-0.0396713493386226,21.46338606451956,0.07115384615384615,105000.37887510222
5,-90,-30,3,-100,0,13,0.8461538461538461,2.2979420451622325,0.003838851404153042,0.006029785688339784,13.615384615384615,0.05000378875102229,0.8514814865552796,3.574338002840913,-0.0396713493386226,21.46338606451956,0.07115384615384615,105000.37887510222
5,-90,-20,3,-100,0,13,0.8461538461538461,2.2979420451622325,0.003838851404153042,0.006029785688339784,13.615384615384615,0.05000378875102229,0.8514814865552796,3.574338002840913,-0.0396713493386226,21.46338606451956,0.07115384615384615,105000.37887510222
2,-80,-20,7,-120,0,25,0.72,1.6210604108692759,0.004003053665777423,0.006029785688339784,9.04,0.09647561278621075,2.198587095999879,2.5197053008226318,-0.10506022990446151,20.926920662549524,0.16538461538461538,109647.56127862108
2,-80,-20,7,-120,50,25,0.72,1.6210604108692759,0.004003053665777423,0.006029785688339784,9.04,0.09647561278621075,2.198587095999879,2.5197053008226318,-0.10506022990446151,20.926920662549524,0.16538461538461538,109647.56127862108
5,-90,-40,10,-100,0,21,0.6666666666666666,1.5659822773651595,0.004188020690157271,0.006876487701666267,10.285714285714286,0.08458198941067163,1.7871617491658824,2.424853933347742,-0.08628254726277063,20.712899721459785,0.14615384615384616,108458.19894106717
5,-90,-40,10,-100,50,21,0.6666666666666666,1.5659822773651595,0.004188020690157271,0.006876487701666267,10.285714285714286,0.08458198941067163,1.7871617491658824,2.424853933347742,-0.08628254726277063,20.712899721459785,0.14615384615384616,108458.19894106717
5,-90,-30,10,-100,0,21,0.6666666666666666,1.5659822773651595,0.004188020690157271,0.006876487701666267,10.285714285714286,0.08458198941067163,1.7871617491658824,2.424853933347742,-0.08628254726277063,20.712899721459785,0.14615384615384616,108458.19894106717
5,-90,-30,10,-100,50,21,0.6666666666666666,1.5659822773651595,0.004188020690157271,0.006876487701666267,10.285714285714286,0.08458198941067163,1.7871617491658824,2.424853933347742,-0.08628254726277063,20.712899721459785,0.14615384615384616,108458.19894106717
5,-90,-20,10,-100,0,21,0.6666666666666666,1.5659822773651595,0.004188020690157271,0.006876487701666267,10.285714285714286,0.08458198941067163,1.7871617491658824,2.424853933347742,-0.08628254726277063,20.712899721459785,0.14615384615384616,108458.19894106717
5,-90,-20,10,-100,50,21,0.6666666666666666,1.5659822773651595,0.004188020690157271,0.006876487701666267,10.285714285714286,0.08458198941067163,1.7871617491658824,2.424853933347742,-0.08628254726277063,20.712899721459785,0.14615384615384616,108458.19894106717
2,-80,-30,10,-120,0,23,0.6956521739130435,1.6998613364437798,0.004304172419817736,0.006876487701666267,9.043478260869565,0.09767461094567897,2.243024262815936,2.867166526033909,-0.11196388449501893,20.033462334148687,0.13076923076923078,109767.46109456789
2,-80,-30,10,-120,50,23,0.6956521739130435,1.6998613364437798,0.004304172419817736,0.006876487701666267,9.043478260869565,0.09767461094567897,2.243024262815936,2.867166526033909,-0.11196388449501893,20.033462334148687,0.13076923076923078,109767.46109456789
2,-85,-30,3,-80,50,39,0.6410256410256411,1.4398359493327306,0.0031823919918306685,0.004757608071528141,17.102564102564102,0.11653753503286546,3.02129717626278,1.930938445570631,-0.1519532723963799,19.88306752869087,0.2423076923076923,111653.75350328654
3,-90,-30,5,-50,50,29,0.6896551724137931,1.4773470988389608,0.004770719860518951,0.006029785688339784,17.896551724137932,0.12171538488520706,3.2631709527324864,1.9661542562211247,-0.16462165361500636,19.822246229915326,0.225,112171.5384885207
7,-90,-40,3,-100,0,13,0.8461538461538461,2.21110771335957,0.0035820263033622913,0.0058291796908001015,13.615384615384615,0.0465262890081235,0.775543339269108,3.4495862835220064,-0.039671349338622375,19.549204960217253,0.07115384615384615,104652.62890081236
7,-90,-30,3,-100,0,13,0.8461538461538461,2.21110771335957,0.0035820263033622913,0.0058291796908001015,13.615384615384615,0.0465262890081235,0.775543339269108,3.4495862835220064,-0.039671349338622375,19.549204960217253,0.07115384615384615,104652.62890081236
7,-90,-20,3,-100,0,13,0.8461538461538461,2.21110771335957,0.0035820263033622913,0.0058291796908001015,13.615384615384615,0.0465262890081235,0.775543339269108,3.4495862835220064,-0.039671349338622375,19.549204960217253,0.07115384615384615,104652.62890081236
3,-90,-30,3,-80,50,34,0.6470588235294118,1.4785683143687278,0.0038883797880138083,0.004105445468824631,15.147058823529411,0.11987420148497963,3.175669594393206,2.001303482196743,-0.1642760069050161,19.331305004445163,0.2173076923076923,111987.42014849796
3,-90,-20,3,-80,50,34,0.6470588235294118,1.4785683143687278,0.0038883797880138083,0.004105445468824631,15.147058823529411,0.11987420148497963,3.175669594393206,2.001303482196743,-0.1642760069050161,19.331305004445163,0.2173076923076923,111987.42014849796
3,-90,-30,5,-50,0,29,0.6896551724137931,1.47139412778223,0.004711224459125464,0.0058291796908001015,17.862068965517242,0.11979277859171567,3.171838468432008,1.9436709628950062,-0.16462165361500636,19.26744385553222,0.2230769230769231,111979.27785917156
3,-90,-20,5,-50,0,29,0.6896551724137931,1.47139412778223,0.004711224459125464,0.0058291796908001015,17.862068965517242,0.11979277859171567,3.171838468432008,1.9436709628950062,-0.16462165361500636,19.26744385553222,0.2230769230769231,111979.27785917156
7,-80,-40,3,-50,50,38,0.6842105263157895,1.3786142119919054,0.003707454225424663,0.005329123035649919,28.05263157894737,0.12173108303279623,3.263924204806403,1.9146588947088103,-0.17263324683596581,18.906695347668155,0.23461538461538461,112173.10830327963
7,-80,-30,3,-50,50,38,0.6842105263157895,1.3786142119919054,0.003707454225424663,0.005329123035649919,28.05263157894737,0.12173108303279623,3.263924204806403,1.9146588947088103,-0.17263324683596581,18.906695347668155,0.23461538461538461,112173.10830327963
3,-95,-40,3,-100,50,8,0.875,2.2521927787564344,0.006287764200209295,0.007527667648558389,45.0,0.04973901602655628,0.8455961422024816,3.541282179530139,-0.045165777491507075,18.722054377597875,0.05384615384615385,104973.90160265563
3,-95,-30,3,-100,50,8,0.875,2.2521927787564344,0.006287764200209295,0.007527667648558389,45.0,0.04973901602655628,0.8455961422024816,3.541282179530139,-0.045165777491507075,18.722054377597875,0.05384615384615385,104973.90160265563
3,-95,-20,3,-100,50,8,0.875,2.2521927787564344,0.006287764200209295,0.007527667648558389,45.0,0.04973901602655628,0.8455961422024816,3.541282179530139,-0.045165777491507075,18.722054377597875,0.05384615384615385,104973.90160265563
2,-95,-40,7,-120,0,18,0.7222222222222222,1.8534544846034477,0.0034687448478789512,0.005727116224296336,6.222222222222222,0.062528408991535,1.1504553025491777,2.543635761085464,-0.061627194230995386,18.66798118760624,0.08076923076923077,106252.84089915351
2,-95,-40,7,-120,50,18,0.7222222222222222,1.8534544846034477,0.0034687448478789512,0.005727116224296336,6.222222222222222,0.062528408991535,1.1504553025491777,2.543635761085464,-0.061627194230995386,18.66798118760624,0.08076923076923077,106252.84089915351
2,-85,-40,3,-80,0,40,0.575,1.421164608521622,0.0029265118821934556,0.002802792687354949,16.45,0.10986645333929124,2.728294317420406,1.86297677327258,-0.15195327239638012,17.95482436405496,0.225,110986.64533392912
2,-80,-40,10,-120,0,23,0.6086956521739131,1.5657047638181796,0.0034156246717902887,0.006876487701666267,8.652173913043478,0.0769183095302457,1.5484968534385204,2.459022849122979,-0.08727773053347665,17.74217597058819,0.11346153846153846,107691.83095302458
2,-80,-40,10,-120,50,23,0.6086956521739131,1.5657047638181796,0.0034156246717902887,0.006876487701666267,8.652173913043478,0.0769183095302457,1.5484968534385204,2.459022849122979,-0.08727773053347665,17.74217597058819,0.11346153846153846,107691.83095302458
3,-90,-40,7,-100,0,23,0.6086956521739131,1.4693481449085657,0.0039404187526796974,0.003447378691296965,9.782608695652174,0.07997894448863563,1.6414589928571832,1.591946151395034,-0.09446367315342252,17.376616196061093,0.16346153846153846,107997.89444886356
3,-90,-40,7,-100,50,23,0.6086956521739131,1.4693481449085657,0.0039404187526796974,0.003447378691296965,9.782608695652174,0.07997894448863563,1.6414589928571832,1.591946151395034,-0.09446367315342252,17.376616196061093,0.16346153846153846,107997.89444886356
2,-90,-20,3,-50,0,34,0.6764705882352942,1.475762717644511,0.003785563806563037,0.004079812409001238,17.205882352941178,0.11603509426380954,2.998512194222368,1.9406168257970398,-0.17263324683596581,17.36926257936584,0.2173076923076923,111603.50942638094
2,-85,-40,3,-50,0,41,0.5853658536585366,1.4084574424005178,0.002802710173032236,0.003240121152356279,17.878048780487806,0.10746604613368538,2.6277681395726495,1.8141134206207503,-0.15195327239638012,17.293264555158398,0.23461538461538461,110746.60461336853
7,-85,-40,3,-100,0,15,0.8666666666666667,2.3257912497754054,0.003398390195576299,0.0058291796908001015,12.2,0.05124418776067463,0.8792837765312598,2.6226363393323395,-0.05094373149585807,17.259901281529586,0.08269230769230769,105124.41877606745
7,-85,-30,3,-100,0,15,0.8666666666666667,2.3257912497754054,0.003398390195576299,0.0058291796908001015,12.2,0.05124418776067463,0.8792837765312598,2.6226363393323395,-0.05094373149585807,17.259901281529586,0.08269230769230769,105124.41877606745
7,-85,-20,3,-100,0,15,0.8666666666666667,2.3257912497754054,0.003398390195576299,0.0058291796908001015,12.2,0.05124418776067463,0.8792837765312598,2.6226363393323395,-0.05094373149585807,17.259901281529586,0.08269230769230769,105124.41877606745
3,-95,-30,3,-80,50,24,0.625,1.4763474398427696,0.004692832896560477,0.004638279191048533,20.333333333333332,0.09903599174956579,2.294168391701963,1.7608043500920079,-0.13322631972231014,17.22008381289677,0.16538461538461538,109903.59917495657
3,-95,-20,3,-80,50,24,0.625,1.4763474398427696,0.004692832896560477,0.004638279191048533,20.333333333333332,0.09903599174956579,2.294168391701963,1.7608043500920079,-0.13322631972231014,17.22008381289677,0.16538461538461538,109903.59917495657
10,-95,-40,10,-120,0,13,0.6153846153846154,1.7799788438471544,0.006082684003546177,0.006953096740484721,9.23076923076923,0.07713686901636141,1.5550340249357815,2.3875846470385844,-0.09060295548107855,17.16317107625185,0.09615384615384616,107713.68690163615
10,-95,-40,10,-120,50,13,0.6153846153846154,1.7799788438471544,0.006082684003546177,0.006953096740484721,9.23076923076923,0.07713686901636141,1.5550340249357815,2.3875846470385844,-0.09060295548107855,17.16317107625185,0.09615384615384616,107713.68690163615
10,-95,-30,10,-120,0,13,0.6153846153846154,1.7799788438471544,0.006082684003546177,0.006953096740484721,9.23076923076923,0.07713686901636141,1.5550340249357815,2.3875846470385844,-0.09060295548107855,17.16317107625185,0.09615384615384616,107713.68690163615
10,-95,-30,10,-120,50,13,0.6153846153846154,1.7799788438471544,0.006082684003546177,0.006953096740484721,9.23076923076923,0.07713686901636141,1.5550340249357815,2.3875846470385844,-0.09060295548107855,17.16317107625185,0.09615384615384616,107713.68690163615
10,-95,-20,10,-120,0,13,0.6153846153846154,1.7799788438471544,0.006082684003546177,0.006953096740484721,9.23076923076923,0.07713686901636141,1.5550340249357815,2.3875846470385844,-0.09060295548107855,17.16317107625185,0.09615384615384616,107713.68690163615
10,-95,-20,10,-120,50,13,0.6153846153846154,1.7799788438471544,0.006082684003546177,0.006953096740484721,9.23076923076923,0.07713686901636141,1.5550340249357815,2.3875846470385844,-0.09060295548107855,17.16317107625185,0.09615384615384616,107713.68690163615
3,-95,-20,5,-50,50,21,0.6666666666666666,1.5446159353566045,0.0060210496101056705,0.006309093453046755,11.0,0.11153770887866155,2.7997922422200796,1.9595429680170338,-0.16462165361500636,17.007436025201365,0.175,111153.77088786617
2,-85,-20,3,-50,50,40,0.675,1.4161862794846356,0.003093428013447705,0.005296345968576199,18.7,0.11459894722843944,2.9340388079219757,1.8874396413304972,-0.1726332468359656,16.995792303610383,0.26346153846153847,111459.89472284394
3,-95,-40,7,-80,0,20,0.65,1.575743922900896,0.005035078294948259,0.004638279191048533,11.0,0.09103752860359826,2.0039917608769504,1.766000353674204,-0.11815570526257713,16.960600898818086,0.15384615384615385,109103.75286035983
3,-95,-40,7,-80,50,20,0.65,1.575743922900896,0.005035078294948259,0.004638279191048533,11.0,0.09103752860359826,2.0039917608769504,1.766000353674204,-0.11815570526257713,16.960600898818086,0.15384615384615385,109103.75286035983
5,-95,-40,10,-80,0,19,0.6842105263157895,1.5668231296634203,0.004507091938806752,0.006876487701666267,7.526315789473684,0.08208044417213611,1.7070859442176514,2.4421113966060926,-0.10088650892809226,16.920854555829578,0.14038461538461539,108208.04441721362
5,-95,-40,10,-80,50,19,0.6842105263157895,1.5668231296634203,0.004507091938806752,0.006876487701666267,7.526315789473684,0.08208044417213611,1.7070859442176514,2.4421113966060926,-0.10088650892809226,16.920854555829578,0.14038461538461539,108208.04441721362
5,-95,-30,10,-80,0,19,0.6842105263157895,1.5668231296634203,0.004507091938806752,0.006876487701666267,7.526315789473684,0.08208044417213611,1.7070859442176514,2.4421113966060926,-0.10088650892809226,16.920854555829578,0.14038461538461539,108208.04441721362
5,-95,-30,10,-80,50,19,0.6842105263157895,1.5668231296634203,0.004507091938806752,0.006876487701666267,7.526315789473684,0.08208044417213611,1.7070859442176514,2.4421113966060926,-0.10088650892809226,16.920854555829578,0.14038461538461539,108208.04441721362
5,-95,-20,10,-80,0,19,0.6842105263157895,1.5668231296634203,0.004507091938806752,0.006876487701666267,7.526315789473684,0.08208044417213611,1.7070859442176514,2.4421113966060926,-0.10088650892809226,16.920854555829578,0.14038461538461539,108208.04441721362
5,-95,-20,10,-80,50,19,0.6842105263157895,1.5668231296634203,0.004507091938806752,0.006876487701666267,7.526315789473684,0.08208044417213611,1.7070859442176514,2.4421113966060926,-0.10088650892809226,16.920854555829578,0.14038461538461539,108208.04441721362
2,-85,-30,3,-50,0,40,0.625,1.3999247443926222,0.002863887909419821,0.00407686032158916,18.4,0.1059641157556801,2.5661448141008076,1.791525785740633,-0.15195327239638012,16.887723269340654,0.2403846153846154,110596.41157556801
3,-95,-40,3,-80,0,24,0.5833333333333334,1.446705954981614,0.004528333932361822,0.0031697562321297834,20.25,0.09443027949950555,2.1240749821281275,1.7044513329165665,-0.12666181023492995,16.769655969612568,0.16153846153846155,109443.02794995056
2,-90,-20,7,-50,50,26,0.6538461538461539,1.451410173984746,0.0039482685624662,0.005929482689569943,19.615384615384617,0.09114269756108762,2.007649363137581,1.660559493993682,-0.12035673720079088,16.680822443601343,0.2076923076923077,109114.26975610876
5,-85,-40,3,-100,0,16,0.875,2.270289800996268,0.0030526160363511176,0.005296345968576199,11.6875,0.04903927343629566,0.83012514522997,2.464042757633195,-0.05094373149585807,16.294941906590854,0.09038461538461538,104903.92734362956
5,-85,-30,3,-100,0,16,0.875,2.270289800996268,0.0030526160363511176,0.005296345968576199,11.6875,0.04903927343629566,0.83012514522997,2.464042757633195,-0.05094373149585807,16.294941906590854,0.09038461538461538,104903.92734362956
5,-85,-20,3,-100,0,16,0.875,2.270289800996268,0.0030526160363511176,0.005296345968576199,11.6875,0.04903927343629566,0.83012514522997,2.464042757633195,-0.05094373149585807,16.294941906590854,0.09038461538461538,104903.92734362956
2,-90,-20,7,-50,0,26,0.6538461538461539,1.4431633850656878,0.0038761378500744314,0.005296345968576199,19.53846153846154,0.08910986594628656,1.9376721653149054,1.6340626837840777,-0.12035673720079088,16.0994075643833,0.20384615384615384,108910.98659462866
2,-90,-20,3,-80,50,33,0.6666666666666666,1.4569662974372817,0.0037651340573133358,0.004763512246352297,15.515151515151516,0.11106036040273093,2.7792430851225487,1.8947236984207654,-0.17263324683596581,16.099118426263246,0.21153846153846154,111106.03604027309
5,-85,-20,10,-100,50,24,0.6666666666666666,1.5156703606490733,0.0037947923775973245,0.00439715899022175,9.625,0.0858997596188944,1.8302159220309688,2.2285874360994304,-0.11467822031851616,15.959577302015898,0.175,108589.97596188945
2,-85,-30,7,-120,0,24,0.7083333333333334,1.628130096037526,0.003464274626144436,0.005393696879933962,8.791666666666666,0.08095875397737506,1.6718726141360039,2.4153765392480806,-0.10506022990446162,15.913468071184983,0.13653846153846153,108095.87539773752
2,-85,-30,7,-120,50,24,0.7083333333333334,1.628130096037526,0.003464274626144436,0.005393696879933962,8.791666666666666,0.08095875397737506,1.6718726141360039,2.4153765392480806,-0.10506022990446162,15.913468071184983,0.13653846153846153,108095.87539773752
2,-95,-30,7,-120,0,18,0.7222222222222222,1.6879445440043914,0.0038017820233395344,0.006592790577356511,6.611111111111111,0.06698654346059518,1.2671815565108413,2.4836519003505595,-0.07995054108287747,15.84956823740904,0.09423076923076923,106698.65434605953
2,-95,-30,7,-120,50,18,0.7222222222222222,1.6879445440043914,0.0038017820233395344,0.006592790577356511,6.611111111111111,0.06698654346059518,1.2671815565108413,2.4836519003505595,-0.07995054108287747,15.84956823740904,0.09423076923076923,106698.65434605953
3,-95,-30,5,-50,0,21,0.6666666666666666,1.5221299380950934,0.005772453679919367,0.006309093453046755,10.904761904761905,0.10583447377440791,2.560871128134109,1.8839318924065547,-0.16462165361500636,15.5561013505739,0.17115384615384616,110583.44737744078
3,-95,-30,5,-50,50,21,0.6666666666666666,1.5221299380950934,0.005772453679919367,0.006309093453046755,10.904761904761905,0.10583447377440791,2.560871128134109,1.8839318924065547,-0.16462165361500636,15.5561013505739,0.17115384615384616,110583.44737744078
3,-95,-20,5,-50,0,21,0.6666666666666666,1.5221299380950934,0.005772453679919367,0.006309093453046755,10.904761904761905,0.10583447377440791,2.560871128134109,1.8839318924065547,-0.16462165361500636,15.5561013505739,0.17115384615384616,110583.44737744078
5,-85,-40,10,-100,0,24,0.6666666666666666,1.5067507527331838,0.003729153429320814,0.00439715899022175,9.583333333333334,0.08420304124448985,1.7748928842682474,2.1913697186766044,-0.11457946730693169,15.490496910006772,0.17307692307692307,108420.30412444899
5,-85,-40,10,-100,50,24,0.6666666666666666,1.5067507527331838,0.003729153429320814,0.00439715899022175,9.583333333333334,0.08420304124448985,1.7748928842682474,2.1913697186766044,-0.11457946730693169,15.490496910006772,0.17307692307692307,108420.30412444899
5,-85,-30,10,-100,0,24,0.6666666666666666,1.5067507527331838,0.003729153429320814,0.00439715899022175,9.583333333333334,0.08420304124448985,1.7748928842682474,2.1913697186766044,-0.11457946730693169,15.490496910006772,0.17307692307692307,108420.30412444899
5,-85,-30,10,-100,50,24,0.6666666666666666,1.5067507527331838,0.003729153429320814,0.00439715899022175,9.583333333333334,0.08420304124448985,1.7748928842682474,2.1913697186766044,-0.11457946730693169,15.490496910006772,0.17307692307692307,108420.30412444899
5,-85,-20,10,-100,0,24,0.6666666666666666,1.5067507527331838,0.003729153429320814,0.00439715899022175,9.583333333333334,0.08420304124448985,1.7748928842682474,2.1913697186766044,-0.11457946730693169,15.490496910006772,0.17307692307692307,108420.30412444899
7,-80,-20,3,-80,50,37,0.6486486486486487,1.3405427489774158,0.003500429618528772,0.004829066380499736,26.864864864864863,0.10857152417871685,2.6737500487916233,1.7784754999121584,-0.17263324683596581,15.488036619807023,0.23076923076923078,110857.15241787168
2,-90,-40,7,-120,0,21,0.7142857142857143,1.6850604953265036,0.002826560509981276,0.005145138995545917,5.809523809523809,0.05899147020870377,1.0618133501703029,2.300648033355426,-0.06941428286234441,15.296756033279014,0.1,105899.14702087038
2,-90,-40,7,-120,50,21,0.7142857142857143,1.6850604953265036,0.002826560509981276,0.005145138995545917,5.809523809523809,0.05899147020870377,1.0618133501703029,2.300648033355426,-0.06941428286234441,15.296756033279014,0.1,105899.14702087038
10,-90,-40,7,-120,0,18,0.6111111111111112,1.621614581516624,0.0038445820510708056,0.00453465042157819,11.555555555555555,0.06667028724173263,1.2587126969005604,1.9900392245717997,-0.08497868305917466,14.812099359365918,0.13076923076923078,106667.02872417327
10,-90,-40,7,-120,50,18,0.6111111111111112,1.621614581516624,0.0038445820510708056,0.00453465042157819,11.555555555555555,0.06667028724173263,1.2587126969005604,1.9900392245717997,-0.08497868305917466,14.812099359365918,0.13076923076923078,106667.02872417327
10,-90,-30,7,-120,0,18,0.6111111111111112,1.621614581516624,0.0038445820510708056,0.00453465042157819,11.555555555555555,0.06667028724173263,1.2587126969005604,1.9900392245717997,-0.08497868305917466,14.812099359365918,0.13076923076923078,106667.02872417327
10,-90,-30,7,-120,50,18,0.6111111111111112,1.621614581516624,0.0038445820510708056,0.00453465042157819,11.555555555555555,0.06667028724173263,1.2587126969005604,1.9900392245717997,-0.08497868305917466,14.812099359365918,0.13076923076923078,106667.02872417327
10,-90,-20,7,-120,0,18,0.6111111111111112,1.621614581516624,0.0038445820510708056,0.00453465042157819,11.555555555555555,0.06667028724173263,1.2587126969005604,1.9900392245717997,-0.08497868305917466,14.812099359365918,0.13076923076923078,106667.02872417327
10,-90,-20,7,-120,50,18,0.6111111111111112,1.621614581516624,0.0038445820510708056,0.00453465042157819,11.555555555555555,0.06667028724173263,1.2587126969005604,1.9900392245717997,-0.08497868305917466,14.812099359365918,0.13076923076923078,106667.02872417327
2,-80,-20,10,-120,0,22,0.6818181818181818,1.493748020098525,0.0038210102143167598,0.005817047886597204,9.954545454545455,0.07879894811781774,1.6052547258872676,2.158527064689074,-0.10904650708141106,14.720826634903853,0.1519230769230769,107879.89481178176
2,-80,-20,10,-120,50,22,0.6818181818181818,1.493748020098525,0.0038210102143167598,0.005817047886597204,9.954545454545455,0.07879894811781774,1.6052547258872676,2.158527064689074,-0.10904650708141106,14.720826634903853,0.1519230769230769,107879.89481178176
3,-85,-30,10,-100,50,22,0.6363636363636364,1.4523575485674864,0.0037367458888375752,0.004102493381412553,10.090909090909092,0.0761856808625303,1.5266959083473282,2.0353464425657446,-0.10378215947654168,14.710581433723334,0.1576923076923077,107618.56808625303
3,-85,-20,10,-100,50,22,0.6363636363636364,1.4523575485674864,0.0037367458888375752,0.004102493381412553,10.090909090909092,0.0761856808625303,1.5266959083473282,2.0353464425657446,-0.10378215947654168,14.710581433723334,0.1576923076923077,107618.56808625303
7,-95,-40,10,-120,0,14,0.6428571428571429,1.6643377769733403,0.005243345339066706,0.006914792221075494,9.071428571428571,0.07099024458249081,1.3769530578802813,2.2129178506668246,-0.09579238149992253,14.374348317892013,0.10961538461538461,107099.02445824909
7,-95,-40,10,-120,50,14,0.6428571428571429,1.6643377769733403,0.005243345339066706,0.006914792221075494,9.071428571428571,0.07099024458249081,1.3769530578802813,2.2129178506668246,-0.09579238149992253,14.374348317892013,0.10961538461538461,107099.02445824909
7,-95,-30,10,-120,0,14,0.6428571428571429,1.6643377769733403,0.005243345339066706,0.006914792221075494,9.071428571428571,0.07099024458249081,1.3769530578802813,2.2129178506668246,-0.09579238149992253,14.374348317892013,0.10961538461538461,107099.02445824909
7,-95,-30,10,-120,50,14,0.6428571428571429,1.6643377769733403,0.005243345339066706,0.006914792221075494,9.071428571428571,0.07099024458249081,1.3769530578802813,2.2129178506668246,-0.09579238149992253,14.374348317892013,0.10961538461538461,107099.02445824909
7,-95,-20,10,-120,0,14,0.6428571428571429,1.6643377769733403,0.005243345339066706,0.006914792221075494,9.071428571428571,0.07099024458249081,1.3769530578802813,2.2129178506668246,-0.09579238149992253,14.374348317892013,0.10961538461538461,107099.02445824909
7,-95,-20,10,-120,50,14,0.6428571428571429,1.6643377769733403,0.005243345339066706,0.006914792221075494,9.071428571428571,0.07099024458249081,1.3769530578802813,2.2129178506668246,-0.09579238149992253,14.374348317892013,0.10961538461538461,107099.02445824909
3,-90,-40,3,-80,0,34,0.6176470588235294,1.4087851057932461,0.003249601828948502,0.003343749921826622,15.058823529411764,0.09637355131616121,2.194830516240761,1.7116067584118,-0.15332643053613815,14.31475648761974,0.21153846153846154,109637.35513161613
2,-85,-30,10,-80,50,26,0.6923076923076923,1.5125173278331483,0.0030146031314316393,0.00399886461194221,8.653846153846153,0.07514409200606642,1.4959967057903416,2.167918755894481,-0.10506022990446162,14.239419684791788,0.16346153846153846,107514.40920060665
5,-90,-40,10,-80,0,22,0.6818181818181818,1.4452254199932326,0.003284316467040431,0.004638279191048533,10.227272727272727,0.0675639155455201,1.282718158304764,1.9814853037717326,-0.0911024406691534,14.079953828713204,0.16346153846153846,106756.39155455201
5,-90,-40,10,-80,50,22,0.6818181818181818,1.4452254199932326,0.003284316467040431,0.004638279191048533,10.227272727272727,0.0675639155455201,1.282718158304764,1.9814853037717326,-0.0911024406691534,14.079953828713204,0.16346153846153846,106756.39155455201
5,-90,-30,10,-80,0,22,0.6818181818181818,1.4452254199932326,0.003284316467040431,0.004638279191048533,10.227272727272727,0.0675639155455201,1.282718158304764,1.9814853037717326,-0.0911024406691534,14.079953828713204,0.16346153846153846,106756.39155455201
5,-90,-30,10,-80,50,22,0.6818181818181818,1.4452254199932326,0.003284316467040431,0.004638279191048533,10.227272727272727,0.0675639155455201,1.282718158304764,1.9814853037717326,-0.0911024406691534,14.079953828713204,0.16346153846153846,106756.39155455201
5,-90,-20,10,-80,0,22,0.6818181818181818,1.4452254199932326,0.003284316467040431,0.004638279191048533,10.227272727272727,0.0675639155455201,1.282718158304764,1.9814853037717326,-0.0911024406691534,14.079953828713204,0.16346153846153846,106756.39155455201
5,-90,-20,10,-80,50,22,0.6818181818181818,1.4452254199932326,0.003284316467040431,0.004638279191048533,10.227272727272727,0.0675639155455201,1.282718158304764,1.9814853037717326,-0.0911024406691534,14.079953828713204,0.16346153846153846,106756.39155455201
3,-85,-30,10,-100,0,22,0.6363636363636364,1.4436891583936313,0.0036651397634450186,0.004102493381412553,10.045454545454545,0.07450414073618195,1.4773058628513804,1.9975952276344515,-0.10498229152874194,14.07195291071471,0.15576923076923077,107450.4140736182
3,-85,-20,10,-100,0,22,0.6363636363636364,1.4436891583936313,0.0036651397634450186,0.004102493381412553,10.045454545454545,0.07450414073618195,1.4773058628513804,1.9975952276344515,-0.10498229152874194,14.07195291071471,0.15576923076923077,107450.4140736182
2,-85,-40,10,-100,50,22,0.5454545454545454,1.4364102370950733,0.002982464675735839,0.002628256231180126,9.136363636363637,0.06250817658581553,1.1499384152494012,1.9668617661694074,-0.08298892809112857,13.856528114047643,0.11730769230769231,106250.81765858155
2,-85,-30,10,-80,0,26,0.6923076923076923,1.5022163627572491,0.002954013333022553,0.00399886461194221,8.615384615384615,0.07346417936230676,1.4472067463617377,2.1263192749059145,-0.10506022990446151,13.775019792720636,0.16153846153846155,107346.41793623067
2,-90,-40,10,-80,50,23,0.6521739130434783,1.6018644220880576,0.0029110468718360856,0.003240121152356279,6.0,0.06618090746763783,1.245665247934713,2.3131706918152783,-0.09074699068347136,13.726794007744415,0.13076923076923078,106618.09074676379
3,-80,-40,10,-100,0,25,0.64,1.4334898170825578,0.003479933682120917,0.004036709908915359,11.88,0.08042774486923432,1.6553501225786804,1.9979212411588216,-0.1206989488409036,13.714702062241157,0.1673076923076923,108042.77448692343
3,-80,-40,10,-100,50,25,0.64,1.4334898170825578,0.003479933682120917,0.004036709908915359,11.88,0.08042774486923432,1.6553501225786804,1.9979212411588216,-0.1206989488409036,13.714702062241157,0.1673076923076923,108042.77448692343
2,-85,-40,7,-120,0,24,0.625,1.4848103700636588,0.002621699304201424,0.002802792687354949,8.416666666666666,0.060518538369330965,1.0996632766483345,1.978014160668331,-0.08018216406327339,13.714562203391862,0.11923076923076924,106051.8538369331
2,-85,-40,7,-120,50,24,0.625,1.4848103700636588,0.002621699304201424,0.002802792687354949,8.416666666666666,0.060518538369330965,1.0996632766483345,1.978014160668331,-0.08018216406327339,13.714562203391862,0.11923076923076924,106051.8538369331
2,-90,-30,7,-120,0,21,0.7142857142857143,1.5785407548027268,0.003112020946090347,0.006029785688339784,6.142857142857143,0.06343476446401675,1.173728137912358,2.2755529050255623,-0.08758557338322304,13.400929999930616,0.11346153846153846,106343.47644640168
2,-90,-30,7,-120,50,21,0.7142857142857143,1.5785407548027268,0.003112020946090347,0.006029785688339784,6.142857142857143,0.06343476446401675,1.173728137912358,2.2755529050255623,-0.08758557338322304,13.400929999930616,0.11346153846153846,106343.47644640168
2,-85,-40,10,-100,0,22,0.5454545454545454,1.425932444545086,0.002910858550343282,0.002628256231180126,9.090909090909092,0.0608480075599005,1.1079129559166048,1.9218587771433528,-0.08442175789098594,13.12354757344968,0.11538461538461539,106084.80075599004
2,-90,-40,10,-80,0,23,0.6521739130434783,1.5877034034961472,0.002842554056243205,0.003240121152356279,5.956521739130435,0.06451499979971964,1.201768588903564,2.2615310668492046,-0.09216769851052842,13.038934554346984,0.12884615384615383,106451.49997997197
5,-85,-40,10,-120,0,22,0.6818181818181818,1.4517048345118186,0.0034956470026583845,0.005027152955734304,10.136363636363637,0.071194332116294,1.3826775790226113,1.9743094522250477,-0.10777412948685006,12.829401504851099,0.1596153846153846,107119.4332116294
5,-85,-40,10,-120,50,22,0.6818181818181818,1.4517048345118186,0.0034956470026583845,0.005027152955734304,10.136363636363637,0.071194332116294,1.3826775790226113,1.9743094522250477,-0.10777412948685006,12.829401504851099,0.1596153846153846,107119.4332116294
5,-85,-30,10,-120,0,22,0.6818181818181818,1.4517048345118186,0.0034956470026583845,0.005027152955734304,10.136363636363637,0.071194332116294,1.3826775790226113,1.9743094522250477,-0.10777412948685006,12.829401504851099,0.1596153846153846,107119.4332116294
5,-85,-30,10,-120,50,22,0.6818181818181818,1.4517048345118186,0.0034956470026583845,0.005027152955734304,10.136363636363637,0.071194332116294,1.3826775790226113,1.9743094522250477,-0.10777412948685006,12.829401504851099,0.1596153846153846,107119.4332116294
5,-85,-20,10,-120,0,22,0.6818181818181818,1.4517048345118186,0.0034956470026583845,0.005027152955734304,10.136363636363637,0.071194332116294,1.3826775790226113,1.9743094522250477,-0.10777412948685006,12.829401504851099,0.1596153846153846,107119.4332116294
5,-85,-20,10,-120,50,22,0.6818181818181818,1.4517048345118186,0.0034956470026583845,0.005027152955734304,10.136363636363637,0.071194332116294,1.3826775790226113,1.9743094522250477,-0.10777412948685006,12.829401504851099,0.1596153846153846,107119.4332116294
7,-80,-40,3,-80,50,37,0.6486486486486487,1.3102801877901975,0.003189361578377069,0.004829066380499736,26.83783783783784,0.09639027759339003,2.195445882393337,1.639929099071202,-0.17263324683596581,12.717399009933615,0.22884615384615384,109639.027759339
7,-80,-30,3,-80,50,37,0.6486486486486487,1.3102801877901975,0.003189361578377069,0.004829066380499736,26.83783783783784,0.09639027759339003,2.195445882393337,1.639929099071202,-0.17263324683596581,12.717399009933615,0.22884615384615384,109639.027759339
5,-95,-40,3,-100,50,8,0.875,1.9585506480124621,0.004123745914426394,0.007527667648558389,12.25,0.032504407236988664,0.49752947183087914,2.6033785553470556,-0.03944101038183001,12.614521459117713,0.05384615384615385,103250.44072369888
5,-95,-30,3,-100,50,8,0.875,1.9585506480124621,0.004123745914426394,0.007527667648558389,12.25,0.032504407236988664,0.49752947183087914,2.6033785553470556,-0.03944101038183001,12.614521459117713,0.05384615384615385,103250.44072369888
5,-95,-20,3,-100,50,8,0.875,1.9585506480124621,0.004123745914426394,0.007527667648558389,12.25,0.032504407236988664,0.49752947183087914,2.6033785553470556,-0.03944101038183001,12.614521459117713,0.05384615384615385,103250.44072369888
3,-95,-30,3,-80,0,24,0.5833333333333334,1.3920456752135804,0.003974233417547407,0.0031697562321297834,20.291666666666668,0.08027659813045052,1.650664381492179,1.5175903770907877,-0.13322631972231014,12.389927042439783,0.16346153846153846,108027.65981304506
3,-95,-20,3,-80,0,24,0.5833333333333334,1.3920456752135804,0.003974233417547407,0.0031697562321297834,20.291666666666668,0.08027659813045052,1.650664381492179,1.5175903770907877,-0.13322631972231014,12.389927042439783,0.16346153846153846,108027.65981304506
5,-95,-40,10,-100,0,16,0.625,1.4681320426018976,0.004420290790098334,0.006914792221075494,8.1875,0.0661171252209618,1.2439698585394066,2.063549541510559,-0.10088650892809214,12.330388589678114,0.11730769230769231,106611.71252209618
5,-95,-40,10,-100,50,16,0.625,1.4681320426018976,0.004420290790098334,0.006914792221075494,8.1875,0.0661171252209618,1.2439698585394066,2.063549541510559,-0.10088650892809214,12.330388589678114,0.11730769230769231,106611.71252209618
5,-95,-30,10,-100,0,16,0.625,1.4681320426018976,0.004420290790098334,0.006914792221075494,8.1875,0.0661171252209618,1.2439698585394066,2.063549541510559,-0.10088650892809214,12.330388589678114,0.11730769230769231,106611.71252209618
5,-95,-30,10,-100,50,16,0.625,1.4681320426018976,0.004420290790098334,0.006914792221075494,8.1875,0.0661171252209618,1.2439698585394066,2.063549541510559,-0.10088650892809214,12.330388589678114,0.11730769230769231,106611.71252209618
5,-95,-20,10,-100,0,16,0.625,1.4681320426018976,0.004420290790098334,0.006914792221075494,8.1875,0.0661171252209618,1.2439698585394066,2.063549541510559,-0.10088650892809214,12.330388589678114,0.11730769230769231,106611.71252209618
5,-95,-20,10,-100,50,16,0.625,1.4681320426018976,0.004420290790098334,0.006914792221075494,8.1875,0.0661171252209618,1.2439698585394066,2.063549541510559,-0.10088650892809214,12.330388589678114,0.11730769230769231,106611.71252209618
5,-90,-40,7,-120,0,21,0.6666666666666666,1.4233105060636704,0.0029485664330186835,0.0058291796908001015,10.238095238095237,0.05750278530084052,1.0255205069448814,1.7797203184716681,-0.0862825472627704,11.885607686357421,0.14423076923076922,105750.27853008406
5,-90,-40,7,-120,50,21,0.6666666666666666,1.4233105060636704,0.0029485664330186835,0.0058291796908001015,10.238095238095237,0.05750278530084052,1.0255205069448814,1.7797203184716681,-0.0862825472627704,11.885607686357421,0.14423076923076922,105750.27853008406
5,-90,-30,7,-120,0,21,0.6666666666666666,1.4233105060636704,0.0029485664330186835,0.0058291796908001015,10.238095238095237,0.05750278530084052,1.0255205069448814,1.7797203184716681,-0.0862825472627704,11.885607686357421,0.14423076923076922,105750.27853008406
5,-90,-30,7,-120,50,21,0.6666666666666666,1.4233105060636704,0.0029485664330186835,0.0058291796908001015,10.238095238095237,0.05750278530084052,1.0255205069448814,1.7797203184716681,-0.0862825472627704,11.885607686357421,0.14423076923076922,105750.27853008406
5,-90,-20,7,-120,0,21,0.6666666666666666,1.4233105060636704,0.0029485664330186835,0.0058291796908001015,10.238095238095237,0.05750278530084052,1.0255205069448814,1.7797203184716681,-0.0862825472627704,11.885607686357421,0.14423076923076922,105750.27853008406
5,-90,-20,7,-120,50,21,0.6666666666666666,1.4233105060636704,0.0029485664330186835,0.0058291796908001015,10.238095238095237,0.05750278530084052,1.0255205069448814,1.7797203184716681,-0.0862825472627704,11.885607686357421,0.14423076923076922,105750.27853008406
2,-90,-20,3,-80,0,33,0.6363636363636364,1.3838648430602654,0.003242516254394739,0.003240121152356279,15.484848484848484,0.09209572340097871,2.0409814689404144,1.6567619046930055,-0.17263324683596581,11.822644284039518,0.20961538461538462,109209.57234009787
2,-85,-20,3,-80,50,39,0.6410256410256411,1.3339459418223445,0.0026161791669177268,0.004763512246352297,17.28205128205128,0.09069038225753046,1.991947637491199,1.6120697075281605,-0.1726332468359656,11.53860958998198,0.25576923076923075,109069.03822575304
3,-85,-30,7,-120,0,23,0.6956521739130435,1.4321739269173048,0.0030278077835530926,0.0058291796908001015,9.695652173913043,0.0638877173967447,1.1854454879755152,1.799783926607356,-0.10378215947654201,11.42243998346809,0.1596153846153846,106388.77173967447
3,-85,-30,7,-120,50,23,0.6956521739130435,1.4321739269173048,0.0030278077835530926,0.0058291796908001015,9.695652173913043,0.0638877173967447,1.1854454879755152,1.799783926607356,-0.10378215947654201,11.42243998346809,0.1596153846153846,106388.77173967447
3,-85,-20,7,-120,0,23,0.6956521739130435,1.4321739269173048,0.0030278077835530926,0.0058291796908001015,9.695652173913043,0.0638877173967447,1.1854454879755152,1.799783926607356,-0.10378215947654201,11.42243998346809,0.1596153846153846,106388.77173967447
3,-85,-20,7,-120,50,23,0.6956521739130435,1.4321739269173048,0.0030278077835530926,0.0058291796908001015,9.695652173913043,0.0638877173967447,1.1854454879755152,1.799783926607356,-0.10378215947654201,11.42243998346809,0.1596153846153846,106388.77173967447
2,-85,-30,3,-80,0,39,0.5897435897435898,1.3151044272009387,0.0023807534191968203,0.003240121152356279,16.974358974358974,0.082240771154656,1.7121538633565954,1.512444725104973,-0.15195327239638012,11.267634032193326,0.2326923076923077,108224.07711546561
2,-85,-30,10,-100,50,22,0.6363636363636364,1.447634066376123,0.0031116833083826593,0.00399886461194221,9.5,0.06450129037300623,1.2014106464555572,1.9406195308520884,-0.10779108013987027,11.145733440063877,0.1326923076923077,106450.12903730062
2,-95,-40,10,-80,0,18,0.6111111111111112,1.5846074732583493,0.0031749666376858685,0.004337278837700187,6.5,0.05612076438821334,0.9923554892272464,2.1122126906414067,-0.08964871479562475,11.06937775393159,0.09038461538461538,105612.07643882134
2,-95,-40,10,-80,50,18,0.6111111111111112,1.5846074732583493,0.0031749666376858685,0.004337278837700187,6.5,0.05612076438821334,0.9923554892272464,2.1122126906414067,-0.08964871479562475,11.06937775393159,0.09038461538461538,105612.07643882134
2,-85,-20,7,-120,0,23,0.6956521739130435,1.4232934103399486,0.00296559094088818,0.0058291796908001015,9.652173913043478,0.062370537790682024,1.1464251238448515,1.764151861663873,-0.10506022990446173,10.912075148582602,0.1576923076923077,106237.0537790682
2,-85,-20,7,-120,50,23,0.6956521739130435,1.4232934103399486,0.00296559094088818,0.0058291796908001015,9.652173913043478,0.062370537790682024,1.1464251238448515,1.764151861663873,-0.10506022990446173,10.912075148582602,0.1576923076923077,106237.0537790682
3,-95,-40,3,-100,0,8,0.875,1.8195696939685853,0.004115389474159015,0.006391138215642411,44.875,0.031821070165987564,0.48506553856767254,2.4708363822126564,-0.045165777491506964,10.739669845357692,0.051923076923076926,103182.10701659876
3,-95,-30,3,-100,0,8,0.875,1.8195696939685853,0.004115389474159015,0.006391138215642411,44.875,0.031821070165987564,0.48506553856767254,2.4708363822126564,-0.045165777491506964,10.739669845357692,0.051923076923076926,103182.10701659876
3,-95,-20,3,-100,0,8,0.875,1.8195696939685853,0.004115389474159015,0.006391138215642411,44.875,0.031821070165987564,0.48506553856767254,2.4708363822126564,-0.045165777491506964,10.739669845357692,0.051923076923076926,103182.10701659876
2,-85,-30,10,-100,0,22,0.6363636363636364,1.4373331013002237,0.0030400771829901026,0.00399886461194221,9.454545454545455,0.06283800710679843,1.1583790447402658,1.8979094226766315,-0.109185156577152,10.609308820487302,0.13076923076923078,106283.80071067983
3,-95,-30,7,-120,0,17,0.7058823529411765,1.4124173549789447,0.0032029510655932265,0.006876487701666267,7.705882352941177,0.05013616295584833,0.8544303635149775,1.6673975574119015,-0.08139134490017685,10.497803723023637,0.11730769230769231,105013.61629558484
3,-95,-30,7,-120,50,17,0.7058823529411765,1.4124173549789447,0.0032029510655932265,0.006876487701666267,7.705882352941177,0.05013616295584833,0.8544303635149775,1.6673975574119015,-0.08139134490017685,10.497803723023637,0.11730769230769231,105013.61629558484
3,-95,-20,7,-120,0,17,0.7058823529411765,1.4124173549789447,0.0032029510655932265,0.006876487701666267,7.705882352941177,0.05013616295584833,0.8544303635149775,1.6673975574119015,-0.08139134490017685,10.497803723023637,0.11730769230769231,105013.61629558484
3,-95,-20,7,-120,50,17,0.7058823529411765,1.4124173549789447,0.0032029510655932265,0.006876487701666267,7.705882352941177,0.05013616295584833,0.8544303635149775,1.6673975574119015,-0.08139134490017685,10.497803723023637,0.11730769230769231,105013.61629558484
2,-95,-40,10,-100,0,16,0.5625,1.561662909600367,0.003431650665319183,0.00444643950583512,6.875,0.053704811939498276,0.935577195703871,2.076551716945607,-0.08948655566760488,10.454946988674415,0.07692307692307693,105370.48119394982
2,-95,-40,10,-100,50,16,0.5625,1.561662909600367,0.003431650665319183,0.00444643950583512,6.875,0.053704811939498276,0.935577195703871,2.076551716945607,-0.08948655566760488,10.454946988674415,0.07692307692307693,105370.48119394982
3,-90,-30,3,-80,0,34,0.6176470588235294,1.3449795315034532,0.002872483158925044,0.003343749921826622,15.088235294117647,0.08219473865220195,1.7106978874543413,1.5288755359654738,-0.16427600690501587,10.413558983348457,0.21346153846153845,108219.47386522019
3,-90,-20,3,-80,0,34,0.6176470588235294,1.3449795315034532,0.002872483158925044,0.003343749921826622,15.088235294117647,0.08219473865220195,1.7106978874543413,1.5288755359654738,-0.16427600690501587,10.413558983348457,0.21346153846153845,108219.47386522019
2,-95,-20,7,-120,0,17,0.7058823529411765,1.401578746922607,0.003118775337281874,0.006876487701666267,7.647058823529412,0.048638594045170125,0.8213201585533543,1.624977082995688,-0.08139134490017685,10.091001193808381,0.11538461538461539,104863.859404517
2,-95,-20,7,-120,50,17,0.7058823529411765,1.401578746922607,0.003118775337281874,0.006876487701666267,7.647058823529412,0.048638594045170125,0.8213201585533543,1.624977082995688,-0.08139134490017685,10.091001193808381,0.11538461538461539,104863.859404517
3,-95,-40,7,-100,0,18,0.6111111111111112,1.4281239050380925,0.004160100612756549,0.004638279191048533,11.777777777777779,0.06354274720661524,1.176516258694774,1.35865186089228,-0.11815570526257713,9.957337701808006,0.13846153846153847,106354.27472066152
3,-95,-40,7,-100,50,18,0.6111111111111112,1.4281239050380925,0.004160100612756549,0.004638279191048533,11.777777777777779,0.06354274720661524,1.176516258694774,1.35865186089228,-0.11815570526257713,9.957337701808006,0.13846153846153847,106354.27472066152
2,-90,-40,10,-100,50,19,0.5789473684210527,1.475288416017847,0.002782799977388979,0.003240121152356279,6.421052631578948,0.05129041902087206,0.8803273956589093,1.9186003013556416,-0.09058502718922845,9.718243985509227,0.1,105129.0419020872
5,-85,-40,7,-120,0,24,0.7083333333333334,1.3771468610943856,0.002532193155747121,0.004662234890623562,9.541666666666666,0.054612055960804984,0.95672166044049,1.576185683813787,-0.09968925653708838,9.597038775031404,0.17115384615384616,105461.2055960805
5,-85,-40,7,-120,50,24,0.7083333333333334,1.3771468610943856,0.002532193155747121,0.004662234890623562,9.541666666666666,0.054612055960804984,0.95672166044049,1.576185683813787,-0.09968925653708838,9.597038775031404,0.17115384615384616,105461.2055960805
5,-85,-30,7,-120,0,24,0.7083333333333334,1.3771468610943856,0.002532193155747121,0.004662234890623562,9.541666666666666,0.054612055960804984,0.95672166044049,1.576185683813787,-0.09968925653708838,9.597038775031404,0.17115384615384616,105461.2055960805
5,-85,-30,7,-120,50,24,0.7083333333333334,1.3771468610943856,0.002532193155747121,0.004662234890623562,9.541666666666666,0.054612055960804984,0.95672166044049,1.576185683813787,-0.09968925653708838,9.597038775031404,0.17115384615384616,105461.2055960805
5,-85,-20,7,-120,0,24,0.7083333333333334,1.3771468610943856,0.002532193155747121,0.004662234890623562,9.541666666666666,0.054612055960804984,0.95672166044049,1.576185683813787,-0.09968925653708838,9.597038775031404,0.17115384615384616,105461.2055960805
5,-85,-20,7,-120,50,24,0.7083333333333334,1.3771468610943856,0.002532193155747121,0.004662234890623562,9.541666666666666,0.054612055960804984,0.95672166044049,1.576185683813787,-0.09968925653708838,9.597038775031404,0.17115384615384616,105461.2055960805
2,-95,-40,5,-100,0,18,0.7222222222222222,1.5147107026368,0.0025598081702648667,0.005727116224296336,6.444444444444445,0.04482488155694808,0.739444227430607,1.8655647214676898,-0.07726207850347255,9.570597138379762,0.08846153846153847,104482.48815569481
2,-95,-40,5,-100,50,18,0.7222222222222222,1.5147107026368,0.0025598081702648667,0.005727116224296336,6.444444444444445,0.04482488155694808,0.739444227430607,1.8655647214676898,-0.07726207850347255,9.570597138379762,0.08846153846153847,104482.48815569481
2,-85,-20,10,-80,50,25,0.68,1.348950081679353,0.0025366333617812663,0.004757608071528141,9.44,0.05665586501264919,1.0051367756073843,1.581761559705591,-0.10506022990446173,9.567243252003372,0.18461538461538463,105665.58650126492
3,-90,-30,10,-80,50,23,0.6521739130434783,1.3204434575944193,0.002324897495702527,0.003447378691296965,6.956521739130435,0.04799796582501492,0.8073232670764514,1.469937998482436,-0.08628254726277051,9.356738908249618,0.17307692307692307,104799.79658250148
3,-90,-20,10,-80,50,23,0.6521739130434783,1.3204434575944193,0.002324897495702527,0.003447378691296965,6.956521739130435,0.04799796582501492,0.8073232670764514,1.469937998482436,-0.08628254726277051,9.356738908249618,0.17307692307692307,104799.79658250148
2,-85,-20,10,-80,0,25,0.68,1.340281691505498,0.0024736199714358166,0.004757608071528141,9.4,0.055004840223567,0.9659417952199025,1.544362893937503,-0.10506022990446151,9.194171725098068,0.18269230769230768,105500.4840223567
3,-90,-30,7,-120,0,21,0.7142857142857143,1.3576047607447697,0.0024779359743769334,0.006029785688339784,6.9523809523809526,0.0473376676485322,0.7930003232238343,1.5268206201076115,-0.08628254726277063,9.190738432985505,0.14615384615384616,104733.76676485322
3,-90,-30,7,-120,50,21,0.7142857142857143,1.3576047607447697,0.0024779359743769334,0.006029785688339784,6.9523809523809526,0.0473376676485322,0.7930003232238343,1.5268206201076115,-0.08628254726277063,9.190738432985505,0.14615384615384616,104733.76676485322
3,-90,-20,7,-120,0,21,0.7142857142857143,1.3576047607447697,0.0024779359743769334,0.006029785688339784,6.9523809523809526,0.0473376676485322,0.7930003232238343,1.5268206201076115,-0.08628254726277063,9.190738432985505,0.14615384615384616,104733.76676485322
3,-90,-20,7,-120,50,21,0.7142857142857143,1.3576047607447697,0.0024779359743769334,0.006029785688339784,6.9523809523809526,0.0473376676485322,0.7930003232238343,1.5268206201076115,-0.08628254726277063,9.190738432985505,0.14615384615384616,104733.76676485322
2,-90,-40,10,-100,0,19,0.5789473684210527,1.4611273974259367,0.002699887621671282,0.003240121152356279,6.368421052631579,0.0496477777411517,0.8435720998150209,1.864427348440851,-0.0920059880842452,9.168665185602972,0.09807692307692308,104964.77777411517
3,-85,-30,10,-120,0,20,0.65,1.3537864826155996,0.0030116656262050845,0.004102493381412553,10.75,0.05355375035845422,0.9320770167365118,1.5730154234481517,-0.10378215947654179,8.981090983630882,0.14423076923076922,105355.37503584541
3,-85,-30,10,-120,50,20,0.65,1.3537864826155996,0.0030116656262050845,0.004102493381412553,10.75,0.05355375035845422,0.9320770167365118,1.5730154234481517,-0.10378215947654179,8.981090983630882,0.14423076923076922,105355.37503584541
3,-85,-20,10,-120,0,20,0.65,1.3537864826155996,0.0030116656262050845,0.004102493381412553,10.75,0.05355375035845422,0.9320770167365118,1.5730154234481517,-0.10378215947654179,8.981090983630882,0.14423076923076922,105355.37503584541
3,-85,-20,10,-120,50,20,0.65,1.3537864826155996,0.0030116656262050845,0.004102493381412553,10.75,0.05355375035845422,0.9320770167365118,1.5730154234481517,-0.10378215947654179,8.981090983630882,0.14423076923076922,105355.37503584541
3,-90,-30,10,-80,0,23,0.6521739130434783,1.3110030092780829,0.0022564046801096466,0.003447378691296965,6.913043478260869,0.04636046900341295,0.7719950037536352,1.4289260405221753,-0.08628254726277063,8.947290364557157,0.17115384615384616,104636.04690034129
3,-90,-20,10,-80,0,23,0.6521739130434783,1.3110030092780829,0.0022564046801096466,0.003447378691296965,6.913043478260869,0.04636046900341295,0.7719950037536352,1.4289260405221753,-0.08628254726277063,8.947290364557157,0.17115384615384616,104636.04690034129
3,-95,-30,10,-80,0,19,0.631578947368421,1.3751579411163501,0.003028574620740769,0.0058291796908001015,7.526315789473684,0.05251049983958511,0.9080629918062966,1.6438189073332752,-0.10321372317496247,8.797890085478226,0.14038461538461539,105251.04998395851
3,-95,-30,10,-80,50,19,0.631578947368421,1.3751579411163501,0.003028574620740769,0.0058291796908001015,7.526315789473684,0.05251049983958511,0.9080629918062966,1.6438189073332752,-0.10321372317496247,8.797890085478226,0.14038461538461539,105251.04998395851
3,-95,-20,10,-80,0,19,0.631578947368421,1.3751579411163501,0.003028574620740769,0.0058291796908001015,7.526315789473684,0.05251049983958511,0.9080629918062966,1.6438189073332752,-0.10321372317496247,8.797890085478226,0.14038461538461539,105251.04998395851
3,-95,-20,10,-80,50,19,0.631578947368421,1.3751579411163501,0.003028574620740769,0.0058291796908001015,7.526315789473684,0.05251049983958511,0.9080629918062966,1.6438189073332752,-0.10321372317496247,8.797890085478226,0.14038461538461539,105251.04998395851
2,-95,-30,5,-100,0,18,0.7222222222222222,1.4495326827315251,0.0028928453457254502,0.006592790577356511,6.833333333333333,0.049208735935978076,0.8338608881268579,1.8715760355575766,-0.09528012728431856,8.751676891012055,0.10192307692307692,104920.87359359782
2,-95,-30,5,-100,50,18,0.7222222222222222,1.4495326827315251,0.0028928453457254502,0.006592790577356511,6.833333333333333,0.049208735935978076,0.8338608881268579,1.8715760355575766,-0.09528012728431856,8.751676891012055,0.10192307692307692,104920.87359359782
3,-95,-40,5,-80,0,19,0.631578947368421,1.39124622345753,0.0036016658564486923,0.003447378691296965,11.578947368421053,0.056819432357225974,1.0090587462890666,1.2537919760395932,-0.11815570526257713,8.540076368268783,0.15384615384615385,105681.94323572259
3,-95,-40,5,-80,50,19,0.631578947368421,1.39124622345753,0.0036016658564486923,0.003447378691296965,11.578947368421053,0.056819432357225974,1.0090587462890666,1.2537919760395932,-0.11815570526257713,8.540076368268783,0.15384615384615385,105681.94323572259
2,-90,-20,7,-120,0,20,0.7,1.343193054784741,0.0024969772090788767,0.006169439570693269,7.0,0.045147891602709045,0.7462451850955236,1.4906921662542758,-0.08758557338322304,8.520183818748242,0.1346153846153846,104514.7891602709
2,-90,-20,7,-120,50,20,0.7,1.343193054784741,0.0024969772090788767,0.006169439570693269,7.0,0.045147891602709045,0.7462451850955236,1.4906921662542758,-0.08758557338322304,8.520183818748242,0.1346153846153846,104514.7891602709
2,-95,-40,10,-120,0,15,0.6,1.4769011693366534,0.0027430372761304334,0.006876487701666267,7.2,0.040019018027047215,0.6410955177418887,1.7624620769453012,-0.07867753223639806,8.148393823736415,0.07307692307692308,104001.90180270473
2,-95,-40,10,-120,50,15,0.6,1.4769011693366534,0.0027430372761304334,0.006876487701666267,7.2,0.040019018027047215,0.6410955177418887,1.7624620769453012,-0.07867753223639806,8.148393823736415,0.07307692307692308,104001.90180270473
2,-85,-40,10,-120,0,20,0.55,1.3142446556682301,0.0021819562917931743,0.002628256231180126,9.7,0.04016388076389932,0.6439835857490488,1.4237881217151602,-0.08018216406327328,8.03150667324056,0.10384615384615385,104016.38807638994
2,-85,-40,10,-120,50,20,0.55,1.3142446556682301,0.0021819562917931743,0.002628256231180126,9.7,0.04016388076389932,0.6439835857490488,1.4237881217151602,-0.08018216406327328,8.03150667324056,0.10384615384615385,104016.38807638994
3,-90,-30,10,-100,50,20,0.6,1.288721629907746,0.0024089598498024225,0.003343749921826622,7.25,0.04241916546140634,0.689554113769643,1.3508388634527788,-0.08628254726277063,7.9918145168991,0.14423076923076922,104241.91654614062
3,-90,-20,10,-100,50,20,0.6,1.288721629907746,0.0024089598498024225,0.003343749921826622,7.25,0.04241916546140634,0.689554113769643,1.3508388634527788,-0.08628254726277063,7.9918145168991,0.14423076923076922,104241.91654614062
3,-80,-40,10,-120,0,22,0.6363636363636364,1.302773222005137,0.0026040281574237867,0.004102493381412553,13.181818181818182,0.04957155270000202,0.8418826805659678,1.398028839792499,-0.10777412948684983,7.81154702500929,0.15384615384615385,104957.1552700002
3,-80,-40,10,-120,50,22,0.6363636363636364,1.302773222005137,0.0026040281574237867,0.004102493381412553,13.181818181818182,0.04957155270000202,0.8418826805659678,1.398028839792499,-0.10777412948684983,7.81154702500929,0.15384615384615385,104957.1552700002
2,-85,-20,3,-50,0,40,0.625,1.2652415038735374,0.0020542508088118223,0.00407686032158916,18.55,0.06937713810925983,1.3321501269877678,1.3419624683845794,-0.1726332468359657,7.716648741789366,0.2519230769230769,106937.71381092598
10,-95,-40,7,-120,0,12,0.5833333333333334,1.45580322819802,0.0038508086200396787,0.006352833696233184,10.0,0.04270622968420246,0.6954372723604119,1.4389191737441618,-0.09060295548107833,7.675657694253121,0.09615384615384616,104270.62296842026
10,-95,-40,7,-120,50,12,0.5833333333333334,1.45580322819802,0.0038508086200396787,0.006352833696233184,10.0,0.04270622968420246,0.6954372723604119,1.4389191737441618,-0.09060295548107833,7.675657694253121,0.09615384615384616,104270.62296842026
10,-95,-30,7,-120,0,12,0.5833333333333334,1.45580322819802,0.0038508086200396787,0.006352833696233184,10.0,0.04270622968420246,0.6954372723604119,1.4389191737441618,-0.09060295548107833,7.675657694253121,0.09615384615384616,104270.62296842026
10,-95,-30,7,-120,50,12,0.5833333333333334,1.45580322819802,0.0038508086200396787,0.006352833696233184,10.0,0.04270622968420246,0.6954372723604119,1.4389191737441618,-0.09060295548107833,7.675657694253121,0.09615384615384616,104270.62296842026
10,-95,-20,7,-120,0,12,0.5833333333333334,1.45580322819802,0.0038508086200396787,0.006352833696233184,10.0,0.04270622968420246,0.6954372723604119,1.4389191737441618,-0.09060295548107833,7.675657694253121,0.09615384615384616,104270.62296842026
10,-95,-20,7,-120,50,12,0.5833333333333334,1.45580322819802,0.0038508086200396787,0.006352833696233184,10.0,0.04270622968420246,0.6954372723604119,1.4389191737441618,-0.09060295548107833,7.675657694253121,0.09615384615384616,104270.62296842026
3,-90,-30,10,-100,0,20,0.6,1.2792811815914096,0.00233019311187061,0.003343749921826622,7.2,0.04079038551537284,0.6565279176725036,1.3088103679682672,-0.08628254726277051,7.609046539540268,0.1423076923076923,104079.03855153729
3,-90,-20,10,-100,0,20,0.6,1.2792811815914096,0.00233019311187061,0.003343749921826622,7.2,0.04079038551537284,0.6565279176725036,1.3088103679682672,-0.08628254726277051,7.609046539540268,0.1423076923076923,104079.03855153729
2,-95,-20,5,-120,0,13,0.6923076923076923,1.4637112428030823,0.003525790310910074,0.006309093453046755,9.076923076923077,0.04230357539468388,0.6871904979582895,1.7526706623006396,-0.09245154187125848,7.432980392206143,0.09230769230769231,104230.35753946839
2,-95,-20,5,-120,50,13,0.6923076923076923,1.4637112428030823,0.003525790310910074,0.006309093453046755,9.076923076923077,0.04230357539468388,0.6871904979582895,1.7526706623006396,-0.09245154187125848,7.432980392206143,0.09230769230769231,104230.35753946839
3,-95,-30,10,-100,0,16,0.5625,1.3293534448987663,0.003157329908273103,0.005161933196481616,8.0625,0.045108198409815614,0.7454081297463695,1.475654808216516,-0.10305398035586244,7.233181359636493,0.11346153846153846,104510.81984098157
3,-95,-30,10,-100,50,16,0.5625,1.3293534448987663,0.003157329908273103,0.005161933196481616,8.0625,0.045108198409815614,0.7454081297463695,1.475654808216516,-0.10305398035586244,7.233181359636493,0.11346153846153846,104510.81984098157
3,-95,-20,10,-100,0,16,0.5625,1.3293534448987663,0.003157329908273103,0.005161933196481616,8.0625,0.045108198409815614,0.7454081297463695,1.475654808216516,-0.10305398035586244,7.233181359636493,0.11346153846153846,104510.81984098157
3,-95,-20,10,-100,50,16,0.5625,1.3293534448987663,0.003157329908273103,0.005161933196481616,8.0625,0.045108198409815614,0.7454081297463695,1.475654808216516,-0.10305398035586244,7.233181359636493,0.11346153846153846,104510.81984098157
5,-95,-40,7,-120,0,16,0.6875,1.3130924869468268,0.002763081739953821,0.006914792221075494,8.0625,0.039154339689522644,0.6239537274027496,1.355154651751668,-0.08628254726277051,7.2315172325930535,0.11346153846153846,103915.43396895227
5,-95,-40,7,-120,50,16,0.6875,1.3130924869468268,0.002763081739953821,0.006914792221075494,8.0625,0.039154339689522644,0.6239537274027496,1.355154651751668,-0.08628254726277051,7.2315172325930535,0.11346153846153846,103915.43396895227
5,-95,-30,7,-120,0,16,0.6875,1.3130924869468268,0.002763081739953821,0.006914792221075494,8.0625,0.039154339689522644,0.6239537274027496,1.355154651751668,-0.08628254726277051,7.2315172325930535,0.11346153846153846,103915.43396895227
5,-95,-30,7,-120,50,16,0.6875,1.3130924869468268,0.002763081739953821,0.006914792221075494,8.0625,0.039154339689522644,0.6239537274027496,1.355154651751668,-0.08628254726277051,7.2315172325930535,0.11346153846153846,103915.43396895227
5,-95,-20,7,-120,0,16,0.6875,1.3130924869468268,0.002763081739953821,0.006914792221075494,8.0625,0.039154339689522644,0.6239537274027496,1.355154651751668,-0.08628254726277051,7.2315172325930535,0.11346153846153846,103915.43396895227
5,-95,-20,7,-120,50,16,0.6875,1.3130924869468268,0.002763081739953821,0.006914792221075494,8.0625,0.039154339689522644,0.6239537274027496,1.355154651751668,-0.08628254726277051,7.2315172325930535,0.11346153846153846,103915.43396895227
3,-85,-40,10,-80,0,27,0.6666666666666666,1.2596520819800963,0.0019963459142115975,0.004757608071528141,8.666666666666666,0.04610198157247658,0.7664767245799269,1.3641175106057222,-0.10850974178032835,7.063667390634975,0.18076923076923077,104610.19815724765
3,-85,-40,10,-80,50,27,0.6666666666666666,1.2596520819800963,0.0019963459142115975,0.004757608071528141,8.666666666666666,0.04610198157247658,0.7664767245799269,1.3641175106057222,-0.10850974178032835,7.063667390634975,0.18076923076923077,104610.19815724765
5,-90,-40,10,-120,0,19,0.631578947368421,1.2744471726666073,0.0022445559788557847,0.003447378691296965,11.157894736842104,0.03729939151823336,0.5877351635161074,1.263815142195746,-0.08628254726277085,6.811750257281789,0.13846153846153847,103729.93915182335
5,-90,-40,10,-120,50,19,0.631578947368421,1.2744471726666073,0.0022445559788557847,0.003447378691296965,11.157894736842104,0.03729939151823336,0.5877351635161074,1.263815142195746,-0.08628254726277085,6.811750257281789,0.13846153846153847,103729.93915182335
5,-90,-30,10,-120,0,19,0.631578947368421,1.2744471726666073,0.0022445559788557847,0.003447378691296965,11.157894736842104,0.03729939151823336,0.5877351635161074,1.263815142195746,-0.08628254726277085,6.811750257281789,0.13846153846153847,103729.93915182335
5,-90,-30,10,-120,50,19,0.631578947368421,1.2744471726666073,0.0022445559788557847,0.003447378691296965,11.157894736842104,0.03729939151823336,0.5877351635161074,1.263815142195746,-0.08628254726277085,6.811750257281789,0.13846153846153847,103729.93915182335
5,-90,-20,10,-120,0,19,0.631578947368421,1.2744471726666073,0.0022445559788557847,0.003447378691296965,11.157894736842104,0.03729939151823336,0.5877351635161074,1.263815142195746,-0.08628254726277085,6.811750257281789,0.13846153846153847,103729.93915182335
5,-90,-20,10,-120,50,19,0.631578947368421,1.2744471726666073,0.0022445559788557847,0.003447378691296965,11.157894736842104,0.03729939151823336,0.5877351635161074,1.263815142195746,-0.08628254726277085,6.811750257281789,0.13846153846153847,103729.93915182335
2,-90,-20,5,-100,50,22,0.6363636363636364,1.2895382471382266,0.0028073438745270744,0.00453465042157819,22.59090909090909,0.04832279926111882,0.8144080279449393,1.096131675073373,-0.12035673720079088,6.766617697406205,0.18269230769230768,104832.27992611188
2,-95,-20,10,-50,0,18,0.6111111111111112,1.3159175218005112,0.002692024107171182,0.006069136571923428,7.611111111111111,0.04313320150024613,0.7042226286394253,1.3979983144957189,-0.10449260423350637,6.739449493149974,0.12884615384615383,104313.32015002462
2,-95,-20,10,-50,50,18,0.6111111111111112,1.3159175218005112,0.002692024107171182,0.006069136571923428,7.611111111111111,0.04313320150024613,0.7042226286394253,1.3979983144957189,-0.10449260423350637,6.739449493149974,0.12884615384615383,104313.32015002462
2,-85,-20,10,-100,50,21,0.6190476190476191,1.2752906728440017,0.0023823557115848124,0.003240121152356279,10.428571428571429,0.042593352875881285,0.6931217030926691,1.2767130707788164,-0.10506022990446151,6.597374703281844,0.1519230769230769,104259.33528758814
2,-85,-30,10,-120,0,20,0.65,1.3286084383525105,0.002324096787704677,0.00399886461194221,10.1,0.04211507983923268,0.6833426216286826,1.4199393157011049,-0.10506022990446151,6.504293986888217,0.11923076923076924,104211.50798392326
2,-85,-30,10,-120,50,20,0.65,1.3286084383525105,0.002324096787704677,0.00399886461194221,10.1,0.04211507983923268,0.6833426216286826,1.4199393157011049,-0.10506022990446151,6.504293986888217,0.11923076923076924,104211.50798392326
2,-95,-30,10,-80,0,18,0.6111111111111112,1.368859956805493,0.0025425039349018827,0.004337278837700187,6.833333333333333,0.04244950138549952,0.6901749355388724,1.5654239434113915,-0.10742489314745385,6.424720707811388,0.10192307692307692,104244.95013854996
2,-95,-30,10,-80,50,18,0.6111111111111112,1.368859956805493,0.0025425039349018827,0.004337278837700187,6.833333333333333,0.04244950138549952,0.6901749355388724,1.5654239434113915,-0.10742489314745385,6.424720707811388,0.10192307692307692,104244.95013854996
2,-85,-20,10,-100,0,21,0.6190476190476191,1.2666222826701465,0.0023073397706973716,0.003240121152356279,10.380952380952381,0.04096430076201263,0.6600257703096093,1.2384997436605574,-0.1062586504829367,6.211501532438509,0.15,104096.43007620126
2,-95,-30,10,-100,0,16,0.5625,1.350781786070243,0.0027201301246871992,0.00444643950583512,7.25,0.040064822937298405,0.6420082056983532,1.515784158415098,-0.10726590045598194,5.9852031537441865,0.08846153846153847,104006.48229372983
2,-95,-30,10,-100,50,16,0.5625,1.350781786070243,0.0027201301246871992,0.00444643950583512,7.25,0.040064822937298405,0.6420082056983532,1.515784158415098,-0.10726590045598194,5.9852031537441865,0.08846153846153847,104006.48229372983
2,-90,-30,10,-80,50,22,0.6363636363636364,1.314908678054152,0.0019690273116791846,0.002802792687354949,6.454545454545454,0.03964260205944492,0.6336128962602661,1.421076269646708,-0.1085017233050869,5.839657444690193,0.13846153846153847,103964.26020594449
2,-90,-20,5,-100,0,22,0.6363636363636364,1.2650644725270292,0.0025700477593492395,0.00453465042157819,22.5,0.0429439161682843,0.7003227412215118,1.021434561439186,-0.12035673720079088,5.8187248799638445,0.17884615384615385,104294.39161682842
2,-90,-30,10,-100,50,19,0.5789473684210527,1.301607282714686,0.002183624785277835,0.003240121152356279,6.7368421052631575,0.03768168383139425,0.595138142732953,1.39610093406736,-0.10834292242730559,5.49309663612102,0.11153846153846154,103768.16838313942
2,-90,-30,10,-80,0,22,0.6363636363636364,1.303456632592822,0.0018974211862866277,0.002802792687354949,6.409090909090909,0.03801816049372686,0.6016801990953695,1.37204460088941,-0.10989468936242264,5.475061648439473,0.13653846153846153,103801.81604937269
5,-95,-40,3,-100,0,8,0.875,1.453589565396624,0.0019513711883761137,0.006391138215642411,12.125,0.014880638102734878,0.20499244702121988,1.3446405272090898,-0.03944101038183012,5.19744410796476,0.051923076923076926,101488.06381027348
5,-95,-30,3,-100,0,8,0.875,1.453589565396624,0.0019513711883761137,0.006391138215642411,12.125,0.014880638102734878,0.20499244702121988,1.3446405272090898,-0.03944101038183012,5.19744410796476,0.051923076923076926,101488.06381027348
5,-95,-20,3,-100,0,8,0.875,1.453589565396624,0.0019513711883761137,0.006391138215642411,12.125,0.014880638102734878,0.20499244702121988,1.3446405272090898,-0.03944101038183012,5.19744410796476,0.051923076923076926,101488.06381027348
3,-95,-30,10,-120,0,15,0.6,1.259024625716844,0.0024504284686146147,0.006876487701666267,8.466666666666667,0.031534059564114925,0.47985906463182526,1.152551887428617,-0.09240602056657043,5.192941560405459,0.10961538461538461,103153.40595641149
3,-95,-30,10,-120,50,15,0.6,1.259024625716844,0.0024504284686146147,0.006876487701666267,8.466666666666667,0.031534059564114925,0.47985906463182526,1.152551887428617,-0.09240602056657043,5.192941560405459,0.10961538461538461,103153.40595641149
3,-95,-20,10,-120,0,15,0.6,1.259024625716844,0.0024504284686146147,0.006876487701666267,8.466666666666667,0.031534059564114925,0.47985906463182526,1.152551887428617,-0.09240602056657043,5.192941560405459,0.10961538461538461,103153.40595641149
3,-95,-20,10,-120,50,15,0.6,1.259024625716844,0.0024504284686146147,0.006876487701666267,8.466666666666667,0.031534059564114925,0.47985906463182526,1.152551887428617,-0.09240602056657043,5.192941560405459,0.10961538461538461,103153.40595641149
2,-90,-30,10,-100,0,19,0.5789473684210527,1.2901552372533562,0.0021007124295601377,0.003240121152356279,6.684210526315789,0.0360603062004079,0.5639575225476798,1.345331989847899,-0.10973613661101289,5.139214300452074,0.10961538461538461,103606.03062004078
2,-95,-20,5,-100,0,17,0.7058823529411765,1.2470441668027756,0.002156371796278726,0.006876487701666267,7.882352941176471,0.03116649451207154,0.47321584984498544,1.1199589918270798,-0.09245154187125848,5.1185284773719895,0.12307692307692308,103116.64945120715
2,-95,-20,5,-100,50,17,0.7058823529411765,1.2470441668027756,0.002156371796278726,0.006876487701666267,7.882352941176471,0.03116649451207154,0.47321584984498544,1.1199589918270798,-0.09245154187125848,5.1185284773719895,0.12307692307692308,103116.64945120715
3,-95,-40,5,-50,0,21,0.6666666666666666,1.29008779644041,0.0032737250989236786,0.0058291796908001015,10.761904761904763,0.04994262092716406,0.8501203207564707,1.127188055411839,-0.16915938201906144,5.025558207943065,0.16538461538461538,104994.2620927164
3,-95,-40,5,-50,50,21,0.6666666666666666,1.29008779644041,0.0032737250989236786,0.0058291796908001015,10.761904761904763,0.04994262092716406,0.8501203207564707,1.127188055411839,-0.16915938201906144,5.025558207943065,0.16538461538461538,104994.2620927164
2,-90,-40,10,-120,0,17,0.5882352941176471,1.3097104321988227,0.001817535443533273,0.003240121152356279,6.764705882352941,0.029182029989145875,0.43782135914757725,1.2762756194697218,-0.08728629853733294,5.0159230770946035,0.08653846153846154,102918.2029989146
2,-90,-40,10,-120,50,17,0.5882352941176471,1.3097104321988227,0.001817535443533273,0.003240121152356279,6.764705882352941,0.029182029989145875,0.43782135914757725,1.2762756194697218,-0.08728629853733294,5.0159230770946035,0.08653846153846154,102918.2029989146
2,-85,-20,3,-80,0,39,0.5897435897435898,1.1901303661852474,0.0015503563929322058,0.003240121152356279,17.128205128205128,0.046438597885025246,0.7736660473874781,1.0560653312368322,-0.1726332468359657,4.4815588049653465,0.24423076923076922,104643.85978850252
2,-95,-30,10,-120,0,15,0.6,1.2643288017728902,0.0019840820327896506,0.006876487701666267,7.6,0.02655618877237509,0.39219056333583135,1.15023152810839,-0.09666794184276928,4.057090239634258,0.08461538461538462,102655.61887723752
2,-95,-30,10,-120,50,15,0.6,1.2643288017728902,0.0019840820327896506,0.006876487701666267,7.6,0.02655618877237509,0.39219056333583135,1.15023152810839,-0.09666794184276928,4.057090239634258,0.08461538461538462,102655.61887723752
5,-95,-40,10,-120,0,15,0.6,1.21726900954933,0.0021883106804294838,0.006876487701666267,8.666666666666666,0.02718675497783485,0.4030249485944075,1.0201369484803455,-0.10088650892809214,3.9948349177358047,0.11538461538461539,102718.67549778348
5,-95,-40,10,-120,50,15,0.6,1.21726900954933,0.0021883106804294838,0.006876487701666267,8.666666666666666,0.02718675497783485,0.4030249485944075,1.0201369484803455,-0.10088650892809214,3.9948349177358047,0.11538461538461539,102718.67549778348
5,-95,-30,10,-120,0,15,0.6,1.21726900954933,0.0021883106804294838,0.006876487701666267,8.666666666666666,0.02718675497783485,0.4030249485944075,1.0201369484803455,-0.10088650892809214,3.9948349177358047,0.11538461538461539,102718.67549778348
5,-95,-30,10,-120,50,15,0.6,1.21726900954933,0.0021883106804294838,0.006876487701666267,8.666666666666666,0.02718675497783485,0.4030249485944075,1.0201369484803455,-0.10088650892809214,3.9948349177358047,0.11538461538461539,102718.67549778348
5,-95,-20,10,-120,0,15,0.6,1.21726900954933,0.0021883106804294838,0.006876487701666267,8.666666666666666,0.02718675497783485,0.4030249485944075,1.0201369484803455,-0.10088650892809214,3.9948349177358047,0.11538461538461539,102718.67549778348
5,-95,-20,10,-120,50,15,0.6,1.21726900954933,0.0021883106804294838,0.006876487701666267,8.666666666666666,0.02718675497783485,0.4030249485944075,1.0201369484803455,-0.10088650892809214,3.9948349177358047,0.11538461538461539,102718.67549778348
2,-95,-20,10,-80,0,17,0.5882352941176471,1.197493464781866,0.0017818926790255489,0.0058291796908001015,7.882352941176471,0.024523492068154962,0.3577870165440611,0.9065511274929241,-0.10449260423350626,3.424041530676429,0.12307692307692308,102452.34920681549
2,-95,-20,10,-80,50,17,0.5882352941176471,1.197493464781866,0.0017818926790255489,0.0058291796908001015,7.882352941176471,0.024523492068154962,0.3577870165440611,0.9065511274929241,-0.10449260423350626,3.424041530676429,0.12307692307692308,102452.34920681549
3,-90,-30,10,-120,0,18,0.6111111111111112,1.1686335437390174,0.0014557833314290823,0.003343749921826622,7.666666666666667,0.0204973367952499,0.2919436252548968,0.8000183225784414,-0.08628254726277074,3.3835768010625817,0.13076923076923078,102049.73367952499
3,-90,-30,10,-120,50,18,0.6111111111111112,1.1686335437390174,0.0014557833314290823,0.003343749921826622,7.666666666666667,0.0204973367952499,0.2919436252548968,0.8000183225784414,-0.08628254726277074,3.3835768010625817,0.13076923076923078,102049.73367952499
3,-90,-20,10,-120,0,18,0.6111111111111112,1.1686335437390174,0.0014557833314290823,0.003343749921826622,7.666666666666667,0.0204973367952499,0.2919436252548968,0.8000183225784414,-0.08628254726277074,3.3835768010625817,0.13076923076923078,102049.73367952499
3,-90,-20,10,-120,50,18,0.6111111111111112,1.1686335437390174,0.0014557833314290823,0.003343749921826622,7.666666666666667,0.0204973367952499,0.2919436252548968,0.8000183225784414,-0.08628254726277074,3.3835768010625817,0.13076923076923078,102049.73367952499
2,-90,-20,10,-80,50,21,0.6190476190476191,1.166869894061945,0.0013259859796258332,0.003240121152356279,7.285714285714286,0.021764860311325185,0.3123484048672964,0.8160796611435336,-0.10557297199498816,2.9586019884154107,0.1596153846153846,102176.48603113252
2,-85,-20,10,-120,0,19,0.631578947368421,1.1647802104672493,0.001476545942787163,0.003240121152356279,11.157894736842104,0.02066786108956853,0.2946716374835887,0.7703641108856923,-0.10506022990446173,2.8047876703825345,0.13846153846153847,102066.78610895685
2,-85,-20,10,-120,50,19,0.631578947368421,1.1647802104672493,0.001476545942787163,0.003240121152356279,11.157894736842104,0.02066786108956853,0.2946716374835887,0.7703641108856923,-0.10506022990446173,2.8047876703825345,0.13846153846153847,102066.78610895685
2,-90,-20,5,-80,50,24,0.625,1.17534171438394,0.0016614324843114887,0.00453465042157819,21.166666666666668,0.02568866427409522,0.37741063781219797,0.7796670622846732,-0.1388012176346417,2.71907296091331,0.20384615384615384,102568.86642740952
2,-90,-20,10,-80,0,21,0.6190476190476191,1.1574294457456087,0.0012509700387383928,0.003240121152356279,7.238095238095238,0.02016835271708861,0.2866955563354341,0.7735499397274882,-0.10697051422624615,2.6801362824999004,0.1576923076923077,102016.83527170887
2,-95,-20,10,-100,0,15,0.5333333333333333,1.160287922928017,0.0016390314161166097,0.002016391310003973,8.4,0.01865979943950058,0.2628810232204015,0.7494388681292655,-0.10433308921903583,2.519632315961734,0.1076923076923077,101865.97994395006
2,-95,-20,10,-100,50,15,0.5333333333333333,1.160287922928017,0.0016390314161166097,0.002016391310003973,8.4,0.01865979943950058,0.2628810232204015,0.7494388681292655,-0.10433308921903583,2.519632315961734,0.1076923076923077,101865.97994395006
2,-90,-20,5,-50,50,27,0.6666666666666666,1.1595154782543033,0.0017123269496137875,0.006001161515132081,19.11111111111111,0.02559758352255148,0.37586731462979595,0.7862164364222876,-0.16462165361500636,2.2832191657412264,0.21923076923076923,102559.75835225514
2,-90,-20,10,-100,50,18,0.5555555555555556,1.1351480663752718,0.0012529033426129346,0.002628256231180126,7.666666666666667,0.016325706457873013,0.22683290064055806,0.6765084539695231,-0.1054136494243545,2.1518361415172786,0.13076923076923078,101632.5706457873
2,-95,-20,7,-50,0,18,0.6111111111111112,1.1433127140688948,0.0013514710563841805,0.006069136571923428,7.944444444444445,0.017925831890371224,0.25144174127754404,0.7168012325084578,-0.11941327799118429,2.1056430700789135,0.14038461538461539,101792.58318903712
2,-95,-20,7,-50,50,18,0.6111111111111112,1.1433127140688948,0.0013514710563841805,0.006069136571923428,7.944444444444445,0.017925831890371224,0.25144174127754404,0.7168012325084578,-0.11941327799118429,2.1056430700789135,0.14038461538461539,101792.58318903712
2,-90,-30,10,-120,0,17,0.5882352941176471,1.1547738331958717,0.0011478690523502293,0.003240121152356279,7.117647058823529,0.015859483284178078,0.21974699603244052,0.7380651147532746,-0.10510860713957315,2.0906660454613357,0.09807692307692308,101585.9483284178
2,-90,-30,10,-120,50,17,0.5882352941176471,1.1547738331958717,0.0011478690523502293,0.003240121152356279,7.117647058823529,0.015859483284178078,0.21974699603244052,0.7380651147532746,-0.10510860713957315,2.0906660454613357,0.09807692307692308,101585.9483284178
2,-90,-20,10,-100,0,18,0.5555555555555556,1.1257076180589354,0.0011653847449109207,0.002628256231180126,7.611111111111111,0.014737697541532535,0.20285164805754574,0.6328395737459083,-0.10681144059712888,1.8991565596672464,0.12884615384615383,101473.76975415325
2,-90,-20,5,-80,0,24,0.625,1.1447982244409396,0.0013720207687146768,0.004076832640241723,21.041666666666668,0.01867691821058215,0.26314897386430247,0.6805618091367914,-0.14027730169413966,1.87591984366845,0.19807692307692307,101867.69182105821
2,-95,-40,5,-120,0,13,0.6923076923076923,1.1624452121667759,0.0009063147760560975,0.005145138995545917,8.307692307692308,0.010279798139877894,0.1378181553290041,0.6483166255061518,-0.07726207850347255,1.7837748867034409,0.07307692307692308,101027.9798139878
2,-95,-40,5,-120,50,13,0.6923076923076923,1.1624452121667759,0.0009063147760560975,0.005145138995545917,8.307692307692308,0.010279798139877894,0.1378181553290041,0.6483166255061518,-0.07726207850347255,1.7837748867034409,0.07307692307692308,101027.9798139878
2,-95,-30,10,-50,0,19,0.5789473684210527,1.1205325039205376,0.0009041541398038664,0.0023654642223536193,6.7894736842105265,0.01313011140473197,0.17901505471202506,0.6058983569202346,-0.10742489314745396,1.6664205983086688,0.11346153846153846,101313.01114047319
2,-95,-30,10,-50,50,19,0.5789473684210527,1.1205325039205376,0.0009041541398038664,0.0023654642223536193,6.7894736842105265,0.01313011140473197,0.17901505471202506,0.6058983569202346,-0.10742489314745396,1.6664205983086688,0.11346153846153846,101313.01114047319
2,-90,-20,5,-50,0,27,0.6666666666666666,1.1355503518714338,0.0014550720913055102,0.0058291796908001015,19.0,0.018586460099342172,0.2617336754480797,0.6925618369860223,-0.16462165361500636,1.58991037752655,0.21346153846153845,101858.64600993421
2,-95,-40,10,-50,0,19,0.5789473684210527,1.096241399397535,0.0005886452367359454,0.002016391310003973,6.421052631578948,0.008897002469123949,0.11831325061268827,0.48292025709643505,-0.08964871479562475,1.3197428527827872,0.1,100889.7002469124
2,-95,-40,10,-50,50,19,0.5789473684210527,1.096241399397535,0.0005886452367359454,0.002016391310003973,6.421052631578948,0.008897002469123949,0.11831325061268827,0.48292025709643505,-0.08964871479562475,1.3197428527827872,0.1,100889.7002469124
2,-95,-20,10,-120,0,14,0.5714285714285714,1.076281709157661,0.0007731871241856227,0.00444643950583512,8.857142857142858,0.0054291793226899365,0.07074437085142726,0.37003419540476995,-0.09370031417825986,0.7550067624836333,0.10384615384615385,100542.917932269
2,-95,-20,10,-120,50,14,0.5714285714285714,1.076281709157661,0.0007731871241856227,0.00444643950583512,8.857142857142858,0.0054291793226899365,0.07074437085142726,0.37003419540476995,-0.09370031417825986,0.7550067624836333,0.10384615384615385,100542.917932269
2,-95,-30,7,-100,0,18,0.6111111111111112,1.068847841520501,0.0005371375878720127,0.004337278837700187,7.166666666666667,0.005588551624977844,0.07288900809961008,0.37439657603952287,-0.12229670999288866,0.5960013814259472,0.11346153846153846,100558.85516249778
2,-95,-30,7,-100,50,18,0.6111111111111112,1.068847841520501,0.0005371375878720127,0.004337278837700187,7.166666666666667,0.005588551624977844,0.07288900809961008,0.37439657603952287,-0.12229670999288866,0.5960013814259472,0.11346153846153846,100558.85516249778
2,-95,-30,7,-80,0,18,0.6111111111111112,1.068847841520501,0.0005371375878720127,0.004337278837700187,7.166666666666667,0.005588551624977844,0.07288900809961008,0.37439657603952287,-0.12229670999288866,0.5960013814259472,0.11346153846153846,100558.85516249778
2,-95,-30,7,-80,50,18,0.6111111111111112,1.068847841520501,0.0005371375878720127,0.004337278837700187,7.166666666666667,0.005588551624977844,0.07288900809961008,0.37439657603952287,-0.12229670999288866,0.5960013814259472,0.11346153846153846,100558.85516249778
2,-95,-30,5,-80,0,19,0.631578947368421,1.0562586415694755,0.00041581807261662087,0.006001161515132081,7.052631578947368,0.0039040673320527297,0.05041998603042597,0.31743659820254366,-0.11702947078719317,0.43083153065017155,0.12307692307692308,100390.40673320528
2,-95,-30,5,-80,50,19,0.631578947368421,1.0562586415694755,0.00041581807261662087,0.006001161515132081,7.052631578947368,0.0039040673320527297,0.05041998603042597,0.31743659820254366,-0.11702947078719317,0.43083153065017155,0.12307692307692308,100390.40673320528
3,-85,-40,10,-100,0,22,0.5909090909090909,1.0572133914556006,0.0005219237835186539,0.003343749921826622,9.772727272727273,0.003495226041629884,0.045032274503444825,0.33228148734347346,-0.10664973639883446,0.4222445926639624,0.14423076923076922,100349.52260416298
3,-85,-40,10,-100,50,22,0.5909090909090909,1.0572133914556006,0.0005219237835186539,0.003343749921826622,9.772727272727273,0.003495226041629884,0.045032274503444825,0.33228148734347346,-0.10664973639883446,0.4222445926639624,0.14423076923076922,100349.52260416298
2,-95,-40,7,-100,0,18,0.6111111111111112,1.0321931330706238,0.00020410041241142936,0.0021909277661787963,6.777777777777778,0.0013869531969865623,0.01765112277345504,0.21982835751264646,-0.10481671295580886,0.16839988848817292,0.1,100138.69531969866
2,-95,-40,7,-100,50,18,0.6111111111111112,1.0321931330706238,0.00020410041241142936,0.0021909277661787963,6.777777777777778,0.0013869531969865623,0.01765112277345504,0.21982835751264646,-0.10481671295580886,0.16839988848817292,0.1,100138.69531969866
2,-95,-40,7,-80,0,18,0.6111111111111112,1.0321931330706238,0.00020410041241142936,0.0021909277661787963,6.777777777777778,0.0013869531969865623,0.01765112277345504,0.21982835751264646,-0.10481671295580886,0.16839988848817292,0.1,100138.69531969866
2,-95,-40,7,-80,50,18,0.6111111111111112,1.0321931330706238,0.00020410041241142936,0.0021909277661787963,6.777777777777778,0.0013869531969865623,0.01765112277345504,0.21982835751264646,-0.10481671295580886,0.16839988848817292,0.1,100138.69531969866
2,-95,-40,5,-80,0,19,0.5789473684210527,1.0168513026479864,0.00010728865965862375,0.0023654642223536193,6.684210526315789,-0.00029049290268778893,-0.003661077616060382,0.15813147753241213,-0.09944457346461,-0.03681525787189659,0.10961538461538461,99970.95070973122
2,-95,-40,5,-80,50,19,0.5789473684210527,1.0168513026479864,0.00010728865965862375,0.0023654642223536193,6.684210526315789,-0.00029049290268778893,-0.003661077616060382,0.15813147753241213,-0.09944457346461,-0.03681525787189659,0.10961538461538461,99970.95070973122
3,-95,-40,10,-80,0,19,0.631578947368421,1.0298370026510504,0.00024897566489845424,0.003447378691296965,7.368421052631579,-0.000686215737953022,-0.00862851044149282,0.18601913113251367,-0.10321372317496258,-0.0835984806677908,0.1346153846153846,99931.3784262047
3,-95,-40,10,-80,50,19,0.631578947368421,1.0298370026510504,0.00024897566489845424,0.003447378691296965,7.368421052631579,-0.000686215737953022,-0.00862851044149282,0.18601913113251367,-0.10321372317496258,-0.0835984806677908,0.1346153846153846,99931.3784262047
2,-95,-30,5,-120,0,13,0.6923076923076923,1.0040241360462823,3.0597187585963586e-05,0.005145138995545917,8.76923076923077,-0.0027980631165478442,-0.03475472236932753,0.013848187320114903,-0.09528012728431878,-0.36476360139211805,0.08461538461538462,99720.19368834521
2,-95,-30,5,-120,50,13,0.6923076923076923,1.0040241360462823,3.0597187585963586e-05,0.005145138995545917,8.76923076923077,-0.0027980631165478442,-0.03475472236932753,0.013848187320114903,-0.09528012728431878,-0.36476360139211805,0.08461538461538462,99720.19368834521
3,-95,-40,7,-120,0,17,0.7058823529411765,1.0119381273485275,9.63404678871101e-05,0.006309093453046755,7.529411764705882,-0.0029405472403578603,-0.036494392661542085,0.09197451501668992,-0.08139134490017685,-0.4483817377179473,0.11153846153846154,99705.94527596422
3,-95,-40,7,-120,50,17,0.7058823529411765,1.0119381273485275,9.63404678871101e-05,0.006309093453046755,7.529411764705882,-0.0029405472403578603,-0.036494392661542085,0.09197451501668992,-0.08139134490017685,-0.4483817377179473,0.11153846153846154,99705.94527596422
3,-85,-40,7,-120,0,23,0.6521739130434783,1.0131274758791198,0.00010279243415335225,0.004757608071528141,9.521739130434783,-0.0045650827670643546,-0.056126209265750515,0.10867786962935895,-0.10378215947654201,-0.5408078763136238,0.1519230769230769,99543.49172329357
3,-85,-40,7,-120,50,23,0.6521739130434783,1.0131274758791198,0.00010279243415335225,0.004757608071528141,9.521739130434783,-0.0045650827670643546,-0.056126209265750515,0.10867786962935895,-0.10378215947654201,-0.5408078763136238,0.1519230769230769,99543.49172329357
2,-90,-20,10,-120,0,16,0.5625,1.003714268575753,3.607269604424118e-05,0.002628256231180126,8.1875,-0.005047382932821809,-0.06188329079370325,0.05847766325397128,-0.10216870875978867,-0.6056971018318197,0.11730769230769231,99495.26170671782
2,-90,-20,10,-120,50,16,0.5625,1.003714268575753,3.607269604424118e-05,0.002628256231180126,8.1875,-0.005047382932821809,-0.06188329079370325,0.05847766325397128,-0.10216870875978867,-0.6056971018318197,0.11730769230769231,99495.26170671782
3,-95,-40,10,-100,0,16,0.5625,0.9855240654044766,-0.0001434438517896458,0.0031697562321297834,7.875,-0.007714384915513128,-0.0931390290023213,-0.04288583636955078,-0.10483621113543284,-0.8884242190134044,0.1076923076923077,99228.56150844869
3,-95,-40,10,-100,50,16,0.5625,0.9855240654044766,-0.0001434438517896458,0.0031697562321297834,7.875,-0.007714384915513128,-0.0931390290023213,-0.04288583636955078,-0.10483621113543284,-0.8884242190134044,0.1076923076923077,99228.56150844869
2,-95,-30,7,-50,0,19,0.5789473684210527,0.956251524978942,-0.0003658434872575035,0.0023654642223536193,7.105263157894737,-0.011352231928165146,-0.13422775389433894,-0.14299739062289563,-0.12229670999288877,-1.0975581755399955,0.125,98864.77680718349
2,-95,-30,7,-50,50,19,0.5789473684210527,0.956251524978942,-0.0003658434872575035,0.0023654642223536193,7.105263157894737,-0.011352231928165146,-0.13422775389433894,-0.14299739062289563,-0.12229670999288877,-1.0975581755399955,0.125,98864.77680718349
2,-95,-20,7,-100,0,17,0.5882352941176471,0.9658048747036526,-0.00034143639430019593,0.0058291796908001015,8.235294117647058,-0.011703595113915166,-0.13810414841701402,-0.12342841616431002,-0.11941327799118417,-1.1565225470756253,0.1346153846153846,98829.64048860848
2,-95,-20,7,-100,50,17,0.5882352941176471,0.9658048747036526,-0.00034143639430019593,0.0058291796908001015,8.235294117647058,-0.011703595113915166,-0.13810414841701402,-0.12342841616431002,-0.11941327799118417,-1.1565225470756253,0.1346153846153846,98829.64048860848
2,-95,-20,7,-80,0,17,0.5882352941176471,0.9658048747036526,-0.00034143639430019593,0.0058291796908001015,8.235294117647058,-0.011703595113915166,-0.13810414841701402,-0.12342841616431002,-0.11941327799118417,-1.1565225470756253,0.1346153846153846,98829.64048860848
2,-95,-20,7,-80,50,17,0.5882352941176471,0.9658048747036526,-0.00034143639430019593,0.0058291796908001015,8.235294117647058,-0.011703595113915166,-0.13810414841701402,-0.12342841616431002,-0.11941327799118417,-1.1565225470756253,0.1346153846153846,98829.64048860848
2,-95,-20,5,-80,0,18,0.6111111111111112,0.9553895858608661,-0.00042068621694909793,0.005915170602966091,8.055555555555555,-0.013359112937875284,-0.15615443764950765,-0.17002503092302085,-0.11412873484432873,-1.3682306902157626,0.14423076923076922,98664.08870621247
2,-95,-20,5,-80,50,18,0.6111111111111112,0.9553895858608661,-0.00042068621694909793,0.005915170602966091,8.055555555555555,-0.013359112937875284,-0.15615443764950765,-0.17002503092302085,-0.11412873484432873,-1.3682306902157626,0.14423076923076922,98664.08870621247
3,-85,-40,10,-120,0,20,0.6,0.9627824633354637,-0.00035210202560461703,0.003343749921826622,10.55,-0.01423414037083126,-0.1655537199113939,-0.1676296029534055,-0.10378215947654201,-1.5952040384052153,0.13653846153846153,98576.58596291687
3,-85,-40,10,-120,50,20,0.6,0.9627824633354637,-0.00035210202560461703,0.003343749921826622,10.55,-0.01423414037083126,-0.1655537199113939,-0.1676296029534055,-0.10378215947654201,-1.5952040384052153,0.13653846153846153,98576.58596291687
2,-95,-40,7,-50,0,19,0.5263157894736842,0.9080989154938254,-0.0006743729002155007,0.002016391310003973,6.7368421052631575,-0.015483047559920915,-0.17880219513468132,-0.32059173789920936,-0.10481671295580841,-1.7058557752146435,0.11153846153846154,98451.6952440079
2,-95,-40,7,-50,50,19,0.5263157894736842,0.9080989154938254,-0.0006743729002155007,0.002016391310003973,6.7368421052631575,-0.015483047559920915,-0.17880219513468132,-0.32059173789920936,-0.10481671295580841,-1.7058557752146435,0.11153846153846154,98451.6952440079
3,-95,-40,10,-120,0,15,0.6,0.8908248777502145,-0.0010703968754523173,0.003447378691296965,8.266666666666667,-0.02060245022228513,-0.23111024555228565,-0.527970859207232,-0.11646283274090852,-1.9844120232454754,0.10384615384615385,97939.75497777149
3,-95,-40,10,-120,50,15,0.6,0.8908248777502145,-0.0010703968754523173,0.003447378691296965,8.266666666666667,-0.02060245022228513,-0.23111024555228565,-0.527970859207232,-0.11646283274090852,-1.9844120232454754,0.10384615384615385,97939.75497777149
2,-95,-30,5,-50,0,20,0.65,0.9084811185923958,-0.0009380405124299162,0.006155127484089418,6.9,-0.026480446696159454,-0.2873767432985137,-0.47894104859786724,-0.12666181023492973,-2.268850751189275,0.13076923076923078,97351.95533038405
2,-95,-30,5,-50,50,20,0.65,0.9084811185923958,-0.0009380405124299162,0.006155127484089418,6.9,-0.026480446696159454,-0.2873767432985137,-0.47894104859786724,-0.12666181023492973,-2.268850751189275,0.13076923076923078,97351.95533038405
3,-90,-40,7,-120,0,21,0.6666666666666666,0.9069038062149176,-0.0007294966584877287,0.0058291796908001015,6.761904761904762,-0.020050267088606688,-0.22561966373422426,-0.43223559642821496,-0.08856852669596982,-2.5474022449160914,0.13846153846153847,97994.97329113934
3,-90,-40,7,-120,50,21,0.6666666666666666,0.9069038062149176,-0.0007294966584877287,0.0058291796908001015,6.761904761904762,-0.020050267088606688,-0.22561966373422426,-0.43223559642821496,-0.08856852669596982,-2.5474022449160914,0.13846153846153847,97994.97329113934
2,-95,-40,5,-50,0,20,0.6,0.8672838427633731,-0.0012311434547400135,0.00418331286874285,6.55,-0.03054805289371476,-0.32406628102073765,-0.6488923364287136,-0.12666181023492973,-2.558516102206862,0.11730769230769231,96945.19471062852
2,-95,-40,5,-50,50,20,0.6,0.8672838427633731,-0.0012311434547400135,0.00418331286874285,6.55,-0.03054805289371476,-0.32406628102073765,-0.6488923364287136,-0.12666181023492973,-2.558516102206862,0.11730769230769231,96945.19471062852
2,-95,-30,3,-50,50,22,0.5909090909090909,0.8805939622701849,-0.001249765385928737,0.004620975962009943,21.636363636363637,-0.035469146814388064,-0.3661267833376015,-0.4458000284460179,-0.139710864368498,-2.6206035228005917,0.1423076923076923,96453.08531856119
2,-95,-20,5,-50,0,19,0.631578947368421,0.8617562929340853,-0.0016892461036649314,0.006001161515132081,7.842105263157895,-0.04322113347278367,-0.4275204386887217,-0.7956913693143494,-0.1571653615006373,-2.720195051929353,0.1519230769230769,95677.88665272163
2,-95,-20,5,-50,50,19,0.631578947368421,0.8617562929340853,-0.0016892461036649314,0.006001161515132081,7.842105263157895,-0.04322113347278367,-0.4275204386887217,-0.7956913693143494,-0.1571653615006373,-2.720195051929353,0.1519230769230769,95677.88665272163
3,-90,-40,10,-80,0,23,0.6086956521739131,0.9067609733277182,-0.0007536598334705228,0.003240121152356279,6.6521739130434785,-0.022788563062958844,-0.2524976439324401,-0.4427405755434782,-0.09231254125091015,-2.735247459455577,0.1596153846153846,97721.14369370411
3,-90,-40,10,-80,50,23,0.6086956521739131,0.9067609733277182,-0.0007536598334705228,0.003240121152356279,6.6521739130434785,-0.022788563062958844,-0.2524976439324401,-0.4427405755434782,-0.09231254125091015,-2.735247459455577,0.1596153846153846,97721.14369370411
2,-95,-40,3,-50,0,22,0.5454545454545454,0.8417603093993111,-0.0015162226062106438,0.0021909277661787963,21.318181818181817,-0.03949919599299623,-0.39876186095419497,-0.5692896520889397,-0.139710864368498,-2.8541936431116075,0.12884615384615383,96050.08040070038
2,-95,-40,3,-50,50,22,0.5454545454545454,0.8417603093993111,-0.0015162226062106438,0.0021909277661787963,21.318181818181817,-0.03949919599299623,-0.39876186095419497,-0.5692896520889397,-0.139710864368498,-2.8541936431116075,0.12884615384615383,96050.08040070038
3,-90,-40,10,-100,0,20,0.55,0.8782879906788776,-0.001131381078746585,0.0030661274626594404,6.9,-0.027990545984189263,-0.3012065391105063,-0.6265383108868562,-0.09775289791441155,-3.081305470598227,0.13076923076923078,97200.94540158108
3,-90,-40,10,-100,50,20,0.55,0.8782879906788776,-0.001131381078746585,0.0030661274626594404,6.9,-0.027990545984189263,-0.3012065391105063,-0.6265383108868562,-0.09775289791441155,-3.081305470598227,0.13076923076923078,97200.94540158108
2,-95,-30,3,-50,0,22,0.5454545454545454,0.8113097032542085,-0.002033692090306632,0.0021909277661787963,21.59090909090909,-0.051932678553587075,-0.4899516484885008,-0.8111333195658842,-0.139710864368498,-3.5068972674610057,0.14038461538461539,94806.7321446413
2,-95,-20,3,-50,50,22,0.5909090909090909,0.7777741880774183,-0.0025617986714239105,0.004360656731881352,21.818181818181817,-0.06411594219022254,-0.5667893077330615,-1.0596943369079785,-0.14969280697373577,-3.786349652942957,0.15,93588.40578097774
3,-90,-40,10,-120,0,18,0.5555555555555556,0.7640789889992191,-0.002286221406913024,0.0030661274626594404,7.444444444444445,-0.04516363392662015,-0.4420214397047698,-1.2766366533310403,-0.11369345154370514,-3.8878355235336612,0.12307692307692308,95483.63660733799
3,-90,-40,10,-120,50,18,0.5555555555555556,0.7640789889992191,-0.002286221406913024,0.0030661274626594404,7.444444444444445,-0.04516363392662015,-0.4420214397047698,-1.2766366533310403,-0.11369345154370514,-3.8878355235336612,0.12307692307692308,95483.63660733799
2,-95,-30,3,-80,50,21,0.5238095238095238,0.7753850538406978,-0.002550801832944475,0.002016391310003973,19.238095238095237,-0.06024764220610257,-0.5436332688379273,-1.0556950511266996,-0.139710864368498,-3.891130953166629,0.13846153846153847,93975.23577938974
2,-95,-40,3,-80,0,21,0.47619047619047616,0.7286592013124558,-0.0028299474922874246,-0.0005496108371184638,18.904761904761905,-0.06417416068408988,-0.5671293928286603,-1.2072916677810392,-0.139710864368498,-4.059307738106991,0.125,93582.58393159101
2,-95,-40,3,-80,50,21,0.47619047619047616,0.7286592013124558,-0.0028299474922874246,-0.0005496108371184638,18.904761904761905,-0.06417416068408988,-0.5671293928286603,-1.2072916677810392,-0.139710864368498,-4.059307738106991,0.125,93582.58393159101
2,-95,-20,3,-50,0,22,0.5454545454545454,0.7174057818958738,-0.0033457253758018054,0.0024542625414832875,21.772727272727273,-0.08009050312735821,-0.6514154666269927,-1.425839429888138,-0.1552187891144633,-4.19675652891879,0.14807692307692308,91990.94968726418
2,-95,-20,3,-80,50,21,0.5238095238095238,0.6851756767740352,-0.003925312893939418,0.002016391310003973,19.428571428571427,-0.08815851038493416,-0.6881033267578196,-1.6915416043354146,-0.16262788855702714,-4.2311520666182,0.14615384615384616,91184.14896150658
2,-95,-20,3,-80,0,21,0.47619047619047616,0.6290152354131318,-0.004746569441382927,-0.0005496108371184638,19.38095238095238,-0.10372268985707256,-0.7490312260443346,-2.0780504317629407,-0.17692095371790695,-4.233705563438424,0.14423076923076922,89627.73101429275
2,-95,-30,3,-80,0,21,0.47619047619047616,0.7113601404853724,-0.0033720583803879835,-0.0005496108371184638,19.19047619047619,-0.07628823097361292,-0.6327828770877348,-1.4413096408704966,-0.14879580313590102,-4.252693044774855,0.13653846153846153,92371.1769026387
