wr_lookback,wr_entry,wr_exit,cci_lookback,cci_entry,cci_exit,trades,win_rate,profit_factor,avg_trade,median_trade,avg_hold_5m_bars,total_return,annualized_return,sharpe,max_drawdown,calmar,exposure,ending_equity
5,-90,-50,10,-100,0,64,0.6875,2.126118344416521,0.003777505516382701,0.0045655445076320245,17.1875,0.26203951395163805,17.80771721165595,4.036706072100968,-0.09404803071730683,189.3470503936767,0.16666666666666666,126203.95139516381
5,-90,-50,10,-100,50,64,0.6875,2.126118344416521,0.003777505516382701,0.0045655445076320245,17.1875,0.26203951395163805,17.80771721165595,4.036706072100968,-0.09404803071730683,189.3470503936767,0.16666666666666666,126203.95139516381
5,-90,-50,10,-80,50,68,0.6617647058823529,1.9161833692386412,0.0035652767636950985,0.003900740721215379,16.441176470588236,0.26098747163922886,17.610998693777205,3.9330613154409653,-0.09867050657689413,178.48290542678947,0.1782051282051282,126098.74716392289
5,-90,-50,10,-80,0,68,0.6617647058823529,1.9150860193512311,0.003561006487474654,0.003805458530454886,16.426470588235293,0.2606226377676002,17.543223006094184,3.9286455166938192,-0.09893128278291874,177.32735806720135,0.17756410256410257,126062.26377676002
3,-90,-40,10,-100,0,59,0.711864406779661,1.7798743133751542,0.0030986429402422625,0.0035023041474653294,18.322033898305083,0.1867819679314171,7.6631314634643655,3.098411919198075,-0.09897740673150468,77.42303740339538,0.1544871794871795,118678.1967931417
10,-80,-50,3,-100,0,66,0.7121212121212122,1.5282333464603663,0.0025698820354135505,0.003342094799794526,22.242424242424242,0.16556973332205538,5.901124518591738,2.67418831635546,-0.08214894748773283,71.83445070276699,0.13333333333333333,116556.97333220554
3,-90,-50,10,-100,0,62,0.6774193548387096,1.827810939156883,0.002929670435116825,0.002625855848329639,16.838709677419356,0.18800427311154744,7.776301238338435,3.193715436032257,-0.12199303011552998,63.74381578172223,0.13076923076923078,118800.42731115474
3,-90,-50,10,-100,50,62,0.6774193548387096,1.827810939156883,0.002929670435116825,0.002625855848329639,16.838709677419356,0.18800427311154744,7.776301238338435,3.193715436032257,-0.12199303011552998,63.74381578172223,0.13076923076923078,118800.42731115474
3,-85,-40,10,-100,0,74,0.7297297297297297,1.622515653503231,0.002291361258947909,0.003603283915280975,15.243243243243244,0.17286293970351307,6.465779946054063,2.854564113759412,-0.1051220715612895,61.507349027880494,0.18461538461538463,117286.2939703513
3,-90,-40,10,-80,0,63,0.6825396825396826,1.5808967098502507,0.0026051591536989907,0.0030701128087962104,17.428571428571427,0.16357697015253514,5.7538317427473356,2.7442102076370816,-0.09595403608880215,59.96445774748196,0.16538461538461538,116357.6970152535
3,-90,-40,10,-100,50,58,0.7068965517241379,1.696926955165697,0.0029354612531865766,0.00362854528537615,18.655172413793103,0.1718142564208316,6.382052317299454,2.893224347370333,-0.10645190584869602,59.95244769380173,0.15512820512820513,117181.42564208317
10,-90,-50,3,-80,0,67,0.6567164179104478,1.6280597895856441,0.0025409468459787346,0.0027986448666961206,16.104477611940297,0.17486631447699374,6.628166237613239,2.8634585187574726,-0.12294494598595929,53.91166090202843,0.15320512820512822,117486.63144769937
7,-90,-50,10,-100,0,62,0.7096774193548387,1.693472471898575,0.0024788418444047886,0.0037295250531917956,21.741935483870968,0.15688996926024878,5.280459698773729,2.62680454228203,-0.09800318325816604,53.88049166590453,0.191025641025641,115688.99692602488
10,-90,-50,7,-100,50,57,0.6666666666666666,1.6143052070065398,0.002870630418610876,0.0031204273398797167,23.526315789473685,0.16426932944335082,5.804675320070536,2.6775462254664486,-0.10986302913032508,52.83556594079284,0.18653846153846154,116426.93294433507
10,-90,-50,7,-100,0,57,0.6666666666666666,1.604723419265469,0.0028427281547552456,0.0031204273398797167,23.333333333333332,0.16192014016984402,5.633578681815701,2.651958462950668,-0.10986302913032486,51.27820274400842,0.1794871794871795,116192.01401698441
3,-85,-40,10,-100,50,73,0.726027397260274,1.5563843116469591,0.0021510398303279618,0.0037042636830966202,15.465753424657533,0.15807077518020263,5.361761723650054,2.655396866333577,-0.1051220715612895,51.00509953824471,0.18525641025641026,115807.07751802026
7,-90,-50,10,-80,0,67,0.6716417910447762,1.604161486781524,0.002474996349003831,0.0031204273398797167,20.44776119402985,0.16909077067547096,6.168628587286209,2.729299602642217,-0.1219760814589469,50.572444314522144,0.20512820512820512,116909.0770675471
3,-90,-50,10,-80,0,66,0.6666666666666666,1.6015193184226333,0.0024788041992312923,0.002625855848329639,16.060606060606062,0.16544956562999946,5.892159349344981,2.8331062935816136,-0.11853697893382076,49.70735210515679,0.14102564102564102,116544.95656299994
3,-90,-50,10,-80,50,66,0.6666666666666666,1.6015193184226333,0.0024788041992312923,0.002625855848329639,16.060606060606062,0.16544956562999946,5.892159349344981,2.8331062935816136,-0.11853697893382076,49.70735210515679,0.14102564102564102,116544.95656299994
3,-85,-50,10,-100,0,78,0.7051282051282052,1.6217415365423662,0.0020831964424284964,0.0027689580272718395,13.935897435897436,0.16706973174224338,6.013939811028315,2.8419257776700313,-0.12236940093202986,49.14578125922804,0.15833333333333333,116706.97317422435
3,-85,-50,10,-100,50,78,0.7051282051282052,1.6217415365423662,0.0020831964424284964,0.0027689580272718395,13.935897435897436,0.16706973174224338,6.013939811028315,2.8419257776700313,-0.12236940093202986,49.14578125922804,0.15833333333333333,116706.97317422435
5,-85,-50,10,-80,50,81,0.6666666666666666,1.4222958409795148,0.001977621559986829,0.0037042636830966202,19.666666666666668,0.1618197422809624,5.6263555186810725,2.5953921482589837,-0.1156278037227374,48.65919214527716,0.2153846153846154,116181.97422809624
3,-90,-30,10,-100,0,56,0.6964285714285714,1.5978851042663413,0.0027653339704316604,0.0034124496160415907,19.660714285714285,0.15353653900988107,5.0547529129741005,2.6217373039840277,-0.10401259384844541,48.59750849343567,0.1673076923076923,115353.65390098811
5,-85,-50,10,-80,0,81,0.6666666666666666,1.421530326379562,0.0019740366367400368,0.0037042636830966202,19.65432098765432,0.1614836000081452,5.602224314896679,2.59118988997632,-0.11588367377663178,48.343516669095976,0.21474358974358973,116148.36000081451
10,-90,-50,3,-100,0,38,0.6842105263157895,1.7291653933021924,0.0036725302085707963,0.003287014460462867,20.263157894736842,0.13713275530389812,4.054425610718651,2.5403295603976765,-0.08594178064649927,47.17642083069643,0.08974358974358974,113713.27553038982
5,-90,-40,10,-100,0,59,0.6949152542372882,1.641369687395275,0.002535896816802787,0.004155614500441995,22.593220338983052,0.15141038484050484,4.915543595998066,2.559217575618326,-0.10469591185012339,46.950673709541526,0.1814102564102564,115141.03848405048
3,-90,-40,10,-80,50,62,0.6774193548387096,1.5183170310249499,0.0024445459015091024,0.0032128004838973823,17.725806451612904,0.14890192041280859,4.7550943879202,2.543876353368464,-0.1034536157992757,45.96353980653706,0.16602564102564102,114890.19204128085
7,-90,-50,10,-100,50,61,0.7049180327868853,1.628073776492995,0.0023110716321940628,0.0037042636830966202,22.114754098360656,0.14229925607342864,4.351723250255079,2.429737851679961,-0.09800318325816604,44.403896950892914,0.19166666666666668,114229.92560734286
3,-90,-50,7,-100,0,74,0.7027027027027027,1.5739430610292884,0.0020319721475680424,0.0027438602484740615,14.837837837837839,0.15387253742437657,5.077026269647366,2.602380971619786,-0.11561956600520218,43.911480081311936,0.16538461538461538,115387.25374243766
3,-90,-50,7,-100,50,74,0.7027027027027027,1.5739430610292884,0.0020319721475680424,0.0027438602484740615,14.837837837837839,0.15387253742437657,5.077026269647366,2.602380971619786,-0.11561956600520218,43.911480081311936,0.16538461538461538,115387.25374243766
5,-90,-30,10,-100,0,58,0.7068965517241379,1.5992469513070575,0.0024669335220241775,0.004526549675721081,23.06896551724138,0.1438912133081811,4.44652365265766,2.457843815286188,-0.10469591185012372,42.4708431693401,0.18461538461538463,114389.12133081812
7,-90,-50,10,-80,50,66,0.6666666666666666,1.552139854318449,0.0023198777362726914,0.003098040458132334,20.772727272727273,0.1543461808030291,5.1085522594012645,2.5380568230089704,-0.1219760814589469,41.88159021259126,0.20576923076923076,115434.61808030291
5,-90,-40,10,-80,0,63,0.6666666666666666,1.5296592175607393,0.0023810476236690173,0.003355488158998554,21.428571428571427,0.15011771061414425,4.8323529043111755,2.4955377958258143,-0.11722426788905571,41.22314424590519,0.19230769230769232,115011.77106141443
3,-90,-30,10,-100,50,55,0.6909090909090909,1.5428599416559534,0.002584470500998435,0.0030701128087962104,20.036363636363635,0.13898811933435007,4.159393339509846,2.4202000304694353,-0.10401259384844541,39.9893242309716,0.16794871794871793,113898.811933435
5,-90,-40,10,-100,50,58,0.6896551724137931,1.579825594961557,0.0023604325414156102,0.003955200461864483,23.0,0.1368887802524068,4.040769898862924,2.361656498354779,-0.10469591185012339,38.59529782449821,0.18205128205128204,113688.87802524069
10,-90,-50,5,-100,0,54,0.6296296296296297,1.5688981701057212,0.0025144447758891045,0.003072883192590581,24.314814814814813,0.13374509287953984,3.867824313982937,2.3152869460479897,-0.10122239767265662,38.2111509202845,0.1685897435897436,113374.50928795399
5,-90,-30,10,-80,0,62,0.6774193548387096,1.4969466896321009,0.002314036006083644,0.0037555513297202747,21.85483870967742,0.14260698076288514,4.369928820314584,2.3969561124780405,-0.11722426788905571,37.27836308135791,0.1955128205128205,114260.69807628852
5,-90,-50,10,-50,0,73,0.6301369863013698,1.4782185641635324,0.0021370685115219817,0.0031128081680087405,16.0,0.15609118995797333,5.226004973724174,2.5546063454024024,-0.1453460331117542,35.95560788168181,0.21025641025641026,115609.11899579733
3,-90,-40,7,-100,0,71,0.7183098591549296,1.5406689689227804,0.0021404895821481285,0.003420074349442359,15.901408450704226,0.15276273998640466,5.003743289348719,2.5427412127967384,-0.14172985367328128,35.30479401244184,0.18525641025641026,115276.27399864046
3,-85,-30,10,-100,0,70,0.7285714285714285,1.4665885965702101,0.001968113498463253,0.0037295250531917956,16.385714285714286,0.13953498173659318,4.190713007747269,2.387302838878619,-0.11949132054558442,35.07127537475465,0.1987179487179487,113953.49817365932
5,-90,-40,10,-80,50,62,0.6612903225806451,1.4868394732897219,0.0022461187500939558,0.003612863654619103,21.887096774193548,0.13783776844642137,4.094078084379635,2.3325531802342994,-0.11722426788905571,34.925175120346104,0.1967948717948718,113783.77684464214
5,-90,-30,10,-100,50,57,0.7017543859649122,1.539595983068432,0.002287181043651636,0.004155614500441995,23.49122807017544,0.12946444062125395,3.6411072856153126,2.2605204227405262,-0.10469591185012372,34.777931833935405,0.18525641025641026,112946.44406212539
5,-90,-50,10,-50,50,72,0.625,1.4692696027963894,0.002140137681501889,0.0033793375549987514,16.26388888888889,0.15386791059342864,5.0767190451592406,2.5260580287457075,-0.14698961844906477,34.53794287464212,0.21217948717948718,115386.79105934285
3,-90,-30,10,-80,0,60,0.6666666666666666,1.4471499477669671,0.00226885358742057,0.002816374437601743,18.633333333333333,0.1309815848996161,3.7203234293045817,2.2825080609852058,-0.10929266834286955,34.040009139801576,0.1782051282051282,113098.1584899616
3,-90,-40,7,-100,50,71,0.7183098591549296,1.5271861176384212,0.002105537628908902,0.003420074349442359,15.943661971830986,0.14990039251085463,4.818473519788322,2.5052054172888902,-0.14172985367328128,33.99759045046339,0.18717948717948718,114990.03925108547
5,-85,-50,10,-100,0,74,0.6756756756756757,1.404406588229521,0.0017988173446981985,0.0037295250531917956,18.31081081081081,0.13286900532725765,3.8206104921043735,2.266398956866231,-0.11617412042417796,32.88693280529658,0.19743589743589743,113286.90053272576
5,-85,-50,10,-100,50,74,0.6756756756756757,1.404406588229521,0.0017988173446981985,0.0037295250531917956,18.31081081081081,0.13286900532725765,3.8206104921043735,2.266398956866231,-0.11617412042417796,32.88693280529658,0.19743589743589743,113286.90053272576
5,-90,-30,10,-80,50,61,0.6721311475409836,1.4552516237994733,0.0021757966326534936,0.004155614500441995,22.327868852459016,0.13040723154181477,3.690188876949305,2.234192721463708,-0.11722426788905571,31.479734899618244,0.2,113040.72315418147
5,-90,-50,7,-100,0,75,0.6533333333333333,1.4521269110398338,0.0018249727283932001,0.0030701128087962104,15.706666666666667,0.13622856716308474,4.003986759434088,2.2935742740292433,-0.1302263341556178,30.746367740409603,0.21666666666666667,113622.85671630847
5,-90,-50,7,-100,50,75,0.6533333333333333,1.4521269110398338,0.0018249727283932001,0.0030701128087962104,15.706666666666667,0.13622856716308474,4.003986759434088,2.2935742740292433,-0.1302263341556178,30.746367740409603,0.21666666666666667,113622.85671630847
10,-80,-40,3,-100,0,65,0.7076923076923077,1.4063709970067864,0.0020473541175397517,0.0031818854521237228,22.630769230769232,0.12400596795550567,3.366112212719165,2.123636663343394,-0.1136371598147563,29.621579932183945,0.13525641025641025,112400.59679555056
10,-80,-30,3,-100,0,65,0.7076923076923077,1.4063709970067864,0.0020473541175397517,0.0031818854521237228,22.630769230769232,0.12400596795550567,3.366112212719165,2.123636663343394,-0.1136371598147563,29.621579932183945,0.13525641025641025,112400.59679555056
3,-85,-30,10,-100,50,69,0.7246376811594203,1.4195433321614783,0.0018125110548302343,0.0037042636830966202,16.63768115942029,0.1251631499058634,3.4231251884932288,2.191620433615491,-0.11949132054558442,28.647479773958562,0.19935897435897437,112516.31499058634
10,-90,-50,10,-80,0,57,0.6666666666666666,1.4286890066775995,0.0021862650741905367,0.0037042636830966202,23.70175438596491,0.12150814538889532,3.245346608239972,2.1106976424081463,-0.11509206493958446,28.197831101071642,0.19294871794871796,112150.81453888952
10,-80,-50,3,-100,50,62,0.6935483870967742,1.3427947437827077,0.0019083589758846211,0.0031421670205610264,27.322580645161292,0.11000923156511933,2.728046981558962,1.941121505863082,-0.09688391348721881,28.157894157721586,0.14551282051282052,111000.92315651193
3,-90,-30,7,-100,0,70,0.7,1.4810529757079445,0.0020423556330431483,0.003587430386364665,16.414285714285715,0.14198577791641132,4.333235739158939,2.3800076021586993,-0.1555112835604533,27.864445845657503,0.19807692307692307,114198.57779164113
3,-90,-30,10,-80,50,59,0.6610169491525424,1.3995512424773835,0.0020809000723991914,0.0025626360664072756,19.050847457627118,0.11599943606371022,2.9898017089573155,2.0756080475835277,-0.10929266834286955,27.355921987171207,0.18205128205128204,111599.94360637103
10,-90,-50,5,-100,50,53,0.6415094339622641,1.4667282249272993,0.0022674175659898716,0.0030756535763849513,24.90566037735849,0.11514865862472545,2.951622085333529,2.0524474297563855,-0.10839407258272737,27.230475015880813,0.17307692307692307,111514.86586247255
10,-80,-50,3,-80,0,99,0.6565656565656566,1.2923955941525491,0.0012862209535967819,0.0027392711878475584,18.181818181818183,0.12643090178559002,3.4863720745656,2.0649690639576077,-0.13509855073946442,25.806139706776115,0.21217948717948718,112643.09017855901
10,-80,-50,10,-80,0,83,0.6746987951807228,1.3141902913138428,0.001681916157091221,0.003878231859883119,25.072289156626507,0.13509750668421172,3.9415446319777168,2.14370269341549,-0.15658283476959156,25.172265132238913,0.258974358974359,113509.75066842117
10,-80,-50,7,-100,50,74,0.6486486486486487,1.3128680115101539,0.0016765080062047168,0.003072883192590581,27.60810810810811,0.11742386100263746,3.0544855534667397,1.9491168284505584,-0.12355880335777258,24.720905920578378,0.23461538461538461,111742.38610026374
10,-80,-50,7,-100,0,76,0.6447368421052632,1.3226341394140042,0.0016922057851077208,0.003072883192590581,26.789473684210527,0.12203134718444497,3.270384932152794,2.0065520740328133,-0.13288352374385393,24.610913678484195,0.23012820512820512,112203.1347184445
10,-90,-50,3,-100,50,35,0.6857142857142857,1.5056027511326269,0.002974415713821421,0.0031128081680087405,28.285714285714285,0.09656371294081323,2.1970565885919786,1.9099754148677104,-0.09014097659576381,24.373560966003886,0.09615384615384616,109656.37129408131
3,-85,-40,10,-80,0,82,0.7073170731707317,1.3316177522539372,0.001590325066285199,0.0034288961532319417,19.24390243902439,0.12317576098805505,3.3256265965896548,2.108404961107553,-0.14101669855585264,23.583211283821612,0.20384615384615384,112317.5760988055
10,-90,-50,10,-80,50,56,0.6607142857142857,1.3895223312979448,0.0020295428317407193,0.0034123455114881684,24.160714285714285,0.10930952849768305,2.6985261009791035,1.9465137521673883,-0.11509206493958435,23.4466737771683,0.19423076923076923,110930.9528497683
10,-90,-50,5,-80,0,60,0.6,1.4051880458656876,0.0018926368419310224,0.0022989454091049133,22.2,0.11004799077323768,2.729688579233104,1.9653588901826955,-0.12143444555937721,22.47870088803083,0.18076923076923077,111004.79907732377
3,-80,-40,10,-80,0,90,0.6888888888888889,1.2850961819521498,0.0013991429895057837,0.0032379577494391354,17.844444444444445,0.12385601242629951,3.358773810180021,2.1039444705589125,-0.15075223692405837,22.280092678638045,0.22243589743589742,112385.60124262994
3,-90,-30,7,-100,50,69,0.6956521739130435,1.4177676347051245,0.0018513680385279215,0.003420074349442359,16.753623188405797,0.12465974046911033,3.3982390988144706,2.151048300976654,-0.1555112835604533,21.852041993425143,0.20256410256410257,112465.97404691104
10,-80,-50,10,-80,50,82,0.6707317073170732,1.2888349663150585,0.0015688350374062016,0.0037912477714898696,25.402439024390244,0.12275107863984847,3.3050505617254444,1.9968010439363668,-0.15658283476959156,21.107361905848485,0.2602564102564103,112275.10786398484
10,-90,-50,3,-80,50,63,0.6349206349206349,1.370394167553179,0.0017677247853626898,0.0026890756302520025,20.6984126984127,0.1065834825271279,2.5855534067033616,1.936135667578361,-0.12762773006128858,20.258555138932138,0.16282051282051282,110658.34825271279
3,-85,-50,10,-80,0,86,0.686046511627907,1.278689938286942,0.0012758785421475584,0.0027689580272718395,17.848837209302324,0.10247146878770885,2.421142320166804,1.866258415918403,-0.12632239198437545,19.166374877276468,0.1762820512820513,110247.14687877089
3,-85,-50,10,-80,50,86,0.686046511627907,1.278689938286942,0.0012758785421475584,0.0027689580272718395,17.848837209302324,0.10247146878770885,2.421142320166804,1.866258415918403,-0.12632239198437545,19.166374877276468,0.1762820512820513,110247.14687877089
3,-85,-40,10,-80,50,81,0.7037037037037037,1.292420885413276,0.0014552077763849661,0.0035023041474653294,19.493827160493826,0.1090102518883056,2.6859652858548957,1.9219835250507638,-0.14101669855585264,19.04714344727807,0.20448717948717948,110901.02518883055
10,-80,-50,10,-50,0,88,0.6704545454545454,1.2436746195352835,0.0013626592551088704,0.003907238792431156,23.90909090909091,0.11194083703115121,2.810672358269492,1.8512239049454529,-0.14903903517123052,18.85863227066868,0.27371794871794874,111194.08370311512
5,-80,-50,10,-80,50,89,0.651685393258427,1.2698548995167314,0.0013424318761249912,0.0037042636830966202,18.191011235955056,0.11560059636491049,2.9718612270022287,1.9775035687523537,-0.16030995486691446,18.538220096620936,0.23205128205128206,111560.05963649105
5,-80,-50,10,-80,0,89,0.651685393258427,1.2691990368270705,0.0013391691931700451,0.0037042636830966202,18.179775280898877,0.11527782639778783,2.9573968970395588,1.9734079270676623,-0.16030995486691446,18.44799282424301,0.23141025641025642,111527.78263977879
3,-80,-40,10,-80,50,89,0.6853932584269663,1.2512414582849822,0.0012745199347167075,0.003355488158998554,18.0561797752809,0.10968192398547627,2.714210784140187,1.9195399423525425,-0.15075223692405837,18.004447824594962,0.2230769230769231,110968.19239854762
10,-80,-50,10,-100,0,74,0.6891891891891891,1.2732872645885784,0.0014019039754217554,0.0037295250531917956,27.64864864864865,0.09801643097143908,2.2508698062672132,1.7209645078084195,-0.12672594390605507,17.761712691884433,0.23653846153846153,109801.64309714391
10,-90,-50,5,-80,50,59,0.6101694915254238,1.3334888346929188,0.001690440683022107,0.0025626360664072756,22.71186440677966,0.09378278710590204,2.0963233712123097,1.7378059977700888,-0.12221136220205098,17.153260821579558,0.1858974358974359,109378.2787105902
7,-90,-50,3,-100,0,49,0.673469387755102,1.3228146335808288,0.0018375479513540731,0.0026890756302520025,16.551020408163264,0.08077336905097998,1.6627417387781493,1.6084830003496438,-0.09938600357788763,16.73013984786176,0.11602564102564103,108077.336905098
5,-80,-50,10,-100,0,79,0.6708860759493671,1.2586214752348166,0.0012189940784828636,0.003754786423286971,20.025316455696203,0.09286533154352505,2.0637369919490496,1.7094696137386265,-0.12491148316409639,16.521595450419202,0.20833333333333334,109286.53315435251
5,-80,-50,10,-100,50,79,0.6708860759493671,1.2586214752348166,0.0012189940784828636,0.003754786423286971,20.025316455696203,0.09286533154352505,2.0637369919490496,1.7094696137386265,-0.12491148316409639,16.521595450419202,0.20833333333333334,109286.53315435251
3,-80,-50,10,-80,0,95,0.6526315789473685,1.225209351927793,0.001048456924798866,0.0026890756302520025,16.442105263157895,0.09699215304349673,2.2128414470572597,1.7811922527047932,-0.13622447257194714,16.244081590321773,0.19423076923076923,109699.21530434968
10,-90,-50,3,-50,0,67,0.6268656716417911,1.3236575702540974,0.0015855889894449333,0.0027392711878475584,16.208955223880597,0.10043429078466892,2.342287271226485,1.8382340940750497,-0.14798497865308646,15.82787180526875,0.1576923076923077,110043.42907846688
10,-80,-50,10,-50,50,87,0.6666666666666666,1.2209304516990442,0.001252407430785262,0.003878231859883119,24.20689655172414,0.09984628352085712,2.3198399282602638,1.7076236689673536,-0.14903903517123052,15.56531767395707,0.275,109984.62835208571
10,-80,-50,5,-100,0,79,0.620253164556962,1.2370951412339641,0.001194292072322138,0.0026174584478471097,25.670886075949365,0.08568698339996983,1.8194663709179837,1.5596503744359123,-0.11958266318596344,15.21513505756704,0.225,108568.69833999698
10,-80,-50,10,-100,50,73,0.684931506849315,1.2437376788979568,0.0012710455645198232,0.0037042636830966202,28.054794520547944,0.08607333288807006,1.8321425642908373,1.570796940589755,-0.12672594390605507,14.457517599151187,0.2378205128205128,108607.333288807
3,-90,-40,10,-50,0,70,0.6571428571428571,1.2703927036794747,0.0013624142929010627,0.002625855848329639,16.185714285714287,0.08515987727470398,1.8022561691297239,1.6269285466063492,-0.12753395796503797,14.131578740963976,0.18782051282051282,108515.98772747039
7,-90,-50,10,-50,0,68,0.6470588235294118,1.3039862719273108,0.0013996956433481524,0.002816374437601743,20.602941176470587,0.0889465038244901,1.9280706837861055,1.656395502678043,-0.13923053451645873,13.848044830699004,0.225,108894.650382449
10,-90,-40,3,-80,0,67,0.6417910447761194,1.3354041412543691,0.00154130682714895,0.0027392711878475584,16.19402985074627,0.09848148970865567,2.2682724597770743,1.8090036379985448,-0.1657903611518442,13.681570171016197,0.15705128205128205,109848.14897086556
10,-90,-30,3,-80,0,67,0.6417910447761194,1.3354041412543691,0.00154130682714895,0.0027392711878475584,16.19402985074627,0.09848148970865567,2.2682724597770743,1.8090036379985448,-0.1657903611518442,13.681570171016197,0.15705128205128205,109848.14897086556
10,-90,-40,7,-100,50,57,0.6491228070175439,1.3187805369183836,0.0016956149578811284,0.0030756535763849513,23.63157894736842,0.08857347569656149,1.9154494348395268,1.6539518617249294,-0.14632937636870713,13.089985636330164,0.19038461538461537,108857.34756965615
10,-90,-30,7,-100,50,57,0.6491228070175439,1.3187805369183836,0.0016956149578811284,0.0030756535763849513,23.63157894736842,0.08857347569656149,1.9154494348395268,1.6539518617249294,-0.14632937636870713,13.089985636330164,0.19038461538461537,108857.34756965615
3,-80,-50,10,-80,50,94,0.648936170212766,1.1922996859349082,0.000925130071631085,0.002650953627127417,16.627659574468087,0.08315687198951283,1.7377356270523716,1.5918165461199592,-0.13622447257194714,12.756412957551252,0.19487179487179487,108315.68719895129
7,-80,-50,10,-80,0,86,0.6744186046511628,1.231092466486995,0.001238695752689482,0.003098040458132334,24.186046511627907,0.09968224220721744,2.3136024147474488,1.71663316075846,-0.18454156356555174,12.53702618557052,0.25833333333333336,109968.22422072175
7,-80,-50,10,-100,0,77,0.7012987012987013,1.234123658798338,0.0011578875622998376,0.0031204273398797167,26.506493506493506,0.08372764607665295,1.7559805545597942,1.5387089138385486,-0.14810036498354107,11.856692957879899,0.23333333333333334,108372.76460766529
10,-90,-40,7,-100,0,57,0.6491228070175439,1.3118987011830785,0.0016677126940254983,0.0030756535763849513,23.43859649122807,0.08637702074592402,1.8421434248037696,1.6263017603285337,-0.15541183380871615,11.853302156328166,0.18333333333333332,108637.70207459241
10,-90,-30,7,-100,0,57,0.6491228070175439,1.3118987011830785,0.0016677126940254983,0.0030756535763849513,23.43859649122807,0.08637702074592402,1.8421434248037696,1.6263017603285337,-0.15541183380871615,11.853302156328166,0.18333333333333332,108637.70207459241
5,-90,-40,10,-50,0,68,0.6323529411764706,1.2698356011662795,0.0013492749709065153,0.002483716074240472,20.602941176470587,0.0839942196692618,1.7645399339196906,1.5885723412504558,-0.15005730569012488,11.759107134467317,0.225,108399.42196692618
5,-85,-40,10,-80,0,76,0.6842105263157895,1.2141967206474482,0.0011164759155332586,0.0032379577494391354,24.026315789473685,0.07754912680012405,1.564303110281919,1.4896434989791003,-0.13655999406008879,11.455061352694539,0.23012820512820512,107754.9126800124
10,-80,-40,10,-80,0,82,0.6707317073170732,1.2273889805725493,0.0012498059362851248,0.003529875921047587,25.426829268292682,0.09398715255508172,2.103625386741718,1.6464824355091165,-0.18665876429964467,11.269898815813184,0.26153846153846155,109398.71525550817
10,-80,-30,10,-80,0,82,0.6707317073170732,1.2273889805725493,0.0012498059362851248,0.003529875921047587,25.426829268292682,0.09398715255508172,2.103625386741718,1.6464824355091165,-0.18665876429964467,11.269898815813184,0.26153846153846155,109398.71525550817
7,-90,-40,10,-100,0,61,0.7049180327868853,1.3157057676193,0.001366219591604221,0.0037042636830966202,22.278688524590162,0.07794937437330662,1.5763381219945947,1.526317588283691,-0.14078080765030188,11.197109522984148,0.19807692307692307,107794.93743733066
7,-80,-50,3,-100,0,71,0.676056338028169,1.2008284372019458,0.001179948554735463,0.0026890756302520025,21.197183098591548,0.0681673925996098,1.2966078869621755,1.359846199836213,-0.11632798966837765,11.146138523140339,0.15705128205128205,106816.73925996097
10,-80,-50,7,-80,0,83,0.6506024096385542,1.194761191738603,0.0011053219761217054,0.0030756535763849513,24.97590361445783,0.08173003123364242,1.6926116889326432,1.4960954135800157,-0.15188630321311347,11.143938940680647,0.25384615384615383,108173.00312336425
7,-90,-40,10,-80,0,66,0.6666666666666666,1.301349698096818,0.0014466053957275346,0.003098040458132334,20.924242424242426,0.08931765191209684,1.940678230202165,1.6595633968201524,-0.17524511997250947,11.07407858493633,0.21217948717948718,108931.76519120969
10,-80,-40,3,-80,0,98,0.6530612244897959,1.2041762966511824,0.0009206216341111254,0.0027141734090497804,18.408163265306122,0.08563443011535132,1.8177461304074423,1.5577790485400305,-0.1657903611518441,10.964124318075433,0.21474358974358973,108563.44301153514
10,-80,-30,3,-80,0,98,0.6530612244897959,1.2041762966511824,0.0009206216341111254,0.0027141734090497804,18.408163265306122,0.08563443011535132,1.8177461304074423,1.5577790485400305,-0.1657903611518441,10.964124318075433,0.21474358974358973,108563.44301153514
10,-80,-50,7,-80,50,81,0.654320987654321,1.1861448905024805,0.001077518105330194,0.0030756535763849513,25.679012345679013,0.07728803753724423,1.5564803565306673,1.441151655082844,-0.14313186026882097,10.87445068908758,0.25833333333333336,107728.80375372442
7,-90,-50,10,-50,50,67,0.6417910447761194,1.2610198702828759,0.0012308429695285865,0.0025626360664072756,20.925373134328357,0.07521269461595059,1.4950759511868332,1.4707171614586199,-0.13923053451645873,10.738132668808344,0.22564102564102564,107521.26946159506
10,-80,-40,3,-100,50,61,0.6885245901639344,1.2326427834628362,0.0013407222919284596,0.0031128081680087405,27.81967213114754,0.07042673217747342,1.3586114714963298,1.4035528550071448,-0.12908868343400504,10.524636516189297,0.14743589743589744,107042.67321774735
10,-80,-30,3,-100,50,61,0.6885245901639344,1.2326427834628362,0.0013407222919284596,0.0031128081680087405,27.81967213114754,0.07042673217747342,1.3586114714963298,1.4035528550071448,-0.12908868343400504,10.524636516189297,0.14743589743589744,107042.67321774735
5,-85,-50,7,-100,0,86,0.6744186046511628,1.2003241390473367,0.0009170655935014223,0.003080800776922521,19.046511627906977,0.07299127828302399,1.430856370971537,1.427653181153474,-0.13742574815781317,10.411850691388704,0.24423076923076922,107299.1278283024
5,-85,-50,7,-100,50,86,0.6744186046511628,1.2003241390473367,0.0009170655935014223,0.003080800776922521,19.046511627906977,0.07299127828302399,1.430856370971537,1.427653181153474,-0.13742574815781317,10.411850691388704,0.24423076923076922,107299.1278283024
10,-80,-40,7,-100,0,75,0.64,1.227339952323797,0.001227645906279684,0.0030701128087962104,27.186666666666667,0.0820201438089343,1.7017306752043448,1.5100668157001182,-0.1638045615284046,10.388786852613109,0.23205128205128206,108202.01438089344
10,-80,-30,7,-100,0,75,0.64,1.227339952323797,0.001227645906279684,0.0030701128087962104,27.186666666666667,0.0820201438089343,1.7017306752043448,1.5100668157001182,-0.1638045615284046,10.388786852613109,0.23205128205128206,108202.01438089344
3,-85,-30,10,-80,0,77,0.7012987012987013,1.210503257681043,0.00113028371942665,0.003355488158998554,20.714285714285715,0.0788001706641448,1.6020935989526053,1.5136693757926905,-0.1548095797294189,10.34880142270779,0.21666666666666667,107880.01706641448
10,-90,-40,3,-100,0,38,0.6578947368421053,1.318028914685924,0.0019100070174761757,0.0029054979806539816,20.42105263157895,0.06320120651241612,1.1655584722380876,1.375894040176782,-0.1136371598147563,10.256842692461719,0.09358974358974359,106320.12065124161
10,-90,-30,3,-100,0,38,0.6578947368421053,1.318028914685924,0.0019100070174761757,0.0029054979806539816,20.42105263157895,0.06320120651241612,1.1655584722380876,1.375894040176782,-0.1136371598147563,10.256842692461719,0.09358974358974359,106320.12065124161
10,-80,-40,7,-100,50,73,0.6438356164383562,1.2172349007021577,0.0011990054213964188,0.0030701128087962104,28.027397260273972,0.0775769588002917,1.565138310951221,1.4539992819753615,-0.154812357060638,10.10990556999385,0.23653846153846153,107757.69588002918
10,-80,-30,7,-100,50,73,0.6438356164383562,1.2172349007021577,0.0011990054213964188,0.0030701128087962104,28.027397260273972,0.0775769588002917,1.565138310951221,1.4539992819753615,-0.154812357060638,10.10990556999385,0.23653846153846153,107757.69588002918
7,-90,-30,10,-100,0,61,0.7049180327868853,1.2899306949901799,0.0012797483861751906,0.0037042636830966202,22.34426229508197,0.07219729157728105,1.4082744431714507,1.445312014516836,-0.14078080765030188,10.003312714823958,0.20064102564102565,107219.7291577281
7,-90,-30,10,-80,0,66,0.6666666666666666,1.2800388253730017,0.001366685039194643,0.003098040458132334,20.984848484848484,0.08350490645861619,1.7488473531198125,1.5807177534315553,-0.17524511997250947,9.979435395371652,0.21474358974358973,108350.49064586162
10,-90,-50,5,-50,0,60,0.6,1.2580822020645541,0.0013360537343288922,0.0022989454091049133,22.35,0.07304787443226335,1.43247345273052,1.4492347117109825,-0.14359348274643158,9.97589462510699,0.18653846153846154,107304.78744322633
5,-85,-30,10,-80,0,75,0.68,1.1954118951367307,0.0010442521658185053,0.003355488158998554,24.413333333333334,0.07051229890140887,1.3609897072151687,1.3961928752415196,-0.13655999406008879,9.966240234429927,0.23333333333333334,107051.2298901409
5,-90,-30,10,-50,0,67,0.6417910447761194,1.2466312000397222,0.001271864628472849,0.0025626360664072756,20.98507462686567,0.07691530272960811,1.5453505488483872,1.493132073391342,-0.15560777231375744,9.93106273465854,0.2282051282051282,107691.53027296081
7,-80,-50,10,-80,50,85,0.6705882352941176,1.2022912593560735,0.0011038017955547518,0.0030756535763849513,24.48235294117647,0.08581303370941629,1.8235963505295198,1.5479937750369142,-0.18454156356555174,9.881764927616173,0.258974358974359,108581.30337094163
5,-80,-50,7,-100,0,95,0.6631578947368421,1.192999694584572,0.0009020746108921095,0.003420074349442359,17.51578947368421,0.07936157197885163,1.6192180450300642,1.500255642386335,-0.16418343195598206,9.862249958718003,0.2608974358974359,107936.15719788517
5,-80,-50,7,-100,50,95,0.6631578947368421,1.192999694584572,0.0009020746108921095,0.003420074349442359,17.51578947368421,0.07936157197885163,1.6192180450300642,1.500255642386335,-0.16418343195598206,9.862249958718003,0.2608974358974359,107936.15719788517
10,-85,-50,7,-100,0,71,0.647887323943662,1.1967994215071815,0.0010631310812038242,0.0030756535763849513,22.422535211267604,0.06613291140040234,1.2420628695977864,1.3390262542236617,-0.12725195394627264,9.760658528844287,0.21474358974358973,106613.29114004024
3,-90,-40,10,-50,50,68,0.6470588235294118,1.2212543351555216,0.0011852531633885482,0.002680640466551698,16.705882352941178,0.06910386650591205,1.3221233447205822,1.4028373687128757,-0.1366853351091729,9.672751971998895,0.18974358974358974,106910.3866505912
10,-80,-50,5,-50,50,88,0.6363636363636364,1.1725577721187277,0.0009342325294077709,0.0033899586297407858,23.71590909090909,0.07217795981948139,1.4077270414011052,1.3765861744844134,-0.15188630321311347,9.268294847007414,0.26282051282051283,107217.79598194815
7,-80,-50,10,-100,50,76,0.6973684210526315,1.1992820826818893,0.001005956055104552,0.003098040458132334,26.86842105263158,0.0700596571782417,1.34843401892513,1.3658024597416631,-0.14810036498354107,9.104866278182275,0.23397435897435898,107005.96571782418
5,-85,-40,10,-80,50,75,0.68,1.185763138596224,0.0009881823263376314,0.0031204273398797167,24.44,0.0660440079432727,1.2397067684532481,1.3361593493392705,-0.13655999406008879,9.078110884420187,0.23461538461538461,106604.40079432727
5,-90,-40,10,-50,50,66,0.6212121212121212,1.2284002172797126,0.0011939029269751726,0.002483716074240472,21.363636363636363,0.07004823380152425,1.3481179462222146,1.399551365139702,-0.15027539311688487,8.970982662302154,0.23076923076923078,107004.82338015243
3,-80,-40,10,-100,0,76,0.7105263157894737,1.1667840511771608,0.0008305538331975767,0.003098040458132334,17.80263157894737,0.05776148055651742,1.0299377747938094,1.2432826859513615,-0.11526443217822879,8.93543442092577,0.19487179487179487,105776.14805565175
10,-85,-50,3,-100,0,55,0.6909090909090909,1.2213386740637902,0.0012811239868460434,0.0035023041474653294,18.581818181818182,0.057706700751356976,1.028612719650201,1.2678222492037976,-0.11545501492644805,8.90920780102528,0.11666666666666667,105770.6700751357
10,-85,-50,7,-100,50,70,0.6428571428571429,1.1844781883504558,0.0010065626833560984,0.003072883192590581,22.857142857142858,0.061248644474245495,1.1159467224166355,1.272785474892783,-0.12725195394627253,8.76958418169204,0.21987179487179487,106124.86444742455
10,-80,-40,10,-80,50,80,0.6625,1.1976101171125404,0.0011159455813347153,0.0034123455114881684,26.1125,0.07965215661964664,1.628122454276907,1.4716832479986108,-0.18665876429964467,8.722453833795182,0.2641025641025641,107965.21566196467
10,-80,-30,10,-80,50,80,0.6625,1.1976101171125404,0.0011159455813347153,0.0034123455114881684,26.1125,0.07965215661964664,1.628122454276907,1.4716832479986108,-0.18665876429964467,8.722453833795182,0.2641025641025641,107965.21566196467
7,-90,-40,10,-80,50,65,0.6615384615384615,1.2589072085796553,0.0012732789435193573,0.0030756535763849513,21.26153846153846,0.07557916177845603,1.5058191296354742,1.4743020838681773,-0.17524511997250947,8.592645146818871,0.2128205128205128,107557.9161778456
10,-80,-50,5,-80,0,86,0.627906976744186,1.1713664460307824,0.00084255107508554,0.0024846571991412603,23.848837209302324,0.06392154364085356,1.1841300075289358,1.2831348990796936,-0.13834345879539478,8.559349446945832,0.23974358974358975,106392.15436408536
10,-80,-50,5,-100,50,76,0.631578947368421,1.1766264215977473,0.0009673948591907654,0.003072883192590581,26.776315789473685,0.062338650906900606,1.143511616042875,1.2639328749538403,-0.13459062690765689,8.496220296435967,0.22948717948717948,106233.86509069006
7,-90,-40,10,-100,50,60,0.7,1.264703815838421,0.0011771095049766403,0.0034123455114881684,22.666666666666668,0.06435426112200049,1.1953565963792547,1.3357739055335154,-0.14078080765030188,8.490905943290997,0.1987179487179487,106435.42611220005
10,-90,-50,10,-50,0,57,0.6491228070175439,1.2211231833612985,0.0012733493422919673,0.0030756535763849513,23.82456140350877,0.06407928609489733,1.1882164017864705,1.321124282310081,-0.14199733085233146,8.367878428800488,0.19743589743589743,106407.92860948973
10,-90,-50,7,-80,50,57,0.6491228070175439,1.216891690857248,0.0012533251530713928,0.0030756535763849513,23.80701754385965,0.06285985074525846,1.1568086023095034,1.304390568351252,-0.14298060230448328,8.090668130254691,0.1967948717948718,106285.98507452584
10,-80,-50,3,-80,50,94,0.6382978723404256,1.1545448979162256,0.000764668367253104,0.0024846571991412603,21.56382978723404,0.06213104618004417,1.1382362015066807,1.263357830444939,-0.14403844422045864,7.902308357097697,0.22435897435897437,106213.1046180044
10,-80,-50,3,-50,0,103,0.6504854368932039,1.145228998622613,0.0007019387972037556,0.0026431052711073377,17.660194174757283,0.06434643610594581,1.1951531103465967,1.2879517967414382,-0.15284236267788087,7.819514756294444,0.22435897435897437,106434.64361059458
5,-85,-30,10,-80,50,74,0.6756756756756757,1.1674373095200385,0.0009132488828538187,0.0034123455114881684,24.83783783783784,0.059082313084282134,1.0621293193833332,1.24289596815951,-0.13655999406008879,7.777748722777314,0.2378205128205128,105908.23130842822
10,-80,-40,10,-50,0,87,0.6666666666666666,1.1660987784794279,0.0009517133354757413,0.0037042636830966202,24.229885057471265,0.07166915877284374,1.3933608522213277,1.366493084790413,-0.17923615488144728,7.773882747835907,0.2762820512820513,107166.91587728438
10,-80,-30,10,-50,0,87,0.6666666666666666,1.1660987784794279,0.0009517133354757413,0.0037042636830966202,24.229885057471265,0.07166915877284374,1.3933608522213277,1.366493084790413,-0.17923615488144728,7.773882747835907,0.2762820512820513,107166.91587728438
10,-80,-50,5,-50,0,91,0.6263736263736264,1.153224670432792,0.0007713681674749356,0.0026174584478471097,22.824175824175825,0.0607987730996693,1.104665485315719,1.239640512639152,-0.14217338217868636,7.769847410166786,0.2564102564102564,106079.87730996692
3,-80,-30,10,-80,0,84,0.6547619047619048,1.1686123605762773,0.0009163010222559699,0.003098040458132334,19.345238095238095,0.06734521354750744,1.2744196017542309,1.3548950427199822,-0.16438879244653526,7.7524725547741635,0.2358974358974359,106734.52135475074
5,-90,-40,7,-100,0,71,0.647887323943662,1.2445491481732651,0.0010873964461472212,0.002409975201704384,19.760563380281692,0.07056347743928848,1.3624132149966757,1.4069131601694715,-0.17575186927400455,7.751913084193808,0.22628205128205128,107056.34774392884
3,-85,-30,10,-80,50,76,0.6973684210526315,1.1770033473802426,0.0009694983960827323,0.003098040458132334,21.06578947368421,0.064509270673474,1.1993911314457333,1.3209277392693917,-0.1548095797294189,7.74752527293251,0.2205128205128205,106450.92706734741
10,-90,-50,7,-80,0,57,0.6491228070175439,1.2109962843441175,0.0012251937244757598,0.0030756535763849513,23.614035087719298,0.06071527912641694,1.1025778442120768,1.2759064374651181,-0.14298060230448328,7.711380609966171,0.18974358974358974,106071.52791264169
7,-90,-30,10,-80,50,65,0.6615384615384615,1.2384712735012244,0.0011921290430398058,0.0030756535763849513,21.323076923076922,0.06983972675552064,1.3423556549476476,1.395856136661947,-0.17524511997250947,7.659874666742342,0.2153846153846154,106983.97267555207
3,-80,-40,10,-50,0,100,0.67,1.134512128497295,0.0006864469980456589,0.003072883192590581,16.64,0.059987876164250276,1.0844707184212625,1.2502877505749193,-0.1438386047764768,7.53949692508847,0.25961538461538464,105998.78761642503
7,-90,-30,10,-100,50,60,0.7,1.2401860842014283,0.0010891971127904596,0.0034123455114881684,22.733333333333334,0.05867472367819815,1.0521456945312808,1.2552029784408818,-0.14078080765030188,7.473644398637066,0.2012820512820513,105867.47236781982
5,-90,-30,10,-50,50,65,0.6307692307692307,1.2061742633775072,0.0011117203887138344,0.0025626360664072756,21.76923076923077,0.06306038974197281,1.1619450056933402,1.3043248111192445,-0.15582443554216718,7.45675735420142,0.23397435897435898,106306.03897419728
5,-85,-40,10,-100,0,69,0.6956521739130435,1.167839531069425,0.0008415606595978462,0.0031204273398797167,23.028985507246375,0.05100236237580269,0.8723245210662716,1.1414324595496879,-0.11880221115563594,7.342662334150409,0.2128205128205128,105100.23623758026
3,-90,-30,10,-50,0,67,0.6417910447761194,1.1802564366824333,0.0010075055639994339,0.0022940871753127645,17.208955223880597,0.05476119702569204,0.9585260565990026,1.1971506333616448,-0.1317303747619084,7.276423970792294,0.20064102564102565,105476.11970256921
10,-80,-50,5,-80,50,83,0.6385542168674698,1.1594144683141114,0.0008473024094667994,0.0030701128087962104,24.819277108433734,0.06049041155364954,1.0969648470790987,1.237569910178666,-0.15303161811510402,7.168223538314856,0.2455128205128205,106049.04115536495
10,-90,-40,5,-100,0,54,0.6111111111111112,1.2497433473548265,0.001274150678452149,0.002816374437601743,24.425925925925927,0.060033795530685774,1.0856095225058509,1.2753636452179462,-0.15190553389485695,7.146609439898794,0.17243589743589743,106003.37955306857
10,-90,-30,5,-100,0,54,0.6111111111111112,1.2497433473548265,0.001274150678452149,0.002816374437601743,24.425925925925927,0.060033795530685774,1.0856095225058509,1.2753636452179462,-0.15190553389485695,7.146609439898794,0.17243589743589743,106003.37955306857
10,-90,-50,5,-50,50,59,0.6101694915254238,1.2014041599928929,0.0011244998407187912,0.0025626360664072756,22.864406779661017,0.05732482248539661,1.0193976632471693,1.2289847732284116,-0.14359348274643213,7.099191716432536,0.19166666666666668,105732.48224853966
10,-80,-40,10,-100,0,73,0.684931506849315,1.1741153017090382,0.0009206396915616361,0.0037042636830966202,28.068493150684933,0.05886159020919779,1.0567173255409799,1.2224679391390953,-0.15786655860332666,6.693737640764104,0.23846153846153847,105886.15902091977
10,-80,-30,10,-100,0,73,0.684931506849315,1.1741153017090382,0.0009206396915616361,0.0037042636830966202,28.068493150684933,0.05886159020919779,1.0567173255409799,1.2224679391390953,-0.15786655860332666,6.693737640764104,0.23846153846153847,105886.15902091977
5,-90,-30,7,-100,0,70,0.6428571428571429,1.2162432001029178,0.0009931773627835769,0.00248630563405583,20.1,0.06235341432477348,1.1438872231745734,1.2949672920428068,-0.17575186927400455,6.5085351746171485,0.22884615384615384,106235.34143247735
10,-90,-50,10,-50,50,56,0.6428571428571429,1.187105752463195,0.0011003250332011038,0.003072883192590581,24.285714285714285,0.05250532151308396,0.9063638904982354,1.1610423685336946,-0.14048964795903196,6.451463888375172,0.1987179487179487,105250.53215130839
5,-80,-50,10,-50,0,100,0.65,1.1272488919933785,0.000660673334824221,0.0034164578784771082,16.93,0.05639358713611031,0.997087483041172,1.1965081194210567,-0.16014028553820703,6.226337611988847,0.2794871794871795,105639.35871361103
10,-85,-50,3,-80,0,84,0.6666666666666666,1.1333440671045174,0.0006467704865185651,0.0029343788377461655,15.94047619047619,0.049448563410457114,0.8377227564539886,1.1169347843499293,-0.13509855073946453,6.200827113752863,0.1858974358974359,104944.85634104571
3,-90,-50,10,-50,0,73,0.6301369863013698,1.179738537979936,0.0008682027759585416,0.0022410895142870313,15.027397260273972,0.052943672697846056,0.9163985538624366,1.1842169344217832,-0.14866209559772625,6.164305367672031,0.16474358974358974,105294.3672697846
10,-90,-50,7,-50,50,57,0.631578947368421,1.1872454440984572,0.0010950349908575058,0.0030701128087962104,23.842105263157894,0.053318418365197795,0.9250157039547922,1.1725857741971106,-0.15067417792104099,6.139178701472893,0.19807692307692307,105331.84183651979
10,-85,-50,10,-80,0,74,0.6621621621621622,1.1444531228696975,0.0008393350300331257,0.0034123455114881684,21.91891891891892,0.052671129436064223,0.910153835835305,1.1534160112177194,-0.14903903517123052,6.1068151359785166,0.23397435897435898,105267.11294360642
10,-90,-50,10,-100,0,52,0.6346153846153846,1.1893930850334642,0.000969200301433309,0.003072883192590581,25.71153846153846,0.042993737424050105,0.7001889294860792,1.0361012019928801,-0.11509206493958446,6.083728968227575,0.183974358974359,104299.373742405
5,-80,-50,10,-50,50,99,0.6464646464646465,1.124962578511321,0.0006569372495729498,0.003576376980588547,17.12121212121212,0.0552989753601707,0.9711534332436618,1.1822845298342468,-0.16014028553820703,6.064391792357329,0.28076923076923077,105529.89753601706
3,-80,-40,10,-100,50,75,0.7066666666666667,1.1304036393351224,0.0006750866194304302,0.0031204273398797167,18.053333333333335,0.04442097731684047,0.7297563724604854,1.0535865310230965,-0.12038334409925178,6.061938035703903,0.1955128205128205,104442.09773168404
10,-90,-50,7,-50,0,57,0.631578947368421,1.181561739869668,0.0010669035622618726,0.0030701128087962104,23.649122807017545,0.05119309884725243,0.876613142474302,1.1437928237451727,-0.1506741779210411,5.817938777364228,0.191025641025641,105119.30988472524
5,-85,-30,10,-100,0,68,0.6911764705882353,1.1469812744340424,0.0007578592407075238,0.0034123455114881684,23.441176470588236,0.04413889549411665,0.7238753504136284,1.0456489341442725,-0.12455678607997389,5.811609091686513,0.21602564102564104,104413.88954941167
3,-90,-50,10,-50,50,72,0.625,1.1726454518491285,0.0008495860839137843,0.0022790767849483196,15.26388888888889,0.050614700397264345,0.863635914328245,1.150211887511361,-0.15054514257279172,5.7367238794214765,0.16602564102564102,105061.47003972644
10,-80,-40,10,-50,50,85,0.6588235294117647,1.1393009975972817,0.0008187131755033703,0.0037042636830966202,24.847058823529412,0.057626605348647164,1.0266767451318275,1.1954718497567183,-0.17923615488144728,5.728067229577121,0.27884615384615385,105762.66053486471
10,-80,-30,10,-50,50,85,0.6588235294117647,1.1393009975972817,0.0008187131755033703,0.0037042636830966202,24.847058823529412,0.057626605348647164,1.0266767451318275,1.1954718497567183,-0.17923615488144728,5.728067229577121,0.27884615384615385,105762.66053486471
7,-85,-50,10,-80,0,75,0.64,1.136055143116256,0.0007461254964276757,0.0030756535763849513,24.346666666666668,0.04679605862455527,0.780011138513532,1.0764074247338573,-0.13690519098056264,5.6974548074241795,0.23012820512820512,104679.60586245553
3,-80,-30,10,-80,50,83,0.6506024096385542,1.1385409124004964,0.0007666508331757398,0.0030701128087962104,19.650602409638555,0.05320605773615994,0.9224282721029451,1.1643996194451007,-0.16438879244653526,5.611260100976468,0.23974358974358975,105320.60577361599
3,-80,-50,10,-100,0,81,0.6666666666666666,1.1371610471187004,0.000622374324461251,0.0025626360664072756,16.185185185185187,0.046671745922933106,0.7773478031573176,1.0937390792086528,-0.14049781963650665,5.532810439111848,0.16794871794871793,104667.17459229332
7,-90,-50,7,-100,50,70,0.6571428571428571,1.1980372638964418,0.0009020037488301713,0.00248630563405583,20.071428571428573,0.05608446641815634,0.9897320030482744,1.208589882387283,-0.18340480424140382,5.396434445335219,0.22756410256410256,105608.44664181564
5,-90,-40,7,-100,50,70,0.6428571428571429,1.1911389624465034,0.0008854949717408411,0.002407385641889026,20.142857142857142,0.054321048454166965,0.948246557612874,1.1845012489379405,-0.17575186927400455,5.395371107743484,0.23076923076923078,105432.10484541669
7,-80,-40,10,-80,0,84,0.6785714285714286,1.1519432287178697,0.0008529076281388194,0.0034123455114881684,24.857142857142858,0.062126141293624926,1.1381117087976222,1.2542757794398125,-0.21362049565272345,5.327727123374046,0.26346153846153847,106212.6141293625
5,-85,-50,10,-50,0,87,0.632183908045977,1.1255560524718615,0.0006672432139498457,0.0030701128087962104,18.96551724137931,0.04807874716719174,0.8077074521100158,1.0926913202574824,-0.15378366770132257,5.252231684828449,0.2519230769230769,104807.87471671918
10,-80,-40,5,-100,0,78,0.6153846153846154,1.1415553040894646,0.0007337707621827924,0.0025900472571271926,26.05128205128205,0.04636615316456605,0.7708162239836716,1.0603686578250202,-0.15097800450774246,5.105486898551123,0.22756410256410256,104636.6153164566
10,-80,-30,5,-100,0,78,0.6153846153846154,1.1415553040894646,0.0007337707621827924,0.0025900472571271926,26.05128205128205,0.04636615316456605,0.7708162239836716,1.0603686578250202,-0.15097800450774246,5.105486898551123,0.22756410256410256,104636.6153164566
3,-80,-40,10,-50,50,98,0.6632653061224489,1.1052552778446632,0.0005595004370808145,0.003098040458132334,17.0,0.0452323114652593,0.7467747133557743,1.0536530044917758,-0.146372279045894,5.101886219327283,0.2608974358974359,104523.23114652593
10,-80,-40,10,-100,50,72,0.6805555555555556,1.1453292292187645,0.0007812795765657863,0.0034123455114881684,28.48611111111111,0.04734437837895933,0.7918025105617639,1.0742680806204041,-0.15786655860332666,5.0156443363748515,0.23974358974358975,104734.43783789594
10,-80,-30,10,-100,50,72,0.6805555555555556,1.1453292292187645,0.0007812795765657863,0.0034123455114881684,28.48611111111111,0.04734437837895933,0.7918025105617639,1.0742680806204041,-0.15786655860332666,5.0156443363748515,0.23974358974358975,104734.43783789594
5,-85,-40,10,-100,50,68,0.6911764705882353,1.1300549227024903,0.0006671029912222034,0.003105958042464274,23.38235294117647,0.03774710523332647,0.59545051668264,0.9558801082381905,-0.11880221115563594,5.012116448763521,0.21346153846153845,103774.71052333264
5,-85,-50,10,-50,50,86,0.627906976744186,1.1208529266487819,0.0006527217597752087,0.003072883192590581,19.22093023255814,0.046063186568482406,0.764362596668867,1.0655872205266324,-0.1554110266206551,4.918329241428989,0.25384615384615383,104606.31865684825
7,-85,-50,10,-100,0,68,0.6764705882352942,1.1329118423544977,0.0006663518985041923,0.0030835711607168914,23.308823529411764,0.038363536364819595,0.6074406292479477,0.9646100064454772,-0.12596446506022108,4.822317380997431,0.21025641025641026,103836.35363648196
10,-90,-40,10,-80,0,57,0.6491228070175439,1.1759924850985153,0.0010112496134607896,0.0031204273398797167,23.80701754385965,0.048592442464915786,0.8189102032810354,1.1059261447097821,-0.17045568603234762,4.8042410455326765,0.1967948717948718,104859.24424649158
10,-90,-30,10,-80,0,57,0.6491228070175439,1.1759924850985153,0.0010112496134607896,0.0031204273398797167,23.80701754385965,0.048592442464915786,0.8189102032810354,1.1059261447097821,-0.17045568603234762,4.8042410455326765,0.1967948717948718,104859.24424649158
10,-80,-50,7,-50,0,87,0.6436781609195402,1.1194978373871922,0.0006858262911777695,0.0037042636830966202,24.04597701149425,0.04732004852025251,0.7912777868431915,1.0697022767082032,-0.16555620259475234,4.779511576380363,0.266025641025641,104732.00485202526
5,-90,-50,7,-80,0,76,0.631578947368421,1.1479983027927072,0.0007154338301284404,0.002407385641889026,15.723684210526315,0.04535535121288525,0.7493689839448621,1.0597881655939183,-0.1570355318087171,4.771970873812549,0.22756410256410256,104535.53512128853
5,-90,-50,7,-80,50,76,0.631578947368421,1.1479983027927072,0.0007154338301284404,0.002407385641889026,15.723684210526315,0.04535535121288525,0.7493689839448621,1.0597881655939183,-0.1570355318087171,4.771970873812549,0.22756410256410256,104535.53512128853
7,-90,-50,3,-100,50,46,0.6739130434782609,1.1785571518577591,0.0011390062033068476,0.0028804002018562036,22.434782608695652,0.03994718443934553,0.6386253089492162,0.9976160145026295,-0.134323925655635,4.754367517417961,0.12307692307692308,103994.71844393456
10,-85,-50,5,-100,0,68,0.6176470588235294,1.1265824796308739,0.0006680371090193463,0.00284378562832166,23.13235294117647,0.03631281804276654,0.5678703958113573,0.9346064899813961,-0.12054449097977282,4.710878043415896,0.20256410256410257,103631.28180427666
3,-90,-30,10,-50,50,65,0.6307692307692307,1.1370302328030935,0.0007990178032476788,0.0022940871753127645,17.861538461538462,0.03848665487949865,0.6098453065552545,0.9669259606592499,-0.13420804600031766,4.544029398608568,0.20576923076923076,103848.66548794987
10,-80,-50,7,-50,50,85,0.6470588235294118,1.111042804696912,0.0006494603511307072,0.0037042636830966202,24.694117647058825,0.04301935526101741,0.70071551496889,1.015940542776735,-0.15658283476959156,4.475046808291461,0.2705128205128205,104301.93552610175
10,-85,-50,10,-80,50,73,0.6575342465753424,1.118678383692631,0.0007007701952217601,0.0031204273398797167,22.246575342465754,0.04122125109748387,0.6641170841056867,0.9998219117842687,-0.14903903517123052,4.455994252396256,0.23525641025641025,104122.12510974839
5,-90,-30,7,-100,50,69,0.6376811594202898,1.1645073671590846,0.0007869842860906747,0.002409975201704384,20.492753623188406,0.046235547189473536,0.7680314671224784,1.072763668296228,-0.17575186927400455,4.369976093540633,0.23333333333333334,104623.55471894736
7,-80,-50,7,-100,50,90,0.6555555555555556,1.131182881469702,0.0006601999725239695,0.002714641264298545,23.444444444444443,0.05011579433332125,0.8525086403724589,1.1052341607079643,-0.1999901470543456,4.262753205240641,0.2775641025641026,105011.57943333212
7,-90,-50,7,-100,0,70,0.6571428571428571,1.172784426412483,0.0008039298549595746,0.00248630563405583,19.97142857142857,0.04832952780793809,0.8131685567332365,1.101929162117365,-0.1920928051001478,4.233206737281441,0.2230769230769231,104832.9527807938
10,-90,-40,5,-100,50,53,0.6226415094339622,1.1807540669468466,0.0010037216931295771,0.0030701128087962104,25.0188679245283,0.04264642255745388,0.6930645230646473,1.0268313560821514,-0.16636250838599353,4.165989860267087,0.17692307692307693,104264.64225574538
10,-90,-30,5,-100,50,53,0.6226415094339622,1.1807540669468466,0.0010037216931295771,0.0030701128087962104,25.0188679245283,0.04264642255745388,0.6930645230646473,1.0268313560821514,-0.16636250838599353,4.165989860267087,0.17692307692307693,104264.64225574538
7,-80,-40,10,-100,0,75,0.6933333333333334,1.132338857258642,0.0006914871483835346,0.0037042636830966202,27.333333333333332,0.04419627306291862,0.7250701010672349,1.0331882264134642,-0.17847877610164253,4.062500409876814,0.2391025641025641,104419.62730629186
10,-90,-50,10,-100,50,51,0.6274509803921569,1.1475941103867353,0.0007732491181010146,0.0030701128087962104,26.254901960784313,0.031649119843624396,0.4811966401270924,0.8699912664572617,-0.12001283266106444,4.009543225148841,0.18525641025641026,103164.91198436245
7,-80,-30,10,-80,0,83,0.6746987951807228,1.125286664697878,0.0007197108200202096,0.0031204273398797167,25.16867469879518,0.049496658184965625,0.8387848952660522,1.0972472207116866,-0.21362049565272345,3.926518814138696,0.2641025641025641,104949.66581849656
10,-80,-40,7,-80,0,82,0.6463414634146342,1.1156340773199769,0.0006732625283035497,0.0028465560121160305,25.317073170731707,0.04315595717974641,0.7035259612383145,1.0177542509071218,-0.1821297092399129,3.8627743061489497,0.25576923076923075,104315.59571797463
10,-80,-30,7,-80,0,82,0.6463414634146342,1.1156340773199769,0.0006732625283035497,0.0028465560121160305,25.317073170731707,0.04315595717974641,0.7035259612383145,1.0177542509071218,-0.1821297092399129,3.8627743061489497,0.25576923076923075,104315.59571797463
7,-80,-40,10,-80,50,83,0.6746987951807228,1.1242540533138172,0.0007101151645122804,0.0031204273398797167,25.16867469879518,0.04873059088899234,0.8219338539580168,1.0876521610216996,-0.21362049565272345,3.847635740412336,0.2641025641025641,104873.05908889924
7,-85,-50,10,-80,50,74,0.6351351351351351,1.1044480163266863,0.0005845233800396503,0.003072883192590581,24.68918918918919,0.03359385144641602,0.516788173572047,0.8966471411553063,-0.13690519098056264,3.7747887415417205,0.23076923076923078,103359.38514464161
5,-85,-30,10,-100,50,67,0.6865671641791045,1.1098603600049353,0.0005795484516264189,0.0031204273398797167,23.80597014925373,0.03097020049618271,0.4689535855395448,0.860294819690561,-0.12455678607997389,3.764978210327656,0.21666666666666667,103097.02004961827
10,-90,-50,3,-50,50,63,0.6190476190476191,1.1322415370792003,0.0007540438399108116,0.0025626360664072756,20.80952380952381,0.03647742282138133,0.5710131554863744,0.9390645013579018,-0.1518991473029595,3.7591597163313977,0.1673076923076923,103647.74228213813
7,-90,-50,5,-100,0,71,0.6619718309859155,1.139024473924564,0.0006353334851266424,0.0030701128087962104,19.507042253521128,0.038260514222034026,0.6054310041530164,0.9616452622895807,-0.16763188299780596,3.6116697690554522,0.21474358974358973,103826.05142220341
10,-90,-40,5,-80,0,60,0.5833333333333334,1.1469066415107456,0.0007763721542377625,0.0020341073619810635,22.3,0.03787737849603956,0.5979775593965806,0.9572737453790612,-0.1657903611518442,3.6068294636797638,0.18461538461538463,103787.73784960396
10,-90,-30,5,-80,0,60,0.5833333333333334,1.1469066415107456,0.0007763721542377625,0.0020341073619810635,22.3,0.03787737849603956,0.5979775593965806,0.9572737453790612,-0.1657903611518442,3.6068294636797638,0.18461538461538463,103787.73784960396
10,-80,-40,7,-80,50,80,0.65,1.1067721374544077,0.0006343096229316905,0.0028465560121160305,26.0375,0.03887236325856391,0.6174001898031207,0.9640457815012885,-0.17333456812306014,3.5618987977331384,0.2602564102564103,103887.23632585639
10,-80,-30,7,-80,50,80,0.65,1.1067721374544077,0.0006343096229316905,0.0028465560121160305,26.0375,0.03887236325856391,0.6174001898031207,0.9640457815012885,-0.17333456812306014,3.5618987977331384,0.2602564102564103,103887.23632585639
10,-90,-40,10,-80,50,56,0.6428571428571429,1.142049950331292,0.0008335449520693693,0.003098040458132334,24.267857142857142,0.03718692790557698,0.584626058356422,0.9469138321230214,-0.17045568603234762,3.4297832590077206,0.19807692307692307,103718.6927905577
10,-90,-30,10,-80,50,56,0.6428571428571429,1.142049950331292,0.0008335449520693693,0.003098040458132334,24.267857142857142,0.03718692790557698,0.584626058356422,0.9469138321230214,-0.17045568603234762,3.4297832590077206,0.19807692307692307,103718.6927905577
3,-80,-50,10,-100,50,80,0.6625,1.1000578022639114,0.0004721392394848881,0.002483716074240472,16.4,0.033471106578402354,0.5145186846440577,0.898459878455134,-0.15133787368689255,3.3998012005148213,0.1685897435897436,103347.11065784024
7,-80,-50,7,-100,0,90,0.6555555555555556,1.1142448030599528,0.0005836963750635385,0.002714641264298545,23.366666666666667,0.04240468430601774,0.6881220248023767,1.0085032770687439,-0.2085016914835761,3.3003186684295116,0.27307692307692305,104240.46843060177
7,-80,-40,3,-100,0,70,0.6714285714285714,1.1115412884694946,0.0006748878669858198,0.002625855848329639,21.542857142857144,0.030076956987771908,0.4529875118292672,0.8472256704705482,-0.14783939138754232,3.0640515195427014,0.15897435897435896,103007.6956987772
7,-80,-30,3,-100,0,70,0.6714285714285714,1.1115412884694946,0.0006748878669858198,0.002625855848329639,21.542857142857144,0.030076956987771908,0.4529875118292672,0.8472256704705482,-0.14783939138754232,3.0640515195427014,0.15897435897435896,103007.6956987772
7,-85,-50,10,-100,50,67,0.6716417910447762,1.0948589522824754,0.000486675328196172,0.0030756535763849513,23.671641791044777,0.025267680280563587,0.36973689849973024,0.7794436573868798,-0.12596446506022108,2.935247637680726,0.2108974358974359,102526.76802805635
10,-85,-50,7,-80,0,75,0.6533333333333333,1.089321753883697,0.0005272750489013071,0.0030756535763849513,21.573333333333334,0.029097475839620968,0.43566376156665876,0.8366145214000448,-0.1496744165118804,2.910743009524797,0.23141025641025642,102909.74758396209
10,-90,-40,3,-80,50,63,0.6190476190476191,1.1315289682242946,0.0007046155589881567,0.0025626360664072756,20.793650793650794,0.03463811788196014,0.5362231350447206,0.9124292324475557,-0.18434567503163968,2.9087915132952666,0.16666666666666666,103463.81178819602
10,-90,-30,3,-80,50,63,0.6190476190476191,1.1315289682242946,0.0007046155589881567,0.0025626360664072756,20.793650793650794,0.03463811788196014,0.5362231350447206,0.9124292324475557,-0.18434567503163968,2.9087915132952666,0.16666666666666666,103463.81178819602
3,-80,-30,10,-100,0,72,0.6805555555555556,1.0872425340561092,0.0004797744764493236,0.003098040458132334,19.125,0.025111854850973225,0.3671144668199213,0.7764527224781415,-0.12947082307835156,2.83549959822033,0.21153846153846154,102511.18548509733
7,-80,-30,10,-80,50,82,0.6707317073170732,1.1013662463490077,0.0005928960137352703,0.0034123455114881684,25.5,0.037899454101722574,0.5984061472922755,0.9516434822858534,-0.21362049565272345,2.8012581164734622,0.2653846153846154,103789.94541017227
7,-80,-30,10,-100,0,74,0.6891891891891891,1.1005976878819153,0.0005399093706321846,0.0034123455114881684,27.716216216216218,0.03177998964792694,0.48356740766427087,0.8722946872493716,-0.17847877610164253,2.709383256801819,0.23974358974358975,103177.99896479269
10,-85,-40,7,-100,0,70,0.6428571428571429,1.0998835429125073,0.0005564015724037292,0.003072883192590581,22.785714285714285,0.02811502460035209,0.41847869144559113,0.8217902215023374,-0.15541183380871615,2.6927080209391434,0.21666666666666667,102811.5024600352
10,-85,-30,7,-100,0,70,0.6428571428571429,1.0998835429125073,0.0005564015724037292,0.003072883192590581,22.785714285714285,0.02811502460035209,0.41847869144559113,0.8217902215023374,-0.15541183380871615,2.6927080209391434,0.21666666666666667,102811.5024600352
10,-90,-40,3,-100,50,35,0.6571428571428571,1.1529632598555293,0.0010608191063472612,0.0030717247734604047,28.457142857142856,0.025269791216970372,0.3697724558390445,0.7747774375997324,-0.13941165121395505,2.6523784247527114,0.1,102526.97912169703
10,-90,-30,3,-100,50,35,0.6571428571428571,1.1529632598555293,0.0010608191063472612,0.0030717247734604047,28.457142857142856,0.025269791216970372,0.3697724558390445,0.7747774375997324,-0.13941165121395505,2.6523784247527114,0.1,102526.97912169703
7,-80,-40,10,-100,50,74,0.6891891891891891,1.0992036595756165,0.0005291466759408587,0.0034123455114881684,27.716216216216218,0.03102685441824815,0.46997165987768774,0.8624984814247421,-0.17847877610164253,2.633207545137142,0.23974358974358975,103102.68544182483
10,-90,-40,3,-50,0,67,0.6119402985074627,1.1075405195389667,0.0005859489706151482,0.0026890756302520025,16.29850746268657,0.02888872050582858,0.43199624928873925,0.8302615375016634,-0.1657903611518441,2.605677714237455,0.16153846153846155,102888.87205058287
10,-90,-30,3,-50,0,67,0.6119402985074627,1.1075405195389667,0.0005859489706151482,0.0026890756302520025,16.29850746268657,0.02888872050582858,0.43199624928873925,0.8302615375016634,-0.1657903611518441,2.605677714237455,0.16153846153846155,102888.87205058287
10,-80,-40,5,-50,50,86,0.627906976744186,1.0887362134472378,0.000498181814271541,0.0028465560121160305,24.337209302325583,0.031020382542406466,0.46985532702775124,0.8657813340634727,-0.1821297092399129,2.5797840944709782,0.26666666666666666,103102.03825424064
10,-80,-30,5,-50,50,86,0.627906976744186,1.0887362134472378,0.000498181814271541,0.0028465560121160305,24.337209302325583,0.031020382542406466,0.46985532702775124,0.8657813340634727,-0.1821297092399129,2.5797840944709782,0.26666666666666666,103102.03825424064
10,-85,-40,3,-100,0,54,0.6851851851851852,1.1044795844738535,0.0006282893070244799,0.003336915010289321,18.98148148148148,0.019989289360312412,0.28343587284662974,0.6956947082081146,-0.11545501492644816,2.454946396457491,0.11858974358974358,101998.92893603124
10,-85,-30,3,-100,0,54,0.6851851851851852,1.1044795844738535,0.0006282893070244799,0.003336915010289321,18.98148148148148,0.019989289360312412,0.28343587284662974,0.6956947082081146,-0.11545501492644816,2.454946396457491,0.11858974358974358,101998.92893603124
10,-85,-50,7,-80,50,74,0.6486486486486487,1.0782611815461813,0.0004665231045547757,0.003072883192590581,21.972972972972972,0.024382879084106746,0.3549076040513801,0.7731628903458032,-0.1496744165118804,2.371197512055838,0.23653846153846153,102438.28790841067
10,-85,-40,7,-100,50,69,0.6376811594202898,1.0873629657353814,0.0004916694367784988,0.0030701128087962104,23.231884057971016,0.023404928741529885,0.3386891949736237,0.7571785056604812,-0.14632937636870713,2.314567336911395,0.22179487179487178,102340.49287415299
10,-85,-30,7,-100,50,69,0.6376811594202898,1.0873629657353814,0.0004916694367784988,0.0030701128087962104,23.231884057971016,0.023404928741529885,0.3386891949736237,0.7571785056604812,-0.14632937636870713,2.314567336911395,0.22179487179487178,102340.49287415299
10,-80,-40,5,-100,50,75,0.6266666666666667,1.0907935297043636,0.0005116432271899108,0.0030701128087962104,27.266666666666666,0.025869812703993134,0.379913947088901,0.7964361731368829,-0.16545079005439867,2.296235315431186,0.2358974358974359,102586.98127039932
10,-80,-30,5,-100,50,75,0.6266666666666667,1.0907935297043636,0.0005116432271899108,0.0030701128087962104,27.266666666666666,0.025869812703993134,0.379913947088901,0.7964361731368829,-0.16545079005439867,2.296235315431186,0.2358974358974359,102586.98127039932
10,-80,-40,3,-50,0,102,0.6470588235294118,1.0697807933182129,0.00034494844949799723,0.0026028706687573067,17.872549019607842,0.02579850639353709,0.3787051273338422,0.7964766536256891,-0.1657903611518442,2.284240921503232,0.22692307692307692,102579.85063935371
10,-80,-30,3,-50,0,102,0.6470588235294118,1.0697807933182129,0.00034494844949799723,0.0026028706687573067,17.872549019607842,0.02579850639353709,0.3787051273338422,0.7964766536256891,-0.1657903611518442,2.284240921503232,0.22692307692307692,102579.85063935371
10,-80,-40,5,-80,0,85,0.6235294117647059,1.0823459700430271,0.0004158169199313568,0.002406678331875245,24.176470588235293,0.02538900245639475,0.3717818706816385,0.7905893576006032,-0.16906979741016492,2.1989845399748846,0.2423076923076923,102538.90024563948
10,-80,-30,5,-80,0,85,0.6235294117647059,1.0823459700430271,0.0004158169199313568,0.002406678331875245,24.176470588235293,0.02538900245639475,0.3717818706816385,0.7905893576006032,-0.16906979741016492,2.1989845399748846,0.2423076923076923,102538.90024563948
3,-85,-40,7,-100,0,89,0.6853932584269663,1.0968519779069759,0.00046533688576207204,0.0027986448666961206,18.15730337078652,0.028641622280375367,0.42766625964031,0.8287238944327647,-0.1991598819023398,2.1473514422448834,0.2282051282051282,102864.16222803754
10,-85,-50,10,-50,0,76,0.6447368421052632,1.0725651971807069,0.00044336606198719375,0.003072883192590581,21.56578947368421,0.022659290578727287,0.3264437734327943,0.7508517122702982,-0.15600024086971387,2.092585060207882,0.24487179487179486,102265.92905787272
10,-85,-50,5,-100,50,67,0.6268656716417911,1.078988450106283,0.00044524182213904676,0.0030701128087962104,23.582089552238806,0.019314532176580634,0.27277216337323673,0.6990035755584788,-0.13553605898089993,2.012543122651046,0.20705128205128207,101931.45321765805
3,-80,-30,10,-50,0,93,0.6344086021505376,1.066000337266584,0.0003753382525652702,0.0025626360664072756,18.13978494623656,0.021841813025703205,0.31313712032228813,0.7386768305899396,-0.157586173989824,1.9870849859106847,0.27564102564102566,102184.18130257033
10,-80,-40,3,-80,50,93,0.6344086021505376,1.0737326062035195,0.00037380507804946956,0.002406678331875245,21.838709677419356,0.02366335227456151,0.34295744591713495,0.7667587177408086,-0.1745617018601433,1.9646774880317577,0.22692307692307692,102366.33522745615
10,-80,-30,3,-80,50,93,0.6344086021505376,1.0737326062035195,0.00037380507804946956,0.002406678331875245,21.838709677419356,0.02366335227456151,0.34295744591713495,0.7667587177408086,-0.1745617018601433,1.9646774880317577,0.22692307692307692,102366.33522745615
3,-85,-40,7,-100,50,89,0.6853932584269663,1.0905743568047788,0.0004376802848689482,0.0027986448666961206,18.191011235955056,0.026087471587741273,0.38360984580231405,0.7934100339989181,-0.1991598819023398,1.9261401550259067,0.23012820512820512,102608.74715877412
10,-80,-40,5,-50,0,90,0.6222222222222222,1.0712152887389876,0.00036755054418920034,0.0025900472571271926,23.122222222222224,0.02237933074773779,0.3218727578729905,0.7547553395035403,-0.16794617017224867,1.9165233571141989,0.258974358974359,102237.93307477378
10,-80,-30,5,-50,0,90,0.6222222222222222,1.0712152887389876,0.00036755054418920034,0.0025900472571271926,23.122222222222224,0.02237933074773779,0.3218727578729905,0.7547553395035403,-0.16794617017224867,1.9165233571141989,0.258974358974359,102237.93307477378
10,-80,-40,5,-80,50,82,0.6341463414634146,1.0786018324658826,0.00042899186251816446,0.00284378562832166,25.24390243902439,0.024085021237043813,0.349948849067401,0.7750960979976201,-0.18323418265597913,1.9098447898470312,0.2519230769230769,102408.50212370438
10,-80,-30,5,-80,50,82,0.6341463414634146,1.0786018324658826,0.00042899186251816446,0.00284378562832166,25.24390243902439,0.024085021237043813,0.349948849067401,0.7750960979976201,-0.18323418265597913,1.9098447898470312,0.2519230769230769,102408.50212370438
10,-90,-40,5,-80,50,59,0.5932203389830508,1.0975305590014532,0.0005552562548594699,0.002035254751802551,22.8135593220339,0.022669669385014135,0.32661351175058684,0.7423349466415188,-0.17928145643799154,1.821791936767054,0.18974358974358974,102266.96693850141
10,-90,-30,5,-80,50,59,0.5932203389830508,1.0975305590014532,0.0005552562548594699,0.002035254751802551,22.8135593220339,0.022669669385014135,0.32661351175058684,0.7423349466415188,-0.17928145643799154,1.821791936767054,0.18974358974358974,102266.96693850141
7,-90,-50,5,-80,0,74,0.6351351351351351,1.0826290353543133,0.00037696854922102157,0.002407385641889026,18.91891891891892,0.020383214622314627,0.28969934505881967,0.7106801381608727,-0.1722777260171494,1.6815832885441122,0.22435897435897437,102038.32146223147
7,-80,-50,5,-100,0,94,0.6702127659574468,1.0731336840373566,0.0003701098249986595,0.003072883192590581,22.26595744680851,0.021609802464083172,0.30938297608353804,0.7440370253706826,-0.18652755266731835,1.658644911485751,0.2673076923076923,102160.98024640832
7,-80,-30,10,-100,50,73,0.684931506849315,1.0720893482481622,0.0003949968286492662,0.0037042636830966202,28.123287671232877,0.020378559242567373,0.289625159766135,0.723184881833123,-0.17847877610164253,1.622742861040213,0.24102564102564103,102037.85592425674
7,-80,-50,3,-100,50,67,0.6716417910447762,1.0767549134692924,0.00050545767352321,0.0026890756302520025,25.83582089552239,0.015036345894679837,0.20703666724077174,0.6410389047971141,-0.150608673692727,1.374666293544086,0.16987179487179488,101503.63458946798
3,-80,-30,10,-100,50,71,0.676056338028169,1.0547985631513448,0.0003077715742656207,0.0030756535763849513,19.408450704225352,0.012183129167489426,0.16494948280120192,0.5899085651930319,-0.12947082307835156,1.2740282241148635,0.21217948717948718,101218.31291674895
10,-85,-40,10,-80,0,73,0.6575342465753424,1.0586138244143903,0.000350364322263573,0.0031204273398797167,22.26027397260274,0.015133284568285887,0.20849087251577214,0.6464168566882083,-0.17923615488144717,1.163218841944445,0.2358974358974359,101513.32845682859
10,-85,-30,10,-80,0,73,0.6575342465753424,1.0586138244143903,0.000350364322263573,0.0031204273398797167,22.26027397260274,0.015133284568285887,0.20849087251577214,0.6464168566882083,-0.17923615488144717,1.163218841944445,0.2358974358974359,101513.32845682859
7,-90,-40,10,-50,0,67,0.6417910447761194,1.0698544058920267,0.00037060454451395456,0.0025626360664072756,21.074626865671643,0.014642043507553826,0.20113821095069673,0.632877222448377,-0.17507846847097808,1.1488460728912444,0.23205128205128206,101464.20435075539
10,-85,-50,10,-50,50,75,0.64,1.0488607768142169,0.00030321670319685207,0.0030701128087962104,21.88,0.011535850283353133,0.15559160893961876,0.6007544519196995,-0.15451716389973924,1.0069535643339707,0.24615384615384617,101153.58502833532
5,-80,-40,10,-80,0,82,0.6585365853658537,1.0521740839922635,0.000292403687075316,0.0032379577494391354,22.585365853658537,0.014163320143397717,0.1940125549847891,0.6329679510090415,-0.19321747010138557,1.00411497409104,0.2467948717948718,101416.33201433977
10,-85,-40,3,-80,0,83,0.6626506024096386,1.0430008066517509,0.00021439185747408422,0.0027986448666961206,16.16867469879518,0.012025633999332763,0.16266613490739879,0.5957209102801401,-0.16579036115184398,0.9811555616216809,0.18782051282051282,101202.56339993328
10,-85,-30,3,-80,0,83,0.6626506024096386,1.0430008066517509,0.00021439185747408422,0.0027986448666961206,16.16867469879518,0.012025633999332763,0.16266613490739879,0.5957209102801401,-0.16579036115184398,0.9811555616216809,0.18782051282051282,101202.56339993328
7,-90,-40,3,-100,0,49,0.6530612244897959,1.0730453374912954,0.0004706932317296734,0.0025626360664072756,16.6734693877551,0.010506068514752442,0.14084633465860663,0.551791374956143,-0.15794010582163065,0.891770547612974,0.11987179487179488,101050.60685147526
7,-90,-30,3,-100,0,49,0.6530612244897959,1.0730453374912954,0.0004706932317296734,0.0025626360664072756,16.6734693877551,0.010506068514752442,0.14084633465860663,0.551791374956143,-0.15794010582163065,0.891770547612974,0.11987179487179488,101050.60685147526
5,-85,-40,7,-100,0,82,0.6707317073170732,1.0475365251963977,0.0002356781112092674,0.0025900472571271926,22.71951219512195,0.010980807328907716,0.14762238403516448,0.5873806955156651,-0.18257445285713836,0.808559914736136,0.25384615384615383,101098.08073289077
10,-85,-50,3,-100,50,51,0.6666666666666666,1.0559795475883296,0.00037584042047224617,0.0031128081680087405,24.470588235294116,0.007287825479153076,0.09587408629850014,0.49970653900352474,-0.12977127823355172,0.7387928022559338,0.12884615384615383,100728.78254791531
7,-90,-30,10,-50,0,67,0.6417910447761194,1.054210792789823,0.0002918770291233448,0.0025626360664072756,21.134328358208954,0.009227777140938143,0.12278370275006867,0.55716915845848,-0.17507846847097808,0.7013066987755947,0.23461538461538461,100922.77771409381
5,-80,-30,10,-80,0,81,0.6666666666666666,1.0428226984513942,0.0002451365110706656,0.003355488158998554,22.91358024691358,0.009972108604467289,0.13326903588041494,0.5754531748167823,-0.19321747010138557,0.6897359530195984,0.24935897435897436,100997.21086044674
5,-90,-50,5,-100,0,78,0.6282051282051282,1.049489640201242,0.00023753729921391424,0.002407385641889026,15.14102564102564,0.009178228170846792,0.12208889154323388,0.5501401126602562,-0.1941221513152489,0.6289281811273818,0.2185897435897436,100917.82281708467
7,-80,-40,7,-100,50,88,0.6590909090909091,1.0447149783204335,0.00023609239385625656,0.002714641264298545,24.045454545454547,0.010458488870750626,0.14016925500991517,0.6030066756602004,-0.22851818863619866,0.6133833628143485,0.2814102564102564,101045.84888707507
3,-80,-30,10,-50,50,91,0.6263736263736264,1.038020429486288,0.00022248493041475339,0.0025626360664072756,18.615384615384617,0.006969233673029596,0.09151200645742352,0.5360986114491811,-0.157586173989824,0.5807108843402267,0.28012820512820513,100696.92336730297
7,-90,-50,5,-100,50,69,0.6521739130434783,1.0455571287882197,0.0002294190381055248,0.0025626360664072756,20.246376811594203,0.007424824723458956,0.09775477593938087,0.5283161698765007,-0.18182077953665488,0.5376435861098792,0.22243589743589742,100742.4824723459
10,-80,-40,7,-50,0,85,0.6352941176470588,1.0401385972187542,0.00023880071496393688,0.0030756535763849513,24.68235294117647,0.007116689146906774,0.0935289390801386,0.562480234744423,-0.19531214530276486,0.47886903774035083,0.26987179487179486,100711.66891469067
10,-80,-30,7,-50,0,85,0.6352941176470588,1.0401385972187542,0.00023880071496393688,0.0030756535763849513,24.68235294117647,0.007116689146906774,0.0935289390801386,0.562480234744423,-0.19531214530276486,0.47886903774035083,0.26987179487179486,100711.66891469067
3,-85,-30,7,-100,0,86,0.6744186046511628,1.038582394055132,0.00019781019430175538,0.002816374437601743,18.988372093023255,0.006972766903019956,0.09156029477746763,0.5307074388627553,-0.21201914537041344,0.4318491833249535,0.24102564102564103,100697.276690302
5,-90,-50,5,-100,50,77,0.6103896103896104,1.0370903127073376,0.00018584400539934254,0.002404796082073668,15.623376623376624,0.0047993391277934006,0.062224951981469045,0.4886459842692027,-0.18134527900431507,0.34312970441314006,0.2326923076923077,100479.93391277934
3,-85,-50,7,-100,0,93,0.6666666666666666,1.035642922152374,0.000160796592194924,0.002317064055609608,16.978494623655912,0.004340799132491968,0.056129394408876765,0.47966575624036817,-0.17409001963143844,0.32241592325457186,0.20448717948717948,100434.0799132492
3,-85,-50,7,-100,50,93,0.6666666666666666,1.035642922152374,0.000160796592194924,0.002317064055609608,16.978494623655912,0.004340799132491968,0.056129394408876765,0.47966575624036817,-0.17409001963143844,0.32241592325457186,0.20448717948717948,100434.0799132492
3,-85,-40,10,-50,0,90,0.6444444444444445,1.0392678631112369,0.00020991413727293738,0.002625855848329639,18.1,0.0035438227163422376,0.04561143951101343,0.4795765803584277,-0.1529315945850953,0.29824732838729395,0.23653846153846153,100354.38227163423
10,-85,-40,10,-80,50,72,0.6527777777777778,1.0334267443102003,0.0002030837160274724,0.003098040458132334,22.59722222222222,0.004091704457717338,0.05283159356630218,0.49492842088528416,-0.17923615488144717,0.2947596906508443,0.23717948717948717,100409.17044577174
10,-85,-30,10,-80,50,72,0.6527777777777778,1.0334267443102003,0.0002030837160274724,0.003098040458132334,22.59722222222222,0.004091704457717338,0.05283159356630218,0.49492842088528416,-0.17923615488144717,0.2947596906508443,0.23717948717948717,100409.17044577174
10,-90,-40,5,-50,0,60,0.5833333333333334,1.037955887327805,0.00021978904663563225,0.0020341073619810635,22.45,0.003282852789750379,0.04218835131015619,0.4676488150608846,-0.1657903611518442,0.254468058438673,0.19038461538461537,100328.28527897505
10,-90,-30,5,-50,0,60,0.5833333333333334,1.037955887327805,0.00021978904663563225,0.0020341073619810635,22.45,0.003282852789750379,0.04218835131015619,0.4676488150608846,-0.1657903611518442,0.254468058438673,0.19038461538461537,100328.28527897505
5,-85,-30,7,-100,0,81,0.6666666666666666,1.0282361486397795,0.00014373917083404452,0.0026174584478471097,23.049382716049383,0.0032276788029965697,0.04146596816493364,0.4798134958328161,-0.18257445285713836,0.22711812915786259,0.2564102564102564,100322.76788029967
5,-80,-40,10,-80,50,81,0.654320987654321,1.0286310112908736,0.00016343959549346433,0.0031204273398797167,22.950617283950617,0.003334979004874894,0.04287125429706795,0.48425516773652627,-0.19321747010138557,0.22188083859380023,0.2512820512820513,100333.49790048749
5,-80,-40,10,-100,0,73,0.684931506849315,1.025399245869108,0.000135408352681177,0.0037042636830966202,24.91780821917808,0.0025213749722363676,0.03225909131256288,0.4609356952942474,-0.1571639803452638,0.20525753573875444,0.22564102564102564,100252.13749722364
10,-80,-40,7,-50,50,83,0.6385542168674698,1.0314486692441514,0.00019078678657323862,0.0030756535763849513,25.36144578313253,0.0029810861262284938,0.03824300531220004,0.5099628518199274,-0.18665876429964467,0.20488191623731242,0.2743589743589744,100298.10861262285
10,-80,-30,7,-50,50,83,0.6385542168674698,1.0314486692441514,0.00019078678657323862,0.0030756535763849513,25.36144578313253,0.0029810861262284938,0.03824300531220004,0.5099628518199274,-0.18665876429964467,0.20488191623731242,0.2743589743589744,100298.10861262285
3,-80,-40,7,-100,0,94,0.6595744680851063,1.023062922072056,0.00011563191716385806,0.002625855848329639,17.404255319148938,0.00300187640223859,0.03851437904227084,0.4734096329758731,-0.2161042436898789,0.17822129905760214,0.24166666666666667,100300.18764022386
3,-80,-50,10,-50,0,105,0.6285714285714286,1.0205197499161227,0.00010192144406558753,0.0022410895142870313,15.447619047619048,0.00232090811202057,0.02965963383572867,0.4566061740399457,-0.1749413834451986,0.16954040977399565,0.2326923076923077,100232.09081120206
7,-80,-40,7,-100,0,88,0.6590909090909091,1.0294596329048247,0.00015785007827172476,0.002714641264298545,23.96590909090909,0.0030385865821165314,0.038993713410041764,0.5067514778361547,-0.2367262146868634,0.164720723734048,0.27692307692307694,100303.85865821165
7,-80,-30,7,-100,0,88,0.6590909090909091,1.0294596329048247,0.00015785007827172476,0.002714641264298545,23.96590909090909,0.0030385865821165314,0.038993713410041764,0.5067514778361547,-0.2367262146868634,0.164720723734048,0.27692307692307694,100303.85865821165
7,-90,-40,10,-50,50,66,0.6363636363636364,1.0338202725159518,0.00018360120747236208,0.002483716074240472,21.40909090909091,0.0018453632376278506,0.023517321760656573,0.45269548880792987,-0.17507846847097808,0.13432446585831842,0.2326923076923077,100184.53632376278
7,-85,-50,3,-100,0,60,0.65,1.0435105040474102,0.00027719814744414466,0.002625855848329639,17.533333333333335,0.0013469036707958182,0.01711526190747681,0.417678303065481,-0.1430759243628712,0.11962363328206664,0.1358974358974359,100134.69036707959
5,-85,-40,10,-50,0,82,0.6341463414634146,1.0261243266903493,0.00015117796104333398,0.002483716074240472,22.963414634146343,0.0009184647902547027,0.011642011586249001,0.4528949754941968,-0.15211962549766522,0.07653195008968575,0.26666666666666666,100091.84647902548
3,-80,-40,7,-100,50,93,0.6666666666666666,1.0187967808658025,9.565475404343281e-05,0.0026890756302520025,17.612903225806452,0.0009887332551803407,0.012537818929546196,0.4451017121687287,-0.2161042436898789,0.05801745822048101,0.24294871794871795,100098.87332551804
7,-90,-50,3,-80,0,78,0.6666666666666666,1.0211843681104171,9.942011990297039e-05,0.00248630563405583,14.576923076923077,-0.00035630818579923673,-0.0044830842266646576,0.4060501345057715,-0.16923382704394618,-0.02649047359485939,0.19038461538461537,99964.36918142007
5,-80,-30,10,-80,50,80,0.6625,1.0195442769210892,0.00011396952864398263,0.0034123455114881684,23.2875,-0.0008114824751390692,-0.01018318779764027,0.4268584545038191,-0.19321747010138557,-0.052703245686308395,0.25384615384615383,99918.8517524861
10,-85,-40,5,-100,0,67,0.6119402985074627,1.0243455478646188,0.00013272129427022492,0.0026174584478471097,23.52238805970149,-0.000641695774876605,-0.008060488595592052,0.41925253301629545,-0.15190553389485695,-0.053062507921345425,0.20448717948717948,99935.83042251234
10,-85,-30,5,-100,0,67,0.6119402985074627,1.0243455478646188,0.00013272129427022492,0.0026174584478471097,23.52238805970149,-0.000641695774876605,-0.008060488595592052,0.41925253301629545,-0.15190553389485695,-0.053062507921345425,0.20448717948717948,99935.83042251234
7,-80,-30,7,-100,50,87,0.6551724137931034,1.018871482639867,0.00010192974663640401,0.0026174584478471097,24.333333333333332,-0.0015566267742251894,-0.01944973429944652,0.447762767358405,-0.22851818863619866,-0.08511241234460566,0.28205128205128205,99844.33732257748
7,-80,-50,10,-50,0,92,0.6413043478260869,1.0202046577657722,0.00011768466049593165,0.002714641264298545,23.217391304347824,-0.0016499511509522335,-0.020604662423609144,0.44844628471758124,-0.1801930515717165,-0.11434770788266786,0.29423076923076924,99835.00488490477
10,-85,-50,5,-50,50,78,0.6153846153846154,1.0174379904762105,0.00010028999199715663,0.00284378562832166,20.858974358974358,-0.0022921307501576615,-0.028518005414924663,0.41035467060728903,-0.15194449035280266,-0.18768699903963737,0.23717948717948717,99770.78692498423
5,-80,-40,7,-100,0,89,0.651685393258427,1.013112932015522,6.731341860949681e-05,0.0026174584478471097,21.224719101123597,-0.0031851365382977725,-0.039424364789888755,0.39893082331311513,-0.2079315908337026,-0.18960257376869286,0.2705128205128205,99681.48634617022
10,-85,-50,3,-50,0,90,0.6555555555555556,1.0112120035112173,5.8201701233714007e-05,0.0027141734090497804,15.122222222222222,-0.002305384017177392,-0.028680698783350778,0.39827397374864176,-0.1507958273590726,-0.19019557295213985,0.2,99769.46159828226
10,-80,-50,3,-50,50,97,0.6391752577319587,1.0199357148176145,0.00010868634369737228,0.002404796082073668,21.09278350515464,-0.0028400226202229817,-0.035222893007390454,0.4202036131780006,-0.1612427297758925,-0.21844639480084424,0.23653846153846153,99715.9977379777
5,-90,-50,7,-50,0,81,0.6172839506172839,1.0168335323538773,8.245362781987445e-05,0.0021230538672882826,15.037037037037036,-0.0030384718159551793,-0.03764090770905204,0.38167429676099096,-0.1570355318087171,-0.2396967570046627,0.2423076923076923,99696.15281840449
5,-90,-50,7,-50,50,81,0.6172839506172839,1.0168335323538773,8.245362781987445e-05,0.0021230538672882826,15.037037037037036,-0.0030384718159551793,-0.03764090770905204,0.38167429676099096,-0.1570355318087171,-0.2396967570046627,0.2423076923076923,99696.15281840449
7,-90,-30,10,-50,50,66,0.6363636363636364,1.0188214535340172,0.00010368085093947033,0.002483716074240472,21.46969696969697,-0.0035006183225059218,-0.043250345482159114,0.3773555790770437,-0.17507846847097808,-0.24703406341099288,0.23525641025641025,99649.93816774941
5,-85,-40,7,-100,50,81,0.6666666666666666,1.009937765367285,5.09290946304091e-05,0.0025626360664072756,23.08641975308642,-0.004357642295432118,-0.05357312389605173,0.3741130746392831,-0.18257445285713836,-0.29343165518327946,0.25833333333333336,99564.23577045678
5,-80,-30,10,-100,0,72,0.6805555555555556,1.0085102618317057,4.654934168869652e-05,0.0037295250531917956,25.333333333333332,-0.004025491620670341,-0.04958462983719314,0.3674753640368261,-0.1571639803452638,-0.3154961443981232,0.22884615384615384,99597.45083793296
10,-90,-40,10,-50,0,57,0.631578947368421,1.0153535191606198,9.833388156222007e-05,0.0030701128087962104,23.92982456140351,-0.0051026359726867865,-0.06246309018183216,0.3515150069743806,-0.17045568603234762,-0.3664476770225104,0.2012820512820513,99489.73640273132
10,-90,-30,10,-50,0,57,0.631578947368421,1.0153535191606198,9.833388156222007e-05,0.0030701128087962104,23.92982456140351,-0.0051026359726867865,-0.06246309018183216,0.3515150069743806,-0.17045568603234762,-0.3664476770225104,0.2012820512820513,99489.73640273132
7,-80,-50,7,-80,50,97,0.6701030927835051,1.0108807236309736,6.072789074897326e-05,0.0026174584478471097,22.175257731958762,-0.006369999672822035,-0.07741002025104482,0.39290802306805844,-0.20223952256427724,-0.38276405753698217,0.3038461538461538,99363.0000327178
7,-90,-50,7,-80,50,71,0.647887323943662,1.0100952038346176,5.288351652692574e-05,0.002409975201704384,20.028169014084508,-0.005597348397978319,-0.06832391765730006,0.3478526377190575,-0.17763807272199394,-0.3846242903357094,0.23846153846153847,99440.26516020217
7,-80,-50,3,-80,0,108,0.6759259259259259,1.0039434457400864,1.9313198025976503e-05,0.0024083267667898145,17.194444444444443,-0.006120837217007402,-0.07448891066234875,0.37725822414858357,-0.18682807102338994,-0.39870299069256626,0.24871794871794872,99387.91627829926
10,-85,-50,10,-100,0,65,0.6461538461538462,1.0091627874206943,5.238186933619754e-05,0.0030756535763849513,24.476923076923075,-0.00464215243560695,-0.05697728664940371,0.3526835734972366,-0.13480642114205543,-0.42266003478693764,0.2141025641025641,99535.7847564393
5,-85,-30,10,-50,0,81,0.6296296296296297,1.0122364282525507,7.238686001745205e-05,0.0025626360664072756,23.308641975308642,-0.005617934156390669,-0.06856706324432871,0.362484104035303,-0.1553434606170454,-0.4413900847320575,0.26987179487179486,99438.20658436093
10,-90,-40,7,-80,50,57,0.631578947368421,1.012188901377015,7.83096923416456e-05,0.0030701128087962104,23.912280701754387,-0.006242788807923061,-0.07591969860583492,0.33512894694381584,-0.17045568603234762,-0.44539258485884436,0.20064102564102565,99375.7211192077
10,-90,-30,7,-80,50,57,0.631578947368421,1.012188901377015,7.83096923416456e-05,0.0030701128087962104,23.912280701754387,-0.006242788807923061,-0.07591969860583492,0.33512894694381584,-0.17045568603234762,-0.44539258485884436,0.20064102564102565,99375.7211192077
3,-85,-30,7,-100,50,85,0.6705882352941176,1.0040297860297263,2.130974418651967e-05,0.0025626360664072756,19.294117647058822,-0.008304873331349771,-0.09980668359489464,0.31678859659127784,-0.21201914537041344,-0.4707437312820257,0.2455128205128205,99169.51266686502
5,-80,-30,7,-100,0,88,0.6590909090909091,1.001590866464735,8.354306467990694e-06,0.00284378562832166,21.5,-0.008442281796510187,-0.10137802622033554,0.32635475272690967,-0.2079315908337026,-0.4875547088052369,0.2724358974358974,99155.77182034898
10,-85,-50,5,-80,0,74,0.5945945945945946,1.0043217066809143,2.3173147324988e-05,0.0025900472571271926,21.56756756756757,-0.00641217777561176,-0.07790366339720955,0.3379529546867021,-0.15064614328011383,-0.517130154818197,0.2173076923076923,99358.78222243882
7,-90,-50,5,-80,50,72,0.625,1.001113629827066,5.577576536619808e-06,0.002218878027116622,19.625,-0.008160043442985931,-0.0981477347746279,0.3053524565803036,-0.18638742756451476,-0.5265791585682772,0.2326923076923077,99183.99565570141
10,-85,-40,7,-80,0,74,0.6486486486486487,1.0067052116398336,4.0695026626858876e-05,0.003072883192590581,21.905405405405407,-0.00759974166893318,-0.09170323389359447,0.338348146369957,-0.17392090739220367,-0.5272697530653824,0.23333333333333334,99240.02583310669
10,-85,-30,7,-80,0,74,0.6486486486486487,1.0067052116398336,4.0695026626858876e-05,0.003072883192590581,21.905405405405407,-0.00759974166893318,-0.09170323389359447,0.338348146369957,-0.17392090739220367,-0.5272697530653824,0.23333333333333334,99240.02583310669
10,-90,-40,7,-80,0,57,0.631578947368421,1.007776196031477,5.01782637460125e-05,0.0030701128087962104,23.719298245614034,-0.008247929475949767,-0.09915475768055015,0.30493670085722085,-0.17928145643799154,-0.5530675600844699,0.1935897435897436,99175.20705240502
10,-90,-30,7,-80,0,57,0.631578947368421,1.007776196031477,5.01782637460125e-05,0.0030701128087962104,23.719298245614034,-0.008247929475949767,-0.09915475768055015,0.30493670085722085,-0.17928145643799154,-0.5530675600844699,0.1935897435897436,99175.20705240502
5,-80,-50,7,-80,0,101,0.6633663366336634,1.0036071443786303,1.9056869812389573e-05,0.0028436861281435633,16.861386138613863,-0.008961737496186006,-0.10729550210547678,0.32545429596029923,-0.16804912884494927,-0.6384769908832619,0.2858974358974359,99103.8262503814
5,-80,-50,7,-80,50,101,0.6633663366336634,1.0036071443786303,1.9056869812389573e-05,0.0028436861281435633,16.861386138613863,-0.008961737496186006,-0.10729550210547678,0.32545429596029923,-0.16804912884494927,-0.6384769908832619,0.2858974358974359,99103.8262503814
5,-80,-40,10,-50,0,93,0.6451612903225806,1.0004697403959013,2.683965782753988e-06,0.0030701128087962104,20.70967741935484,-0.011147816624849316,-0.1318075618647535,0.30055785789343487,-0.1889152232290363,-0.6977074669358603,0.29423076923076924,98885.21833751506
7,-80,-30,5,-100,0,93,0.6666666666666666,1.0003543053736492,1.8366519629203114e-06,0.0030701128087962104,22.548387096774192,-0.01294258730596165,-0.15146708050113467,0.2980373799694104,-0.21553566515212164,-0.7027471782650524,0.26987179487179486,98705.74126940384
3,-80,-50,10,-50,50,103,0.6213592233009708,0.9938708980288817,-3.167467573394279e-05,0.0022410895142870313,15.766990291262136,-0.011631903369482277,-0.13715103030584808,0.25645636104368685,-0.1864266146169824,-0.7356837465918045,0.23397435897435898,98836.80966305177
7,-80,-50,5,-100,50,91,0.6593406593406593,1.003196902163218,1.7519910151184606e-05,0.0030701128087962104,23.153846153846153,-0.012590732466546961,-0.14764554781749173,0.3014377994469926,-0.20039434568430414,-0.7367750188425404,0.2762820512820513,98740.92675334531
10,-90,-40,5,-50,50,59,0.5932203389830508,0.9982787599737347,-1.0684587443845897e-05,0.002035254751802551,22.966101694915253,-0.011417953006224835,-0.13479313867260723,0.25921099257392743,-0.17928145643799154,-0.7518520953070705,0.1955128205128205,98858.20469937751
10,-90,-30,5,-50,50,59,0.5932203389830508,0.9982787599737347,-1.0684587443845897e-05,0.002035254751802551,22.966101694915253,-0.011417953006224835,-0.13479313867260723,0.25921099257392743,-0.17928145643799154,-0.7518520953070705,0.1955128205128205,98858.20469937751
7,-80,-50,7,-80,0,97,0.6701030927835051,0.9981650679068967,-1.037165261698093e-05,0.0026174584478471097,22.103092783505154,-0.013666328611306122,-0.1592781643582305,0.2978730489337728,-0.21072713521376762,-0.755850280964785,0.29935897435897435,98633.36713886939
5,-80,-40,10,-100,50,72,0.6805555555555556,0.9928065336392409,-3.916489393632822e-05,0.0034123455114881684,25.27777777777778,-0.010122439249119597,-0.12038843584280223,0.28037281396146674,-0.1571639803452638,-0.7660052613730471,0.22628205128205128,98987.75607508804
5,-85,-30,7,-100,50,80,0.6625,0.991548054358066,-4.4468445206739816e-05,0.0025900472571271926,23.425,-0.011993141514768935,-0.14111871942303078,0.26672850114426666,-0.18257445285713836,-0.7729379286895849,0.2608974358974359,98800.6858485231
7,-80,-40,5,-100,0,93,0.6666666666666666,0.9963827142818609,-1.875132416490842e-05,0.0030701128087962104,22.537634408602152,-0.014820407511224043,-0.17159689154957447,0.27323403888314995,-0.21553566515212164,-0.7961415175927572,0.2692307692307692,98517.9592488776
7,-90,-50,7,-80,0,71,0.647887323943662,0.9917544333879683,-4.399303222127064e-05,0.002409975201704384,19.929577464788732,-0.012899350995524195,-0.15099833797909834,0.242743728602761,-0.18638742756451476,-0.8101315627999259,0.23397435897435898,98710.06490044759
7,-90,-40,7,-100,50,69,0.6376811594202898,0.9768861285349365,-0.00012109422050387798,0.002409975201704384,20.507246376811594,-0.017105336940475224,-0.19549758899032754,0.18303072784397093,-0.23649636041769428,-0.8266410047285477,0.23397435897435898,98289.46630595248
3,-90,-40,7,-80,0,72,0.6805555555555556,0.9932331601375013,-3.657570122229176e-05,0.002625855848329639,16.01388888888889,-0.013556601001903035,-0.15809818651601548,0.21732526776320357,-0.18532879360567833,-0.853068664831429,0.20064102564102565,98644.3398998097
10,-85,-40,7,-80,50,73,0.6438356164383562,0.9955051326915151,-2.7554615892562628e-05,0.0030701128087962104,22.315068493150687,-0.012146217729697817,-0.14279497186032342,0.27636812411155126,-0.1657903611518442,-0.8612983943592489,0.23846153846153847,98785.37822703022
10,-85,-30,7,-80,50,73,0.6438356164383562,0.9955051326915151,-2.7554615892562628e-05,0.0030701128087962104,22.315068493150687,-0.012146217729697817,-0.14279497186032342,0.27636812411155126,-0.1657903611518442,-0.8612983943592489,0.23846153846153847,98785.37822703022
5,-90,-40,7,-80,0,72,0.625,0.9862897911463401,-7.240395118162441e-05,0.0020246756410817746,19.72222222222222,-0.015057980148807104,-0.1741120422061142,0.21087401359646354,-0.20115782477666833,-0.8655494381062174,0.23717948717948717,98494.20198511929
3,-85,-40,10,-50,50,88,0.6363636363636364,1.0084214288755422,4.714593412703679e-05,0.002816374437601743,18.545454545454547,-0.011304598020475565,-0.13354147991777976,0.26953161693537886,-0.1529315945850953,-0.8732105375614432,0.23846153846153847,98869.54019795245
10,-85,-40,10,-50,0,75,0.64,0.993970371697385,-3.7845013149116664e-05,0.0030701128087962104,21.893333333333334,-0.01380834373637263,-0.16080309186306752,0.25733144640836597,-0.17923615488144728,-0.8971576742952782,0.2467948717948718,98619.16562636274
10,-85,-30,10,-50,0,75,0.64,0.993970371697385,-3.7845013149116664e-05,0.0030701128087962104,21.893333333333334,-0.01380834373637263,-0.16080309186306752,0.25733144640836597,-0.17923615488144728,-0.8971576742952782,0.2467948717948718,98619.16562636274
5,-80,-30,10,-50,0,92,0.6521739130434783,0.9933977454351485,-3.8404953165066535e-05,0.003072883192590581,20.967391304347824,-0.014901108691455445,-0.17245205426449817,0.24938951895775163,-0.1889152232290363,-0.9128541962731156,0.29615384615384616,98509.88913085446
7,-80,-50,10,-50,50,91,0.6373626373626373,0.9965143558316283,-2.0633992785888357e-05,0.0026174584478471097,23.483516483516482,-0.014241156546326517,-0.1654348486110956,0.284715599036781,-0.1801930515717165,-0.91809782435064,0.2948717948717949,98575.88434536735
5,-85,-40,10,-50,50,80,0.625,0.9988563445898565,-6.854616945134451e-06,0.002483716074240472,23.65,-0.011958720817783708,-0.14074138216914733,0.27477730928635413,-0.15233718375225502,-0.9238806882371814,0.2724358974358974,98804.12791822162
10,-85,-50,3,-80,50,79,0.6455696202531646,0.994524349940908,-3.0292183510595585e-05,0.0026890756302520025,19.810126582278482,-0.011702885083240577,-0.13793199348254515,0.2551636225142327,-0.14844294006666736,-0.9291920075188377,0.19743589743589743,98829.71149167595
3,-90,-40,7,-80,50,72,0.6805555555555556,0.9869727374750165,-7.086078858069278e-05,0.002625855848329639,16.055555555555557,-0.016005972130022417,-0.18407847039213387,0.1811680033402298,-0.18532879360567833,-0.99325348647008,0.20256410256410257,98399.40278699776
5,-80,-40,7,-100,50,88,0.6477272727272727,0.9802132753327815,-0.0001046528886119497,0.0025900472571271926,21.545454545454547,-0.018308662580692858,-0.207827757335189,0.18948618774623774,-0.2079315908337026,-0.9995006362520611,0.275,98169.13374193071
10,-90,-40,7,-50,50,57,0.6140350877192983,0.9876843646312967,-7.998046987224147e-05,0.0025626360664072756,23.94736842105263,-0.015163877723021857,-0.17523089902635147,0.20664067215334747,-0.17045568603234762,-1.0280143954429168,0.20192307692307693,98483.61222769781
10,-90,-30,7,-50,50,57,0.6140350877192983,0.9876843646312967,-7.998046987224147e-05,0.0025626360664072756,23.94736842105263,-0.015163877723021857,-0.17523089902635147,0.20664067215334747,-0.17045568603234762,-1.0280143954429168,0.20192307692307693,98483.61222769781
3,-90,-40,5,-100,0,74,0.6621621621621622,0.9778147006704538,-0.00010889017414274639,0.002407385641889026,15.45945945945946,-0.015814603247163772,-0.18207553673870147,0.17919009652060552,-0.17482229861697007,-1.0414892046330029,0.19487179487179487,98418.53967528362
7,-90,-30,7,-100,50,69,0.6376811594202898,0.9628368431121149,-0.000197539778926644,0.002409975201704384,20.565217391304348,-0.02235019501646529,-0.2479781363463177,0.10830265733160808,-0.23649636041769428,-1.0485494825727744,0.23653846153846153,97764.98049835347
10,-90,-40,10,-50,50,56,0.625,0.9853675413922767,-9.56728464702461e-05,0.002816374437601743,24.392857142857142,-0.0159241104664255,-0.1832222309331446,0.19624916692686212,-0.17045568603234762,-1.0748965622559183,0.20256410256410257,98407.58895335745
10,-90,-30,10,-50,50,56,0.625,0.9853675413922767,-9.56728464702461e-05,0.002816374437601743,24.392857142857142,-0.0159241104664255,-0.1832222309331446,0.19624916692686212,-0.17045568603234762,-1.0748965622559183,0.20256410256410257,98407.58895335745
7,-90,-40,7,-100,0,69,0.6376811594202898,0.9586796828704004,-0.00022058947515520794,0.002409975201704384,20.405797101449274,-0.024322835175432655,-0.26688696104597753,0.07783890617979211,-0.24461950430930524,-1.0910289504491701,0.22948717948717948,97567.71648245673
7,-90,-30,7,-100,0,69,0.6376811594202898,0.9586796828704004,-0.00022058947515520794,0.002409975201704384,20.405797101449274,-0.024322835175432655,-0.26688696104597753,0.07783890617979211,-0.24461950430930524,-1.0910289504491701,0.22948717948717948,97567.71648245673
10,-90,-40,7,-50,0,57,0.6140350877192983,0.9834244034714521,-0.00010811189846787457,0.0025626360664072756,23.75438596491228,-0.017151017980097216,-0.19596887899974214,0.17616194874465643,-0.17928145643799154,-1.0930794678562996,0.19487179487179487,98284.89820199028
10,-90,-30,7,-50,0,57,0.6140350877192983,0.9834244034714521,-0.00010811189846787457,0.0025626360664072756,23.75438596491228,-0.017151017980097216,-0.19596887899974214,0.17616194874465643,-0.17928145643799154,-1.0930794678562996,0.19487179487179487,98284.89820199028
10,-85,-40,5,-100,50,66,0.6212121212121212,0.982546609331756,-0.00010156052445294457,0.00284378562832166,23.984848484848484,-0.01703382934903308,-0.19475933646147525,0.18942219683915731,-0.16636250838599353,-1.1706924736287068,0.20897435897435898,98296.6170650967
10,-85,-30,5,-100,50,66,0.6212121212121212,0.982546609331756,-0.00010156052445294457,0.00284378562832166,23.984848484848484,-0.01703382934903308,-0.19475933646147525,0.18942219683915731,-0.16636250838599353,-1.1706924736287068,0.20897435897435898,98296.6170650967
3,-80,-50,7,-100,0,98,0.6428571428571429,0.9671530180450121,-0.00015526406263757843,0.0021287404121455022,16.306122448979593,-0.02032542897873868,-0.22810354112662823,0.12391080447316562,-0.1915648154053402,-1.190738187719776,0.2173076923076923,97967.45710212614
3,-80,-50,7,-100,50,98,0.6428571428571429,0.9671530180450121,-0.00015526406263757843,0.0021287404121455022,16.306122448979593,-0.02032542897873868,-0.22810354112662823,0.12391080447316562,-0.1915648154053402,-1.190738187719776,0.2173076923076923,97967.45710212614
5,-90,-50,5,-80,0,84,0.6071428571428571,0.9674781090467821,-0.00015616566311432183,0.002218878027116622,14.345238095238095,-0.02245761770274446,-0.24901929098517184,0.09342548641350296,-0.20836783916552726,-1.1950946555977437,0.23397435897435898,97754.23822972555
5,-80,-30,10,-100,50,71,0.676056338028169,0.9764198232757523,-0.00013173421841627326,0.0037042636830966202,25.704225352112676,-0.01658673666495014,-0.19012934118609437,0.18709543167497897,-0.1571639803452638,-1.2097513741279078,0.22948717948717948,98341.32633350499
10,-85,-50,5,-50,0,79,0.6075949367088608,0.9780553475688586,-0.00011939001352634792,0.0026174584478471097,20.468354430379748,-0.018002150615212487,-0.20470363305717043,0.18450566649708702,-0.16522500128684225,-1.2389386077340105,0.23076923076923078,98199.78493847876
5,-80,-30,7,-100,50,87,0.6551724137931034,0.9692682733088459,-0.00016626631591854722,0.0026174584478471097,21.82758620689655,-0.02348604721721359,-0.2589200077709587,0.11703734565336547,-0.2079315908337026,-1.245217269452986,0.27692307692307694,97651.39527827864
5,-90,-30,7,-80,0,71,0.6197183098591549,0.9665938147112448,-0.00018163122206590535,0.002032959972159576,20.056338028169016,-0.022611419358649854,-0.2505076464827689,0.10165778467619123,-0.20115782477666833,-1.2453288693138846,0.23974358974358975,97738.85806413501
7,-85,-50,5,-100,0,83,0.6626506024096386,0.971048240651494,-0.000143270324870542,0.0030701128087962104,22.265060240963855,-0.018576069235800796,-0.21054406780510637,0.17363179461715744,-0.16502019151504033,-1.2758685217373347,0.24423076923076922,98142.39307641992
7,-80,-40,3,-100,50,66,0.6666666666666666,0.9940381838021936,-4.0432311684172756e-05,0.002625855848329639,26.272727272727273,-0.021159457164688922,-0.2363480009899579,0.13968394314234492,-0.18089763949350846,-1.3065289389718062,0.1717948717948718,97884.0542835311
7,-80,-30,3,-100,50,66,0.6666666666666666,0.9940381838021936,-4.0432311684172756e-05,0.002625855848329639,26.272727272727273,-0.021159457164688922,-0.2363480009899579,0.13968394314234492,-0.18089763949350846,-1.3065289389718062,0.1717948717948718,97884.0542835311
10,-85,-50,10,-100,50,64,0.640625,0.9797414471927515,-0.00011796478850640592,0.003072883192590581,24.890625,-0.01546863559760736,-0.17844302456394745,0.19562748010700534,-0.13328610237715888,-1.3387969291727677,0.2153846153846154,98453.13644023926
5,-85,-30,10,-50,50,79,0.620253164556962,0.9853726453179564,-8.9640841768994e-05,0.0025626360664072756,24.0126582278481,-0.01841102657861482,-0.20886858328087554,0.18454628225965444,-0.1555601916653887,-1.3426865899609692,0.27564102564102566,98158.89734213852
5,-80,-40,10,-50,50,91,0.6373626373626373,0.9779443804865402,-0.00012977814115493918,0.0030701128087962104,21.252747252747252,-0.023002345199393037,-0.25427846316593095,0.1388306993631439,-0.1889152232290363,-1.3459924447573492,0.29935897435897435,97699.7654800607
7,-90,-50,5,-50,0,75,0.64,0.9644119355393356,-0.00017212544706775616,0.002404796082073668,18.826666666666668,-0.020753491384968403,-0.23234516590984478,0.12848917928933198,-0.1722777260171494,-1.3486663150331804,0.23205128205128206,97924.65086150316
5,-90,-50,5,-80,50,82,0.5975609756097561,0.9642274699098565,-0.0001798229669165687,0.002218878027116622,14.902439024390244,-0.024171496160352857,-0.26545194830313945,0.07124382504840134,-0.19581682656142319,-1.3556135750155942,0.24487179487179486,97582.85038396472
3,-80,-30,7,-100,0,90,0.6333333333333333,0.9601967607166425,-0.0002122989809757694,0.002407385641889026,18.38888888888889,-0.02914062856052002,-0.3112431716202795,0.02473930836818356,-0.22869142786571872,-1.3609743684972435,0.2551282051282051,97085.937143948
7,-90,-40,5,-100,0,71,0.647887323943662,0.9394751838178145,-0.0003079887861634364,0.0025626360664072756,19.591549295774648,-0.029242780804376367,-0.31215631994571846,0.008695245469465568,-0.22174892761514786,-1.4077015988436952,0.2185897435897436,97075.72191956236
7,-90,-30,5,-100,0,71,0.647887323943662,0.9394751838178145,-0.0003079887861634364,0.0025626360664072756,19.591549295774648,-0.029242780804376367,-0.31215631994571846,0.008695245469465568,-0.22174892761514786,-1.4077015988436952,0.2185897435897436,97075.72191956236
7,-85,-40,10,-80,0,73,0.6301369863013698,0.9666892961321111,-0.00020638310440593846,0.0030701128087962104,25.123287671232877,-0.025291525373757562,-0.27601122208986906,0.08133833924130285,-0.19550703573523687,-1.4117713004643682,0.23525641025641025,97470.84746262424
5,-80,-30,10,-50,50,90,0.6444444444444445,0.9746346232156269,-0.0001519777063799293,0.003072883192590581,21.533333333333335,-0.024855485562260693,-0.2719171054396884,0.11344666657566788,-0.1889152232290363,-1.4393604749894748,0.3019230769230769,97514.45144377393
5,-90,-50,3,-100,50,48,0.6875,0.9450135207375614,-0.00034930018487956915,0.0030922664707345726,17.041666666666668,-0.024621721052780376,-0.2697134494244914,-0.0015531399143490284,-0.18707643037037724,-1.441728650105777,0.12051282051282051,97537.82789472197
3,-85,-30,10,-50,0,84,0.6309523809523809,0.9819171489219632,-0.0001086989169079606,0.0023494416286932163,19.642857142857142,-0.021596124622513146,-0.24063209737376978,0.12980172132135823,-0.16653315568893468,-1.444950084433899,0.2519230769230769,97840.38753774868
10,-85,-40,10,-50,50,74,0.6351351351351351,0.970766227280298,-0.00018639113456008876,0.00284378562832166,22.216216216216218,-0.024535126457953194,-0.2688955802616564,0.10920318901913971,-0.17923615488144728,-1.5002306897261481,0.24807692307692308,97546.48735420468
10,-85,-30,10,-50,50,74,0.6351351351351351,0.970766227280298,-0.00018639113456008876,0.00284378562832166,22.216216216216218,-0.024535126457953194,-0.2688955802616564,0.10920318901913971,-0.17923615488144728,-1.5002306897261481,0.24807692307692308,97546.48735420468
5,-90,-30,5,-100,0,75,0.6266666666666667,0.9339181466352099,-0.0003282878659516945,0.002032959972159576,18.72,-0.03260727546582387,-0.34161620485390864,-0.05141930934803429,-0.21974035334391806,-1.5546357310131442,0.22692307692307692,96739.27245341761
5,-90,-40,5,-100,0,75,0.6266666666666667,0.9338223260001293,-0.0003287976278928673,0.002032959972159576,18.706666666666667,-0.032644272281049824,-0.34193359488911046,-0.05196740110404101,-0.21974035334391806,-1.5560801176739094,0.22628205128205128,96735.57277189502
10,-85,-50,5,-80,50,73,0.6027397260273972,0.9708945912064831,-0.00016569632527340923,0.0026174584478471097,21.972602739726028,-0.020970925166890364,-0.23449146574067437,0.13404281890930855,-0.15064614328011405,-1.5565713176251506,0.22243589743589742,97902.90748331096
7,-90,-40,3,-100,50,46,0.6521739130434783,0.9558479871244774,-0.0003169912154234914,0.002625855848329639,22.565217391304348,-0.027665770730867623,-0.29793428691611035,-0.035232143135224,-0.1906065123892352,-1.5630855587331791,0.12692307692307692,97233.42292691323
7,-90,-30,3,-100,50,46,0.6521739130434783,0.9558479871244774,-0.0003169912154234914,0.002625855848329639,22.565217391304348,-0.027665770730867623,-0.29793428691611035,-0.035232143135224,-0.1906065123892352,-1.5630855587331791,0.12692307692307692,97233.42292691323
5,-80,-50,5,-100,50,104,0.6538461538461539,0.9697757888832964,-0.00015623480621867705,0.003119588872525725,16.432692307692307,-0.029604762078639935,-0.31538313859941647,0.044221236925419835,-0.200008526466102,-1.5768484682720187,0.2903846153846154,97039.52379213601
5,-90,-40,7,-80,50,71,0.6197183098591549,0.9474791240035411,-0.00028761298238719164,0.002016391310003973,20.098591549295776,-0.030001373183435986,-0.3189026540608204,-0.005457694438502004,-0.20115782477666833,-1.5853355663140425,0.24166666666666667,96999.8626816564
3,-90,-30,7,-80,0,70,0.6571428571428571,0.9533314620971964,-0.0002701090228021246,0.002407385641889026,16.685714285714287,-0.029949288536735286,-0.3184414085285825,-0.017232207036491826,-0.19841014585831418,-1.60496534666117,0.21025641025641026,97005.07114632647
5,-80,-50,5,-100,0,106,0.6509433962264151,0.961223117899489,-0.000194351357437118,0.003072883192590581,16.037735849056602,-0.03369476182075948,-0.3508870131607503,-0.015600525359544063,-0.21249411855399314,-1.6512787061990735,0.2846153846153846,96630.52381792406
7,-85,-30,10,-80,0,73,0.6301369863013698,0.9555453384298572,-0.0002786398651069091,0.0030701128087962104,25.17808219178082,-0.030492700847603582,-0.32323957942522175,0.008222814701020181,-0.19550703573523687,-1.653339882166518,0.2378205128205128,96950.72991523964
10,-90,-40,10,-100,0,52,0.6153846153846154,0.9452766643009122,-0.00031879741513583695,0.002816374437601743,25.826923076923077,-0.024817291699782973,-0.27155747769914207,0.03496363923883241,-0.16219989953381608,-1.674214832929207,0.18782051282051282,97518.2708300217
10,-90,-30,10,-100,0,52,0.6153846153846154,0.9452766643009122,-0.00031879741513583695,0.002816374437601743,25.826923076923077,-0.024817291699782973,-0.27155747769914207,0.03496363923883241,-0.16219989953381608,-1.674214832929207,0.18782051282051282,97518.2708300217
5,-90,-50,3,-100,0,49,0.6938775510204082,0.9263907716153604,-0.00046827880372039523,0.00291109362706532,16.489795918367346,-0.03084601236789808,-0.32634251185325347,-0.10467122062436894,-0.19429971988211325,-1.6795830279696442,0.1141025641025641,96915.39876321019
10,-85,-50,7,-50,0,76,0.631578947368421,0.9702341040062114,-0.00018424365673540204,0.003072883192590581,21.42105263157895,-0.02471610836527094,-0.2706039597548979,0.09898054981083416,-0.15895614011723558,-1.7023812955908357,0.2378205128205128,97528.38916347291
10,-90,-40,3,-50,50,63,0.6031746031746031,0.9508372969556269,-0.0003090653864637216,0.002035254751802551,20.904761904761905,-0.030909943164843856,-0.3269025778821799,-0.040705828091923316,-0.1891530157908815,-1.7282440701003028,0.17115384615384616,96909.00568351561
10,-90,-30,3,-50,50,63,0.6031746031746031,0.9508372969556269,-0.0003090653864637216,0.002035254751802551,20.904761904761905,-0.030909943164843856,-0.3269025778821799,-0.040705828091923316,-0.1891530157908815,-1.7282440701003028,0.17115384615384616,96909.00568351561
7,-80,-40,10,-50,0,90,0.6444444444444445,0.9565654421898151,-0.0002635380529726573,0.0029409684447730955,23.81111111111111,-0.03541900349828009,-0.3653400945040668,0.010725203012287668,-0.20942704991278815,-1.7444742436863128,0.2987179487179487,96458.099650172
3,-90,-50,7,-80,0,75,0.6533333333333333,0.9530621611868818,-0.00023537104673286623,0.002317064055609608,14.946666666666667,-0.026223627843685926,-0.2846920423047197,0.00774142938949461,-0.15982595667376964,-1.7812628701220397,0.18012820512820513,97377.6372156314
3,-90,-50,7,-80,50,75,0.6533333333333333,0.9530621611868818,-0.00023537104673286623,0.002317064055609608,14.946666666666667,-0.026223627843685926,-0.2846920423047197,0.00774142938949461,-0.15982595667376964,-1.7812628701220397,0.18012820512820513,97377.6372156314
7,-80,-40,7,-80,50,95,0.6736842105263158,0.9454301554935121,-0.0003176919485058301,0.0028118240807499806,22.71578947368421,-0.04140404003866249,-0.413240587229034,-0.05898914228344298,-0.2306873522864339,-1.7913447925655333,0.30833333333333335,95859.59599613375
3,-90,-30,5,-100,0,73,0.6438356164383562,0.9297617430581587,-0.0003649626195768585,0.002404796082073668,15.986301369863014,-0.034142815352407485,-0.35467158251066744,-0.08248257984173726,-0.197330064376127,-1.797351982993503,0.20961538461538462,96585.71846475925
7,-80,-30,5,-100,50,90,0.6555555555555556,0.9409529749905979,-0.0003313791226406478,0.0029409684447730955,23.466666666666665,-0.04298530226671615,-0.42532773320715767,-0.0973436352390484,-0.22890797369952387,-1.8580730340370941,0.2794871794871795,95701.46977332838
3,-80,-30,7,-100,50,88,0.6363636363636364,0.930714132407032,-0.0003843105380658117,0.002407385641889026,18.875,-0.043414193038864624,-0.4285664131790432,-0.18038308705279887,-0.22869142786571872,-1.8739942164805825,0.258974358974359,95658.58069611354
7,-80,-30,7,-80,0,95,0.6736842105263158,0.937205280101604,-0.0003701337793122457,0.0028118240807499806,22.652631578947368,-0.04662937734102246,-0.45231526683662415,-0.12927365048264078,-0.23887229995535697,-1.8935442364860124,0.30448717948717946,95337.06226589775
5,-90,-30,7,-80,50,70,0.6142857142857143,0.9287812572821886,-0.00040147505758704184,0.0020246756410817746,20.442857142857143,-0.03744021274314635,-0.381904957004238,-0.11448396454857553,-0.20115782477666833,-1.8985339368639562,0.24423076923076922,96255.97872568536
7,-80,-40,5,-100,50,90,0.6555555555555556,0.9371622090263858,-0.00035265336463940415,0.0029409684447730955,23.455555555555556,-0.044805967927116996,-0.4389607271423219,-0.12199339296780168,-0.22890797369952387,-1.9176296921771885,0.27884615384615385,95519.4032072883
7,-80,-40,3,-80,0,107,0.6728971962616822,0.9356490711349925,-0.00032194739542434594,0.002406678331875245,17.38317757009346,-0.04156218331894879,-0.414459881244287,-0.0950126042064277,-0.2158254671399804,-1.92034743043311,0.25064102564102564,95843.78166810512
7,-80,-30,3,-80,0,107,0.6728971962616822,0.9356490711349925,-0.00032194739542434594,0.002406678331875245,17.38317757009346,-0.04156218331894879,-0.414459881244287,-0.0950126042064277,-0.2158254671399804,-1.92034743043311,0.25064102564102564,95843.78166810512
7,-80,-40,7,-80,0,95,0.6736842105263158,0.9337859785357289,-0.0003902883243636991,0.0028118240807499806,22.642105263157895,-0.048443110357267116,-0.4653080334569252,-0.15354655800548828,-0.23887229995535697,-1.947936338972275,0.3038461538461538,95155.68896427329
7,-85,-40,10,-80,50,72,0.625,0.9389808176685451,-0.0003857034545940981,0.002816374437601743,25.48611111111111,-0.03758456288978729,-0.3830726154612667,-0.09386556892036417,-0.19550703573523687,-1.9593802034830006,0.2358974358974359,96241.54371102127
10,-85,-50,7,-50,50,75,0.6266666666666667,0.9594176769349253,-0.0002536724912324691,0.0030701128087962104,21.813333333333333,-0.029184169340209953,-0.31163252305358224,0.037402563753792466,-0.15895614011723558,-1.9604937740922912,0.24294871794871795,97081.58306597901
7,-90,-40,5,-80,0,74,0.6216216216216216,0.8956271277023942,-0.000528110927287027,0.002218878027116622,19.0,-0.04595777420769931,-0.447430913334792,-0.23566651650270476,-0.22609271762593997,-1.9789709196872318,0.2282051282051282,95404.22257923007
7,-90,-30,5,-80,0,74,0.6216216216216216,0.8956271277023942,-0.000528110927287027,0.002218878027116622,19.0,-0.04595777420769931,-0.447430913334792,-0.23566651650270476,-0.22609271762593997,-1.9789709196872318,0.2282051282051282,95404.22257923007
7,-85,-50,7,-100,50,79,0.620253164556962,0.9264109646671187,-0.0003847535701186211,0.0021523178807947296,23.569620253164558,-0.0374146237689984,-0.3816977538027472,-0.09677175988200187,-0.19022627210040055,-2.0065459391502394,0.2532051282051282,96258.53762310016
7,-80,-30,7,-80,50,94,0.6702127659574468,0.9281666344611108,-0.00042662061960134116,0.002714641264298545,22.97872340425532,-0.05099704721672926,-0.48312256013473653,-0.18597395116093018,-0.2306873522864339,-2.094274156542685,0.3096153846153846,94900.29527832707
10,-80,-40,3,-50,50,96,0.6354166666666666,0.9503518921225937,-0.0002767956137973542,0.002181510312577295,21.354166666666668,-0.03895462912061787,-0.39405450222331717,-0.06077356992080656,-0.18648220250176917,-2.1130944236867792,0.2391025641025641,96104.53708793821
10,-80,-30,3,-50,50,96,0.6354166666666666,0.9503518921225937,-0.0002767956137973542,0.002181510312577295,21.354166666666668,-0.03895462912061787,-0.39405450222331717,-0.06077356992080656,-0.18648220250176917,-2.1130944236867792,0.2391025641025641,96104.53708793821
5,-90,-30,5,-80,0,81,0.6049382716049383,0.8908502114901106,-0.0005410439653016928,0.001958224543080922,17.617283950617285,-0.051426356418364016,-0.4860629117679326,-0.3270876879117983,-0.22469302775050748,-2.163230949505218,0.24166666666666667,94857.3643581636
5,-90,-40,5,-80,0,81,0.6049382716049383,0.8907653916735369,-0.000541515967099075,0.001958224543080922,17.604938271604937,-0.05146263351961777,-0.48631066772992515,-0.3276333888086217,-0.22469302775050748,-2.1643335914717845,0.24102564102564103,94853.73664803822
7,-85,-30,10,-80,50,72,0.625,0.9282227587288177,-0.0004589637814159155,0.002816374437601743,25.541666666666668,-0.04272014106260236,-0.4233169781585244,-0.16664248663572298,-0.19550703573523687,-2.165226313040706,0.23846153846153847,95727.98589373977
7,-80,-30,10,-50,0,89,0.6404494382022472,0.9355046382205833,-0.00039949112002134207,0.0028118240807499806,24.089887640449437,-0.04688860106172521,-0.45418986152357543,-0.14203185199638702,-0.20942704991278815,-2.1687258723871343,0.29935897435897435,95311.13989382748
7,-90,-40,5,-100,50,69,0.6376811594202898,0.8752414390269934,-0.0006948534141508417,0.002409975201704384,20.347826086956523,-0.05511058215402587,-0.5106704533775088,-0.3641613602984864,-0.23501532228087219,-2.172924081806015,0.22692307692307692,94488.94178459741
7,-90,-30,5,-100,50,69,0.6376811594202898,0.8752414390269934,-0.0006948534141508417,0.002409975201704384,20.347826086956523,-0.05511058215402587,-0.5106704533775088,-0.3641613602984864,-0.23501532228087219,-2.172924081806015,0.22692307692307692,94488.94178459741
5,-85,-50,7,-80,0,89,0.651685393258427,0.9538680672219103,-0.00024838566865770364,0.0025626360664072756,18.752808988764045,-0.03116614873625323,-0.3291427691127462,-0.0002598716328499052,-0.15094543905106572,-2.1805413345506603,0.2641025641025641,96883.38512637468
5,-85,-50,7,-80,50,89,0.651685393258427,0.9538680672219103,-0.00024838566865770364,0.0025626360664072756,18.752808988764045,-0.03116614873625323,-0.3291427691127462,-0.0002598716328499052,-0.15094543905106572,-2.1805413345506603,0.2641025641025641,96883.38512637468
7,-80,-40,10,-50,50,89,0.6404494382022472,0.9336434606883379,-0.000409248391872817,0.0028118240807499806,24.089887640449437,-0.04758431311230782,-0.45919178927134163,-0.15116539645819674,-0.20942704991278815,-2.1926097391075468,0.29935897435897435,95241.56868876921
7,-90,-50,3,-50,0,81,0.6419753086419753,0.9352240893686575,-0.0003229780254481859,0.002404796082073668,14.222222222222221,-0.0346715236224886,-0.35911128308049256,-0.09036776614734726,-0.1637317894817668,-2.1932899177192664,0.2,96532.84763775114
7,-85,-50,7,-100,0,79,0.620253164556962,0.9112211828974294,-0.0004719095672254413,0.0021523178807947296,23.481012658227847,-0.04448298878821266,-0.43656422591340005,-0.20053696095374102,-0.1988416973195566,-2.1955366092646145,0.24871794871794872,95551.70112117873
3,-90,-30,7,-80,50,69,0.6521739130434783,0.9175409269428955,-0.0004944212878342372,0.002404796082073668,17.028985507246375,-0.044666752867384196,-0.4379289062487127,-0.23610095020080488,-0.19841014585831418,-2.2071900827160333,0.21474358974358973,95533.32471326158
10,-85,-40,5,-50,50,77,0.6103896103896104,0.9368951569116848,-0.00037287762755106827,0.0026174584478471097,21.16883116883117,-0.037870007042181686,-0.3853756167465472,-0.08073259314875698,-0.17392090739220367,-2.2158096029104684,0.2391025641025641,96212.99929578183
10,-85,-30,5,-50,50,77,0.6103896103896104,0.9368951569116848,-0.00037287762755106827,0.0026174584478471097,21.16883116883117,-0.037870007042181686,-0.3853756167465472,-0.08073259314875698,-0.17392090739220367,-2.2158096029104684,0.2391025641025641,96212.99929578183
7,-85,-40,10,-100,0,66,0.6515151515151515,0.9264554431922476,-0.00042614639327442244,0.003072883192590581,24.151515151515152,-0.03547121596044567,-0.36577309572912076,-0.0928395895216625,-0.16388051039767948,-2.2319499423178515,0.21602564102564104,96452.87840395543
10,-90,-40,10,-100,50,51,0.6078431372549019,0.9094125872967387,-0.0005400034556557618,0.0025626360664072756,26.372549019607842,-0.035424330361427225,-0.3653842829785521,-0.1257808021584347,-0.16219989953381608,-2.2526788489309473,0.1891025641025641,96457.56696385727
10,-90,-30,10,-100,50,51,0.6078431372549019,0.9094125872967387,-0.0005400034556557618,0.0025626360664072756,26.372549019607842,-0.035424330361427225,-0.3653842829785521,-0.1257808021584347,-0.16219989953381608,-2.2526788489309473,0.1891025641025641,96457.56696385727
7,-90,-50,3,-80,50,75,0.6533333333333333,0.9017855343613415,-0.0005181390816333812,0.002409975201704384,18.186666666666667,-0.046923132757810126,-0.45443913355352394,-0.28448076617427276,-0.20146211122659985,-2.2557052082234037,0.2012820512820513,95307.68672421899
3,-85,-30,10,-50,50,82,0.6219512195121951,0.951538261386829,-0.0003010888038660261,0.0023494416286932163,20.21951219512195,-0.036692503926881614,-0.37582405407749886,-0.08623965608396986,-0.16653315568893468,-2.2567521315664982,0.257051282051282,96330.74960731184
5,-90,-40,7,-50,0,77,0.6103896103896104,0.9062857828633292,-0.0004985072928950287,0.001958224543080922,18.818181818181817,-0.047129505450032694,-0.4559266809351239,-0.2452954580870905,-0.20115782477666833,-2.266512284278814,0.25576923076923075,95287.04945499673
10,-85,-40,3,-100,50,50,0.66,0.9502103481325839,-0.00034732670506251837,0.0030922664707345726,25.02,-0.028631668342525618,-0.3066768728921969,-0.05728898307766676,-0.13357010581837558,-2.295999325696473,0.13076923076923078,97136.83316574743
10,-85,-30,3,-100,50,50,0.66,0.9502103481325839,-0.00034732670506251837,0.0030922664707345726,25.02,-0.028631668342525618,-0.3066768728921969,-0.05728898307766676,-0.13357010581837558,-2.295999325696473,0.13076923076923078,97136.83316574743
10,-85,-40,3,-50,0,89,0.651685393258427,0.933915660382206,-0.00035164093917051925,0.0026890756302520025,15.325842696629213,-0.03788278770283093,-0.38547854743572374,-0.10443830616502608,-0.1657903611518442,-2.3250962526263597,0.20192307692307693,96211.7212297169
10,-85,-30,3,-50,0,89,0.651685393258427,0.933915660382206,-0.00035164093917051925,0.0026890756302520025,15.325842696629213,-0.03788278770283093,-0.38547854743572374,-0.10443830616502608,-0.1657903611518442,-2.3250962526263597,0.20192307692307693,96211.7212297169
7,-90,-50,7,-50,50,72,0.6388888888888888,0.9075866238158794,-0.0004883980085143692,0.0022639249746809753,19.88888888888889,-0.04309687793387862,-0.4261718961753981,-0.19062525135756572,-0.17763807272199394,-2.399102228734282,0.24487179487179486,95690.31220661214
3,-90,-50,3,-100,0,54,0.6296296296296297,0.9098932303640845,-0.00043298720989002915,0.0022157281478464297,14.981481481481481,-0.027464464735561078,-0.2960994821584745,-0.049399626544275495,-0.123249028834297,-2.4024488059582803,0.11474358974358974,97253.5535264439
3,-85,-30,3,-50,50,121,0.5619834710743802,0.5042837307345384,-0.003670533249311257,0.0007304936305732035,16.25619834710744,-0.37637675849030905,-0.997403648882074,-5.134331929789487,-0.4137217133279443,-2.410808078838887,0.3211538461538462,62362.3241509691
7,-85,-50,10,-50,0,78,0.6025641025641025,0.9235993144788934,-0.00046491174181803385,0.0023494416286932163,23.974358974358974,-0.0461300532018456,-0.44868765270200295,-0.21520884014400055,-0.18327574405293667,-2.4481562195835673,0.25833333333333336,95386.99467981544
5,-90,-40,3,-100,0,48,0.6666666666666666,0.8420098334133076,-0.0009837849139563426,0.0027141734090497804,16.979166666666668,-0.05333190788534792,-0.49892914514071696,-0.45620891150268134,-0.20356742152521345,-2.45092825464177,0.11858974358974358,94666.80921146521
5,-90,-30,3,-100,0,48,0.6666666666666666,0.8420098334133076,-0.0009837849139563426,0.0027141734090497804,16.979166666666668,-0.05333190788534792,-0.49892914514071696,-0.45620891150268134,-0.20356742152521345,-2.45092825464177,0.11858974358974358,94666.80921146521
7,-80,-30,10,-50,50,88,0.6363636363636364,0.919223380556127,-0.0005086199186067796,0.00284378562832166,24.397727272727273,-0.05562410253340078,-0.514012848052607,-0.2588770465968797,-0.20942704991278815,-2.4543765872969026,0.30128205128205127,94437.58974665993
5,-90,-30,5,-100,50,73,0.6027397260273972,0.8534978027300563,-0.0008034115808068057,0.002016391310003973,19.684931506849313,-0.06583277839573953,-0.5762485103553701,-0.5397101451821665,-0.23304098701032372,-2.472734593807064,0.24807692307692308,93416.72216042604
5,-90,-40,5,-100,50,73,0.6027397260273972,0.853416299880066,-0.0008039353088285585,0.002016391310003973,19.671232876712327,-0.06586850454005622,-0.5764527901405134,-0.5402538682762301,-0.23304098701032372,-2.4736111768827023,0.24743589743589745,93413.14954599438
3,-90,-30,3,-100,0,53,0.660377358490566,0.910108106540408,-0.00051316731775665,0.0026890756302520025,15.547169811320755,-0.032840508013252556,-0.34361471738856997,-0.12542466892742643,-0.13851733019206391,-2.48066228905888,0.12435897435897436,96715.94919867475
7,-85,-30,10,-100,0,66,0.6515151515151515,0.9138509754693075,-0.0005060667498073142,0.003072883192590581,24.21212121212121,-0.0406180712366232,-0.4071459674924972,-0.16785389149699892,-0.16388051039767948,-2.4844074899724156,0.2185897435897436,95938.19287633768
7,-90,-50,5,-50,50,73,0.6301369863013698,0.8952712703148912,-0.0005534112178297054,0.0021230538672882826,19.52054794520548,-0.04814602921232802,-0.4631995017382684,-0.26623472917333574,-0.18638742756451476,-2.4851434873628477,0.2403846153846154,95185.3970787672
10,-85,-40,10,-100,0,64,0.640625,0.9123510725646865,-0.000517646487349338,0.003072883192590581,24.90625,-0.0401362278642865,-0.403380858505091,-0.16133828243604675,-0.16219989953381608,-2.486936549680122,0.21602564102564104,95986.37721357135
10,-85,-30,10,-100,0,64,0.640625,0.9123510725646865,-0.000517646487349338,0.003072883192590581,24.90625,-0.0401362278642865,-0.403380858505091,-0.16133828243604675,-0.16219989953381608,-2.486936549680122,0.21602564102564104,95986.37721357135
7,-85,-50,5,-100,50,81,0.654320987654321,0.9092087523905301,-0.00048615844301127094,0.0026174584478471097,22.97530864197531,-0.04602951626024643,-0.4479545767986155,-0.2144738126599994,-0.1792536080438839,-2.4989989417058185,0.25256410256410255,95397.04837397535
7,-90,-40,5,-80,50,72,0.6111111111111112,0.8405452483536686,-0.0008801835235423981,0.0020246756410817746,19.72222222222222,-0.06972802719568538,-0.597994953212059,-0.5812683321607303,-0.2392850662226348,-2.499090154901997,0.23717948717948717,93027.19728043146
7,-90,-30,5,-80,50,72,0.6111111111111112,0.8405452483536686,-0.0008801835235423981,0.0020246756410817746,19.72222222222222,-0.06972802719568538,-0.597994953212059,-0.5812683321607303,-0.2392850662226348,-2.499090154901997,0.23717948717948717,93027.19728043146
10,-85,-40,5,-80,0,73,0.589041095890411,0.9136373563275774,-0.0004769778602076899,0.0025626360664072756,21.904109589041095,-0.04184313478604451,-0.41662028185420863,-0.16585155352116074,-0.1657903611518442,-2.512934280133657,0.21923076923076923,95815.68652139555
10,-85,-30,5,-80,0,73,0.589041095890411,0.9136373563275774,-0.0004769778602076899,0.0025626360664072756,21.904109589041095,-0.04184313478604451,-0.41662028185420863,-0.16585155352116074,-0.1657903611518442,-2.512934280133657,0.21923076923076923,95815.68652139555
5,-90,-30,7,-50,0,76,0.6052631578947368,0.8890985646233996,-0.0006061551820331517,0.001995592257620249,19.11842105263158,-0.054436990774421545,-0.5062541007606862,-0.3530144813256804,-0.20115782477666833,-2.516701009879905,0.25833333333333336,94556.30092255784
3,-90,-40,5,-100,50,73,0.6438356164383562,0.8813324076425011,-0.0006437250603786647,0.002404796082073668,15.835616438356164,-0.054610960031950095,-0.507398218860494,-0.4040828402354694,-0.2015477664515708,-2.5175085181726136,0.20256410256410257,94538.90399680499
3,-85,-40,3,-50,50,123,0.5772357723577236,0.529414226779319,-0.003331191760796965,0.0010970174837161561,15.926829268292684,-0.3541433854352989,-0.995961868023009,-4.740597102319628,-0.3930713888201314,-2.533793851067494,0.31346153846153846,64585.661456470116
10,-85,-40,3,-80,50,78,0.6410256410256411,0.9122125707755394,-0.0004990676819813786,0.002625855848329639,20.102564102564102,-0.046945177519714054,-0.4545982120290172,-0.25358810372139534,-0.1788091350899541,-2.542365700725083,0.19935897435897437,95305.4822480286
10,-85,-30,3,-80,50,78,0.6410256410256411,0.9122125707755394,-0.0004990676819813786,0.002625855848329639,20.102564102564102,-0.046945177519714054,-0.4545982120290172,-0.25358810372139534,-0.1788091350899541,-2.542365700725083,0.19935897435897437,95305.4822480286
3,-85,-50,10,-50,0,94,0.6170212765957447,0.9321148501759189,-0.00035546964857049,0.001854330198697185,16.893617021276597,-0.04573493999346023,-0.4458014720172264,-0.25877401392495575,-0.1752831070859947,-2.5433225108139723,0.21025641025641026,95426.50600065397
3,-90,-40,3,-100,0,53,0.660377358490566,0.9064442318223034,-0.0005340833390943393,0.0026890756302520025,15.528301886792454,-0.033901827796401496,-0.35263856770307467,-0.14238390262804929,-0.13851733019206391,-2.545808291382145,0.12371794871794872,96609.81722035985
7,-90,-50,7,-50,0,72,0.6388888888888888,0.8914722551712269,-0.0005839290496410629,0.0022639249746809753,19.791666666666668,-0.05012351756689737,-0.47709185295775935,-0.29550810407343725,-0.18638742756451476,-2.559678295858353,0.2403846153846154,94987.64824331026
7,-90,-40,3,-80,0,78,0.6538461538461539,0.8530086381152232,-0.0007592450244764603,0.002407385641889026,14.653846153846153,-0.0653489012060472,-0.5734727826169874,-0.5501639825197293,-0.22324672005378565,-2.5687848066875234,0.19423076923076923,93465.10987939528
7,-90,-30,3,-80,0,78,0.6538461538461539,0.8530086381152232,-0.0007592450244764603,0.002407385641889026,14.653846153846153,-0.0653489012060472,-0.5734727826169874,-0.5501639825197293,-0.22324672005378565,-2.5687848066875234,0.19423076923076923,93465.10987939528
3,-90,-50,5,-100,0,76,0.6578947368421053,0.8893268226790728,-0.0005383712106530515,0.0022105936960388206,14.671052631578947,-0.04685680812609205,-0.4539602669192947,-0.312878386136025,-0.17655265560160216,-2.5712457587931925,0.1762820512820513,95314.31918739079
3,-85,-50,10,-50,50,93,0.6129032258064516,0.9278760683574763,-0.0003830403394495389,0.0018737980120733244,17.096774193548388,-0.04784564823910997,-0.46105976842086294,-0.29079841433681897,-0.17710727190052578,-2.6032797155828935,0.21153846153846154,95215.435176089
7,-80,-50,3,-80,50,103,0.6699029126213593,0.906678835489733,-0.0005060570463738556,0.002409975201704384,20.24271844660194,-0.06501795806701471,-0.5715647211530126,-0.4232731674277277,-0.21837381382026344,-2.6173684067424374,0.2621794871794872,93498.20419329853
3,-85,-30,3,-50,0,126,0.5793650793650794,0.5460379602330865,-0.0030384219424030774,0.0011635429687165688,15.46031746031746,-0.3356204866663218,-0.9942322121889076,-4.4577993097857265,-0.3737602586207259,-2.6600800627062036,0.30641025641025643,66437.95133336782
5,-90,-30,5,-80,50,78,0.5897435897435898,0.8347306400769554,-0.0009040118699787095,0.0019219615084018482,18.67948717948718,-0.07728059926616526,-0.6372601202921477,-0.7075069274777694,-0.23790923604872527,-2.678585038882782,0.2608974358974359,92271.94007338348
3,-85,-30,5,-50,50,103,0.5631067961165048,0.5026283200001747,-0.0038071499646168436,0.0016585978124439293,19.12621359223301,-0.3392959407462258,-0.9946218468734662,-4.446749841733852,-0.3698241036665718,-2.6894457040858626,0.3230769230769231,66070.40592537742
7,-90,-40,7,-80,50,70,0.6285714285714286,0.8364972042261392,-0.0009683914530994962,0.002407385641889026,20.457142857142856,-0.074512418020107,-0.6232981861997307,-0.638255055623663,-0.23110455732304924,-2.6970397876163643,0.24487179487179486,92548.7581979893
3,-85,-50,3,-50,50,128,0.5625,0.506825145910473,-0.0031619207547437427,0.0007207325210192295,15.03125,-0.3489771325074539,-0.9955351575839664,-4.77495736551676,-0.3683593048083861,-2.702619818717016,0.29102564102564105,65102.286749254614
3,-90,-50,3,-100,50,53,0.6226415094339622,0.8921950371274505,-0.0005347761732773598,0.002404796082073668,15.30188679245283,-0.03229279322930956,-0.33891261345866497,-0.12680893492206138,-0.12426966351613689,-2.727235303205403,0.11602564102564103,96770.72067706904
5,-90,-40,5,-80,50,78,0.5897435897435898,0.8277092552083871,-0.0009425028047073467,0.0019219615084018482,18.653846153846153,-0.08002786970895115,-0.6506441035978385,-0.7497486361476815,-0.23790923604872527,-2.734841716967149,0.25961538461538464,91997.21302910488
5,-90,-40,7,-50,50,76,0.6052631578947368,0.8718406880644841,-0.0007051644581227744,0.0019521366285372155,19.157894736842106,-0.06158631409884319,-0.5513109373803371,-0.4584224927537791,-0.20115782477666833,-2.7406885016400415,0.2602564102564103,93841.36859011569
7,-90,-40,7,-80,0,70,0.6285714285714286,0.8228459752302939,-0.0010666519525440953,0.002407385641889026,20.357142857142858,-0.08130837005897895,-0.6567256881828235,-0.7419545049902446,-0.2392850662226348,-2.7445326971295194,0.2403846153846154,91869.16299410211
7,-90,-30,7,-80,0,70,0.6285714285714286,0.8228459752302939,-0.0010666519525440953,0.002407385641889026,20.357142857142858,-0.08130837005897895,-0.6567256881828235,-0.7419545049902446,-0.2392850662226348,-2.7445326971295194,0.2403846153846154,91869.16299410211
3,-85,-50,3,-50,0,130,0.5692307692307692,0.5204390038430194,-0.0030404797057787827,0.0007207325210192295,14.761538461538462,-0.3428549300006163,-0.994975901781791,-4.668797562856775,-0.3624193717574673,-2.7453717414631837,0.2878205128205128,65714.50699993837
3,-85,-40,3,-50,0,127,0.5826771653543307,0.5638673098906293,-0.002861238982229629,0.00118056059593874,15.32283464566929,-0.32237544646883975,-0.992602292990572,-4.231732430948574,-0.36127557120733855,-2.747493525990194,0.30512820512820515,67762.45535311602
5,-90,-40,3,-100,50,46,0.6739130434782609,0.7868754366079216,-0.0014448944977304085,0.002800084628658661,22.608695652173914,-0.07228746023421218,-0.6117192933542674,-0.7513795016292629,-0.22245295692092248,-2.74988160113206,0.1282051282051282,92771.25397657878
5,-90,-30,3,-100,50,46,0.6739130434782609,0.7868754366079216,-0.0014448944977304085,0.002800084628658661,22.608695652173914,-0.07228746023421218,-0.6117192933542674,-0.7513795016292629,-0.22245295692092248,-2.74988160113206,0.1282051282051282,92771.25397657878
3,-90,-30,5,-100,50,72,0.625,0.8393074664085706,-0.0009197446379807331,0.002218878027116622,16.444444444444443,-0.07281336192306864,-0.6144853277651265,-0.6654430720807349,-0.22332656126444894,-2.7515102739503186,0.2205128205128205,92718.66380769314
3,-90,-50,5,-100,50,76,0.6447368421052632,0.8779134487412259,-0.0006014872684601459,0.0022105936960388206,14.763157894736842,-0.05142855154333059,-0.4860779065911718,-0.38454043277204236,-0.17655265560160216,-2.753161117485682,0.18076923076923077,94857.14484566695
3,-80,-30,3,-50,50,145,0.6206896551724138,0.6395392156115683,-0.0023828072376764274,0.0018737980120733244,14.041379310344828,-0.31318053012240477,-0.9912320496955368,-3.9081020952741063,-0.3587479308688022,-2.763032102498845,0.36538461538461536,68681.94698775953
5,-80,-30,5,-100,0,102,0.6568627450980392,0.8625906482481888,-0.0007109173018911161,0.003072883192590581,18.862745098039216,-0.08181454687125089,-0.6591027171903906,-0.6937124400247374,-0.23752829067148618,-2.7748388005787636,0.2935897435897436,91818.5453128749
3,-85,-30,5,-50,0,106,0.5660377358490566,0.5228533350638513,-0.0034365398314847528,0.0014025615769691635,18.443396226415093,-0.31972224766314394,-0.9922286810915566,-4.118338678062049,-0.35643083770363393,-2.783790222765679,0.31346153846153846,68027.7752336856
3,-80,-40,7,-80,0,100,0.66,0.8923720137453734,-0.0006010403874855696,0.00248630563405583,16.77,-0.06729061572052286,-0.5845110760355305,-0.5118745583220605,-0.2087571520250262,-2.7999571289680087,0.26794871794871794,93270.93842794771
7,-90,-30,7,-80,50,70,0.6285714285714286,0.8259884432375376,-0.0010437449321162226,0.002407385641889026,20.514285714285716,-0.07945094419285681,-0.6478717823850054,-0.7103025276253769,-0.23110455732304924,-2.8033708633420784,0.24743589743589745,92054.90558071432
3,-85,-30,5,-80,50,98,0.6020408163265306,0.5659293613849871,-0.0032008788904891584,0.001995592257620249,19.653061224489797,-0.284722331341,-0.9853713366623803,-3.6205861636780554,-0.35145631834892865,-2.803680813853219,0.2948717948717949,71527.7668659
7,-85,-40,10,-100,50,65,0.6461538461538462,0.8940180708205687,-0.0006281591394654374,0.0030701128087962104,24.53846153846154,-0.04763586707013823,-0.45956075951152464,-0.2729828548622019,-0.16388051039767948,-2.8042429108643536,0.21666666666666667,95236.41329298618
7,-80,-30,7,-50,0,98,0.6632653061224489,0.723569821034298,-0.0019829335556005695,0.002714641264298545,24.306122448979593,-0.19529680611992095,-0.9353977753332268,-2.00358608252682,-0.3333845406565694,-2.8057622992687334,0.31794871794871793,80470.3193880079
5,-80,-40,5,-100,0,102,0.6568627450980392,0.8589002025233448,-0.0007300635168467634,0.003072883192590581,18.84313725490196,-0.08359639025320631,-0.6673502886682481,-0.7198641342927153,-0.23752829067148618,-2.80956128123377,0.2923076923076923,91640.36097467937
7,-80,-40,7,-50,0,98,0.6632653061224489,0.7208461928368589,-0.002002471124783101,0.002714641264298545,24.29591836734694,-0.19682770786613546,-0.9369303388271913,-2.0258631691459463,-0.3333845406565694,-2.8103592835528466,0.3173076923076923,80317.22921338645
5,-80,-40,7,-80,0,95,0.6526315789473685,0.8886488684347894,-0.0006404876259540208,0.0025626360664072756,20.305263157894736,-0.0693105664561372,-0.5957145181625397,-0.5094407868628084,-0.2115949501187776,-2.8153531916907224,0.29615384615384616,93068.94335438628
7,-80,-30,5,-80,50,95,0.6210526315789474,0.7306455855055238,-0.0018326293357459594,0.002404796082073668,24.757894736842104,-0.1773440498043386,-0.9146772881879457,-1.7865227489940143,-0.3219781503500836,-2.840805462089357,0.2987179487179487,82265.59501956614
7,-80,-40,5,-80,50,95,0.6210526315789474,0.7276833303588621,-0.0018527838807974126,0.002404796082073668,24.74736842105263,-0.17890910564140539,-0.9167014053759172,-1.8091136939113779,-0.3219781503500836,-2.8470919668902903,0.2980769230769231,82109.08943585947
3,-80,-40,7,-80,50,99,0.6666666666666666,0.8892295205845198,-0.0006270459276355593,0.0025626360664072756,16.95959595959596,-0.06916267353949157,-0.5949037804865633,-0.5394061806992547,-0.2087571520250262,-2.8497408338625214,0.2692307692307692,93083.73264605085
7,-80,-40,7,-50,50,98,0.6632653061224489,0.72798809738601,-0.0019320970869616974,0.002714641264298545,24.367346938775512,-0.1908863014154838,-0.93078871636565,-1.9381502386424738,-0.32621595035339035,-2.8532900226286446,0.3217948717948718,80911.36985845162
10,-85,-40,7,-50,0,75,0.6266666666666667,0.8940101887592671,-0.0006738228614546804,0.0030701128087962104,21.746666666666666,-0.059494354298396335,-0.5385353574415743,-0.38820847192619745,-0.1872356529505005,-2.876243647805405,0.23974358974358975,94050.56457016036
10,-85,-30,7,-50,0,75,0.6266666666666667,0.8940101887592671,-0.0006738228614546804,0.0030701128087962104,21.746666666666666,-0.059494354298396335,-0.5385353574415743,-0.38820847192619745,-0.1872356529505005,-2.876243647805405,0.23974358974358975,94050.56457016036
10,-85,-40,5,-80,50,72,0.5972222222222222,0.8847555513503995,-0.0006754170616967965,0.0025900472571271926,22.319444444444443,-0.05588272288268592,-0.515688182213464,-0.36452677728926297,-0.17928145643799154,-2.8764167385700943,0.22435897435897437,94411.72771173141
10,-85,-30,5,-80,50,72,0.5972222222222222,0.8847555513503995,-0.0006754170616967965,0.0025900472571271926,22.319444444444443,-0.05588272288268592,-0.515688182213464,-0.36452677728926297,-0.17928145643799154,-2.8764167385700943,0.22435897435897437,94411.72771173141
3,-80,-30,5,-80,50,103,0.5922330097087378,0.5966506392169058,-0.0029064338591076842,0.002032959972159576,19.009708737864077,-0.2749400018206978,-0.9826386599971133,-3.4279850304303596,-0.3415627238421699,-2.8768908063023098,0.3153846153846154,72505.99981793022
7,-80,-30,7,-50,50,97,0.6597938144329897,0.7158585699636019,-0.0020543001820280266,0.0026174584478471097,24.63917525773196,-0.19898338698916695,-0.9390316536623248,-2.053209827113115,-0.32621595035339035,-2.878558367992338,0.3230769230769231,80101.66130108331
7,-80,-30,5,-50,50,99,0.6363636363636364,0.7266308640930802,-0.00188297380966838,0.002409975201704384,24.03030303030303,-0.1880054176440903,-0.9276166869064586,-1.9027227355462413,-0.3219781503500836,-2.880992657103814,0.316025641025641,81199.45823559097
7,-80,-40,5,-50,50,99,0.6363636363636364,0.7238230612430386,-0.0019023140296672493,0.002409975201704384,24.02020202020202,-0.18955019083934854,-0.9293338417535478,-1.9250306533705477,-0.3219781503500836,-2.886325798017948,0.3153846153846154,81044.98091606515
7,-85,-50,10,-50,50,77,0.5974025974025974,0.8974434576633973,-0.0006359454281941323,0.0022940871753127645,24.2987012987013,-0.05816027490059428,-0.5302141485338285,-0.3894353578175374,-0.18327574405293667,-2.8929859282452757,0.258974358974359,94183.97250994058
7,-80,-30,5,-80,0,98,0.6326530612244898,0.7416935113899533,-0.0016430477601810933,0.0024057372069744565,23.836734693877553,-0.16559818120678826,-0.897978290430554,-1.6369602413412896,-0.3102198685028458,-2.894651122006766,0.28846153846153844,83440.18187932117
5,-80,-30,7,-80,0,94,0.6595744680851063,0.8836429405461613,-0.0006829156001571134,0.0025900472571271926,20.56382978723404,-0.0724543674824919,-0.6125991322603752,-0.5544923707914842,-0.2115949501187776,-2.8951500587159393,0.2987179487179487,92754.5632517508
5,-80,-30,5,-50,50,106,0.6132075471698113,0.6171060767735195,-0.002786899692304441,0.0023276391641345873,20.91509433962264,-0.27206587554435235,-0.9817507253069094,-3.248774504955714,-0.33902527036255836,-2.895803974308498,0.3467948717948718,72793.41244556477
5,-80,-40,5,-50,50,106,0.6132075471698113,0.6107524348463127,-0.0028332844894992794,0.0023276391641345873,20.88679245283019,-0.2756139293243468,-0.9828410224740494,-3.30712011104528,-0.33902527036255836,-2.8990199504095533,0.34487179487179487,72438.60706756532
5,-90,-50,3,-80,0,83,0.6506024096385542,0.8288070512414624,-0.000886791337708721,0.002404796082073668,13.855421686746988,-0.07988078042228841,-0.6499392051853238,-0.8139913024655248,-0.22405603451701972,-2.900788664703218,0.1987179487179487,92011.92195777116
3,-90,-30,3,-50,50,96,0.5833333333333334,0.49006124468711454,-0.0038254738220803754,0.0017661979122586269,15.135416666666666,-0.32289353086534656,-0.9926732885640074,-4.460770750670357,-0.3421773335879972,-2.901049225426626,0.25833333333333336,67710.64691346535
7,-80,-40,5,-80,0,98,0.6326530612244898,0.7386219750574007,-0.0016625853293636248,0.0024057372069744565,23.8265306122449,-0.16718558288625296,-0.9003985592136272,-1.6597021194503248,-0.3102198685028458,-2.9024529072204395,0.2878205128205128,83281.4417113747
7,-80,-50,7,-50,0,100,0.66,0.7679302852415867,-0.001605090101525094,0.0025900472571271926,23.75,-0.16775566652673501,-0.9012547691847917,-1.6294921098628776,-0.30873427248026897,-2.9191924885579086,0.31346153846153846,83224.4333473265
7,-80,-30,3,-80,50,102,0.6666666666666666,0.8464524964388899,-0.000850425398959113,0.0024083267667898145,20.480392156862745,-0.0966404658610267,-0.72235667897277,-0.8609622317476635,-0.2462463009636382,-2.933472203017727,0.26474358974358975,90335.95341389732
3,-80,-40,3,-50,50,148,0.6283783783783784,0.6654221139872896,-0.00209719213673561,0.0020298100928893836,13.675675675675675,-0.2840767808551917,-0.9852040021734244,-3.4400321689997955,-0.3356194299272054,-2.935479636524952,0.3557692307692308,71592.32191448082
5,-80,-30,5,-80,50,101,0.6138613861386139,0.6064800120572577,-0.0028023607891543506,0.002409975201704384,21.663366336633665,-0.2620881003269703,-0.9783334345118,-3.178047428033968,-0.33321754328551545,-2.9360201892897364,0.3282051282051282,73791.18996730297
5,-80,-40,5,-80,50,101,0.6138613861386139,0.5996650199415844,-0.0028510437068644673,0.002409975201704384,21.633663366336634,-0.26568478719323874,-0.9796278966408831,-3.2376712621229577,-0.33321754328551545,-2.9399049251182277,0.3262820512820513,73431.52128067613
5,-85,-40,5,-50,0,97,0.5876288659793815,0.5146731416130312,-0.0035245897714327686,0.0016585978124439293,22.164948453608247,-0.3007693081966001,-0.9890108958315772,-3.8249407686021777,-0.3362759795343436,-2.9410691099646926,0.3032051282051282,69923.06918034
5,-85,-30,5,-50,0,97,0.5876288659793815,0.5147009398669858,-0.0035241975450459742,0.0016585978124439293,22.175257731958762,-0.3007425659052543,-0.9890055957096869,-3.824474836070432,-0.3362505952064869,-2.9412753755940626,0.3038461538461538,69925.74340947457
7,-80,-50,5,-80,50,96,0.625,0.7770512345567389,-0.0014862641045255212,0.002407385641889026,24.447916666666668,-0.15121668336057437,-0.8734492727634886,-1.4336248669680223,-0.29690609390584355,-2.9418367985417015,0.2955128205128205,84878.33166394256
5,-90,-30,7,-50,50,75,0.6,0.8554720258308494,-0.0008170030813191091,0.001958224543080922,19.466666666666665,-0.0687829313486692,-0.592815201666647,-0.5659606051244735,-0.20115782477666833,-2.947015371262882,0.26282051282051283,93121.70686513308
5,-90,-30,5,-50,50,81,0.5802469135802469,0.6144794279524153,-0.002731016796634882,0.0018856984737227744,20.790123456790123,-0.21188565960370853,-0.9503192068738963,-2.492287655259924,-0.3215533442872799,-2.955401409306659,0.2717948717948718,78811.43403962915
7,-80,-50,7,-50,50,100,0.66,0.7756647749717607,-0.0015361235444601184,0.0025900472571271926,23.82,-0.16159920184307397,-0.8916391169636197,-1.5413986610300556,-0.30130060030576145,-2.959300831325194,0.31794871794871793,83840.0798156926
7,-80,-50,5,-80,0,99,0.6363636363636364,0.7951315190687961,-0.0012767592482871187,0.002406678331875245,23.555555555555557,-0.13638956932970703,-0.8425688778461731,-1.2428341876748084,-0.284713011459903,-2.959362038024857,0.2858974358974359,86361.0430670293
7,-80,-40,3,-80,50,102,0.6666666666666666,0.8430632513901986,-0.0008691967889580157,0.0024083267667898145,20.470588235294116,-0.09835905564517411,-0.7289432326146033,-0.8858648073978025,-0.2462463009636382,-2.9602200307660347,0.2641025641025641,90164.09443548259
10,-85,-40,10,-100,50,63,0.6349206349206349,0.8837005145348172,-0.000699745129549531,0.0030701128087962104,25.333333333333332,-0.05057664282888552,-0.48022819553066687,-0.3161409348570801,-0.16219989953381608,-2.960718205812125,0.2173076923076923,94942.33571711145
10,-85,-30,10,-100,50,63,0.6349206349206349,0.8837005145348172,-0.000699745129549531,0.0030701128087962104,25.333333333333332,-0.05057664282888552,-0.48022819553066687,-0.3161409348570801,-0.16219989953381608,-2.960718205812125,0.2173076923076923,94942.33571711145
5,-90,-40,5,-50,50,81,0.5802469135802469,0.6092731788737731,-0.002768082141188384,0.0018856984737227744,20.765432098765434,-0.21423216194362338,-0.95215227498416,-2.529875701993509,-0.3215533442872799,-2.961102074974829,0.2705128205128205,78576.78380563766
7,-90,-40,5,-50,0,75,0.6266666666666667,0.8000733089435329,-0.0010651371972223642,0.0021230538672882826,18.906666666666666,-0.08441994606484704,-0.6710998325520743,-0.7915652847030739,-0.22609271762593997,-2.9682505460542,0.2358974358974359,91558.0053935153
7,-90,-30,5,-50,0,75,0.6266666666666667,0.8000733089435329,-0.0010651371972223642,0.0021230538672882826,18.906666666666666,-0.08441994606484704,-0.6710998325520743,-0.7915652847030739,-0.22609271762593997,-2.9682505460542,0.2358974358974359,91558.0053935153
3,-85,-30,5,-80,0,100,0.6,0.585049852148131,-0.0028804832098641387,0.0019219615084018482,19.13,-0.2651606556661277,-0.9794438013657598,-3.3063634866758074,-0.3297485284836911,-2.970274972475584,0.2865384615384615,73483.93443338723
3,-80,-30,5,-50,50,113,0.584070796460177,0.5815284706264554,-0.0030081428233075798,0.001958224543080922,17.75221238938053,-0.3045451371035579,-0.989736063678964,-3.7992234504245723,-0.3318181397779111,-2.9827665972131707,0.34615384615384615,69545.4862896442
3,-85,-30,3,-80,50,116,0.5775862068965517,0.5884543798424862,-0.002661294251190921,0.0017467300988824874,14.887931034482758,-0.2774696559185579,-0.9833870787989023,-3.7889162802163945,-0.3290150350608304,-2.988881886862974,0.3019230769230769,72253.03440814422
10,-85,-40,5,-50,0,78,0.6025641025641025,0.8946182723927677,-0.0005893077918691277,0.0025900472571271926,20.76923076923077,-0.053019813681972394,-0.4968424100904528,-0.309340805537686,-0.16579036115184398,-2.996811193597709,0.2326923076923077,94698.01863180276
10,-85,-30,5,-50,0,78,0.6025641025641025,0.8946182723927677,-0.0005893077918691277,0.0025900472571271926,20.76923076923077,-0.053019813681972394,-0.4968424100904528,-0.309340805537686,-0.16579036115184398,-2.996811193597709,0.2326923076923077,94698.01863180276
5,-85,-40,5,-50,50,94,0.5957446808510638,0.5440115352532446,-0.0035162067965309562,0.001995592257620249,23.095744680851062,-0.29365837946690254,-0.9875156432844937,-3.667975929547406,-0.3290508999888845,-3.001103000532296,0.31666666666666665,70634.16205330974
5,-80,-30,5,-50,0,110,0.6090909090909091,0.5962009830267798,-0.0027717746520897406,0.0021867680567418946,19.954545454545453,-0.27806219791608633,-0.9835580378024666,-3.379123151266821,-0.3275626203476776,-3.002656520327351,0.3326923076923077,72193.78020839137
5,-80,-40,5,-50,0,110,0.6090909090909091,0.593635293036968,-0.002789526722447987,0.0021867680567418946,19.936363636363637,-0.2794632003937916,-0.9839558299389798,-3.4024622698994027,-0.3275626203476776,-3.0038709206032155,0.3314102564102564,72053.67996062084
7,-80,-30,5,-50,0,102,0.6372549019607843,0.7060202336708936,-0.0019119623929502673,0.002407385641889026,23.186274509803923,-0.19391958434777612,-0.9339898379009324,-2.0105778384306605,-0.3102198685028458,-3.0107350712527445,0.30705128205128207,80608.04156522239
5,-80,-30,5,-80,0,105,0.6190476190476191,0.6309366981020653,-0.002443777941522179,0.002404796082073668,20.61904761904762,-0.24163960707010335,-0.9694182563694513,-2.86889741120213,-0.3216541754369854,-3.013852548478321,0.31346153846153846,75836.03929298966
7,-80,-40,5,-50,0,102,0.6372549019607843,0.7031339798063316,-0.00193073378294917,0.002407385641889026,23.176470588235293,-0.19545310617954748,-0.93555580200179,-2.033051591562332,-0.3102198685028458,-3.0157829881009306,0.30641025641025643,80454.68938204525
5,-80,-40,5,-80,0,105,0.6190476190476191,0.628148267665234,-0.002462377121764808,0.002404796082073668,20.6,-0.2431112917310546,-0.9701581423387131,-2.892702959676288,-0.3216541754369854,-3.0161528014386834,0.3121794871794872,75688.87082689453
5,-85,-30,5,-50,50,94,0.5957446808510638,0.5481295087213347,-0.0034842694909696286,0.001995592257620249,23.117021276595743,-0.2915490639858057,-0.9870373618998557,-3.6318524932752396,-0.32704727556333646,-3.0180265534996167,0.31794871794871793,70845.09360141943
7,-80,-50,5,-50,50,100,0.64,0.766763148946592,-0.0015755821811489724,0.002407385641889026,23.73,-0.16439292118372717,-0.8961046275205287,-1.5856669003393966,-0.29690609390584355,-3.0181415804981966,0.3121794871794872,83560.70788162728
7,-85,-30,10,-100,50,65,0.6461538461538462,0.8819429736617322,-0.000709309039944989,0.0030701128087962104,24.6,-0.052717810132410614,-0.4948155291248213,-0.34762912873142215,-0.16388051039767948,-3.0193677571791833,0.21923076923076923,94728.21898675893
7,-90,-40,3,-80,50,75,0.64,0.7552898268459576,-0.001411150831787989,0.002404796082073668,18.266666666666666,-0.108888148349783,-0.7662555456451297,-1.2172404490846422,-0.25337965788976,-3.024139948829321,0.20512820512820512,89111.1851650217
7,-90,-30,3,-80,50,75,0.64,0.7552898268459576,-0.001411150831787989,0.002404796082073668,18.266666666666666,-0.108888148349783,-0.7662555456451297,-1.2172404490846422,-0.25337965788976,-3.024139948829321,0.20512820512820512,89111.1851650217
5,-90,-30,5,-50,0,84,0.5952380952380952,0.6247934376320731,-0.002450724460434982,0.0019219615084018482,19.678571428571427,-0.19889572129750566,-0.9389474720048655,-2.3118626733011904,-0.30978769543642726,-3.030938561591613,0.2519230769230769,80110.42787024943
5,-90,-40,5,-50,0,84,0.5952380952380952,0.6247499033363556,-0.0024511796050253145,0.0019219615084018482,19.666666666666668,-0.19892635860355978,-0.9389769038714341,-2.31234757329625,-0.30978769543642726,-3.0310335681622487,0.2512820512820513,80107.36413964402
5,-90,-50,3,-80,50,82,0.6341463414634146,0.8267749478507644,-0.0009257819461380332,0.002241111595507106,14.231707317073171,-0.08200840557248334,-0.6600090659326536,-0.83846807232507,-0.21709951725386623,-3.0401222180557372,0.20961538461538462,91799.15944275167
7,-85,-40,5,-100,0,82,0.6463414634146342,0.8168764834742046,-0.0009994976459865783,0.0025900472571271926,22.585365853658537,-0.08521214702024138,-0.6746698666878402,-0.7780801137954558,-0.22171310241982745,-3.0429860000349063,0.2467948717948718,91478.78529797586
7,-85,-30,5,-100,0,82,0.6463414634146342,0.8168764834742046,-0.0009994976459865783,0.0025900472571271926,22.585365853658537,-0.08521214702024138,-0.6746698666878402,-0.7780801137954558,-0.22171310241982745,-3.0429860000349063,0.2467948717948718,91478.78529797586
3,-80,-30,5,-80,0,107,0.5887850467289719,0.6232731675959852,-0.0025176610681355393,0.0018737980120733244,18.186915887850468,-0.2518909331669079,-0.9742403865495651,-3.062316518169089,-0.3195237796127144,-3.049038753016799,0.3076923076923077,74810.90668330921
7,-85,-40,7,-100,0,77,0.6103896103896104,0.7631162349240429,-0.0014215051427019546,0.002032959972159576,24.181818181818183,-0.11130425771047259,-0.7741215126500091,-1.1755428641919738,-0.25323821782572986,-3.0568905408374567,0.2532051282051282,88869.57422895274
7,-85,-30,7,-100,0,77,0.6103896103896104,0.7631162349240429,-0.0014215051427019546,0.002032959972159576,24.181818181818183,-0.11130425771047259,-0.7741215126500091,-1.1755428641919738,-0.25323821782572986,-3.0568905408374567,0.2532051282051282,88869.57422895274
5,-90,-40,3,-80,0,81,0.6419753086419753,0.7761187417572349,-0.0011836453712447564,0.002077427108940544,14.271604938271604,-0.09971629714536578,-0.7340429024348063,-1.1191760941019295,-0.24005769816157674,-3.057776976353163,0.20256410256410257,90028.37028546342
5,-90,-30,3,-80,0,81,0.6419753086419753,0.7761187417572349,-0.0011836453712447564,0.002077427108940544,14.271604938271604,-0.09971629714536578,-0.7340429024348063,-1.1191760941019295,-0.24005769816157674,-3.057776976353163,0.20256410256410257,90028.37028546342
3,-85,-40,7,-80,0,91,0.6593406593406593,0.8546278366486659,-0.0008233922221122404,0.002409975201704384,18.054945054945055,-0.08536335257701688,-0.6753472025720599,-0.7974143585628023,-0.22064626611029936,-3.060768779266172,0.2455128205128205,91463.66474229831
5,-80,-30,5,-100,50,98,0.6530612244897959,0.8152638853029299,-0.0010399936877642875,0.003072883192590581,19.857142857142858,-0.10919856638852987,-0.767280081586582,-1.0863996026559488,-0.2505257036868058,-3.0626800775133063,0.3076923076923077,89080.14336114701
5,-80,-40,7,-50,0,102,0.6470588235294118,0.6925683388856407,-0.002088473439323382,0.00248630563405583,21.362745098039216,-0.20904988978203431,-0.948017713828272,-2.32542970410423,-0.30949432737183913,-3.063118222161419,0.32243589743589746,79095.01102179657
3,-85,-30,7,-50,0,93,0.6021505376344086,0.608032770651782,-0.002846946584500243,0.001946048713993509,20.483870967741936,-0.24881568683916688,-0.9728729981388774,-3.037265119261625,-0.3173795343955733,-3.0653299683977564,0.2814102564102564,75118.43131608331
7,-85,-40,7,-100,50,77,0.6103896103896104,0.7746595724806608,-0.0013320853534624895,0.002032959972159576,24.272727272727273,-0.10473019798801997,-0.7521258277883596,-1.072857451729988,-0.24520775709241294,-3.0673003036559785,0.25769230769230766,89526.980201198
5,-80,-30,7,-50,0,101,0.6534653465346535,0.6904250211061114,-0.0021389490329272462,0.0025626360664072756,21.603960396039604,-0.21145485054522273,-0.9499757189292142,-2.3616634517259194,-0.30949432737183913,-3.0694446873912313,0.3243589743589744,78854.51494547773
5,-85,-30,5,-80,50,92,0.5978260869565217,0.5458599182308865,-0.003340937180643014,0.001995592257620249,23.402173913043477,-0.276311122036883,-0.9830480836263747,-3.4723939441630236,-0.31950947386091777,-3.0767415806089518,0.30512820512820515,72368.8877963117
3,-90,-40,7,-50,0,77,0.6623376623376623,0.8652322548075788,-0.0007315193739768777,0.002404796082073668,15.220779220779221,-0.06480364119267279,-0.5703248823576574,-0.5442925730042774,-0.18532879360567833,-3.077367910628773,0.2128205128205128,93519.63588073272
5,-85,-40,5,-80,50,92,0.5978260869565217,0.5414498700048997,-0.0033735707992172933,0.001995592257620249,23.380434782608695,-0.27846580639988605,-0.9836735570811457,-3.509300861617599,-0.31950947386091777,-3.078699185956965,0.3038461538461538,72153.4193600114
7,-80,-50,3,-50,0,114,0.6491228070175439,0.8991544040144875,-0.0005145471335230179,0.0023077525927152065,16.50877192982456,-0.06577964082330179,-0.575944505347401,-0.41988591656490415,-0.18706579535499734,-3.078833862996831,0.26474358974358975,93422.03591766983
3,-85,-30,7,-50,50,92,0.5978260869565217,0.590720471175431,-0.003043112834919776,0.0019099233630334167,20.782608695652176,-0.2602125429045691,-0.9776287705898375,-3.2228591791190286,-0.3173795343955733,-3.080314464672909,0.2858974358974359,73978.74570954309
5,-90,-50,5,-50,0,87,0.5977011494252874,0.6818315507283355,-0.002013268487517764,0.002032959972159576,16.448275862068964,-0.17443058810439716,-0.9107881649120636,-1.9555913568041765,-0.29525429584248153,-3.0847583853546032,0.24423076923076922,82556.94118956028
5,-80,-40,5,-100,50,98,0.6530612244897959,0.8117371364931167,-0.00105992138088139,0.003072883192590581,19.836734693877553,-0.11092726796369434,-0.7729104408127291,-1.1123764436224135,-0.2505257036868058,-3.0851542553852336,0.30641025641025643,88907.27320363057
3,-80,-30,3,-50,0,150,0.6266666666666667,0.6804522114651769,-0.001930015073488253,0.0019502291128462579,13.426666666666666,-0.26802034256097196,-0.9804299284219525,-3.2176457703734247,-0.3175184192431175,-3.087789145458226,0.34935897435897434,73197.96574390281
5,-80,-50,5,-80,0,109,0.6146788990825688,0.6894505742014778,-0.0019908003859597984,0.002409975201704384,17.81651376146789,-0.21157741709401845,-0.9500736642108697,-2.4161141501071324,-0.30737064141987924,-3.0909707570705662,0.30512820512820515,78842.25829059815
5,-80,-40,7,-50,50,101,0.6435643564356436,0.6746539603928937,-0.0022596498937136806,0.002409975201704384,21.643564356435643,-0.22105006657371606,-0.9571309923903134,-2.507655408818217,-0.30949432737183913,-3.092563926835328,0.3269230769230769,77894.9933426284
7,-85,-50,3,-100,50,56,0.6428571428571429,0.9017542195092342,-0.0007128334059620794,0.002483716074240472,22.821428571428573,-0.05135451688609527,-0.48557195602982517,-0.39199542863972364,-0.15694514628830714,-3.093895972659345,0.14807692307692308,94864.54831139048
5,-80,-30,7,-50,50,100,0.65,0.6726615134815531,-0.0023123420077974864,0.00248630563405583,21.89,-0.22341853963184866,-0.9587457296739871,-2.543827220724825,-0.30949432737183913,-3.0977812673190317,0.32884615384615384,77658.14603681513
3,-90,-40,3,-50,50,97,0.5979381443298969,0.5207507311825071,-0.0034333114201781445,0.0018856984737227744,14.876288659793815,-0.29904398939018806,-0.9886640875108552,-4.044407554712546,-0.3190070203786982,-3.0991922570769654,0.2519230769230769,70095.6010609812
5,-80,-50,5,-50,0,114,0.6140350877192983,0.6516400168424322,-0.002327712846144308,0.002407385641889026,17.29824561403509,-0.24944383709516527,-0.9731576153530296,-2.938273338614337,-0.3134034970231919,-3.105126855942567,0.3243589743589744,75055.61629048348
3,-80,-30,5,-50,0,117,0.5811965811965812,0.6025920197156595,-0.002678892194068364,0.0018737980120733244,17.034188034188034,-0.28491884515586974,-0.9854219284113077,-3.486626842561323,-0.31732185692369164,-3.1054335114655474,0.33782051282051284,71508.11548441302
3,-85,-40,7,-80,50,91,0.6593406593406593,0.8505659304225605,-0.0008504409856230977,0.002409975201704384,18.087912087912088,-0.08763442519932185,-0.6853656770583549,-0.8318256242056977,-0.22064626611029936,-3.1061739187362725,0.24743589743589745,91236.55748006782
5,-85,-50,5,-50,0,100,0.59,0.5624006859810458,-0.0031115650878618963,0.0019219615084018482,19.29,-0.27938776014999545,-0.9839346376858357,-3.493414036109742,-0.3160367885480957,-3.1133547527999155,0.29615384615384616,72061.22398500046
5,-85,-40,7,-80,0,85,0.6470588235294118,0.8684803339988804,-0.0007613321761256018,0.002404796082073668,22.294117647058822,-0.07175454448319041,-0.6088977386979648,-0.5703784343286481,-0.19538649854713852,-3.1163757128851124,0.2743589743589744,92824.54555168096
7,-85,-30,7,-100,50,77,0.6103896103896104,0.765785462610914,-0.0014005885162049682,0.002032959972159576,24.324675324675326,-0.10950747802396621,-0.7682955397184372,-1.1433906582658708,-0.24520775709241294,-3.1332432090591857,0.2602564102564103,89049.25219760337
3,-80,-30,7,-50,0,104,0.6153846153846154,0.6612744321189179,-0.0022878558152151377,0.0020780069197239293,18.701923076923077,-0.22885670658622537,-0.9622436592911927,-2.673535693807976,-0.3069660953631994,-3.134690357750015,0.30705128205128207,77114.32934137747
3,-80,-40,5,-100,0,104,0.6346153846153846,0.8499587275581343,-0.0007783236882045239,0.002407385641889026,16.096153846153847,-0.08460500664969872,-0.6719370173034623,-0.7685616554113155,-0.21368598157166552,-3.144506777474823,0.266025641025641,91539.49933503012
3,-90,-40,7,-50,50,77,0.6623376623376623,0.8601520364088563,-0.0007635781569613566,0.002404796082073668,15.25974025974026,-0.06712576424880756,-0.5835842450910136,-0.5800585794773505,-0.18532879360567833,-3.148912987221501,0.21474358974358973,93287.42357511925
10,-85,-40,7,-50,50,74,0.6216216216216216,0.8830807695833214,-0.0007508058586438602,0.00284378562832166,22.14864864864865,-0.06380308594905948,-0.5644927663835642,-0.4483915027392761,-0.17923615488144717,-3.1494358197816656,0.24487179487179486,93619.69140509405
10,-85,-30,7,-50,50,74,0.6216216216216216,0.8830807695833214,-0.0007508058586438602,0.00284378562832166,22.14864864864865,-0.06380308594905948,-0.5644927663835642,-0.4483915027392761,-0.17923615488144717,-3.1494358197816656,0.24487179487179486,93619.69140509405
5,-80,-40,7,-80,50,94,0.648936170212766,0.8629797987226983,-0.0008090071587205189,0.00248630563405583,20.595744680851062,-0.08343084736437112,-0.6665918590013435,-0.7129535749878665,-0.2115949501187776,-3.1503202634427527,0.3006410256410256,91656.91526356289
3,-80,-30,7,-50,50,102,0.6176470588235294,0.6444194944344724,-0.0024769551357288876,0.0020780069197239293,19.127450980392158,-0.24019404734265726,-0.9686750964818412,-2.8516625517457954,-0.3069660953631994,-3.1556419784266856,0.3108974358974359,75980.59526573427
5,-90,-40,3,-80,50,79,0.6329113924050633,0.7291131286701138,-0.0015646637614948678,0.002032959972159576,17.569620253164558,-0.1254001761903205,-0.815359080198856,-1.513253536579442,-0.25807795201351047,-3.159351947105391,0.21666666666666667,87459.98238096795
5,-90,-30,3,-80,50,79,0.6329113924050633,0.7291131286701138,-0.0015646637614948678,0.002032959972159576,17.569620253164558,-0.1254001761903205,-0.815359080198856,-1.513253536579442,-0.25807795201351047,-3.159351947105391,0.21666666666666667,87459.98238096795
5,-85,-50,5,-100,0,93,0.6344086021505376,0.8591363967686356,-0.0007426952402850474,0.0025626360664072756,17.913978494623656,-0.0748887937944337,-0.6252251474042541,-0.632008252559947,-0.19749963436602436,-3.165702809583585,0.2621794871794872,92511.12062055663
5,-90,-50,5,-50,50,85,0.5882352941176471,0.7042955760479246,-0.0019459197198155424,0.002032959972159576,17.04705882352941,-0.1665240407518792,-0.8993964219568973,-1.8230362674055076,-0.28408083340224255,-3.165987691550462,0.25576923076923075,83347.59592481208
7,-80,-50,5,-50,0,103,0.6407766990291263,0.7518861403629634,-0.0015826141819441308,0.002404796082073668,22.9126213592233,-0.1678695886314724,-0.9014250545396731,-1.6546008299072212,-0.284713011459903,-3.1660831021297513,0.3038461538461538,83213.04113685276
3,-90,-30,5,-50,50,86,0.6046511627906976,0.5895617014492139,-0.002970415237010406,0.0022639249746809753,17.011627906976745,-0.23882545676052158,-0.9679562186186393,-2.955556714076949,-0.30545847324613207,-3.168863539230357,0.26474358974358975,76117.45432394784
5,-85,-30,5,-80,0,95,0.6,0.561696902415868,-0.003007868811395646,0.0018856984737227744,22.42105263157895,-0.25981098241888845,-0.977475184605183,-3.219763998039964,-0.3077083801279501,-3.1766284174604964,0.2903846153846154,74018.90175811115
5,-85,-40,5,-80,0,95,0.6,0.561663964411982,-0.003008271255033414,0.0018856984737227744,22.410526315789475,-0.2598392900912757,-0.9774860432441772,-3.220239103583116,-0.3077083801279501,-3.176663706193906,0.28974358974358977,74016.07099087242
7,-90,-40,5,-50,50,73,0.6164383561643836,0.7533697256764412,-0.0014276737789692422,0.002032959972159576,19.616438356164384,-0.10723190231208646,-0.7607185591915426,-1.1281426404254717,-0.2392850662226348,-3.179130947034352,0.24487179487179486,89276.80976879135
7,-90,-30,5,-50,50,73,0.6164383561643836,0.7533697256764412,-0.0014276737789692422,0.002032959972159576,19.616438356164384,-0.10723190231208646,-0.7607185591915426,-1.1281426404254717,-0.2392850662226348,-3.179130947034352,0.24487179487179486,89276.80976879135
5,-80,-50,5,-50,50,112,0.6160714285714286,0.6816860605689191,-0.0021614436526871026,0.00248630563405583,17.669642857142858,-0.2319064196321603,-0.9640836652628327,-2.6507584959078514,-0.30251778293887266,-3.186866093943434,0.32884615384615384,76809.35803678397
3,-80,-50,3,-50,50,154,0.6168831168831169,0.6492091007808225,-0.0020085568192136946,0.002138571229907349,12.915584415584416,-0.2811800410708094,-0.9844312124147327,-3.493390843751608,-0.30875802178068856,-3.1883583355575977,0.3333333333333333,71881.99589291906
3,-85,-40,3,-80,50,118,0.5932203389830508,0.6215723230772352,-0.002324679631775521,0.001854330198697185,14.567796610169491,-0.251710053623045,-0.9741617503618023,-3.3532449767233,-0.30538110970345467,-3.1899869356941495,0.29423076923076924,74828.9946376955
10,-85,-50,3,-50,50,84,0.6428571428571429,0.8840141364097303,-0.0006878896852269146,0.0025167701370532036,18.892857142857142,-0.06646139940789242,-0.5798297142795241,-0.5294436353100122,-0.18172200988224285,-3.190751162477555,0.21153846153846154,93353.86005921075
5,-80,-50,5,-80,50,107,0.616822429906542,0.6984076820448087,-0.001987331009607719,0.0025626360664072756,18.233644859813083,-0.2082403264591336,-0.9473428940689929,-2.356231260905237,-0.29638927881284705,-3.196279223943137,0.3108974358974359,79175.96735408664
3,-80,-30,5,-100,0,101,0.6237623762376238,0.821076077779438,-0.0009670907819238325,0.002409975201704384,16.782178217821784,-0.10525605487867884,-0.7539552498922973,-1.058600674020398,-0.23513369121076932,-3.206496040656574,0.2814102564102564,89474.39451213212
3,-90,-30,3,-50,0,99,0.5858585858585859,0.5209753645540588,-0.003231148593166388,0.0018856984737227744,14.474747474747474,-0.2887334741538009,-0.9863726323329779,-3.910479350662123,-0.30688206939856255,-3.2141748596328976,0.2455128205128205,71126.65258461991
5,-80,-30,7,-80,50,93,0.6559139784946236,0.8582915174842145,-0.0008537033856867252,0.0025626360664072756,20.86021505376344,-0.08652695111168551,-0.6805163456592705,-0.7579107947520985,-0.2115949501187776,-3.2161275364901982,0.3032051282051282,91347.30488883145
3,-80,-40,3,-50,0,152,0.631578947368421,0.6981872471324654,-0.0017675416773009036,0.0020298100928893836,13.217105263157896,-0.25233446245631475,-0.9744322763540004,-2.9769047243177096,-0.30289325290059355,-3.217081486703829,0.34615384615384615,74766.55375436852
3,-80,-50,3,-50,0,156,0.6217948717948718,0.6560678526287937,-0.001951893524683862,0.0019502291128462579,12.705128205128204,-0.2777741469230057,-0.9834751332730042,-3.4433015491804593,-0.3043327435829841,-3.231578441722405,0.32884615384615384,72222.58530769942
3,-80,-30,3,-100,50,78,0.5641025641025641,0.5120282433517926,-0.003966828965725587,0.0010539775769233817,14.871794871794872,-0.277004037414324,-0.9832515928610647,-4.065353418584499,-0.302912218035595,-3.2459951574007606,0.2076923076923077,72299.5962585676
7,-85,-40,5,-100,50,80,0.6375,0.7742140643685471,-0.0013280640229331384,0.00248630563405583,23.325,-0.10800436533909785,-0.7633158303281613,-1.1099865016753911,-0.23498010777687883,-3.248427441581371,0.25576923076923075,89199.56346609021
7,-85,-30,5,-100,50,80,0.6375,0.7742140643685471,-0.0013280640229331384,0.00248630563405583,23.325,-0.10800436533909785,-0.7633158303281613,-1.1099865016753911,-0.23498010777687883,-3.248427441581371,0.25576923076923075,89199.56346609021
5,-85,-50,5,-50,50,98,0.5918367346938775,0.5936973335634413,-0.0029465762849485975,0.001995592257620249,19.76530612244898,-0.2632047486009256,-0.9787432045968906,-3.2109690198178025,-0.3006768155446269,-3.2551335985917547,0.30128205128205127,73679.52513990745
3,-90,-30,7,-50,0,75,0.64,0.8359657228374083,-0.0009490660320511439,0.0022410895142870313,15.906666666666666,-0.0790389928103834,-0.645879837964193,-0.7484026829318592,-0.19841014585831418,-3.2552762620587936,0.22628205128205128,92096.10071896166
3,-80,-30,5,-100,50,97,0.6185567010309279,0.7581749078406858,-0.001432785052144298,0.0025626360664072756,17.587628865979383,-0.14255511218326977,-0.856167019672156,-1.6252446031006071,-0.2599058219882441,-3.294143290529605,0.28846153846153844,85744.48878167302
7,-90,-40,7,-50,0,71,0.6197183098591549,0.7358830275705396,-0.0015997890558384928,0.0021230538672882826,20.211267605633804,-0.11595279086362509,-0.7885741072729463,-1.263114149876225,-0.2392850662226348,-3.2955425080278262,0.2467948717948718,88404.72091363749
7,-90,-30,7,-50,0,71,0.6197183098591549,0.7358830275705396,-0.0015997890558384928,0.0021230538672882826,20.211267605633804,-0.11595279086362509,-0.7885741072729463,-1.263114149876225,-0.2392850662226348,-3.2955425080278262,0.2467948717948718,88404.72091363749
5,-85,-50,5,-80,0,98,0.5918367346938775,0.6109156123616549,-0.00260221414222793,0.0019219615084018482,19.46938775510204,-0.23720615632492725,-0.9670860456990615,-2.8777911581281064,-0.29313119759930417,-3.2991576932763746,0.2826923076923077,76279.38436750727
5,-85,-30,7,-80,0,84,0.6428571428571429,0.8545935452450046,-0.00086176036786177,0.002407385641889026,22.607142857142858,-0.07887318241186647,-0.6450751563539245,-0.6750511450275354,-0.19538649854713852,-3.3015339399118977,0.27692307692307694,92112.68175881336
7,-90,-50,3,-50,50,78,0.6538461538461539,0.8303657631726953,-0.0009328032176836865,0.002407385641889026,17.67948717948718,-0.07963982801128267,-0.648781654878497,-0.7646247845847836,-0.19617351667150196,-3.307182671170136,0.2108974358974359,92036.01719887173
3,-80,-40,5,-100,50,101,0.6336633663366337,0.79606371898022,-0.00114748261055524,0.002409975201704384,16.623762376237625,-0.11720162844260384,-0.7923090170582904,-1.2571316075939818,-0.23915275069567477,-3.312983081957166,0.2692307692307692,88279.83715573962
3,-85,-30,7,-80,0,87,0.6436781609195402,0.798344488919476,-0.0012252449818820038,0.0022410895142870313,19.022988505747126,-0.11120063938813374,-0.7737892348879429,-1.175123998456932,-0.2331605180470293,-3.318697528077489,0.2551282051282051,88879.93606118663
7,-90,-40,7,-50,50,71,0.6197183098591549,0.7478439096451509,-0.0015029125070902965,0.0021230538672882826,20.309859154929576,-0.1094131183145518,-0.7679857928983655,-1.1596329585355662,-0.23110455732304924,-3.3231096859108558,0.2512820512820513,89058.68816854482
7,-90,-40,3,-50,0,81,0.6296296296296297,0.788661052991154,-0.001149840757072823,0.0022410895142870313,14.296296296296296,-0.09743308687729091,-0.7254125201202704,-1.0200298668913885,-0.2181024016379275,-3.3260180294783277,0.20384615384615384,90256.69131227091
7,-90,-30,3,-50,0,81,0.6296296296296297,0.788661052991154,-0.001149840757072823,0.0022410895142870313,14.296296296296296,-0.09743308687729091,-0.7254125201202704,-1.0200298668913885,-0.2181024016379275,-3.3260180294783277,0.20384615384615384,90256.69131227091
5,-80,-50,7,-50,0,108,0.6481481481481481,0.7560513189332384,-0.001540325251338895,0.0025900472571271926,18.037037037037038,-0.17106044181576185,-0.906086160571564,-1.7913650020549254,-0.2713557631739558,-3.33910785595037,0.308974358974359,82893.95581842381
5,-80,-50,7,-50,50,108,0.6481481481481481,0.7560513189332384,-0.001540325251338895,0.0025900472571271926,18.037037037037038,-0.17106044181576185,-0.906086160571564,-1.7913650020549254,-0.2713557631739558,-3.33910785595037,0.308974358974359,82893.95581842381
3,-90,-40,3,-50,0,100,0.59,0.5431967755726448,-0.003003963002640365,0.001956179343670983,14.31,-0.2745536965765464,-0.98252167440756,-3.66984058298534,-0.2930641014026094,-3.352582829849155,0.24423076923076922,72544.63034234536
5,-85,-40,7,-50,0,91,0.6263736263736264,0.6449083286148387,-0.002477133507669019,0.0021230538672882826,23.516483516483518,-0.2145117785834597,-0.9523665059797911,-2.4594462314340357,-0.28375408945487157,-3.356309358604878,0.2967948717948718,78548.82214165403
3,-90,-30,5,-50,0,88,0.6022727272727273,0.6074472909378169,-0.0026512832411978325,0.0020780069197239293,16.46590909090909,-0.22071305304094158,-0.9568965581080507,-2.67490288813735,-0.2846934978004094,-3.361146515467325,0.25576923076923075,77928.69469590584
5,-85,-50,5,-100,50,92,0.6304347826086957,0.8636487465398853,-0.0007412361863105022,0.0025900472571271926,18.27173913043478,-0.0742023531523498,-0.6217038739674217,-0.6171000021160304,-0.1847763107036141,-3.3646297601679604,0.2717948717948718,92579.76468476502
5,-85,-30,7,-50,0,90,0.6222222222222222,0.6361369304626722,-0.0025899309458621476,0.002137685874041506,23.822222222222223,-0.2205356230442882,-0.9567726600169598,-2.5532437107385424,-0.28375408945487157,-3.371837430977803,0.29935897435897435,77946.43769557118
3,-80,-30,7,-80,0,95,0.631578947368421,0.8281335002235573,-0.0010261193191491863,0.0022504822461955065,17.8,-0.10380517704333281,-0.748877318835756,-1.0419726118430277,-0.22146231004521688,-3.381511367251857,0.2782051282051282,89619.48229566672
3,-85,-30,5,-100,50,90,0.6222222222222222,0.7087015381305966,-0.001782361708453765,0.002407385641889026,18.655555555555555,-0.15998652430922244,-0.8889816256650815,-1.9219942113894644,-0.26266963341824445,-3.384409587421059,0.27115384615384613,84001.34756907776
5,-85,-40,7,-50,50,90,0.6222222222222222,0.6260109274830445,-0.0026735499739108616,0.0020780069197239293,23.855555555555554,-0.2264290884150295,-0.9607173757059783,-2.6441775312912394,-0.28375408945487157,-3.385739312344858,0.30128205128205127,77357.09115849705
5,-90,-50,3,-50,0,89,0.6292134831460674,0.7989812642544707,-0.0010586391453191691,0.002032959972159576,13.157303370786517,-0.0996541458676492,-0.7338113201640545,-1.0906841634438267,-0.2167352025990309,-3.385750498139593,0.21217948717948718,90034.58541323508
3,-90,-50,3,-50,0,102,0.5784313725490197,0.5302809422044048,-0.002913432989934051,0.0014306218166248996,13.852941176470589,-0.271284672469865,-0.9815022555927776,-3.6604966837951283,-0.289878489340783,-3.385909240195182,0.2326923076923077,72871.5327530135
3,-85,-30,3,-80,0,120,0.6,0.6422960062693274,-0.0020755350137935556,0.001854330198697185,14.25,-0.23171460173520797,-0.9639704133308078,-3.048154380528729,-0.2846441188090685,-3.3865811714782446,0.28846153846153844,76828.5398264792
7,-80,-40,3,-50,0,113,0.6460176991150443,0.8381219060274918,-0.0008424121231755267,0.0022410895142870313,16.68141592920354,-0.09909357708930355,-0.7317141765685384,-0.8780044648142933,-0.21605471431397283,-3.38670775544941,0.26666666666666666,90090.64229106964
7,-80,-30,3,-50,0,113,0.6460176991150443,0.8381219060274918,-0.0008424121231755267,0.0022410895142870313,16.68141592920354,-0.09909357708930355,-0.7317141765685384,-0.8780044648142933,-0.21605471431397283,-3.38670775544941,0.26666666666666666,90090.64229106964
7,-90,-30,7,-50,50,71,0.6197183098591549,0.738637084998034,-0.0015772046695011535,0.0021230538672882826,20.366197183098592,-0.1141654096579996,-0.7831209030191402,-1.2305287662361724,-0.23110455732304924,-3.388600000321307,0.25384615384615383,88583.45903420004
5,-85,-30,7,-50,50,89,0.6179775280898876,0.6175237963037992,-0.002789821725636967,0.0021230538672882826,24.168539325842698,-0.23236154000851794,-0.964351064503828,-2.7378609021063296,-0.28375408945487157,-3.398545079496375,0.3038461538461538,76763.84599914821
3,-90,-50,3,-50,50,101,0.5841584158415841,0.5342322540398843,-0.002900092390966438,0.0016585978124439293,14.029702970297029,-0.26813427538884715,-0.9804682990585483,-3.6009665808402143,-0.2868084774310139,-3.4185471358474073,0.23525641025641025,73186.57246111528
7,-90,-40,3,-50,50,78,0.6410256410256411,0.6999746080995591,-0.0017914683620631172,0.002218878027116622,17.756410256410255,-0.1394777428402647,-0.8495212074601742,-1.6723039344158026,-0.24843490532194556,-3.419492145676083,0.21474358974358973,86052.22571597353
7,-90,-30,3,-50,50,78,0.6410256410256411,0.6999746080995591,-0.0017914683620631172,0.002218878027116622,17.756410256410255,-0.1394777428402647,-0.8495212074601742,-1.6723039344158026,-0.24843490532194556,-3.419492145676083,0.21474358974358973,86052.22571597353
3,-85,-30,5,-100,0,91,0.6373626373626373,0.7666530166524013,-0.0013280589258882832,0.002409975201704384,18.263736263736263,-0.12495174393419661,-0.8141619061955089,-1.3759605155889596,-0.23799001181084944,-3.4209919147472094,0.2602564102564103,87504.82560658034
5,-85,-50,5,-80,50,96,0.59375,0.620378965019032,-0.0026203094207813914,0.001995592257620249,19.979166666666668,-0.23465764947988788,-0.9656723789101892,-2.8268736301303985,-0.28192407428204624,-3.4252923641565225,0.28910256410256413,76534.23505201121
5,-90,-40,3,-50,0,87,0.6206896551724138,0.7505572470639079,-0.001338971011200086,0.001958224543080922,13.528735632183908,-0.11906339726269388,-0.7977643605266989,-1.3875424455768426,-0.23288783782808498,-3.425530366749332,0.21602564102564104,88093.66027373061
5,-90,-30,3,-50,0,87,0.6206896551724138,0.7505572470639079,-0.001338971011200086,0.001958224543080922,13.528735632183908,-0.11906339726269388,-0.7977643605266989,-1.3875424455768426,-0.23288783782808498,-3.425530366749332,0.21602564102564104,88093.66027373061
3,-80,-40,3,-100,50,79,0.569620253164557,0.5421652342078614,-0.0035603537413266928,0.0010810910642777838,14.531645569620252,-0.25604283530145,-0.9759859305257177,-3.7096678251229327,-0.2829994135169218,-3.4487206824807046,0.19743589743589743,74395.716469855
5,-85,-40,7,-80,50,84,0.6428571428571429,0.8403673037648676,-0.0009513521836282494,0.002278556981434199,22.642857142857142,-0.08583774572227632,-0.6774638621984777,-0.777327481881257,-0.19538649854713852,-3.4673013091282465,0.27884615384615385,91416.22542777237
3,-85,-30,7,-80,50,86,0.6395348837209303,0.7732635562922541,-0.001416240254393385,0.0021370247432233036,19.325581395348838,-0.12468537037418426,-0.8134473928494511,-1.3826276499440322,-0.2331605180470293,-3.4887870367717055,0.25961538461538464,87531.46296258157
5,-85,-30,5,-100,0,90,0.6444444444444445,0.7696822186786265,-0.0012457120845011914,0.00248630563405583,20.988888888888887,-0.11319346247648776,-0.7801014771316805,-1.1922219023863785,-0.22301046895273657,-3.4980486826248964,0.2705128205128205,88680.65375235122
5,-85,-40,5,-100,0,90,0.6444444444444445,0.7696217718809939,-0.0012461368861188353,0.00248630563405583,20.977777777777778,-0.1132273773662501,-0.780207484600922,-1.1927447044141875,-0.22301046895273657,-3.4985240301264704,0.26987179487179486,88677.26226337499
5,-80,-30,3,-80,50,112,0.625,0.6638521927094755,-0.002023747643565691,0.002407385641889026,17.205357142857142,-0.21491818111505,-0.9526763010204654,-2.7848641933477327,-0.27165637873938586,-3.506916735919599,0.2955128205128205,78508.181888495
5,-85,-40,3,-50,50,102,0.6176470588235294,0.5624160174902657,-0.002813498748827831,0.0015843991446746752,18.627450980392158,-0.25803351711988887,-0.9767836228204595,-3.5142718559852963,-0.2783779733509024,-3.5088394784353114,0.2775641025641026,74196.64828801111
5,-85,-30,3,-50,50,102,0.6176470588235294,0.5624160174902657,-0.002813498748827831,0.0015843991446746752,18.627450980392158,-0.25803351711988887,-0.9767836228204595,-3.5142718559852963,-0.2783779733509024,-3.5088394784353114,0.2775641025641026,74196.64828801111
5,-80,-40,3,-80,50,112,0.625,0.6610126231718884,-0.002040843016600406,0.002407385641889026,17.196428571428573,-0.21641175431892512,-0.9537989647341298,-2.810456061851922,-0.27165637873938586,-3.5110493968895864,0.2948717948717949,78358.82456810749
5,-80,-40,3,-50,50,115,0.6173913043478261,0.6123990138282166,-0.0024258106909474477,0.001958224543080922,16.921739130434784,-0.25580007841326946,-0.9758869474152547,-3.403212460270665,-0.2775305526602515,-3.5163225744371287,0.3076923076923077,74419.99215867305
3,-85,-40,3,-80,0,121,0.6033057851239669,0.6653706814460445,-0.0018975238649223294,0.0018737980120733244,14.115702479338843,-0.21639809847324698,-0.9537888121791033,-2.7973771091659514,-0.270382816026964,-3.5275496653011644,0.28717948717948716,78360.1901526753
5,-80,-30,3,-50,50,115,0.6173913043478261,0.6150592900450786,-0.0024091612841658124,0.001958224543080922,16.930434782608696,-0.2543815820698968,-0.9753010114290414,-3.378166354096578,-0.27615347609853313,-3.531735414697617,0.30833333333333335,74561.84179301032
3,-85,-30,3,-100,50,67,0.5671641791044776,0.5253510818855762,-0.003988218072697427,0.00118056059593874,16.686567164179106,-0.24507326010886143,-0.9711188952271987,-3.5167866270495822,-0.2740396931042177,-3.543716182961425,0.18076923076923077,75492.67398911386
3,-85,-40,5,-100,0,94,0.6382978723404256,0.7948673289303709,-0.0011062472811349722,0.002218878027116622,17.46808510638298,-0.10975639166736773,-0.7691108020702795,-1.1655989954352088,-0.21662239660676352,-3.5504676068488563,0.24487179487179486,89024.36083326323
3,-85,-40,5,-100,50,93,0.6236559139784946,0.7352187792409643,-0.0015365715026588133,0.002032959972159576,17.78494623655914,-0.14484958525488167,-0.8609450685793804,-1.710244679508081,-0.24199406249974953,-3.5577115392253535,0.25256410256410255,85515.04147451183
3,-90,-30,7,-50,50,74,0.6351351351351351,0.8047775002092823,-0.0011673971576790464,0.002182071690787657,16.216216216216218,-0.09301167548878264,-0.7079624418421018,-0.964235777457792,-0.19841014585831418,-3.568176611027048,0.23076923076923078,90698.83245112174
3,-80,-30,3,-80,50,139,0.6187050359712231,0.7216243754516019,-0.0016173381246308023,0.002032959972159576,12.906474820143885,-0.21572670191476395,-0.9532871161236474,-2.657044781390031,-0.267054669511832,-3.569632831607955,0.34487179487179487,78427.3298085236
3,-80,-30,7,-80,50,93,0.6344086021505376,0.8049723796765536,-0.0012063844557112353,0.0022504822461955065,18.247311827956988,-0.11698102409898248,-0.7916537034306311,-1.24112371353849,-0.22146231004521688,-3.5746656091006903,0.28205128205128205,88301.89759010175
5,-85,-30,5,-100,50,88,0.6363636363636364,0.7291392718638489,-0.0015828089232080025,0.00248630563405583,21.772727272727273,-0.1377497282830339,-0.8456666210503871,-1.5574826234302468,-0.23625535885493987,-3.579460060288512,0.2878205128205128,86225.02717169661
5,-85,-40,5,-100,50,88,0.6363636363636364,0.7290850665636804,-0.0015832433794078656,0.00248630563405583,21.761363636363637,-0.13778270404682813,-0.8457410212360199,-1.5580018934845712,-0.23625535885493987,-3.5797749745659844,0.28717948717948716,86221.72959531719
7,-80,-30,3,-50,50,107,0.6542056074766355,0.7489517389706049,-0.0014384671016340483,0.002032959972159576,19.757009345794394,-0.1563065918523957,-0.8826913379440788,-1.7100438417204886,-0.24646665484934815,-3.58138239220888,0.28076923076923077,84369.34081476044
7,-80,-40,3,-50,50,107,0.6542056074766355,0.7458287524447326,-0.001456361323875993,0.002032959972159576,19.747663551401867,-0.1579116702485367,-0.8854742602647888,-1.7345731203695645,-0.24646665484934815,-3.5926736653525473,0.28012820512820513,84208.83297514633
3,-85,-50,3,-80,0,124,0.5887096774193549,0.6207773370195332,-0.002070952875359024,0.0015968354476355584,13.564516129032258,-0.2365338877553762,-0.9667184355619014,-3.1991474171974925,-0.26829031333598197,-3.603255084171722,0.2705128205128205,76346.61122446238
3,-85,-40,5,-80,50,101,0.6138613861386139,0.6756025659583172,-0.0019334385872169283,0.001958224543080922,16.752475247524753,-0.18903143609725104,-0.9287614273519187,-2.4022460329831072,-0.25745493603175074,-3.607471822709116,0.27692307692307694,81096.8563902749
5,-90,-40,3,-50,50,84,0.6190476190476191,0.648749311335094,-0.002102305788113671,0.0017721481430833519,16.785714285714285,-0.17142547825359533,-0.9066062550864884,-2.2021998865108134,-0.25107810814440046,-3.6108534582596086,0.23076923076923078,82857.45217464046
5,-90,-30,3,-50,50,84,0.6190476190476191,0.648749311335094,-0.002102305788113671,0.0017721481430833519,16.785714285714285,-0.17142547825359533,-0.9066062550864884,-2.2021998865108134,-0.25107810814440046,-3.6108534582596086,0.23076923076923078,82857.45217464046
5,-85,-30,7,-80,50,83,0.6385542168674698,0.827036817699003,-0.001055279751258861,0.002404796082073668,22.96385542168675,-0.09284838074083612,-0.7072988330512138,-0.8818351383242365,-0.19538649854713852,-3.619998507115743,0.2814102564102564,90715.16192591639
5,-80,-40,3,-100,50,71,0.6338028169014085,0.6066281177758021,-0.0029563338749526735,0.0025626360664072756,21.859154929577464,-0.20021889724333597,-0.9402067518153042,-2.706308309422535,-0.2586678980342507,-3.634802613545843,0.18974358974358974,79978.1102756664
5,-80,-30,3,-100,50,71,0.6338028169014085,0.6066281177758021,-0.0029563338749526735,0.0025626360664072756,21.859154929577464,-0.20021889724333597,-0.9402067518153042,-2.706308309422535,-0.2586678980342507,-3.634802613545843,0.18974358974358974,79978.1102756664
3,-85,-40,5,-50,50,109,0.5963302752293578,0.6203004735824528,-0.002321918996162155,0.0018737980120733244,15.926605504587156,-0.23524284188948386,-0.9660018439006638,-3.0610309428250475,-0.2657121113469493,-3.6355205602176053,0.30512820512820515,76475.71581105162
3,-85,-50,3,-80,50,123,0.5853658536585366,0.6240806514539899,-0.002053481890428433,0.0016585978124439293,13.707317073170731,-0.2332332553676607,-0.9648581173380913,-3.1377730434653572,-0.2651269709800158,-3.6392303422454084,0.27307692307692305,76676.67446323393
3,-90,-30,5,-80,50,80,0.5875,0.7342717347118763,-0.0015751719460000715,0.001995592257620249,15.2625,-0.12730565330625077,-0.8203673441811623,-1.5039754467337,-0.22482828936143417,-3.6488617447172715,0.24423076923076922,87269.43466937492
3,-80,-40,5,-80,50,107,0.616822429906542,0.7200179752436661,-0.0016378586585779013,0.002032959972159576,16.093457943925234,-0.16861468450812978,-0.9025321386093672,-2.04329743097754,-0.24612734164798533,-3.6669316483342227,0.2967948717948718,83138.53154918703
7,-85,-40,7,-80,0,80,0.6125,0.6822110719965244,-0.0021452202355332754,0.0020246756410817746,23.6,-0.16605784989751438,-0.8986846456663322,-1.9800119437905137,-0.24486596774989167,-3.6701084022597086,0.26987179487179486,83394.21501024856
7,-85,-30,7,-80,0,80,0.6125,0.6822110719965244,-0.0021452202355332754,0.0020246756410817746,23.6,-0.16605784989751438,-0.8986846456663322,-1.9800119437905137,-0.24486596774989167,-3.6701084022597086,0.26987179487179486,83394.21501024856
7,-85,-40,7,-50,0,81,0.6049382716049383,0.5980318636854094,-0.002824774269312313,0.002032959972159576,23.45679012345679,-0.21254625176673592,-0.9508416873386709,-2.720951671559691,-0.2570372205897149,-3.699237352307092,0.2775641025641026,78745.3748233264
7,-85,-30,7,-50,0,81,0.6049382716049383,0.5980318636854094,-0.002824774269312313,0.002032959972159576,23.45679012345679,-0.21254625176673592,-0.9508416873386709,-2.720951671559691,-0.2570372205897149,-3.699237352307092,0.2775641025641026,78745.3748233264
7,-85,-40,3,-100,0,60,0.6333333333333333,0.8798694726172477,-0.0008390665402491153,0.002483716074240472,17.633333333333333,-0.06375642496047962,-0.5642190147194173,-0.5703503796121329,-0.15222432881328685,-3.7064969779664394,0.13974358974358975,93624.35750395204
7,-85,-30,3,-100,0,60,0.6333333333333333,0.8798694726172477,-0.0008390665402491153,0.002483716074240472,17.633333333333333,-0.06375642496047962,-0.5642190147194173,-0.5703503796121329,-0.15222432881328685,-3.7064969779664394,0.13974358974358975,93624.35750395204
5,-80,-40,3,-80,0,117,0.6324786324786325,0.735551861148907,-0.0014804298489694736,0.0025626360664072756,14.504273504273504,-0.1662341087859801,-0.8989542995697968,-2.0001918357013246,-0.2422610732208632,-3.7106840468350573,0.28076923076923077,83376.589121402
5,-80,-30,3,-80,0,117,0.6324786324786325,0.735551861148907,-0.0014804298489694736,0.0025626360664072756,14.504273504273504,-0.1662341087859801,-0.8989542995697968,-2.0001918357013246,-0.2422610732208632,-3.7106840468350573,0.28076923076923077,83376.589121402
7,-85,-40,5,-80,50,82,0.5853658536585366,0.6489984912243009,-0.002219128848999682,0.0019521366285372155,22.98780487804878,-0.1734284387031252,-0.9094131337690025,-2.130288439762072,-0.24486596774989167,-3.7139221188053595,0.26794871794871794,82657.15612968749
7,-85,-30,5,-80,50,82,0.5853658536585366,0.6489984912243009,-0.002219128848999682,0.0019521366285372155,22.98780487804878,-0.1734284387031252,-0.9094131337690025,-2.130288439762072,-0.24486596774989167,-3.7139221188053595,0.26794871794871794,82657.15612968749
7,-85,-40,3,-50,50,89,0.6179775280898876,0.5525207005173759,-0.002967154011766318,0.0017066112636343611,20.808988764044944,-0.23977978260218458,-0.9684590790239982,-3.258542837767909,-0.2599480910494585,-3.7255864242516648,0.2467948717948718,76022.02173978154
7,-85,-30,3,-50,50,89,0.6179775280898876,0.5525207005173759,-0.002967154011766318,0.0017066112636343611,20.808988764044944,-0.23977978260218458,-0.9684590790239982,-3.258542837767909,-0.2599480910494585,-3.7255864242516648,0.2467948717948718,76022.02173978154
7,-85,-40,3,-80,50,86,0.627906976744186,0.6309190204657522,-0.0023832630824037375,0.001995592257620249,21.290697674418606,-0.1927457989155088,-0.9327676329050627,-2.5004813286896534,-0.24987722868424156,-3.732903705618404,0.23333333333333334,80725.42010844912
7,-85,-30,3,-80,50,86,0.627906976744186,0.6309190204657522,-0.0023832630824037375,0.001995592257620249,21.290697674418606,-0.1927457989155088,-0.9327676329050627,-2.5004813286896534,-0.24987722868424156,-3.732903705618404,0.23333333333333334,80725.42010844912
3,-80,-40,7,-50,0,110,0.6545454545454545,0.8136168473384799,-0.0009829546049074044,0.002182071690787657,15.554545454545455,-0.11053733650188913,-0.7716515066814874,-1.1302576689512176,-0.20651619989481584,-3.7365180410762444,0.28974358974358977,88946.26634981109
7,-85,-50,3,-80,0,92,0.6521739130434783,0.8498750305000357,-0.0007977695121329231,0.002407385641889026,17.391304347826086,-0.0759810367056043,-0.6307659278984667,-0.6825015166793649,-0.16870768390351676,-3.738809716925515,0.2185897435897436,92401.89632943957
7,-80,-50,3,-50,50,108,0.6574074074074074,0.8033706837578414,-0.001104596897754822,0.002218878027116622,19.537037037037038,-0.12677272370062642,-0.8189793683739778,-1.2860873904648087,-0.21860231600541724,-3.746435002791473,0.2782051282051282,87322.72762993736
7,-85,-40,7,-80,50,80,0.6125,0.6910214139112728,-0.0020591536883902903,0.0020246756410817746,23.6875,-0.15988882574339713,-0.8888187189385818,-1.8790832156242323,-0.23674547425500558,-3.7543219009171374,0.2743589743589744,84011.11742566028
3,-85,-50,5,-50,0,115,0.5826086956521739,0.592676303123182,-0.0023375342365276855,0.0007304936305732035,14.660869565217391,-0.2460988318802163,-0.9716096931333887,-3.3812093826647422,-0.25864803921762325,-3.756493558089139,0.27307692307692305,75390.11681197837
3,-90,-30,5,-80,0,82,0.5853658536585366,0.774842858448282,-0.001223851148755915,0.0019219615084018482,14.731707317073171,-0.10343888866179618,-0.7475801808417984,-1.1324975959037824,-0.19888205770410006,-3.7589121385402215,0.2358974358974359,89656.11113382038
3,-80,-40,7,-50,50,109,0.6605504587155964,0.8108584016452698,-0.0010100781158456688,0.0022410895142870313,15.715596330275229,-0.11232259304797654,-0.7773632315098019,-1.1573416226114133,-0.20651619989481584,-3.7641755557468786,0.29102564102564105,88767.74069520234
5,-80,-40,3,-50,0,122,0.6311475409836066,0.7297802316746449,-0.0015211886011038318,0.002407385641889026,14.073770491803279,-0.17739528494486456,-0.9147442622107723,-2.133640249207552,-0.2422610732208632,-3.775861511918687,0.2935897435897436,82260.47150551355
5,-80,-30,3,-50,0,122,0.6311475409836066,0.7297802316746449,-0.0015211886011038318,0.002407385641889026,14.073770491803279,-0.17739528494486456,-0.9147442622107723,-2.133640249207552,-0.2422610732208632,-3.775861511918687,0.2935897435897436,82260.47150551355
3,-90,-40,5,-80,50,81,0.6049382716049383,0.741945448304012,-0.0014633645202328904,0.002032959972159576,14.753086419753087,-0.12031896363954453,-0.8013685896135794,-1.4195843132234833,-0.21217806162870034,-3.77686827498655,0.22756410256410256,87968.10363604555
7,-85,-40,5,-80,0,84,0.5952380952380952,0.681726555606631,-0.0018771696518359794,0.0019521366285372155,22.273809523809526,-0.1523079323360753,-0.8754853892082346,-1.8073113540253765,-0.23177040336915267,-3.7773821699477472,0.258974358974359,84769.20676639247
7,-85,-30,5,-80,0,84,0.5952380952380952,0.681726555606631,-0.0018771696518359794,0.0019521366285372155,22.273809523809526,-0.1523079323360753,-0.8754853892082346,-1.8073113540253765,-0.23177040336915267,-3.7773821699477472,0.258974358974359,84769.20676639247
7,-85,-30,7,-80,50,80,0.6125,0.6842517532528323,-0.002125087982529926,0.0020246756410817746,23.7375,-0.16437177192535468,-0.8960714684717005,-1.9469967067739002,-0.23674547425500558,-3.784957120263745,0.27692307692307694,83562.82280746453
3,-85,-40,3,-100,50,68,0.6029411764705882,0.569511229695321,-0.003502146964481384,0.0019307612994701184,16.279411764705884,-0.22268334345539043,-0.958250596616141,-3.14302670128928,-0.2528186510871808,-3.7902686075391734,0.17115384615384616,77731.66565446096
5,-85,-40,3,-80,50,98,0.6326530612244898,0.5991532201228713,-0.002460659578983497,0.0019219615084018482,19.153061224489797,-0.2221137943367033,-0.9578632673714922,-2.98854240455092,-0.25266255255479875,-3.7910772992912984,0.26282051282051283,77788.62056632967
5,-85,-30,3,-80,50,98,0.6326530612244898,0.5991532201228713,-0.002460659578983497,0.0019219615084018482,19.153061224489797,-0.2221137943367033,-0.9578632673714922,-2.98854240455092,-0.25266255255479875,-3.7910772992912984,0.26282051282051283,77788.62056632967
7,-85,-40,7,-50,50,81,0.6049382716049383,0.6053543214423686,-0.002739770272134056,0.002032959972159576,23.54320987654321,-0.20672112205899407,-0.9460547296858441,-2.6202481272739244,-0.2490476132359497,-3.7986902078420814,0.28205128205128205,79327.88779410059
7,-85,-30,7,-50,50,81,0.6049382716049383,0.5997287787957216,-0.002804890562642338,0.002032959972159576,23.59259259259259,-0.21095416481103224,-0.9495737711139495,-2.6867191121186265,-0.2490476132359497,-3.812820202433804,0.2846153846153846,78904.58351889678
7,-85,-40,5,-50,50,83,0.5903614457831325,0.6223495737271002,-0.0024887367099331505,0.001958224543080922,22.867469879518072,-0.19396968805874537,-0.9340415502992512,-2.4176982474251547,-0.24486596774989167,-3.8145012917976815,0.2762820512820513,80603.03119412546
7,-85,-30,5,-50,50,83,0.5903614457831325,0.6223495737271002,-0.0024887367099331505,0.001958224543080922,22.867469879518072,-0.19396968805874537,-0.9340415502992512,-2.4176982474251547,-0.24486596774989167,-3.8145012917976815,0.2762820512820513,80603.03119412546
5,-85,-50,7,-50,0,95,0.6210526315789474,0.6811122140485015,-0.0020941074722744184,0.0021230538672882826,20.094736842105263,-0.19311008862524948,-0.9331491612827566,-2.172162220570475,-0.24419381975161758,-3.8213463478801875,0.2833333333333333,80688.99113747505
5,-85,-50,7,-50,50,95,0.6210526315789474,0.6811122140485015,-0.0020941074722744184,0.0021230538672882826,20.094736842105263,-0.19311008862524948,-0.9331491612827566,-2.172162220570475,-0.24419381975161758,-3.8213463478801875,0.2833333333333333,80688.99113747505
3,-80,-30,3,-100,0,82,0.5853658536585366,0.588277954466192,-0.0028978958979955097,0.0013578168393829637,13.963414634146341,-0.22185443044077624,-0.9576857896043308,-3.113341991391736,-0.24966245555982225,-3.8359223354464578,0.1955128205128205,77814.55695592238
3,-80,-30,3,-80,0,143,0.6293706293706294,0.7738790759537013,-0.0011919764882852566,0.0020266602136191914,12.405594405594405,-0.16574966219113918,-0.8982115647558017,-1.9046802737796136,-0.23399256291692994,-3.8386329614872294,0.3301282051282051,83425.03378088608
3,-85,-40,5,-50,0,111,0.5945945945945946,0.6427700646129022,-0.0020549054859220887,0.00183222091349311,15.567567567567568,-0.2148332708244931,-0.9526117287943684,-2.732073255092018,-0.2479876127864743,-3.84136819613889,0.3,78516.67291755069
3,-85,-50,5,-50,50,114,0.5877192982456141,0.6065003135986948,-0.0022780176659452965,0.001121771412605277,14.81578947368421,-0.23922833245822872,-0.968169398350259,-3.2536452241838427,-0.2518919040192287,-3.843590774066132,0.275,76077.16675417713
3,-80,-40,3,-80,50,142,0.6267605633802817,0.7664450663751651,-0.0012775661708862582,0.002407385641889026,12.556338028169014,-0.17576605453862026,-0.912590674456346,-2.032490563498022,-0.23640973395072773,-3.8602076962133345,0.33589743589743587,82423.39454613798
7,-85,-40,3,-80,0,91,0.6373626373626373,0.7271123460996735,-0.0015765073090425643,0.0022410895142870313,17.626373626373628,-0.13871946969290472,-0.8478408166923115,-1.627660337637069,-0.21960293589773583,-3.860789990016946,0.22115384615384615,86128.05303070953
7,-85,-30,3,-80,0,91,0.6373626373626373,0.7271123460996735,-0.0015765073090425643,0.0022410895142870313,17.626373626373628,-0.13871946969290472,-0.8478408166923115,-1.627660337637069,-0.21960293589773583,-3.860789990016946,0.22115384615384615,86128.05303070953
5,-80,-40,3,-100,0,75,0.64,0.687633346045655,-0.0021285342077513054,0.0026890756302520025,17.653333333333332,-0.15807452581311188,-0.8857531995374985,-2.011501395655398,-0.22874838890165905,-3.8721724065050864,0.17564102564102563,84192.54741868882
5,-80,-30,3,-100,0,75,0.64,0.687633346045655,-0.0021285342077513054,0.0026890756302520025,17.653333333333332,-0.15807452581311188,-0.8857531995374985,-2.011501395655398,-0.22874838890165905,-3.8721724065050864,0.17564102564102563,84192.54741868882
3,-85,-40,5,-80,0,103,0.6116504854368932,0.7030694714029228,-0.001653250225357368,0.0018856984737227744,16.349514563106798,-0.16738859122693828,-0.9007042384567642,-2.058988740589527,-0.23260077019814596,-3.872318383509564,0.2717948717948718,83261.14087730617
5,-85,-40,3,-100,50,63,0.6349206349206349,0.5918482379851413,-0.003149622581951035,0.002404796082073668,20.92063492063492,-0.18727468873164532,-0.9267911046901123,-2.5371986715175385,-0.23932636156130904,-3.8724990370636334,0.1737179487179487,81272.53112683547
5,-85,-30,3,-100,50,63,0.6349206349206349,0.5918482379851413,-0.003149622581951035,0.002404796082073668,20.92063492063492,-0.18727468873164532,-0.9267911046901123,-2.5371986715175385,-0.23932636156130904,-3.8724990370636334,0.1737179487179487,81272.53112683547
7,-85,-50,5,-80,0,85,0.611764705882353,0.8089525245862421,-0.0010307633029126805,0.002032959972159576,21.96470588235294,-0.09055932649909326,-0.6978490829185577,-0.8791939731157048,-0.18020388765909234,-3.8725528732140377,0.2564102564102564,90944.06735009067
5,-80,-50,3,-80,0,119,0.6386554621848739,0.7605053218812118,-0.0013218330533782338,0.0025626360664072756,14.193277310924369,-0.15315898593484878,-0.877052353468593,-1.808631951374918,-0.2263058047651203,-3.8755185903378555,0.27564102564102566,84684.10140651512
3,-80,-50,5,-100,0,108,0.6388888888888888,0.7544184224647342,-0.0012638394673282535,0.0019873079265424476,15.12962962962963,-0.13334336493137833,-0.8354224060355122,-1.5659974079183103,-0.2153348433278922,-3.8796434108130256,0.2403846153846154,86665.66350686217
3,-90,-30,3,-80,50,92,0.5869565217391305,0.5908743006857461,-0.0025354689122441677,0.001956179343670983,13.25,-0.216478187170685,-0.9538483255156928,-2.9958448730566665,-0.24574267496749336,-3.881492401113755,0.24294871794871795,78352.1812829315
3,-90,-40,5,-80,0,83,0.6024096385542169,0.7829286350848033,-0.0011267451908586294,0.001958224543080922,14.301204819277109,-0.09684234438110917,-0.7231379514275297,-1.0521488934993881,-0.1858084067029896,-3.891847329509955,0.22243589743589742,90315.76556188909
3,-80,-50,5,-100,50,107,0.6355140186915887,0.7525992840414173,-0.0012879961404592677,0.002016391310003973,15.280373831775702,-0.13449186015696613,-0.838151159425442,-1.5844928454614244,-0.2153348433278922,-3.892315551316431,0.24102564102564103,86550.81398430339
5,-80,-50,3,-100,0,76,0.6447368421052632,0.7232306357780504,-0.0018673648977491587,0.002625855848329639,17.30263157894737,-0.14343220253406685,-0.8580110535029587,-1.7940399820333812,-0.2197737060262951,-3.9040660005082723,0.16987179487179488,85656.77974659331
3,-80,-40,3,-80,0,145,0.6344827586206897,0.8084806054641153,-0.000974784289101172,0.002032959972159576,12.206896551724139,-0.14085995881168623,-0.8525404182556866,-1.5284118096737371,-0.21786318924240244,-3.913191674189252,0.32756410256410257,85914.00411883138
5,-80,-50,3,-80,50,116,0.6293103448275862,0.7367363769709856,-0.0014895171749824822,0.00248630563405583,14.689655172413794,-0.17083054250108165,-0.9057572387832171,-2.085085980441382,-0.23142791855622813,-3.91377688756749,0.28717948717948716,82916.94574989183
3,-80,-40,5,-80,0,110,0.6090909090909091,0.7467839421995336,-0.001378471129646616,0.0019160112775771232,15.6,-0.14759148624382423,-0.8664630353424259,-1.719097588763855,-0.2208940231905584,-3.9225282007515214,0.29294871794871796,85240.85137561758
3,-85,-40,7,-50,0,98,0.6326530612244898,0.7436534967497695,-0.001435343974235286,0.0019521366285372155,17.071428571428573,-0.14327765098727951,-0.857687705609296,-1.6700060960153134,-0.21843898624089275,-3.926440606455868,0.26474358974358975,85672.23490127205
7,-85,-50,7,-80,0,82,0.6219512195121951,0.8003559287500434,-0.0012122499200717463,0.0020926389264771528,22.9390243902439,-0.10335351811570237,-0.7472769728292105,-1.0413350659249752,-0.18985958572722894,-3.935945451302219,0.2653846153846154,89664.64818842977
3,-80,-40,5,-50,50,119,0.6218487394957983,0.6990777161676655,-0.0017571326282904223,0.0022504822461955065,14.882352941176471,-0.19706203307989523,-0.9371619420315795,-2.394076409276783,-0.23761617068147312,-3.944015844308234,0.3282051282051282,80293.79669201048
3,-85,-40,7,-50,50,98,0.6326530612244898,0.740332557055311,-0.0014604606832096534,0.0019521366285372155,17.102040816326532,-0.14540492051801823,-0.8620793267557487,-1.7039531425602759,-0.21843898624089275,-3.946545173053745,0.26666666666666666,85459.50794819818
5,-90,-50,3,-50,50,87,0.6206896551724138,0.7341575128248083,-0.0014808331552011323,0.001958224543080922,13.666666666666666,-0.13031717407992838,-0.8280282257942078,-1.5556627811181503,-0.20971305238313342,-3.948386694984768,0.22371794871794873,86968.28259200716
3,-80,-40,3,-100,0,82,0.5853658536585366,0.598917600195824,-0.0027728588390175477,0.0013578168393829637,13.890243902439025,-0.2136633662909293,-0.951713746491377,-2.9912729847449313,-0.24093113958728252,-3.9501483623979543,0.19166666666666668,78633.66337090707
5,-85,-50,3,-50,50,105,0.6190476190476191,0.6207359873962696,-0.002303614653913578,0.00183222091349311,15.980952380952381,-0.2232275865619756,-0.9586176508104206,-2.949982297821965,-0.24257593383442755,-3.9518250456977895,0.26987179487179486,77677.24134380244
5,-80,-50,3,-50,0,124,0.6370967741935484,0.7535962554571206,-0.0013683294383649103,0.002407385641889026,13.78225806451613,-0.16449519174051985,-0.8962648359122969,-1.945729578691755,-0.2263058047651203,-3.960414700111285,0.28846153846153844,83550.48082594802
5,-80,-50,3,-100,50,73,0.6301369863013698,0.6765290700669657,-0.0022843376470610076,0.0025626360664072756,18.19178082191781,-0.16435111786724632,-0.8960390764231183,-2.1381599344910147,-0.22493906449112666,-3.9834747176983347,0.18076923076923077,83564.88821327536
7,-85,-50,7,-80,50,82,0.6219512195121951,0.8115788388194106,-0.0011282825570054196,0.0020926389264771528,23.024390243902438,-0.0967206433967952,-0.7226672097298329,-0.9393812307053666,-0.18114756947172628,-3.9893839693092192,0.26987179487179486,90327.93566032048
7,-85,-40,5,-50,0,85,0.6,0.6198002629909284,-0.002343720570384842,0.001958224543080922,22.152941176470588,-0.187090447990643,-0.9265815843107479,-2.331821411439862,-0.23177040336915267,-3.997842566787674,0.26666666666666666,81290.9552009357
7,-85,-30,5,-50,0,85,0.6,0.6198002629909284,-0.002343720570384842,0.001958224543080922,22.152941176470588,-0.187090447990643,-0.9265815843107479,-2.331821411439862,-0.23177040336915267,-3.997842566787674,0.26666666666666666,81290.9552009357
5,-85,-40,3,-100,0,66,0.6363636363636364,0.6543005266231497,-0.002428450853347429,0.002625855848329639,16.484848484848484,-0.15766399927615404,-0.8850488469309543,-2.0600376184255773,-0.22085065767794232,-4.0074539792477575,0.15897435897435896,84233.6000723846
5,-85,-30,3,-100,0,66,0.6363636363636364,0.6543005266231497,-0.002428450853347429,0.002625855848329639,16.484848484848484,-0.15766399927615404,-0.8850488469309543,-2.0600376184255773,-0.22085065767794232,-4.0074539792477575,0.15897435897435896,84233.6000723846
3,-80,-50,3,-100,50,83,0.5662650602409639,0.5787306231517675,-0.0027101451658017336,0.0010810910642777838,13.542168674698795,-0.21054079944775805,-0.9492396850699487,-2.9713107875034757,-0.23682494969783496,-4.008191224282256,0.18205128205128204,78945.9200552242
3,-90,-40,5,-50,50,88,0.6363636363636364,0.7365334560925749,-0.0014904668361469039,0.00248630563405583,13.954545454545455,-0.13196058007001887,-0.8320808160199347,-1.5522441722571243,-0.20754025167436707,-4.009250298710626,0.24871794871794872,86803.94199299811
5,-85,-50,3,-100,0,67,0.6417910447761194,0.701539498303081,-0.0020729171991684106,0.0025626360664072756,16.119402985074625,-0.13987692785332517,-0.8503989506885693,-1.785683610091967,-0.2117840727149226,-4.015405595836617,0.15384615384615385,86012.30721466748
3,-80,-50,7,-80,0,104,0.6346153846153846,0.8221753592911997,-0.0009570126348224261,0.0021287404121455022,15.75,-0.10154652795015218,-0.7407799455672188,-1.0723461746425755,-0.1839877270508019,-4.026246518946765,0.24294871794871795,89845.34720498478
3,-80,-50,7,-80,50,104,0.6346153846153846,0.8221753592911997,-0.0009570126348224261,0.0021287404121455022,15.75,-0.10154652795015218,-0.7407799455672188,-1.0723461746425755,-0.1839877270508019,-4.026246518946765,0.24294871794871795,89845.34720498478
5,-85,-40,3,-80,0,101,0.6336633663366337,0.6353238604721388,-0.002102447816425319,0.002032959972159576,16.287128712871286,-0.19669896295125466,-0.9368027551882749,-2.5872020382982117,-0.23253402299470294,-4.028669624872981,0.24743589743589745,80330.10370487453
5,-85,-30,3,-80,0,101,0.6336633663366337,0.6353238604721388,-0.002102447816425319,0.002032959972159576,16.287128712871286,-0.19669896295125466,-0.9368027551882749,-2.5872020382982117,-0.23253402299470294,-4.028669624872981,0.24743589743589745,80330.10370487453
3,-85,-50,5,-100,0,97,0.6288659793814433,0.6970291453497891,-0.0016255617625541834,0.0018737980120733244,16.556701030927837,-0.1555870802138356,-0.8814237354376908,-1.94864654405698,-0.2182651008453339,-4.038317312405713,0.22179487179487178,84441.29197861644
10,-85,-40,3,-50,50,83,0.6385542168674698,0.8130759335784953,-0.0011363485573044735,0.0024709042076991317,19.156626506024097,-0.0997510244267561,-0.7341722191849087,-1.0199566432373466,-0.18172200988224319,-4.040084190465735,0.21346153846153845,90024.8975573244
10,-85,-30,3,-50,50,83,0.6385542168674698,0.8130759335784953,-0.0011363485573044735,0.0024709042076991317,19.156626506024097,-0.0997510244267561,-0.7341722191849087,-1.0199566432373466,-0.18172200988224319,-4.040084190465735,0.21346153846153845,90024.8975573244
3,-85,-50,5,-80,50,105,0.6,0.6254422699922553,-0.002115549948171548,0.0016585978124439293,15.714285714285714,-0.20886737504245756,-0.9478662757834712,-2.821111554128735,-0.2342099685745238,-4.0470791296907045,0.25,79113.26249575424
7,-85,-40,10,-50,0,76,0.5921052631578947,0.7924472571838924,-0.001407240977382185,0.002223202528053747,24.69736842105263,-0.1115176572404768,-0.7748044157307408,-1.1619642261790724,-0.19094918756349333,-4.057647092492118,0.26282051282051283,88848.23427595232
3,-80,-50,3,-100,0,84,0.5714285714285714,0.5853621103791183,-0.0026188121537131593,0.0011308258301082619,13.357142857142858,-0.20660183079483396,-0.9459523616809651,-2.900752809999685,-0.2330171245464766,-4.059583017866523,0.18076923076923077,79339.8169205166
3,-85,-30,3,-100,0,71,0.6056338028169014,0.6150395804587764,-0.002743351827372734,0.0018348623853210455,15.549295774647888,-0.18696190972249327,-0.9264350825431639,-2.5350312906132357,-0.22781217085594296,-4.0666619305822564,0.16923076923076924,81303.80902775067
3,-85,-50,7,-80,0,95,0.631578947368421,0.7763872914117481,-0.0012084180332882365,0.001946048713993509,16.894736842105264,-0.11928627255357516,-0.7984085095728728,-1.3763850365619485,-0.1962490233556039,-4.068343861901182,0.22115384615384615,88071.37274464249
3,-85,-50,7,-80,50,95,0.631578947368421,0.7763872914117481,-0.0012084180332882365,0.001946048713993509,16.894736842105264,-0.11928627255357516,-0.7984085095728728,-1.3763850365619485,-0.1962490233556039,-4.068343861901182,0.22115384615384615,88071.37274464249
3,-85,-50,5,-100,50,97,0.6185567010309279,0.6906230909140588,-0.0016750135191865461,0.0018737980120733244,16.628865979381445,-0.1596372997824963,-0.888398300671914,-2.015970908968717,-0.2182651008453339,-4.070271872283637,0.22628205128205128,84036.27002175037
3,-85,-50,5,-80,0,106,0.5943396226415094,0.6097632985021052,-0.0021816726923410833,0.0011745855811501338,15.537735849056604,-0.2160120630932757,-0.9535009597087347,-2.951683323701297,-0.2342099685745238,-4.071137388011468,0.24807692307692308,78398.79369067244
5,-80,-50,3,-50,50,119,0.6218487394957983,0.6820391780844945,-0.0018748816787681085,0.0022381229719610207,14.487394957983193,-0.21251007955527934,-0.9508132091873132,-2.699365996869375,-0.23353084470793806,-4.071467348891038,0.3,78748.99204447206
5,-85,-40,3,-50,0,106,0.6226415094339622,0.6372697898538191,-0.002131497398363465,0.0019219615084018482,15.726415094339623,-0.20861170597271605,-0.947653456272554,-2.7207113298758636,-0.23263444193372151,-4.073573321282084,0.26153846153846155,79138.8294027284
5,-85,-30,3,-50,0,106,0.6226415094339622,0.6372697898538191,-0.002131497398363465,0.0019219615084018482,15.726415094339623,-0.20861170597271605,-0.947653456272554,-2.7207113298758636,-0.23263444193372151,-4.073573321282084,0.26153846153846155,79138.8294027284
3,-90,-50,7,-50,0,80,0.625,0.7848675642983892,-0.0011218615529093924,0.0019158735938581417,14.2375,-0.09371917732763413,-0.7108216668117662,-1.039535410382609,-0.17400812639516106,-4.084991210108985,0.19166666666666668,90628.08226723659
3,-90,-50,7,-50,50,80,0.625,0.7848675642983892,-0.0011218615529093924,0.0019158735938581417,14.2375,-0.09371917732763413,-0.7108216668117662,-1.039535410382609,-0.17400812639516106,-4.084991210108985,0.19166666666666668,90628.08226723659
7,-85,-50,5,-50,0,86,0.6162790697674418,0.7348891116874497,-0.0015017311450705483,0.0020780069197239293,21.848837209302324,-0.12787551202164993,-0.8218406539592955,-1.425668781134057,-0.20088971828145963,-4.091004064268949,0.2641025641025641,87212.44879783501
7,-85,-30,10,-50,0,76,0.5921052631578947,0.7844176350399547,-0.00147664549752917,0.002223202528053747,24.75,-0.11625871848125269,-0.7894947228856575,-1.2318795958478206,-0.19094918756349333,-4.134580162186547,0.2653846153846154,88374.12815187473
3,-80,-50,5,-50,0,127,0.6062992125984252,0.6699170652805219,-0.0017987070957812277,0.0018737980120733244,13.543307086614174,-0.2113044300475755,-0.9498552732478243,-2.740993919027476,-0.22880582995395093,-4.151359576104291,0.2955128205128205,78869.55699524246
7,-85,-50,5,-80,50,83,0.6024096385542169,0.7609998943011719,-0.0013867744297257326,0.002032959972159576,22.650602409638555,-0.1159991803371695,-0.7887139432505559,-1.2575526246949282,-0.18985958572722894,-4.154196061418254,0.26474358974358975,88400.08196628305
3,-80,-50,5,-80,50,113,0.6106194690265486,0.6704013818309389,-0.0018093009333289853,0.00183222091349311,14.84070796460177,-0.1908426185793326,-0.9307415900706643,-2.485462999529476,-0.22252777003863866,-4.182586244894535,0.26794871794871794,80915.73814206674
3,-80,-50,3,-80,50,148,0.6216216216216216,0.7752212288268994,-0.0011054963109361905,0.002407385641889026,11.824324324324325,-0.15872612442934375,-0.8868630122559604,-1.8392095961245996,-0.21194328995306144,-4.184435432951767,0.31474358974358974,84127.38755706562
3,-85,-40,3,-100,0,71,0.6197183098591549,0.6356899527043777,-0.0025951052509769618,0.0020266602136191914,15.464788732394366,-0.17840355327319257,-0.9160524509273305,-2.407751010884118,-0.2188265936628988,-4.186202579831336,0.16538461538461538,82159.64467268075
7,-85,-50,3,-50,50,90,0.6333333333333333,0.6493693442224497,-0.0021556593004506434,0.0018891348137433095,20.533333333333335,-0.18440290655948788,-0.9234618480683352,-2.362631487489131,-0.22010495954287457,-4.195552203758738,0.24423076923076922,81559.70934405121
3,-90,-30,3,-80,0,95,0.6105263157894737,0.6689105172130595,-0.001799427245149246,0.002032959972159576,12.642105263157895,-0.16481821614075975,-0.8967693660312174,-2.1523793953136643,-0.2129759990233907,-4.210659276835823,0.23141025641025642,83518.17838592402
7,-85,-40,3,-100,50,56,0.625,0.7587802611189822,-0.0019088312856334294,0.002181510312577295,22.928571428571427,-0.11303142267702349,-0.7795943407270662,-1.3519454433531664,-0.18511247007802578,-4.211463119683204,0.1519230769230769,88696.85773229765
7,-85,-30,3,-100,50,56,0.625,0.7587802611189822,-0.0019088312856334294,0.002181510312577295,22.928571428571427,-0.11303142267702349,-0.7795943407270662,-1.3519454433531664,-0.18511247007802578,-4.211463119683204,0.1519230769230769,88696.85773229765
7,-85,-50,3,-50,0,95,0.6210526315789474,0.7503926916794493,-0.001388008865538017,0.002032959972159576,17.05263157894737,-0.12923809937959452,-0.8253184907299319,-1.4786918372550164,-0.19566519130720683,-4.218013869590781,0.23141025641025642,87076.19006204055
3,-80,-50,5,-80,0,114,0.6052631578947368,0.6545089504438896,-0.001881237796443738,0.001574609452282827,14.692982456140351,-0.19886200379613617,-0.9389150660288164,-2.62703865617553,-0.22252777003863866,-4.219316384044057,0.26666666666666666,80113.79962038639
3,-90,-40,5,-50,0,90,0.6333333333333333,0.7740227728781923,-0.001179548123625418,0.002407385641889026,13.555555555555555,-0.10879464819166151,-0.7659461352014012,-1.1940259763041008,-0.18101536186352574,-4.231387476267769,0.24358974358974358,89120.53518083385
7,-85,-40,10,-50,50,75,0.5866666666666667,0.7690591174654696,-0.0015953999518691683,0.0021523178807947296,25.04,-0.12272320952220994,-0.8081056957623844,-1.3320398596823335,-0.19094918756349333,-4.232045739883956,0.26346153846153847,87727.679047779
5,-85,-50,3,-100,50,65,0.6307692307692307,0.6761065694836288,-0.0023324799254229845,0.002404796082073668,16.846153846153847,-0.1477173929322575,-0.8667115083784841,-1.903918861704109,-0.2047175344735449,-4.233694542127689,0.16538461538461538,85228.26070677425
3,-90,-40,3,-80,50,93,0.6021505376344086,0.6347785524015324,-0.0021394924597796334,0.002032959972159576,13.0,-0.18888040628454694,-0.9285939745611491,-2.5287441888255318,-0.21917566936895705,-4.236756649288329,0.23653846153846153,81111.95937154531
3,-80,-50,3,-80,0,149,0.6241610738255033,0.7647524483995464,-0.0011575467958933475,0.0020266602136191914,11.704697986577182,-0.1662193891855126,-0.8989318057471898,-1.9605276151703717,-0.21194328995306144,-4.241378936536627,0.3108974358974359,83378.06108144874
7,-85,-40,3,-50,0,94,0.6063829787234043,0.642668571389844,-0.0021481724705612344,0.0019521366285372155,17.27659574468085,-0.18836051928664355,-0.9280147803310546,-2.3953645012849196,-0.21857024033034012,-4.245842338501721,0.23397435897435898,81163.94807133565
7,-85,-30,3,-50,0,94,0.6063829787234043,0.642668571389844,-0.0021481724705612344,0.0019521366285372155,17.27659574468085,-0.18836051928664355,-0.9280147803310546,-2.3953645012849196,-0.21857024033034012,-4.245842338501721,0.23397435897435898,81163.94807133565
5,-85,-50,3,-80,0,103,0.6407766990291263,0.6700935976981902,-0.0018705188484754475,0.002077427108940544,15.902912621359222,-0.1811144102439569,-0.9194785951895522,-2.3442268854491104,-0.21637393769221247,-4.249488662989957,0.24294871794871795,81888.5589756043
3,-80,-50,5,-50,50,126,0.6111111111111112,0.6839748723288585,-0.0017335542490716457,0.0021043533946382142,13.666666666666666,-0.2034095934224186,-0.9431456528571339,-2.603209351407209,-0.221086182208048,-4.265963813014821,0.2967948717948718,79659.04065775815
3,-90,-50,5,-80,50,84,0.5952380952380952,0.7256042229499304,-0.0014353894673700513,0.0018797482428980494,13.797619047619047,-0.12022544091055976,-0.8011021757035257,-1.4721900166505075,-0.18751572636023295,-4.272186612042039,0.20448717948717948,87977.45590894403
7,-85,-50,3,-80,50,87,0.6436781609195402,0.7398391900401557,-0.0015504971848284712,0.002077427108940544,21.0,-0.1339428168251111,-0.8368519064058714,-1.577342817121835,-0.19523588296188799,-4.286363212080401,0.23076923076923078,86605.71831748889
5,-85,-50,3,-80,50,101,0.6336633663366337,0.664040973208041,-0.0019409715558477445,0.002032959972159576,16.386138613861387,-0.18562285589002703,-0.9248928043399685,-2.403227232760883,-0.21558468652870344,-4.2901600258923125,0.2551282051282051,81437.7144109973
7,-85,-30,10,-50,50,75,0.5866666666666667,0.7613085758357315,-0.001665729865618113,0.0021523178807947296,25.093333333333334,-0.12740447642938135,-0.8206236422384524,-1.4016455890875852,-0.19094918756349333,-4.297602166888421,0.266025641025641,87259.55235706187
3,-80,-40,5,-50,0,122,0.6147540983606558,0.7224182916169922,-0.0015203081394477896,0.0020780069197239293,14.467213114754099,-0.17675818147468048,-0.9139079958628673,-2.08241432171117,-0.2120979697773031,-4.308895539275765,0.3243589743589744,82324.18185253195
3,-90,-30,3,-100,50,50,0.64,0.7591317511905038,-0.0016860957078878847,0.002625855848329639,16.68,-0.08788566929304287,-0.6864563337950993,-0.9962494481279514,-0.1589453763232308,-4.318819141987018,0.13076923076923078,91211.43307069571
5,-85,-50,3,-50,0,108,0.6296296296296297,0.6696928766674668,-0.0019104722052320612,0.001995592257620249,15.37037037037037,-0.1932582680815884,-0.9333037816686047,-2.483102219911201,-0.2157274466038327,-4.326309870911082,0.257051282051282,80674.17319184115
7,-85,-50,7,-50,0,83,0.6144578313253012,0.7024574441117416,-0.001890744227132389,0.0021230538672882826,22.819277108433734,-0.1536238708307699,-0.8779006145279161,-1.806393024352161,-0.20291743161518516,-4.326393289822318,0.27371794871794874,84637.61291692301
3,-90,-40,3,-100,50,50,0.64,0.7569202708027906,-0.0017015762355549024,0.002625855848329639,16.62,-0.08858277911185974,-0.6894643032769248,-1.0089494218480095,-0.1589453763232308,-4.337743690479127,0.12884615384615383,91141.72208881403
3,-85,-50,3,-100,0,72,0.6111111111111112,0.6338246089357108,-0.002376728436133582,0.0019307612994701184,14.944444444444445,-0.16627192519578504,-0.8990120677536089,-2.228823756879964,-0.20498163612790066,-4.385817601693158,0.15128205128205127,83372.8074804215
3,-90,-50,5,-80,0,85,0.5882352941176471,0.7045391685897612,-0.001525850306932077,0.0016585978124439293,13.6,-0.12817065083042278,-0.8225993234744858,-1.6086961714588375,-0.18751572636023295,-4.386828451359891,0.20256410256410257,87182.93491695772
3,-85,-50,3,-100,50,71,0.6056338028169014,0.625949966764245,-0.002480088383820513,0.0020266602136191914,15.183098591549296,-0.1704111189564751,-0.9051544266429847,-2.300453829734623,-0.20498163612790066,-4.415783012280198,0.15256410256410258,82958.88810435249
3,-90,-40,3,-80,0,96,0.6145833333333334,0.7008615792602224,-0.0015768970398460519,0.00205519354055006,12.489583333333334,-0.14816806953416906,-0.8675974204477678,-1.8801845271885125,-0.19640409177022822,-4.4174101090661795,0.23012820512820512,85183.1930465831
7,-85,-50,7,-50,50,83,0.6144578313253012,0.7117490217438038,-0.0018077885190427648,0.0021230538672882826,22.903614457831324,-0.14736286725435888,-0.866010772178816,-1.7046687322793714,-0.19434583566662356,-4.456029475539426,0.2782051282051282,85263.71327456411
7,-85,-50,5,-50,50,84,0.6071428571428571,0.7262505037670515,-0.0016625296573359104,0.0020780069197239293,22.535714285714285,-0.1379676124941831,-0.8461576017980303,-1.5632697854182354,-0.18985958572722894,-4.456754704045884,0.27307692307692305,86203.23875058169
3,-85,-50,7,-50,0,102,0.5980392156862745,0.647780057950158,-0.0019302280547602128,0.0009137555571446798,16.029411764705884,-0.18850830142664843,-0.9281798594885614,-2.485012937698028,-0.20757841810980482,-4.471466099127766,0.2403846153846154,81149.16985733516
3,-85,-50,7,-50,50,102,0.5980392156862745,0.647780057950158,-0.0019302280547602128,0.0009137555571446798,16.029411764705884,-0.18850830142664843,-0.9281798594885614,-2.485012937698028,-0.20757841810980482,-4.471466099127766,0.2403846153846154,81149.16985733516
3,-90,-50,3,-80,50,97,0.5979381443298969,0.6975084221334144,-0.0014838772836354222,0.0018856984737227744,12.216494845360824,-0.1406302711926719,-0.8520426013342198,-1.786061826825203,-0.19032177115749616,-4.476853048141995,0.22115384615384615,85936.9728807328
3,-90,-50,3,-80,0,98,0.6020408163265306,0.692053875421987,-0.0015117957197393638,0.0018797482428980494,12.051020408163266,-0.14432952338348548,-0.8598750742763672,-1.8510814496441539,-0.19032177115749616,-4.518006894570136,0.2185897435897436,85567.04766165145
3,-80,-50,7,-50,0,114,0.6140350877192983,0.7142834134818392,-0.0014863958215788693,0.0013466334564637972,14.657894736842104,-0.1617914798134762,-0.8919520283795355,-1.9937620534526304,-0.19548995278135184,-4.5626489529983685,0.2641025641025641,83820.85201865238
3,-80,-50,7,-50,50,114,0.6140350877192983,0.7142834134818392,-0.0014863958215788693,0.0013466334564637972,14.657894736842104,-0.1617914798134762,-0.8919520283795355,-1.9937620534526304,-0.19548995278135184,-4.5626489529983685,0.2641025641025641,83820.85201865238
3,-90,-50,5,-50,50,91,0.6153846153846154,0.6942506675821896,-0.0016260851386330525,0.001958224543080922,13.054945054945055,-0.14497252505047087,-0.8611969076175907,-1.829469564092868,-0.1821487912081029,-4.727985851049009,0.2230769230769231,85502.74749495291
3,-90,-50,5,-50,0,92,0.6086956521739131,0.6754001168490656,-0.0017075670749839976,0.0018797482428980494,12.880434782608695,-0.15269424501331652,-0.8761989349075587,-1.9632974652807333,-0.1821487912081029,-4.81034723917828,0.22115384615384615,84730.57549866835
